step,loss,temporal,spectral,lr
0,0.7434536814689636,0.6912766098976135,0.5217705368995667,1.0000000000000002e-06
1,0.7458781003952026,0.6928284168243408,0.5304967164993286,2.0000000000000003e-06
2,0.74689120054245,0.6943120360374451,0.525791585445404,3e-06
3,0.7354196310043335,0.6830434203147888,0.5237619280815125,4.000000000000001e-06
4,0.7298018932342529,0.6777657270431519,0.5203615427017212,5e-06
5,0.7374564409255981,0.6850367188453674,0.524196982383728,6e-06
6,0.7173038721084595,0.6667687296867371,0.5053514242172241,7.000000000000001e-06
7,0.7045145630836487,0.6542857885360718,0.5022875666618347,8.000000000000001e-06
8,0.7697303295135498,0.7157105207443237,0.5401979684829712,9e-06
9,0.7535737156867981,0.7000657916069031,0.5350791215896606,1e-05
10,0.7449497580528259,0.6921850442886353,0.5276468992233276,1.1000000000000001e-05
11,0.7184933423995972,0.6671097278594971,0.5138363242149353,1.2e-05
12,0.7352020144462585,0.6824049353599548,0.5279710292816162,1.3000000000000001e-05
13,0.7117994427680969,0.6619465351104736,0.4985288977622986,1.4000000000000001e-05
14,0.7459988594055176,0.6931304335594177,0.5286844372749329,1.5e-05
15,0.7425723075866699,0.6891729235649109,0.5339936017990112,1.6000000000000003e-05
16,0.7361845970153809,0.684023380279541,0.521612286567688,1.7000000000000003e-05
17,0.7416908740997314,0.6891952157020569,0.5249562859535217,1.8e-05
18,0.7296159267425537,0.6777443885803223,0.5187155604362488,1.9e-05
19,0.6987891793251038,0.6490452885627747,0.49743881821632385,2e-05
20,0.6939266324043274,0.6447393894195557,0.49187225103378296,2.1e-05
21,0.6866124272346497,0.6378623843193054,0.4875003397464752,2.2000000000000003e-05
22,0.7148356437683105,0.6640107035636902,0.5082494020462036,2.3000000000000003e-05
23,0.7182968854904175,0.6660776734352112,0.5221922397613525,2.4e-05
24,0.735744833946228,0.682755708694458,0.5298914909362793,2.5e-05
25,0.6899650692939758,0.6398720145225525,0.5009306073188782,2.6000000000000002e-05
26,0.6831692457199097,0.6332694888114929,0.4989975094795227,2.7000000000000002e-05
27,0.7057988047599792,0.6553173065185547,0.5048152208328247,2.8000000000000003e-05
28,0.6829751133918762,0.6337883472442627,0.49186769127845764,2.9e-05
29,0.6896940469741821,0.6407560110092163,0.4893800914287567,3e-05
30,0.687956690788269,0.6387978792190552,0.49158793687820435,3.1e-05
31,0.6853853464126587,0.6364484429359436,0.48936906456947327,3.2000000000000005e-05
32,0.6952626705169678,0.6454783082008362,0.4978433847427368,3.3e-05
33,0.6751950979232788,0.6268666386604309,0.4832843542098999,3.4000000000000007e-05
34,0.7047104239463806,0.6541147232055664,0.5059568881988525,3.5e-05
35,0.6827545166015625,0.633597195148468,0.4915729761123657,3.6e-05
36,0.6508430242538452,0.603667676448822,0.47175371646881104,3.7e-05
37,0.6626873016357422,0.6148923635482788,0.4779491722583771,3.8e-05
38,0.6904610395431519,0.6406211256980896,0.49839892983436584,3.9000000000000006e-05
39,0.6896288394927979,0.6404170393943787,0.492117702960968,4e-05
40,0.6486998200416565,0.6017428636550903,0.46956968307495117,4.1e-05
41,0.6568031907081604,0.6090499758720398,0.47753188014030457,4.2e-05
42,0.6723155975341797,0.623367428779602,0.48948192596435547,4.3e-05
43,0.6534777283668518,0.6059750914573669,0.4750262200832367,4.4000000000000006e-05
44,0.6086089611053467,0.5648419857025146,0.43766969442367554,4.5e-05
45,0.6864212155342102,0.636337161064148,0.5008405447006226,4.600000000000001e-05
46,0.6711387634277344,0.6222951412200928,0.48843613266944885,4.7e-05
47,0.651646077632904,0.6045387983322144,0.4710726737976074,4.8e-05
48,0.6433422565460205,0.5965149402618408,0.4682731330394745,4.9e-05
49,0.6279845833778381,0.5817057490348816,0.46278825402259827,5e-05
50,0.6211941242218018,0.5760325193405151,0.4516161382198334,5.1000000000000006e-05
51,0.6268517374992371,0.5812051296234131,0.45646601915359497,5.2000000000000004e-05
52,0.6454692482948303,0.5976706743240356,0.4779854714870453,5.300000000000001e-05
53,0.6020077466964722,0.5582990646362305,0.4370870590209961,5.4000000000000005e-05
54,0.6388436555862427,0.5926980376243591,0.46145591139793396,5.500000000000001e-05
55,0.6237940192222595,0.5782737135887146,0.455203115940094,5.6000000000000006e-05
56,0.6149308085441589,0.5695191621780396,0.45411649346351624,5.6999999999999996e-05
57,0.6082834005355835,0.5645202994346619,0.4376308023929596,5.8e-05
58,0.6010193824768066,0.5576256513595581,0.43393751978874207,5.9e-05
59,0.6148899793624878,0.5702137351036072,0.4467626214027405,6e-05
60,0.6233879327774048,0.577560544013977,0.4582741856575012,6.1e-05
61,0.593636691570282,0.5496158599853516,0.4402085244655609,6.2e-05
62,0.5932716131210327,0.5502508282661438,0.43020808696746826,6.3e-05
63,0.6014645099639893,0.5572476983070374,0.4421679675579071,6.400000000000001e-05
64,0.5997506380081177,0.5554775595664978,0.442730575799942,6.500000000000001e-05
65,0.6253029108047485,0.5788257718086243,0.4647711515426636,6.6e-05
66,0.5967326164245605,0.552828311920166,0.4390431344509125,6.7e-05
67,0.6126711964607239,0.5675245523452759,0.45146644115448,6.800000000000001e-05
68,0.6270272135734558,0.5811411142349243,0.45886075496673584,6.9e-05
69,0.5975075364112854,0.554161012172699,0.43346497416496277,7e-05
70,0.5747629404067993,0.5318907499313354,0.428722083568573,7.1e-05
71,0.5915146470069885,0.5480418801307678,0.43472740054130554,7.2e-05
72,0.6071655750274658,0.5626915097236633,0.44474083185195923,7.3e-05
73,0.5895165801048279,0.546093225479126,0.4342336654663086,7.4e-05
74,0.5937618613243103,0.5497743487358093,0.43987494707107544,7.500000000000001e-05
75,0.5968201756477356,0.5534577369689941,0.4336245656013489,7.6e-05
76,0.5717330574989319,0.5296249389648438,0.4210813343524933,7.7e-05
77,0.5933042764663696,0.5492187738418579,0.4408552348613739,7.800000000000001e-05
78,0.6116604804992676,0.5668123364448547,0.4484812021255493,7.900000000000001e-05
79,0.566860020160675,0.5247023701667786,0.42157647013664246,8e-05
80,0.6098318696022034,0.5647483468055725,0.4508351981639862,8.1e-05
81,0.5832293033599854,0.5407172441482544,0.4251205325126648,8.2e-05
82,0.5826882123947144,0.5400258898735046,0.4266231656074524,8.3e-05
83,0.5733128786087036,0.5315752625465393,0.41737639904022217,8.4e-05
84,0.5610454082489014,0.5190951228141785,0.41950294375419617,8.5e-05
85,0.5920373797416687,0.5488103032112122,0.432270884513855,8.6e-05
86,0.5406310558319092,0.5012124180793762,0.39418622851371765,8.7e-05
87,0.5852804780006409,0.5428564548492432,0.42424020171165466,8.800000000000001e-05
88,0.5700856447219849,0.5283287763595581,0.4175688326358795,8.900000000000001e-05
89,0.5897848010063171,0.5465182065963745,0.43266600370407104,9e-05
90,0.5605216026306152,0.5188337564468384,0.41687825322151184,9.1e-05
91,0.5783305764198303,0.5359874367713928,0.4234311878681183,9.200000000000001e-05
92,0.6016258001327515,0.5579907894134521,0.43635040521621704,9.300000000000001e-05
93,0.6004024147987366,0.5562266707420349,0.4417575001716614,9.4e-05
94,0.5887580513954163,0.545301079750061,0.4345698356628418,9.5e-05
95,0.5764458775520325,0.5342700481414795,0.4217580258846283,9.6e-05
96,0.5551068782806396,0.5138505697250366,0.412563294172287,9.7e-05
97,0.5626901388168335,0.5221732258796692,0.4051692485809326,9.8e-05
98,0.5963269472122192,0.5522927045822144,0.44034266471862793,9.900000000000001e-05
99,0.5752270221710205,0.5330890417098999,0.421379953622818,0.0001
100,0.5814352631568909,0.5385740399360657,0.42861244082450867,0.000101
101,0.571173369884491,0.5297731161117554,0.41400229930877686,0.00010200000000000001
102,0.5748780369758606,0.5326938629150391,0.4218418598175049,0.00010300000000000001
103,0.5531507134437561,0.5130136609077454,0.40137025713920593,0.00010400000000000001
104,0.5683683753013611,0.5261958241462708,0.42172542214393616,0.000105
105,0.5649611949920654,0.5231589078903198,0.4180229902267456,0.00010600000000000002
106,0.5805438160896301,0.538462221622467,0.42081597447395325,0.00010700000000000001
107,0.5532213449478149,0.5129983425140381,0.4022299349308014,0.00010800000000000001
108,0.580657422542572,0.5380309224128723,0.426265150308609,0.000109
109,0.5747973322868347,0.5325326919555664,0.4226466715335846,0.00011000000000000002
110,0.5836738348007202,0.5404399633407593,0.43233898282051086,0.00011100000000000001
111,0.59360271692276,0.5502004623413086,0.434022456407547,0.00011200000000000001
112,0.5646514892578125,0.5237519145011902,0.40899592638015747,0.000113
113,0.5685871839523315,0.5268460512161255,0.41741156578063965,0.00011399999999999999
114,0.5622122287750244,0.5210344791412354,0.41177719831466675,0.00011499999999999999
115,0.5655075311660767,0.5245670080184937,0.4094054400920868,0.000116
116,0.572425127029419,0.5299084782600403,0.42516642808914185,0.000117
117,0.5689602494239807,0.5271095037460327,0.41850772500038147,0.000118
118,0.5946463942527771,0.5502587556838989,0.4438762366771698,0.000119
119,0.54569011926651,0.505847692489624,0.39842426776885986,0.00012
120,0.5382736921310425,0.4982927143573761,0.3998098373413086,0.000121
121,0.5749423503875732,0.532918393611908,0.4202398657798767,0.000122
122,0.5531347990036011,0.5126082301139832,0.4052656888961792,0.000123
123,0.5497164726257324,0.5092906355857849,0.4042583405971527,0.000124
124,0.5841915011405945,0.5415709614753723,0.4262053668498993,0.000125
125,0.5836632251739502,0.541125476360321,0.4253772497177124,0.000126
126,0.5178734064102173,0.47987252473831177,0.3800085783004761,0.000127
127,0.5380179286003113,0.4983349144458771,0.39683037996292114,0.00012800000000000002
128,0.5766039490699768,0.5341213941574097,0.4248257875442505,0.00012900000000000002
129,0.5432548522949219,0.5034021735191345,0.39852648973464966,0.00013000000000000002
130,0.5566014051437378,0.5161075592041016,0.40493857860565186,0.000131
131,0.5691273808479309,0.5265887975692749,0.42538610100746155,0.000132
132,0.5639223456382751,0.5227463245391846,0.41176027059555054,0.000133
133,0.538948118686676,0.49965450167655945,0.3929363191127777,0.000134
134,0.5371996164321899,0.49775826930999756,0.39441344141960144,0.00013500000000000003
135,0.5400087237358093,0.4998232126235962,0.40185490250587463,0.00013600000000000003
136,0.5461179614067078,0.5049159526824951,0.41202032566070557,0.00013700000000000002
137,0.5487896203994751,0.5082710981369019,0.40518495440483093,0.000138
138,0.5552582740783691,0.5149226188659668,0.4033566415309906,0.000139
139,0.5502063035964966,0.5102253556251526,0.3998093008995056,0.00014
140,0.5417479276657104,0.5021578073501587,0.3959009349346161,0.000141
141,0.5321289300918579,0.49240848422050476,0.39720430970191956,0.000142
142,0.5467284321784973,0.5055845975875854,0.41143834590911865,0.000143
143,0.5509831309318542,0.5109631419181824,0.40019986033439636,0.000144
144,0.5490900874137878,0.5088062286376953,0.4028385281562805,0.000145
145,0.550245463848114,0.5098586678504944,0.4038681387901306,0.000146
146,0.5558450222015381,0.5149820446968079,0.40863004326820374,0.000147
147,0.5188159346580505,0.48025521636009216,0.38560739159584045,0.000148
148,0.542242169380188,0.5018057227134705,0.40436431765556335,0.00014900000000000002
149,0.5290494561195374,0.48948603868484497,0.39563414454460144,0.00015000000000000001
150,0.5405647158622742,0.501276969909668,0.3928776681423187,0.000151
151,0.5312101244926453,0.49201467633247375,0.3919547200202942,0.000152
152,0.5285406112670898,0.48904240131378174,0.3949820101261139,0.000153
153,0.5421029925346375,0.5017985701560974,0.4030439555644989,0.000154
154,0.522296667098999,0.4842775762081146,0.38019081950187683,0.000155
155,0.5363532304763794,0.4968630075454712,0.3949020504951477,0.00015600000000000002
156,0.5510364770889282,0.5111646056175232,0.398718923330307,0.00015700000000000002
157,0.5273244380950928,0.48832374811172485,0.3900066614151001,0.00015800000000000002
158,0.5233414173126221,0.485129714012146,0.3821171522140503,0.00015900000000000002
159,0.5399651527404785,0.5008436441421509,0.3912152349948883,0.00016
160,0.4996059536933899,0.46245574951171875,0.3715020418167114,0.000161
161,0.5221185684204102,0.4836871325969696,0.3843144178390503,0.000162
162,0.5242298245429993,0.4860248863697052,0.382049560546875,0.000163
163,0.5042665600776672,0.467181921005249,0.37084630131721497,0.000164
164,0.5314581394195557,0.49286627769470215,0.38591867685317993,0.000165
165,0.511819064617157,0.4744444489479065,0.37374624609947205,0.000166
166,0.5224589109420776,0.48325857520103455,0.3920031487941742,0.000167
167,0.5066531896591187,0.46957623958587646,0.37076935172080994,0.000168
168,0.5202170610427856,0.4819950461387634,0.38222020864486694,0.00016900000000000002
169,0.5254060626029968,0.4867168068885803,0.38689276576042175,0.00017
170,0.5255410075187683,0.48568999767303467,0.39851006865501404,0.000171
171,0.5124637484550476,0.47393471002578735,0.3852902054786682,0.000172
172,0.5070449113845825,0.46983060240745544,0.3721430003643036,0.000173
173,0.49470481276512146,0.45836183428764343,0.36342981457710266,0.000174
174,0.519953191280365,0.48204484581947327,0.3790834844112396,0.000175
175,0.47960013151168823,0.44439348578453064,0.3520664870738983,0.00017600000000000002
176,0.5024281740188599,0.4658307731151581,0.36597421765327454,0.00017700000000000002
177,0.5216717720031738,0.4833986163139343,0.38273125886917114,0.00017800000000000002
178,0.5159741044044495,0.47804421186447144,0.37929898500442505,0.00017900000000000001
179,0.48378291726112366,0.4484291076660156,0.35353800654411316,0.00018
180,0.48186051845550537,0.4464830160140991,0.35377514362335205,0.000181
181,0.5142345428466797,0.4766322076320648,0.3760233521461487,0.000182
182,0.4974742531776428,0.46050572395324707,0.36968523263931274,0.000183
183,0.5173282027244568,0.479454904794693,0.37873291969299316,0.00018400000000000003
184,0.497496098279953,0.46085119247436523,0.36644914746284485,0.00018500000000000002
185,0.5058742165565491,0.46812331676483154,0.3775092661380768,0.00018600000000000002
186,0.4894240200519562,0.45352017879486084,0.3590383231639862,0.00018700000000000002
187,0.5190893411636353,0.4813738167285919,0.3771550953388214,0.000188
188,0.49163156747817993,0.4551287889480591,0.36502763628959656,0.00018899999999999999
189,0.4869014620780945,0.45123282074928284,0.35668641328811646,0.00019
190,0.4941113591194153,0.4574679136276245,0.36643433570861816,0.000191
191,0.4916535019874573,0.4552396535873413,0.3641383945941925,0.000192
192,0.48779577016830444,0.45181411504745483,0.35981664061546326,0.000193
193,0.5046778917312622,0.4673180878162384,0.3735983073711395,0.000194
194,0.5335350036621094,0.49330073595046997,0.4023425281047821,0.000195
195,0.4979933500289917,0.46158015727996826,0.36413201689720154,0.000196
196,0.48445454239845276,0.44809797406196594,0.36356568336486816,0.00019700000000000002
197,0.5288782119750977,0.48969006538391113,0.3918813169002533,0.00019800000000000002
198,0.5143253207206726,0.4763266444206238,0.37998664379119873,0.000199
199,0.5026571750640869,0.46561864018440247,0.37038537859916687,0.0002
200,0.4962635338306427,0.4601130485534668,0.3615049719810486,0.0002
201,0.5109485387802124,0.47374260425567627,0.37205928564071655,0.00019999993705610097
202,0.5035634636878967,0.466795414686203,0.3676806390285492,0.00019999974822448318
203,0.49839285016059875,0.4606209695339203,0.37771880626678467,0.0001999994335053843
204,0.49057501554489136,0.4545365273952484,0.3603850305080414,0.00019999899289920055
205,0.44886094331741333,0.41532087326049805,0.33540070056915283,0.00019999842640648654
206,0.4831734895706177,0.44738972187042236,0.35783764719963074,0.00019999773402795549
207,0.5059080719947815,0.4686420261859894,0.3726603090763092,0.00019999691576447898
208,0.5150360465049744,0.47633183002471924,0.38704216480255127,0.00019999597161708712
209,0.500626802444458,0.46290352940559387,0.37723270058631897,0.00019999490158696846
210,0.4972143769264221,0.4603028893470764,0.36911502480506897,0.00019999370567547008
211,0.4927002787590027,0.4564893841743469,0.36210891604423523,0.00019999238388409744
212,0.4920928180217743,0.45600247383117676,0.3609033226966858,0.0001999909362145145
213,0.5250751376152039,0.4874825179576874,0.37592631578445435,0.00019998936266854377
214,0.5019596219062805,0.46488481760025024,0.37074822187423706,0.00019998766324816607
215,0.5161181092262268,0.47893959283828735,0.37178516387939453,0.00019998583795552083
216,0.47916483879089355,0.4434337317943573,0.357310950756073,0.00019998388679290583
217,0.47287434339523315,0.4383997917175293,0.344745397567749,0.00019998180976277735
218,0.4733278155326843,0.4389438033103943,0.3438400626182556,0.00019997960686775015
219,0.4998255968093872,0.4627625644207001,0.37063032388687134,0.00019997727811059738
220,0.47432848811149597,0.4393593668937683,0.3496912717819214,0.00019997482349425066
221,0.4730646312236786,0.43865054845809937,0.3441407382488251,0.00019997224302180006
222,0.5009871125221252,0.46471357345581055,0.36273542046546936,0.0001999695366964941
223,0.489759624004364,0.4539845883846283,0.3577502369880676,0.00019996670452173966
224,0.49756738543510437,0.460488885641098,0.3707849681377411,0.0001999637465011021
225,0.5111992955207825,0.4734727740287781,0.37726548314094543,0.00019996066263830531
226,0.4772893190383911,0.44179216027259827,0.3549715578556061,0.00019995745293723138
227,0.5039939284324646,0.46693623065948486,0.37057724595069885,0.000199954117401921
228,0.4769730269908905,0.4418792724609375,0.3509376645088196,0.00019995065603657316
229,0.4886854290962219,0.4526459574699402,0.36039477586746216,0.00019994706884554533
230,0.4651510715484619,0.43171608448028564,0.33434996008872986,0.00019994335583335335
231,0.5117953419685364,0.47470593452453613,0.37089383602142334,0.00019993951700467139
232,0.48108434677124023,0.44631901383399963,0.34765318036079407,0.00019993555236433213
233,0.4713091254234314,0.43663910031318665,0.3467002511024475,0.00019993146191732658
234,0.45268869400024414,0.4188438653945923,0.3384484350681305,0.00019992724566880404
235,0.5065928101539612,0.46935734152793884,0.372354656457901,0.0001999229036240723
236,0.507074773311615,0.4699777662754059,0.3709700107574463,0.00019991843578859747
237,0.49260643124580383,0.4565733075141907,0.36033135652542114,0.00019991384216800398
238,0.4858170747756958,0.44976806640625,0.3604900538921356,0.00019990912276807466
239,0.4763212502002716,0.44171977043151855,0.3460147976875305,0.00019990427759475067
240,0.5094399452209473,0.47271013259887695,0.3672983944416046,0.00019989930665413147
241,0.4830806255340576,0.44745707511901855,0.35623541474342346,0.0001998942099524749
242,0.47317907214164734,0.4397217631340027,0.33457309007644653,0.00019988898749619702
243,0.474823534488678,0.4404212534427643,0.3440227210521698,0.0001998836392918723
244,0.46796324849128723,0.4333125054836273,0.34650734066963196,0.00019987816534623352
245,0.46093714237213135,0.42687565088272095,0.34061485528945923,0.00019987256566617162
246,0.4949999451637268,0.4593695104122162,0.3563043475151062,0.00019986684025873598
247,0.47347384691238403,0.43850991129875183,0.349639356136322,0.0001998609891311342
248,0.45862025022506714,0.42433691024780273,0.34283334016799927,0.0001998550122907321
249,0.47175130248069763,0.43620777130126953,0.3554353415966034,0.00019984890974505381
250,0.49174273014068604,0.45593953132629395,0.35803210735321045,0.00019984268150178167
251,0.46411263942718506,0.4301620423793793,0.3395058214664459,0.0001998363275687563
252,0.49520087242126465,0.4585319757461548,0.36668893694877625,0.0001998298479539765
253,0.4955729842185974,0.46039870381355286,0.3517428934574127,0.00019982324266559935
254,0.45225250720977783,0.4198625385761261,0.3238995671272278,0.00019981651171194006
255,0.5000925660133362,0.4639149308204651,0.3617764413356781,0.00019980965510147213
256,0.47653141617774963,0.4415944516658783,0.3493696451187134,0.00019980267284282717
257,0.4927384853363037,0.4568805396556854,0.3585795760154724,0.000199795564944795
258,0.45907285809516907,0.42558911442756653,0.3348373770713806,0.00019978833141632354
259,0.47711172699928284,0.4422391653060913,0.34872573614120483,0.00019978097226651902
260,0.47152411937713623,0.4368802309036255,0.3464389145374298,0.0001997734875046456
261,0.49969202280044556,0.4639131426811218,0.35778871178627014,0.0001997658771401258
262,0.4578407406806946,0.42423954606056213,0.3360118865966797,0.00019975814118254007
263,0.5235283970832825,0.4858655035495758,0.3766287863254547,0.00019975027964162702
264,0.47620564699172974,0.4422367215156555,0.33968910574913025,0.00019974229252728342
265,0.5011951923370361,0.4654448628425598,0.3575034737586975,0.00019973417984956403
266,0.48026907444000244,0.445556640625,0.3471244275569916,0.00019972594161868178
267,0.47589099407196045,0.44038814306259155,0.35502851009368896,0.00019971757784500752
268,0.47587546706199646,0.44136688113212585,0.34508588910102844,0.00019970908853907026
269,0.46544143557548523,0.4316180646419525,0.33823373913764954,0.00019970047371155704
270,0.49190235137939453,0.4563620686531067,0.3554026782512665,0.0001996917333733128
271,0.48958492279052734,0.4541260004043579,0.35458922386169434,0.00019968286753534062
272,0.46672847867012024,0.43296438455581665,0.3376409411430359,0.00019967387620880146
273,0.47547370195388794,0.44026118516921997,0.3521250784397125,0.00019966475940501435
274,0.47607603669166565,0.441922128200531,0.341539204120636,0.0001996555171354562
275,0.46660977602005005,0.4326903223991394,0.33919447660446167,0.00019964614941176195
276,0.46492183208465576,0.4308578073978424,0.3406401574611664,0.00019963665624572432
277,0.48307284712791443,0.44791096448898315,0.3516188859939575,0.00019962703764929413
278,0.4759388267993927,0.44134682416915894,0.3459199368953705,0.00019961729363458003
279,0.4969882667064667,0.460636705160141,0.3635157346725464,0.00019960742421384846
280,0.48140788078308105,0.4464798867702484,0.3492800295352936,0.00019959742939952392
281,0.4762357473373413,0.4419161081314087,0.3431963324546814,0.00019958730920418858
282,0.4796849489212036,0.44515302777290344,0.34531912207603455,0.00019957706364058257
283,0.4762474000453949,0.441397488117218,0.3484991788864136,0.00019956669272160383
284,0.4695229232311249,0.4350498914718628,0.344730406999588,0.00019955619646030802
285,0.47654223442077637,0.4416736960411072,0.3486853837966919,0.00019954557486990868
286,0.4734685719013214,0.43974974751472473,0.3371882140636444,0.00019953482796377712
287,0.4886631369590759,0.45336970686912537,0.35293424129486084,0.00019952395575544233
288,0.48050108551979065,0.4457893967628479,0.3471167981624603,0.00019951295825859113
289,0.5209978222846985,0.48336416482925415,0.37633639574050903,0.00019950183548706805
290,0.4670947194099426,0.43282073736190796,0.34273985028266907,0.00019949058745487522
291,0.46153655648231506,0.4279549717903137,0.33581581711769104,0.00019947921417617267
292,0.48261716961860657,0.44796591997146606,0.34651243686676025,0.00019946771566527785
293,0.4797672927379608,0.4452519714832306,0.345153272151947,0.000199456091936666
294,0.4656175971031189,0.4318598508834839,0.33757734298706055,0.00019944434300497006
295,0.4638942778110504,0.4296841025352478,0.3421018421649933,0.00019943246888498041
296,0.4396817684173584,0.4071557819843292,0.3252599239349365,0.00019942046959164515
297,0.4581519067287445,0.42550790309906006,0.3264399468898773,0.00019940834514006994
298,0.4649709165096283,0.4312690496444702,0.3370186388492584,0.000199396095545518
299,0.47186124324798584,0.4378984868526459,0.3396275043487549,0.00019938372082341
300,0.48387807607650757,0.44930729269981384,0.3457079827785492,0.00019937122098932428
301,0.4907469153404236,0.45534318685531616,0.354037344455719,0.00019935859605899655
302,0.48274755477905273,0.44776248931884766,0.34985074400901794,0.00019934584604832013
303,0.4824276566505432,0.4474441111087799,0.3498355746269226,0.00019933297097334565
304,0.4588322937488556,0.42497333884239197,0.3385895788669586,0.00019931997085028132
305,0.44723209738731384,0.41519781947135925,0.3203427493572235,0.00019930684569549264
306,0.49383747577667236,0.45677071809768677,0.3706677258014679,0.00019929359552550265
307,0.4682970643043518,0.43463143706321716,0.3366561532020569,0.00019928022035699166
308,0.4676505923271179,0.4343128800392151,0.3333772122859955,0.00019926672020679736
309,0.4531329274177551,0.42065727710723877,0.32475653290748596,0.00019925309509191482
310,0.47096678614616394,0.4371080696582794,0.3385871648788452,0.00019923934502949644
311,0.4540189206600189,0.42125189304351807,0.32767030596733093,0.00019922547003685176
312,0.4506717026233673,0.4179095923900604,0.3276210427284241,0.0001992114701314478
313,0.4567318260669708,0.42369815707206726,0.3303367793560028,0.00019919734533090867
314,0.4978834092617035,0.461361825466156,0.36521583795547485,0.0001991830956530158
315,0.48022326827049255,0.44546225666999817,0.3476101756095886,0.00019916872111570784
316,0.4673849940299988,0.43365809321403503,0.33726903796195984,0.00019915422173708046
317,0.46782320737838745,0.43425238132476807,0.3357083797454834,0.00019913959753538674
318,0.4863116145133972,0.449823260307312,0.3648834228515625,0.00019912484852903668
319,0.47806090116500854,0.4434416890144348,0.34619200229644775,0.0001991099747365975
320,0.48895788192749023,0.45408573746681213,0.348721444606781,0.00019909497617679348
321,0.5021440982818604,0.46557843685150146,0.3656564950942993,0.000199079852868506
322,0.46788185834884644,0.4339066445827484,0.3397522568702698,0.00019906460483077348
323,0.46882036328315735,0.4342963695526123,0.34523990750312805,0.0001990492320827913
324,0.4524001479148865,0.4191949665546417,0.3320518732070923,0.00019903373464391186
325,0.4599427282810211,0.4266044795513153,0.33338239789009094,0.00019901811253364456
326,0.48427197337150574,0.4496506154537201,0.3462136685848236,0.00019900236577165576
327,0.45451512932777405,0.42209136486053467,0.324237585067749,0.0001989864943777687
328,0.4769440293312073,0.4432346224784851,0.3370939791202545,0.0001989704983719635
329,0.4969039559364319,0.4604426324367523,0.36461323499679565,0.0001989543777743772
330,0.47295504808425903,0.4384947419166565,0.34460312128067017,0.00019893813260530368
331,0.46943119168281555,0.4364401400089264,0.32991060614585876,0.0001989217628851936
332,0.490257203578949,0.45489105582237244,0.35366135835647583,0.00019890526863465443
333,0.47394615411758423,0.44028276205062866,0.3366338312625885,0.0001988886498744505
334,0.45007842779159546,0.4177522659301758,0.3232615888118744,0.00019887190662550266
335,0.4492862820625305,0.4170919358730316,0.3219433128833771,0.00019885503890888876
336,0.4679822325706482,0.43466949462890625,0.333127498626709,0.0001988380467458431
337,0.4867419898509979,0.45149439573287964,0.35247600078582764,0.00019882093015775678
338,0.4616262912750244,0.428109347820282,0.3351694941520691,0.0001988036891661775
339,0.4537885785102844,0.42161738872528076,0.32171186804771423,0.0001987863237928095
340,0.4814419150352478,0.4466608464717865,0.3478105366230011,0.00019876883405951377
341,0.4503951370716095,0.4177486300468445,0.32646501064300537,0.0001987512199883077
342,0.46094414591789246,0.4277721345424652,0.33172014355659485,0.00019873348160136524
343,0.4928514361381531,0.4576757848262787,0.35175639390945435,0.00019871561892101692
344,0.45692214369773865,0.4245011508464813,0.3242098391056061,0.00019869763196974957
345,0.4591177701950073,0.4260624945163727,0.3305528461933136,0.00019867952077020666
346,0.4808575510978699,0.44525787234306335,0.3559967577457428,0.0001986612853451879
347,0.4722360670566559,0.4390619993209839,0.3317407965660095,0.00019864292571764955
348,0.4723324477672577,0.43862226605415344,0.33710187673568726,0.00019862444191070408
349,0.48270243406295776,0.44811221957206726,0.34590211510658264,0.0001986058339476204
350,0.4485117495059967,0.41614797711372375,0.32363784313201904,0.0001985871018518236
351,0.4846925735473633,0.44917792081832886,0.3551466763019562,0.00019856824564689515
352,0.46649816632270813,0.43305158615112305,0.3344658613204956,0.00019854926535657267
353,0.46872636675834656,0.43460309505462646,0.3412327766418457,0.00019853016100475007
354,0.4828108847141266,0.4478728771209717,0.3493800461292267,0.0001985109326154774
355,0.4843914806842804,0.4499002993106842,0.3449118435382843,0.00019849158021296081
356,0.4957352578639984,0.460348904132843,0.3538636267185211,0.00019847210382156267
357,0.48216819763183594,0.44717463850975037,0.3499356210231781,0.00019845250346580136
358,0.46212702989578247,0.4280966818332672,0.34030336141586304,0.0001984327791703513
359,0.469325989484787,0.4355005919933319,0.33825400471687317,0.00019841293096004302
360,0.4547354578971863,0.42200779914855957,0.3272765874862671,0.00019839295885986296
361,0.471653550863266,0.43799954652786255,0.336540162563324,0.00019837286289495361
362,0.46687838435173035,0.43288007378578186,0.3399830460548401,0.00019835264309061326
363,0.4508582055568695,0.4169687330722809,0.3388948142528534,0.00019833229947229623
364,0.46664270758628845,0.43298104405403137,0.33661675453186035,0.00019831183206561262
365,0.47897884249687195,0.4445916712284088,0.3438717722892761,0.00019829124089632845
366,0.4512949287891388,0.4191458523273468,0.3214907646179199,0.00019827052599036545
367,0.44838476181030273,0.416128009557724,0.3225676119327545,0.00019824968737380117
368,0.4489979147911072,0.41688641905784607,0.321115106344223,0.0001982287250728689
369,0.45908647775650024,0.42582571506500244,0.33260759711265564,0.00019820763911395758
370,0.47403275966644287,0.43984198570251465,0.34190768003463745,0.00019818642952361187
371,0.5077688694000244,0.4715804159641266,0.3618844151496887,0.00019816509632853208
372,0.4800805449485779,0.44575265049934387,0.3432789742946625,0.00019814363955557404
373,0.45709872245788574,0.42411550879478455,0.32983219623565674,0.0001981220592317493
374,0.4681282639503479,0.4348253905773163,0.33302873373031616,0.0001981003553842248
375,0.4842888414859772,0.44860678911209106,0.35682040452957153,0.00019807852804032305
376,0.4531475305557251,0.420165091753006,0.3298242390155792,0.00019805657722752202
377,0.4674076735973358,0.4335729479789734,0.33834731578826904,0.00019803450297345508
378,0.49359196424484253,0.4579806327819824,0.3561131954193115,0.00019801230530591105
379,0.4536139667034149,0.4200843572616577,0.33529603481292725,0.00019798998425283403
380,0.47149959206581116,0.43771979212760925,0.33779799938201904,0.00019796753984232358
381,0.48005411028862,0.44584324955940247,0.34210851788520813,0.00019794497210263442
382,0.4588626027107239,0.4259110391139984,0.32951560616493225,0.00019792228106217658
383,0.46551772952079773,0.43204978108406067,0.334679514169693,0.00019789946674951536
384,0.45572611689567566,0.4234163761138916,0.32309749722480774,0.00019787652919337116
385,0.4623067378997803,0.429097980260849,0.33208760619163513,0.00019785346842261957
386,0.47186392545700073,0.4382275640964508,0.3363637626171112,0.00019783028446629123
387,0.48303836584091187,0.4477604925632477,0.3527787923812866,0.00019780697735357204
388,0.4468270242214203,0.4145679175853729,0.32259106636047363,0.0001977835471138027
389,0.44414785504341125,0.4121464788913727,0.32001379132270813,0.0001977599937764791
390,0.47716471552848816,0.4427870810031891,0.34377631545066833,0.00019773631737125192
391,0.45575621724128723,0.42213165760040283,0.33624568581581116,0.00019771251792792698
392,0.45939815044403076,0.42645391821861267,0.3294423222541809,0.00019768859547646478
393,0.45503440499305725,0.42205044627189636,0.32983946800231934,0.00019766455004698082
394,0.4543851912021637,0.422061026096344,0.323241651058197,0.00019764038166974535
395,0.4481757581233978,0.41664332151412964,0.3153243660926819,0.0001976160903751834
396,0.47892335057258606,0.4444204270839691,0.345029354095459,0.00019759167619387476
397,0.468415766954422,0.4347672760486603,0.3364849090576172,0.0001975671391565539
398,0.45324647426605225,0.42077261209487915,0.32473865151405334,0.00019754247929410995
399,0.46395474672317505,0.4308542311191559,0.3310053050518036,0.00019751769663758665
400,0.46134811639785767,0.42822784185409546,0.3312028646469116,0.00019749279121818235
401,0.45264768600463867,0.42011627554893494,0.32531413435935974,0.00019746776306724998
402,0.45465755462646484,0.42202383279800415,0.3263372778892517,0.0001974426122162969
403,0.4656561613082886,0.43259403109550476,0.3306211829185486,0.00019741733869698495
404,0.47124186158180237,0.43769562244415283,0.33546242117881775,0.0001973919425411304
405,0.48374634981155396,0.4494818150997162,0.3426453173160553,0.00019736642378070392
406,0.46468105912208557,0.431485652923584,0.3319541811943054,0.00019734078244783054
407,0.448517382144928,0.4157833456993103,0.3273404538631439,0.00019731501857478954
408,0.4590417146682739,0.42629873752593994,0.3274298310279846,0.0001972891321940145
409,0.46718189120292664,0.4339344799518585,0.33247411251068115,0.00019726312333809322
410,0.47848498821258545,0.4436171352863312,0.3486783802509308,0.00019723699203976766
411,0.4634583294391632,0.4305657744407654,0.32892554998397827,0.00019721073833193397
412,0.5013059973716736,0.46514225006103516,0.3616374433040619,0.00019718436224764233
413,0.4648551642894745,0.43172723054885864,0.3312794268131256,0.00019715786382009705
414,0.47654396295547485,0.44259965419769287,0.33944305777549744,0.00019713124308265635
415,0.4653366506099701,0.4321533441543579,0.3318330645561218,0.00019710450006883256
416,0.4669579565525055,0.43389713764190674,0.33060821890830994,0.00019707763481229183
417,0.4473485052585602,0.4154188930988312,0.3192962408065796,0.00019705064734685425
418,0.4546874165534973,0.4221823513507843,0.3250506818294525,0.00019702353770649378
419,0.44173377752304077,0.41035225987434387,0.31381523609161377,0.00019699630592533808
420,0.4508540630340576,0.41842058300971985,0.3243347108364105,0.0001969689520376687
421,0.46275678277015686,0.42986100912094116,0.32895785570144653,0.00019694147607792083
422,0.4933347702026367,0.45725908875465393,0.36075666546821594,0.0001969138780806833
423,0.45317694544792175,0.42056864500045776,0.3260830342769623,0.00019688615808069872
424,0.44371065497398376,0.4122420847415924,0.3146857023239136,0.0001968583161128631
425,0.4578704237937927,0.4248405694961548,0.3302984833717346,0.00019683035221222618
426,0.4643253982067108,0.43101412057876587,0.333112895488739,0.00019680226641399096
427,0.4760372042655945,0.442256361246109,0.3378085494041443,0.00019677405875351414
428,0.46759045124053955,0.4344753324985504,0.33115124702453613,0.00019674572926630567
429,0.474469929933548,0.44021540880203247,0.34254518151283264,0.00019671727798802895
430,0.47038522362709045,0.4368121922016144,0.33573034405708313,0.00019668870495450066
431,0.4760693609714508,0.4413098990917206,0.3475945293903351,0.00019666001020169073
432,0.466484010219574,0.4327176809310913,0.3376631736755371,0.00019663119376572242
433,0.44813311100006104,0.41598910093307495,0.3214399814605713,0.00019660225568287202
434,0.5094460844993591,0.47304317355155945,0.3640291392803192,0.00019657319598956913
435,0.47773364186286926,0.44319280982017517,0.34540826082229614,0.0001965440147223963
436,0.4862733483314514,0.4510127902030945,0.3526054918766022,0.00019651471191808924
437,0.4531742036342621,0.42072370648384094,0.32450488209724426,0.00019648528761353652
438,0.45440495014190674,0.4219377338886261,0.324672132730484,0.00019645574184577982
439,0.44386452436447144,0.41166403889656067,0.3220048248767853,0.00019642607465201364
440,0.4754176735877991,0.4410633146762848,0.34354367852211,0.00019639628606958533
441,0.4607684314250946,0.42835649847984314,0.3241192400455475,0.0001963663761359951
442,0.4764171838760376,0.4424557089805603,0.3396146595478058,0.00019633634488889595
443,0.4616767466068268,0.4284615218639374,0.3321521580219269,0.0001963061923660935
444,0.4597052335739136,0.4267980754375458,0.32907170057296753,0.0001962759186055461
445,0.45607125759124756,0.4229196310043335,0.33151620626449585,0.00019624552364536473
446,0.47431546449661255,0.44019821286201477,0.34117236733436584,0.00019621500752381294
447,0.47414135932922363,0.43935683369636536,0.34784528613090515,0.00019618437027930683
448,0.4514496624469757,0.4197317659854889,0.3171788454055786,0.00019615361195041492
449,0.4686673879623413,0.4351731240749359,0.33494260907173157,0.00019612273257585815
450,0.43757206201553345,0.4059879779815674,0.31584087014198303,0.00019609173219450998
451,0.4174741208553314,0.38806286454200745,0.29411250352859497,0.000196060610845396
452,0.45189565420150757,0.4192435145378113,0.32652154564857483,0.0001960293685676943
453,0.4648803174495697,0.4315161108970642,0.33364197611808777,0.00019599800540073505
454,0.4739346206188202,0.44043415784835815,0.3350045084953308,0.00019596652138400064
455,0.47451159358024597,0.44005143642425537,0.34460148215293884,0.0001959349165571256
456,0.4466943144798279,0.4151298999786377,0.3156440556049347,0.0001959031909598966
457,0.4611358046531677,0.4281361997127533,0.3299959897994995,0.0001958713446322522
458,0.47805964946746826,0.4445101022720337,0.33549562096595764,0.00019583937761428314
459,0.4834023416042328,0.4488963782787323,0.3450596034526825,0.00019580728994623195
460,0.45262405276298523,0.419872522354126,0.32751527428627014,0.00019577508166849304
461,0.47065845131874084,0.4367373585700989,0.33921104669570923,0.00019574275282161283
462,0.473202109336853,0.43928438425064087,0.33917734026908875,0.00019571030344628926
463,0.4303223490715027,0.3993139863014221,0.3100837171077728,0.00019567773358337222
464,0.450668603181839,0.41848820447921753,0.32180407643318176,0.00019564504327386316
465,0.4645552337169647,0.4307333827018738,0.33821845054626465,0.0001956122325589152
466,0.4812279939651489,0.4472038745880127,0.34024128317832947,0.00019557930147983302
467,0.468207448720932,0.4349331855773926,0.3327426612377167,0.00019554625007807283
468,0.4796293079853058,0.44597870111465454,0.33650609850883484,0.0001955130783952423
469,0.424050897359848,0.39384758472442627,0.302033007144928,0.00019547978647310057
470,0.46955376863479614,0.4363797605037689,0.33173999190330505,0.00019544637435355808
471,0.469879686832428,0.43635880947113037,0.3352087736129761,0.00019541284207867662
472,0.4942469298839569,0.4589119553565979,0.35334983468055725,0.0001953791896906692
473,0.4585304856300354,0.42581093311309814,0.32719549536705017,0.0001953454172319001
474,0.4812721908092499,0.44724494218826294,0.34027254581451416,0.00019531152474488477
475,0.471231609582901,0.4371263384819031,0.341052770614624,0.00019527751227228963
476,0.4644007384777069,0.43116921186447144,0.3323152959346771,0.0001952433798569323
477,0.472675085067749,0.43870875239372253,0.3396632969379425,0.00019520912754178123
478,0.459050714969635,0.4270375669002533,0.32013145089149475,0.00019517475536995604
479,0.4782131612300873,0.4437219202518463,0.34491240978240967,0.000195140263384727
480,0.4672268033027649,0.43344512581825256,0.3378167748451233,0.00019510565162951537
481,0.4417603611946106,0.4098913073539734,0.31869056820869446,0.0001950709201478931
482,0.4770459234714508,0.44289982318878174,0.3414609730243683,0.00019503606898358284
483,0.46193748712539673,0.42847540974617004,0.33462080359458923,0.00019500109818045805
484,0.448222815990448,0.41691750288009644,0.3130532503128052,0.00019496600778254263
485,0.4623183012008667,0.4293038547039032,0.33014461398124695,0.00019493079783401113
486,0.45209670066833496,0.42054682970046997,0.3154986500740051,0.0001948954683791886
487,0.447201669216156,0.4156322777271271,0.31569385528564453,0.00019486001946255046
488,0.4550180435180664,0.4225311279296875,0.3248690068721771,0.00019482445112872264
489,0.46108609437942505,0.4283413290977478,0.3274475634098053,0.00019478876342248128
490,0.4589192271232605,0.42664939165115356,0.3226984739303589,0.0001947529563887529
491,0.4475542902946472,0.4160007834434509,0.31553494930267334,0.00019471703007261412
492,0.4775228202342987,0.4423310160636902,0.35191795229911804,0.00019468098451929183
493,0.4445010721683502,0.4132812023162842,0.3121986389160156,0.00019464481977416297
494,0.44970303773880005,0.41745156049728394,0.3225146234035492,0.00019460853588275454
495,0.45274338126182556,0.4210287034511566,0.3171468675136566,0.00019457213289074355
496,0.4275108277797699,0.3969040811061859,0.3060673475265503,0.00019453561084395687
497,0.4820318818092346,0.44761836528778076,0.3441350758075714,0.00019449896978837141
498,0.45090025663375854,0.4183773398399353,0.32522931694984436,0.0001944622097701137
499,0.466099351644516,0.43276098370552063,0.3333836495876312,0.00019442533083546012
500,0.4638318121433258,0.43096575140953064,0.3286607265472412,0.00019438833303083678
501,0.4463924765586853,0.41452640295028687,0.3186606764793396,0.00019435121640281938
502,0.47520729899406433,0.44131186604499817,0.3389543890953064,0.00019431398099813323
503,0.4460320770740509,0.4142764210700989,0.3175566792488098,0.00019427662686365314
504,0.46237775683403015,0.4291830360889435,0.33194729685783386,0.0001942391540464035
505,0.45669230818748474,0.4240858256816864,0.32606491446495056,0.00019420156259355791
506,0.44173258543014526,0.41001707315444946,0.3171550929546356,0.00019416385255243944
507,0.4506552219390869,0.41923215985298157,0.31423068046569824,0.00019412602397052048
508,0.4691448211669922,0.43556633591651917,0.335784912109375,0.00019408807689542257
509,0.4686066210269928,0.43570032715797424,0.32906290888786316,0.00019405001137491642
510,0.46139979362487793,0.4283387362957001,0.33061060309410095,0.0001940118274569219
511,0.47270193696022034,0.4387427568435669,0.339591920375824,0.00019397352518950794
512,0.45294931530952454,0.42033490538597107,0.3261442184448242,0.00019393510462089236
513,0.4392945170402527,0.40786492824554443,0.31429576873779297,0.000193896565799442
514,0.4487327039241791,0.41619110107421875,0.3254161477088928,0.00019385790877367255
515,0.4437183737754822,0.41181936860084534,0.31898999214172363,0.00019381913359224842
516,0.46390822529792786,0.43038031458854675,0.33527904748916626,0.0001937802403039829
517,0.46386152505874634,0.4303930401802063,0.33468472957611084,0.0001937412289578379
518,0.4863552451133728,0.4508627951145172,0.3549245595932007,0.00019370209960292386
519,0.4557286500930786,0.42305585741996765,0.32672786712646484,0.00019366285228849996
520,0.443881094455719,0.4120219349861145,0.3185916244983673,0.00019362348706397373
521,0.471133828163147,0.43758994340896606,0.33543896675109863,0.0001935840039789012
522,0.456464558839798,0.4237782061100006,0.3268635869026184,0.00019354440308298672
523,0.46552416682243347,0.4323763847351074,0.3314777910709381,0.00019350468442608305
524,0.452810138463974,0.4212721288204193,0.3153800368309021,0.0001934648480581911
525,0.4558488726615906,0.4235406517982483,0.3230820596218109,0.00019342489402945998
526,0.4609166979789734,0.4275505542755127,0.33366143703460693,0.000193384822390187
527,0.47441309690475464,0.4402734637260437,0.3413962721824646,0.00019334463319081735
528,0.43924906849861145,0.4076084494590759,0.31640625,0.00019330432648194444
529,0.43618476390838623,0.4052369296550751,0.3094782531261444,0.00019326390231430942
530,0.46912363171577454,0.4357560873031616,0.33367547392845154,0.00019322336073880142
531,0.4692010283470154,0.4356234073638916,0.33577612042427063,0.00019318270180645737
532,0.43246990442276,0.4015171527862549,0.30952751636505127,0.00019314192556846185
533,0.4607044458389282,0.42856037616729736,0.32144084572792053,0.00019310103207614718
534,0.458649218082428,0.4257681667804718,0.3288106620311737,0.00019306002138099327
535,0.49125000834465027,0.45612213015556335,0.3512788414955139,0.00019301889353462762
536,0.45255613327026367,0.42034977674484253,0.3220634460449219,0.00019297764858882514
537,0.45200836658477783,0.42008736729621887,0.31921008229255676,0.0001929362865955082
538,0.47469767928123474,0.4409617781639099,0.33735913038253784,0.0001928948076067465
539,0.4682599902153015,0.434641569852829,0.33618417382240295,0.00019285321167475698
540,0.49516692757606506,0.4596180319786072,0.3554888665676117,0.0001928114988519039
541,0.4587703347206116,0.42641279101371765,0.32357531785964966,0.00019276966919069862
542,0.470513254404068,0.4378372132778168,0.32676032185554504,0.0001927277227437995
543,0.4596427381038666,0.42717263102531433,0.3247009515762329,0.00019268565956401208
544,0.4569447636604309,0.4238245487213135,0.33120229840278625,0.00019264347970428876
545,0.46215134859085083,0.4286966323852539,0.3345470726490021,0.0001926011832177288
546,0.4710502028465271,0.43701666593551636,0.3403353691101074,0.00019255877015757835
547,0.47114822268486023,0.4369141459465027,0.34234073758125305,0.00019251624057723023
548,0.4649254381656647,0.43104732036590576,0.33878129720687866,0.00019247359453022407
549,0.47116103768348694,0.43797725439071655,0.3318377435207367,0.00019243083207024598
550,0.4735069274902344,0.4397861957550049,0.33720722794532776,0.0001923879532511287
551,0.4473405182361603,0.41580668091773987,0.31533828377723694,0.0001923449581268514
552,0.4635211229324341,0.43116867542266846,0.3235244154930115,0.00019230184675153976
553,0.4361851215362549,0.4051893651485443,0.30995750427246094,0.00019225861917946565
554,0.45886117219924927,0.4263983964920044,0.32462772727012634,0.0001922152754650474
555,0.45484235882759094,0.42193716764450073,0.3290519714355469,0.0001921718156628494
556,0.449384868144989,0.41810745000839233,0.312774121761322,0.00019212823982758226
557,0.4428449869155884,0.41207319498062134,0.30771785974502563,0.00019208454801410266
558,0.4608338475227356,0.4278014302253723,0.3303242623806,0.0001920407402774132
559,0.4624062478542328,0.42904263734817505,0.3336361050605774,0.00019199681667266252
560,0.4374387562274933,0.40596234798431396,0.31476396322250366,0.0001919527772551451
561,0.4650820791721344,0.43156999349594116,0.33512091636657715,0.0001919086220803011
562,0.46458369493484497,0.4318947494029999,0.32688960433006287,0.0001918643512037166
563,0.4629645049571991,0.4300120770931244,0.32952427864074707,0.00019181996468112323
564,0.4557965397834778,0.4230197072029114,0.3277682662010193,0.00019177546256839812
565,0.45238950848579407,0.4204884171485901,0.319010853767395,0.00019173084492156407
566,0.48955658078193665,0.45443636178970337,0.35120221972465515,0.00019168611179678924
567,0.44297000765800476,0.41119691729545593,0.31773099303245544,0.00019164126325038714
568,0.44835761189460754,0.4166335165500641,0.31724101305007935,0.00019159629933881666
569,0.4265625476837158,0.3959091603755951,0.3065339922904968,0.00019155122011868186
570,0.45557692646980286,0.4228270351886749,0.32749900221824646,0.00019150602564673198
571,0.46277445554733276,0.4296823740005493,0.330920934677124,0.00019146071597986138
572,0.4525310695171356,0.42034676671028137,0.3218430280685425,0.00019141529117510932
573,0.4731456935405731,0.4394218921661377,0.33723801374435425,0.00019136975128966017
574,0.43899306654930115,0.4075353145599365,0.31457746028900146,0.00019132409638084304
575,0.45410075783729553,0.42214512825012207,0.31955623626708984,0.00019127832650613189
576,0.4749077260494232,0.44147923588752747,0.33428502082824707,0.00019123244172314545
577,0.46030712127685547,0.42769360542297363,0.3261353075504303,0.00019118644208964702
578,0.48150670528411865,0.4473782777786255,0.3412841260433197,0.00019114032766354453
579,0.4588059186935425,0.4264713227748871,0.323345810174942,0.00019109409850289044
580,0.4640563130378723,0.43095383048057556,0.33102476596832275,0.00019104775466588161
581,0.4930012822151184,0.4576479196548462,0.3535335659980774,0.00019100129621085925
582,0.4602314233779907,0.4277709722518921,0.32460445165634155,0.00019095472319630892
583,0.4350988268852234,0.4043963551521301,0.30702483654022217,0.00019090803568086036
584,0.46371784806251526,0.43129658699035645,0.3242124915122986,0.00019086123372328746
585,0.4619361460208893,0.4298200309276581,0.32116103172302246,0.00019081431738250814
586,0.44141465425491333,0.4098590314388275,0.3155563473701477,0.00019076728671758438
587,0.4435062110424042,0.4118943512439728,0.31611862778663635,0.00019072014178772202
588,0.477725625038147,0.44386422634124756,0.3386138677597046,0.00019067288265227082
589,0.4568119943141937,0.42437198758125305,0.3244001567363739,0.00019062550937072424
590,0.4471224844455719,0.414651483297348,0.32471010088920593,0.00019057802200271942
591,0.47530192136764526,0.4413754642009735,0.33926451206207275,0.0001905304206080372
592,0.4476851224899292,0.41546329855918884,0.3222183585166931,0.00019048270524660196
593,0.4505433142185211,0.41851094365119934,0.32032373547554016,0.0001904348759784815
594,0.4474533200263977,0.4156564474105835,0.31796878576278687,0.00019038693286388698
595,0.46183809638023376,0.4292926490306854,0.32545435428619385,0.00019033887596317298
596,0.43335121870040894,0.40234723687171936,0.3100397288799286,0.00019029070533683725
597,0.44382911920547485,0.41172975301742554,0.3209937512874603,0.00019024242104552074
598,0.45342689752578735,0.42157208919525146,0.3185479938983917,0.00019019402315000752
599,0.46029409766197205,0.42785003781318665,0.32444068789482117,0.00019014551171122457
600,0.4680885076522827,0.4347548484802246,0.3333367109298706,0.0001900968867902419
601,0.46982821822166443,0.43605244159698486,0.3377578556537628,0.0001900481484482724
602,0.4575353264808655,0.4244677722454071,0.3306756019592285,0.0001899992967466716
603,0.4640694856643677,0.4308149516582489,0.3325451910495758,0.0001899503317469379
604,0.46607106924057007,0.4327924847602844,0.33278581500053406,0.00018990125351071226
605,0.4523618221282959,0.4198785424232483,0.3248327672481537,0.00018985206209977813
606,0.4550507366657257,0.42299771308898926,0.32053014636039734,0.00018980275757606157
607,0.4381338953971863,0.40662381052970886,0.3151009976863861,0.00018975334000163093
608,0.4286966919898987,0.39810895919799805,0.30587735772132874,0.00018970380943869687
609,0.4973914325237274,0.4621798098087311,0.35211628675460815,0.00018965416594961238
610,0.44054150581359863,0.4093133509159088,0.31228139996528625,0.00018960440959687254
611,0.4712652564048767,0.4373765289783478,0.33888718485832214,0.0001895545404431145
612,0.45507779717445374,0.42256593704223633,0.32511866092681885,0.00018950455855111745
613,0.4598481357097626,0.4271456003189087,0.3270253837108612,0.0001894544639838025
614,0.4737268388271332,0.4399476647377014,0.33779171109199524,0.00018940425680423264
615,0.4432666599750519,0.411077618598938,0.32189053297042847,0.00018935393707561251
616,0.4585670232772827,0.42650488018989563,0.3206215798854828,0.00018930350486128856
617,0.457511842250824,0.4246762990951538,0.3283554017543793,0.00018925296022474878
618,0.4535619616508484,0.42102617025375366,0.3253578543663025,0.00018920230322962264
619,0.4406704008579254,0.4089895188808441,0.3168087303638458,0.0001891515339396812
620,0.46839937567710876,0.434655100107193,0.3374428451061249,0.0001891006524188368
621,0.45160162448883057,0.4195067882537842,0.3209483325481415,0.000189049658731143
622,0.47977322340011597,0.445980042219162,0.33793193101882935,0.00018899855294079472
623,0.44292861223220825,0.4112599790096283,0.31668639183044434,0.00018894733511212782
624,0.46866270899772644,0.4355026185512543,0.3316009044647217,0.00018889600530961934
625,0.4538592994213104,0.4220338463783264,0.3182544708251953,0.00018884456359788724
626,0.46349480748176575,0.43069976568222046,0.3279504179954529,0.00018879301004169036
627,0.4458507001399994,0.41461455821990967,0.31236153841018677,0.00018874134470592835
628,0.476565420627594,0.4430868923664093,0.334785133600235,0.0001886895676556415
629,0.48709776997566223,0.4528581500053406,0.34239619970321655,0.00018863767895601087
630,0.43836894631385803,0.40664634108543396,0.31722599267959595,0.000188585678672358
631,0.4450762867927551,0.41351279616355896,0.3156350255012512,0.00018853356687014485
632,0.4661133587360382,0.4332156777381897,0.3289768099784851,0.00018848134361497385
633,0.4403047263622284,0.4083394706249237,0.3196526765823364,0.0001884290089725877
634,0.4609454274177551,0.42815324664115906,0.32792195677757263,0.00018837656300886937
635,0.48137161135673523,0.4468942880630493,0.3447731137275696,0.00018832400578984183
636,0.44400402903556824,0.4125419855117798,0.3146204352378845,0.0001882713373816683
637,0.43578284978866577,0.40434226393699646,0.3144057095050812,0.00018821855785065185
638,0.4431428909301758,0.41258060932159424,0.30562296509742737,0.00018816566726323548
639,0.4515647888183594,0.4197171926498413,0.3184759020805359,0.00018811266568600194
640,0.4728386700153351,0.44000041484832764,0.3283825218677521,0.0001880595531856738
641,0.4678065776824951,0.4341588020324707,0.3364778757095337,0.00018800632982911322
642,0.47632649540901184,0.4422028660774231,0.3412362039089203,0.00018795299568332184
643,0.4807920455932617,0.44710710644721985,0.33684954047203064,0.00018789955081544092
644,0.45490869879722595,0.4222505986690521,0.32658088207244873,0.000187845995292751
645,0.48155874013900757,0.44804883003234863,0.33509910106658936,0.00018779232918267195
646,0.42854028940200806,0.39802080392837524,0.3051947355270386,0.00018773855255276283
647,0.46466773748397827,0.43163666129112244,0.3303108215332031,0.00018768466547072188
648,0.45138126611709595,0.4189222753047943,0.32458987832069397,0.00018763066800438636
649,0.45681843161582947,0.4246417284011841,0.32176700234413147,0.00018757656022173248
650,0.47994229197502136,0.4455646872520447,0.3437761068344116,0.00018752234219087538
651,0.4227396249771118,0.39279890060424805,0.2994072735309601,0.0001874680139800689
652,0.49111220240592957,0.45654070377349854,0.34571486711502075,0.0001874135756577056
653,0.45060113072395325,0.41847696900367737,0.3212415277957916,0.00018735902729231677
654,0.4304797649383545,0.3997672200202942,0.3071255385875702,0.00018730436895257206
655,0.46052536368370056,0.42752334475517273,0.33002015948295593,0.00018724960070727972
656,0.45964133739471436,0.4274618923664093,0.3217943608760834,0.00018719472262538624
657,0.4490615427494049,0.41711491346359253,0.31946635246276855,0.00018713973477597646
658,0.47523897886276245,0.4417284429073334,0.335105299949646,0.00018708463722827336
659,0.4552997052669525,0.42354679107666016,0.3175291419029236,0.00018702943005163803
660,0.4592534303665161,0.42666858434677124,0.3258485794067383,0.00018697411331556956
661,0.44561317563056946,0.41443341970443726,0.31179746985435486,0.00018691868708970496
662,0.4614506959915161,0.42865264415740967,0.3279804289340973,0.00018686315144381913
663,0.4617331922054291,0.42895233631134033,0.3278086185455322,0.00018680750644782467
664,0.4611108899116516,0.4279460608959198,0.33164820075035095,0.00018675175217177175
665,0.4677762985229492,0.4348433315753937,0.32932963967323303,0.0001866958886858483
666,0.47268444299697876,0.43901005387306213,0.3367439806461334,0.0001866399160603796
667,0.4683932065963745,0.43545645475387573,0.32936736941337585,0.0001865838343658284
668,0.4704510271549225,0.43719208240509033,0.33258935809135437,0.00018652764367279461
669,0.44381725788116455,0.41221562027931213,0.3160165250301361,0.0001864713440520155
670,0.4551260471343994,0.42326855659484863,0.318574994802475,0.0001864149355743655
671,0.4402449131011963,0.4096279442310333,0.306169718503952,0.00018635841831085586
672,0.44339147210121155,0.41216033697128296,0.3123112618923187,0.00018630179233263504
673,0.4630965292453766,0.4302835762500763,0.3281295895576477,0.00018624505771098817
674,0.4586676359176636,0.426384299993515,0.32283324003219604,0.00018618821451733724
675,0.49044936895370483,0.4557408094406128,0.34708553552627563,0.00018613126282324092
676,0.4679073989391327,0.43467193841934204,0.3323546350002289,0.0001860742027003944
677,0.4764270782470703,0.4421009421348572,0.3432613015174866,0.0001860170342206294
678,0.45666441321372986,0.42419686913490295,0.3246755301952362,0.0001859597574559141
679,0.4560811221599579,0.4237593710422516,0.3232175409793854,0.00018590237247835293
680,0.47855982184410095,0.4446784257888794,0.33881399035453796,0.00018584487936018661
681,0.47868332266807556,0.4450286626815796,0.3365466892719269,0.00018578727817379195
682,0.4729081094264984,0.43892547488212585,0.3398262858390808,0.0001857295689916818
683,0.4662959575653076,0.4338112473487854,0.32484710216522217,0.00018567175188650498
684,0.46632128953933716,0.43338239192962646,0.3293890357017517,0.00018561382693104615
685,0.47609129548072815,0.44261178374290466,0.33479511737823486,0.00018555579419822583
686,0.46669918298721313,0.4337329566478729,0.32966211438179016,0.0001854976537611001
687,0.45568713545799255,0.42339813709259033,0.32288992404937744,0.00018543940569286065
688,0.46294787526130676,0.43049392104148865,0.32453951239585876,0.00018538105006683472
689,0.42821818590164185,0.39760255813598633,0.30615633726119995,0.00018532258695648496
690,0.43601927161216736,0.4053058326244354,0.30713438987731934,0.00018526401643540922
691,0.45254799723625183,0.42084047198295593,0.3170751929283142,0.0001852053385773407
692,0.49028486013412476,0.4551975727081299,0.3508729338645935,0.00018514655345614763
693,0.4344122111797333,0.40320447087287903,0.3120774030685425,0.00018508766114583332
694,0.4677531123161316,0.43492498993873596,0.3282811939716339,0.00018502866172053598
695,0.4376606345176697,0.40690362453460693,0.30757012963294983,0.00018496955525452874
696,0.4321386218070984,0.4014764428138733,0.3066217303276062,0.0001849103418222194
697,0.46929848194122314,0.4362526834011078,0.3304578959941864,0.00018485102149815038
698,0.4408406615257263,0.40938761830329895,0.3145304322242737,0.00018479159435699883
699,0.4555729031562805,0.4234023094177246,0.32170602679252625,0.00018473206047357619
700,0.46332594752311707,0.4298239052295685,0.3350204825401306,0.00018467241992282843
701,0.4646602272987366,0.43165719509124756,0.33003032207489014,0.00018461267277983568
702,0.47654426097869873,0.4429796040058136,0.33564671874046326,0.0001845528191198123
703,0.4696468114852905,0.43571048974990845,0.33936330676078796,0.00018449285901810675
704,0.42667192220687866,0.3963552415370941,0.3031667172908783,0.00018443279255020152
705,0.4327239692211151,0.40228554606437683,0.3043842017650604,0.0001843726197917129
706,0.45322293043136597,0.42134931683540344,0.31873613595962524,0.0001843123408183911
707,0.44681715965270996,0.41543617844581604,0.31380990147590637,0.00018425195570611998
708,0.4617227017879486,0.4295600652694702,0.3216263949871063,0.00018419146453091701
709,0.4545131325721741,0.4217248558998108,0.3278827369213104,0.0001841308673689332
710,0.47605669498443604,0.4427140951156616,0.3334260582923889,0.00018407016429645303
711,0.46318528056144714,0.43086105585098267,0.3232422173023224,0.0001840093553898942
712,0.4520067274570465,0.41976025700569153,0.32246464490890503,0.00018394844072580773
713,0.42451560497283936,0.3944428861141205,0.30072730779647827,0.00018388742038087777
714,0.45040398836135864,0.4187253713607788,0.3167862296104431,0.00018382629443192144
715,0.4437715411186218,0.41279521584510803,0.3097633719444275,0.00018376506295588886
716,0.4528259038925171,0.42118269205093384,0.31643226742744446,0.00018370372602986303
717,0.46102744340896606,0.42891213297843933,0.3211531937122345,0.00018364228373105964
718,0.47703734040260315,0.4437616765499115,0.3327566981315613,0.00018358073613682706
719,0.45842859148979187,0.4261995553970337,0.3222902715206146,0.0001835190833246461
720,0.49420252442359924,0.45859193801879883,0.35610583424568176,0.00018345732537213027
721,0.4668363332748413,0.43368464708328247,0.33151689171791077,0.00018339546235702524
722,0.4563520848751068,0.4241940975189209,0.32157981395721436,0.00018333349435720894
723,0.4478697180747986,0.41616594791412354,0.3170376420021057,0.0001832714214506916
724,0.4736801087856293,0.44062966108322144,0.33050450682640076,0.0001832092437156154
725,0.446216344833374,0.4142895042896271,0.31926843523979187,0.00018314696123025454
726,0.4612196683883667,0.4288060665130615,0.32413601875305176,0.00018308457407301503
727,0.4551067352294922,0.4228752553462982,0.32231488823890686,0.00018302208232243473
728,0.42011576890945435,0.3902871608734131,0.29828622937202454,0.00018295948605718314
729,0.4364733397960663,0.4052364230155945,0.3123691976070404,0.00018289678535606126
730,0.4611895680427551,0.42925676703453064,0.31932809948921204,0.00018283398029800166
731,0.4470973610877991,0.41515806317329407,0.3193929195404053,0.00018277107096206826
732,0.46267351508140564,0.42979055643081665,0.32882946729660034,0.00018270805742745617
733,0.4505598843097687,0.41898468136787415,0.3157520294189453,0.00018264493977349184
734,0.48342275619506836,0.4491845667362213,0.3423819839954376,0.0001825817180796326
735,0.47938036918640137,0.4452775716781616,0.341028094291687,0.00018251839242546696
736,0.45361945033073425,0.4218030273914337,0.318164199590683,0.0001824549628907141
737,0.45531439781188965,0.4228602349758148,0.3245416283607483,0.00018239142955522406
738,0.4552658796310425,0.4228844940662384,0.32381391525268555,0.0001823277924989776
739,0.4437336027622223,0.4120910167694092,0.3164258301258087,0.000182264051802086
740,0.46005916595458984,0.42738276720046997,0.32676398754119873,0.00018220020754479102
741,0.4307662844657898,0.40030622482299805,0.30460071563720703,0.00018213625980746475
742,0.4402863383293152,0.40829387307167053,0.319924533367157,0.00018207220867060966
743,0.46902239322662354,0.4360544681549072,0.32967934012413025,0.00018200805421485824
744,0.4662182927131653,0.4328814744949341,0.3333680331707001,0.0001819437965209732
745,0.4671951234340668,0.432980477809906,0.3421463370323181,0.0001818794356698471
746,0.44073110818862915,0.4096880257129669,0.3104308545589447,0.00018181497174250236
747,0.4582199454307556,0.4259694516658783,0.32250478863716125,0.0001817504048200912
748,0.44960275292396545,0.41813284158706665,0.31469911336898804,0.00018168573498389564
749,0.45013779401779175,0.41851741075515747,0.31620386242866516,0.00018162096231532694
750,0.44148504734039307,0.4103803336620331,0.311047226190567,0.00018155608689592604
751,0.4355308413505554,0.40545353293418884,0.3007729947566986,0.0001814911088073632
752,0.4718003273010254,0.43790531158447266,0.33895015716552734,0.00018142602813143785
753,0.4564550817012787,0.42401814460754395,0.3243694603443146,0.00018136084495007872
754,0.4600532352924347,0.4276757538318634,0.3237748444080353,0.0001812955593453434
755,0.46958300471305847,0.4366881847381592,0.32894816994667053,0.0001812301713994185
756,0.4900161623954773,0.45555058121681213,0.3446556627750397,0.00018116468119461953
757,0.42474907636642456,0.3949142098426819,0.29834866523742676,0.00018109908881339058
758,0.4240168333053589,0.3940017819404602,0.30015066266059875,0.00018103339433830454
759,0.4645964503288269,0.4316670000553131,0.3292946517467499,0.00018096759785206267
760,0.45229870080947876,0.42034807801246643,0.3195062577724457,0.00018090169943749476
761,0.4574546813964844,0.42521652579307556,0.3223816454410553,0.00018083569917755885
762,0.44269850850105286,0.4110986590385437,0.3159986138343811,0.00018076959715534124
763,0.4631006419658661,0.4297557473182678,0.3334488272666931,0.00018070339345405625
764,0.4585057497024536,0.42577603459358215,0.32729730010032654,0.00018063708815704632
765,0.4414581060409546,0.4103519916534424,0.311061292886734,0.00018057068134778173
766,0.4711920917034149,0.438078910112381,0.3311319351196289,0.00018050417310986052
767,0.4602360427379608,0.4278177320957184,0.3241831362247467,0.00018043756352700846
768,0.46436992287635803,0.43191322684288025,0.32456690073013306,0.00018037085268307889
769,0.4683558940887451,0.43573713302612305,0.3261875510215759,0.0001803040406620526
770,0.4520456790924072,0.41927120089530945,0.32774463295936584,0.0001802371275480378
771,0.47892996668815613,0.44432342052459717,0.3460655212402344,0.0001801701134252699
772,0.4699649512767792,0.43592193722724915,0.34043025970458984,0.0001801029983781116
773,0.4385691285133362,0.40760502219200134,0.3096410930156708,0.00018003578249105244
774,0.45142221450805664,0.41929924488067627,0.32122984528541565,0.00017996846584870908
775,0.4361509680747986,0.4053764045238495,0.3077456057071686,0.00017990104853582493
776,0.4900377690792084,0.4555976688861847,0.34440088272094727,0.00017983353063727016
777,0.44197532534599304,0.4109148681163788,0.3106045126914978,0.00017976591223804161
778,0.4239446520805359,0.39431536197662354,0.2962929308414459,0.00017969819342326254
779,0.4838328957557678,0.44928938150405884,0.3454350233078003,0.00017963037427818268
780,0.46961185336112976,0.43638235330581665,0.33229488134384155,0.00017956245488817812
781,0.4660615026950836,0.4331009089946747,0.32960593700408936,0.000179494435338751
782,0.4330635964870453,0.4022941291332245,0.3076946437358856,0.00017942631571552973
783,0.45666104555130005,0.42471036314964294,0.31950682401657104,0.0001793580961042685
784,0.4855968952178955,0.4515475034713745,0.34049394726753235,0.00017928977659084755
785,0.444991797208786,0.41388821601867676,0.31103578209877014,0.00017922135726127275
786,0.46629923582077026,0.43306514620780945,0.3323407769203186,0.00017915283820167573
787,0.48966115713119507,0.454569935798645,0.35091230273246765,0.00017908421949831366
788,0.4319213628768921,0.4016575813293457,0.30263784527778625,0.00017901550123756906
789,0.4708224833011627,0.4374311566352844,0.33391323685646057,0.00017894668350594981
790,0.436976820230484,0.40616947412490845,0.3080735206604004,0.00017887776639008914
791,0.4516206979751587,0.4198487401008606,0.31771963834762573,0.00017880874997674515
792,0.4410383105278015,0.4097205698490143,0.31317752599716187,0.00017873963435280121
793,0.4411061108112335,0.41018155217170715,0.30924564599990845,0.00017867041960526535
794,0.4305400252342224,0.40030115842819214,0.3023885190486908,0.0001786011058212706
795,0.45712408423423767,0.42455795407295227,0.32566124200820923,0.00017853169308807448
796,0.4523545503616333,0.42071232199668884,0.31642231345176697,0.0001784621814930592
797,0.4393192529678345,0.40812814235687256,0.3119111657142639,0.00017839257112373132
798,0.45035696029663086,0.41861286759376526,0.31744107604026794,0.00017832286206772186
799,0.4706222712993622,0.43728724122047424,0.33335036039352417,0.00017825305441278598
800,0.4557669460773468,0.423598974943161,0.32167965173721313,0.000178183148246803
801,0.445359468460083,0.4138718545436859,0.3148762881755829,0.00017811314365777625
802,0.4760638475418091,0.44292911887168884,0.33134725689888,0.000178043040733833
803,0.4467790424823761,0.41518938541412354,0.3158964514732361,0.0001779728395632242
804,0.44179481267929077,0.4106358587741852,0.3115895986557007,0.00017790254023432466
805,0.44421321153640747,0.41292232275009155,0.3129090368747711,0.00017783214283563262
806,0.44112515449523926,0.40992021560668945,0.3120492398738861,0.00017776164745576976
807,0.4645914137363434,0.4317575693130493,0.3283385634422302,0.00017769105418348122
808,0.4649496376514435,0.4322052001953125,0.32744449377059937,0.00017762036310763532
809,0.44589152932167053,0.4137907028198242,0.3210083544254303,0.00017754957431722346
810,0.446693480014801,0.4145705997943878,0.3212287724018097,0.0001774786879013601
811,0.4717639684677124,0.4387986958026886,0.3296527862548828,0.0001774077039492826
812,0.46742215752601624,0.43389248847961426,0.3352966606616974,0.00017733662255035114
813,0.4280408024787903,0.397942453622818,0.30098333954811096,0.0001772654437940484
814,0.4424739181995392,0.4107894003391266,0.3168450593948364,0.0001771941677699799
815,0.45528435707092285,0.42315658926963806,0.32127782702445984,0.00017712279456787332
816,0.44568386673927307,0.41440507769584656,0.312787801027298,0.00017705132427757895
817,0.45936545729637146,0.42686089873313904,0.32504546642303467,0.00017697975698906904
818,0.4443305730819702,0.41317927837371826,0.31151309609413147,0.00017690809279243813
819,0.4442984461784363,0.41324710845947266,0.3105134963989258,0.00017683633177790272
820,0.4314683973789215,0.4010077714920044,0.30460625886917114,0.0001767644740358011
821,0.4636147618293762,0.431391179561615,0.3222358524799347,0.0001766925196565935
822,0.44348835945129395,0.41216230392456055,0.31326061487197876,0.00017662046873086163
823,0.4500361680984497,0.4185744822025299,0.3146168291568756,0.00017654832134930882
824,0.44060948491096497,0.40911412239074707,0.31495359539985657,0.00017647607760275987
825,0.4481583535671234,0.4164641499519348,0.3169420659542084,0.00017640373758216077
826,0.4726220369338989,0.438748836517334,0.33873188495635986,0.0001763313013785788
827,0.47666025161743164,0.4428251385688782,0.33835113048553467,0.00017625876908320236
828,0.4174458682537079,0.3881162106990814,0.29329660534858704,0.00017618614078734069
829,0.4587031602859497,0.4262927174568176,0.3241044282913208,0.00017611341658242395
830,0.44958993792533875,0.4183458089828491,0.31244128942489624,0.0001760405965600031
831,0.4696034789085388,0.43677031993865967,0.32833144068717957,0.00017596768081174963
832,0.4575808644294739,0.4254002571105957,0.3218062222003937,0.00017589466942945556
833,0.45111194252967834,0.41958457231521606,0.3152737021446228,0.00017582156250503335
834,0.4411349296569824,0.41037288308143616,0.3076205849647522,0.00017574836013051562
835,0.4678484797477722,0.4346630573272705,0.33185437321662903,0.0001756750623980553
836,0.44850581884384155,0.4170171618461609,0.3148866295814514,0.00017560166939992528
837,0.45325765013694763,0.42125004529953003,0.3200759291648865,0.00017552818122851838
838,0.4571017622947693,0.4246714115142822,0.32430344820022583,0.0001754545979763472
839,0.4558565616607666,0.4235961437225342,0.32260432839393616,0.00017538091973604418
840,0.4603957235813141,0.4280169606208801,0.3237876892089844,0.00017530714660036112
841,0.45282936096191406,0.42130929231643677,0.3152006268501282,0.00017523327866216944
842,0.48319458961486816,0.44903451204299927,0.341600626707077,0.00017515931601445986
843,0.45123353600502014,0.41958147287368774,0.31652072072029114,0.00017508525875034237
844,0.4760613739490509,0.4422016739845276,0.33859699964523315,0.00017501110696304596
845,0.459529846906662,0.42712321877479553,0.3240664005279541,0.00017493686074591873
846,0.4667723774909973,0.4338245093822479,0.32947853207588196,0.0001748625201924276
847,0.44945135712623596,0.4174906313419342,0.319607138633728,0.00017478808539615824
848,0.467960923910141,0.43523040413856506,0.3273050785064697,0.00017471355645081498
849,0.43612924218177795,0.4054808020591736,0.3064843416213989,0.00017463893345022067
850,0.47428080439567566,0.44123172760009766,0.33049076795578003,0.00017456421648831655
851,0.47742795944213867,0.44364458322525024,0.33783361315727234,0.00017448940565916222
852,0.43457961082458496,0.40356671810150146,0.310128778219223,0.0001744145010569353
853,0.4688117504119873,0.43575820326805115,0.33053550124168396,0.00017433950277593162
854,0.452884703874588,0.4211501181125641,0.31734585762023926,0.0001742644109105648
855,0.4756736755371094,0.4421496093273163,0.3352406322956085,0.00017418922555536637
856,0.41351938247680664,0.3844459056854248,0.2907346189022064,0.0001741139468049855
857,0.46505534648895264,0.4317198395729065,0.33335500955581665,0.00017403857475418896
858,0.47104233503341675,0.4375532567501068,0.3348907232284546,0.000173963109497861
859,0.4451722204685211,0.41361087560653687,0.31561338901519775,0.0001738875511310031
860,0.44414955377578735,0.4128834903240204,0.31266075372695923,0.00017381189974873407
861,0.4624476730823517,0.42996856570243835,0.3247911334037781,0.00017373615544628978
862,0.47051116824150085,0.43646636605262756,0.3404479920864105,0.00017366031831902304
863,0.4715309739112854,0.4383891522884369,0.33141812682151794,0.0001735843884624035
864,0.4525747299194336,0.4208759367465973,0.3169880211353302,0.00017350836597201767
865,0.42787089943885803,0.39808109402656555,0.29789817333221436,0.00017343225094356855
866,0.4941740036010742,0.4592505991458893,0.3492338955402374,0.0001733560434728757
867,0.44373226165771484,0.41250553727149963,0.3122671842575073,0.00017327974365587495
868,0.45396819710731506,0.42205721139907837,0.31910982728004456,0.00017320335158861855
869,0.42521682381629944,0.3948172628879547,0.3039955794811249,0.0001731268673672747
870,0.45816564559936523,0.426298588514328,0.3186706304550171,0.00017305029108812776
871,0.4525240957736969,0.4207581877708435,0.31765908002853394,0.00017297362284757794
872,0.4351458251476288,0.40422794222831726,0.30917882919311523,0.00017289686274214118
873,0.47961682081222534,0.4455186426639557,0.3409818708896637,0.00017282001086844906
874,0.449404776096344,0.41762593388557434,0.3177884519100189,0.00017274306732324872
875,0.4584815204143524,0.42654526233673096,0.3193625211715698,0.0001726660322034027
876,0.4674680829048157,0.43415433168411255,0.3331376612186432,0.00017258890560588888
877,0.4509967565536499,0.41946637630462646,0.3153037130832672,0.00017251168762780013
878,0.4454452693462372,0.4142480492591858,0.31197208166122437,0.0001724343783663445
879,0.4537791907787323,0.4221096634864807,0.3166951835155487,0.00017235697791884494
880,0.455524742603302,0.42389872670173645,0.3162600100040436,0.00017227948638273916
881,0.458000510931015,0.42627477645874023,0.3172573447227478,0.00017220190385557955
882,0.44641178846359253,0.41465628147125244,0.3175549805164337,0.00017212423043503301
883,0.45148319005966187,0.41959479451179504,0.3188839852809906,0.00017204646621888096
884,0.4704876244068146,0.4370999336242676,0.3338768780231476,0.00017196861130501905
885,0.44959837198257446,0.4183579385280609,0.3124043047428131,0.00017189066579145705
886,0.44717535376548767,0.41640374064445496,0.3077162504196167,0.0001718126297763189
887,0.4630514681339264,0.4300663471221924,0.32985109090805054,0.0001717345033578424
888,0.4618886411190033,0.42935359477996826,0.3253505527973175,0.00017165628663437922
889,0.4694522023200989,0.4371497929096222,0.32302409410476685,0.00017157797970439464
890,0.4407089054584503,0.40935659408569336,0.31352317333221436,0.00017149958266646754
891,0.4333055317401886,0.40295881032943726,0.3034672141075134,0.00017142109561929023
892,0.458922803401947,0.42638057470321655,0.3254222571849823,0.00017134251866166827
893,0.421652227640152,0.39192458987236023,0.2972762882709503,0.00017126385189252053
894,0.4521997272968292,0.4204677641391754,0.3173196017742157,0.00017118509541087887
895,0.4539554715156555,0.4220019578933716,0.3195350468158722,0.00017110624931588806
896,0.47691217064857483,0.4437006413936615,0.3321153521537781,0.0001710273137068057
897,0.45541855692863464,0.42362770438194275,0.31790849566459656,0.00017094828868300215
898,0.4528390169143677,0.42073336243629456,0.32105669379234314,0.0001708691743439602
899,0.4394401013851166,0.4088236391544342,0.30616456270217896,0.00017078997078927521
900,0.4449915587902069,0.41345545649528503,0.3153611123561859,0.00017071067811865476
901,0.46080324053764343,0.42843684554100037,0.32366397976875305,0.00017063129643191864
902,0.47638964653015137,0.44286713004112244,0.33522531390190125,0.00017055182582899873
903,0.43461742997169495,0.40373796224594116,0.3087945580482483,0.00017047226640993883
904,0.4409330487251282,0.4100906550884247,0.3084239959716797,0.0001703926182748945
905,0.4506067931652069,0.41852372884750366,0.32083064317703247,0.00017031288152413306
906,0.48776352405548096,0.4528459310531616,0.3491758406162262,0.00017023305625803333
907,0.47319328784942627,0.439803808927536,0.333894819021225,0.0001701531425770856
908,0.44352635741233826,0.41214558482170105,0.31380778551101685,0.0001700731405818914
909,0.46966713666915894,0.43630126118659973,0.333658903837204,0.00016999305037316352
910,0.44426098465919495,0.41281136870384216,0.3144960403442383,0.00016991287205172573
911,0.44764694571495056,0.41642969846725464,0.31217244267463684,0.0001698326057185128
912,0.47214269638061523,0.43889713287353516,0.33245551586151123,0.00016975225147457026
913,0.43667688965797424,0.40597590804100037,0.307009756565094,0.00016967180942105423
914,0.4397259056568146,0.4091309905052185,0.30594921112060547,0.00016959127965923142
915,0.4699435532093048,0.437144011259079,0.32799533009529114,0.0001695106622904791
916,0.4558734595775604,0.4240351915359497,0.31838271021842957,0.0001694299574162846
917,0.47376587986946106,0.44040557742118835,0.3336031138896942,0.0001693491651382455
918,0.49104323983192444,0.45627132058143616,0.34771913290023804,0.0001692682855580695
919,0.47795772552490234,0.44442617893218994,0.335315465927124,0.00016918731877757406
920,0.4848340153694153,0.45069941878318787,0.34134599566459656,0.00016910626489868649
921,0.4643547832965851,0.4318363666534424,0.3251841366291046,0.00016902512402344373
922,0.4271072745323181,0.39731112122535706,0.29796144366264343,0.00016894389625399226
923,0.43597611784935,0.4052346348762512,0.3074149489402771,0.0001688625816925879
924,0.44473081827163696,0.4137226641178131,0.31008169054985046,0.00016878118044159578
925,0.44065552949905396,0.40955692529678345,0.310986191034317,0.00016869969260349018
926,0.45297113060951233,0.4213908612728119,0.31580275297164917,0.00016861811828085429
927,0.4820138216018677,0.44845712184906006,0.3355671465396881,0.00016853645757638024
928,0.458445280790329,0.42639291286468506,0.3205236792564392,0.00016845471059286887
929,0.4682137966156006,0.4350939989089966,0.33119794726371765,0.00016837287743322975
930,0.4433639347553253,0.41176557540893555,0.31598353385925293,0.00016829095820048072
931,0.4579457938671112,0.4262325167655945,0.31713274121284485,0.00016820895299774814
932,0.475582093000412,0.44170713424682617,0.3387494683265686,0.00016812686192826663
933,0.4551379084587097,0.4226630926132202,0.3247480094432831,0.00016804468509537874
934,0.44339895248413086,0.4122256934642792,0.3117325007915497,0.00016796242260253512
935,0.43977606296539307,0.40894919633865356,0.30826863646507263,0.0001678800745532942
936,0.4450379014015198,0.4140722155570984,0.3096569776535034,0.0001677976410513221
937,0.446338027715683,0.4152557849884033,0.31082239747047424,0.00016771512220039255
938,0.436646044254303,0.40558475255966187,0.3106127679347992,0.00016763251810438678
939,0.4667409062385559,0.4342162609100342,0.32524651288986206,0.00016754982886729318
940,0.46180152893066406,0.4292694926261902,0.3253202438354492,0.00016746705459320745
941,0.48427826166152954,0.4499058723449707,0.3437238931655884,0.0001673841953863323
942,0.4594610631465912,0.42732003331184387,0.3214103877544403,0.00016730125135097735
943,0.4147411286830902,0.38590583205223083,0.2883530259132385,0.00016721822259155902
944,0.4514145255088806,0.41971203684806824,0.3170248568058014,0.0001671351092126004
945,0.45465829968452454,0.42294150590896606,0.31716805696487427,0.00016705191131873107
946,0.4415730834007263,0.4101569950580597,0.31416088342666626,0.0001669686290146871
947,0.4672115743160248,0.4338631331920624,0.3334845304489136,0.00016688526240531064
948,0.4466491937637329,0.4155287742614746,0.311204195022583,0.00016680181159555013
949,0.4723813533782959,0.4394933581352234,0.32887986302375793,0.00016671827669045998
950,0.4746520221233368,0.44140732288360596,0.33244699239730835,0.0001666346577952004
951,0.4657188057899475,0.4330544173717499,0.3266439437866211,0.00016655095501503738
952,0.4359111487865448,0.4046922028064728,0.3121894299983978,0.0001664671684553426
953,0.4191083014011383,0.3896535634994507,0.29454749822616577,0.00016638329822159296
954,0.4469607174396515,0.4150770306587219,0.3188368082046509,0.00016629934441937097
955,0.4547850489616394,0.42290106415748596,0.3188396990299225,0.00016621530715436414
956,0.46120357513427734,0.4288526475429535,0.3235093951225281,0.00016613118653236518
957,0.4474995732307434,0.4161900579929352,0.3130950331687927,0.00016604698265927173
958,0.4449739456176758,0.41362613439559937,0.31347817182540894,0.0001659626956410861
959,0.4100252687931061,0.3809526860713959,0.2907259464263916,0.0001658783255839154
960,0.4649682343006134,0.43257126212120056,0.3239697217941284,0.00016579387259397127
961,0.4551936984062195,0.42305058240890503,0.321431040763855,0.00016570933677756967
962,0.449323832988739,0.4173198640346527,0.3200397789478302,0.00016562471824113092
963,0.4667888879776001,0.4339263439178467,0.32862553000450134,0.0001655400170911794
964,0.47406280040740967,0.440780371427536,0.33282414078712463,0.00016545523343434356
965,0.45664548873901367,0.4250181317329407,0.31627357006073,0.00016537036737735564
966,0.46728354692459106,0.4333564341068268,0.33927109837532043,0.00016528541902705162
967,0.46792659163475037,0.43475934863090515,0.33167243003845215,0.00016520038849037117
968,0.4650568664073944,0.43238553404808044,0.3267132341861725,0.00016511527587435737
969,0.4552883803844452,0.42305079102516174,0.32237592339515686,0.00016503008128615655
970,0.42890626192092896,0.3985280990600586,0.3037817180156708,0.00016494480483301836
971,0.4551941454410553,0.4233841300010681,0.3181002140045166,0.00016485944662229546
972,0.4440975487232208,0.41272416710853577,0.3137337863445282,0.00016477400676144334
973,0.447452574968338,0.4161193370819092,0.31333228945732117,0.00016468848535802045
974,0.47017350792884827,0.4374304413795471,0.32743075489997864,0.00016460288251968775
975,0.44465190172195435,0.4136383533477783,0.3101356327533722,0.00016451719835420877
976,0.45883309841156006,0.4263317883014679,0.3250131905078888,0.00016443143296944945
977,0.44157156348228455,0.41065385937690735,0.30917713046073914,0.0001643455864733779
978,0.440036416053772,0.4085867702960968,0.3144964575767517,0.0001642596589740644
979,0.44725459814071655,0.4157273471355438,0.31527265906333923,0.00016417365057968123
980,0.473530650138855,0.4405377209186554,0.3299292325973511,0.0001640875613985024
981,0.47654271125793457,0.44307926297187805,0.3346345126628876,0.00016400139153890375
982,0.440536230802536,0.40939775109291077,0.31138476729393005,0.00016391514110936255
983,0.47763705253601074,0.4437354803085327,0.33901578187942505,0.00016382881021845762
984,0.4572921395301819,0.4247877299785614,0.3250439763069153,0.000163742398974869
985,0.45114850997924805,0.4195118546485901,0.31636640429496765,0.00016365590748737788
986,0.44928601384162903,0.4177071750164032,0.3157883882522583,0.00016356933586486648
987,0.4564293324947357,0.42436736822128296,0.32061952352523804,0.00016348268421631797
988,0.4308634400367737,0.40015873312950134,0.3070472180843353,0.0001633959526508162
989,0.4618379473686218,0.4296690821647644,0.32168853282928467,0.00016330914127754553
990,0.4574211537837982,0.42547523975372314,0.31945911049842834,0.00016322225020579099
991,0.4626464247703552,0.4301010072231293,0.3254542946815491,0.00016313527954493778
992,0.43693211674690247,0.4058738052845001,0.310583233833313,0.00016304822940447139
993,0.4656461775302887,0.43281877040863037,0.3282739818096161,0.0001629610998939773
994,0.4626997411251068,0.4300462603569031,0.32653480768203735,0.00016287389112314092
995,0.4476836919784546,0.4154612123966217,0.32222476601600647,0.00016278660320174747
996,0.45940524339675903,0.42704129219055176,0.3236393928527832,0.0001626992362396818
997,0.44938936829566956,0.4179384112358093,0.31450966000556946,0.00016261179034692826
998,0.4567238390445709,0.42451906204223633,0.32204777002334595,0.00016252426563357052
999,0.4454079866409302,0.41395267844200134,0.3145529329776764,0.00016243666220979157
1000,0.4506154954433441,0.41864436864852905,0.31971120834350586,0.00016234898018587337
1001,0.46203792095184326,0.42952993512153625,0.3250797390937805,0.0001622612196721969
1002,0.4454241394996643,0.41448259353637695,0.30941545963287354,0.000162173380779242
1003,0.41334059834480286,0.3845970630645752,0.2874354422092438,0.00016208546361758707
1004,0.45235347747802734,0.42096465826034546,0.3138881325721741,0.00016199746829790906
1005,0.47025200724601746,0.43676450848579407,0.33487504720687866,0.00016190939493098344
1006,0.483904093503952,0.4495954215526581,0.3430866599082947,0.00016182124362768368
1007,0.47374552488327026,0.44094765186309814,0.32797884941101074,0.00016173301449898166
1008,0.45958077907562256,0.4271637797355652,0.3241700232028961,0.00016164470765594698
1009,0.4426725506782532,0.41199225187301636,0.3068028688430786,0.00016155632320974728
1010,0.44524818658828735,0.41387939453125,0.3136879503726959,0.00016146786127164771
1011,0.42297765612602234,0.39279642701148987,0.30181223154067993,0.00016137932195301114
1012,0.442128986120224,0.41133326292037964,0.30795732140541077,0.00016129070536529766
1013,0.42528635263442993,0.3953922390937805,0.2989412844181061,0.00016120201162006482
1014,0.44997915625572205,0.4173884987831116,0.3259066343307495,0.0001611132408289672
1015,0.458206444978714,0.4258487820625305,0.32357674837112427,0.00016102439310375637
1016,0.4636557698249817,0.4310852289199829,0.3257054090499878,0.00016093546855628084
1017,0.45153185725212097,0.41965344548225403,0.31878405809402466,0.00016084646729848568
1018,0.46324875950813293,0.43102091550827026,0.32227855920791626,0.00016075738944241268
1019,0.42839813232421875,0.3984065055847168,0.29991626739501953,0.00016066823510019998
1020,0.45967015624046326,0.42758265137672424,0.32087498903274536,0.000160579004384082
1021,0.45052486658096313,0.4190863072872162,0.31438571214675903,0.00016048969740638933
1022,0.4377548098564148,0.40644747018814087,0.31307336688041687,0.00016040031427954853
1023,0.42747628688812256,0.3977988064289093,0.2967747449874878,0.00016031085511608213
1024,0.44017040729522705,0.4087635576725006,0.31406834721565247,0.00016022132002860824
1025,0.47012436389923096,0.43708541989326477,0.3303893506526947,0.00016013170912984058
1026,0.4622929096221924,0.4296235144138336,0.32669395208358765,0.00016004202253258842
1027,0.45957714319229126,0.4274156391620636,0.3216150999069214,0.00015995226034975617
1028,0.4399472773075104,0.40911367535591125,0.3083360493183136,0.00015986242269434354
1029,0.44956061244010925,0.41800662875175476,0.3155398964881897,0.00015977250967944508
1030,0.4607701003551483,0.42782095074653625,0.32949140667915344,0.00015968252141825037
1031,0.4500200152397156,0.4184243977069855,0.31595611572265625,0.00015959245802404365
1032,0.44990938901901245,0.4183257222175598,0.3158367872238159,0.00015950231961020373
1033,0.4444398880004883,0.4129006564617157,0.31539246439933777,0.00015941210629020388
1034,0.46659523248672485,0.4340692162513733,0.3252602815628052,0.00015932181817761163
1035,0.438464879989624,0.4078000485897064,0.3066484034061432,0.00015923145538608875
1036,0.44954532384872437,0.41825565695762634,0.3128965198993683,0.0001591410180293909
1037,0.4359520673751831,0.40550899505615234,0.30443084239959717,0.00015905050622136777
1038,0.45471373200416565,0.42284199595451355,0.31871747970581055,0.0001589599200759626
1039,0.4558787941932678,0.42312052845954895,0.3275826573371887,0.00015886925970721235
1040,0.46199852228164673,0.42894086241722107,0.33057668805122375,0.00015877852522924732
1041,0.4638788402080536,0.4315726161003113,0.32306215167045593,0.00015868771675629114
1042,0.44161561131477356,0.4104228913784027,0.31192708015441895,0.00015859683440266068
1043,0.46444597840309143,0.4315555691719055,0.32890409231185913,0.00015850587828276564
1044,0.4353935420513153,0.4049797058105469,0.30413830280303955,0.0001584148485111087
1045,0.4694975018501282,0.4361085295677185,0.3338897228240967,0.00015832374520228525
1046,0.4636651277542114,0.4306944012641907,0.32970714569091797,0.00015823256847098324
1047,0.4574483036994934,0.4242330491542816,0.33215251564979553,0.00015814131843198308
1048,0.45634254813194275,0.424272745847702,0.3206979036331177,0.00015804999520015734
1049,0.44999468326568604,0.41836127638816833,0.3163341283798218,0.00015795859889047091
1050,0.4451977610588074,0.4143390357494354,0.30858713388442993,0.0001578671296179806
1051,0.46246761083602905,0.42941972613334656,0.33047884702682495,0.000157775587497835
1052,0.4385893940925598,0.40823695063591003,0.3035244941711426,0.00015768397264527448
1053,0.43387603759765625,0.40301239490509033,0.3086365759372711,0.00015759228517563099
1054,0.44883981347084045,0.4170933961868286,0.31746426224708557,0.00015750052520432787
1055,0.46124088764190674,0.4287332594394684,0.32507631182670593,0.0001574086928468797
1056,0.4640856087207794,0.43085911870002747,0.33226487040519714,0.00015731678821889224
1057,0.45694029331207275,0.42497116327285767,0.31969133019447327,0.0001572248114360622
1058,0.44237640500068665,0.4112839102745056,0.3109249174594879,0.00015713276261417706
1059,0.4855811595916748,0.4515031576156616,0.3407801389694214,0.00015704064186911518
1060,0.44988131523132324,0.41808223724365234,0.31799063086509705,0.0001569484493168452
1061,0.4764558672904968,0.44320693612098694,0.33248934149742126,0.0001568561850734264
1062,0.4612092971801758,0.4290190041065216,0.3219030499458313,0.00015676384925500814
1063,0.4670558273792267,0.4344903826713562,0.3256545066833496,0.00015667144197783
1064,0.4438243508338928,0.4126589894294739,0.3116537630558014,0.00015657896335822147
1065,0.4677985906600952,0.4349736273288727,0.3282495141029358,0.00015648641351260177
1066,0.4542999565601349,0.4222888648509979,0.320110946893692,0.00015639379255747994
1067,0.4487065076828003,0.41711387038230896,0.3159264326095581,0.0001563011006094544
1068,0.48855236172676086,0.45425546169281006,0.3429691195487976,0.00015620833778521307
1069,0.4712212383747101,0.43861639499664307,0.326048344373703,0.00015611550420153297
1070,0.44139090180397034,0.41008180379867554,0.3130910396575928,0.00015602259997528028
1071,0.45763304829597473,0.4258466064929962,0.3178645372390747,0.0001559296252234101
1072,0.46464893221855164,0.43191447854042053,0.32734444737434387,0.00015583658006296624
1073,0.44625282287597656,0.4151231348514557,0.3112967312335968,0.0001557434646110813
1074,0.4458337724208832,0.4144643247127533,0.3136945366859436,0.00015565027898497617
1075,0.4545091390609741,0.4225162863731384,0.31992843747138977,0.00015555702330196023
1076,0.4585779011249542,0.4267638325691223,0.31814059615135193,0.00015546369767943102
1077,0.42817553877830505,0.3977704346179962,0.3040510416030884,0.0001553703022348741
1078,0.4184745252132416,0.3895367383956909,0.28937798738479614,0.0001552768370858629
1079,0.47261449694633484,0.4389982521533966,0.3361623287200928,0.00015518330235005868
1080,0.4600926339626312,0.4275616407394409,0.32530996203422546,0.00015508969814521025
1081,0.4601331651210785,0.428020715713501,0.3211245536804199,0.0001549960245891539
1082,0.45398256182670593,0.4223380386829376,0.31644532084465027,0.0001549022817998132
1083,0.47711482644081116,0.4434211552143097,0.3369366228580475,0.00015480846989519885
1084,0.4418144226074219,0.4111366271972656,0.3067779541015625,0.0001547145889934086
1085,0.4384661018848419,0.40795230865478516,0.3051378130912781,0.0001546206392126271
1086,0.45535001158714294,0.42319780588150024,0.32152193784713745,0.0001545266206711256
1087,0.4057897925376892,0.3773607015609741,0.2842908501625061,0.00015443253348726202
1088,0.4938475489616394,0.45944175124168396,0.3440580368041992,0.0001543383777794806
1089,0.45033007860183716,0.4189777970314026,0.3135227560997009,0.00015424415366631188
1090,0.46714547276496887,0.43402984738349915,0.33115625381469727,0.00015414986126637258
1091,0.46904927492141724,0.4361291527748108,0.32920128107070923,0.00015405550069836528
1092,0.4366972744464874,0.4059720039367676,0.3072526156902313,0.00015396107208107845
1093,0.4603728950023651,0.42819422483444214,0.32178664207458496,0.0001538665755333862
1094,0.4615802466869354,0.42903146147727966,0.32548779249191284,0.00015377201117424812
1095,0.454131543636322,0.4223242998123169,0.3180724084377289,0.0001536773791227092
1096,0.4626801311969757,0.43026718497276306,0.3241294026374817,0.00015358267949789966
1097,0.43556082248687744,0.40460526943206787,0.3095554709434509,0.0001534879124190348
1098,0.4560142159461975,0.4238365590572357,0.3217765986919403,0.00015339307800541475
1099,0.4315014183521271,0.40124931931495667,0.30252110958099365,0.00015329817637642454
1100,0.4399130046367645,0.4090791940689087,0.3083382248878479,0.00015320320765153367
1101,0.47692233324050903,0.4432761073112488,0.3364623486995697,0.0001531081719502962
1102,0.43601447343826294,0.405678927898407,0.3033556044101715,0.00015301306939235053
1103,0.43386590480804443,0.402973473072052,0.30892446637153625,0.00015291790009741907
1104,0.4683495759963989,0.43519219756126404,0.3315737545490265,0.00015282266418530847
1105,0.4102548658847809,0.3812459707260132,0.2900889813899994,0.000152727361775909
1106,0.47404763102531433,0.4406101703643799,0.33437448740005493,0.00015263199298919488
1107,0.45293620228767395,0.4212818741798401,0.3165432810783386,0.00015253655794522368
1108,0.4495275616645813,0.417852520942688,0.31675055623054504,0.0001524410567641366
1109,0.4558185636997223,0.42398250102996826,0.3183605670928955,0.00015234548956615784
1110,0.4469360411167145,0.4157734215259552,0.3116263151168823,0.0001522498564715949
1111,0.4327990710735321,0.40180763602256775,0.3099144697189331,0.0001521541576008382
1112,0.4644853472709656,0.43199053406715393,0.32494819164276123,0.00015205839307436088
1113,0.48668694496154785,0.4513045847415924,0.3538234829902649,0.00015196256301271884
1114,0.49040040373802185,0.45577335357666016,0.34627047181129456,0.0001518666675365504
1115,0.4344087541103363,0.40377968549728394,0.3062906861305237,0.00015177070676657633
1116,0.4148417115211487,0.38590750098228455,0.2893420457839966,0.00015167468082359945
1117,0.4614018499851227,0.4287932515144348,0.3260859251022339,0.00015157858982850475
1118,0.45572876930236816,0.4236496388912201,0.32079142332077026,0.00015148243390225908
1119,0.46371227502822876,0.4310218095779419,0.3269045352935791,0.00015138621316591094
1120,0.45732060074806213,0.42538022994995117,0.31940364837646484,0.00015128992774059063
1121,0.4931277930736542,0.4582216143608093,0.3490617573261261,0.00015119357774750965
1122,0.46458011865615845,0.4319875240325928,0.3259260654449463,0.0001510971633079609
1123,0.43106481432914734,0.4007563591003418,0.30308449268341064,0.00015100068454331836
1124,0.449418306350708,0.41754773259162903,0.31870588660240173,0.00015090414157503714
1125,0.4307446777820587,0.4003482460975647,0.3039642870426178,0.00015080753452465296
1126,0.4681510925292969,0.43507206439971924,0.33079034090042114,0.00015071086351378231
1127,0.44477391242980957,0.41382744908332825,0.30946457386016846,0.00015061412866412225
1128,0.4208630621433258,0.3912617862224579,0.29601266980171204,0.00015051733009745013
1129,0.446834921836853,0.415096253156662,0.3173866271972656,0.00015042046793562348
1130,0.462184876203537,0.4302256107330322,0.31959277391433716,0.00015032354230058004
1131,0.42966458201408386,0.3995646834373474,0.3009989857673645,0.00015022655331433727
1132,0.4592598080635071,0.4267984926700592,0.32461318373680115,0.0001501295010989925
1133,0.4512507915496826,0.4193033277988434,0.3194747567176819,0.00015003238577672266
1134,0.4632173478603363,0.43119707703590393,0.32020261883735657,0.00014993520746978405
1135,0.4506320357322693,0.41899335384368896,0.316386878490448,0.0001498379663005123
1136,0.4590608477592468,0.42679378390312195,0.3226705491542816,0.0001497406623913222
1137,0.4385931193828583,0.40776824951171875,0.30824869871139526,0.00014964329586470752
1138,0.4765028953552246,0.4426615238189697,0.3384137749671936,0.00014954586684324078
1139,0.437079519033432,0.4061724841594696,0.30907028913497925,0.00014944837544957323
1140,0.45799222588539124,0.4258675277233124,0.3212471008300781,0.0001493508218064347
1141,0.43164652585983276,0.4012097120285034,0.3043680787086487,0.00014925320603663327
1142,0.45690158009529114,0.4248039424419403,0.32097625732421875,0.00014915552826305533
1143,0.4418342113494873,0.4108220338821411,0.31012165546417236,0.0001490577886086652
1144,0.45906907320022583,0.426677942276001,0.32391130924224854,0.00014895998719650526
1145,0.4559818506240845,0.42390182614326477,0.320800244808197,0.00014886212414969553
1146,0.4426807165145874,0.4112362265586853,0.3144449293613434,0.0001487641995914336
1147,0.45879217982292175,0.4264506697654724,0.32341518998146057,0.0001486662136449946
1148,0.4582761824131012,0.42575204372406006,0.32524141669273376,0.00014856816643373083
1149,0.4457050561904907,0.41483503580093384,0.3087001144886017,0.00014847005808107185
1150,0.44785600900650024,0.4167698919773102,0.31086117029190063,0.000148371888710524
1151,0.4448087513446808,0.4137929379940033,0.31015804409980774,0.0001482736584456706
1152,0.42579689621925354,0.39576128125190735,0.3003562390804291,0.00014817536741017152
1153,0.47247812151908875,0.43988436460494995,0.32593753933906555,0.00014807701572776323
1154,0.4446474611759186,0.4125959575176239,0.3205150067806244,0.00014797860352225853
1155,0.46993905305862427,0.4368119537830353,0.33127087354660034,0.00014788013091754628
1156,0.4491828382015228,0.41741490364074707,0.3176793158054352,0.00014778159803759158
1157,0.4566856622695923,0.42464202642440796,0.3204365074634552,0.00014768300500643517
1158,0.4645378887653351,0.4314183294773102,0.3311956226825714,0.00014758435194819376
1159,0.45911067724227905,0.42711254954338074,0.31998124718666077,0.00014748563898705946
1160,0.421261727809906,0.3916705846786499,0.2959113121032715,0.00014738686624729986
1161,0.45407480001449585,0.4217948615550995,0.3227993845939636,0.00014728803385325782
1162,0.4377322494983673,0.40675675868988037,0.3097549080848694,0.0001471891419293512
1163,0.4534679055213928,0.42160457372665405,0.31863337755203247,0.00014709019060007286
1164,0.4549447298049927,0.42263907194137573,0.3230566084384918,0.00014699117998999054
1165,0.4670356512069702,0.43444135785102844,0.3259430229663849,0.00014689211022374645
1166,0.4320427477359772,0.4018421769142151,0.3020057678222656,0.00014679298142605734
1167,0.47047168016433716,0.43769901990890503,0.32772648334503174,0.0001466937937217143
1168,0.4410989582538605,0.41019514203071594,0.3090381920337677,0.00014659454723558248
1169,0.4549102783203125,0.4231260418891907,0.3178422451019287,0.00014649524209260116
1170,0.4515778124332428,0.419723242521286,0.3185456395149231,0.00014639587841778343
1171,0.4479614794254303,0.4164855480194092,0.31475919485092163,0.0001462964563362159
1172,0.45140308141708374,0.4193689823150635,0.3203410506248474,0.00014619697597305898
1173,0.46378159523010254,0.431581050157547,0.3220053017139435,0.00014609743745354624
1174,0.44074100255966187,0.4097338616847992,0.31007155776023865,0.0001459978409029845
1175,0.4426128566265106,0.41156241297721863,0.3105044662952423,0.00014589818644675378
1176,0.4586184024810791,0.42612239718437195,0.3249599039554596,0.00014579847421030678
1177,0.44490402936935425,0.41396403312683105,0.3094000816345215,0.00014569870431916903
1178,0.4712086319923401,0.43798989057540894,0.3321874439716339,0.0001455988768989387
1179,0.4401817321777344,0.40963199734687805,0.3054973781108856,0.00014549899207528632
1180,0.4850420653820038,0.4509662985801697,0.3407577872276306,0.00014539904997395468
1181,0.44073721766471863,0.4094112515449524,0.3132595419883728,0.00014529905072075872
1182,0.4544883966445923,0.4224108159542084,0.32077592611312866,0.00014519899444158526
1183,0.4338184893131256,0.4034688174724579,0.30349668860435486,0.00014509888126239297
1184,0.4537367820739746,0.42200735211372375,0.3172944486141205,0.00014499871130921213
1185,0.4534095227718353,0.42144444584846497,0.3196507692337036,0.00014489848470814447
1186,0.46551424264907837,0.43214595317840576,0.3336830139160156,0.00014479820158536306
1187,0.449409544467926,0.4175672233104706,0.318423330783844,0.00014469786206711214
1188,0.4506078362464905,0.4188642203807831,0.317436158657074,0.00014459746627970685
1189,0.450422465801239,0.4188798666000366,0.31542614102363586,0.0001444970143495333
1190,0.47552379965782166,0.44188210368156433,0.3364170789718628,0.00014439650640304822
1191,0.471975713968277,0.4389142692089081,0.33061453700065613,0.00014429594256677882
1192,0.4596569538116455,0.427136093378067,0.32520851492881775,0.0001441953229673227
1193,0.45228111743927,0.42064544558525085,0.31635668873786926,0.00014409464773134764
1194,0.4573603868484497,0.4251537621021271,0.32206618785858154,0.00014399391698559152
1195,0.4760299026966095,0.4426504969596863,0.3337940573692322,0.00014389313085686205
1196,0.45002543926239014,0.41840648651123047,0.3161894977092743,0.00014379228947203665
1197,0.442860871553421,0.4114227294921875,0.31438148021698,0.0001436913929580623
1198,0.4425663948059082,0.41169553995132446,0.30870869755744934,0.00014359044144195547
1199,0.459766685962677,0.4279012382030487,0.3186545968055725,0.00014348943505080173
1200,0.42500290274620056,0.3954378366470337,0.2956506907939911,0.00014338837391175582
1201,0.4383161962032318,0.40760642290115356,0.307097852230072,0.00014328725815204144
1202,0.46050405502319336,0.42829960584640503,0.32204434275627136,0.00014318608789895088
1203,0.4682067930698395,0.4356573522090912,0.3254943788051605,0.00014308486327984523
1204,0.46463412046432495,0.4317097067832947,0.32924407720565796,0.00014298358442215388
1205,0.4424576759338379,0.4107975959777832,0.3166006803512573,0.00014288225145337466
1206,0.4501487910747528,0.4180031418800354,0.3214564621448517,0.0001427808645010733
1207,0.4136982560157776,0.38442352414131165,0.2927474081516266,0.00014267942369288364
1208,0.46272939443588257,0.42961403727531433,0.33115354180336,0.00014257792915650728
1209,0.45245596766471863,0.4208604693412781,0.31595492362976074,0.00014247638101971344
1210,0.4686923325061798,0.4360981285572052,0.32594209909439087,0.00014237477941033888
1211,0.44246649742126465,0.41129764914512634,0.3116884231567383,0.00014227312445628759
1212,0.4583771228790283,0.4260830283164978,0.3229409456253052,0.00014217141628553078
1213,0.4521235227584839,0.4202652871608734,0.3185824453830719,0.00014206965502610655
1214,0.47223129868507385,0.4391162097454071,0.33115100860595703,0.00014196784080612002
1215,0.4269290566444397,0.3968433439731598,0.3008570969104767,0.0001418659737537428
1216,0.43283864855766296,0.4026361107826233,0.30202528834342957,0.00014176405399721312
1217,0.4659405052661896,0.4336417019367218,0.32298794388771057,0.00014166208166483548
1218,0.4638216197490692,0.43123242259025574,0.3258919417858124,0.00014156005688498063
1219,0.45075497031211853,0.41870400309562683,0.320509672164917,0.00014145797978608527
1220,0.4744408428668976,0.44134026765823364,0.33100566267967224,0.00014135585049665207
1221,0.43345481157302856,0.40372735261917114,0.29727473855018616,0.00014125366914524934
1222,0.45398151874542236,0.4222336709499359,0.3174785375595093,0.00014115143586051088
1223,0.45969536900520325,0.4276633560657501,0.32032012939453125,0.000141049150771136
1224,0.4315531849861145,0.40136775374412537,0.3018544316291809,0.00014094681400588906
1225,0.4612748920917511,0.4283541440963745,0.32920747995376587,0.00014084442569359964
1226,0.4465145468711853,0.41517508029937744,0.31339478492736816,0.00014074198596316205
1227,0.4511393904685974,0.41954103112220764,0.31598347425460815,0.0001406394949435355
1228,0.4349318742752075,0.4047347605228424,0.3019711375236511,0.0001405369527637436
1229,0.4391084611415863,0.40811365842819214,0.3099480867385864,0.00014043435955287452
1230,0.4708844721317291,0.4381299316883087,0.3275453448295593,0.00014033171544008052
1231,0.44482001662254333,0.41426095366477966,0.3055906295776367,0.00014022902055457802
1232,0.4548318684101105,0.42323067784309387,0.316011905670166,0.00014012627502564743
1233,0.4553956389427185,0.4237452447414398,0.31650403141975403,0.00014002347898263274
1234,0.4464417099952698,0.41479241847991943,0.3164929151535034,0.0001399206325549417
1235,0.4535799026489258,0.4218956232070923,0.316842645406723,0.00013981773587204535
1236,0.44319474697113037,0.41194218397140503,0.3125256896018982,0.00013971478906347806
1237,0.43495500087738037,0.40474069118499756,0.30214303731918335,0.00013961179225883735
1238,0.474068820476532,0.4406334161758423,0.334354043006897,0.00013950874558778362
1239,0.4419185221195221,0.41092389822006226,0.30994632840156555,0.00013940564918004004
1240,0.4682546555995941,0.4355619549751282,0.32692697644233704,0.00013930250316539238
1241,0.47331976890563965,0.43997153639793396,0.33348220586776733,0.00013919930767368891
1242,0.44919681549072266,0.4171323776245117,0.32064422965049744,0.00013909606283484018
1243,0.44924139976501465,0.4180065095424652,0.3123488128185272,0.00013899276877881884
1244,0.46618321537971497,0.43357911705970764,0.32604101300239563,0.0001388894256356595
1245,0.4331617057323456,0.4026222825050354,0.30539417266845703,0.00013878603353545854
1246,0.45430389046669006,0.42222896218299866,0.3207493722438812,0.00013868259260837402
1247,0.46995440125465393,0.43712419271469116,0.32830196619033813,0.00013857910298462544
1248,0.44254299998283386,0.4114326238632202,0.3111037015914917,0.0001384755647944936
1249,0.4629461467266083,0.4305320084095001,0.32414138317108154,0.0001383719781683205
1250,0.458627849817276,0.4268203675746918,0.3180748522281647,0.000138268343236509
1251,0.4439055323600769,0.41294747591018677,0.3095806837081909,0.00013816466012952285
1252,0.456304132938385,0.42459139227867126,0.3171272575855255,0.00013806092897788644
1253,0.4545719027519226,0.42271310091018677,0.3185880780220032,0.00013795714991218463
1254,0.44468340277671814,0.4136604964733124,0.31022903323173523,0.00013785332306306259
1255,0.46097531914711,0.4287419617176056,0.32233354449272156,0.00013774944856122568
1256,0.4543466567993164,0.4223830997943878,0.3196355998516083,0.0001376455265374392
1257,0.4516427516937256,0.42003369331359863,0.31609052419662476,0.00013754155712252832
1258,0.44155651330947876,0.41036030650138855,0.3119620978832245,0.00013743754044737781
1259,0.455851674079895,0.4238642454147339,0.31987422704696655,0.000137333476642932
1260,0.44101306796073914,0.4102397859096527,0.3077329397201538,0.00013722936584019453
1261,0.45707225799560547,0.4249826967716217,0.32089561223983765,0.00013712520817022817
1262,0.4758443236351013,0.44218945503234863,0.33654871582984924,0.00013702100376415473
1263,0.4465670585632324,0.4154719114303589,0.3109515607357025,0.00013691675275315484
1264,0.46594947576522827,0.4330882728099823,0.3286118805408478,0.00013681245526846783
1265,0.4272596538066864,0.3975624740123749,0.29697185754776,0.00013670811144139144
1266,0.47525015473365784,0.44199225306510925,0.3325789272785187,0.00013660372140328187
1267,0.4619600474834442,0.4299032986164093,0.32056736946105957,0.00013649928528555342
1268,0.44065988063812256,0.4098113179206848,0.3084857165813446,0.00013639480321967845
1269,0.43940842151641846,0.40860262513160706,0.3080580532550812,0.0001362902753371871
1270,0.4402898848056793,0.4097328782081604,0.3055700659751892,0.00013618570176966724
1271,0.46197178959846497,0.4292929470539093,0.32678836584091187,0.0001360810826487642
1272,0.4293612241744995,0.39944392442703247,0.2991730570793152,0.00013597641810618073
1273,0.43710437417030334,0.4062877297401428,0.30816635489463806,0.00013587170827367663
1274,0.43757399916648865,0.4066574275493622,0.3091658055782318,0.00013576695328306894
1275,0.44492825865745544,0.4137176275253296,0.31210628151893616,0.0001356621532662313
1276,0.43365854024887085,0.40317678451538086,0.3048175573348999,0.0001355573083550942
1277,0.4454444646835327,0.41464507579803467,0.30799394845962524,0.00013545241868164457
1278,0.4681747555732727,0.43574443459510803,0.3243032693862915,0.00013534748437792573
1279,0.46336522698402405,0.4308452010154724,0.32520028948783875,0.00013524250557603713
1280,0.4635927677154541,0.4316284656524658,0.31964313983917236,0.0001351374824081343
1281,0.46865102648735046,0.4360106587409973,0.32640358805656433,0.00013503241500642855
1282,0.44294053316116333,0.41218236088752747,0.3075818121433258,0.00013492730350318696
1283,0.44655609130859375,0.4156114161014557,0.30944687128067017,0.00013482214803073209
1284,0.44528892636299133,0.4140775799751282,0.31211337447166443,0.00013471694872144188
1285,0.4626711905002594,0.43046051263809204,0.32210683822631836,0.0001346117057077493
1286,0.45112675428390503,0.4196877181529999,0.3143903911113739,0.00013450641912214262
1287,0.43179216980934143,0.4017946720123291,0.2999749779701233,0.00013440108909716468
1288,0.40977343916893005,0.380817174911499,0.28956255316734314,0.00013429571576541315
1289,0.469206839799881,0.4368989169597626,0.32307931780815125,0.00013419029925954029
1290,0.4502915143966675,0.41916656494140625,0.31124961376190186,0.0001340848397122525
1291,0.4453243613243103,0.4137582778930664,0.31566092371940613,0.00013397933725631055
1292,0.46904900670051575,0.4360767900943756,0.329722136259079,0.00013387379202452917
1293,0.436797171831131,0.4057912528514862,0.310059130191803,0.00013376820414977685
1294,0.42617151141166687,0.39644238352775574,0.2972913384437561,0.0001336625737649759
1295,0.463378369808197,0.4314490556716919,0.3192930817604065,0.00013355690100310213
1296,0.45451727509498596,0.42259305715560913,0.31924206018447876,0.00013345118599718457
1297,0.4640392065048218,0.4317106604576111,0.3232855200767517,0.00013334542888030553
1298,0.46933358907699585,0.43606704473495483,0.3326655626296997,0.00013323962978560033
1299,0.46099457144737244,0.42857667803764343,0.32417887449264526,0.0001331337888462571
1300,0.4587944746017456,0.4266619384288788,0.32132548093795776,0.00013302790619551674
1301,0.4335818886756897,0.4033513069152832,0.302305668592453,0.00013292198196667248
1302,0.42373743653297424,0.3943031132221222,0.29434332251548767,0.00013281601629307007
1303,0.4352535605430603,0.40489083528518677,0.3036273419857025,0.00013271000930810737
1304,0.44486626982688904,0.41372767090797424,0.3113858997821808,0.0001326039611452342
1305,0.4481877088546753,0.416578471660614,0.31609246134757996,0.00013249787193795226
1306,0.43928056955337524,0.4085642099380493,0.30716368556022644,0.00013239174181981495
1307,0.4284319579601288,0.39863482117652893,0.29797133803367615,0.00013228557092442712
1308,0.45487159490585327,0.42289280891418457,0.31978797912597656,0.00013217935938544497
1309,0.43240979313850403,0.40257975459098816,0.29830047488212585,0.00013207310733657585
1310,0.47861605882644653,0.44541385769844055,0.3320218622684479,0.00013196681491157818
1311,0.41239774227142334,0.3836604654788971,0.2873729169368744,0.00013186048224426107
1312,0.44708722829818726,0.41621777415275574,0.30869442224502563,0.00013175410946848445
1313,0.4344361126422882,0.4037817418575287,0.30654361844062805,0.00013164769671815862
1314,0.4351581931114197,0.40483564138412476,0.303225576877594,0.0001315412441272443
1315,0.4454602003097534,0.41377556324005127,0.31684643030166626,0.00013143475182975222
1316,0.46177762746810913,0.42931926250457764,0.3245837390422821,0.00013132821995974326
1317,0.4540642201900482,0.42171674966812134,0.3234746754169464,0.00013122164865132807
1318,0.47716209292411804,0.44357743859291077,0.33584654331207275,0.00013111503803866684
1319,0.45172280073165894,0.4203420579433441,0.31380757689476013,0.0001310083882559694
1320,0.48025038838386536,0.4464820623397827,0.3376832604408264,0.00013090169943749476
1321,0.4294642508029938,0.39926275610923767,0.30201488733291626,0.00013079497171755112
1322,0.45502352714538574,0.42270293831825256,0.32320594787597656,0.00013068820523049572
1323,0.47468557953834534,0.44197967648506165,0.3270590603351593,0.00013058140011073448
1324,0.4633979797363281,0.43106332421302795,0.32334646582603455,0.00013047455649272207
1325,0.4599568843841553,0.42747440934181213,0.32482489943504333,0.00013036767451096148
1326,0.4212813377380371,0.39178627729415894,0.29495060443878174,0.00013026075430000417
1327,0.43084123730659485,0.4005836248397827,0.30257606506347656,0.00013015379599444957
1328,0.44053027033805847,0.4099784791469574,0.3055180311203003,0.0001300467997289452
1329,0.441950261592865,0.4108644127845764,0.3108586072921753,0.00012993976563818626
1330,0.4594420790672302,0.42715540528297424,0.3228667974472046,0.0001298326938569156
1331,0.43784499168395996,0.4071855843067169,0.30659422278404236,0.00012972558451992362
1332,0.4842251241207123,0.4505452811717987,0.3367985486984253,0.00012961843776204777
1333,0.47214335203170776,0.4395345449447632,0.3260880708694458,0.00012951125371817281
1334,0.4721738398075104,0.43903040885925293,0.33143436908721924,0.0001294040325232304
1335,0.45074909925460815,0.41893240809440613,0.3181668221950531,0.0001292967743121989
1336,0.454254686832428,0.42211246490478516,0.3214220702648163,0.00012918947922010336
1337,0.4392315149307251,0.4087972640991211,0.3043423593044281,0.00012908214738201513
1338,0.46463075280189514,0.4317167401313782,0.32914024591445923,0.00012897477893305195
1339,0.4524812400341034,0.42098432779312134,0.3149692118167877,0.00012886737400837758
1340,0.4186892509460449,0.38945072889328003,0.292385071516037,0.00012875993274320173
1341,0.445161372423172,0.41407719254493713,0.3108419179916382,0.00012865245527277986
1342,0.4541267454624176,0.4216137230396271,0.3251301348209381,0.00012854494173241294
1343,0.43118172883987427,0.40025264024734497,0.30929088592529297,0.0001284373922574474
1344,0.4541032612323761,0.42226311564445496,0.3184013366699219,0.00012832980698327496
1345,0.4691162407398224,0.4365738332271576,0.32542404532432556,0.00012822218604533232
1346,0.48606568574905396,0.45192620158195496,0.34139496088027954,0.00012811452957910109
1347,0.43958818912506104,0.40895065665245056,0.30637529492378235,0.00012800683772010767
1348,0.4815176725387573,0.4477464556694031,0.33771228790283203,0.00012789911060392294
1349,0.45195329189300537,0.4201521873474121,0.31801119446754456,0.00012779134836616218
1350,0.4368683099746704,0.40665778517723083,0.30210524797439575,0.00012768355114248494
1351,0.4622765779495239,0.4297056496143341,0.3257093131542206,0.00012757571906859476
1352,0.4485680162906647,0.41708576679229736,0.3148225247859955,0.00012746785228023904
1353,0.4489145576953888,0.41719263792037964,0.31721916794776917,0.00012735995091320892
1354,0.44738373160362244,0.4165113568305969,0.3087238073348999,0.00012725201510333905
1355,0.4449806809425354,0.4139556884765625,0.31025001406669617,0.00012714404498650743
1356,0.4518810510635376,0.4203498661518097,0.31531181931495667,0.0001270360406986353
1357,0.45438602566719055,0.4220922589302063,0.3229376971721649,0.00012692800237568686
1358,0.4436866343021393,0.4125147759914398,0.31171855330467224,0.00012681993015366917
1359,0.4428964853286743,0.41183850169181824,0.3105798363685608,0.000126711824168632
1360,0.4603329002857208,0.42758244276046753,0.3275044858455658,0.00012660368455666752
1361,0.4621888995170593,0.42982539534568787,0.32363495230674744,0.00012649551145391035
1362,0.4645719528198242,0.4321652054786682,0.3240673243999481,0.0001263873049965373
1363,0.45557448267936707,0.4237765967845917,0.3179788887500763,0.000126279065320767
1364,0.44573283195495605,0.41462188959121704,0.31110939383506775,0.00012617079256286
1365,0.4496390223503113,0.4178409278392792,0.3179810643196106,0.00012606248685911853
1366,0.4256686866283417,0.3957543969154358,0.29914283752441406,0.00012595414834588626
1367,0.48077166080474854,0.4470631778240204,0.33708488941192627,0.00012584577715954814
1368,0.43257203698158264,0.4025571048259735,0.30014920234680176,0.00012573737343653024
1369,0.467380553483963,0.4344870448112488,0.32893508672714233,0.00012562893731329967
1370,0.4210866391658783,0.39176976680755615,0.29316869378089905,0.00012552046892636427
1371,0.4538290500640869,0.42220011353492737,0.3162894546985626,0.00012541196841227246
1372,0.45405617356300354,0.4222697615623474,0.31786400079727173,0.00012530343590761318
1373,0.45782366394996643,0.42577409744262695,0.3204955458641052,0.00012519487154901562
1374,0.436402827501297,0.40571510791778564,0.306877076625824,0.0001250862754731491
1375,0.4384188652038574,0.40799519419670105,0.30423682928085327,0.0001249776478167227
1376,0.4522005319595337,0.4204748570919037,0.3172566294670105,0.0001248689887164855
1377,0.4521953761577606,0.4206371009349823,0.3155827224254608,0.000124760298309226
1378,0.46248364448547363,0.4303062856197357,0.3217736482620239,0.00012465157673177216
1379,0.43417173624038696,0.40353789925575256,0.30633842945098877,0.0001245428241209912
1380,0.4302569031715393,0.4001297354698181,0.30127155780792236,0.0001244340406137894
1381,0.4736168682575226,0.440517395734787,0.33099469542503357,0.00012432522634711192
1382,0.4359046518802643,0.40597373247146606,0.2993091344833374,0.0001242163814579426
1383,0.44313305616378784,0.41254523396492004,0.305878221988678,0.00012410750608330388
1384,0.44798099994659424,0.41665810346603394,0.31322887539863586,0.0001239986003602566
1385,0.4366089701652527,0.4060034155845642,0.3060554265975952,0.0001238896644258998
1386,0.4530787467956543,0.4213479161262512,0.3173082172870636,0.00012378069841737044
1387,0.4597468972206116,0.4271916449069977,0.32555267214775085,0.00012367170247184355
1388,0.4314599335193634,0.40089523792266846,0.3056469261646271,0.0001235626767265316
1389,0.430429607629776,0.4004316031932831,0.2999800741672516,0.0001234536213186848
1390,0.434648334980011,0.40454232692718506,0.30106016993522644,0.00012334453638559057
1391,0.4408595561981201,0.41014599800109863,0.3071357011795044,0.00012323542206457347
1392,0.43669378757476807,0.4059191942214966,0.3077459931373596,0.00012312627849299523
1393,0.4605056345462799,0.42837968468666077,0.32125961780548096,0.00012301710580825423
1394,0.45558565855026245,0.42343002557754517,0.32155635952949524,0.0001229079041477855
1395,0.4459546208381653,0.4147118628025055,0.3124275505542755,0.00012279867364906071
1396,0.44864699244499207,0.4174079895019531,0.3123900592327118,0.00012268941444958765
1397,0.4366071820259094,0.4058959484100342,0.3071124851703644,0.0001225801266869104
1398,0.48264598846435547,0.4487280249595642,0.33917948603630066,0.00012247081049860883
1399,0.48026782274246216,0.44622379541397095,0.34044042229652405,0.00012236146602229874
1400,0.4402448534965515,0.40966561436653137,0.3057923913002014,0.00012225209339563145
1401,0.4192182719707489,0.3899417519569397,0.29276520013809204,0.0001221426927562938
1402,0.480787992477417,0.447383850812912,0.33404138684272766,0.00012203326424200778
1403,0.42683711647987366,0.3973023295402527,0.29534783959388733,0.00012192380799053058
1404,0.44488710165023804,0.41342300176620483,0.3146408796310425,0.00012181432413965428
1405,0.4442542493343353,0.41308334469795227,0.31170913577079773,0.00012170481282720563
1406,0.46559759974479675,0.4329896569252014,0.32607951760292053,0.00012159527419104607
1407,0.44693657755851746,0.4159494936466217,0.30987077951431274,0.00012148570836907133
1408,0.44990649819374084,0.4184427261352539,0.314637690782547,0.00012137611549921146
1409,0.4548764228820801,0.4229714274406433,0.3190499246120453,0.00012126649571943047
1410,0.43052706122398376,0.400386780500412,0.3014027178287506,0.00012115684916772629
1411,0.4429745376110077,0.4121341407299042,0.30840393900871277,0.00012104717598213056
1412,0.45107361674308777,0.41929733753204346,0.31776291131973267,0.00012093747630070844
1413,0.41477662324905396,0.3859814405441284,0.28795188665390015,0.00012082775026155846
1414,0.4637424051761627,0.43071088194847107,0.3303152024745941,0.00012071799800281231
1415,0.4736140966415405,0.44049471616744995,0.33119380474090576,0.00012060821966263465
1416,0.46724554896354675,0.4340313673019409,0.33214181661605835,0.00012049841537922307
1417,0.4492519497871399,0.4177004396915436,0.3155149519443512,0.00012038858529080768
1418,0.45261150598526,0.4209407866001129,0.3167073130607605,0.00012027872953565125
1419,0.4257059693336487,0.3957754969596863,0.299304723739624,0.00012016884825204875
1420,0.456190824508667,0.42407333850860596,0.3211750090122223,0.00012005894157832729
1421,0.4503140449523926,0.4184795320034027,0.31834498047828674,0.00011994900965284599
1422,0.44004279375076294,0.40947121381759644,0.30571576952934265,0.00011983905261399566
1423,0.4836624264717102,0.4500507414340973,0.3361169099807739,0.00011972907060019887
1424,0.4219626784324646,0.3926486372947693,0.2931404709815979,0.00011961906374990952
1425,0.44877076148986816,0.4175775945186615,0.3119317889213562,0.00011950903220161285
1426,0.4763931632041931,0.4429594576358795,0.3343370854854584,0.00011939897609382511
1427,0.4464540183544159,0.4152435064315796,0.3121051490306854,0.0001192888955650935
1428,0.4706587791442871,0.4374707043170929,0.331880658864975,0.000119178790753996
1429,0.4538199305534363,0.4216213822364807,0.3219854235649109,0.00011906866179914116
1430,0.4175536632537842,0.38817256689071655,0.2938109040260315,0.00011895850883916786
1431,0.4648856818675995,0.43206480145454407,0.3282088339328766,0.00011884833201274523
1432,0.4527091383934021,0.4213409423828125,0.31368201971054077,0.00011873813145857249
1433,0.4514797031879425,0.4201124310493469,0.3136726915836334,0.00011862790731537865
1434,0.44350555539131165,0.41206368803977966,0.31441858410835266,0.00011851765972192244
1435,0.4761417806148529,0.44263043999671936,0.33511343598365784,0.00011840738881699219
1436,0.44943419098854065,0.4177406132221222,0.316935658454895,0.00011829709473940547
1437,0.4713009297847748,0.4379394054412842,0.33361512422561646,0.00011818677762800909
1438,0.4309096932411194,0.400795042514801,0.30114656686782837,0.00011807643762167884
1439,0.4457436203956604,0.41407305002212524,0.3167057931423187,0.00011796607485931928
1440,0.45297476649284363,0.4213402271270752,0.31634530425071716,0.00011785568947986367
1441,0.44364675879478455,0.41292643547058105,0.3072032332420349,0.00011774528162227376
1442,0.47481170296669006,0.44195643067359924,0.3285526633262634,0.00011763485142553959
1443,0.4481351673603058,0.41739022731781006,0.3074492812156677,0.00011752439902867925
1444,0.46213051676750183,0.4300183951854706,0.3211211860179901,0.00011741392457073888
1445,0.4520319998264313,0.42046093940734863,0.31571072340011597,0.00011730342819079227
1446,0.4488791227340698,0.41715919971466064,0.317199170589447,0.00011719291002794096
1447,0.4761582016944885,0.4424439072608948,0.33714279532432556,0.00011708237022131381
1448,0.4676247239112854,0.4349684715270996,0.3265625238418579,0.00011697180891006689
1449,0.44349342584609985,0.41234853863716125,0.311448872089386,0.00011686122623338349
1450,0.4846622049808502,0.450742244720459,0.3391994833946228,0.00011675062233047364
1451,0.42398542165756226,0.3943368196487427,0.2964860498905182,0.0001166399973405742
1452,0.44163572788238525,0.41039299964904785,0.31242719292640686,0.00011652935140294852
1453,0.4273029565811157,0.3973951041698456,0.29907849431037903,0.0001164186846568863
1454,0.46920090913772583,0.43626102805137634,0.3293986916542053,0.00011630799724170353
1455,0.4427274465560913,0.4117846190929413,0.3094283640384674,0.00011619728929674209
1456,0.4531472623348236,0.42152220010757446,0.31625068187713623,0.00011608656096136984
1457,0.46642181277275085,0.43345335125923157,0.32968467473983765,0.0001159758123749802
1458,0.4386232793331146,0.4081485867500305,0.30474698543548584,0.00011586504367699217
1459,0.4365062713623047,0.40589603781700134,0.3061021864414215,0.00011575425500685002
1460,0.44300127029418945,0.41196855902671814,0.3103272616863251,0.0001156434465040231
1461,0.4444767236709595,0.4136529564857483,0.30823761224746704,0.00011553261830800586
1462,0.4483473300933838,0.4167864918708801,0.3156082332134247,0.00011542177055831745
1463,0.4591728448867798,0.4265119433403015,0.3266090154647827,0.00011531090339450165
1464,0.4542787969112396,0.4226245582103729,0.31654250621795654,0.00011520001695612674
1465,0.4419877231121063,0.41132891178131104,0.30658817291259766,0.00011508911138278515
1466,0.4354288876056671,0.4048457145690918,0.3058317005634308,0.00011497818681409351
1467,0.46289774775505066,0.43063515424728394,0.32262587547302246,0.00011486724338969232
1468,0.4305351972579956,0.4005727469921112,0.29962465167045593,0.00011475628124924577
1469,0.4438054859638214,0.4132375717163086,0.3056790828704834,0.00011464530053244169
1470,0.45140478014945984,0.42010974884033203,0.3129501938819885,0.00011453430137899129
1471,0.43769222497940063,0.4072410762310028,0.3045113980770111,0.00011442328392862891
1472,0.48497655987739563,0.45094892382621765,0.3402763307094574,0.00011431224832111196
1473,0.4222702085971832,0.39294302463531494,0.2932717502117157,0.00011420119469622077
1474,0.4713653326034546,0.43822672963142395,0.33138608932495117,0.00011409012319375827
1475,0.45893222093582153,0.4268268644809723,0.3210534155368805,0.00011397903395354996
1476,0.4538254737854004,0.4218340218067169,0.31991466879844666,0.0001138679271154436
1477,0.4295312166213989,0.39960649609565735,0.29924723505973816,0.00011375680281930919
1478,0.4646858274936676,0.43179720640182495,0.32888633012771606,0.00011364566120503864
1479,0.4412376880645752,0.4107043445110321,0.30533337593078613,0.0001135345024125456
1480,0.4668753743171692,0.4345752000808716,0.3230017125606537,0.00011342332658176555
1481,0.4416547417640686,0.41075971722602844,0.3089503347873688,0.00011331213385265524
1482,0.4393882155418396,0.40883830189704895,0.30549928545951843,0.00011320092436519276
1483,0.4793916940689087,0.4457446038722992,0.3364708423614502,0.00011308969825937725
1484,0.46642428636550903,0.43381425738334656,0.3261001706123352,0.00011297845567522886
1485,0.46351689100265503,0.4314148426055908,0.3210204243659973,0.00011286719675278838
1486,0.43811047077178955,0.4077165424823761,0.30393925309181213,0.00011275592163211726
1487,0.45591723918914795,0.4234873354434967,0.3242990970611572,0.00011264463045329728
1488,0.4487933814525604,0.4173651337623596,0.3142824172973633,0.00011253332335643043
1489,0.4551308751106262,0.42376935482025146,0.31361526250839233,0.00011242200048163882
1490,0.4394654333591461,0.4090658128261566,0.303996205329895,0.0001123106619690643
1491,0.4616429805755615,0.42947348952293396,0.32169491052627563,0.0001121993079588685
1492,0.4469282627105713,0.4157947599887848,0.31133487820625305,0.00011208793859123257
1493,0.49667614698410034,0.46238973736763,0.3428640067577362,0.00011197655400635689
1494,0.41980528831481934,0.3902285695075989,0.29576730728149414,0.0001118651543444611
1495,0.446311354637146,0.41525936126708984,0.3105199635028839,0.00011175373974578378
1496,0.45092037320137024,0.4195108711719513,0.3140949010848999,0.00011164231035058228
1497,0.42746174335479736,0.3973638415336609,0.3009788691997528,0.00011153086629913267
1498,0.4742514491081238,0.44072797894477844,0.3352345824241638,0.00011141940773172939
1499,0.47186747193336487,0.43855398893356323,0.3331347107887268,0.00011130793478868515
1500,0.4795662760734558,0.44563210010528564,0.3393419086933136,0.00011119644761033078
1501,0.4256250262260437,0.395834743976593,0.29790279269218445,0.00011108494633701512
1502,0.4456367492675781,0.414638489484787,0.3099825382232666,0.00011097343110910452
1503,0.42515283823013306,0.3954577147960663,0.2969513237476349,0.0001108619020669832
1504,0.4818874001502991,0.44838592410087585,0.335014671087265,0.00011075035935105252
1505,0.4506356418132782,0.4192427098751068,0.3139292597770691,0.00011063880310173113
1506,0.43563592433929443,0.4051012098789215,0.30534711480140686,0.00011052723345945483
1507,0.4640709459781647,0.4314885139465332,0.32582440972328186,0.00011041565056467614
1508,0.46015363931655884,0.42766374349594116,0.32489895820617676,0.00011030405455786425
1509,0.4628044664859772,0.4305146336555481,0.32289832830429077,0.000110192445579505
1510,0.456216037273407,0.42460086941719055,0.3161517381668091,0.00011008082377010045
1511,0.45906350016593933,0.42628413438796997,0.3277936279773712,0.00010996918927016886
1512,0.42843955755233765,0.3988635241985321,0.2957601845264435,0.00010985754222024436
1513,0.44408291578292847,0.4130555987358093,0.31027308106422424,0.00010974588276087705
1514,0.4544868767261505,0.4225691854953766,0.31917697191238403,0.00010963421103263252
1515,0.45488566160202026,0.4228190779685974,0.32066595554351807,0.00010952252717609188
1516,0.47131258249282837,0.438242644071579,0.3306994140148163,0.00010941083133185146
1517,0.46929019689559937,0.43658730387687683,0.32702887058258057,0.00010929912364052268
1518,0.43624937534332275,0.40617841482162476,0.30070945620536804,0.00010918740424273191
1519,0.4680541753768921,0.43528687953948975,0.32767295837402344,0.00010907567327912025
1520,0.4547441005706787,0.4227362871170044,0.3200780153274536,0.00010896393089034336
1521,0.4680955111980438,0.43534186482429504,0.32753658294677734,0.00010885217721707124
1522,0.4488605856895447,0.4177442491054535,0.3111633062362671,0.00010874041239998816
1523,0.4269140958786011,0.39736637473106384,0.2954772412776947,0.00010862863657979237
1524,0.45898616313934326,0.4265592694282532,0.3242688775062561,0.00010851684989719594
1525,0.4549202620983124,0.4230569899082184,0.3186326324939728,0.00010840505249292476
1526,0.4697324335575104,0.4370013177394867,0.32731106877326965,0.00010829324450771806
1527,0.4591195285320282,0.42715558409690857,0.31963956356048584,0.00010818142608232849
1528,0.45697230100631714,0.4249086380004883,0.3206366300582886,0.00010806959735752174
1529,0.45046618580818176,0.41862478852272034,0.3184140622615814,0.00010795775847407659
1530,0.4654693007469177,0.43286240100860596,0.3260689675807953,0.0001078459095727845
1531,0.43348902463912964,0.4030773937702179,0.3041163682937622,0.00010773405079444963
1532,0.44481325149536133,0.41372039914131165,0.3109285235404968,0.00010762218227988851
1533,0.4415851831436157,0.41074052453041077,0.3084467351436615,0.00010751030416992996
1534,0.4209964871406555,0.391659677028656,0.29336801171302795,0.00010739841660541487
1535,0.446662962436676,0.4150753617286682,0.3158760666847229,0.00010728651972719603
1536,0.4446641504764557,0.4137629270553589,0.30901214480400085,0.00010717461367613793
1537,0.44916749000549316,0.41795843839645386,0.3120904564857483,0.00010706269859311669
1538,0.43349960446357727,0.4031120538711548,0.3038753867149353,0.00010695077461901968
1539,0.4371504485607147,0.40646207332611084,0.306883841753006,0.00010683884189474558
1540,0.4482265114784241,0.4169371426105499,0.31289374828338623,0.00010672690056120399
1541,0.47925829887390137,0.44572487473487854,0.33533424139022827,0.00010661495075931539
1542,0.45179373025894165,0.41993674635887146,0.3185698091983795,0.00010650299263001097
1543,0.45292529463768005,0.4212489128112793,0.316763699054718,0.0001063910263142323
1544,0.44118058681488037,0.41076377034187317,0.30416804552078247,0.00010627905195293135
1545,0.43528982996940613,0.4046232998371124,0.30666518211364746,0.00010616706968707015
1546,0.44973403215408325,0.4182995557785034,0.31434476375579834,0.00010605507965762074
1547,0.44657018780708313,0.41505667567253113,0.3151352107524872,0.00010594308200556483
1548,0.4443338215351105,0.4132911264896393,0.31042683124542236,0.00010583107687189388
1549,0.4731731712818146,0.4398271441459656,0.3334602415561676,0.00010571906439760866
1550,0.4528719484806061,0.42106008529663086,0.31811875104904175,0.00010560704472371919
1551,0.44906118512153625,0.41770920157432556,0.3135198950767517,0.0001054950179912446
1552,0.45544880628585815,0.4228128492832184,0.32635968923568726,0.00010538298434121283
1553,0.454826295375824,0.42308157682418823,0.31744712591171265,0.00010527094391466061
1554,0.4606550335884094,0.42809513211250305,0.32559889554977417,0.00010515889685263316
1555,0.47124627232551575,0.43842411041259766,0.32822152972221375,0.00010504684329618409
1556,0.45130422711372375,0.41933584213256836,0.31968390941619873,0.00010493478338637512
1557,0.4283587336540222,0.3983220160007477,0.3003673255443573,0.00010482271726427598
1558,0.44809767603874207,0.4165225923061371,0.31575071811676025,0.00010471064507096426
1559,0.47550445795059204,0.44234898686408997,0.3315548300743103,0.00010459856694752521
1560,0.44230884313583374,0.4111918807029724,0.31116974353790283,0.00010448648303505151
1561,0.45870834589004517,0.42664775252342224,0.32060596346855164,0.00010437439347464306
1562,0.45382532477378845,0.42217546701431274,0.31649845838546753,0.00010426229840740705
1563,0.43951502442359924,0.40812456607818604,0.31390464305877686,0.00010415019797445738
1564,0.5008069276809692,0.46581152081489563,0.3499540090560913,0.00010403809231691486
1565,0.4975945055484772,0.4629681408405304,0.3462637662887573,0.00010392598157590688
1566,0.45747116208076477,0.4248747229576111,0.32596448063850403,0.0001038138658925671
1567,0.4363967776298523,0.4057159423828125,0.3068085014820099,0.00010370174540803556
1568,0.442555695772171,0.41196367144584656,0.30592018365859985,0.00010358962026345824
1569,0.44950640201568604,0.4182662069797516,0.3124020993709564,0.000103477490599987
1570,0.4521797001361847,0.42076611518859863,0.3141357898712158,0.00010336535655877942
1571,0.4364076554775238,0.40560993552207947,0.3079771399497986,0.00010325321828099854
1572,0.44382140040397644,0.41242241859436035,0.3139898478984833,0.00010314107590781284
1573,0.4669268727302551,0.4342738091945648,0.32653072476387024,0.00010302892958039583
1574,0.47405627369880676,0.44078195095062256,0.3327433466911316,0.00010291677943992608
1575,0.45436373353004456,0.4228534400463104,0.3151029944419861,0.0001028046256275869
1576,0.48992639780044556,0.45596128702163696,0.33965104818344116,0.00010269246828456629
1577,0.44122153520584106,0.40971246361732483,0.3150906264781952,0.00010258030755205665
1578,0.44216373562812805,0.4111926257610321,0.3097110986709595,0.00010246814357125463
1579,0.44732117652893066,0.41614198684692383,0.3117917478084564,0.00010235597648336104
1580,0.43153733015060425,0.4012712240219116,0.3026612102985382,0.00010224380642958052
1581,0.4593717157840729,0.42712274193763733,0.32248976826667786,0.00010213163355112148
1582,0.48238757252693176,0.44883063435554504,0.33556926250457764,0.00010201945798919593
1583,0.4150507152080536,0.3858725130558014,0.29178208112716675,0.00010190727988501913
1584,0.4617794454097748,0.4294500946998596,0.32329338788986206,0.00010179509937980973
1585,0.42797452211380005,0.3983699679374695,0.2960455119609833,0.00010168291661478923
1586,0.42414727807044983,0.3943846821784973,0.29762595891952515,0.00010157073173118208
1587,0.4546513855457306,0.42261701822280884,0.320343554019928,0.00010145854487021532
1588,0.4838458299636841,0.45035064220428467,0.3349520266056061,0.00010134635617311853
1589,0.43611833453178406,0.4056878685951233,0.3043046295642853,0.00010123416578112365
1590,0.4562797546386719,0.42445290088653564,0.31826841831207275,0.0001011219738354646
1591,0.46190908551216125,0.42980697751045227,0.3210211396217346,0.00010100978047737741
1592,0.4563577473163605,0.42436906695365906,0.3198867440223694,0.00010089758584809979
1593,0.44385331869125366,0.4129166901111603,0.3093663454055786,0.00010078539008887114
1594,0.43150609731674194,0.40123608708381653,0.3027002513408661,0.00010067319334093219
1595,0.44484180212020874,0.41338786482810974,0.31453937292099,0.00010056099574552497
1596,0.42446470260620117,0.39511552453041077,0.2934916615486145,0.00010044879744389257
1597,0.4307014048099518,0.39989104866981506,0.3081035017967224,0.00010033659857727893
1598,0.45395001769065857,0.42275455594062805,0.3119544982910156,0.00010022439928692875
1599,0.45196568965911865,0.4205301105976105,0.3143559396266937,0.00010011219971408725
1600,0.4470723867416382,0.41599103808403015,0.3108134865760803,0.0001
1601,0.44226327538490295,0.4113869369029999,0.3087632954120636,9.988780028591278e-05
1602,0.45580562949180603,0.42358875274658203,0.3221687078475952,9.977560071307129e-05
1603,0.43785563111305237,0.40679413080215454,0.3106149435043335,9.96634014227211e-05
1604,0.45942747592926025,0.4276387691497803,0.31788721680641174,9.955120255610746e-05
1605,0.46406227350234985,0.43185949325561523,0.32202771306037903,9.943900425447505e-05
1606,0.4797798991203308,0.4454400837421417,0.3433980941772461,9.932680665906783e-05
1607,0.43836119771003723,0.407629132270813,0.30732056498527527,9.921460991112891e-05
1608,0.43463748693466187,0.4040258824825287,0.3061160743236542,9.910241415190021e-05
1609,0.47294881939888,0.4397111237049103,0.3323768377304077,9.89902195226226e-05
1610,0.4627460539340973,0.4302348494529724,0.32511213421821594,9.887802616453542e-05
1611,0.48159462213516235,0.4476693272590637,0.3392528295516968,9.87658342188764e-05
1612,0.4643818736076355,0.43176960945129395,0.32612255215644836,9.865364382688145e-05
1613,0.46281227469444275,0.43092241883277893,0.3188985288143158,9.85414551297847e-05
1614,0.4753945469856262,0.44253626465797424,0.32858288288116455,9.842926826881796e-05
1615,0.4442406892776489,0.41253727674484253,0.31703418493270874,9.831708338521078e-05
1616,0.45735225081443787,0.42515864968299866,0.3219359219074249,9.820490062019029e-05
1617,0.4108738601207733,0.3818430006504059,0.29030850529670715,9.809272011498085e-05
1618,0.4478875696659088,0.4160379469394684,0.31849610805511475,9.798054201080411e-05
1619,0.43965500593185425,0.40918585658073425,0.3046916425228119,9.786836644887856e-05
1620,0.43402570486068726,0.4038412868976593,0.30184417963027954,9.775619357041952e-05
1621,0.45036613941192627,0.41848355531692505,0.31882598996162415,9.764402351663901e-05
1622,0.42164719104766846,0.3916482925415039,0.2999889552593231,9.753185642874537e-05
1623,0.4431599974632263,0.41233572363853455,0.30824288725852966,9.741969244794338e-05
1624,0.43045732378959656,0.4002766013145447,0.3018071949481964,9.730753171543374e-05
1625,0.43053868412971497,0.40037599205970764,0.3016270399093628,9.719537437241312e-05
1626,0.4339040219783783,0.4036744236946106,0.30229610204696655,9.708322056007397e-05
1627,0.4756736755371094,0.4421435594558716,0.33530113101005554,9.697107041960417e-05
1628,0.4555179178714752,0.42370814085006714,0.31809768080711365,9.685892409218717e-05
1629,0.4537540376186371,0.4224398732185364,0.3131415843963623,9.674678171900147e-05
1630,0.47628387808799744,0.44295644760131836,0.3332742750644684,9.663464344122064e-05
1631,0.4745715260505676,0.4409952163696289,0.33576297760009766,9.652250940001302e-05
1632,0.4500983953475952,0.4187416732311249,0.3135673701763153,9.641037973654178e-05
1633,0.4789237082004547,0.4454391896724701,0.3348451256752014,9.629825459196446e-05
1634,0.44225987792015076,0.41125398874282837,0.3100590109825134,9.618613410743291e-05
1635,0.44513601064682007,0.4137098491191864,0.3142617642879486,9.607401842409317e-05
1636,0.4613083600997925,0.4288426637649536,0.3246571123600006,9.596190768308515e-05
1637,0.43197882175445557,0.4020221531391144,0.2995665669441223,9.584980202554266e-05
1638,0.4479770064353943,0.416476309299469,0.31500712037086487,9.573770159259299e-05
1639,0.44448065757751465,0.41320717334747314,0.31273478269577026,9.562560652535695e-05
1640,0.44968000054359436,0.4186006784439087,0.3107932507991791,9.551351696494854e-05
1641,0.428200900554657,0.3981718420982361,0.30029043555259705,9.540143305247478e-05
1642,0.4560575783252716,0.42415449023246765,0.3190310001373291,9.528935492903575e-05
1643,0.4673144817352295,0.43429744243621826,0.3301704525947571,9.517728273572403e-05
1644,0.45800188183784485,0.4260484576225281,0.3195343017578125,9.506521661362493e-05
1645,0.4462321102619171,0.41519805788993835,0.31034064292907715,9.495315670381591e-05
1646,0.46120399236679077,0.4284578561782837,0.32746124267578125,9.484110314736682e-05
1647,0.456868052482605,0.42487797141075134,0.3199009597301483,9.472905608533941e-05
1648,0.4257275462150574,0.39590153098106384,0.29826024174690247,9.461701565878719e-05
1649,0.454816609621048,0.4228564202785492,0.31960201263427734,9.450498200875546e-05
1650,0.4374450743198395,0.40713509917259216,0.3030998408794403,9.439295527628081e-05
1651,0.4544014632701874,0.42233705520629883,0.3206440806388855,9.428093560239135e-05
1652,0.452991783618927,0.421114981174469,0.3187679350376129,9.416892312810614e-05
1653,0.4615271985530853,0.4291507601737976,0.32376450300216675,9.40569179944352e-05
1654,0.45749515295028687,0.4250875413417816,0.3240761458873749,9.394492034237931e-05
1655,0.4390389919281006,0.40804803371429443,0.30990973114967346,9.383293031292985e-05
1656,0.45785143971443176,0.4258401095867157,0.3201133906841278,9.372094804706867e-05
1657,0.4394527077674866,0.4086870849132538,0.30765625834465027,9.360897368576772e-05
1658,0.4346906542778015,0.40409767627716064,0.30592992901802063,9.349700736998908e-05
1659,0.45551368594169617,0.4233153462409973,0.32198333740234375,9.338504924068462e-05
1660,0.4885977506637573,0.4542366862297058,0.3436105251312256,9.327309943879604e-05
1661,0.40019968152046204,0.3722519278526306,0.27947765588760376,9.316115810525446e-05
1662,0.47798675298690796,0.44483721256256104,0.3314952850341797,9.304922538098035e-05
1663,0.4468320310115814,0.41559234261512756,0.3123968839645386,9.293730140688336e-05
1664,0.46129709482192993,0.4292823076248169,0.3201477527618408,9.282538632386207e-05
1665,0.4729890823364258,0.43956267833709717,0.3342638909816742,9.2713480272804e-05
1666,0.45367032289505005,0.4225562810897827,0.31114041805267334,9.260158339458514e-05
1667,0.4795151352882385,0.44587793946266174,0.3363720178604126,9.248969583007005e-05
1668,0.4699820578098297,0.4370880722999573,0.3289399743080139,9.237781772011153e-05
1669,0.45737412571907043,0.4251914322376251,0.32182687520980835,9.226594920555037e-05
1670,0.45757371187210083,0.4256732165813446,0.3190050721168518,9.215409042721552e-05
1671,0.45091795921325684,0.41956499218940735,0.31352975964546204,9.204224152592343e-05
1672,0.4405522644519806,0.409066766500473,0.31485509872436523,9.193040264247829e-05
1673,0.4350413680076599,0.4042765200138092,0.3076484203338623,9.181857391767157e-05
1674,0.4661490321159363,0.4333391487598419,0.3280988037586212,9.170675549228194e-05
1675,0.46724462509155273,0.43448111414909363,0.3276349902153015,9.159494750707526e-05
1676,0.4514785408973694,0.41964006423950195,0.31838491559028625,9.148315010280408e-05
1677,0.48047083616256714,0.4472995400428772,0.33171290159225464,9.137136342020768e-05
1678,0.4343497157096863,0.4040115773677826,0.3033815026283264,9.125958760001189e-05
1679,0.4412238597869873,0.4102339744567871,0.3098987936973572,9.114782278292876e-05
1680,0.4420202374458313,0.41117486357688904,0.30845385789871216,9.103606910965666e-05
1681,0.4438868761062622,0.41225171089172363,0.31635159254074097,9.092432672087977e-05
1682,0.45574885606765747,0.4238334894180298,0.3191537857055664,9.08125957572681e-05
1683,0.4554516673088074,0.42413461208343506,0.3131704330444336,9.070087635947733e-05
1684,0.4619854986667633,0.42994314432144165,0.32042357325553894,9.058916866814858e-05
1685,0.4322889745235443,0.4022674262523651,0.3002154231071472,9.047747282390815e-05
1686,0.4398238956928253,0.4091048538684845,0.30719053745269775,9.036578896736752e-05
1687,0.4389798939228058,0.4083215296268463,0.3065835237503052,9.025411723912298e-05
1688,0.4286002218723297,0.39884933829307556,0.29750877618789673,9.014245777975565e-05
1689,0.4584927260875702,0.4268471598625183,0.3164557218551636,9.003081072983117e-05
1690,0.43379735946655273,0.4037056565284729,0.30091702938079834,8.991917622989956e-05
1691,0.47794410586357117,0.44459104537963867,0.33353063464164734,8.980755442049502e-05
1692,0.44288477301597595,0.4116760194301605,0.3120875060558319,8.969594544213578e-05
1693,0.4398837983608246,0.40927359461784363,0.3061020076274872,8.95843494353239e-05
1694,0.4340352714061737,0.4035547971725464,0.3048047721385956,8.947276654054518e-05
1695,0.43175995349884033,0.4018961489200592,0.29863813519477844,8.936119689826888e-05
1696,0.44566991925239563,0.4145815372467041,0.31088390946388245,8.924964064894753e-05
1697,0.4624941945075989,0.429670512676239,0.32823672890663147,8.913809793301681e-05
1698,0.4409901201725006,0.4098931849002838,0.3109692335128784,8.902656889089548e-05
1699,0.44864770770072937,0.4174869656562805,0.3116074502468109,8.891505366298492e-05
1700,0.46256399154663086,0.43024468421936035,0.32319310307502747,8.880355238966923e-05
1701,0.44720008969306946,0.41541987657546997,0.3178020417690277,8.869206521131489e-05
1702,0.4433460235595703,0.41217121481895447,0.31174802780151367,8.858059226827062e-05
1703,0.44679123163223267,0.4157792031764984,0.310120165348053,8.846913370086734e-05
1704,0.4600570797920227,0.4280496835708618,0.3200739324092865,8.835768964941773e-05
1705,0.48151102662086487,0.44766512513160706,0.3384591341018677,8.824626025421626e-05
1706,0.45180225372314453,0.42061281204223633,0.31189435720443726,8.813484565553893e-05
1707,0.41577380895614624,0.3866661489009857,0.29107666015625,8.802344599364312e-05
1708,0.42428356409072876,0.3945675492286682,0.29716014862060547,8.791206140876746e-05
1709,0.46438664197921753,0.4322090148925781,0.32177621126174927,8.780069204113153e-05
1710,0.45415496826171875,0.4227980673313141,0.3135688900947571,8.768933803093573e-05
1711,0.4494270384311676,0.417825311422348,0.31601718068122864,8.757799951836123e-05
1712,0.4508529007434845,0.41936662793159485,0.3148626685142517,8.746667664356956e-05
1713,0.4455599784851074,0.4145045280456543,0.3105543553829193,8.735536954670275e-05
1714,0.4311054050922394,0.40070194005966187,0.30403468012809753,8.724407836788276e-05
1715,0.43569156527519226,0.4048466980457306,0.3084487020969391,8.713280324721163e-05
1716,0.44528359174728394,0.41432011127471924,0.3096346855163574,8.702154432477115e-05
1717,0.4532258212566376,0.4217272102832794,0.31498610973358154,8.691030174062273e-05
1718,0.4493284225463867,0.41805267333984375,0.31275734305381775,8.679907563480726e-05
1719,0.44406557083129883,0.41257214546203613,0.3149343430995941,8.668786614734478e-05
1720,0.4441239833831787,0.41315940022468567,0.30964577198028564,8.657667341823448e-05
1721,0.42083340883255005,0.391305148601532,0.29528263211250305,8.64654975874544e-05
1722,0.4467118978500366,0.41569650173187256,0.31015390157699585,8.63543387949614e-05
1723,0.5011937022209167,0.46585920453071594,0.3533450961112976,8.624319718069084e-05
1724,0.4462757110595703,0.41541096568107605,0.30864736437797546,8.613207288455643e-05
1725,0.4533728361129761,0.42147111892700195,0.31901708245277405,8.602096604645009e-05
1726,0.4469500184059143,0.41586029529571533,0.3108970820903778,8.590987680624174e-05
1727,0.4042566418647766,0.3758087754249573,0.2844785749912262,8.579880530377926e-05
1728,0.44986507296562195,0.41838687658309937,0.314782053232193,8.568775167888806e-05
1729,0.44518935680389404,0.4145512878894806,0.30638062953948975,8.557671607137114e-05
1730,0.47834789752960205,0.44511714577674866,0.3323075771331787,8.546569862100876e-05
1731,0.4454292058944702,0.4143441319465637,0.310850590467453,8.53546994675583e-05
1732,0.47116217017173767,0.4377262592315674,0.3343590497970581,8.524371875075425e-05
1733,0.4476117491722107,0.4166581928730011,0.30953556299209595,8.51327566103077e-05
1734,0.4744335412979126,0.4416002035140991,0.3283332586288452,8.502181318590652e-05
1735,0.4429241418838501,0.41200318932533264,0.3092096447944641,8.491088861721486e-05
1736,0.44060391187667847,0.40972787141799927,0.30876052379608154,8.479998304387329e-05
1737,0.45262378454208374,0.421056866645813,0.3156690299510956,8.468909660549837e-05
1738,0.4309021532535553,0.4013824462890625,0.29519712924957275,8.457822944168257e-05
1739,0.44441765546798706,0.41281628608703613,0.3160136044025421,8.446738169199418e-05
1740,0.469098836183548,0.4361458718776703,0.32952970266342163,8.435655349597689e-05
1741,0.4522591531276703,0.4203909933567047,0.3186815679073334,8.424574499315e-05
1742,0.4703092575073242,0.4372254014015198,0.3308384120464325,8.413495632300784e-05
1743,0.4712318181991577,0.438312828540802,0.3291899263858795,8.402418762501982e-05
1744,0.45845848321914673,0.4264700710773468,0.31988421082496643,8.391343903863018e-05
1745,0.4563722312450409,0.42445647716522217,0.31915760040283203,8.380271070325789e-05
1746,0.47068995237350464,0.43769875168800354,0.32991188764572144,8.369200275829649e-05
1747,0.4396520256996155,0.40920305252075195,0.3044898211956024,8.358131534311372e-05
1748,0.44648563861846924,0.4150354862213135,0.31450146436691284,8.347064859705153e-05
1749,0.43415915966033936,0.40363889932632446,0.30520275235176086,8.336000265942581e-05
1750,0.4505252242088318,0.4186052083969116,0.3192002773284912,8.324937766952638e-05
1751,0.46408072113990784,0.4316119849681854,0.3246874213218689,8.313877376661652e-05
1752,0.4425051808357239,0.41131842136383057,0.31186771392822266,8.302819108993312e-05
1753,0.4926435947418213,0.4580782651901245,0.3456532061100006,8.291762977868625e-05
1754,0.4764254093170166,0.4426821172237396,0.337432861328125,8.280708997205904e-05
1755,0.4488857090473175,0.4173177182674408,0.31567996740341187,8.269657180920774e-05
1756,0.4264954924583435,0.396984726190567,0.29510772228240967,8.258607542926114e-05
1757,0.43237069249153137,0.40204545855522156,0.30325236916542053,8.247560097132076e-05
1758,0.4382297992706299,0.40805092453956604,0.30178868770599365,8.236514857446045e-05
1759,0.4599900543689728,0.4279561936855316,0.32033848762512207,8.225471837772623e-05
1760,0.43314647674560547,0.40288808941841125,0.3025840222835541,8.214431052013634e-05
1761,0.45773422718048096,0.4255242943763733,0.3220994770526886,8.203392514068074e-05
1762,0.4649335443973541,0.4324999153614044,0.32433637976646423,8.19235623783212e-05
1763,0.45340046286582947,0.42194780707359314,0.3145265579223633,8.181322237199094e-05
1764,0.435469388961792,0.4053734838962555,0.3009589612483978,8.170290526059452e-05
1765,0.41477471590042114,0.3859783113002777,0.2879641056060791,8.159261118300782e-05
1766,0.4345073699951172,0.40334367752075195,0.31163692474365234,8.14823402780776e-05
1767,0.4563998878002167,0.4244699478149414,0.31929928064346313,8.13720926846214e-05
1768,0.4473479688167572,0.41631218791007996,0.31035780906677246,8.126186854142752e-05
1769,0.4113697409629822,0.38295283913612366,0.28416910767555237,8.115166798725478e-05
1770,0.4476523995399475,0.41616594791412354,0.3148643970489502,8.104149116083216e-05
1771,0.46129828691482544,0.42915645241737366,0.3214184045791626,8.093133820085888e-05
1772,0.4195709824562073,0.38998696208000183,0.2958402633666992,8.0821209246004e-05
1773,0.4668876528739929,0.43429622054100037,0.32591432332992554,8.071110443490652e-05
1774,0.4525393843650818,0.4210461378097534,0.31493261456489563,8.060102390617493e-05
1775,0.43789324164390564,0.4075744152069092,0.3031882643699646,8.049096779838719e-05
1776,0.4490886926651001,0.417489618062973,0.315990686416626,8.038093625009052e-05
1777,0.4743709862232208,0.44145524501800537,0.32915741205215454,8.027092939980115e-05
1778,0.44394123554229736,0.4128737449645996,0.31067487597465515,8.016094738600435e-05
1779,0.4600454270839691,0.42792803049087524,0.32117387652397156,8.005099034715404e-05
1780,0.44577500224113464,0.41466042399406433,0.3111456632614136,7.994105842167273e-05
1781,0.4398190677165985,0.4090777635574341,0.30741313099861145,7.983115174795128e-05
1782,0.4252629578113556,0.39550554752349854,0.297573983669281,7.972127046434878e-05
1783,0.4632931649684906,0.43094944953918457,0.3234371542930603,7.961141470919233e-05
1784,0.4481149911880493,0.41674554347991943,0.3136945366859436,7.950158462077697e-05
1785,0.43323904275894165,0.4033527076244354,0.2988634705543518,7.939178033736538e-05
1786,0.45319730043411255,0.42129045724868774,0.3190684914588928,7.928200199718774e-05
1787,0.44378307461738586,0.41307294368743896,0.30710119009017944,7.917224973844152e-05
1788,0.4326615631580353,0.40276166796684265,0.2989989221096039,7.906252369929154e-05
1789,0.4339284300804138,0.40330472588539124,0.3062371611595154,7.895282401786945e-05
1790,0.44740429520606995,0.4161760210990906,0.3122827410697937,7.884315083227373e-05
1791,0.4636296331882477,0.4314371645450592,0.32192471623420715,7.873350428056957e-05
1792,0.4423072636127472,0.4115111827850342,0.3079608678817749,7.862388450078855e-05
1793,0.44459307193756104,0.41362136602401733,0.3097169101238251,7.851429163092868e-05
1794,0.4232770502567291,0.3932879567146301,0.2998908758163452,7.840472580895396e-05
1795,0.4391641914844513,0.4082316756248474,0.3093251883983612,7.829518717279438e-05
1796,0.45253121852874756,0.4208771586418152,0.3165404796600342,7.818567586034577e-05
1797,0.4642375409603119,0.4316616356372833,0.32575899362564087,7.807619200946942e-05
1798,0.45619645714759827,0.4244946241378784,0.31701844930648804,7.796673575799224e-05
1799,0.4407675862312317,0.4098449945449829,0.3092259168624878,7.785730724370625e-05
1800,0.4543451964855194,0.4226108193397522,0.3173438608646393,7.774790660436858e-05
1801,0.4322184920310974,0.4015759527683258,0.3064252734184265,7.763853397770131e-05
1802,0.4690108895301819,0.4359451234340668,0.33065763115882874,7.752918950139119e-05
1803,0.4322550892829895,0.40207135677337646,0.301837295293808,7.741987331308964e-05
1804,0.4554256498813629,0.4237043559551239,0.317212849855423,7.731058555041237e-05
1805,0.43408310413360596,0.40388041734695435,0.3020269274711609,7.720132635093934e-05
1806,0.43698856234550476,0.4069173336029053,0.3007122576236725,7.709209585221451e-05
1807,0.46029022336006165,0.42817744612693787,0.32112765312194824,7.69828941917458e-05
1808,0.4432390630245209,0.4124191701412201,0.3081989586353302,7.68737215070048e-05
1809,0.46601366996765137,0.4333634078502655,0.3265025019645691,7.676457793542654e-05
1810,0.466747522354126,0.43431365489959717,0.3243387043476105,7.66554636144095e-05
1811,0.4299183189868927,0.4000360071659088,0.2988229990005493,7.654637868131521e-05
1812,0.45463472604751587,0.42260992527008057,0.32024815678596497,7.643732327346842e-05
1813,0.45781734585762024,0.42571502923965454,0.3210231363773346,7.63282975281565e-05
1814,0.43636980652809143,0.40596064925193787,0.3040916919708252,7.621930158262958e-05
1815,0.47928476333618164,0.4459333121776581,0.33351463079452515,7.611033557410026e-05
1816,0.4472914934158325,0.4157574474811554,0.3153406083583832,7.600139963974341e-05
1817,0.4803977310657501,0.44637298583984375,0.34024736285209656,7.589249391669616e-05
1818,0.40315964818000793,0.3749898672103882,0.28169769048690796,7.578361854205743e-05
1819,0.4291282594203949,0.39904168248176575,0.3008658289909363,7.567477365288813e-05
1820,0.4757533073425293,0.44251248240470886,0.33240818977355957,7.556595938621058e-05
1821,0.45484960079193115,0.423165887594223,0.31683698296546936,7.545717587900879e-05
1822,0.46550115942955017,0.43293696641921997,0.32564204931259155,7.534842326822785e-05
1823,0.4776298999786377,0.4440572261810303,0.33572685718536377,7.523970169077402e-05
1824,0.44261786341667175,0.41174551844596863,0.3087233304977417,7.513101128351454e-05
1825,0.4661470651626587,0.4336777627468109,0.32469287514686584,7.502235218327731e-05
1826,0.44298747181892395,0.41224735975265503,0.30740103125572205,7.491372452685094e-05
1827,0.4402044415473938,0.409035861492157,0.3116858899593353,7.48051284509844e-05
1828,0.45509597659111023,0.4236319363117218,0.31464052200317383,7.469656409238685e-05
1829,0.4326075315475464,0.4025980234146118,0.30009493231773376,7.458803158772758e-05
1830,0.45872288942337036,0.4265941083431244,0.3212878108024597,7.447953107363574e-05
1831,0.45781224966049194,0.4259830117225647,0.31829240918159485,7.437106268670034e-05
1832,0.45416459441185,0.42260873317718506,0.3155584931373596,7.426262656346978e-05
1833,0.4295625388622284,0.39946869015693665,0.30093851685523987,7.41542228404519e-05
1834,0.45990777015686035,0.42745596170425415,0.32451802492141724,7.404585165411377e-05
1835,0.4650123119354248,0.4329325258731842,0.32079777121543884,7.393751314088146e-05
1836,0.465133398771286,0.43270835280418396,0.3242504298686981,7.382920743713999e-05
1837,0.43770259618759155,0.407128244638443,0.30574366450309753,7.372093467923302e-05
1838,0.4632836580276489,0.4309050142765045,0.32378631830215454,7.361269500346274e-05
1839,0.45270752906799316,0.42125165462493896,0.31455886363983154,7.350448854608962e-05
1840,0.4590023159980774,0.42682117223739624,0.321811318397522,7.339631544333249e-05
1841,0.45112887024879456,0.41975224018096924,0.31376633048057556,7.328817583136804e-05
1842,0.4405483901500702,0.4097965955734253,0.3075178563594818,7.318006984633085e-05
1843,0.431096613407135,0.4009379744529724,0.3015863001346588,7.307199762431319e-05
1844,0.4610249996185303,0.42843788862228394,0.3258710503578186,7.29639593013647e-05
1845,0.4496598541736603,0.418288916349411,0.3137093782424927,7.285595501349258e-05
1846,0.4753057062625885,0.4419311285018921,0.3337457478046417,7.274798489666097e-05
1847,0.43568164110183716,0.4055732488632202,0.3010839819908142,7.264004908679112e-05
1848,0.4406506419181824,0.4099366068840027,0.3071403503417969,7.2532147719761e-05
1849,0.44322848320007324,0.41197261214256287,0.31255877017974854,7.242428093140525e-05
1850,0.4552953541278839,0.42335978150367737,0.31935563683509827,7.231644885751507e-05
1851,0.43203258514404297,0.4018799066543579,0.3015266954898834,7.220865163383784e-05
1852,0.43634238839149475,0.40600675344467163,0.3033563792705536,7.210088939607708e-05
1853,0.4699037969112396,0.43731191754341125,0.32591870427131653,7.199316227989236e-05
1854,0.4423820376396179,0.4114847183227539,0.3089733123779297,7.18854704208989e-05
1855,0.48578256368637085,0.45204293727874756,0.3373963236808777,7.177781395466772e-05
1856,0.43764960765838623,0.40708988904953003,0.305597186088562,7.167019301672509e-05
1857,0.45728012919425964,0.42505425214767456,0.3222588300704956,7.156260774255262e-05
1858,0.4638177454471588,0.4317138195037842,0.3210391700267792,7.145505826758707e-05
1859,0.45799317955970764,0.42567718029022217,0.32315999269485474,7.134754472722017e-05
1860,0.46834173798561096,0.4359592795372009,0.3238244652748108,7.124006725679828e-05
1861,0.45894816517829895,0.4271765351295471,0.31771621108055115,7.113262599162245e-05
1862,0.4450729787349701,0.4138796925544739,0.311932772397995,7.102522106694808e-05
1863,0.4081724286079407,0.38000842928886414,0.2816399931907654,7.09178526179849e-05
1864,0.45373380184173584,0.4220861792564392,0.31647610664367676,7.081052077989667e-05
1865,0.4219911992549896,0.3924998939037323,0.29491308331489563,7.07032256878011e-05
1866,0.4495854377746582,0.41757017374038696,0.32015275955200195,7.059596747676962e-05
1867,0.47199559211730957,0.43914979696273804,0.32845786213874817,7.048874628182722e-05
1868,0.4646592140197754,0.43230894207954407,0.3235026001930237,7.038156223795224e-05
1869,0.4531058371067047,0.4216310381889343,0.3147481083869934,7.027441548007641e-05
1870,0.48301413655281067,0.44900578260421753,0.34008342027664185,7.01673061430844e-05
1871,0.4470377266407013,0.41554614901542664,0.3149156868457794,7.006023436181377e-05
1872,0.4377368986606598,0.4069836139678955,0.30753293633461,6.995320027105481e-05
1873,0.4206678867340088,0.3912864029407501,0.2938149869441986,6.984620400555044e-05
1874,0.42413681745529175,0.39432141184806824,0.29815414547920227,6.973924569999585e-05
1875,0.44376760721206665,0.41263359785079956,0.3113400340080261,6.963232548903853e-05
1876,0.45217758417129517,0.42079511284828186,0.3138245642185211,6.952544350727799e-05
1877,0.4704124927520752,0.43738383054733276,0.3302866518497467,6.94185998892655e-05
1878,0.4717100262641907,0.43890252709388733,0.32807502150535583,6.931179476950429e-05
1879,0.4237263798713684,0.3944798409938812,0.2924653887748718,6.920502828244889e-05
1880,0.4559798538684845,0.42394688725471497,0.3203296661376953,6.909830056250527e-05
1881,0.4636152386665344,0.4312809109687805,0.32334333658218384,6.899161174403064e-05
1882,0.45082470774650574,0.4194791913032532,0.31345516443252563,6.888496196133317e-05
1883,0.45393818616867065,0.4221411943435669,0.3179698884487152,6.877835134867196e-05
1884,0.47167688608169556,0.4383377730846405,0.3333912789821625,6.867178004025676e-05
1885,0.4747965931892395,0.44163092970848083,0.33165669441223145,6.85652481702478e-05
1886,0.44583240151405334,0.41412922739982605,0.31703171133995056,6.845875587275576e-05
1887,0.44438931345939636,0.4129979610443115,0.3139134645462036,6.835230328184138e-05
1888,0.4651757776737213,0.43240541219711304,0.32770368456840515,6.824589053151558e-05
1889,0.45356863737106323,0.4219825565814972,0.31586092710494995,6.813951775573896e-05
1890,0.43684953451156616,0.4061807692050934,0.3066878020763397,6.803318508842187e-05
1891,0.4680219292640686,0.4355703294277191,0.3245158791542053,6.792689266342416e-05
1892,0.4661664068698883,0.4335208535194397,0.32645559310913086,6.782064061455504e-05
1893,0.40249013900756836,0.37448185682296753,0.28008297085762024,6.77144290755729e-05
1894,0.4497198462486267,0.41814008355140686,0.31579750776290894,6.760825818018508e-05
1895,0.4634598195552826,0.43044477701187134,0.33015045523643494,6.750212806204777e-05
1896,0.44007065892219543,0.4092046618461609,0.3086598813533783,6.739603885476582e-05
1897,0.439716637134552,0.4092848598957062,0.3043178915977478,6.728999069189263e-05
1898,0.4441947042942047,0.4129006564617157,0.31294047832489014,6.718398370692993e-05
1899,0.43513280153274536,0.4043141007423401,0.3081868588924408,6.707801803332754e-05
1900,0.4349716007709503,0.4044281840324402,0.30543413758277893,6.697209380448333e-05
1901,0.4499325752258301,0.41837066411972046,0.31561920046806335,6.68662111537429e-05
1902,0.4530470073223114,0.42110875248908997,0.3193824589252472,6.676037021439971e-05
1903,0.4489161968231201,0.4173349440097809,0.3158125579357147,6.665457111969451e-05
1904,0.44918960332870483,0.41770023107528687,0.3148936331272125,6.654881400281547e-05
1905,0.4645761251449585,0.43169185519218445,0.3288426101207733,6.644309899689793e-05
1906,0.4293871521949768,0.3995286822319031,0.2985846698284149,6.63374262350241e-05
1907,0.4785747826099396,0.4451431632041931,0.334316223859787,6.623179585022316e-05
1908,0.4251311421394348,0.3955451548099518,0.29585975408554077,6.612620797547087e-05
1909,0.45653796195983887,0.4245662987232208,0.31971657276153564,6.602066274368947e-05
1910,0.4320862889289856,0.40187516808509827,0.30211108922958374,6.59151602877475e-05
1911,0.4519308805465698,0.4203292429447174,0.3160163462162018,6.580970074045975e-05
1912,0.44047024846076965,0.4101352393627167,0.303350031375885,6.570428423458687e-05
1913,0.45828402042388916,0.4264732599258423,0.3181074559688568,6.559891090283537e-05
1914,0.43661293387413025,0.40617185831069946,0.30441078543663025,6.549358087785744e-05
1915,0.4396421015262604,0.40872320532798767,0.3091889023780823,6.538829429225069e-05
1916,0.45815330743789673,0.4260033667087555,0.3214993178844452,6.528305127855816e-05
1917,0.457454115152359,0.4259427785873413,0.3151133060455322,6.517785196926792e-05
1918,0.4614730179309845,0.4292818605899811,0.32191160321235657,6.507269649681307e-05
1919,0.43735355138778687,0.4069035053253174,0.30450043082237244,6.496758499357148e-05
1920,0.4466114640235901,0.41526973247528076,0.31341737508773804,6.486251759186572e-05
1921,0.4293295741081238,0.3994484841823578,0.2988109886646271,6.475749442396289e-05
1922,0.44457870721817017,0.4135793149471283,0.3099938929080963,6.465251562207431e-05
1923,0.45742732286453247,0.4253634810447693,0.3206385374069214,6.454758131835545e-05
1924,0.4403175413608551,0.40948808193206787,0.30829453468322754,6.44426916449058e-05
1925,0.4494282603263855,0.4177030324935913,0.31725212931632996,6.43378467337687e-05
1926,0.4387209117412567,0.4079959988594055,0.3072490692138672,6.423304671693107e-05
1927,0.4173429608345032,0.3884233236312866,0.28919628262519836,6.412829172632338e-05
1928,0.44174885749816895,0.4105134606361389,0.31235387921333313,6.402358189381934e-05
1929,0.46296054124832153,0.4305078089237213,0.3245273232460022,6.391891735123582e-05
1930,0.4252545237541199,0.3955223262310028,0.2973218262195587,6.38142982303328e-05
1931,0.45946139097213745,0.42733633518218994,0.32125070691108704,6.370972466281291e-05
1932,0.46710407733917236,0.4342097043991089,0.3289438784122467,6.360519678032157e-05
1933,0.45474231243133545,0.4226039946079254,0.32138320803642273,6.350071471444661e-05
1934,0.4391692578792572,0.40861114859580994,0.3055812120437622,6.339627859671814e-05
1935,0.4582361876964569,0.4261018633842468,0.32134315371513367,6.32918885586086e-05
1936,0.44967716932296753,0.41797158122062683,0.3170560300350189,6.318754473153221e-05
1937,0.43996018171310425,0.4090959429740906,0.30864229798316956,6.308324724684518e-05
1938,0.44097259640693665,0.4098939001560211,0.3107869327068329,6.297899623584532e-05
1939,0.4278872609138489,0.3979146480560303,0.2997262179851532,6.287479182977184e-05
1940,0.4520524740219116,0.4202807545661926,0.31771722435951233,6.277063415980549e-05
1941,0.46608659625053406,0.4333078861236572,0.3277870714664459,6.266652335706802e-05
1942,0.4629104435443878,0.4308236837387085,0.3208675682544708,6.256245955262221e-05
1943,0.45034921169281006,0.4188365340232849,0.3151267468929291,6.245844287747168e-05
1944,0.4452861249446869,0.4142373204231262,0.31048792600631714,6.23544734625608e-05
1945,0.43549293279647827,0.40539154410362244,0.3010137379169464,6.225055143877434e-05
1946,0.4628603756427765,0.4304884970188141,0.3237188160419464,6.214667693693744e-05
1947,0.4520125091075897,0.42034003138542175,0.31672486662864685,6.20428500878154e-05
1948,0.44646692276000977,0.4155254662036896,0.30941444635391235,6.193907102211358e-05
1949,0.43262526392936707,0.4022255837917328,0.3039967119693756,6.183533987047716e-05
1950,0.43874502182006836,0.40816381573677063,0.3058120906352997,6.173165676349103e-05
1951,0.44580626487731934,0.41449257731437683,0.3131367564201355,6.162802183167954e-05
1952,0.4430236220359802,0.41208386421203613,0.3093975782394409,6.152443520550641e-05
1953,0.443718820810318,0.41294437646865845,0.30774450302124023,6.14208970153746e-05
1954,0.46524012088775635,0.43281999230384827,0.3242012560367584,6.1317407391626e-05
1955,0.4248751401901245,0.395198792219162,0.29676353931427,6.121396646454149e-05
1956,0.463361918926239,0.43089213967323303,0.32469791173934937,6.111057436434056e-05
1957,0.4464877247810364,0.4152914583683014,0.311962753534317,6.1007231221181206e-05
1958,0.44482672214508057,0.41341596841812134,0.3141074776649475,6.090393716515983e-05
1959,0.4533778429031372,0.4216458797454834,0.31731948256492615,6.0800692326311095e-05
1960,0.45163387060165405,0.41954511404037476,0.32088762521743774,6.069749683460765e-05
1961,0.4473867416381836,0.4167240262031555,0.3066273033618927,6.059435081996001e-05
1962,0.4366159737110138,0.4059104025363922,0.30705559253692627,6.049125441221639e-05
1963,0.4529346525669098,0.42167460918426514,0.3126005232334137,6.038820774116265e-05
1964,0.467562735080719,0.43502676486968994,0.32535961270332336,6.0285210936521955e-05
1965,0.44453713297843933,0.41364115476608276,0.30895984172821045,6.018226412795469e-05
1966,0.44740980863571167,0.41597601771354675,0.3143377900123596,6.0079367445058354e-05
1967,0.4621022641658783,0.4301319718360901,0.3197029232978821,5.997652101736726e-05
1968,0.4258175194263458,0.3961433172225952,0.29674190282821655,5.9873724974352585e-05
1969,0.46693912148475647,0.4341871440410614,0.3275197744369507,5.977097944542198e-05
1970,0.47125568985939026,0.4381289482116699,0.33126741647720337,5.9668284559919504e-05
1971,0.4464128613471985,0.4150931239128113,0.31319740414619446,5.956564044712551e-05
1972,0.44518792629241943,0.41380998492240906,0.3137795031070709,5.94630472362564e-05
1973,0.44424575567245483,0.41312068700790405,0.311250776052475,5.936050505646452e-05
1974,0.4688601493835449,0.4360344111919403,0.3282574713230133,5.925801403683797e-05
1975,0.4394224286079407,0.4089478552341461,0.3047456443309784,5.9155574306400395e-05
1976,0.4413492679595947,0.41061368584632874,0.30735573172569275,5.9053185994110974e-05
1977,0.4174689054489136,0.3882431387901306,0.29225772619247437,5.8950849228864025e-05
1978,0.4598141312599182,0.4274244010448456,0.3238973915576935,5.884856413948913e-05
1979,0.4643810987472534,0.43132612109184265,0.33054980635643005,5.87463308547507e-05
1980,0.4501134157180786,0.41903865337371826,0.31074750423431396,5.864414950334796e-05
1981,0.45445603132247925,0.4221021831035614,0.3235384523868561,5.8542020213914726e-05
1982,0.4639929234981537,0.4319113790988922,0.32081541419029236,5.843994311501939e-05
1983,0.4707415699958801,0.4381558895111084,0.32585689425468445,5.833791833516453e-05
1984,0.46084433794021606,0.428392618894577,0.3245173394680023,5.82359460027869e-05
1985,0.43087106943130493,0.40089502930641174,0.29976025223731995,5.8134026246257225e-05
1986,0.450406551361084,0.4191369414329529,0.3126959800720215,5.8032159193879985e-05
1987,0.42781221866607666,0.3980429470539093,0.2976926863193512,5.793034497389345e-05
1988,0.45780372619628906,0.4254005253314972,0.32403185963630676,5.782858371446927e-05
1989,0.46386703848838806,0.4314500689506531,0.3241696059703827,5.772687554371241e-05
1990,0.4425666034221649,0.4119073450565338,0.30659255385398865,5.762522058966113e-05
1991,0.42333510518074036,0.39360255002975464,0.2973254919052124,5.752361898028653e-05
1992,0.472873330116272,0.439752459526062,0.3312087953090668,5.7422070843492734e-05
1993,0.45572155714035034,0.42410072684288025,0.31620824337005615,5.732057630711638e-05
1994,0.4251350164413452,0.3955371677875519,0.29597851634025574,5.721913549892674e-05
1995,0.4232126772403717,0.39394956827163696,0.29263100028038025,5.711774854662535e-05
1996,0.45277220010757446,0.4215780198574066,0.3119417428970337,5.701641557784609e-05
1997,0.4564805030822754,0.4241536557674408,0.3232685923576355,5.69151367201548e-05
1998,0.4373847544193268,0.40707048773765564,0.3031426966190338,5.681391210104916e-05
1999,0.4261757433414459,0.39655935764312744,0.2961638867855072,5.671274184795865e-05
2000,0.44598713517189026,0.4149400293827057,0.3104710876941681,5.6611626088244194e-05
2001,0.45511215925216675,0.42316776514053345,0.3194439113140106,5.651056494919831e-05
2002,0.44026049971580505,0.4093191921710968,0.30941301584243774,5.640955855804455e-05
2003,0.45179009437561035,0.4203033447265625,0.31486743688583374,5.63086070419377e-05
2004,0.45101284980773926,0.4191311001777649,0.31881746649742126,5.620771052796339e-05
2005,0.45003098249435425,0.4190722405910492,0.3095874786376953,5.610686914313796e-05
2006,0.43532589077949524,0.40560951828956604,0.29716360569000244,5.6006083014408484e-05
2007,0.4582284390926361,0.4264269173145294,0.31801530718803406,5.590535226865238e-05
2008,0.4484196603298187,0.4169376492500305,0.3148200213909149,5.5804677032677354e-05
2009,0.45647087693214417,0.4244714081287384,0.31999471783638,5.570405743322124e-05
2010,0.46609339118003845,0.43347880244255066,0.32614588737487793,5.560349359695181e-05
2011,0.44538626074790955,0.41421037912368774,0.31175869703292847,5.550298565046672e-05
2012,0.44947075843811035,0.4182242453098297,0.31246519088745117,5.540253372029315e-05
2013,0.45082589983940125,0.41953834891319275,0.3128754496574402,5.53021379328879e-05
2014,0.44274550676345825,0.4120637774467468,0.3068174421787262,5.520179841463693e-05
2015,0.4551965892314911,0.42338302731513977,0.3181355893611908,5.510151529185553e-05
2016,0.45403170585632324,0.42240726947784424,0.3162443935871124,5.5001288690787886e-05
2017,0.44259628653526306,0.41203629970550537,0.3055998384952545,5.490111873760705e-05
2018,0.47540903091430664,0.44196516275405884,0.334438681602478,5.480100555841478e-05
2019,0.45499858260154724,0.4232530891895294,0.31745487451553345,5.4700949279241295e-05
2020,0.4603950083255768,0.4281952381134033,0.3219977021217346,5.4600950026045326e-05
2021,0.45330747961997986,0.4211660921573639,0.3214138150215149,5.4501007924713707e-05
2022,0.4709492623806,0.43830376863479614,0.3264548182487488,5.440112310106134e-05
2023,0.4462466537952423,0.41554346680641174,0.3070319592952728,5.4301295680830976e-05
2024,0.457838773727417,0.42556703090667725,0.3227173686027527,5.420152578969326e-05
2025,0.4496091306209564,0.4181612730026245,0.3144785165786743,5.410181355324622e-05
2026,0.4480878710746765,0.41703665256500244,0.3105122745037079,5.400215909701547e-05
2027,0.46367308497428894,0.43052032589912415,0.33152759075164795,5.390256254645378e-05
2028,0.45879796147346497,0.42699551582336426,0.31802454590797424,5.380302402694104e-05
2029,0.4563698470592499,0.4244250953197479,0.31944739818573,5.3703543663784074e-05
2030,0.4673871397972107,0.4350190758705139,0.32368066906929016,5.36041215822166e-05
2031,0.4580288231372833,0.4262644350528717,0.3176439106464386,5.3504757907398836e-05
2032,0.4453105926513672,0.41387128829956055,0.31439295411109924,5.340545276441755e-05
2033,0.452804297208786,0.4209092855453491,0.31895017623901367,5.3306206278285734e-05
2034,0.44635963439941406,0.41460728645324707,0.3175234794616699,5.320701857394268e-05
2035,0.4508686065673828,0.4196791648864746,0.3118945062160492,5.3107889776253536e-05
2036,0.43818020820617676,0.40752458572387695,0.3065561056137085,5.3008820010009464e-05
2037,0.44038936495780945,0.4099521338939667,0.3043724000453949,5.290980939992713e-05
2038,0.4451005458831787,0.4143460988998413,0.3075445890426636,5.281085807064881e-05
2039,0.41857996582984924,0.3894880414009094,0.29091930389404297,5.27119661467422e-05
2040,0.43694883584976196,0.40648961067199707,0.3045923411846161,5.261313375270014e-05
2041,0.4424048662185669,0.41118696331977844,0.31217893958091736,5.251436101294056e-05
2042,0.4618532359600067,0.4294279217720032,0.3242530822753906,5.2415648051806275e-05
2043,0.4359186589717865,0.4050826132297516,0.30836039781570435,5.231699499356484e-05
2044,0.4493502974510193,0.41793718934059143,0.3141312301158905,5.221840196240848e-05
2045,0.4396168887615204,0.4089438021183014,0.30673089623451233,5.211986908245374e-05
2046,0.4457074701786041,0.4144223928451538,0.31285086274147034,5.202139647774149e-05
2047,0.4504334032535553,0.4193183183670044,0.3111507296562195,5.192298427223676e-05
2048,0.45735377073287964,0.4255202114582062,0.3183354437351227,5.182463258982846e-05
2049,0.43787387013435364,0.40737801790237427,0.3049585521221161,5.172634155432943e-05
2050,0.4575563669204712,0.4251237213611603,0.3243263065814972,5.1628111289476035e-05
2051,0.46313032507896423,0.4308861792087555,0.32244136929512024,5.1529941918928204e-05
2052,0.48969417810440063,0.4554368555545807,0.3425730764865875,5.143183356626916e-05
2053,0.4708649218082428,0.4377099573612213,0.3315495252609253,5.133378635500543e-05
2054,0.47586122155189514,0.4425831139087677,0.33278101682662964,5.123580040856644e-05
2055,0.4659270942211151,0.4333776831626892,0.32549402117729187,5.113787585030454e-05
2056,0.4444175660610199,0.4130145311355591,0.3140304386615753,5.1040012803494795e-05
2057,0.46592313051223755,0.43286311626434326,0.3306000828742981,5.0942211391334824e-05
2058,0.44175833463668823,0.41117438673973083,0.3058393895626068,5.084447173694469e-05
2059,0.42782291769981384,0.397896945476532,0.2992596924304962,5.0746793963366744e-05
2060,0.46998417377471924,0.4373094439506531,0.32674726843833923,5.0649178193565314e-05
2061,0.4649990499019623,0.43284401297569275,0.32155048847198486,5.055162455042679e-05
2062,0.43739351630210876,0.4068198502063751,0.3057366609573364,5.045413315675924e-05
2063,0.4530872106552124,0.4218142628669739,0.3127296268939972,5.035670413529251e-05
2064,0.4415726065635681,0.4107966423034668,0.30775967240333557,5.025933760867781e-05
2065,0.44737115502357483,0.41610944271087646,0.3126172125339508,5.016203369948773e-05
2066,0.4451664984226227,0.4136285185813904,0.31537970900535583,5.006479253021597e-05
2067,0.48042166233062744,0.44704803824424744,0.333736389875412,4.996761422327737e-05
2068,0.47739505767822266,0.44421523809432983,0.33179807662963867,4.9870498901007524e-05
2069,0.4323691725730896,0.40252959728240967,0.2983956038951874,4.977344668566275e-05
2070,0.4297592341899872,0.39949703216552734,0.3026220500469208,4.967645769942e-05
2071,0.4773881435394287,0.4441013038158417,0.3328685462474823,4.957953206437651e-05
2072,0.4588248133659363,0.426519513130188,0.3230530321598053,4.9482669902549894e-05
2073,0.4425661563873291,0.41210517287254333,0.3046099841594696,4.938587133587777e-05
2074,0.45409852266311646,0.42261984944343567,0.3147868514060974,4.92891364862177e-05
2075,0.4406074583530426,0.41006600856781006,0.3054144084453583,4.919246547534708e-05
2076,0.44552725553512573,0.4143722951412201,0.311549574136734,4.909585842496287e-05
2077,0.4711858928203583,0.43837183713912964,0.32814058661460876,4.899931545668164e-05
2078,0.48588618636131287,0.45218753814697266,0.3369864225387573,4.890283669203915e-05
2079,0.4670117497444153,0.43433573842048645,0.3267599642276764,4.880642225249041e-05
2080,0.4564783573150635,0.4247216284275055,0.3175673484802246,4.87100722594094e-05
2081,0.46125978231430054,0.4291093051433563,0.3215049207210541,4.8613786834089024e-05
2082,0.4622282385826111,0.4299498200416565,0.32278409600257874,4.851756609774094e-05
2083,0.4137139618396759,0.3842684328556061,0.2944551706314087,4.842141017149526e-05
2084,0.45392492413520813,0.42199334502220154,0.31931573152542114,4.8325319176400576e-05
2085,0.4685949981212616,0.43603256344795227,0.3256242573261261,4.822929323342369e-05
2086,0.47923919558525085,0.44566604495048523,0.3357314467430115,4.81333324634496e-05
2087,0.4465329647064209,0.4158683717250824,0.30664584040641785,4.8037436987281194e-05
2088,0.454917848110199,0.42316946387290955,0.3174838423728943,4.794160692563917e-05
2089,0.4409908652305603,0.4099496006965637,0.3104126453399658,4.7845842399161874e-05
2090,0.4413185119628906,0.40987974405288696,0.314387708902359,4.7750143528405126e-05
2091,0.458404004573822,0.4266074299812317,0.3179655969142914,4.76545104338422e-05
2092,0.4675656259059906,0.4349134564399719,0.3265216648578644,4.755894323586342e-05
2093,0.44019317626953125,0.40873318910598755,0.314599871635437,4.746344205477631e-05
2094,0.45096251368522644,0.4193645417690277,0.31597983837127686,4.736800701080515e-05
2095,0.44209736585617065,0.411333829164505,0.30763521790504456,4.727263822409099e-05
2096,0.4312978982925415,0.40061935782432556,0.30678537487983704,4.717733581469157e-05
2097,0.4386169910430908,0.4079141616821289,0.3070281744003296,4.708209990258095e-05
2098,0.45212045311927795,0.42056339979171753,0.315570592880249,4.6986930607649535e-05
2099,0.4311336576938629,0.4009326100349426,0.3020104169845581,4.68918280497038e-05
2100,0.465637743473053,0.4332764148712158,0.32361331582069397,4.6796792348466356e-05
2101,0.42005056142807007,0.3908345699310303,0.2921599745750427,4.67018236235755e-05
2102,0.4251064360141754,0.39581775665283203,0.29288676381111145,4.6606921994585274e-05
2103,0.4304940700531006,0.4001401364803314,0.3035392761230469,4.651208758096521e-05
2104,0.44185134768486023,0.410855233669281,0.30996111035346985,4.6417320502100316e-05
2105,0.47544148564338684,0.44238588213920593,0.33055591583251953,4.63226208772908e-05
2106,0.455477237701416,0.423992395401001,0.31484854221343994,4.62279888257519e-05
2107,0.4660924971103668,0.43388521671295166,0.3220727741718292,4.613342446661383e-05
2108,0.42898696660995483,0.39924392104148865,0.29743051528930664,4.603892791892157e-05
2109,0.41922011971473694,0.39018717408180237,0.2903295159339905,4.594449930163471e-05
2110,0.4306172728538513,0.4005970060825348,0.30020269751548767,4.5850138733627434e-05
2111,0.4467235505580902,0.41547346115112305,0.312500923871994,4.575584633368815e-05
2112,0.4507388472557068,0.4191568195819855,0.3158203959465027,4.566162222051946e-05
2113,0.43343672156333923,0.4032527804374695,0.30183932185173035,4.556746651273802e-05
2114,0.46757200360298157,0.4345476031303406,0.33024394512176514,4.547337932887443e-05
2115,0.46635591983795166,0.4334660768508911,0.32889851927757263,4.537936078737292e-05
2116,0.45078718662261963,0.4197459816932678,0.31041204929351807,4.52854110065914e-05
2117,0.46962687373161316,0.4363837242126465,0.33243152499198914,4.519153010480118e-05
2118,0.4462869465351105,0.41518330574035645,0.31103628873825073,4.5097718200186814e-05
2119,0.42888572812080383,0.3989827632904053,0.299029678106308,4.50039754108461e-05
2120,0.46004533767700195,0.4277248680591583,0.32320478558540344,4.491030185478976e-05
2121,0.43749338388442993,0.4074420630931854,0.30051305890083313,4.481669764994134e-05
2122,0.4439631998538971,0.4128856062889099,0.31077584624290466,4.472316291413715e-05
2123,0.4484446048736572,0.41706496477127075,0.3137964904308319,4.4629697765125934e-05
2124,0.4711763858795166,0.43812495470046997,0.3305142819881439,4.453630232056901e-05
2125,0.45246192812919617,0.4212261736392975,0.3123575448989868,4.444297669803981e-05
2126,0.4307774007320404,0.40061235427856445,0.30165040493011475,4.434972101502385e-05
2127,0.45215269923210144,0.4199281930923462,0.3222450613975525,4.425653538891874e-05
2128,0.44899484515190125,0.4178731441497803,0.3112170994281769,4.416341993703373e-05
2129,0.4579172134399414,0.4259737730026245,0.31943437457084656,4.407037477658992e-05
2130,0.42706209421157837,0.3974302411079407,0.2963184118270874,4.3977400024719725e-05
2131,0.4516642987728119,0.42017754912376404,0.31486746668815613,4.388449579846705e-05
2132,0.45022261142730713,0.41889676451683044,0.31325849890708923,4.379166221478697e-05
2133,0.4556717276573181,0.42428767681121826,0.3138405382633209,4.36988993905456e-05
2134,0.46374255418777466,0.43092799186706543,0.32814574241638184,4.36062074425201e-05
2135,0.4684762954711914,0.4357334077358246,0.32742881774902344,4.351358648739826e-05
2136,0.44743919372558594,0.41619107127189636,0.3124813437461853,4.3421036641778556e-05
2137,0.445637047290802,0.41429728269577026,0.31339767575263977,4.332855802217e-05
2138,0.45155608654022217,0.42016908526420593,0.3138698935508728,4.323615074499183e-05
2139,0.451625257730484,0.4205069839954376,0.3111827075481415,4.31438149265736e-05
2140,0.4613524377346039,0.429205060005188,0.3214736878871918,4.305155068315481e-05
2141,0.47579944133758545,0.4424167573451996,0.33382681012153625,4.295935813088487e-05
2142,0.4540565013885498,0.4225638210773468,0.3149268925189972,4.2867237385822935e-05
2143,0.4396202564239502,0.40903618931770325,0.3058406412601471,4.2775188563937843e-05
2144,0.4517354369163513,0.4200116991996765,0.3172372877597809,4.268321178110779e-05
2145,0.45996662974357605,0.4276326894760132,0.32333946228027344,4.259130715312033e-05
2146,0.42116546630859375,0.39174798130989075,0.29417499899864197,4.249947479567218e-05
2147,0.44363218545913696,0.41243043541908264,0.31201741099357605,4.2407714824369024e-05
2148,0.44292864203453064,0.4121284484863281,0.30800193548202515,4.231602735472552e-05
2149,0.45692384243011475,0.4250580072402954,0.31865835189819336,4.222441250216502e-05
2150,0.472809374332428,0.4396304488182068,0.3317891061306,4.213287038201943e-05
2151,0.46972525119781494,0.4372389018535614,0.32486337423324585,4.20414011095291e-05
2152,0.48316240310668945,0.44979292154312134,0.33369481563568115,4.195000479984265e-05
2153,0.4666176438331604,0.4338029623031616,0.328146755695343,4.185868156801694e-05
2154,0.43993180990219116,0.40919387340545654,0.30737921595573425,4.1767431529016766e-05
2155,0.4819428622722626,0.44807735085487366,0.33865514397621155,4.1676254797714766e-05
2156,0.4833831191062927,0.4494004547595978,0.339826762676239,4.1585151488891305e-05
2157,0.42987561225891113,0.39971688389778137,0.30158740282058716,4.149412171723438e-05
2158,0.4708174169063568,0.43825310468673706,0.32564300298690796,4.140316559733935e-05
2159,0.4399558901786804,0.40936946868896484,0.3058643639087677,4.1312283243708836e-05
2160,0.4671034514904022,0.43457040190696716,0.325330525636673,4.12214747707527e-05
2161,0.46523112058639526,0.4327385425567627,0.32492566108703613,4.113074029278765e-05
2162,0.473304808139801,0.4395184814929962,0.33786317706108093,4.1040079924037386e-05
2163,0.4365782141685486,0.4056489169597626,0.30929306149482727,4.0949493778632244e-05
2164,0.438806414604187,0.40803584456443787,0.30770567059516907,4.085898197060911e-05
2165,0.43910980224609375,0.4084486961364746,0.3066111207008362,4.0768544613911294e-05
2166,0.4539710283279419,0.4223848581314087,0.3158618211746216,4.067818182238838e-05
2167,0.4440557360649109,0.41272246837615967,0.31333279609680176,4.058789370979617e-05
2168,0.44904038310050964,0.417653352022171,0.3138701915740967,4.049768038979631e-05
2169,0.44287461042404175,0.412017822265625,0.30856797099113464,4.04075419759564e-05
2170,0.43097302317619324,0.4009576439857483,0.3001536726951599,4.031747858174964e-05
2171,0.4521891176700592,0.42069000005722046,0.314991295337677,4.0227490320554916e-05
2172,0.4485911726951599,0.41683098673820496,0.31760174036026,4.0137577305656485e-05
2173,0.4411642253398895,0.4106506109237671,0.3051360249519348,4.004773965024383e-05
2174,0.42607271671295166,0.3966357409954071,0.2943699061870575,3.9957977467411615e-05
2175,0.438698410987854,0.40799081325531006,0.3070760667324066,3.9868290870159405e-05
2176,0.4386988580226898,0.4081076681613922,0.30591195821762085,3.9778679971391785e-05
2177,0.44013190269470215,0.4090474545955658,0.31084442138671875,3.96891448839179e-05
2178,0.45486146211624146,0.4229203760623932,0.3194107711315155,3.959968572045148e-05
2179,0.42517155408859253,0.39572280645370483,0.29448750615119934,3.951030259361072e-05
2180,0.4387281537055969,0.4081665277481079,0.3056161403656006,3.942099561591802e-05
2181,0.43048006296157837,0.4002813696861267,0.30198681354522705,3.933176489980005e-05
2182,0.42884716391563416,0.3986952006816864,0.3015197515487671,3.924261055758731e-05
2183,0.44734007120132446,0.4161294996738434,0.31210586428642273,3.915353270151433e-05
2184,0.47126051783561707,0.4380567669868469,0.3320375680923462,3.90645314437192e-05
2185,0.4505325257778168,0.4193824529647827,0.31150081753730774,3.897560689624362e-05
2186,0.44568103551864624,0.41479912400245667,0.30881914496421814,3.888675917103283e-05
2187,0.463977575302124,0.43128111958503723,0.32696470618247986,3.879798837993521e-05
2188,0.4472166895866394,0.41610708832740784,0.3110959529876709,3.8709294634702376e-05
2189,0.46494197845458984,0.4326135516166687,0.3232843577861786,3.862067804698889e-05
2190,0.4351760745048523,0.4052301049232483,0.2994595766067505,3.853213872835228e-05
2191,0.43455731868743896,0.4040374457836151,0.30519887804985046,3.844367679025274e-05
2192,0.43938392400741577,0.4088420569896698,0.3054187297821045,3.8355292344053026e-05
2193,0.43817007541656494,0.4075126349925995,0.30657437443733215,3.826698550101836e-05
2194,0.4516858160495758,0.4199333190917969,0.3175249993801117,3.8178756372316294e-05
2195,0.4479968845844269,0.4165600836277008,0.31436794996261597,3.8090605069016595e-05
2196,0.4572034776210785,0.4256175458431244,0.31585925817489624,3.800253170209094e-05
2197,0.44757214188575745,0.4159788489341736,0.315932959318161,3.7914536382412956e-05
2198,0.4787611961364746,0.4455637037754059,0.3319747745990753,3.782661922075803e-05
2199,0.4567282497882843,0.42488136887550354,0.31846883893013,3.773878032780309e-05
2200,0.4145858585834503,0.38583245873451233,0.28753408789634705,3.7651019814126654e-05
2201,0.44315066933631897,0.4121496081352234,0.3100106418132782,3.7563337790208476e-05
2202,0.4598409831523895,0.42773354053497314,0.32107430696487427,3.747573436642951e-05
2203,0.4265877604484558,0.39653459191322327,0.3005315959453583,3.738820965307176e-05
2204,0.46181946992874146,0.42967355251312256,0.3214590847492218,3.730076376031821e-05
2205,0.4577679932117462,0.42550405859947205,0.3226393461227417,3.721339679825252e-05
2206,0.4344278573989868,0.4037686586380005,0.30659204721450806,3.712610887685909e-05
2207,0.46364930272102356,0.4307650327682495,0.32884278893470764,3.703890010602274e-05
2208,0.41286155581474304,0.3839872181415558,0.28874334692955017,3.695177059552861e-05
2209,0.4463265538215637,0.41514384746551514,0.3118271231651306,3.686472045506223e-05
2210,0.44843465089797974,0.4172174036502838,0.3121723532676697,3.677774979420904e-05
2211,0.44393783807754517,0.41243988275527954,0.3149794936180115,3.66908587224545e-05
2212,0.4571952223777771,0.42542916536331177,0.31766054034233093,3.660404734918387e-05
2213,0.43270668387413025,0.4025721549987793,0.30134519934654236,3.6517315783682036e-05
2214,0.45732781291007996,0.42565229535102844,0.31675517559051514,3.643066413513354e-05
2215,0.4526994228363037,0.4215348958969116,0.31164512038230896,3.634409251262217e-05
2216,0.4530985951423645,0.42197898030281067,0.3111962378025055,3.6257601025131026e-05
2217,0.4339057207107544,0.4042597711086273,0.29645952582359314,3.61711897815424e-05
2218,0.43849360942840576,0.4081098735332489,0.30383744835853577,3.608485889063744e-05
2219,0.45182371139526367,0.41992706060409546,0.31896647810935974,3.599860846109626e-05
2220,0.43348830938339233,0.4031483232975006,0.30339983105659485,3.591243860149759e-05
2221,0.4590342342853546,0.4268900454044342,0.3214418590068817,3.582634942031878e-05
2222,0.45571571588516235,0.4235643148422241,0.3215140998363495,3.574034102593557e-05
2223,0.4425445795059204,0.4117990732192993,0.3074550926685333,3.565441352662211e-05
2224,0.44768184423446655,0.4160533845424652,0.31628450751304626,3.556856703055058e-05
2225,0.4402685761451721,0.4093136787414551,0.30954891443252563,3.548280164579126e-05
2226,0.4542689621448517,0.42235955595970154,0.3190940320491791,3.539711748031227e-05
2227,0.493930846452713,0.45936617255210876,0.34564679861068726,3.531151464197957e-05
2228,0.4659632444381714,0.4333585500717163,0.3260469138622284,3.5225993238556644e-05
2229,0.45417919754981995,0.4225858151912689,0.3159337341785431,3.514055337770455e-05
2230,0.4335516095161438,0.4029804766178131,0.3057112395763397,3.5055195166981645e-05
2231,0.44862669706344604,0.4174216091632843,0.3120509386062622,3.496991871384346e-05
2232,0.46820229291915894,0.435384601354599,0.3281768560409546,3.488472412564264e-05
2233,0.46129488945007324,0.4288383722305298,0.3245650827884674,3.479961150962884e-05
2234,0.456847220659256,0.42488420009613037,0.3196302056312561,3.4714580972948406e-05
2235,0.4411548376083374,0.4101564884185791,0.309983491897583,3.462963262264444e-05
2236,0.43944960832595825,0.40854912996292114,0.30900466442108154,3.4544766565656505e-05
2237,0.45145678520202637,0.4200340509414673,0.31422731280326843,3.445998290882062e-05
2238,0.4342292547225952,0.4041309654712677,0.3009829521179199,3.4375281758869114e-05
2239,0.43913793563842773,0.4086979925632477,0.30439937114715576,3.429066322243033e-05
2240,0.44857722520828247,0.4175691604614258,0.31008052825927734,3.420612740602875e-05
2241,0.42316919565200806,0.3932361304759979,0.29933059215545654,3.4121674416084584e-05
2242,0.4533520042896271,0.4215814173221588,0.3177059590816498,3.403730435891391e-05
2243,0.45643147826194763,0.42453667521476746,0.31894806027412415,3.39530173407283e-05
2244,0.46929317712783813,0.43657130002975464,0.3272187113761902,3.386881346763483e-05
2245,0.4584084153175354,0.42655861377716064,0.318497896194458,3.378469284563589e-05
2246,0.44954508543014526,0.418188214302063,0.31356871128082275,3.370065558062906e-05
2247,0.4232499599456787,0.39386340975761414,0.2938653826713562,3.3616701778407065e-05
2248,0.44127559661865234,0.4103643298149109,0.309112548828125,3.353283154465746e-05
2249,0.455283522605896,0.42386242747306824,0.3142111003398895,3.34490449849626e-05
2250,0.4434729814529419,0.4123280942440033,0.3114488422870636,3.336534220479961e-05
2251,0.43893691897392273,0.40837568044662476,0.3056122958660126,3.3281723309540025e-05
2252,0.41276562213897705,0.3840212821960449,0.2874433398246765,3.319818840444987e-05
2253,0.4289599061012268,0.39944836497306824,0.2951154410839081,3.311473759468938e-05
2254,0.4524856507778168,0.4209882915019989,0.3149736225605011,3.3031370985312934e-05
2255,0.4516756236553192,0.42000052332878113,0.3167509436607361,3.294808868126894e-05
2256,0.47169262170791626,0.4382820129394531,0.33410605788230896,3.28648907873996e-05
2257,0.45997339487075806,0.4280632436275482,0.31910157203674316,3.2781777408441e-05
2258,0.4594310522079468,0.42730194330215454,0.3212909996509552,3.269874864902269e-05
2259,0.46208468079566956,0.43007010221481323,0.3201456665992737,3.261580461366776e-05
2260,0.45535093545913696,0.42363762855529785,0.31713297963142395,3.253294540679257e-05
2261,0.45832526683807373,0.426570862531662,0.31754398345947266,3.245017113270685e-05
2262,0.4270520806312561,0.3974865972995758,0.2956548035144806,3.236748189561324e-05
2263,0.4315207898616791,0.4015730917453766,0.2994769811630249,3.228487779960745e-05
2264,0.43947505950927734,0.4088849127292633,0.30590131878852844,3.220235894867794e-05
2265,0.4702106714248657,0.43727701902389526,0.3293365240097046,3.211992544670581e-05
2266,0.4574079215526581,0.4257221817970276,0.3168572783470154,3.203757739746489e-05
2267,0.4146876037120819,0.3861433267593384,0.2854427993297577,3.195531490462128e-05
2268,0.4588308036327362,0.42589983344078064,0.3293095827102661,3.18731380717334e-05
2269,0.4610026180744171,0.4286412298679352,0.32361382246017456,3.1791047002251884e-05
2270,0.45003870129585266,0.4187093675136566,0.3132933974266052,3.1709041799519315e-05
2271,0.4789685606956482,0.44534286856651306,0.33625680208206177,3.162712256677032e-05
2272,0.45429250597953796,0.4225279688835144,0.31764528155326843,3.154528940713113e-05
2273,0.4785870909690857,0.44472700357437134,0.3386007845401764,3.1463542423619794e-05
2274,0.4456218183040619,0.4144551455974579,0.31166666746139526,3.1381881719145724e-05
2275,0.433135449886322,0.40288448333740234,0.3025098145008087,3.130030739650983e-05
2276,0.45764997601509094,0.42555367946624756,0.3209628462791443,3.121881955840421e-05
2277,0.4569046199321747,0.42497652769088745,0.3192809522151947,3.1137418307412116e-05
2278,0.44009655714035034,0.4093048572540283,0.3079170286655426,3.105610374600778e-05
2279,0.435581237077713,0.40553560853004456,0.30045634508132935,3.0974875976556284e-05
2280,0.44015073776245117,0.40933793783187866,0.30812814831733704,3.089373510131355e-05
2281,0.43828698992729187,0.4080069661140442,0.30280014872550964,3.081268122242598e-05
2282,0.4578358829021454,0.4262734055519104,0.315624862909317,3.073171444193055e-05
2283,0.4496340751647949,0.4177100658416748,0.319240003824234,3.065083486175451e-05
2284,0.458098828792572,0.425927996635437,0.3217083513736725,3.057004258371541e-05
2285,0.43912750482559204,0.4085236191749573,0.3060389757156372,3.0489337709520917e-05
2286,0.43516167998313904,0.40468841791152954,0.3047325015068054,3.0408720340768572e-05
2287,0.44054219126701355,0.40956738591194153,0.309748113155365,3.0328190578945815e-05
2288,0.4419654905796051,0.4109600782394409,0.3100542426109314,3.0247748525429787e-05
2289,0.43269187211990356,0.4023589789867401,0.30332884192466736,3.0167394281487184e-05
2290,0.4383743107318878,0.407854825258255,0.3051947355270386,3.008712794827426e-05
2291,0.44253212213516235,0.4116050899028778,0.3092702031135559,3.00069496268365e-05
2292,0.4731186628341675,0.4400658905506134,0.3305276930332184,2.9926859418108644e-05
2293,0.4379197657108307,0.40734830498695374,0.3057146966457367,2.9846857422914433e-05
2294,0.4675633907318115,0.43481484055519104,0.3274856209754944,2.97669437419667e-05
2295,0.45849931240081787,0.42682021856307983,0.3167908489704132,2.9687118475866947e-05
2296,0.45382416248321533,0.4221552312374115,0.31668931245803833,2.960738172510551e-05
2297,0.45461350679397583,0.42304056882858276,0.3157294690608978,2.952773359006119e-05
2298,0.4331698417663574,0.40276846289634705,0.3040136694908142,2.9448174171001254e-05
2299,0.43847960233688354,0.4077707529067993,0.3070885241031647,2.9368703568081356e-05
2300,0.4307921230792999,0.40015608072280884,0.30636051297187805,2.9289321881345254e-05
2301,0.456381231546402,0.4244452714920044,0.31935957074165344,2.921002921072481e-05
2302,0.4467677175998688,0.4156486690044403,0.3111904263496399,2.913082565603982e-05
2303,0.4399886131286621,0.4093913435935974,0.3059726059436798,2.9051711316997864e-05
2304,0.42550215125083923,0.3959195613861084,0.2958258092403412,2.8972686293194308e-05
2305,0.428291380405426,0.398449569940567,0.298418253660202,2.8893750684111975e-05
2306,0.43545272946357727,0.4053654670715332,0.30087271332740784,2.8814904589121137e-05
2307,0.47028428316116333,0.4374675154685974,0.3281678259372711,2.8736148107479478e-05
2308,0.46950778365135193,0.4364616870880127,0.3304608464241028,2.8657481338331715e-05
2309,0.4498581290245056,0.418527215719223,0.3133091628551483,2.8578904380709793e-05
2310,0.45185843110084534,0.42007309198379517,0.31785327196121216,2.850041733353247e-05
2311,0.4595208764076233,0.4275696277618408,0.31951239705085754,2.842202029560538e-05
2312,0.45740455389022827,0.4254264533519745,0.31978097558021545,2.8343713365620772e-05
2313,0.4509519636631012,0.4195975959300995,0.31354376673698425,2.8265496642157597e-05
2314,0.4503248333930969,0.4188801348209381,0.31444692611694336,2.8187370223681132e-05
2315,0.4243515133857727,0.39466989040374756,0.29681628942489624,2.8109334208542993e-05
2316,0.43342018127441406,0.4034534990787506,0.29966673254966736,2.803138869498102e-05
2317,0.4430367350578308,0.4118935763835907,0.3114316761493683,2.7953533781119055e-05
2318,0.4410504996776581,0.4106311500072479,0.3041936159133911,2.7875769564966968e-05
2319,0.4330134689807892,0.4027985632419586,0.30214908719062805,2.779809614442046e-05
2320,0.4558914601802826,0.4239632487297058,0.3192821145057678,2.7720513617260856e-05
2321,0.4582279622554779,0.42639437317848206,0.3183358311653137,2.764302208115509e-05
2322,0.45101097226142883,0.4196915030479431,0.31319481134414673,2.7565621633655502e-05
2323,0.4407530128955841,0.41010674834251404,0.30646276473999023,2.74883123721999e-05
2324,0.4388110339641571,0.40838688611984253,0.304241418838501,2.741109439411117e-05
2325,0.4437312185764313,0.41273221373558044,0.30998992919921875,2.7333967796597315e-05
2326,0.4501827657222748,0.4190058708190918,0.311769038438797,2.7256932676751323e-05
2327,0.4529474675655365,0.4214323163032532,0.3151513934135437,2.7179989131550977e-05
2328,0.45900389552116394,0.4271136224269867,0.318902850151062,2.7103137257858868e-05
2329,0.44239112734794617,0.4113832712173462,0.31007862091064453,2.7026377152422067e-05
2330,0.44202953577041626,0.4114859402179718,0.30543580651283264,2.694970891187224e-05
2331,0.4418105483055115,0.41050687432289124,0.31303671002388,2.6873132632725297e-05
2332,0.4722828269004822,0.43946319818496704,0.32819637656211853,2.6796648411381485e-05
2333,0.45812374353408813,0.4265175461769104,0.3160618543624878,2.672025634412506e-05
2334,0.4238387942314148,0.39378857612609863,0.3005022704601288,2.6643956527124335e-05
2335,0.43933629989624023,0.4089586138725281,0.30377689003944397,2.6567749056431467e-05
2336,0.46991944313049316,0.4368453323841095,0.33074113726615906,2.6491634027982325e-05
2337,0.45393145084381104,0.4223666191101074,0.3156481683254242,2.6415611537596496e-05
2338,0.4507160484790802,0.4191763699054718,0.315396785736084,2.6339681680977013e-05
2339,0.466433048248291,0.4342089891433716,0.3222404420375824,2.6263844553710236e-05
2340,0.4335668087005615,0.40327170491218567,0.30295100808143616,2.6188100251265945e-05
2341,0.4558373987674713,0.42356476187705994,0.3227262496948242,2.6112448868996897e-05
2342,0.45674145221710205,0.42458683252334595,0.3215462565422058,2.6036890502139035e-05
2343,0.42978018522262573,0.39990487694740295,0.298753023147583,2.5961425245811055e-05
2344,0.4404270648956299,0.41026565432548523,0.30161404609680176,2.5886053195014538e-05
2345,0.4602280855178833,0.428399920463562,0.3182816207408905,2.5810774444633644e-05
2346,0.4440528154373169,0.4132232666015625,0.3082953691482544,2.573558908943523e-05
2347,0.4556635916233063,0.4234665334224701,0.32197049260139465,2.5660497224068415e-05
2348,0.43009284138679504,0.3999388813972473,0.3015396296977997,2.5585498943064724e-05
2349,0.42918407917022705,0.3995451331138611,0.2963894307613373,2.5510594340837824e-05
2350,0.4807592034339905,0.44721195101737976,0.33547255396842957,2.5435783511683443e-05
2351,0.4626905918121338,0.4302252233028412,0.324653685092926,2.5361066549779356e-05
2352,0.4550899267196655,0.4234960079193115,0.3159392476081848,2.5286443549185036e-05
2353,0.4357195794582367,0.4053686559200287,0.3035091757774353,2.521191460384178e-05
2354,0.46603086590766907,0.4332391619682312,0.3279171586036682,2.5137479807572427e-05
2355,0.4490272104740143,0.4175734519958496,0.31453758478164673,2.506313925408127e-05
2356,0.4576142430305481,0.42538022994995117,0.3223402202129364,2.4988893036954053e-05
2357,0.47434645891189575,0.44102439284324646,0.33322063088417053,2.4914741249657658e-05
2358,0.416625440120697,0.3874436318874359,0.29181796312332153,2.484068398554016e-05
2359,0.45422419905662537,0.4225800037384033,0.3164418339729309,2.47667213378306e-05
2360,0.4631500840187073,0.43089771270751953,0.32252365350723267,2.4692853399638917e-05
2361,0.44941839575767517,0.41805654764175415,0.3136184811592102,2.4619080263955875e-05
2362,0.4395168721675873,0.40872183442115784,0.3079502582550049,2.4545402023652784e-05
2363,0.44472166895866394,0.41369229555130005,0.31029361486434937,2.4471818771481648e-05
2364,0.4701230525970459,0.43734872341156006,0.32774320244789124,2.4398330600074713e-05
2365,0.4496706426143646,0.4177590012550354,0.3191164433956146,2.4324937601944685e-05
2366,0.42977750301361084,0.3991038501262665,0.3067364990711212,2.4251639869484375e-05
2367,0.43847277760505676,0.40787312388420105,0.30599647760391235,2.4178437494966688e-05
2368,0.4510408639907837,0.4194127917289734,0.316280722618103,2.410533057054446e-05
2369,0.47467854619026184,0.4408440887928009,0.3383444547653198,2.4032319188250374e-05
2370,0.47619205713272095,0.44276484847068787,0.33427220582962036,2.3959403439996907e-05
2371,0.45583271980285645,0.4238737225532532,0.3195900022983551,2.388658341757607e-05
2372,0.44394102692604065,0.41301944851875305,0.3092156946659088,2.381385921265936e-05
2373,0.48500004410743713,0.45097973942756653,0.3402029573917389,2.3741230916797675e-05
2374,0.41695550084114075,0.38787201046943665,0.29083484411239624,2.3668698621421216e-05
2375,0.44488242268562317,0.41376909613609314,0.31113317608833313,2.3596262417839255e-05
2376,0.46561160683631897,0.43321144580841064,0.3240017294883728,2.352392239724016e-05
2377,0.4246963858604431,0.3950682282447815,0.29628148674964905,2.345167865069119e-05
2378,0.45733341574668884,0.42529425024986267,0.32039156556129456,2.33795312691384e-05
2379,0.4447838068008423,0.4138164818286896,0.3096731901168823,2.330748034340651e-05
2380,0.4658006429672241,0.43361225724220276,0.32188379764556885,2.323552596419889e-05
2381,0.4427866041660309,0.41169607639312744,0.31090524792671204,2.3163668222097313e-05
2382,0.43386080861091614,0.4034215807914734,0.30439236760139465,2.309190720756189e-05
2383,0.4218636453151703,0.39210596680641174,0.2975766956806183,2.3020243010930975e-05
2384,0.4418547451496124,0.4104599356651306,0.31394821405410767,2.2948675722421086e-05
2385,0.45488041639328003,0.4233810007572174,0.31499403715133667,2.2877205432126657e-05
2386,0.47246867418289185,0.43946272134780884,0.33005937933921814,2.280583223002012e-05
2387,0.4532477855682373,0.4218234717845917,0.3142431974411011,2.2734556205951596e-05
2388,0.4462546706199646,0.41460874676704407,0.31645914912223816,2.266337744964888e-05
2389,0.4582478106021881,0.42653989791870117,0.31707900762557983,2.2592296050717388e-05
2390,0.4359709918498993,0.405523419380188,0.3044756054878235,2.25213120986399e-05
2391,0.4424896240234375,0.4116811454296112,0.3080846667289734,2.2450425682776565e-05
2392,0.43228277564048767,0.40243983268737793,0.29842954874038696,2.237963689236472e-05
2393,0.44843584299087524,0.4174717664718628,0.30964088439941406,2.230894581651879e-05
2394,0.46127045154571533,0.4291113317012787,0.3215910494327545,2.2238352544230255e-05
2395,0.44373124837875366,0.41269317269325256,0.3103807270526886,2.2167857164367422e-05
2396,0.4589698612689972,0.42627283930778503,0.32697027921676636,2.2097459765675342e-05
2397,0.46688276529312134,0.43448421359062195,0.32398542761802673,2.2027160436775794e-05
2398,0.4406477212905884,0.40957942605018616,0.3106830418109894,2.195695926616702e-05
2399,0.45356225967407227,0.42140302062034607,0.3215923309326172,2.188685634222376e-05
2400,0.4552905261516571,0.4236185550689697,0.31671977043151855,2.1816851753197032e-05
2401,0.4505298435688019,0.4186367392539978,0.31893110275268555,2.174694558721405e-05
2402,0.43237537145614624,0.4022481441497803,0.3012721836566925,2.1677137932278147e-05
2403,0.4567875564098358,0.4249412715435028,0.3184628188610077,2.1607428876268675e-05
2404,0.45377758145332336,0.4217112064361572,0.32066383957862854,2.153781850694082e-05
2405,0.43076133728027344,0.40045613050460815,0.3030521273612976,2.146830691192553e-05
2406,0.46081116795539856,0.42836612462997437,0.3244504928588867,2.1398894178729423e-05
2407,0.4370949864387512,0.40681806206703186,0.30276933312416077,2.1329580394734638e-05
2408,0.445446640253067,0.4143400192260742,0.3110660910606384,2.1260365647198798e-05
2409,0.41928818821907043,0.390033483505249,0.2925470173358917,2.119125002325485e-05
2410,0.4574767053127289,0.425765722990036,0.3171098828315735,2.11222336099109e-05
2411,0.4531940519809723,0.42129409313201904,0.3189994692802429,2.1053316494050202e-05
2412,0.4733240306377411,0.43963730335235596,0.3368673324584961,2.098449876243096e-05
2413,0.4794491231441498,0.445911169052124,0.3353794813156128,2.0915780501686355e-05
2414,0.47860637307167053,0.44520530104637146,0.33401066064834595,2.0847161798324266e-05
2415,0.45046770572662354,0.4189999997615814,0.3146772086620331,2.0778642738727272e-05
2416,0.4368879795074463,0.4066230058670044,0.3026498854160309,2.0710223409152475e-05
2417,0.4610249698162079,0.4290089011192322,0.3201605975627899,2.064190389573153e-05
2418,0.442933052778244,0.41195547580718994,0.3097756803035736,2.057368428447032e-05
2419,0.4549001157283783,0.4226878583431244,0.3221224844455719,2.0505564661249e-05
2420,0.4250187873840332,0.39535653591156006,0.29662251472473145,2.043754511182191e-05
2421,0.41799667477607727,0.3886660933494568,0.2933059334754944,2.036962572181731e-05
2422,0.4353805184364319,0.40432193875312805,0.31058594584465027,2.0301806576737482e-05
2423,0.47026678919792175,0.4374105632305145,0.3285621702671051,2.023408776195842e-05
2424,0.46632814407348633,0.4340042769908905,0.3232385814189911,2.016646936272987e-05
2425,0.4294247329235077,0.3993780016899109,0.30046728253364563,2.009895146417512e-05
2426,0.4443654716014862,0.4133542478084564,0.3101121783256531,2.0031534151290953e-05
2427,0.4546487331390381,0.422854483127594,0.3179425299167633,1.996421750894758e-05
2428,0.45342817902565,0.4218006730079651,0.3162751793861389,1.9897001621888434e-05
2429,0.47198328375816345,0.43887263536453247,0.3311065435409546,1.9829886574730093e-05
2430,0.46836233139038086,0.43587031960487366,0.3249201774597168,1.9762872451962212e-05
2431,0.4660298228263855,0.43335503339767456,0.32674798369407654,1.969595933794739e-05
2432,0.4260663092136383,0.39621561765670776,0.29850679636001587,1.9629147316921125e-05
2433,0.45216646790504456,0.4203944802284241,0.31771987676620483,1.9562436472991552e-05
2434,0.45148125290870667,0.4202719032764435,0.31209349632263184,1.9495826890139503e-05
2435,0.4658903181552887,0.43352192640304565,0.3236839473247528,1.9429318652218276e-05
2436,0.4740740954875946,0.441099613904953,0.3297448754310608,1.9362911842953678e-05
2437,0.4553682208061218,0.423647940158844,0.31720292568206787,1.9296606545943774e-05
2438,0.44240182638168335,0.4117180109024048,0.3068380355834961,1.9230402844658812e-05
2439,0.45604780316352844,0.4244798421859741,0.31567972898483276,1.9164300822441194e-05
2440,0.47637709975242615,0.44316351413726807,0.33213573694229126,1.9098300562505266e-05
2441,0.4263150095939636,0.39647072553634644,0.2984427809715271,1.9032402147937357e-05
2442,0.4294675588607788,0.3996902406215668,0.29777324199676514,1.896660566169548e-05
2443,0.4514249563217163,0.4201217591762543,0.313031941652298,1.8900911186609426e-05
2444,0.471031129360199,0.4381532073020935,0.3287791609764099,1.8835318805380507e-05
2445,0.4552556872367859,0.42374345660209656,0.3151223063468933,1.8769828600581496e-05
2446,0.4499816298484802,0.41870391368865967,0.3127771019935608,1.870444065465662e-05
2447,0.45731234550476074,0.4256656765937805,0.31646665930747986,1.863915504992131e-05
2448,0.4563024938106537,0.4246649146080017,0.31637585163116455,1.8573971868562156e-05
2449,0.4654894471168518,0.4329717755317688,0.3251766860485077,1.8508891192636824e-05
2450,0.4169975221157074,0.3879495859146118,0.2904794216156006,1.8443913104073983e-05
2451,0.4538462460041046,0.42224252223968506,0.3160371780395508,1.8379037684673105e-05
2452,0.45228034257888794,0.42082637548446655,0.3145395815372467,1.8314265016104417e-05
2453,0.4154951274394989,0.38692915439605713,0.2856597900390625,1.8249595179908773e-05
2454,0.45197945833206177,0.4206821918487549,0.31297269463539124,1.818502825749764e-05
2455,0.47002261877059937,0.43723759055137634,0.3278503715991974,1.8120564330152923e-05
2456,0.42120811343193054,0.39175519347190857,0.2945290803909302,1.805620347902681e-05
2457,0.44133350253105164,0.4109228551387787,0.30410638451576233,1.799194578514176e-05
2458,0.4554659426212311,0.42342934012413025,0.3203660249710083,1.7927791329390375e-05
2459,0.4353348910808563,0.4049747586250305,0.3036012649536133,1.786374019253526e-05
2460,0.4708216190338135,0.437552273273468,0.3326934278011322,1.7799792455209018e-05
2461,0.4616558849811554,0.4300796091556549,0.31576281785964966,1.773594819791403e-05
2462,0.4382003843784332,0.40778177976608276,0.3041861057281494,1.767220750102243e-05
2463,0.4669724702835083,0.4340120553970337,0.3296041488647461,1.760857044477596e-05
2464,0.4627315104007721,0.4306086003780365,0.32122907042503357,1.7545037109285946e-05
2465,0.43384572863578796,0.40363743901252747,0.3020828068256378,1.7481607574533044e-05
2466,0.45634138584136963,0.4246756434440613,0.31665733456611633,1.7418281920367373e-05
2467,0.4669651985168457,0.4344266653060913,0.32538530230522156,1.735506022650817e-05
2468,0.43984416127204895,0.409358948469162,0.30485203862190247,1.7291942572543807e-05
2469,0.44381487369537354,0.4129977822303772,0.30817100405693054,1.722892903793176e-05
2470,0.4723227620124817,0.43969935178756714,0.32623419165611267,1.716601970199836e-05
2471,0.43964076042175293,0.4093278646469116,0.30312904715538025,1.710321464393877e-05
2472,0.4367252588272095,0.40660086274147034,0.30124402046203613,1.7040513942816906e-05
2473,0.44551578164100647,0.4141576886177063,0.3135809302330017,1.697791767756527e-05
2474,0.4752013683319092,0.44185012578964233,0.33351245522499084,1.6915425926984986e-05
2475,0.46323269605636597,0.43106749653816223,0.3216518759727478,1.6853038769745467e-05
2476,0.43396878242492676,0.4037969708442688,0.3017180263996124,1.6790756284384612e-05
2477,0.4313869774341583,0.40141311287879944,0.29973873496055603,1.6728578549308416e-05
2478,0.4494765102863312,0.41821807622909546,0.3125843107700348,1.666650564279105e-05
2479,0.4433235228061676,0.41227176785469055,0.3105176091194153,1.6604537642974793e-05
2480,0.4406471848487854,0.4099738895893097,0.30673280358314514,1.6542674627869747e-05
2481,0.460171639919281,0.4282081127166748,0.319635272026062,1.6480916675353898e-05
2482,0.4624162018299103,0.43040335178375244,0.3201284408569336,1.6419263863172997e-05
2483,0.4460073709487915,0.41479116678237915,0.3121621906757355,1.6357716268940372e-05
2484,0.46272194385528564,0.43035176396369934,0.3237018585205078,1.6296273970136977e-05
2485,0.4301474988460541,0.40019768476486206,0.299498051404953,1.6234937044111152e-05
2486,0.42724838852882385,0.39738544821739197,0.2986293137073517,1.6173705568078578e-05
2487,0.4232677221298218,0.39361220598220825,0.2965551018714905,1.611257961912227e-05
2488,0.44183963537216187,0.4106762409210205,0.3116339147090912,1.6051559274192275e-05
2489,0.4199939966201782,0.39073285460472107,0.2926112711429596,1.599064461010581e-05
2490,0.47247326374053955,0.4392963945865631,0.3317687213420868,1.5929835703546993e-05
2491,0.4203004240989685,0.39110660552978516,0.2919381558895111,1.5869132631066808e-05
2492,0.44172924757003784,0.41074153780937195,0.30987703800201416,1.5808535469082996e-05
2493,0.466268926858902,0.43310287594795227,0.33166059851646423,1.574804429388004e-05
2494,0.4471622705459595,0.41614606976509094,0.31016209721565247,1.5687659181608916e-05
2495,0.46572983264923096,0.43283382058143616,0.32896026968955994,1.5627380208287114e-05
2496,0.4313444197177887,0.4012623429298401,0.3008207678794861,1.5567207449798515e-05
2497,0.4790197014808655,0.44570451974868774,0.33315175771713257,1.5507140981893253e-05
2498,0.45351219177246094,0.422158420085907,0.3135377764701843,1.5447180880187706e-05
2499,0.4405266046524048,0.40967273712158203,0.3085387647151947,1.538732722016434e-05
2500,0.4677799344062805,0.4348304569721222,0.3294948935508728,1.5327580077171587e-05
2501,0.4585639536380768,0.42622697353363037,0.3233698606491089,1.5267939526423824e-05
2502,0.49185600876808167,0.4579028785228729,0.3395313024520874,1.520840564300119e-05
2503,0.43798214197158813,0.40707266330718994,0.3090946674346924,1.5148978501849642e-05
2504,0.4256894886493683,0.396407812833786,0.2928168773651123,1.5089658177780653e-05
2505,0.4489282965660095,0.41773295402526855,0.31195342540740967,1.5030444745471294e-05
2506,0.43722274899482727,0.40698787569999695,0.3023487329483032,1.4971338279464009e-05
2507,0.4490383267402649,0.4178702235221863,0.3116808831691742,1.4912338854166696e-05
2508,0.4226566553115845,0.392863005399704,0.2979363799095154,1.485344654385239e-05
2509,0.4316505789756775,0.40129560232162476,0.3035496771335602,1.4794661422659306e-05
2510,0.44962385296821594,0.41814979910850525,0.3147406578063965,1.4735983564590783e-05
2511,0.46347761154174805,0.43107783794403076,0.3239976167678833,1.4677413043515042e-05
2512,0.4499751925468445,0.4188300669193268,0.3114511966705322,1.4618949933165272e-05
2513,0.4636601209640503,0.43143412470817566,0.3222598731517792,1.4560594307139364e-05
2514,0.4209800958633423,0.39149343967437744,0.2948665916919708,1.4502346238899945e-05
2515,0.44123950600624084,0.41047537326812744,0.30764132738113403,1.4444205801774202e-05
2516,0.43941381573677063,0.40884748101234436,0.30566343665122986,1.4386173068953846e-05
2517,0.46220093965530396,0.42982256412506104,0.3237837255001068,1.4328248113495047e-05
2518,0.4577729403972626,0.4256262183189392,0.3214672803878784,1.427043100831823e-05
2519,0.4670492112636566,0.43440455198287964,0.3264465928077698,1.4212721826208086e-05
2520,0.47445517778396606,0.44141581654548645,0.33039361238479614,1.415512063981339e-05
2521,0.44546499848365784,0.4144284427165985,0.3103656768798828,1.4097627521647061e-05
2522,0.48750388622283936,0.45343875885009766,0.3406513035297394,1.4040242544085913e-05
2523,0.449449360370636,0.41775113344192505,0.3169822096824646,1.3982965779370626e-05
2524,0.4787850081920624,0.4452967643737793,0.33488231897354126,1.3925797299605647e-05
2525,0.43483245372772217,0.40460729598999023,0.3022516071796417,1.3868737176759094e-05
2526,0.4527684152126312,0.4208560585975647,0.31912368535995483,1.3811785482662764e-05
2527,0.4443526268005371,0.41326043009757996,0.3109220564365387,1.375494228901184e-05
2528,0.43657055497169495,0.40632209181785583,0.30248454213142395,1.3698207667364982e-05
2529,0.4523167312145233,0.4206903874874115,0.3162634074687958,1.3641581689144156e-05
2530,0.45567286014556885,0.4234786927700043,0.3219417929649353,1.3585064425634542e-05
2531,0.4217689037322998,0.3926655650138855,0.29103323817253113,1.3528655947984504e-05
2532,0.434418648481369,0.40425071120262146,0.30167946219444275,1.3472356327205405e-05
2533,0.42555132508277893,0.39557695388793945,0.29974377155303955,1.341616563417163e-05
2534,0.47135651111602783,0.43858960270881653,0.3276689648628235,1.3360083939620394e-05
2535,0.4634464681148529,0.43112021684646606,0.32326260209083557,1.330411131415169e-05
2536,0.45181041955947876,0.4203740954399109,0.31436339020729065,1.3248247828228245e-05
2537,0.46473032236099243,0.43271252512931824,0.32017800211906433,1.3192493552175366e-05
2538,0.47557684779167175,0.4419381320476532,0.33638715744018555,1.3136848556180892e-05
2539,0.43955010175704956,0.40901920199394226,0.30530914664268494,1.308131291029504e-05
2540,0.4417945146560669,0.41097038984298706,0.3082411289215088,1.3025886684430467e-05
2541,0.47734999656677246,0.44405412673950195,0.3329586386680603,1.2970569948361999e-05
2542,0.4734657406806946,0.4403594732284546,0.33106258511543274,1.291536277172667e-05
2543,0.4566516876220703,0.42474159598350525,0.319100946187973,1.2860265224023549e-05
2544,0.4679170846939087,0.4356571137905121,0.32259973883628845,1.2805277374613744e-05
2545,0.46238017082214355,0.4300748109817505,0.3230534493923187,1.2750399292720283e-05
2546,0.43867796659469604,0.4079730212688446,0.30704939365386963,1.2695631047427937e-05
2547,0.44998764991760254,0.41869571805000305,0.31291940808296204,1.2640972707683252e-05
2548,0.44482001662254333,0.4130668640136719,0.3175315856933594,1.2586424342294412e-05
2549,0.4743545651435852,0.4413708746433258,0.3298368752002716,1.2531986019931119e-05
2550,0.4515288174152374,0.4198647141456604,0.3166409730911255,1.2477657809124631e-05
2551,0.4643898606300354,0.43179529905319214,0.32594576478004456,1.242343977826752e-05
2552,0.44756847620010376,0.4161117970943451,0.3145667612552643,1.2369331995613653e-05
2553,0.4616616666316986,0.4291330873966217,0.32528576254844666,1.2315334529278132e-05
2554,0.4379490911960602,0.4071385860443115,0.3081049919128418,1.2261447447237195e-05
2555,0.45285215973854065,0.4210855960845947,0.31766554713249207,1.2207670817328066e-05
2556,0.444144606590271,0.4131855368614197,0.30959075689315796,1.2154004707249011e-05
2557,0.4322608709335327,0.40196114778518677,0.302997350692749,1.2100449184559093e-05
2558,0.43028154969215393,0.4003390967845917,0.2994244694709778,1.2047004316678156e-05
2559,0.4616438150405884,0.42924442887306213,0.3239940106868744,1.1993670170886806e-05
2560,0.4458434283733368,0.41488686203956604,0.30956560373306274,1.19404468143262e-05
2561,0.43002545833587646,0.39995452761650085,0.3007093667984009,1.1887334313998066e-05
2562,0.4591737389564514,0.4264811873435974,0.3269256055355072,1.1834332736764554e-05
2563,0.43597614765167236,0.4059886336326599,0.29987525939941406,1.1781442149348155e-05
2564,0.48308688402175903,0.44933852553367615,0.3374837338924408,1.1728662618331698e-05
2565,0.4222812354564667,0.3932414948940277,0.2903973460197449,1.1675994210158181e-05
2566,0.4546799063682556,0.4227953851222992,0.3188452124595642,1.1623436991130654e-05
2567,0.43553224205970764,0.40496721863746643,0.30565014481544495,1.1570991027412304e-05
2568,0.4437814950942993,0.41309601068496704,0.306854784488678,1.151865638502615e-05
2569,0.4609614610671997,0.42875322699546814,0.3220822811126709,1.1466433129855158e-05
2570,0.4564039409160614,0.424828439950943,0.31575512886047363,1.141432132764202e-05
2571,0.4397304654121399,0.40897613763809204,0.30754324793815613,1.1362321043989132e-05
2572,0.43973031640052795,0.4088350832462311,0.3089524507522583,1.1310432344358502e-05
2573,0.4189407527446747,0.389699786901474,0.29240962862968445,1.1258655294071685e-05
2574,0.43269073963165283,0.4024517834186554,0.30238965153694153,1.1206989958309656e-05
2575,0.4549815356731415,0.42346030473709106,0.3152123689651489,1.1155436402112785e-05
2576,0.4569219946861267,0.4247598946094513,0.3216211199760437,1.1103994690380681e-05
2577,0.4280437231063843,0.3978554904460907,0.3018823266029358,1.105266488787221e-05
2578,0.48135000467300415,0.44751250743865967,0.3383748233318329,1.1001447059205305e-05
2579,0.42488765716552734,0.39536550641059875,0.29522138833999634,1.0950341268857e-05
2580,0.44297677278518677,0.4120507836341858,0.309259831905365,1.0899347581163221e-05
2581,0.45264068245887756,0.4209824204444885,0.3165825605392456,1.0848466060318807e-05
2582,0.454863965511322,0.4230254292488098,0.31838545203208923,1.0797696770377352e-05
2583,0.43321463465690613,0.40315839648246765,0.3005622625350952,1.0747039775251266e-05
2584,0.4662397801876068,0.4338075518608093,0.32432228326797485,1.069649513871147e-05
2585,0.4268345534801483,0.39696964621543884,0.29864898324012756,1.0646062924387512e-05
2586,0.442166805267334,0.4113072156906128,0.3085959255695343,1.0595743195767393e-05
2587,0.44559916853904724,0.41400569677352905,0.31593477725982666,1.0545536016197499e-05
2588,0.46049535274505615,0.42813488841056824,0.3236047029495239,1.0495441448882571e-05
2589,0.44989511370658875,0.4186219274997711,0.3127317428588867,1.0445459556885517e-05
2590,0.45325952768325806,0.42138850688934326,0.3187102675437927,1.0395590403127486e-05
2591,0.44142767786979675,0.41086626052856445,0.3056141436100006,1.0345834050387627e-05
2592,0.44688138365745544,0.41550275683403015,0.31378617882728577,1.0296190561303132e-05
2593,0.46388041973114014,0.43170467019081116,0.32175764441490173,1.024665999836909e-05
2594,0.44794759154319763,0.41631919145584106,0.3162841200828552,1.0197242423938446e-05
2595,0.4950289726257324,0.4603738784790039,0.3465508222579956,1.0147937900221883e-05
2596,0.4598667025566101,0.42800238728523254,0.3186432123184204,1.0098746489287758e-05
2597,0.42359161376953125,0.39419710636138916,0.2939451038837433,1.0049668253062105e-05
2598,0.46842968463897705,0.43594738841056824,0.3248229920864105,1.0000703253328414e-05
2599,0.44919487833976746,0.4176475703716278,0.3154730200767517,9.95185155172762e-06
2600,0.45532745122909546,0.4234415590763092,0.3188590407371521,9.903113209758096e-06
2601,0.437164843082428,0.4065924882888794,0.3057236075401306,9.854488288775422e-06
2602,0.45322665572166443,0.42101043462753296,0.3221622407436371,9.805976849992494e-06
2603,0.45696088671684265,0.4254041016101837,0.3155679702758789,9.757578954479262e-06
2604,0.4644085764884949,0.43185949325561523,0.32549092173576355,9.709294663162771e-06
2605,0.44453442096710205,0.4129981994628906,0.3153623640537262,9.661124036827063e-06
2606,0.4634595811367035,0.43084049224853516,0.32619085907936096,9.61306713611304e-06
2607,0.4324960708618164,0.40226200222969055,0.3023405969142914,9.565124021518545e-06
2608,0.4445284307003021,0.4138997495174408,0.3062868118286133,9.517294753398064e-06
2609,0.4499635100364685,0.4185723662376404,0.31391143798828125,9.469579391962813e-06
2610,0.449252724647522,0.4177526831626892,0.3150005340576172,9.421977997280596e-06
2611,0.4525454640388489,0.42110222578048706,0.3144323527812958,9.3744906292758e-06
2612,0.44041958451271057,0.40923193097114563,0.31187665462493896,9.327117347729197e-06
2613,0.46619439125061035,0.43351519107818604,0.3267921507358551,9.27985821227798e-06
2614,0.46534356474876404,0.43280377984046936,0.32539790868759155,9.23271328241564e-06
2615,0.4303496778011322,0.400534451007843,0.2981523871421814,9.185682617491863e-06
2616,0.4520907402038574,0.42055508494377136,0.315356582403183,9.138766276712552e-06
2617,0.44949856400489807,0.41792112588882446,0.3157742917537689,9.091964319139645e-06
2618,0.4455428123474121,0.41469597816467285,0.3084684908390045,9.045276803691094e-06
2619,0.424103707075119,0.39475101232528687,0.29352688789367676,8.998703789140772e-06
2620,0.475406289100647,0.44227853417396545,0.3312776982784271,8.952245334118414e-06
2621,0.45131683349609375,0.4196626543998718,0.3165418803691864,8.905901497109581e-06
2622,0.4556047320365906,0.4236689507961273,0.31935781240463257,8.85967233645547e-06
2623,0.43915870785713196,0.4088272452354431,0.3033146858215332,8.813557910352999e-06
2624,0.42915651202201843,0.39957937598228455,0.2957712411880493,8.76755827685456e-06
2625,0.4266158640384674,0.3967256546020508,0.2989021837711334,8.72167349386811e-06
2626,0.4259282350540161,0.3961835205554962,0.29744723439216614,8.675903619156977e-06
2627,0.440533846616745,0.4099820852279663,0.3055175542831421,8.63024871033985e-06
2628,0.4601578414440155,0.4282206892967224,0.31937140226364136,8.584708824890697e-06
2629,0.4487464725971222,0.4175872504711151,0.31159210205078125,8.539284020138638e-06
2630,0.4513798952102661,0.4200505316257477,0.31329357624053955,8.493974353268019e-06
2631,0.44010281562805176,0.409786194562912,0.30316635966300964,8.448779881318148e-06
2632,0.4522498548030853,0.42104730010032654,0.3120255768299103,8.403700661183355e-06
2633,0.42121270298957825,0.3916606903076172,0.2955200970172882,8.358736749612873e-06
2634,0.46118512749671936,0.4291882812976837,0.31996849179267883,8.313888203210774e-06
2635,0.4438258111476898,0.4126911759376526,0.3113463819026947,8.269155078435931e-06
2636,0.43363288044929504,0.40354713797569275,0.3008573055267334,8.224537431601886e-06
2637,0.44536417722702026,0.4145571291446686,0.3080705404281616,8.1800353188768e-06
2638,0.464255690574646,0.4317256212234497,0.32530075311660767,8.135648796283402e-06
2639,0.4443039894104004,0.4132252335548401,0.3107876777648926,8.091377919698895e-06
2640,0.45278728008270264,0.4213409125804901,0.3144635856151581,8.047222744854943e-06
2641,0.4493340253829956,0.4180772602558136,0.3125677704811096,8.003183327337504e-06
2642,0.44844502210617065,0.41748663783073425,0.309583842754364,7.95925972258683e-06
2643,0.4168403148651123,0.3881714344024658,0.2866888642311096,7.915451985897382e-06
2644,0.42798784375190735,0.3979252874851227,0.3006255328655243,7.871760172417763e-06
2645,0.4556538164615631,0.42355847358703613,0.3209533393383026,7.828184337150613e-06
2646,0.4273318946361542,0.39764437079429626,0.29687532782554626,7.784724534952625e-06
2647,0.470271497964859,0.4376641809940338,0.3260730504989624,7.74138082053436e-06
2648,0.4340288043022156,0.4037603735923767,0.30268415808677673,7.698153248460271e-06
2649,0.4379447102546692,0.4073830246925354,0.30561697483062744,7.655041873148605e-06
2650,0.4711816608905792,0.4381168484687805,0.33064812421798706,7.612046748871327e-06
2651,0.43473878502845764,0.404513418674469,0.30225375294685364,7.56916792975404e-06
2652,0.4411780536174774,0.4104289412498474,0.30749115347862244,7.526405469775955e-06
2653,0.4377683103084564,0.40736836194992065,0.3039994537830353,7.483759422769765e-06
2654,0.47442030906677246,0.441100150346756,0.33320173621177673,7.441229842421671e-06
2655,0.4339964985847473,0.40393608808517456,0.3006041646003723,7.398816782271223e-06
2656,0.45134779810905457,0.41986730694770813,0.3148050308227539,7.3565202957112555e-06
2657,0.44588762521743774,0.4149676561355591,0.3091997504234314,7.314340435987921e-06
2658,0.47513070702552795,0.4421769082546234,0.32953810691833496,7.272277256200499e-06
2659,0.48514294624328613,0.4516954720020294,0.33447474241256714,7.230330809301411e-06
2660,0.4499616026878357,0.41825833916664124,0.3170325458049774,7.1885011480961164e-06
2661,0.4361209273338318,0.40583550930023193,0.30285418033599854,7.1467883252430364e-06
2662,0.43831923604011536,0.40798014402389526,0.3033909201622009,7.105192393253524e-06
2663,0.48044636845588684,0.44702863693237305,0.3341774046421051,7.063713404491812e-06
2664,0.462245911359787,0.42985013127326965,0.3239578604698181,7.022351411174866e-06
2665,0.4485063850879669,0.4175589382648468,0.30947452783584595,6.981106465372389e-06
2666,0.447841614484787,0.41664689779281616,0.3119470477104187,6.939978619006737e-06
2667,0.44459229707717896,0.41365259885787964,0.30939704179763794,6.8989679238528395e-06
2668,0.45213204622268677,0.42074504494667053,0.31386998295783997,6.858074431538164e-06
2669,0.4598805606365204,0.4279610514640808,0.3191951513290405,6.817298193542643e-06
2670,0.4832310080528259,0.4491293132305145,0.34101685881614685,6.776639261198581e-06
2671,0.46628719568252563,0.4336884021759033,0.3259878158569336,6.736097685690601e-06
2672,0.4635036587715149,0.4310925006866455,0.3241116404533386,6.695673518055579e-06
2673,0.4531017243862152,0.4217815697193146,0.3132016658782959,6.655366809182662e-06
2674,0.43395331501960754,0.40413519740104675,0.29818105697631836,6.615177609813039e-06
2675,0.43963512778282166,0.40865349769592285,0.30981630086898804,6.5751059705400295e-06
2676,0.4327632188796997,0.4027474522590637,0.3001575171947479,6.5351519418089145e-06
2677,0.44378772377967834,0.41253581643104553,0.3125191926956177,6.4953155739169495e-06
2678,0.45571011304855347,0.423909455537796,0.31800660490989685,6.455596917013273e-06
2679,0.4266149699687958,0.396867960691452,0.29747021198272705,6.415996021098813e-06
2680,0.44948434829711914,0.41826993227005005,0.31214410066604614,6.37651293602628e-06
2681,0.45295313000679016,0.421460896730423,0.3149224519729614,6.3371477115000466e-06
2682,0.42266854643821716,0.3932112753391266,0.2945728302001953,6.29790039707614e-06
2683,0.4464484453201294,0.4154050350189209,0.31043413281440735,6.258771042162137e-06
2684,0.4375033378601074,0.4069540798664093,0.30549272894859314,6.219759696017113e-06
2685,0.49293410778045654,0.4579852521419525,0.3494884669780731,6.180866407751595e-06
2686,0.43067705631256104,0.4006928503513336,0.2998420298099518,6.142091226327484e-06
2687,0.43905019760131836,0.4085552990436554,0.3049488961696625,6.103434200558011e-06
2688,0.46686145663261414,0.43390345573425293,0.32958000898361206,6.06489537910766e-06
2689,0.44787171483039856,0.4163317382335663,0.315399706363678,6.0264748104920776e-06
2690,0.44722604751586914,0.4158113896846771,0.31414666771888733,5.988172543078097e-06
2691,0.440492182970047,0.4094374477863312,0.31054723262786865,5.9499886250835805e-06
2692,0.46052783727645874,0.4282464385032654,0.32281410694122314,5.911923104577455e-06
2693,0.4487018287181854,0.41772499680519104,0.3097682595252991,5.8739760294795335e-06
2694,0.4705273509025574,0.4374566376209259,0.33070725202560425,5.8361474475605695e-06
2695,0.42324110865592957,0.3934236168861389,0.29817503690719604,5.7984374064421035e-06
2696,0.4467354118824005,0.41552481055259705,0.3121059536933899,5.760845953596527e-06
2697,0.43016597628593445,0.400020569562912,0.30145400762557983,5.723373136346854e-06
2698,0.4515978693962097,0.42046743631362915,0.3113044202327728,5.6860190018667934e-06
2699,0.4497002363204956,0.41813236474990845,0.31567859649658203,5.6487835971806515e-06
2700,0.45428773760795593,0.4230000972747803,0.3128763735294342,5.611666969163243e-06
2701,0.4681369364261627,0.435565710067749,0.3257122039794922,5.574669164539903e-06
2702,0.452959805727005,0.42148473858833313,0.31475067138671875,5.537790229886319e-06
2703,0.4797942638397217,0.4463346004486084,0.33459678292274475,5.501030211628599e-06
2704,0.4400455057621002,0.4094291925430298,0.30616310238838196,5.464389156043115e-06
2705,0.456839919090271,0.4250413775444031,0.31798529624938965,5.427867109256457e-06
2706,0.44812366366386414,0.4168228805065155,0.3130078911781311,5.39146411724547e-06
2707,0.4724937975406647,0.4396872818470001,0.32806524634361267,5.355180225837053e-06
2708,0.44652485847473145,0.4154629111289978,0.3106193542480469,5.3190154807082005e-06
2709,0.4358002543449402,0.4056318402290344,0.30168405175209045,5.282969927385906e-06
2710,0.4631410539150238,0.4308909773826599,0.3225008249282837,5.247043611247127e-06
2711,0.49410852789878845,0.4597807228565216,0.3432779312133789,5.211236577518719e-06
2712,0.4466918408870697,0.41560161113739014,0.3109022080898285,5.175548871277358e-06
2713,0.47881028056144714,0.44519147276878357,0.33618807792663574,5.13998053744954e-06
2714,0.45071130990982056,0.41932499408721924,0.31386327743530273,5.104531620811414e-06
2715,0.46954381465911865,0.4369003474712372,0.3264346718788147,5.0692021659888735e-06
2716,0.4427022337913513,0.4120640754699707,0.306381493806839,5.033992217457395e-06
2717,0.4367448389530182,0.4061703681945801,0.30574458837509155,4.998901819541979e-06
2718,0.43711528182029724,0.40671253204345703,0.3040274381637573,4.963931016417167e-06
2719,0.44881775975227356,0.41743597388267517,0.31381794810295105,4.929079852106933e-06
2720,0.4731878638267517,0.43996065855026245,0.33227211236953735,4.8943483704846475e-06
2721,0.4805944561958313,0.44693148136138916,0.33662986755371094,4.859736615273003e-06
2722,0.46271786093711853,0.4303094446659088,0.32408425211906433,4.825244630043979e-06
2723,0.461704820394516,0.42947012186050415,0.3223470151424408,4.790872458218754e-06
2724,0.4311177134513855,0.4014427363872528,0.29674971103668213,4.756620143067725e-06
2725,0.4277385473251343,0.39806827902793884,0.29670271277427673,4.722487727710368e-06
2726,0.45445263385772705,0.4224961996078491,0.3195643424987793,4.688475255115244e-06
2727,0.4252259433269501,0.395493745803833,0.29732203483581543,4.65458276809988e-06
2728,0.4507889747619629,0.4191402494907379,0.31648731231689453,4.620810309330803e-06
2729,0.4634609818458557,0.43124306201934814,0.3221793472766876,4.587157921323393e-06
2730,0.4456789791584015,0.414471298456192,0.3120768368244171,4.553625646441928e-06
2731,0.3833569884300232,0.35684311389923096,0.2651387155056,4.520213526899431e-06
2732,0.4368835389614105,0.40704891085624695,0.29834631085395813,4.486921604757699e-06
2733,0.45124760270118713,0.42001351714134216,0.3123408257961273,4.453749921927175e-06
2734,0.47331684827804565,0.440102756023407,0.3321407735347748,4.420698520166988e-06
2735,0.48396891355514526,0.45011910796165466,0.3384980857372284,4.3877674410848e-06
2736,0.44992902874946594,0.418925017118454,0.31004011631011963,4.35495672613685e-06
2737,0.4368707537651062,0.4060996174812317,0.3077114224433899,4.322266416627785e-06
2738,0.4643334150314331,0.4318155348300934,0.3251788914203644,4.289696553710731e-06
2739,0.4605028033256531,0.42821475863456726,0.3228805661201477,4.257247178387192e-06
2740,0.4420706033706665,0.41114455461502075,0.30926042795181274,4.224918331506955e-06
2741,0.44709110260009766,0.4159802496433258,0.31110846996307373,4.19271005376809e-06
2742,0.47173237800598145,0.4389175772666931,0.32814809679985046,4.160622385716895e-06
2743,0.4590630531311035,0.42697879672050476,0.32084259390830994,4.1286553677478136e-06
2744,0.4608508348464966,0.42878130078315735,0.3206952214241028,4.096809040103444e-06
2745,0.45290717482566833,0.4212108552455902,0.3169630765914917,4.065083442874418e-06
2746,0.4757790267467499,0.4423920512199402,0.3338697850704193,4.033478615999376e-06
2747,0.4374638795852661,0.4066779911518097,0.30785879492759705,4.001994599264957e-06
2748,0.4614834189414978,0.42908868193626404,0.3239474892616272,3.970631432305694e-06
2749,0.44379642605781555,0.4130840599536896,0.30712369084358215,3.93938915460399e-06
2750,0.44756051898002625,0.4165341556072235,0.3102637529373169,3.908267805490051e-06
2751,0.44737139344215393,0.41599607467651367,0.31375324726104736,3.877267424141862e-06
2752,0.45225390791893005,0.42046430706977844,0.3178960382938385,3.8463880495851146e-06
2753,0.47738224267959595,0.44415396451950073,0.33228281140327454,3.815629720693192e-06
2754,0.4402627646923065,0.4100617468357086,0.30201011896133423,3.784992476187066e-06
2755,0.44748327136039734,0.4158180058002472,0.31665271520614624,3.7544763546352834e-06
2756,0.46453505754470825,0.43203118443489075,0.3250387907028198,3.7240813944539153e-06
2757,0.43708372116088867,0.4067760109901428,0.3030770719051361,3.6938076339065207e-06
2758,0.45295777916908264,0.42130279541015625,0.3165498971939087,3.6636551111040475e-06
2759,0.4773995876312256,0.443818598985672,0.33581000566482544,3.633623864004887e-06
2760,0.437007874250412,0.40645331144332886,0.3055456280708313,3.6037139304146762e-06
2761,0.4369897246360779,0.40658730268478394,0.3040243685245514,3.573925347986384e-06
2762,0.4402998387813568,0.40914756059646606,0.3115227222442627,3.5442581542201923e-06
2763,0.4380528926849365,0.4079698324203491,0.3008306324481964,3.5147123864634924e-06
2764,0.4514089822769165,0.41961029171943665,0.3179869055747986,3.485288081910798e-06
2765,0.45911529660224915,0.4268067479133606,0.3230854570865631,3.455985277603713e-06
2766,0.44540777802467346,0.4143628180027008,0.31044960021972656,3.426804010430884e-06
2767,0.43317484855651855,0.40298932790756226,0.30185532569885254,3.3977443171279823e-06
2768,0.4536597728729248,0.4220958650112152,0.31563910841941833,3.3688062342776106e-06
2769,0.46090590953826904,0.42892980575561523,0.3197609484195709,3.339989798309273e-06
2770,0.41771602630615234,0.3882474899291992,0.29468539357185364,3.311295045499363e-06
2771,0.4226791262626648,0.39297065138816833,0.29708489775657654,3.282722011971051e-06
2772,0.42664527893066406,0.39660122990608215,0.30044060945510864,3.254270733694331e-06
2773,0.43702423572540283,0.40659940242767334,0.3042483329772949,3.2259412464858753e-06
2774,0.4793233275413513,0.4457755386829376,0.3354777991771698,3.197733586009055e-06
2775,0.44631338119506836,0.4150732457637787,0.3124014437198639,3.169647787773866e-06
2776,0.4486320912837982,0.41731658577919006,0.31315502524375916,3.1416838871368924e-06
2777,0.4481968581676483,0.41685986518859863,0.3133699595928192,3.1138419193012857e-06
2778,0.46094590425491333,0.42888161540031433,0.3206429183483124,3.086121919316698e-06
2779,0.4477299153804779,0.4163181185722351,0.3141178488731384,3.0585239220792037e-06
2780,0.4779178500175476,0.4444209933280945,0.33496853709220886,3.0310479623313127e-06
2781,0.4374127686023712,0.4073711335659027,0.30041632056236267,3.0036940746619224e-06
2782,0.4662744700908661,0.4334734380245209,0.32801032066345215,2.9764622935062438e-06
2783,0.45738136768341064,0.42572733759880066,0.31654030084609985,2.949352653145754e-06
2784,0.4400438964366913,0.40958738327026367,0.30456507205963135,2.922365187708187e-06
2785,0.4475531578063965,0.4156748056411743,0.3187836706638336,2.8954999311674558e-06
2786,0.4706690311431885,0.43772464990615845,0.32944366335868835,2.8687569173436623e-06
2787,0.44941020011901855,0.41813895106315613,0.3127123713493347,2.842136179902988e-06
2788,0.4580569565296173,0.4259509742259979,0.32105979323387146,2.8156377523576803e-06
2789,0.4449027180671692,0.41383156180381775,0.31071141362190247,2.7892616680660457e-06
2790,0.4634571373462677,0.4312136769294739,0.3224347233772278,2.7630079602323442e-06
2791,0.43179818987846375,0.40148964524269104,0.3030855357646942,2.7368766619067953e-06
2792,0.43855684995651245,0.4071975648403168,0.3135928511619568,2.7108678059855065e-06
2793,0.445295125246048,0.41425880789756775,0.31036314368247986,2.6849814252104754e-06
2794,0.4628094434738159,0.4303475022315979,0.3246192932128906,2.6592175521694795e-06
2795,0.44625765085220337,0.4148363769054413,0.314212828874588,2.6335762192960743e-06
2796,0.45237964391708374,0.4207024872303009,0.3167714774608612,2.608057458869606e-06
2797,0.4424152672290802,0.4116216003894806,0.30793654918670654,2.582661303015066e-06
2798,0.4822940230369568,0.44838130474090576,0.33912715315818787,2.5573877837031137e-06
2799,0.44003424048423767,0.40936294198036194,0.30671292543411255,2.532236932750021e-06
2800,0.4491027891635895,0.4177459478378296,0.3135682940483093,2.5072087818176382e-06
2801,0.4435828924179077,0.4124198257923126,0.3116306960582733,2.482303362413374e-06
2802,0.4802197515964508,0.4465371072292328,0.3368264436721802,2.457520705890093e-06
2803,0.4577372372150421,0.42602139711380005,0.31715840101242065,2.4328608434461276e-06
2804,0.4453565180301666,0.41432464122772217,0.31031888723373413,2.4083238061252567e-06
2805,0.44858676195144653,0.41701653599739075,0.31570231914520264,2.383909624816616e-06
2806,0.4177732467651367,0.3884454071521759,0.29327842593193054,2.3596183302546647e-06
2807,0.4443347454071045,0.41322627663612366,0.3110848367214203,2.3354499530191975e-06
2808,0.46631717681884766,0.43395695090293884,0.32360225915908813,2.311404523535243e-06
2809,0.451079785823822,0.41985464096069336,0.31225141882896423,2.2874820720730438e-06
2810,0.4628252387046814,0.4306957721710205,0.3212945759296417,2.2636826287480873e-06
2811,0.4503316879272461,0.4188910722732544,0.3144061863422394,2.240006223520941e-06
2812,0.4212914705276489,0.3921327292919159,0.29158735275268555,2.2164528861973064e-06
2813,0.4645753800868988,0.43193408846855164,0.32641279697418213,2.193022646427978e-06
2814,0.46058130264282227,0.42827069759368896,0.32310613989830017,2.1697155337087604e-06
2815,0.4273301064968109,0.3976232409477234,0.2970685660839081,2.1465315773804616e-06
2816,0.4619138240814209,0.4298627972602844,0.3205103278160095,2.123470806628858e-06
2817,0.4406534731388092,0.4099356532096863,0.30717816948890686,2.1005332504846597e-06
2818,0.4582740068435669,0.4263461232185364,0.3192787170410156,2.0777189378234143e-06
2819,0.48424002528190613,0.4504077732563019,0.33832260966300964,2.0550278973656024e-06
2820,0.44514647126197815,0.4142989218235016,0.3084756135940552,2.032460157676452e-06
2821,0.43347594141960144,0.4031563401222229,0.30319613218307495,2.010015747165983e-06
2822,0.476028710603714,0.44338998198509216,0.3263871967792511,1.9876946940889927e-06
2823,0.45739856362342834,0.42516690492630005,0.32231655716896057,1.965497026544938e-06
2824,0.4503065347671509,0.418592244386673,0.31714290380477905,1.9434227724779984e-06
2825,0.4570608139038086,0.425266832113266,0.3179398775100708,1.921471959676957e-06
2826,0.4454054832458496,0.41421079635620117,0.31194689869880676,1.899644615775209e-06
2827,0.4722936749458313,0.43840885162353516,0.3388481140136719,1.8779407682507077e-06
2828,0.4626796245574951,0.42950642108917236,0.331731915473938,1.856360444425953e-06
2829,0.44176438450813293,0.4103754758834839,0.3138889968395233,1.834903671467958e-06
2830,0.44360098242759705,0.4119693636894226,0.3163161873817444,1.81357047638816e-06
2831,0.45580241084098816,0.4243963658809662,0.3140603303909302,1.7923608860424658e-06
2832,0.4461368918418884,0.4147104322910309,0.3142647445201874,1.771274927131139e-06
2833,0.45801877975463867,0.42620590329170227,0.31812864542007446,1.7503126261988355e-06
2834,0.4363376498222351,0.40576860308647156,0.30569055676460266,1.7294740096345575e-06
2835,0.4475557208061218,0.41620683670043945,0.31348875164985657,1.7087591036715534e-06
2836,0.44578108191490173,0.4143989384174347,0.31382137537002563,1.6881679343873636e-06
2837,0.43100422620773315,0.40117692947387695,0.298272967338562,1.667700527703775e-06
2838,0.47028061747550964,0.4376433491706848,0.32637277245521545,1.6473569093867436e-06
2839,0.43076178431510925,0.4005430340766907,0.30218738317489624,1.6271371050464056e-06
2840,0.4420652985572815,0.4111427962779999,0.3092251718044281,1.6070411401370334e-06
2841,0.48041224479675293,0.4467907249927521,0.3362151086330414,1.58706903995699e-06
2842,0.43405935168266296,0.4035716950893402,0.3048765957355499,1.5672208296486969e-06
2843,0.43792101740837097,0.4075217545032501,0.30399268865585327,1.5474965341986558e-06
2844,0.43075162172317505,0.40048736333847046,0.30264246463775635,1.5278961784373268e-06
2845,0.4289904236793518,0.3992239832878113,0.2976643443107605,1.5084197870391837e-06
2846,0.47463685274124146,0.4414772689342499,0.33159583806991577,1.4890673845226133e-06
2847,0.44818174839019775,0.4170033037662506,0.3117845058441162,1.469838995249928e-06
2848,0.46512874960899353,0.43243059515953064,0.32698145508766174,1.4507346434273316e-06
2849,0.4707678258419037,0.4374079406261444,0.3335988223552704,1.4317543531048749e-06
2850,0.4183863699436188,0.3890121877193451,0.29374194145202637,1.4128981481764115e-06
2851,0.44683054089546204,0.4155631363391876,0.31267404556274414,1.3941660523796196e-06
2852,0.47147437930107117,0.43853166699409485,0.32942718267440796,1.375558089295914e-06
2853,0.45308664441108704,0.42152637243270874,0.31560271978378296,1.3570742823504567e-06
2854,0.4423307180404663,0.4117650091648102,0.3056570589542389,1.3387146548120899e-06
2855,0.4317243993282318,0.4017406404018402,0.29983752965927124,1.3204792297933588e-06
2856,0.45877137780189514,0.42684367299079895,0.3192771375179291,1.3023680302504338e-06
2857,0.47001540660858154,0.4378304183483124,0.3218500018119812,1.2843810789831102e-06
2858,0.4887193441390991,0.45446524024009705,0.3425409197807312,1.2665183986347528e-06
2859,0.4346843659877777,0.40417957305908203,0.3050478994846344,1.2487800116922966e-06
2860,0.4621209502220154,0.42984622716903687,0.32274720072746277,1.231165940486234e-06
2861,0.4608191251754761,0.4286661148071289,0.32153013348579407,1.2136762071904838e-06
2862,0.44036051630973816,0.4093966484069824,0.30963870882987976,1.1963108338225337e-06
2863,0.4443100392818451,0.41367557644844055,0.3063446581363678,1.1790698422432521e-06
2864,0.46296048164367676,0.430469274520874,0.3249119818210602,1.1619532541569333e-06
2865,0.4357491433620453,0.40590959787368774,0.29839542508125305,1.1449610911112741e-06
2866,0.45081713795661926,0.41942548751831055,0.31391650438308716,1.128093374497352e-06
2867,0.47226375341415405,0.43926069140434265,0.3300305902957916,1.1113501255495485e-06
2868,0.4410935044288635,0.41047734022140503,0.3061615526676178,1.0947313653455694e-06
2869,0.4430381655693054,0.4122239649295807,0.3081419765949249,1.0782371148064241e-06
2870,0.4445337653160095,0.41337472200393677,0.31159040331840515,1.0618673946963365e-06
2871,0.44176051020622253,0.4109590947628021,0.30801403522491455,1.0456222256227999e-06
2872,0.4722667336463928,0.43935489654541016,0.3291185200214386,1.0295016280365112e-06
2873,0.43367430567741394,0.4035065174102783,0.3016779124736786,1.0135056222313143e-06
2874,0.44350600242614746,0.4124290645122528,0.3107694387435913,9.976342283442463e-07
2875,0.4246922433376312,0.3949980139732361,0.29694241285324097,9.818874663554357e-07
2876,0.4306130111217499,0.4005659222602844,0.3004709780216217,9.662653560881584e-07
2877,0.4372366964817047,0.40684226155281067,0.30394431948661804,9.50767917208728e-07
2878,0.4395703673362732,0.40899527072906494,0.30575084686279297,9.353951692265383e-07
2879,0.4406244456768036,0.4096342921257019,0.3099014461040497,9.20147131493998e-07
2880,0.44420188665390015,0.4131217300891876,0.3108014166355133,9.0502382320653e-07
2881,0.4321373701095581,0.4022257328033447,0.29911625385284424,8.900252634025274e-07
2882,0.42913442850112915,0.3997437357902527,0.2939070761203766,8.751514709633424e-07
2883,0.4530051350593567,0.4215390384197235,0.31466084718704224,8.604024646132857e-07
2884,0.43259239196777344,0.40251392126083374,0.30078476667404175,8.457782629195388e-07
2885,0.46076470613479614,0.4284866154193878,0.32278090715408325,8.31278884292186e-07
2886,0.42547765374183655,0.39570412039756775,0.29773521423339844,8.16904346984193e-07
2887,0.44816988706588745,0.41709819436073303,0.3107168972492218,8.026546690913406e-07
2888,0.42356905341148376,0.3940545916557312,0.29514455795288086,7.885298685522235e-07
2889,0.4969167113304138,0.46219974756240845,0.34716951847076416,7.745299631482405e-07
2890,0.43542277812957764,0.40521693229675293,0.3020583391189575,7.606549705035937e-07
2891,0.449741005897522,0.4188542664051056,0.30886754393577576,7.469049080851775e-07
2892,0.4369964897632599,0.4064335823059082,0.30562904477119446,7.332797932026459e-07
2893,0.4464423954486847,0.4147970378398895,0.31645357608795166,7.19779643008367e-07
2894,0.45182037353515625,0.4202190935611725,0.3160129487514496,7.064044744973686e-07
2895,0.4443153738975525,0.4134146571159363,0.3090072274208069,6.931543045073708e-07
2896,0.4684544801712036,0.43553033471107483,0.3292413353919983,6.800291497187083e-07
2897,0.41618630290031433,0.3869487941265106,0.29237502813339233,6.670290266543644e-07
2898,0.47404763102531433,0.4408835470676422,0.3316408693790436,6.541539516799033e-07
2899,0.4388102889060974,0.4083419144153595,0.3046836853027344,6.414039410034489e-07
2900,0.4571961462497711,0.4251565933227539,0.3203956186771393,6.287790106757396e-07
2901,0.43310871720314026,0.4032812714576721,0.2982743978500366,6.162791765900177e-07
2902,0.48048633337020874,0.4469473958015442,0.33538922667503357,6.039044544820404e-07
2903,0.4692766070365906,0.4360540807247162,0.3322252929210663,5.916548599300576e-07
2904,0.4251662790775299,0.39602556824684143,0.29140704870224,5.795304083548559e-07
2905,0.43598636984825134,0.4059637188911438,0.300226628780365,5.675311150195928e-07
2906,0.43689948320388794,0.4065040946006775,0.3039538562297821,5.556569950299517e-07
2907,0.4663594365119934,0.43316689133644104,0.3319253921508789,5.439080633339866e-07
2908,0.4398375451564789,0.40905824303627014,0.3077929615974426,5.322843347221662e-07
2909,0.4309667646884918,0.4010801911354065,0.2988656163215637,5.207858238273522e-07
2910,0.47483643889427185,0.44127485156059265,0.33561578392982483,5.094125451247655e-07
2911,0.4562089145183563,0.4242878556251526,0.3192106783390045,4.981645129319756e-07
2912,0.46714842319488525,0.4345874488353729,0.3256097733974457,4.870417414088779e-07
2913,0.47080954909324646,0.4381083846092224,0.3270116150379181,4.760442445576829e-07
2914,0.442616730928421,0.4116579294204712,0.3095879852771759,4.6517203622291615e-07
2915,0.4366014897823334,0.40663787722587585,0.29963600635528564,4.544251300913405e-07
2916,0.449879914522171,0.41843047738075256,0.31449437141418457,4.438035396920004e-07
2917,0.4603542387485504,0.428106427192688,0.3224780261516571,4.333072783961889e-07
2918,0.46294140815734863,0.4299282431602478,0.33013156056404114,4.2293635941742517e-07
2919,0.428802490234375,0.39927777647972107,0.29524701833724976,4.1269079581142124e-07
2920,0.4344453513622284,0.4039521813392639,0.30493173003196716,4.025706004760932e-07
2921,0.42791983485221863,0.3983229696750641,0.29596853256225586,3.925757861515389e-07
2922,0.4573803246021271,0.42524805665016174,0.3213227689266205,3.827063654199936e-07
2923,0.42855486273765564,0.3985859453678131,0.29968926310539246,3.7296235070587435e-07
2924,0.4532794654369354,0.4214498698711395,0.31829604506492615,3.633437542756912e-07
2925,0.44437724351882935,0.4134633541107178,0.30913886427879333,3.5385058823809156e-07
2926,0.46552544832229614,0.43308988213539124,0.3243556618690491,3.444828645438047e-07
2927,0.4495132863521576,0.4184592068195343,0.31054073572158813,3.3524059498565297e-07
2928,0.4480360746383667,0.41669830679893494,0.3133775293827057,3.261237911985404e-07
2929,0.46782559156417847,0.43517377972602844,0.3265179693698883,3.171324646593865e-07
2930,0.47162729501724243,0.4382835626602173,0.33343732357025146,3.0826662668720364e-07
2931,0.4441480338573456,0.41287052631378174,0.3127751052379608,2.99526288442975e-07
2932,0.44696563482284546,0.4158531129360199,0.3111250698566437,2.9091146092973254e-07
2933,0.4765213429927826,0.44311901926994324,0.33402329683303833,2.8242215499248993e-07
2934,0.45241835713386536,0.42045170068740845,0.31966665387153625,2.740583813182429e-07
2935,0.4662635326385498,0.4337139427661896,0.3254958987236023,2.658201504359803e-07
2936,0.4424622654914856,0.4118078351020813,0.3065441846847534,2.577074727165951e-07
2937,0.47305917739868164,0.44007280468940735,0.3298637866973877,2.497203583729957e-07
2938,0.4582236111164093,0.4261907935142517,0.3203281760215759,2.418588174599612e-07
2939,0.43623611330986023,0.4061855673789978,0.3005053699016571,2.3412285987420847e-07
2940,0.44257503747940063,0.41173243522644043,0.3084259033203125,2.265124953543918e-07
2941,0.43908196687698364,0.40852072834968567,0.3056122362613678,2.1902773348100315e-07
2942,0.4614105522632599,0.42920732498168945,0.3220323324203491,2.1166858367646093e-07
2943,0.4234665632247925,0.39387980103492737,0.29586753249168396,2.0443505520503224e-07
2944,0.4603232145309448,0.42839348316192627,0.3192974627017975,1.973271571728441e-07
2945,0.46453794836997986,0.43171146512031555,0.32826483249664307,1.9034489852787218e-07
2946,0.43577033281326294,0.4052894413471222,0.30480894446372986,1.834882880599409e-07
2947,0.4244481921195984,0.39493080973625183,0.29517367482185364,1.7675733440066789e-07
2948,0.46802660822868347,0.43566131591796875,0.32365289330482483,1.7015204602350843e-07
2949,0.4471905529499054,0.4160684645175934,0.31122100353240967,1.6367243124372212e-07
2950,0.4745510518550873,0.44181719422340393,0.32733863592147827,1.5731849821833954e-07
2951,0.47052818536758423,0.4377530813217163,0.32775115966796875,1.5109025494620677e-07
2952,0.44171783328056335,0.4106994569301605,0.31018364429473877,1.449877092679075e-07
2953,0.4431818425655365,0.4121195375919342,0.3106229603290558,1.3901086886580762e-07
2954,0.4494261145591736,0.418480783700943,0.30945321917533875,1.3315974126401066e-07
2955,0.47551238536834717,0.4423724412918091,0.33139950037002563,1.274343338283801e-07
2956,0.4477404057979584,0.41658180952072144,0.311585932970047,1.2183465376650605e-07
2957,0.42182019352912903,0.39246779680252075,0.293523907661438,1.1636070812770516e-07
2958,0.44851478934288025,0.41706159710884094,0.31453192234039307,1.1101250380300965e-07
2959,0.4759320020675659,0.44241008162498474,0.3352193236351013,1.0579004752513389e-07
2960,0.4580649137496948,0.426038533449173,0.3202638626098633,1.0069334586854107e-07
2961,0.45859789848327637,0.4261658787727356,0.3243202567100525,9.572240524933218e-08
2962,0.4475874602794647,0.41641443967819214,0.31173020601272583,9.087723192533482e-08
2963,0.4824483394622803,0.44885075092315674,0.33597588539123535,8.615783199602545e-08
2964,0.43599194288253784,0.40537112951278687,0.30620819330215454,8.156421140254056e-08
2965,0.432982474565506,0.40333661437034607,0.29645848274230957,7.709637592770991e-08
2966,0.45716866850852966,0.4253183901309967,0.318502813577652,7.275433119596776e-08
2967,0.4581992030143738,0.42645159363746643,0.3174761235713959,6.853808267344164e-08
2968,0.46713995933532715,0.4344899654388428,0.32649993896484375,6.444763566786361e-08
2969,0.4381142556667328,0.4073656499385834,0.30748605728149414,6.048299532861457e-08
2970,0.41517892479896545,0.3859390616416931,0.2923985719680786,5.6644166646668826e-08
2971,0.4560243785381317,0.4240627586841583,0.31961625814437866,5.2931154454671783e-08
2972,0.4583381414413452,0.42656001448631287,0.31778112053871155,4.934396342684e-08
2973,0.44809380173683167,0.4168536365032196,0.31240153312683105,4.588259807901674e-08
2974,0.46368804574012756,0.4314802587032318,0.32207775115966797,4.254706276862752e-08
2975,0.47731664776802063,0.4442667067050934,0.3304993212223053,3.933736169471347e-08
2976,0.457162082195282,0.4251852333545685,0.3197685480117798,3.6253498897886873e-08
2977,0.4090387225151062,0.38083791732788086,0.28200802206993103,3.3295478260364496e-08
2978,0.43443211913108826,0.4042571187019348,0.3017500340938568,3.0463303505934295e-08
2979,0.44458162784576416,0.41338086128234863,0.31200775504112244,2.7756978199944273e-08
2980,0.4587695896625519,0.42687705159187317,0.31892529129981995,2.5176505749346936e-08
2981,0.434060662984848,0.4040256440639496,0.3003503084182739,2.2721889402621545e-08
2982,0.4910696744918823,0.45671963691711426,0.3435003161430359,2.039313224985184e-08
2983,0.4237567186355591,0.39441144466400146,0.29345279932022095,1.8190237222648343e-08
2984,0.44312626123428345,0.4124038517475128,0.3072241544723511,1.6113207094181626e-08
2985,0.4320221543312073,0.40146106481552124,0.3056108355522156,1.4162044479182346e-08
2986,0.43934744596481323,0.40827322006225586,0.31074216961860657,1.2336751833941229e-08
2987,0.4594646394252777,0.42719948291778564,0.3226516544818878,1.0637331456264666e-08
2988,0.44885727763175964,0.4170777499675751,0.3177952170372009,9.063785485508014e-09
2989,0.4543783366680145,0.4226755201816559,0.3170281648635864,7.616115902586707e-09
2990,0.4397341310977936,0.40938058495521545,0.3035353422164917,6.294324529942941e-09
2991,0.48160016536712646,0.4473932683467865,0.34206897020339966,5.098413031534577e-09
2992,0.44585925340652466,0.4145096242427826,0.31349632143974304,4.028382912890649e-09
2993,0.4610447287559509,0.42869332432746887,0.32351404428482056,3.0842355210336515e-09
2994,0.43425190448760986,0.4040049910545349,0.3024691343307495,2.2659720445239452e-09
2995,0.46053996682167053,0.4283224940299988,0.322174608707428,1.5735935134708613e-09
2996,0.44359686970710754,0.41232308745384216,0.31273770332336426,1.0071007994771898e-09
2997,0.4395946264266968,0.408849835395813,0.30744805932044983,5.664946157168949e-10
2998,0.45027339458465576,0.41900870203971863,0.3126469552516937,2.5177551682409317e-10
2999,0.43190231919288635,0.40156611800193787,0.3033619225025177,6.294389901517761e-11
