step,loss,temporal,spectral,lr
0,0.9716218709945679,0.9156550765037537,0.559668242931366,1.0000000000000002e-06
1,0.9893839359283447,0.9319659471511841,0.574180006980896,2.0000000000000003e-06
2,0.9694415330886841,0.9122698903083801,0.5717162489891052,3e-06
3,0.960023820400238,0.9043545126914978,0.5566932559013367,4.000000000000001e-06
4,0.9575772285461426,0.9019155502319336,0.556616485118866,5e-06
5,0.9520391821861267,0.8956047296524048,0.5643446445465088,6e-06
6,0.9445904493331909,0.8890689611434937,0.5552150011062622,7.000000000000001e-06
7,0.9507989883422852,0.8937551379203796,0.5704384446144104,8.000000000000001e-06
8,0.9307270646095276,0.8752733469009399,0.5545371174812317,9e-06
9,0.9141035079956055,0.8580745458602905,0.5602896213531494,1e-05
10,0.9066762924194336,0.8514381051063538,0.5523819327354431,1.1000000000000001e-05
11,0.8963296413421631,0.8411872982978821,0.5514236092567444,1.2e-05
12,0.8893951773643494,0.8334898948669434,0.5590530633926392,1.3000000000000001e-05
13,0.837655782699585,0.7858113646507263,0.5184442400932312,1.4000000000000001e-05
14,0.8484983444213867,0.795474112033844,0.5302425026893616,1.5e-05
15,0.8349735140800476,0.7815249562263489,0.5344856977462769,1.6000000000000003e-05
16,0.8349525332450867,0.7814235091209412,0.535290002822876,1.7000000000000003e-05
17,0.8145232200622559,0.7596868872642517,0.5483636260032654,1.8e-05
18,0.7848061323165894,0.732218325138092,0.5258780717849731,1.9e-05
19,0.7801183462142944,0.7278861403465271,0.5223221778869629,2e-05
20,0.7791388034820557,0.7248177528381348,0.5432102084159851,2.1e-05
21,0.7464146018028259,0.69330894947052,0.5310565233230591,2.2000000000000003e-05
22,0.7060403227806091,0.6559543609619141,0.5008598566055298,2.3000000000000003e-05
23,0.7037689685821533,0.6534734964370728,0.5029547214508057,2.4e-05
24,0.7052109837532043,0.6539216041564941,0.5128939151763916,2.5e-05
25,0.6676216721534729,0.6193863153457642,0.4823532998561859,2.6000000000000002e-05
26,0.6686392426490784,0.6202474236488342,0.48391804099082947,2.7000000000000002e-05
27,0.6505367159843445,0.6024594902992249,0.4807725250720978,2.8000000000000003e-05
28,0.6389638185501099,0.5918574333190918,0.4710635542869568,2.9e-05
29,0.6500688195228577,0.6018438339233398,0.4822496473789215,3e-05
30,0.6584233641624451,0.6093553304672241,0.49068039655685425,3.1e-05
31,0.6415773034095764,0.594187319278717,0.4738996922969818,3.2000000000000005e-05
32,0.6930290460586548,0.6421228051185608,0.5090625286102295,3.3e-05
33,0.6404898762702942,0.5931224226951599,0.4736746549606323,3.4000000000000007e-05
34,0.6657297611236572,0.6166404485702515,0.4908929169178009,3.5e-05
35,0.6532816886901855,0.605147123336792,0.48134592175483704,3.6e-05
36,0.6553927063941956,0.6062601208686829,0.49132558703422546,3.7e-05
37,0.6255211234092712,0.579725980758667,0.45795151591300964,3.8e-05
38,0.6188293099403381,0.5733169913291931,0.4551229476928711,3.9000000000000006e-05
39,0.6073575615882874,0.5613453984260559,0.4601215124130249,4e-05
40,0.6291120648384094,0.5822951793670654,0.4681687653064728,4.1e-05
41,0.6304256319999695,0.5833393931388855,0.4708622097969055,4.2e-05
42,0.6029834151268005,0.5583459138870239,0.4463751018047333,4.3e-05
43,0.6338148713111877,0.5869159698486328,0.4689890146255493,4.4000000000000006e-05
44,0.5997247099876404,0.5543914437294006,0.4533327519893646,4.5e-05
45,0.6097038388252258,0.5644153356552124,0.4528852105140686,4.600000000000001e-05
46,0.6229784488677979,0.5758134126663208,0.4716503620147705,4.7e-05
47,0.5746748447418213,0.5318195819854736,0.42855241894721985,4.8e-05
48,0.5837838649749756,0.5405031442642212,0.43280738592147827,4.9e-05
49,0.5983912944793701,0.5536351203918457,0.4475618004798889,5e-05
50,0.5809524059295654,0.5377306938171387,0.432217001914978,5.1000000000000006e-05
51,0.5980961918830872,0.5513441562652588,0.46752026677131653,5.2000000000000004e-05
52,0.5796123147010803,0.5361617207527161,0.4345060884952545,5.300000000000001e-05
53,0.5777471661567688,0.5342249274253845,0.43522241711616516,5.4000000000000005e-05
54,0.5749022960662842,0.5314123630523682,0.43489956855773926,5.500000000000001e-05
55,0.5645948052406311,0.5216994285583496,0.42895379662513733,5.6000000000000006e-05
56,0.5734031796455383,0.5303211212158203,0.4308208227157593,5.6999999999999996e-05
57,0.5826062560081482,0.5396049618721008,0.43001309037208557,5.8e-05
58,0.5776769518852234,0.5341982245445251,0.4347870945930481,5.9e-05
59,0.5478180646896362,0.5073408484458923,0.4047720730304718,6e-05
60,0.5573574900627136,0.5145677328109741,0.42789754271507263,6.1e-05
61,0.5381079912185669,0.49803251028060913,0.4007547199726105,6.2e-05
62,0.553016185760498,0.5115218758583069,0.4149433672428131,6.3e-05
63,0.5471925139427185,0.506405234336853,0.40787261724472046,6.400000000000001e-05
64,0.5573427677154541,0.5146428942680359,0.42699843645095825,6.500000000000001e-05
65,0.5543990135192871,0.5129159092903137,0.414831280708313,6.6e-05
66,0.5684427618980408,0.5258516669273376,0.4259111285209656,6.7e-05
67,0.5509992241859436,0.5098111629486084,0.4118805229663849,6.800000000000001e-05
68,0.5263870358467102,0.4871540665626526,0.39232978224754333,6.9e-05
69,0.5335817933082581,0.493818074464798,0.39763692021369934,7e-05
70,0.5669611692428589,0.5254219770431519,0.4153921902179718,7.1e-05
71,0.5467625260353088,0.5055798888206482,0.4118265211582184,7.2e-05
72,0.5391890406608582,0.49827390909194946,0.40915125608444214,7.3e-05
73,0.5453372001647949,0.5041880011558533,0.4114917516708374,7.4e-05
74,0.5742928981781006,0.5310373902320862,0.4325553774833679,7.500000000000001e-05
75,0.5337563753128052,0.49449479579925537,0.39261552691459656,7.6e-05
76,0.5155943632125854,0.477191686630249,0.3840266168117523,7.7e-05
77,0.5314118266105652,0.49189847707748413,0.39513376355171204,7.800000000000001e-05
78,0.5231512784957886,0.4842451214790344,0.38906148076057434,7.900000000000001e-05
79,0.5533524751663208,0.512323796749115,0.41028666496276855,8e-05
80,0.5232589840888977,0.4847279191017151,0.3853105306625366,8.1e-05
81,0.5579515099525452,0.5161085724830627,0.4184294641017914,8.2e-05
82,0.5279800295829773,0.4892483353614807,0.38731712102890015,8.3e-05
83,0.5594606399536133,0.5175802111625671,0.41880425810813904,8.4e-05
84,0.5392382144927979,0.4990345537662506,0.4020368456840515,8.5e-05
85,0.5583575963973999,0.5154321193695068,0.4292544722557068,8.6e-05
86,0.5406239628791809,0.5001725554466248,0.4045138359069824,8.7e-05
87,0.5261701941490173,0.48703739047050476,0.39132824540138245,8.800000000000001e-05
88,0.544133722782135,0.5037481188774109,0.4038563072681427,8.900000000000001e-05
89,0.5165246725082397,0.4775296449661255,0.38995036482810974,9e-05
90,0.5461903810501099,0.5048024654388428,0.4138794243335724,9.1e-05
91,0.533764123916626,0.4943506717681885,0.39413461089134216,9.200000000000001e-05
92,0.5380414724349976,0.497403085231781,0.4063839316368103,9.300000000000001e-05
93,0.5732329487800598,0.5292953848838806,0.4393756091594696,9.4e-05
94,0.5318979024887085,0.49136099219322205,0.40536922216415405,9.5e-05
95,0.5283346176147461,0.4883454442024231,0.3998919129371643,9.6e-05
96,0.5325949192047119,0.4926198422908783,0.3997505307197571,9.7e-05
97,0.5253295302391052,0.48573076725006104,0.39598751068115234,9.8e-05
98,0.5438414812088013,0.5036348700523376,0.4020659923553467,9.900000000000001e-05
99,0.5423086881637573,0.5011067390441895,0.41201919317245483,0.0001
100,0.5390210151672363,0.4989200234413147,0.4010099768638611,0.000101
101,0.5462483167648315,0.5056958794593811,0.40552467107772827,0.00010200000000000001
102,0.5327939391136169,0.4931979775428772,0.39595961570739746,0.00010300000000000001
103,0.5401222705841064,0.49959027767181396,0.4053201377391815,0.00010400000000000001
104,0.5345485210418701,0.494608610868454,0.39939889311790466,0.000105
105,0.5367097854614258,0.4971526265144348,0.39557167887687683,0.00010600000000000002
106,0.5397525429725647,0.4990989863872528,0.406535804271698,0.00010700000000000001
107,0.5258142948150635,0.48576873540878296,0.4004555642604828,0.00010800000000000001
108,0.548760175704956,0.5075896382331848,0.41170528531074524,0.000109
109,0.5264833569526672,0.48691409826278687,0.39569270610809326,0.00011000000000000002
110,0.5150530934333801,0.4766109585762024,0.3844214379787445,0.00011100000000000001
111,0.5215482115745544,0.48151081800460815,0.4003737270832062,0.00011200000000000001
112,0.5409655570983887,0.4986986219882965,0.4226696491241455,0.000113
113,0.5239999890327454,0.48505929112434387,0.3894067108631134,0.00011399999999999999
114,0.5580570697784424,0.5155119299888611,0.42545124888420105,0.00011499999999999999
115,0.5159425735473633,0.477117657661438,0.3882492780685425,0.000116
116,0.5121235847473145,0.4734329581260681,0.38690635561943054,0.000117
117,0.5287661552429199,0.4880882501602173,0.4067789316177368,0.000118
118,0.5008482933044434,0.46329888701438904,0.3754942715167999,0.000119
119,0.505079448223114,0.46733424067497253,0.37745216488838196,0.00012
120,0.554220974445343,0.5128154754638672,0.41405484080314636,0.000121
121,0.5347575545310974,0.49358871579170227,0.4116881489753723,0.000122
122,0.5092588067054749,0.4716426730155945,0.376161128282547,0.000123
123,0.5374218225479126,0.4975886344909668,0.3983316123485565,0.000124
124,0.4918535649776459,0.45435333251953125,0.375002384185791,0.000125
125,0.5209468603134155,0.48095956444740295,0.39987266063690186,0.000126
126,0.4899637699127197,0.45338916778564453,0.3657461702823639,0.000127
127,0.5073641538619995,0.46858423948287964,0.38779884576797485,0.00012800000000000002
128,0.5263978242874146,0.48562517762184143,0.4077264070510864,0.00012900000000000002
129,0.5444037914276123,0.5038297772407532,0.40574008226394653,0.00013000000000000002
130,0.5391619205474854,0.4985061585903168,0.40655753016471863,0.000131
131,0.5227651000022888,0.48304250836372375,0.3972257971763611,0.000132
132,0.5162332653999329,0.4779878258705139,0.382454514503479,0.000133
133,0.4992450773715973,0.4607011675834656,0.38543909788131714,0.000134
134,0.5067651271820068,0.46849629282951355,0.38268834352493286,0.00013500000000000003
135,0.531749427318573,0.4917276203632355,0.40021783113479614,0.00013600000000000003
136,0.5351747274398804,0.49543994665145874,0.3973475992679596,0.00013700000000000002
137,0.49854689836502075,0.4607596695423126,0.3778722286224365,0.000138
138,0.5143024921417236,0.47581949830055237,0.3848297894001007,0.000139
139,0.5340997576713562,0.49376460909843445,0.4033513367176056,0.00014
140,0.5173706412315369,0.47815799713134766,0.3921266794204712,0.000141
141,0.5070924162864685,0.4691160321235657,0.3797638416290283,0.000142
142,0.5173866152763367,0.47735798358917236,0.4002862572669983,0.000143
143,0.5047436356544495,0.4665687382221222,0.3817490339279175,0.000144
144,0.5012916326522827,0.46343857049942017,0.3785308003425598,0.000145
145,0.49535614252090454,0.458175390958786,0.3718075454235077,0.000146
146,0.49124178290367126,0.45427238941192627,0.36969393491744995,0.000147
147,0.5189060568809509,0.47982582449913025,0.3908020555973053,0.000148
148,0.4863838255405426,0.4491942524909973,0.3718957304954529,0.00014900000000000002
149,0.5084143280982971,0.46936991810798645,0.3904443085193634,0.00015000000000000001
150,0.5047009587287903,0.4667664170265198,0.37934547662734985,0.000151
151,0.4962128698825836,0.4583939015865326,0.3781895637512207,0.000152
152,0.4915894567966461,0.4541829526424408,0.3740650415420532,0.000153
153,0.5015148520469666,0.4632517993450165,0.38263076543807983,0.000154
154,0.510132908821106,0.4717054069042206,0.3842751383781433,0.000155
155,0.5113112926483154,0.4723811149597168,0.3893018066883087,0.00015600000000000002
156,0.5292778611183167,0.4890100061893463,0.40267840027809143,0.00015700000000000002
157,0.4694095849990845,0.4337742328643799,0.3563535511493683,0.00015800000000000002
158,0.5146218538284302,0.47474125027656555,0.39880603551864624,0.00015900000000000002
159,0.5080593228340149,0.46894559264183044,0.391137033700943,0.00016
160,0.537918746471405,0.49656668305397034,0.4135206639766693,0.000161
161,0.513619601726532,0.47462067008018494,0.3899894654750824,0.000162
162,0.47605180740356445,0.44047489762306213,0.3557690680027008,0.000163
163,0.5060694813728333,0.4673362076282501,0.3873330056667328,0.000164
164,0.4923613369464874,0.4558182656764984,0.365430623292923,0.000165
165,0.4995250105857849,0.4615347683429718,0.37990257143974304,0.000166
166,0.49821528792381287,0.4599566161632538,0.3825867176055908,0.000167
167,0.5023186206817627,0.4638528823852539,0.38465750217437744,0.000168
168,0.46620312333106995,0.43035390973091125,0.35849225521087646,0.00016900000000000002
169,0.47633665800094604,0.4393068552017212,0.37029793858528137,0.00017
170,0.4734721779823303,0.43767085671424866,0.35801324248313904,0.000171
171,0.49687063694000244,0.45791834592819214,0.389522910118103,0.000172
172,0.4738423526287079,0.43798521161079407,0.3585713505744934,0.000173
173,0.46880048513412476,0.43262019753456116,0.36180296540260315,0.000174
174,0.48445063829421997,0.44710972905158997,0.3734091520309448,0.000175
175,0.5117219686508179,0.4723105728626251,0.3941141366958618,0.00017600000000000002
176,0.4642964005470276,0.4297548532485962,0.34541547298431396,0.00017700000000000002
177,0.45138874650001526,0.4171486794948578,0.3424006700515747,0.00017800000000000002
178,0.4851296544075012,0.448080837726593,0.3704880475997925,0.00017900000000000001
179,0.5109278559684753,0.47192826867103577,0.38999587297439575,0.00018
180,0.5145825743675232,0.47616496682167053,0.38417601585388184,0.000181
181,0.46003443002700806,0.4246197044849396,0.35414740443229675,0.000182
182,0.4705546796321869,0.4344151020050049,0.36139583587646484,0.000183
183,0.4854618012905121,0.44829946756362915,0.37162330746650696,0.00018400000000000003
184,0.5238901376724243,0.48479267954826355,0.3909747302532196,0.00018500000000000002
185,0.4768490195274353,0.441082626581192,0.3576638698577881,0.00018600000000000002
186,0.46971309185028076,0.4350740313529968,0.3463904559612274,0.00018700000000000002
187,0.463548481464386,0.42855745553970337,0.349910169839859,0.000188
188,0.46420222520828247,0.42891204357147217,0.3529019057750702,0.00018899999999999999
189,0.4675946831703186,0.4319261312484741,0.35668542981147766,0.00019
190,0.4693179428577423,0.4336412250995636,0.3567671775817871,0.000191
191,0.4758010506629944,0.44032102823257446,0.354800283908844,0.000192
192,0.44908323884010315,0.41460898518562317,0.34474244713783264,0.000193
193,0.45053601264953613,0.41583865880966187,0.34697362780570984,0.000194
194,0.48901253938674927,0.4514070153236389,0.37605518102645874,0.000195
195,0.46928125619888306,0.43416133522987366,0.351199209690094,0.000196
196,0.4908987581729889,0.45367148518562317,0.3722727596759796,0.00019700000000000002
197,0.4733356237411499,0.437597393989563,0.35738226771354675,0.00019800000000000002
198,0.4997963607311249,0.46237456798553467,0.3742178678512573,0.000199
199,0.48517778515815735,0.44922003149986267,0.35957765579223633,0.0002
200,0.46183285117149353,0.4279191792011261,0.33913666009902954,0.0002
201,0.4804046154022217,0.4447401165962219,0.35664498805999756,0.00019999993705610097
202,0.46729516983032227,0.43160295486450195,0.3569222688674927,0.00019999974822448318
203,0.46363160014152527,0.42915552854537964,0.3447607755661011,0.0001999994335053843
204,0.468467116355896,0.43335989117622375,0.35107240080833435,0.00019999899289920055
205,0.4908599257469177,0.4532671272754669,0.3759279251098633,0.00019999842640648654
206,0.468461275100708,0.43272823095321655,0.3573303520679474,0.00019999773402795549
207,0.43488678336143494,0.40259429812431335,0.32292482256889343,0.00019999691576447898
208,0.46282416582107544,0.4279056191444397,0.34918561577796936,0.00019999597161708712
209,0.46509143710136414,0.4297645092010498,0.3532693684101105,0.00019999490158696846
210,0.46607062220573425,0.430714875459671,0.3535575866699219,0.00019999370567547008
211,0.4329894483089447,0.4009382128715515,0.32051244378089905,0.00019999238388409744
212,0.44579342007637024,0.4119616746902466,0.33831754326820374,0.0001999909362145145
213,0.4602397382259369,0.42605695128440857,0.3418278694152832,0.00019998936266854377
214,0.4535951316356659,0.4188096225261688,0.3478550612926483,0.00019998766324816607
215,0.4650801718235016,0.43045297265052795,0.3462720215320587,0.00019998583795552083
216,0.4433457553386688,0.41006460785865784,0.332811564207077,0.00019998388679290583
217,0.4853361248970032,0.44883671402931213,0.364994078874588,0.00019998180976277735
218,0.47518375515937805,0.43925952911376953,0.35924232006073,0.00019997960686775015
219,0.4722420573234558,0.43725502490997314,0.3498702347278595,0.00019997727811059738
220,0.4773378074169159,0.44234052300453186,0.3499729335308075,0.00019997482349425066
221,0.45302534103393555,0.4189152121543884,0.34110143780708313,0.00019997224302180006
222,0.4579789638519287,0.4238502085208893,0.3412875533103943,0.0001999695366964941
223,0.42858174443244934,0.3965373933315277,0.3204435706138611,0.00019996670452173966
224,0.4556242823600769,0.4205453097820282,0.35078978538513184,0.0001999637465011021
225,0.4399254322052002,0.40718889236450195,0.3273652493953705,0.00019996066263830531
226,0.44424837827682495,0.41049259901046753,0.33755770325660706,0.00019995745293723138
227,0.47001388669013977,0.43478262424468994,0.35231268405914307,0.000199954117401921
228,0.4649214744567871,0.4291784465312958,0.3574301302433014,0.00019995065603657316
229,0.44973862171173096,0.4164990186691284,0.3323960602283478,0.00019994706884554533
230,0.45106881856918335,0.41716212034225464,0.3390669524669647,0.00019994335583335335
231,0.44827720522880554,0.41490399837493896,0.3337321877479553,0.00019993951700467139
232,0.4971503019332886,0.45986515283584595,0.3728514313697815,0.00019993555236433213
233,0.4628784954547882,0.4286320209503174,0.342464804649353,0.00019993146191732658
234,0.48158296942710876,0.4453013837337494,0.3628157377243042,0.00019992724566880404
235,0.4473917782306671,0.4140205979347229,0.3337118327617645,0.0001999229036240723
236,0.44247758388519287,0.40938031673431396,0.3309725522994995,0.00019991843578859747
237,0.4504145383834839,0.41672685742378235,0.3368769586086273,0.00019991384216800398
238,0.45557713508605957,0.4224792420864105,0.3309790790081024,0.00019990912276807466
239,0.4827943742275238,0.44663548469543457,0.36158880591392517,0.00019990427759475067
240,0.48139309883117676,0.44497963786125183,0.36413446068763733,0.00019989930665413147
241,0.45689111948013306,0.42245304584503174,0.34438061714172363,0.0001998942099524749
242,0.4693867564201355,0.43402835726737976,0.35358402132987976,0.00019988898749619702
243,0.45197534561157227,0.4182685613632202,0.33706775307655334,0.0001998836392918723
244,0.4300582706928253,0.39785313606262207,0.322051465511322,0.00019987816534623352
245,0.440596342086792,0.4081924855709076,0.32403844594955444,0.00019987256566617162
246,0.4534130394458771,0.420083612203598,0.33329418301582336,0.00019986684025873598
247,0.4531700909137726,0.4186391830444336,0.34530916810035706,0.0001998609891311342
248,0.49528470635414124,0.4585131108760834,0.3677159547805786,0.0001998550122907321
249,0.45512497425079346,0.42119258642196655,0.3393237888813019,0.00019984890974505381
250,0.46556079387664795,0.4307686984539032,0.3479210436344147,0.00019984268150178167
251,0.4489848017692566,0.4153767228126526,0.33608072996139526,0.0001998363275687563
252,0.45845335721969604,0.4242555499076843,0.34197798371315,0.0001998298479539765
253,0.4752313792705536,0.43870803713798523,0.36523351073265076,0.00019982324266559935
254,0.4693957269191742,0.43441885709762573,0.3497686982154846,0.00019981651171194006
255,0.45700085163116455,0.42346489429473877,0.3353596031665802,0.00019980965510147213
256,0.48043012619018555,0.44442644715309143,0.36003679037094116,0.00019980267284282717
257,0.45162636041641235,0.41774892807006836,0.33877426385879517,0.000199795564944795
258,0.4810245633125305,0.44483712315559387,0.36187437176704407,0.00019978833141632354
259,0.45945560932159424,0.42538678646087646,0.3406881093978882,0.00019978097226651902
260,0.47302284836769104,0.43737661838531494,0.35646218061447144,0.0001997734875046456
261,0.47423017024993896,0.43819931149482727,0.36030852794647217,0.0001997658771401258
262,0.4467080533504486,0.41369232535362244,0.3301573693752289,0.00019975814118254007
263,0.4631887674331665,0.42883700132369995,0.34351781010627747,0.00019975027964162702
264,0.47313615679740906,0.43876761198043823,0.3436853289604187,0.00019974229252728342
265,0.4390825033187866,0.4059806168079376,0.33101886510849,0.00019973417984956403
266,0.4569833278656006,0.4224758446216583,0.345074862241745,0.00019972594161868178
267,0.46596360206604004,0.4309891164302826,0.3497448265552521,0.00019971757784500752
268,0.4626080393791199,0.4280397295951843,0.3456830382347107,0.00019970908853907026
269,0.4576249420642853,0.422417551279068,0.35207387804985046,0.00019970047371155704
270,0.47091710567474365,0.4361547827720642,0.3476232886314392,0.0001996917333733128
271,0.45809176564216614,0.4239658713340759,0.3412590026855469,0.00019968286753534062
272,0.468234121799469,0.4337936341762543,0.34440481662750244,0.00019967387620880146
273,0.48566776514053345,0.44938385486602783,0.3628391623497009,0.00019966475940501435
274,0.47424548864364624,0.43815165758132935,0.360938161611557,0.0001996555171354562
275,0.44224703311920166,0.4096280336380005,0.3261900544166565,0.00019964614941176195
276,0.45222198963165283,0.41845956444740295,0.33762431144714355,0.00019963665624572432
277,0.44089704751968384,0.40766963362693787,0.33227404952049255,0.00019962703764929413
278,0.44854333996772766,0.41458073258399963,0.33962610363960266,0.00019961729363458003
279,0.45381423830986023,0.4199201762676239,0.3389405906200409,0.00019960742421384846
280,0.45784705877304077,0.4243272542953491,0.33519789576530457,0.00019959742939952392
281,0.4706656336784363,0.43562233448028564,0.35043296217918396,0.00019958730920418858
282,0.4610717296600342,0.4269449710845947,0.341267466545105,0.00019957706364058257
283,0.46169865131378174,0.4278276264667511,0.33871039748191833,0.00019956669272160383
284,0.46211501955986023,0.4282234013080597,0.3389160633087158,0.00019955619646030802
285,0.46820104122161865,0.432659387588501,0.35541653633117676,0.00019954557486990868
286,0.46649453043937683,0.4312245845794678,0.3526994585990906,0.00019953482796377712
287,0.43870046734809875,0.4056701362133026,0.3303031921386719,0.00019952395575544233
288,0.4456928074359894,0.4120943546295166,0.33598440885543823,0.00019951295825859113
289,0.4597066640853882,0.42588773369789124,0.33818942308425903,0.00019950183548706805
290,0.4399159848690033,0.4075368344783783,0.32379162311553955,0.00019949058745487522
291,0.434945285320282,0.4027943015098572,0.32150977849960327,0.00019947921417617267
292,0.4539654850959778,0.42058759927749634,0.3337787091732025,0.00019946771566527785
293,0.4808081388473511,0.4446617364883423,0.36146417260169983,0.000199456091936666
294,0.4659474492073059,0.43129241466522217,0.3465503454208374,0.00019944434300497006
295,0.4742256700992584,0.4393426775932312,0.34882983565330505,0.00019943246888498041
296,0.4361793100833893,0.4039056599140167,0.32273662090301514,0.00019942046959164515
297,0.4436967372894287,0.41040468215942383,0.33292049169540405,0.00019940834514006994
298,0.44873178005218506,0.41535696387290955,0.3337480127811432,0.000199396095545518
299,0.4665848910808563,0.43187591433525085,0.3470897674560547,0.00019938372082341
300,0.4606080651283264,0.4260660409927368,0.34542012214660645,0.00019937122098932428
301,0.4782305955886841,0.4425840973854065,0.3564649820327759,0.00019935859605899655
302,0.4640190899372101,0.42964887619018555,0.3437020182609558,0.00019934584604832013
303,0.4630877673625946,0.42748868465423584,0.35599079728126526,0.00019933297097334565
304,0.4523698389530182,0.4185076057910919,0.33862242102622986,0.00019931997085028132
305,0.4461841285228729,0.41303008794784546,0.3315405249595642,0.00019930684569549264
306,0.45024505257606506,0.4176452159881592,0.3259984254837036,0.00019929359552550265
307,0.4593261778354645,0.4251287579536438,0.34197407960891724,0.00019928022035699166
308,0.4538768231868744,0.4195909798145294,0.34285855293273926,0.00019926672020679736
309,0.449946790933609,0.4159415066242218,0.3400528132915497,0.00019925309509191482
310,0.4502807557582855,0.41668692231178284,0.33593836426734924,0.00019923934502949644
311,0.44014406204223633,0.4078446924686432,0.32299384474754333,0.00019922547003685176
312,0.4368753433227539,0.4039015769958496,0.32973775267601013,0.0001992114701314478
313,0.45140406489372253,0.41829541325569153,0.3310863971710205,0.00019919734533090867
314,0.45012640953063965,0.4164181053638458,0.33708295226097107,0.0001991830956530158
315,0.46241021156311035,0.42810365557670593,0.34306561946868896,0.00019916872111570784
316,0.4438892602920532,0.41130656003952026,0.32582685351371765,0.00019915422173708046
317,0.4587908387184143,0.42454907298088074,0.3424176573753357,0.00019913959753538674
318,0.4660533666610718,0.43161141872406006,0.34441956877708435,0.00019912484852903668
319,0.4568210542201996,0.42367440462112427,0.3314664363861084,0.0001991099747365975
320,0.466278076171875,0.43247750401496887,0.33800581097602844,0.00019909497617679348
321,0.43952736258506775,0.4060603082180023,0.33467045426368713,0.000199079852868506
322,0.4331088662147522,0.40053173899650574,0.3257713317871094,0.00019906460483077348
323,0.4211491048336029,0.39021772146224976,0.3093138337135315,0.0001990492320827913
324,0.4755716323852539,0.4404163658618927,0.3515526354312897,0.00019903373464391186
325,0.45461463928222656,0.42032817006111145,0.3428645730018616,0.00019901811253364456
326,0.4672400951385498,0.4328376054763794,0.3440249562263489,0.00019900236577165576
327,0.4571550488471985,0.4240220785140991,0.3313297629356384,0.0001989864943777687
328,0.439610093832016,0.4078516960144043,0.3175840377807617,0.0001989704983719635
329,0.44612568616867065,0.41330525279045105,0.32820427417755127,0.0001989543777743772
330,0.4746258854866028,0.43982818722724915,0.3479769825935364,0.00019893813260530368
331,0.414280503988266,0.3831113874912262,0.3116910457611084,0.0001989217628851936
332,0.47549670934677124,0.4403008818626404,0.3519582450389862,0.00019890526863465443
333,0.44502800703048706,0.41196441650390625,0.33063602447509766,0.0001988886498744505
334,0.44549262523651123,0.4125177264213562,0.3297490179538727,0.00019887190662550266
335,0.4571308195590973,0.4231920540332794,0.3393876850605011,0.00019885503890888876
336,0.43404752016067505,0.4018417298793793,0.3220578134059906,0.0001988380467458431
337,0.431490421295166,0.3992277681827545,0.3226264417171478,0.00019882093015775678
338,0.42230385541915894,0.3916529417037964,0.3065090477466583,0.0001988036891661775
339,0.46074819564819336,0.42654886841773987,0.3419932723045349,0.0001987863237928095
340,0.4429730772972107,0.41036713123321533,0.3260594606399536,0.00019876883405951377
341,0.44498211145401,0.4123177230358124,0.3266437351703644,0.0001987512199883077
342,0.4607495367527008,0.42647114396095276,0.34278398752212524,0.00019873348160136524
343,0.4329338073730469,0.40106815099716187,0.3186566233634949,0.00019871561892101692
344,0.4471743702888489,0.41401323676109314,0.33161142468452454,0.00019869763196974957
345,0.43011072278022766,0.3987616002559662,0.3134913444519043,0.00019867952077020666
346,0.46758735179901123,0.43277356028556824,0.34813782572746277,0.0001986612853451879
347,0.4346473515033722,0.4022253453731537,0.32422006130218506,0.00019864292571764955
348,0.4580875635147095,0.42463263869285583,0.3345491588115692,0.00019862444191070408
349,0.45630738139152527,0.4225977659225464,0.3370962142944336,0.0001986058339476204
350,0.44788849353790283,0.4150335490703583,0.32854941487312317,0.0001985871018518236
351,0.41600245237350464,0.3848192095756531,0.3118325471878052,0.00019856824564689515
352,0.4630489647388458,0.42913201451301575,0.3391694724559784,0.00019854926535657267
353,0.46059566736221313,0.42635253071784973,0.3424314558506012,0.00019853016100475007
354,0.44623929262161255,0.4132271409034729,0.3301214575767517,0.0001985109326154774
355,0.47536084055900574,0.44048452377319336,0.3487631380558014,0.00019849158021296081
356,0.44581127166748047,0.41292354464530945,0.32887738943099976,0.00019847210382156267
357,0.4513479769229889,0.4177536368370056,0.3359433114528656,0.00019845250346580136
358,0.44358810782432556,0.4110850691795349,0.3250303566455841,0.0001984327791703513
359,0.431304395198822,0.39997944235801697,0.3132496774196625,0.00019841293096004302
360,0.4505901038646698,0.4174904525279999,0.330996572971344,0.00019839295885986296
361,0.4559366703033447,0.4221028983592987,0.33833786845207214,0.00019837286289495361
362,0.4443718194961548,0.4115985929965973,0.3277324140071869,0.00019835264309061326
363,0.44447001814842224,0.41159144043922424,0.3287857472896576,0.00019833229947229623
364,0.43677064776420593,0.40468135476112366,0.32089298963546753,0.00019831183206561262
365,0.4562445878982544,0.42241451144218445,0.3383007049560547,0.00019829124089632845
366,0.452159583568573,0.4185766577720642,0.33582940697669983,0.00019827052599036545
367,0.44915854930877686,0.41604241728782654,0.3311614394187927,0.00019824968737380117
368,0.43144577741622925,0.3985302448272705,0.329155296087265,0.0001982287250728689
369,0.4621737599372864,0.4280617833137512,0.3411197364330292,0.00019820763911395758
370,0.4508304297924042,0.4171854555606842,0.33644962310791016,0.00019818642952361187
371,0.41534584760665894,0.3848221004009247,0.3052375614643097,0.00019816509632853208
372,0.47522568702697754,0.43993595242500305,0.3528973162174225,0.00019814363955557404
373,0.4404785931110382,0.4087078869342804,0.3177070617675781,0.0001981220592317493
374,0.4642821252346039,0.42997467517852783,0.3430745005607605,0.0001981003553842248
375,0.4470157027244568,0.414422869682312,0.3259282410144806,0.00019807852804032305
376,0.44358938932418823,0.410900354385376,0.32689037919044495,0.00019805657722752202
377,0.4625259041786194,0.4280051290988922,0.3452078700065613,0.00019803450297345508
378,0.46174684166908264,0.42885270714759827,0.32894137501716614,0.00019801230530591105
379,0.43704506754875183,0.4044787585735321,0.3256630301475525,0.00019798998425283403
380,0.4565439820289612,0.42303475737571716,0.3350922167301178,0.00019796753984232358
381,0.44538986682891846,0.413009375333786,0.3238048851490021,0.00019794497210263442
382,0.44883620738983154,0.41632720828056335,0.3250901401042938,0.00019792228106217658
383,0.4467969536781311,0.41363564133644104,0.33161309361457825,0.00019789946674951536
384,0.4613180458545685,0.4280528426170349,0.33265191316604614,0.00019787652919337116
385,0.4567510485649109,0.4230964481830597,0.3365459442138672,0.00019785346842261957
386,0.44737708568573,0.41462334990501404,0.3275374472141266,0.00019783028446629123
387,0.4557277262210846,0.4213676154613495,0.3436010777950287,0.00019780697735357204
388,0.44147205352783203,0.4090331196784973,0.32438933849334717,0.0001977835471138027
389,0.4385988414287567,0.40544113516807556,0.33157703280448914,0.0001977599937764791
390,0.4517955780029297,0.41751447319984436,0.3428111672401428,0.00019773631737125192
391,0.45028138160705566,0.4170810580253601,0.3320031762123108,0.00019771251792792698
392,0.43610894680023193,0.4043138325214386,0.3179510533809662,0.00019768859547646478
393,0.4461459815502167,0.41277050971984863,0.33375468850135803,0.00019766455004698082
394,0.4468059241771698,0.4139443337917328,0.3286159336566925,0.00019764038166974535
395,0.4537728726863861,0.42014822363853455,0.336246520280838,0.0001976160903751834
396,0.4740479290485382,0.43960636854171753,0.3444155156612396,0.00019759167619387476
397,0.43897947669029236,0.4076302647590637,0.3134921193122864,0.0001975671391565539
398,0.4357426166534424,0.40371477603912354,0.3202784061431885,0.00019754247929410995
399,0.4563159942626953,0.42269784212112427,0.3361814320087433,0.00019751769663758665
400,0.4412754774093628,0.4091964066028595,0.32079067826271057,0.00019749279121818235
401,0.4374224543571472,0.40458473563194275,0.3283770978450775,0.00019746776306724998
402,0.45369604229927063,0.42022445797920227,0.33471572399139404,0.0001974426122162969
403,0.4401610493659973,0.4081149101257324,0.3204614520072937,0.00019741733869698495
404,0.4434587061405182,0.4106335937976837,0.32825103402137756,0.0001973919425411304
405,0.42829036712646484,0.39696332812309265,0.3132704496383667,0.00019736642378070392
406,0.4787319600582123,0.44359371066093445,0.35138246417045593,0.00019734078244783054
407,0.46120065450668335,0.42800357937812805,0.3319707214832306,0.00019731501857478954
408,0.4237184524536133,0.39221933484077454,0.3149910867214203,0.0001972891321940145
409,0.4498625695705414,0.4158540964126587,0.34008461236953735,0.00019726312333809322
410,0.45905038714408875,0.42551836371421814,0.33532026410102844,0.00019723699203976766
411,0.4242844581604004,0.39354902505874634,0.30735424160957336,0.00019721073833193397
412,0.46988821029663086,0.4350806474685669,0.3480757474899292,0.00019718436224764233
413,0.43719595670700073,0.4052821099758148,0.31913861632347107,0.00019715786382009705
414,0.4521697759628296,0.41853615641593933,0.3363361954689026,0.00019713124308265635
415,0.45457738637924194,0.42014116048812866,0.34436213970184326,0.00019710450006883256
416,0.45871439576148987,0.4253022074699402,0.3341218829154968,0.00019707763481229183
417,0.44383499026298523,0.4111904203891754,0.3264458179473877,0.00019705064734685425
418,0.4365099370479584,0.4046876132488251,0.3182232975959778,0.00019702353770649378
419,0.43303900957107544,0.40151646733283997,0.3152254819869995,0.00019699630592533808
420,0.43713825941085815,0.40463578701019287,0.3250247538089752,0.0001969689520376687
421,0.40427926182746887,0.37454402446746826,0.2973524332046509,0.00019694147607792083
422,0.430181622505188,0.39928898215293884,0.3089263141155243,0.0001969138780806833
423,0.4692944884300232,0.4352962374687195,0.33998245000839233,0.00019688615808069872
424,0.4390537142753601,0.4068600833415985,0.3219362497329712,0.0001968583161128631
425,0.4296342134475708,0.3984145224094391,0.3121969401836395,0.00019683035221222618
426,0.45152413845062256,0.4185033142566681,0.3302081525325775,0.00019680226641399096
427,0.45739081501960754,0.42388495802879333,0.3350585401058197,0.00019677405875351414
428,0.44334667921066284,0.4112006425857544,0.32146039605140686,0.00019674572926630567
429,0.4423147439956665,0.4095703959465027,0.32744354009628296,0.00019671727798802895
430,0.44309285283088684,0.41065526008605957,0.32437601685523987,0.00019668870495450066
431,0.4133787751197815,0.38364553451538086,0.2973324954509735,0.00019666001020169073
432,0.45378562808036804,0.4202848970890045,0.3350071907043457,0.00019663119376572242
433,0.43062281608581543,0.3993031978607178,0.3131961226463318,0.00019660225568287202
434,0.42580780386924744,0.3941029906272888,0.3170481324195862,0.00019657319598956913
435,0.4535540044307709,0.4201960563659668,0.3335795998573303,0.0001965440147223963
436,0.425954669713974,0.3948216140270233,0.3113305866718292,0.00019651471191808924
437,0.4263274669647217,0.39537233114242554,0.3095513582229614,0.00019648528761353652
438,0.44405946135520935,0.41194865107536316,0.32110798358917236,0.00019645574184577982
439,0.4473043978214264,0.41449519991874695,0.32809194922447205,0.00019642607465201364
440,0.47153440117836,0.4361077845096588,0.35426610708236694,0.00019639628606958533
441,0.446000874042511,0.4122558534145355,0.3374502658843994,0.0001963663761359951
442,0.436253160238266,0.40509042143821716,0.3116273880004883,0.00019633634488889595
443,0.4110998511314392,0.38144344091415405,0.29656410217285156,0.0001963061923660935
444,0.4475814700126648,0.41495588421821594,0.32625600695610046,0.0001962759186055461
445,0.4420824646949768,0.4097621738910675,0.32320278882980347,0.00019624552364536473
446,0.4496609568595886,0.4168446362018585,0.32816335558891296,0.00019621500752381294
447,0.4601355791091919,0.4264807105064392,0.3365485966205597,0.00019618437027930683
448,0.43926775455474854,0.4074377417564392,0.31830018758773804,0.00019615361195041492
449,0.4121394157409668,0.3815965950489044,0.30542829632759094,0.00019612273257585815
450,0.44610482454299927,0.41400355100631714,0.3210128843784332,0.00019609173219450998
451,0.44241535663604736,0.41030338406562805,0.3211198151111603,0.000196060610845396
452,0.4428502917289734,0.4106385111808777,0.3221176862716675,0.0001960293685676943
453,0.4401129186153412,0.40859854221343994,0.3151438534259796,0.00019599800540073505
454,0.41265714168548584,0.38231581449508667,0.3034132421016693,0.00019596652138400064
455,0.45382997393608093,0.42110133171081543,0.3272863030433655,0.0001959349165571256
456,0.4183841645717621,0.38855496048927307,0.29829201102256775,0.0001959031909598966
457,0.4517209529876709,0.4187670052051544,0.32953959703445435,0.0001958713446322522
458,0.44241517782211304,0.4107746183872223,0.3164055049419403,0.00019583937761428314
459,0.46107301115989685,0.4273895025253296,0.3368350565433502,0.00019580728994623195
460,0.40607085824012756,0.376219779253006,0.29851090908050537,0.00019577508166849304
461,0.44820916652679443,0.415066659450531,0.33142516016960144,0.00019574275282161283
462,0.43376827239990234,0.40305471420288086,0.30713558197021484,0.00019571030344628926
463,0.4570201337337494,0.4234309196472168,0.3358922600746155,0.00019567773358337222
464,0.4403479993343353,0.40785011649131775,0.32497894763946533,0.00019564504327386316
465,0.4529098868370056,0.41950905323028564,0.33400845527648926,0.0001956122325589152
466,0.4487631022930145,0.4154129922389984,0.33350110054016113,0.00019557930147983302
467,0.4739373028278351,0.4391607642173767,0.34776532649993896,0.00019554625007807283
468,0.4619716703891754,0.42808201909065247,0.33889660239219666,0.0001955130783952423
469,0.41545674204826355,0.3846948742866516,0.30761855840682983,0.00019547978647310057
470,0.45168864727020264,0.41785261034965515,0.3383602499961853,0.00019544637435355808
471,0.41663411259651184,0.38640591502189636,0.30228185653686523,0.00019541284207867662
472,0.46141231060028076,0.4268469214439392,0.34565383195877075,0.0001953791896906692
473,0.45511963963508606,0.42145124077796936,0.3366840183734894,0.0001953454172319001
474,0.44132518768310547,0.4088372588157654,0.32487934827804565,0.00019531152474488477
475,0.43309497833251953,0.40139397978782654,0.317009836435318,0.00019527751227228963
476,0.4419335126876831,0.4093286395072937,0.3260487914085388,0.0001952433798569323
477,0.4466930031776428,0.4138573706150055,0.32835647463798523,0.00019520912754178123
478,0.433368444442749,0.40140241384506226,0.3196602165699005,0.00019517475536995604
479,0.4281104505062103,0.39653435349464417,0.31576091051101685,0.000195140263384727
480,0.4397471249103546,0.40790313482284546,0.31843990087509155,0.00019510565162951537
481,0.4298258423805237,0.398472398519516,0.3135344684123993,0.0001950709201478931
482,0.4424331784248352,0.4105728566646576,0.31860336661338806,0.00019503606898358284
483,0.4141239821910858,0.38351526856422424,0.30608701705932617,0.00019500109818045805
484,0.4670562446117401,0.4336285889148712,0.3342765271663666,0.00019496600778254263
485,0.4382227957248688,0.40619027614593506,0.32032525539398193,0.00019493079783401113
486,0.43495720624923706,0.40352556109428406,0.3143165707588196,0.0001948954683791886
487,0.4468284845352173,0.41359540820121765,0.33233070373535156,0.00019486001946255046
488,0.4445754885673523,0.41259267926216125,0.31982797384262085,0.00019482445112872264
489,0.4572332501411438,0.4236907958984375,0.33542442321777344,0.00019478876342248128
490,0.4621170163154602,0.42805472016334534,0.34062299132347107,0.0001947529563887529
491,0.4234011769294739,0.39197736978530884,0.3142381012439728,0.00019471703007261412
492,0.43795496225357056,0.40629228949546814,0.3166268467903137,0.00019468098451929183
493,0.4510853886604309,0.4186791479587555,0.3240623474121094,0.00019464481977416297
494,0.4421975016593933,0.41001930832862854,0.32178208231925964,0.00019460853588275454
495,0.42429667711257935,0.39358294010162354,0.30713728070259094,0.00019457213289074355
496,0.44730672240257263,0.4146520793437958,0.32654649019241333,0.00019453561084395687
497,0.43113982677459717,0.3994102478027344,0.31729593873023987,0.00019449896978837141
498,0.44422033429145813,0.4122219383716583,0.31998392939567566,0.0001944622097701137
499,0.4409545660018921,0.40876656770706177,0.32187986373901367,0.00019442533083546012
500,0.42323416471481323,0.3924068808555603,0.3082727789878845,0.00019438833303083678
501,0.44388750195503235,0.41167059540748596,0.32216912508010864,0.00019435121640281938
502,0.46201464533805847,0.4278584122657776,0.341562420129776,0.00019431398099813323
503,0.4167596399784088,0.3865381181240082,0.3022151589393616,0.00019427662686365314
504,0.45367610454559326,0.42059656977653503,0.3307953178882599,0.0001942391540464035
505,0.4497087597846985,0.4169256389141083,0.3278311491012573,0.00019420156259355791
506,0.46792417764663696,0.43377894163131714,0.34145238995552063,0.00019416385255243944
507,0.4441302418708801,0.4119175970554352,0.32212650775909424,0.00019412602397052048
508,0.45171821117401123,0.41851797699928284,0.3320024907588959,0.00019408807689542257
509,0.43629100918769836,0.40465617179870605,0.31634849309921265,0.00019405001137491642
510,0.4539959728717804,0.4213216304779053,0.3267435133457184,0.0001940118274569219
511,0.4398488700389862,0.40812456607818604,0.3172430396080017,0.00019397352518950794
512,0.4462154507637024,0.41340070962905884,0.3281473219394684,0.00019393510462089236
513,0.44039708375930786,0.4087844789028168,0.3161260783672333,0.000193896565799442
514,0.4350930154323578,0.4038066267967224,0.312863826751709,0.00019385790877367255
515,0.4499720335006714,0.4174272418022156,0.3254479467868805,0.00019381913359224842
516,0.4168948829174042,0.386587917804718,0.303069531917572,0.0001937802403039829
517,0.4360843896865845,0.40463510155677795,0.31449297070503235,0.0001937412289578379
518,0.42669758200645447,0.3958752453327179,0.3082233965396881,0.00019370209960292386
519,0.4511457681655884,0.4185410439968109,0.32604727149009705,0.00019366285228849996
520,0.44326722621917725,0.4109251797199249,0.32342052459716797,0.00019362348706397373
521,0.4549979865550995,0.4216979146003723,0.3330008387565613,0.0001935840039789012
522,0.4080406129360199,0.37870630621910095,0.29334306716918945,0.00019354440308298672
523,0.4455370604991913,0.41370758414268494,0.3182947337627411,0.00019350468442608305
524,0.42790499329566956,0.3967042565345764,0.31200724840164185,0.0001934648480581911
525,0.45926642417907715,0.4265664219856262,0.3269999921321869,0.00019342489402945998
526,0.4461390972137451,0.4134940207004547,0.3264508843421936,0.000193384822390187
527,0.4277147948741913,0.3970041573047638,0.30710646510124207,0.00019334463319081735
528,0.4464595913887024,0.41423243284225464,0.3222714364528656,0.00019330432648194444
529,0.44159066677093506,0.40886011719703674,0.3273056149482727,0.00019326390231430942
530,0.4342282712459564,0.40269574522972107,0.31532537937164307,0.00019322336073880142
531,0.44874948263168335,0.41624677181243896,0.3250272572040558,0.00019318270180645737
532,0.4261323809623718,0.39468103647232056,0.31451335549354553,0.00019314192556846185
533,0.455215722322464,0.421914279460907,0.3330143392086029,0.00019310103207614718
534,0.4515155255794525,0.4192025065422058,0.32313019037246704,0.00019306002138099327
535,0.4364489018917084,0.40534767508506775,0.3110121488571167,0.00019301889353462762
536,0.4498669505119324,0.4171038866043091,0.32763075828552246,0.00019297764858882514
537,0.4647383689880371,0.4302535057067871,0.34484872221946716,0.0001929362865955082
538,0.4259330630302429,0.3950623869895935,0.3087069094181061,0.0001928948076067465
539,0.4390160143375397,0.4066745638847351,0.3234144151210785,0.00019285321167475698
540,0.45120230317115784,0.41833674907684326,0.3286556601524353,0.0001928114988519039
541,0.4244883954524994,0.39376044273376465,0.3072796165943146,0.00019276966919069862
542,0.4173831641674042,0.3872699737548828,0.3011317849159241,0.0001927277227437995
543,0.46258270740509033,0.4290904402732849,0.33492252230644226,0.00019268565956401208
544,0.4694753885269165,0.4356837272644043,0.337916761636734,0.00019264347970428876
545,0.42367514967918396,0.3928045332431793,0.30870604515075684,0.0001926011832177288
546,0.4620329439640045,0.42848220467567444,0.3355073928833008,0.00019255877015757835
547,0.412921667098999,0.383340060710907,0.2958161234855652,0.00019251624057723023
548,0.44320982694625854,0.4108929932117462,0.3231683373451233,0.00019247359453022407
549,0.43252623081207275,0.4015088379383087,0.31017398834228516,0.00019243083207024598
550,0.4430403411388397,0.41017886996269226,0.3286147713661194,0.0001923879532511287
551,0.4275391697883606,0.3960779905319214,0.31461188197135925,0.0001923449581268514
552,0.4626197814941406,0.4296391010284424,0.3298068344593048,0.00019230184675153976
553,0.454306423664093,0.42173710465431213,0.32569313049316406,0.00019225861917946565
554,0.4616725444793701,0.42827022075653076,0.3340233564376831,0.0001922152754650474
555,0.4351577162742615,0.40390703082084656,0.3125068247318268,0.0001921718156628494
556,0.4548318386077881,0.4217641353607178,0.3306771218776703,0.00019212823982758226
557,0.463711678981781,0.42982757091522217,0.3388410210609436,0.00019208454801410266
558,0.43522167205810547,0.40374770760536194,0.3147396445274353,0.0001920407402774132
559,0.4348621070384979,0.4035264849662781,0.3133562207221985,0.00019199681667266252
560,0.4385807514190674,0.406609445810318,0.31971314549446106,0.0001919527772551451
561,0.4199216365814209,0.39005011320114136,0.29871508479118347,0.0001919086220803011
562,0.4277014434337616,0.39688870310783386,0.3081273138523102,0.0001918643512037166
563,0.4558677077293396,0.42309707403182983,0.32770639657974243,0.00019181996468112323
564,0.48034611344337463,0.4463231563568115,0.3402295410633087,0.00019177546256839812
565,0.45139479637145996,0.41870853304862976,0.32686272263526917,0.00019173084492156407
566,0.4370863735675812,0.4052327871322632,0.31853583455085754,0.00019168611179678924
567,0.42435944080352783,0.3930372893810272,0.31322142481803894,0.00019164126325038714
568,0.4353771507740021,0.40365472435951233,0.317224383354187,0.00019159629933881666
569,0.42911067605018616,0.39857029914855957,0.30540382862091064,0.00019155122011868186
570,0.43752115964889526,0.4058520495891571,0.3166910707950592,0.00019150602564673198
571,0.4549487233161926,0.421974241733551,0.32974469661712646,0.00019146071597986138
572,0.4464183449745178,0.4142170548439026,0.32201287150382996,0.00019141529117510932
573,0.440915048122406,0.4083854854106903,0.32529550790786743,0.00019136975128966017
574,0.4409630298614502,0.40860193967819214,0.32361090183258057,0.00019132409638084304
575,0.42575985193252563,0.3949817717075348,0.30778080224990845,0.00019127832650613189
576,0.41323164105415344,0.3831297755241394,0.301018625497818,0.00019123244172314545
577,0.43755558133125305,0.4054698348045349,0.32085752487182617,0.00019118644208964702
578,0.4554491341114044,0.42202621698379517,0.3342292606830597,0.00019114032766354453
579,0.46103209257125854,0.4275378882884979,0.3349420726299286,0.00019109409850289044
580,0.4263260066509247,0.39616355299949646,0.301624596118927,0.00019104775466588161
581,0.4256879985332489,0.39512360095977783,0.30564403533935547,0.00019100129621085925
582,0.4036887288093567,0.37441593408584595,0.2927279472351074,0.00019095472319630892
583,0.441793292760849,0.40965545177459717,0.32137832045555115,0.00019090803568086036
584,0.4645839333534241,0.4307444989681244,0.3383943438529968,0.00019086123372328746
585,0.4286605417728424,0.39726606011390686,0.31394487619400024,0.00019081431738250814
586,0.4486641585826874,0.41591009497642517,0.3275405466556549,0.00019076728671758438
587,0.44301068782806396,0.4107936918735504,0.3221699297428131,0.00019072014178772202
588,0.4660675823688507,0.43155598640441895,0.3451159596443176,0.00019067288265227082
589,0.42449337244033813,0.3941284418106079,0.30364927649497986,0.00019062550937072424
590,0.4673370122909546,0.4330071806907654,0.34329816699028015,0.00019057802200271942
591,0.413022518157959,0.3827463984489441,0.3027610778808594,0.0001905304206080372
592,0.4629398286342621,0.4297850728034973,0.3315475881099701,0.00019048270524660196
593,0.441650390625,0.4096471667289734,0.3200322985649109,0.0001904348759784815
594,0.4492345452308655,0.4167879819869995,0.32446548342704773,0.00019038693286388698
595,0.44128480553627014,0.4094483256340027,0.31836479902267456,0.00019033887596317298
596,0.43237531185150146,0.4010634422302246,0.3131188154220581,0.00019029070533683725
597,0.43696486949920654,0.40597450733184814,0.3099035322666168,0.00019024242104552074
598,0.4481174647808075,0.4161560535430908,0.3196140229701996,0.00019019402315000752
599,0.4109678268432617,0.3810003697872162,0.29967454075813293,0.00019014551171122457
600,0.4486196041107178,0.4167543649673462,0.31865236163139343,0.0001900968867902419
601,0.448993444442749,0.41654637455940247,0.3244708478450775,0.0001900481484482724
602,0.40383243560791016,0.3745255768299103,0.293068528175354,0.0001899992967466716
603,0.4517402946949005,0.4187026023864746,0.3303770422935486,0.0001899503317469379
604,0.4511372745037079,0.4183575212955475,0.32779747247695923,0.00018990125351071226
605,0.4249059557914734,0.3947581946849823,0.3014777600765228,0.00018985206209977813
606,0.45710182189941406,0.42403891682624817,0.33062902092933655,0.00018980275757606157
607,0.4138230085372925,0.3834223449230194,0.30400678515434265,0.00018975334000163093
608,0.4192371070384979,0.3887380063533783,0.3049909770488739,0.00018970380943869687
609,0.42099326848983765,0.39034920930862427,0.30644068121910095,0.00018965416594961238
610,0.44033610820770264,0.4082243740558624,0.32111725211143494,0.00018960440959687254
611,0.4333747327327728,0.40184977650642395,0.31524965167045593,0.0001895545404431145
612,0.4543290138244629,0.42170608043670654,0.32622939348220825,0.00018950455855111745
613,0.45086246728897095,0.4185265600681305,0.32335907220840454,0.0001894544639838025
614,0.44843047857284546,0.41559040546417236,0.3284006118774414,0.00018940425680423264
615,0.42913690209388733,0.39798134565353394,0.31155553460121155,0.00018935393707561251
616,0.4228326678276062,0.39216935634613037,0.30663323402404785,0.00018930350486128856
617,0.43123313784599304,0.40026959776878357,0.30963537096977234,0.00018925296022474878
618,0.439152330160141,0.40780264139175415,0.31349697709083557,0.00018920230322962264
619,0.4123288094997406,0.38278043270111084,0.29548364877700806,0.0001891515339396812
620,0.43377768993377686,0.4020872712135315,0.31690433621406555,0.0001891006524188368
621,0.4048739969730377,0.3758196234703064,0.29054367542266846,0.000189049658731143
622,0.43907371163368225,0.4072231650352478,0.3185054063796997,0.00018899855294079472
623,0.43520787358283997,0.40368539094924927,0.3152247965335846,0.00018894733511212782
624,0.462723970413208,0.4289577305316925,0.33766233921051025,0.00018889600530961934
625,0.44475749135017395,0.4122407138347626,0.3251676559448242,0.00018884456359788724
626,0.43110743165016174,0.4001345634460449,0.30972856283187866,0.00018879301004169036
627,0.45950233936309814,0.425895094871521,0.33607247471809387,0.00018874134470592835
628,0.43848931789398193,0.4066021740436554,0.31887152791023254,0.0001886895676556415
629,0.4342859387397766,0.4030405580997467,0.312453955411911,0.00018863767895601087
630,0.42646193504333496,0.3954864740371704,0.30975449085235596,0.000188585678672358
631,0.42432352900505066,0.3935401737689972,0.30783364176750183,0.00018853356687014485
632,0.44383910298347473,0.4123104214668274,0.31528693437576294,0.00018848134361497385
633,0.42590445280075073,0.39546334743499756,0.3044109344482422,0.0001884290089725877
634,0.4281746745109558,0.39608851075172424,0.32086166739463806,0.00018837656300886937
635,0.4334985017776489,0.4017849266529083,0.31713563203811646,0.00018832400578984183
636,0.4292357563972473,0.3983052670955658,0.30930477380752563,0.0001882713373816683
637,0.4369800090789795,0.4050128161907196,0.3196718394756317,0.00018821855785065185
638,0.4220847487449646,0.3914819359779358,0.30602797865867615,0.00018816566726323548
639,0.44688764214515686,0.41521596908569336,0.3167168200016022,0.00018811266568600194
640,0.4530230164527893,0.4199518859386444,0.33071136474609375,0.0001880595531856738
641,0.450111448764801,0.41709885001182556,0.33012592792510986,0.00018800632982911322
642,0.42880862951278687,0.39820146560668945,0.30607160925865173,0.00018795299568332184
643,0.4323256313800812,0.40053755044937134,0.317880779504776,0.00018789955081544092
644,0.43631884455680847,0.40493759512901306,0.3138124942779541,0.000187845995292751
645,0.42348599433898926,0.3931950628757477,0.3029094338417053,0.00018779232918267195
646,0.4320986568927765,0.40087467432022095,0.3122398555278778,0.00018773855255276283
647,0.4425540864467621,0.4103180170059204,0.3223607540130615,0.00018768466547072188
648,0.426538348197937,0.3962174355983734,0.30320924520492554,0.00018763066800438636
649,0.4323562681674957,0.4008791446685791,0.31477123498916626,0.00018757656022173248
650,0.44232016801834106,0.4104492664337158,0.31870904564857483,0.00018752234219087538
651,0.43623092770576477,0.4053126275539398,0.30918294191360474,0.0001874680139800689
652,0.4848267436027527,0.44948944449424744,0.35337308049201965,0.0001874135756577056
653,0.47287824749946594,0.4389478862285614,0.3393036425113678,0.00018735902729231677
654,0.43537092208862305,0.40399834513664246,0.31372568011283875,0.00018730436895257206
655,0.42249420285224915,0.39216744899749756,0.30326759815216064,0.00018724960070727972
656,0.43885374069213867,0.4071447551250458,0.317089706659317,0.00018719472262538624
657,0.41997912526130676,0.3900132477283478,0.2996588945388794,0.00018713973477597646
658,0.45208731293678284,0.4192800521850586,0.32807257771492004,0.00018708463722827336
659,0.4419991672039032,0.4105803370475769,0.3141883611679077,0.00018702943005163803
660,0.44641855359077454,0.4144488573074341,0.3196970224380493,0.00018697411331556956
661,0.42708438634872437,0.3957281708717346,0.31356215476989746,0.00018691868708970496
662,0.47061437368392944,0.43631961941719055,0.3429476320743561,0.00018686315144381913
663,0.43804222345352173,0.40656206011772156,0.3148016929626465,0.00018680750644782467
664,0.4156230688095093,0.385766863822937,0.2985619604587555,0.00018675175217177175
665,0.44138678908348083,0.41007891297340393,0.3130788803100586,0.0001866958886858483
666,0.4420163631439209,0.41061702370643616,0.3139933943748474,0.0001866399160603796
667,0.4425205588340759,0.41065314412117004,0.31867408752441406,0.0001865838343658284
668,0.43504124879837036,0.40349945425987244,0.315418004989624,0.00018652764367279461
669,0.4317568242549896,0.40077435970306396,0.30982473492622375,0.0001864713440520155
670,0.42955127358436584,0.3983813226222992,0.3116995692253113,0.0001864149355743655
671,0.4624427855014801,0.4291962683200836,0.3324650526046753,0.00018635841831085586
672,0.4323488473892212,0.40087297558784485,0.3147587478160858,0.00018630179233263504
673,0.43891268968582153,0.4069616198539734,0.3195107877254486,0.00018624505771098817
674,0.44849514961242676,0.41597485542297363,0.32520294189453125,0.00018618821451733724
675,0.456678569316864,0.423243910074234,0.33434662222862244,0.00018613126282324092
676,0.4451178014278412,0.4123600721359253,0.3275773823261261,0.0001860742027003944
677,0.45826977491378784,0.42567428946495056,0.32595473527908325,0.0001860170342206294
678,0.4294196367263794,0.3982658088207245,0.31153830885887146,0.0001859597574559141
679,0.44819608330726624,0.4160934388637543,0.32102644443511963,0.00018590237247835293
680,0.4456138610839844,0.4134652316570282,0.3214862644672394,0.00018584487936018661
681,0.4119592308998108,0.38237470388412476,0.2958451509475708,0.00018578727817379195
682,0.431740403175354,0.40050846338272095,0.31231939792633057,0.0001857295689916818
683,0.4109920263290405,0.3815206289291382,0.294714093208313,0.00018567175188650498
684,0.44111788272857666,0.4086662530899048,0.32451629638671875,0.00018561382693104615
685,0.4541096091270447,0.4215393662452698,0.3257025480270386,0.00018555579419822583
686,0.4410153925418854,0.4087986946105957,0.32216697931289673,0.0001854976537611001
687,0.44805625081062317,0.4159170687198639,0.32139191031455994,0.00018543940569286065
688,0.4264322817325592,0.3954687714576721,0.30963507294654846,0.00018538105006683472
689,0.4193057715892792,0.38846904039382935,0.30836722254753113,0.00018532258695648496
690,0.44889289140701294,0.4166238009929657,0.3226909935474396,0.00018526401643540922
691,0.44237932562828064,0.410627543926239,0.3175177574157715,0.0001852053385773407
692,0.4618653655052185,0.4291341304779053,0.32731226086616516,0.00018514655345614763
693,0.4409700930118561,0.40930670499801636,0.31663399934768677,0.00018508766114583332
694,0.43501541018486023,0.4035421311855316,0.3147328495979309,0.00018502866172053598
695,0.4476347267627716,0.4151833653450012,0.3245135247707367,0.00018496955525452874
696,0.4072341322898865,0.37786006927490234,0.2937406301498413,0.0001849103418222194
697,0.4681353271007538,0.4340190589427948,0.34116265177726746,0.00018485102149815038
698,0.4493367671966553,0.4166884422302246,0.3264831006526947,0.00018479159435699883
699,0.44162556529045105,0.40939855575561523,0.32227015495300293,0.00018473206047357619
700,0.4264163374900818,0.39567670226097107,0.3073963522911072,0.00018467241992282843
701,0.42154425382614136,0.39131367206573486,0.30230581760406494,0.00018461267277983568
702,0.4225293695926666,0.39172568917274475,0.30803680419921875,0.0001845528191198123
703,0.44232428073883057,0.41060498356819153,0.31719282269477844,0.00018449285901810675
704,0.4256913959980011,0.39508265256881714,0.3060873746871948,0.00018443279255020152
705,0.45500969886779785,0.4221303462982178,0.32879361510276794,0.0001843726197917129
706,0.4322059452533722,0.40077313780784607,0.3143281638622284,0.0001843123408183911
707,0.454197496175766,0.4215185046195984,0.32678985595703125,0.00018425195570611998
708,0.421613484621048,0.39175182580947876,0.298616498708725,0.00018419146453091701
709,0.43933695554733276,0.40771883726119995,0.3161810636520386,0.0001841308673689332
710,0.4218195080757141,0.39124250411987305,0.3057699203491211,0.00018407016429645303
711,0.4598066210746765,0.42643973231315613,0.3336690366268158,0.0001840093553898942
712,0.456359326839447,0.4234754741191864,0.32883840799331665,0.00018394844072580773
713,0.43777430057525635,0.40586647391319275,0.3190782368183136,0.00018388742038087777
714,0.44737398624420166,0.41474395990371704,0.32630041241645813,0.00018382629443192144
715,0.4120457172393799,0.38246697187423706,0.2957875728607178,0.00018376506295588886
716,0.44109416007995605,0.4086530804634094,0.32441091537475586,0.00018370372602986303
717,0.4166725277900696,0.3870071768760681,0.2966535985469818,0.00018364228373105964
718,0.45406830310821533,0.421713650226593,0.3235463798046112,0.00018358073613682706
719,0.4497818946838379,0.41746997833251953,0.32311925292015076,0.0001835190833246461
720,0.4137337803840637,0.38378453254699707,0.29949256777763367,0.00018345732537213027
721,0.4329622983932495,0.4022905230522156,0.3067176342010498,0.00018339546235702524
722,0.44089049100875854,0.4093429148197174,0.3154757022857666,0.00018333349435720894
723,0.43688589334487915,0.40562379360198975,0.3126208484172821,0.0001832714214506916
724,0.4195404350757599,0.38956817984580994,0.29972267150878906,0.0001832092437156154
725,0.42085087299346924,0.39068982005119324,0.30161052942276,0.00018314696123025454
726,0.43072524666786194,0.3994799852371216,0.3124527335166931,0.00018308457407301503
727,0.42201146483421326,0.39219188690185547,0.2981957793235779,0.00018302208232243473
728,0.4529353082180023,0.4198061227798462,0.33129194378852844,0.00018295948605718314
729,0.4511963129043579,0.4188553988933563,0.3234090507030487,0.00018289678535606126
730,0.4304788410663605,0.39959481358528137,0.30884018540382385,0.00018283398029800166
731,0.42863163352012634,0.3977624475955963,0.3086917996406555,0.00018277107096206826
732,0.4386274218559265,0.4074726402759552,0.3115478456020355,0.00018270805742745617
733,0.4397917091846466,0.40854611992836,0.31245583295822144,0.00018264493977349184
734,0.4164217412471771,0.38634148240089417,0.3008024990558624,0.0001825817180796326
735,0.41498222947120667,0.3853154480457306,0.2966677248477936,0.00018251839242546696
736,0.42791658639907837,0.39730843901634216,0.3060814440250397,0.0001824549628907141
737,0.4176744222640991,0.38686883449554443,0.30805590748786926,0.00018239142955522406
738,0.4392251968383789,0.40720951557159424,0.3201567232608795,0.0001823277924989776
739,0.4291040897369385,0.3986535668373108,0.30450522899627686,0.000182264051802086
740,0.45094233751296997,0.4182197153568268,0.3272261619567871,0.00018220020754479102
741,0.4589628577232361,0.42547401785850525,0.3348884582519531,0.00018213625980746475
742,0.4410415291786194,0.40943512320518494,0.31606408953666687,0.00018207220867060966
743,0.4048357307910919,0.37530389428138733,0.2953183650970459,0.00018200805421485824
744,0.4193287789821625,0.38930171728134155,0.300270676612854,0.0001819437965209732
745,0.43547090888023376,0.40459296107292175,0.3087795376777649,0.0001818794356698471
746,0.4398556053638458,0.4078282415866852,0.320273756980896,0.00018181497174250236
747,0.43041831254959106,0.399425745010376,0.3099255859851837,0.0001817504048200912
748,0.4426500201225281,0.41096505522727966,0.3168494999408722,0.00018168573498389564
749,0.4487251043319702,0.4164191782474518,0.32305917143821716,0.00018162096231532694
750,0.4181913435459137,0.3887576758861542,0.2943367660045624,0.00018155608689592604
751,0.45278558135032654,0.4204803705215454,0.3230520188808441,0.0001814911088073632
752,0.44919827580451965,0.41629889607429504,0.3289937674999237,0.00018142602813143785
753,0.42426952719688416,0.3939615786075592,0.30307960510253906,0.00018136084495007872
754,0.4582614004611969,0.4255167543888092,0.32744652032852173,0.0001812955593453434
755,0.43679189682006836,0.4053890109062195,0.314028799533844,0.0001812301713994185
756,0.4399617910385132,0.40866291522979736,0.3129887878894806,0.00018116468119461953
757,0.43183061480522156,0.40071406960487366,0.3111654818058014,0.00018109908881339058
758,0.43164336681365967,0.4009400010108948,0.3070336580276489,0.00018103339433830454
759,0.41656002402305603,0.3866000175476074,0.29959994554519653,0.00018096759785206267
760,0.4340798556804657,0.40231946110725403,0.3176039457321167,0.00018090169943749476
761,0.44468626379966736,0.4131290912628174,0.31557178497314453,0.00018083569917755885
762,0.4174254536628723,0.38826099038124084,0.29164448380470276,0.00018076959715534124
763,0.45534467697143555,0.42223235964775085,0.3311232030391693,0.00018070339345405625
764,0.4718022048473358,0.43700316548347473,0.3479903042316437,0.00018063708815704632
765,0.4407951831817627,0.40935590863227844,0.3143928647041321,0.00018057068134778173
766,0.4355504810810089,0.4037747383117676,0.31775736808776855,0.00018050417310986052
767,0.4394744038581848,0.40762075781822205,0.31853634119033813,0.00018043756352700846
768,0.4284875988960266,0.39790305495262146,0.3058455288410187,0.00018037085268307889
769,0.43421560525894165,0.40293389558792114,0.3128169775009155,0.0001803040406620526
770,0.465847373008728,0.4327761232852936,0.33071252703666687,0.0001802371275480378
771,0.4083247780799866,0.3791337013244629,0.29191088676452637,0.0001801701134252699
772,0.41507333517074585,0.38518476486206055,0.2988855540752411,0.0001801029983781116
773,0.42482176423072815,0.39462369680404663,0.30198076367378235,0.00018003578249105244
774,0.436437726020813,0.4047148823738098,0.3172285258769989,0.00017996846584870908
775,0.4286920428276062,0.3979427218437195,0.30749332904815674,0.00017990104853582493
776,0.41021427512168884,0.3813157081604004,0.28898558020591736,0.00017983353063727016
777,0.4211515486240387,0.3912636935710907,0.2988784909248352,0.00017976591223804161
778,0.42920783162117004,0.39855626225471497,0.30651581287384033,0.00017969819342326254
779,0.43723759055137634,0.40545907616615295,0.3177850544452667,0.00017963037427818268
780,0.4314049482345581,0.3995983898639679,0.3180656433105469,0.00017956245488817812
781,0.4364376366138458,0.4050760269165039,0.31361621618270874,0.000179494435338751
782,0.4287944436073303,0.39772287011146545,0.3107157349586487,0.00017942631571552973
783,0.462310254573822,0.4293932616710663,0.3291700780391693,0.0001793580961042685
784,0.4198780059814453,0.38956451416015625,0.3031349778175354,0.00017928977659084755
785,0.47226160764694214,0.43805140256881714,0.34210205078125,0.00017922135726127275
786,0.44238853454589844,0.4110698997974396,0.31318631768226624,0.00017915283820167573
787,0.45565730333328247,0.42324116826057434,0.3241614103317261,0.00017908421949831366
788,0.41907480359077454,0.3883591294288635,0.30715662240982056,0.00017901550123756906
789,0.4221173822879791,0.391725093126297,0.3039228618144989,0.00017894668350594981
790,0.4274011254310608,0.39693838357925415,0.30462729930877686,0.00017887776639008914
791,0.4432343542575836,0.41121333837509155,0.32021021842956543,0.00017880874997674515
792,0.45501697063446045,0.4222365915775299,0.32780376076698303,0.00017873963435280121
793,0.44100555777549744,0.4093824326992035,0.3162311911582947,0.00017867041960526535
794,0.4478205442428589,0.4157126247882843,0.32107922434806824,0.0001786011058212706
795,0.4411753714084625,0.4095129370689392,0.3166242241859436,0.00017853169308807448
796,0.4151151180267334,0.3850921392440796,0.3002297282218933,0.0001784621814930592
797,0.42686033248901367,0.39601120352745056,0.30849137902259827,0.00017839257112373132
798,0.4373180866241455,0.40617573261260986,0.3114236295223236,0.00017832286206772186
799,0.42966318130493164,0.3992157578468323,0.30447420477867126,0.00017825305441278598
800,0.41320371627807617,0.383329838514328,0.29873883724212646,0.000178183148246803
801,0.45080387592315674,0.4186454117298126,0.32158464193344116,0.00017811314365777625
802,0.4243808388710022,0.39450156688690186,0.2987928092479706,0.000178043040733833
803,0.438895046710968,0.4075627624988556,0.3133227527141571,0.0001779728395632242
804,0.4173031151294708,0.387464702129364,0.29838424921035767,0.00017790254023432466
805,0.4498063623905182,0.4171963930130005,0.32609960436820984,0.00017783214283563262
806,0.4272315204143524,0.3963250517845154,0.3090646266937256,0.00017776164745576976
807,0.4371703267097473,0.40525832772254944,0.319119930267334,0.00017769105418348122
808,0.4465700387954712,0.41449689865112305,0.32073140144348145,0.00017762036310763532
809,0.41510313749313354,0.38534730672836304,0.29755842685699463,0.00017754957431722346
810,0.4429188668727875,0.4108023941516876,0.3211647570133209,0.0001774786879013601
811,0.42122897505760193,0.3917708694934845,0.29458117485046387,0.0001774077039492826
812,0.4464028775691986,0.41373148560523987,0.326713889837265,0.00017733662255035114
813,0.4303108751773834,0.39872440695762634,0.3158647119998932,0.0001772654437940484
814,0.46379926800727844,0.43008551001548767,0.3371376395225525,0.0001771941677699799
815,0.43192702531814575,0.40117838978767395,0.30748647451400757,0.00017712279456787332
816,0.43897104263305664,0.407656729221344,0.3131431043148041,0.00017705132427757895
817,0.4188017249107361,0.3886568546295166,0.3014485836029053,0.00017697975698906904
818,0.44598954916000366,0.4143466651439667,0.3164287209510803,0.00017690809279243813
819,0.43296173214912415,0.4021141529083252,0.30847567319869995,0.00017683633177790272
820,0.4237925410270691,0.3938278257846832,0.2996470034122467,0.0001767644740358011
821,0.4306006133556366,0.399848997592926,0.30751609802246094,0.0001766925196565935
822,0.42460769414901733,0.3942795395851135,0.3032814562320709,0.00017662046873086163
823,0.42241397500038147,0.39218732714653015,0.30226659774780273,0.00017654832134930882
824,0.43446066975593567,0.40306344628334045,0.3139721751213074,0.00017647607760275987
825,0.43990081548690796,0.4086630642414093,0.3123776316642761,0.00017640373758216077
826,0.4510642886161804,0.4190960228443146,0.31968259811401367,0.0001763313013785788
827,0.4320335388183594,0.4008147716522217,0.31218773126602173,0.00017625876908320236
828,0.4593100845813751,0.42573514580726624,0.33574947714805603,0.00017618614078734069
829,0.41814273595809937,0.3884550631046295,0.29687678813934326,0.00017611341658242395
830,0.4274122416973114,0.3968014121055603,0.3061083257198334,0.0001760405965600031
831,0.4507924020290375,0.4181320369243622,0.3266037404537201,0.00017596768081174963
832,0.42940831184387207,0.398968368768692,0.3043994605541229,0.00017589466942945556
833,0.439238578081131,0.4070906639099121,0.32147905230522156,0.00017582156250503335
834,0.4503409266471863,0.4185123145580292,0.318286269903183,0.00017574836013051562
835,0.4044665992259979,0.37560734152793884,0.28859251737594604,0.0001756750623980553
836,0.42318156361579895,0.3931000232696533,0.30081552267074585,0.00017560166939992528
837,0.4371885061264038,0.40619075298309326,0.30997759103775024,0.00017552818122851838
838,0.45070740580558777,0.41805729269981384,0.32650119066238403,0.0001754545979763472
839,0.4095182716846466,0.3808773159980774,0.286409467458725,0.00017538091973604418
840,0.4153933823108673,0.38572490215301514,0.2966848313808441,0.00017530714660036112
841,0.4352490305900574,0.4045279324054718,0.3072109520435333,0.00017523327866216944
842,0.4394357204437256,0.40863391757011414,0.3080180883407593,0.00017515931601445986
843,0.4455496370792389,0.4140372574329376,0.3151237368583679,0.00017508525875034237
844,0.4302940368652344,0.3989075720310211,0.3138647675514221,0.00017501110696304596
845,0.4461258351802826,0.4143614172935486,0.3176442086696625,0.00017493686074591873
846,0.449466347694397,0.41709646582603455,0.3236987590789795,0.0001748625201924276
847,0.4196685552597046,0.38969793915748596,0.29970625042915344,0.00017478808539615824
848,0.452921986579895,0.42068642377853394,0.3223555386066437,0.00017471355645081498
849,0.4302339553833008,0.39931729435920715,0.30916649103164673,0.00017463893345022067
850,0.42607277631759644,0.3958715796470642,0.3020118176937103,0.00017456421648831655
851,0.43421968817710876,0.4030701518058777,0.31149545311927795,0.00017448940565916222
852,0.4622724652290344,0.4291093051433563,0.3316316306591034,0.0001744145010569353
853,0.42339563369750977,0.3928915560245514,0.3050406873226166,0.00017433950277593162
854,0.4262219965457916,0.3953680396080017,0.30853959918022156,0.0001742644109105648
855,0.42928242683410645,0.3982117772102356,0.31070634722709656,0.00017418922555536637
856,0.44413062930107117,0.4127335250377655,0.31397107243537903,0.0001741139468049855
857,0.4373372793197632,0.40599504113197327,0.3134223222732544,0.00017403857475418896
858,0.42372021079063416,0.39317429065704346,0.3054591715335846,0.000173963109497861
859,0.44836294651031494,0.41627267003059387,0.32090261578559875,0.0001738875511310031
860,0.4195907413959503,0.3897237777709961,0.29866960644721985,0.00017381189974873407
861,0.4497058093547821,0.4165939688682556,0.33111831545829773,0.00017373615544628978
862,0.42038169503211975,0.3901364803314209,0.30245208740234375,0.00017366031831902304
863,0.4092370271682739,0.3794575035572052,0.2977953851222992,0.0001735843884624035
864,0.4336690902709961,0.40247195959091187,0.3119712471961975,0.00017350836597201767
865,0.4320823848247528,0.4008384943008423,0.31243884563446045,0.00017343225094356855
866,0.4554661512374878,0.42294856905937195,0.3251757025718689,0.0001733560434728757
867,0.41880983114242554,0.3889310359954834,0.29878783226013184,0.00017327974365587495
868,0.4184799790382385,0.38902589678764343,0.2945409417152405,0.00017320335158861855
869,0.4443398714065552,0.41255754232406616,0.317823201417923,0.0001731268673672747
870,0.4092169404029846,0.37967053055763245,0.2954641878604889,0.00017305029108812776
871,0.4297513961791992,0.3991377055644989,0.30613696575164795,0.00017297362284757794
872,0.45861557126045227,0.4256758689880371,0.32939714193344116,0.00017289686274214118
873,0.4505826234817505,0.4186222553253174,0.3196036219596863,0.00017282001086844906
874,0.4529227316379547,0.4206050932407379,0.32317641377449036,0.00017274306732324872
875,0.4594488739967346,0.4270087480545044,0.32440122961997986,0.0001726660322034027
876,0.4466123580932617,0.41413503885269165,0.32477304339408875,0.00017258890560588888
877,0.4451407790184021,0.41355228424072266,0.31588488817214966,0.00017251168762780013
878,0.4525819420814514,0.41949525475502014,0.33086681365966797,0.0001724343783663445
879,0.4344208240509033,0.40292301774024963,0.31497815251350403,0.00017235697791884494
880,0.4455302357673645,0.4136142432689667,0.31915992498397827,0.00017227948638273916
881,0.4513409733772278,0.4194684326648712,0.3187253773212433,0.00017220190385557955
882,0.41833755373954773,0.3890429437160492,0.29294607043266296,0.00017212423043503301
883,0.43625974655151367,0.4051283001899719,0.3113144338130951,0.00017204646621888096
884,0.4302181899547577,0.3994750678539276,0.3074312210083008,0.00017196861130501905
885,0.44680148363113403,0.41486674547195435,0.3193472623825073,0.00017189066579145705
886,0.4546625018119812,0.4221053123474121,0.325571745634079,0.0001718126297763189
887,0.426056444644928,0.39530742168426514,0.30749034881591797,0.0001717345033578424
888,0.4354481101036072,0.4045967757701874,0.30851322412490845,0.00017165628663437922
889,0.4444894790649414,0.41250526905059814,0.319842129945755,0.00017157797970439464
890,0.4265386462211609,0.3955423831939697,0.3099626898765564,0.00017149958266646754
891,0.4570014178752899,0.4241616427898407,0.32839784026145935,0.00017142109561929023
892,0.43023741245269775,0.3991315960884094,0.3110582232475281,0.00017134251866166827
893,0.4202728569507599,0.39039915800094604,0.2987370491027832,0.00017126385189252053
894,0.43715932965278625,0.4056788384914398,0.3148050308227539,0.00017118509541087887
895,0.4436761438846588,0.4118137061595917,0.31862443685531616,0.00017110624931588806
896,0.43362289667129517,0.40228205919265747,0.31340843439102173,0.0001710273137068057
897,0.4382714331150055,0.40685465931892395,0.31416764855384827,0.00017094828868300215
898,0.4342309236526489,0.4029439389705658,0.31286999583244324,0.0001708691743439602
899,0.41718897223472595,0.3868511915206909,0.30337777733802795,0.00017078997078927521
900,0.4415835440158844,0.4098051190376282,0.3177841901779175,0.00017071067811865476
901,0.4379584789276123,0.4062567353248596,0.3170175552368164,0.00017063129643191864
902,0.41668182611465454,0.38762834668159485,0.2905347943305969,0.00017055182582899873
903,0.42677581310272217,0.3961435854434967,0.3063223958015442,0.00017047226640993883
904,0.42867979407310486,0.3974805176258087,0.3119926452636719,0.0001703926182748945
905,0.4325694739818573,0.4019618034362793,0.30607667565345764,0.00017031288152413306
906,0.4600401818752289,0.4270147681236267,0.3302542269229889,0.00017023305625803333
907,0.4557352662086487,0.4232594966888428,0.3247576355934143,0.0001701531425770856
908,0.45011553168296814,0.4176507592201233,0.3246477246284485,0.0001700731405818914
909,0.43861445784568787,0.4070450961589813,0.31569358706474304,0.00016999305037316352
910,0.45497462153434753,0.4227609932422638,0.3221362829208374,0.00016991287205172573
911,0.4403962194919586,0.408764511346817,0.31631696224212646,0.0001698326057185128
912,0.45501455664634705,0.4227418303489685,0.3227272033691406,0.00016975225147457026
913,0.4494006633758545,0.416054904460907,0.3334576189517975,0.00016967180942105423
914,0.4155696630477905,0.38649094104766846,0.2907872200012207,0.00016959127965923142
915,0.41365304589271545,0.38408780097961426,0.29565250873565674,0.0001695106622904791
916,0.428344190120697,0.3976978659629822,0.306463360786438,0.0001694299574162846
917,0.4438439607620239,0.412587970495224,0.31255996227264404,0.0001693491651382455
918,0.4276217222213745,0.3971477448940277,0.30473974347114563,0.0001692682855580695
919,0.430170476436615,0.3992898166179657,0.3088065981864929,0.00016918731877757406
920,0.4471716284751892,0.4151296615600586,0.3204197585582733,0.00016910626489868649
921,0.4459150433540344,0.41329267621040344,0.32622379064559937,0.00016902512402344373
922,0.43793028593063354,0.40659260749816895,0.3133767545223236,0.00016894389625399226
923,0.4499396085739136,0.41797247529029846,0.31967148184776306,0.0001688625816925879
924,0.42775845527648926,0.3969498574733734,0.3080858290195465,0.00016878118044159578
925,0.4332027733325958,0.4016854166984558,0.315173476934433,0.00016869969260349018
926,0.433396577835083,0.40235647559165955,0.3104010820388794,0.00016861811828085429
927,0.4445423483848572,0.41256648302078247,0.3197585642337799,0.00016853645757638024
928,0.42788732051849365,0.3971519470214844,0.3073537051677704,0.00016845471059286887
929,0.42880716919898987,0.3982338607311249,0.30573299527168274,0.00016837287743322975
930,0.42178693413734436,0.3914516568183899,0.3033527731895447,0.00016829095820048072
931,0.4303434193134308,0.3994276225566864,0.3091578781604767,0.00016820895299774814
932,0.444898396730423,0.4134949743747711,0.31403425335884094,0.00016812686192826663
933,0.44287019968032837,0.41100791096687317,0.31862297654151917,0.00016804468509537874
934,0.42096593976020813,0.391738623380661,0.29227307438850403,0.00016796242260253512
935,0.45482444763183594,0.42182111740112305,0.33003321290016174,0.0001678800745532942
936,0.42832568287849426,0.39752936363220215,0.30796316266059875,0.0001677976410513221
937,0.42014503479003906,0.39013856649398804,0.3000645339488983,0.00016771512220039255
938,0.42032507061958313,0.39061182737350464,0.29713234305381775,0.00016763251810438678
939,0.4192126393318176,0.3890310823917389,0.30181556940078735,0.00016754982886729318
940,0.4430307149887085,0.4120714068412781,0.3095930814743042,0.00016746705459320745
941,0.43965014815330505,0.40765681862831116,0.31993335485458374,0.0001673841953863323
942,0.44312506914138794,0.41143402457237244,0.31691041588783264,0.00016730125135097735
943,0.4391123652458191,0.40695133805274963,0.32161012291908264,0.00016721822259155902
944,0.45774489641189575,0.4244089424610138,0.33335956931114197,0.0001671351092126004
945,0.464714914560318,0.43105199933052063,0.3366292417049408,0.00016705191131873107
946,0.4122675955295563,0.38269853591918945,0.2956906855106354,0.0001669686290146871
947,0.41198354959487915,0.3828103542327881,0.29173195362091064,0.00016688526240531064
948,0.41073545813560486,0.3815431594848633,0.2919231057167053,0.00016680181159555013
949,0.4405823051929474,0.4088340103626251,0.31748297810554504,0.00016671827669045998
950,0.44186171889305115,0.41006460785865784,0.3179711401462555,0.0001666346577952004
951,0.42208531498908997,0.3923059105873108,0.2977939546108246,0.00016655095501503738
952,0.4259553849697113,0.3947424292564392,0.3121294379234314,0.0001664671684553426
953,0.45175647735595703,0.4194257855415344,0.3233069181442261,0.00016638329822159296
954,0.4328344762325287,0.4021543264389038,0.3068014681339264,0.00016629934441937097
955,0.4378436207771301,0.40645933151245117,0.3138429522514343,0.00016621530715436414
956,0.4365543723106384,0.40535101294517517,0.31203365325927734,0.00016613118653236518
957,0.4064284563064575,0.37754663825035095,0.28881803154945374,0.00016604698265927173
958,0.4378676116466522,0.4067148268222809,0.3115277886390686,0.0001659626956410861
959,0.43456780910491943,0.40379226207733154,0.30775561928749084,0.0001658783255839154
960,0.4107014834880829,0.3816623389720917,0.2903914451599121,0.00016579387259397127
961,0.41591405868530273,0.3860298693180084,0.29884201288223267,0.00016570933677756967
962,0.4221208691596985,0.3919749855995178,0.3014589548110962,0.00016562471824113092
963,0.4131874740123749,0.3836658298969269,0.2952163517475128,0.0001655400170911794
964,0.44550010561943054,0.41370251774787903,0.3179759383201599,0.00016545523343434356
965,0.439964234828949,0.40876808762550354,0.3119615614414215,0.00016537036737735564
966,0.43985044956207275,0.40876203775405884,0.3108839690685272,0.00016528541902705162
967,0.44707798957824707,0.4149250090122223,0.32152971625328064,0.00016520038849037117
968,0.4068078100681305,0.37752556800842285,0.29282230138778687,0.00016511527587435737
969,0.4226681888103485,0.3923666477203369,0.30301544070243835,0.00016503008128615655
970,0.4250051975250244,0.39380261301994324,0.31202590465545654,0.00016494480483301836
971,0.443806916475296,0.41213321685791016,0.3167368769645691,0.00016485944662229546
972,0.46526798605918884,0.4315962791442871,0.3367171287536621,0.00016477400676144334
973,0.4541361331939697,0.42171210050582886,0.3242403268814087,0.00016468848535802045
974,0.4344319701194763,0.4033609926700592,0.31070974469184875,0.00016460288251968775
975,0.4205612242221832,0.39015430212020874,0.3040693402290344,0.00016451719835420877
976,0.46144190430641174,0.4285106956958771,0.32931220531463623,0.00016443143296944945
977,0.4255596697330475,0.39500823616981506,0.30551421642303467,0.0001643455864733779
978,0.42622870206832886,0.39518728852272034,0.31041425466537476,0.0001642596589740644
979,0.4322819709777832,0.40167903900146484,0.3060293197631836,0.00016417365057968123
980,0.42616796493530273,0.3956092596054077,0.3055870234966278,0.0001640875613985024
981,0.42835524678230286,0.39781439304351807,0.3054085969924927,0.00016400139153890375
982,0.4322322905063629,0.4016381800174713,0.30594104528427124,0.00016391514110936255
983,0.40886956453323364,0.379938006401062,0.28931552171707153,0.00016382881021845762
984,0.4187709093093872,0.3887485861778259,0.3002232313156128,0.000163742398974869
985,0.417816698551178,0.3879855275154114,0.29831168055534363,0.00016365590748737788
986,0.4306418299674988,0.4000190496444702,0.3062276840209961,0.00016356933586486648
987,0.43419477343559265,0.40300118923187256,0.3119359612464905,0.00016348268421631797
988,0.4313781261444092,0.40081796050071716,0.30560165643692017,0.0001633959526508162
989,0.433369904756546,0.402034193277359,0.3133571445941925,0.00016330914127754553
990,0.4208606779575348,0.39096125960350037,0.2989940941333771,0.00016322225020579099
991,0.433373361825943,0.40260615944862366,0.30767205357551575,0.00016313527954493778
992,0.4207151234149933,0.39084944128990173,0.2986568808555603,0.00016304822940447139
993,0.45122796297073364,0.41916242241859436,0.32065549492836,0.0001629610998939773
994,0.42558106780052185,0.3943738043308258,0.31207260489463806,0.00016287389112314092
995,0.4369876980781555,0.4053685665130615,0.31619125604629517,0.00016278660320174747
996,0.4215570390224457,0.3915322721004486,0.3002477288246155,0.0001626992362396818
997,0.43982163071632385,0.4082132875919342,0.31608349084854126,0.00016261179034692826
998,0.4082629382610321,0.3792863190174103,0.28976622223854065,0.00016252426563357052
999,0.441784143447876,0.4095778465270996,0.32206296920776367,0.00016243666220979157
1000,0.4289005398750305,0.39781633019447327,0.31084203720092773,0.00016234898018587337
1001,0.4219645857810974,0.3913770616054535,0.3058752417564392,0.0001622612196721969
1002,0.4586184322834015,0.42530718445777893,0.333112508058548,0.000162173380779242
1003,0.4314073920249939,0.4005790948867798,0.30828309059143066,0.00016208546361758707
1004,0.4198388457298279,0.3896404206752777,0.3019842207431793,0.00016199746829790906
1005,0.44714877009391785,0.41548821330070496,0.31660565733909607,0.00016190939493098344
1006,0.42024990916252136,0.38991591334342957,0.3033398389816284,0.00016182124362768368
1007,0.45785602927207947,0.42513567209243774,0.32720351219177246,0.00016173301449898166
1008,0.42190054059028625,0.39177194237709045,0.30128586292266846,0.00016164470765594698
1009,0.4212765693664551,0.39095503091812134,0.30321547389030457,0.00016155632320974728
1010,0.41691046953201294,0.38707584142684937,0.29834628105163574,0.00016146786127164771
1011,0.4399418234825134,0.4081966280937195,0.31745192408561707,0.00016137932195301114
1012,0.42172062397003174,0.39139825105667114,0.303223580121994,0.00016129070536529766
1013,0.4410786032676697,0.40928658843040466,0.31792011857032776,0.00016120201162006482
1014,0.44727569818496704,0.41513240337371826,0.321432888507843,0.0001611132408289672
1015,0.4605023264884949,0.42761701345443726,0.32885298132896423,0.00016102439310375637
1016,0.4236568510532379,0.39308303594589233,0.3057381212711334,0.00016093546855628084
1017,0.4283483326435089,0.3981623649597168,0.30185964703559875,0.00016084646729848568
1018,0.4673314690589905,0.4340989291667938,0.33232542872428894,0.00016075738944241268
1019,0.4329923093318939,0.4019208252429962,0.3107147812843323,0.00016066823510019998
1020,0.45858943462371826,0.42546868324279785,0.3312074542045593,0.000160579004384082
1021,0.44369232654571533,0.412232905626297,0.3145940601825714,0.00016048969740638933
1022,0.44455865025520325,0.41279137134552,0.3176727592945099,0.00016040031427954853
1023,0.4334659278392792,0.401345819234848,0.32120099663734436,0.00016031085511608213
1024,0.441214382648468,0.4096221923828125,0.3159220516681671,0.00016022132002860824
1025,0.41484972834587097,0.38583454489707947,0.2901518940925598,0.00016013170912984058
1026,0.4394212067127228,0.4081227481365204,0.3129846751689911,0.00016004202253258842
1027,0.44987753033638,0.41818439960479736,0.31693118810653687,0.00015995226034975617
1028,0.43110546469688416,0.4000595510005951,0.3104592561721802,0.00015986242269434354
1029,0.4256204068660736,0.39519354701042175,0.30426862835884094,0.00015977250967944508
1030,0.449175089597702,0.417196124792099,0.3197895586490631,0.00015968252141825037
1031,0.4151231348514557,0.3854782283306122,0.29644912481307983,0.00015959245802404365
1032,0.41000375151634216,0.380776971578598,0.29226768016815186,0.00015950231961020373
1033,0.43514108657836914,0.4039808213710785,0.31160274147987366,0.00015941210629020388
1034,0.42384544014930725,0.3937683701515198,0.30077067017555237,0.00015932181817761163
1035,0.4350278377532959,0.4038841724395752,0.3114367127418518,0.00015923145538608875
1036,0.44281643629074097,0.41179803013801575,0.3101840317249298,0.0001591410180293909
1037,0.43320706486701965,0.40217143297195435,0.3103562295436859,0.00015905050622136777
1038,0.45281973481178284,0.4202674627304077,0.32552284002304077,0.0001589599200759626
1039,0.4324799180030823,0.4014926552772522,0.30987247824668884,0.00015886925970721235
1040,0.41077014803886414,0.38167938590049744,0.29090750217437744,0.00015877852522924732
1041,0.43562832474708557,0.4046347439289093,0.30993571877479553,0.00015868771675629114
1042,0.4370832145214081,0.4058801233768463,0.31203100085258484,0.00015859683440266068
1043,0.43364807963371277,0.4027085602283478,0.3093951642513275,0.00015850587828276564
1044,0.4274267256259918,0.3969811499118805,0.30445581674575806,0.0001584148485111087
1045,0.45595240592956543,0.4229964315891266,0.3295596241950989,0.00015832374520228525
1046,0.4268428683280945,0.3955841064453125,0.3125876784324646,0.00015823256847098324
1047,0.4113505482673645,0.38237592577934265,0.2897462546825409,0.00015814131843198308
1048,0.4472447633743286,0.41530853509902954,0.3193623125553131,0.00015804999520015734
1049,0.42021048069000244,0.39011815190315247,0.30092334747314453,0.00015795859889047091
1050,0.4330582916736603,0.401809424161911,0.3124885559082031,0.0001578671296179806
1051,0.44741201400756836,0.4153466820716858,0.3206533193588257,0.000157775587497835
1052,0.44616514444351196,0.4138585925102234,0.32306548953056335,0.00015768397264527448
1053,0.446542888879776,0.41472136974334717,0.3182152509689331,0.00015759228517563099
1054,0.43825557827949524,0.40696895122528076,0.31286633014678955,0.00015750052520432787
1055,0.41224512457847595,0.3830518424510956,0.29193273186683655,0.0001574086928468797
1056,0.43540158867836,0.40372419357299805,0.3167739510536194,0.00015731678821889224
1057,0.40453454852104187,0.3758222460746765,0.28712305426597595,0.0001572248114360622
1058,0.42955559492111206,0.398980051279068,0.30575528740882874,0.00015713276261417706
1059,0.45510485768318176,0.4228229224681854,0.32281938195228577,0.00015704064186911518
1060,0.435269296169281,0.40350931882858276,0.31759965419769287,0.0001569484493168452
1061,0.4286823570728302,0.3980881869792938,0.30594173073768616,0.0001568561850734264
1062,0.440828800201416,0.40940168499946594,0.31427109241485596,0.00015676384925500814
1063,0.4321630299091339,0.4007427990436554,0.31420227885246277,0.00015667144197783
1064,0.43606147170066833,0.40513870120048523,0.3092276155948639,0.00015657896335822147
1065,0.4687213599681854,0.4352265000343323,0.33494868874549866,0.00015648641351260177
1066,0.4520266354084015,0.4194295406341553,0.325970858335495,0.00015639379255747994
1067,0.4243040978908539,0.39376652240753174,0.3053758144378662,0.0001563011006094544
1068,0.44849565625190735,0.41646039485931396,0.3203526735305786,0.00015620833778521307
1069,0.4144648611545563,0.3854217529296875,0.2904311418533325,0.00015611550420153297
1070,0.41463184356689453,0.38473325967788696,0.29898589849472046,0.00015602259997528028
1071,0.43369337916374207,0.4026230275630951,0.3107033967971802,0.0001559296252234101
1072,0.4275468587875366,0.39702191948890686,0.30524933338165283,0.00015583658006296624
1073,0.4223056435585022,0.39248549938201904,0.2982012927532196,0.0001557434646110813
1074,0.43823617696762085,0.4066210985183716,0.3161509335041046,0.00015565027898497617
1075,0.435184121131897,0.4042116701602936,0.3097245693206787,0.00015555702330196023
1076,0.43226638436317444,0.4018528461456299,0.3041353225708008,0.00015546369767943102
1077,0.41340017318725586,0.3839602470397949,0.29439935088157654,0.0001553703022348741
1078,0.42729121446609497,0.3960557281970978,0.31235483288764954,0.0001552768370858629
1079,0.45367929339408875,0.421051025390625,0.3262827694416046,0.00015518330235005868
1080,0.4660794138908386,0.4321417212486267,0.3393767774105072,0.00015508969814521025
1081,0.4505177438259125,0.4177176356315613,0.3280010223388672,0.0001549960245891539
1082,0.449102520942688,0.41713616251945496,0.3196637034416199,0.0001549022817998132
1083,0.42418867349624634,0.3942025899887085,0.2998608648777008,0.00015480846989519885
1084,0.4337294101715088,0.4026571214199066,0.3107227683067322,0.0001547145889934086
1085,0.42893311381340027,0.39782941341400146,0.31103694438934326,0.0001546206392126271
1086,0.42036622762680054,0.3904196321964264,0.2994660437107086,0.0001545266206711256
1087,0.46467190980911255,0.4314591586589813,0.33212754130363464,0.00015443253348726202
1088,0.45435085892677307,0.4213191866874695,0.3303167223930359,0.0001543383777794806
1089,0.40923115611076355,0.3794795870780945,0.29751577973365784,0.00015424415366631188
1090,0.45175328850746155,0.4197089970111847,0.320442795753479,0.00015414986126637258
1091,0.45154887437820435,0.41931283473968506,0.32236024737358093,0.00015405550069836528
1092,0.4374568462371826,0.4054815173149109,0.31975337862968445,0.00015396107208107845
1093,0.44231271743774414,0.4105473756790161,0.31765326857566833,0.0001538665755333862
1094,0.4328855276107788,0.4019812047481537,0.30904319882392883,0.00015377201117424812
1095,0.41733479499816895,0.38706645369529724,0.30268335342407227,0.0001536773791227092
1096,0.44643163681030273,0.41397014260292053,0.3246150016784668,0.00015358267949789966
1097,0.4569796621799469,0.4243204593658447,0.3265920877456665,0.0001534879124190348
1098,0.39762333035469055,0.36923667788505554,0.2838664948940277,0.00015339307800541475
1099,0.4512646794319153,0.41924041509628296,0.3202425241470337,0.00015329817637642454
1100,0.43124449253082275,0.40087175369262695,0.30372726917266846,0.00015320320765153367
1101,0.4045720100402832,0.37610045075416565,0.28471556305885315,0.0001531081719502962
1102,0.42202264070510864,0.3921167254447937,0.2990592122077942,0.00015301306939235053
1103,0.42182859778404236,0.39173710346221924,0.3009149730205536,0.00015291790009741907
1104,0.42091313004493713,0.391222208738327,0.2969093322753906,0.00015282266418530847
1105,0.43719029426574707,0.4055478274822235,0.31642478704452515,0.000152727361775909
1106,0.46791285276412964,0.4343282878398895,0.33584558963775635,0.00015263199298919488
1107,0.4540187120437622,0.4218824505805969,0.3213624656200409,0.00015253655794522368
1108,0.4560943841934204,0.42311832308769226,0.32976076006889343,0.0001524410567641366
1109,0.4181603491306305,0.3887200951576233,0.29440250992774963,0.00015234548956615784
1110,0.41769951581954956,0.3880421221256256,0.29657384753227234,0.0001522498564715949
1111,0.4214742183685303,0.39101895689964294,0.30455270409584045,0.0001521541576008382
1112,0.4069766402244568,0.3784481883049011,0.2852843999862671,0.00015205839307436088
1113,0.4517183303833008,0.4191605746746063,0.32557758688926697,0.00015196256301271884
1114,0.4337766468524933,0.40324416756629944,0.30532482266426086,0.0001518666675365504
1115,0.4663834571838379,0.43282148241996765,0.33561965823173523,0.00015177070676657633
1116,0.4225962162017822,0.3922381103038788,0.3035811185836792,0.00015167468082359945
1117,0.4262610673904419,0.39546334743499756,0.30797725915908813,0.00015157858982850475
1118,0.44113513827323914,0.40899959206581116,0.32135534286499023,0.00015148243390225908
1119,0.42048653960227966,0.39081838726997375,0.2966814637184143,0.00015138621316591094
1120,0.42126789689064026,0.3911018967628479,0.3016599118709564,0.00015128992774059063
1121,0.42401185631752014,0.39436495304107666,0.29646915197372437,0.00015119357774750965
1122,0.43725982308387756,0.406518816947937,0.3074100613594055,0.0001510971633079609
1123,0.41926872730255127,0.3893830180168152,0.2988572418689728,0.00015100068454331836
1124,0.42785272002220154,0.3974715769290924,0.3038114607334137,0.00015090414157503714
1125,0.40816670656204224,0.3792775571346283,0.28889137506484985,0.00015080753452465296
1126,0.4551037847995758,0.42306867241859436,0.3203510642051697,0.00015071086351378231
1127,0.4404416084289551,0.4085969924926758,0.3184460699558258,0.00015061412866412225
1128,0.4381048083305359,0.4066809117794037,0.3142390847206116,0.00015051733009745013
1129,0.43613603711128235,0.40501827001571655,0.31117773056030273,0.00015042046793562348
1130,0.47991201281547546,0.4454599618911743,0.3445203900337219,0.00015032354230058004
1131,0.4352260231971741,0.40414515137672424,0.3108087480068207,0.00015022655331433727
1132,0.4129292368888855,0.38316917419433594,0.29760071635246277,0.0001501295010989925
1133,0.43624961376190186,0.40536147356033325,0.30888131260871887,0.00015003238577672266
1134,0.43933698534965515,0.40829288959503174,0.3104408383369446,0.00014993520746978405
1135,0.4083843231201172,0.3796398937702179,0.28744441270828247,0.0001498379663005123
1136,0.4699350595474243,0.4359201490879059,0.3401491045951843,0.0001497406623913222
1137,0.4206258952617645,0.390337198972702,0.302886962890625,0.00014964329586470752
1138,0.4443143904209137,0.41224735975265503,0.3206701874732971,0.00014954586684324078
1139,0.42386770248413086,0.3937108516693115,0.30156847834587097,0.00014944837544957323
1140,0.44172507524490356,0.4097684621810913,0.31956619024276733,0.0001493508218064347
1141,0.42659321427345276,0.3963925540447235,0.3020065426826477,0.00014925320603663327
1142,0.4444858431816101,0.41282588243484497,0.31659960746765137,0.00014915552826305533
1143,0.4349822998046875,0.40466877818107605,0.3031352460384369,0.0001490577886086652
1144,0.4316650331020355,0.4011728763580322,0.3049214780330658,0.00014895998719650526
1145,0.42132607102394104,0.39128023386001587,0.30045825242996216,0.00014886212414969553
1146,0.44834205508232117,0.4165270924568176,0.3181495666503906,0.0001487641995914336
1147,0.42343154549598694,0.3933074474334717,0.30124104022979736,0.0001486662136449946
1148,0.4346083998680115,0.40268632769584656,0.31922078132629395,0.00014856816643373083
1149,0.42174017429351807,0.391824334859848,0.29915851354599,0.00014847005808107185
1150,0.41600051522254944,0.38651159405708313,0.29488909244537354,0.000148371888710524
1151,0.42311158776283264,0.39310789108276367,0.3000369668006897,0.0001482736584456706
1152,0.43437448143959045,0.40271618962287903,0.31658288836479187,0.00014817536741017152
1153,0.44799500703811646,0.4153641164302826,0.32630881667137146,0.00014807701572776323
1154,0.4495697617530823,0.41732826828956604,0.32241499423980713,0.00014797860352225853
1155,0.42787715792655945,0.39761248230934143,0.3026466965675354,0.00014788013091754628
1156,0.4260651171207428,0.3958839774131775,0.3018113076686859,0.00014778159803759158
1157,0.42526817321777344,0.3944961726665497,0.30771997570991516,0.00014768300500643517
1158,0.41729211807250977,0.38777869939804077,0.29513412714004517,0.00014758435194819376
1159,0.43809381127357483,0.4062559902667999,0.3183782994747162,0.00014748563898705946
1160,0.4418598711490631,0.4104848802089691,0.31374990940093994,0.00014738686624729986
1161,0.4353491961956024,0.404308944940567,0.310402512550354,0.00014728803385325782
1162,0.44271209836006165,0.41122305393218994,0.3148903250694275,0.0001471891419293512
1163,0.44131824374198914,0.40987128019332886,0.31446966528892517,0.00014709019060007286
1164,0.41413867473602295,0.38439449667930603,0.29744184017181396,0.00014699117998999054
1165,0.439237505197525,0.4079571068286896,0.3128039836883545,0.00014689211022374645
1166,0.42613133788108826,0.39592668414115906,0.30204644799232483,0.00014679298142605734
1167,0.43940985202789307,0.4074731469154358,0.319366991519928,0.0001466937937217143
1168,0.43438592553138733,0.4036361873149872,0.3074973523616791,0.00014659454723558248
1169,0.4389696717262268,0.40784281492233276,0.31126853823661804,0.00014649524209260116
1170,0.4332559406757355,0.4022270441055298,0.3102889657020569,0.00014639587841778343
1171,0.4348032474517822,0.4041231572628021,0.30680087208747864,0.0001462964563362159
1172,0.44722580909729004,0.41523322463035583,0.3199257254600525,0.00014619697597305898
1173,0.44901758432388306,0.4160861372947693,0.3293144404888153,0.00014609743745354624
1174,0.4521405100822449,0.41986921429634094,0.3227129578590393,0.0001459978409029845
1175,0.44396889209747314,0.41249093413352966,0.31477969884872437,0.00014589818644675378
1176,0.43071869015693665,0.39996176958084106,0.3075692057609558,0.00014579847421030678
1177,0.4276059865951538,0.39727330207824707,0.303326815366745,0.00014569870431916903
1178,0.4491833448410034,0.417532742023468,0.31650596857070923,0.0001455988768989387
1179,0.4292945861816406,0.3985295593738556,0.3076503872871399,0.00014549899207528632
1180,0.42235901951789856,0.39204081892967224,0.303181916475296,0.00014539904997395468
1181,0.45323866605758667,0.42093780636787415,0.32300862669944763,0.00014529905072075872
1182,0.4108548164367676,0.38158726692199707,0.29267558455467224,0.00014519899444158526
1183,0.450997918844223,0.41843679547309875,0.32561129331588745,0.00014509888126239297
1184,0.4277009069919586,0.3971055746078491,0.30595338344573975,0.00014499871130921213
1185,0.44737014174461365,0.4148269593715668,0.3254319429397583,0.00014489848470814447
1186,0.4278721809387207,0.39710405468940735,0.3076814115047455,0.00014479820158536306
1187,0.4360703229904175,0.404867947101593,0.3120236098766327,0.00014469786206711214
1188,0.46402257680892944,0.4311944544315338,0.32828113436698914,0.00014459746627970685
1189,0.42637622356414795,0.3953353464603424,0.31040889024734497,0.0001444970143495333
1190,0.4362242817878723,0.4047650992870331,0.31459173560142517,0.00014439650640304822
1191,0.4468148350715637,0.4152897000312805,0.3152514100074768,0.00014429594256677882
1192,0.45473384857177734,0.4223712086677551,0.32362625002861023,0.0001441953229673227
1193,0.41860681772232056,0.3888314962387085,0.29775333404541016,0.00014409464773134764
1194,0.41394689679145813,0.3846583068370819,0.29288598895072937,0.00014399391698559152
1195,0.44020137190818787,0.40894779562950134,0.31253576278686523,0.00014389313085686205
1196,0.41971293091773987,0.38931548595428467,0.30397433042526245,0.00014379228947203665
1197,0.4366423487663269,0.4054830074310303,0.3115934431552887,0.0001436913929580623
1198,0.426087886095047,0.39580121636390686,0.30286672711372375,0.00014359044144195547
1199,0.44016796350479126,0.40925052762031555,0.3091743290424347,0.00014348943505080173
1200,0.4356509745121002,0.4042613208293915,0.3138965964317322,0.00014338837391175582
1201,0.4292551279067993,0.398379385471344,0.30875739455223083,0.00014328725815204144
1202,0.44541218876838684,0.4135820269584656,0.31830161809921265,0.00014318608789895088
1203,0.4331568479537964,0.4023340046405792,0.30822837352752686,0.00014308486327984523
1204,0.43595385551452637,0.4047362804412842,0.3121758997440338,0.00014298358442215388
1205,0.4225805997848511,0.39251241087913513,0.30068203806877136,0.00014288225145337466
1206,0.4331822693347931,0.4021223187446594,0.3105993866920471,0.0001427808645010733
1207,0.4390616714954376,0.4074222445487976,0.31639426946640015,0.00014267942369288364
1208,0.4365450441837311,0.4057518243789673,0.3079322278499603,0.00014257792915650728
1209,0.4188794791698456,0.3889923691749573,0.2988711893558502,0.00014247638101971344
1210,0.4442301392555237,0.41299664974212646,0.3123348355293274,0.00014237477941033888
1211,0.43384987115859985,0.40328076481819153,0.30569109320640564,0.00014227312445628759
1212,0.4462219178676605,0.414309561252594,0.3191235065460205,0.00014217141628553078
1213,0.41940242052078247,0.3892422616481781,0.3016015589237213,0.00014206965502610655
1214,0.43550223112106323,0.4045429825782776,0.3095925748348236,0.00014196784080612002
1215,0.4426494538784027,0.41135090589523315,0.3129855692386627,0.0001418659737537428
1216,0.42979055643081665,0.3991803228855133,0.3061022162437439,0.00014176405399721312
1217,0.4394007921218872,0.40838930010795593,0.3101150095462799,0.00014166208166483548
1218,0.4495321810245514,0.41778865456581116,0.3174351453781128,0.00014156005688498063
1219,0.43129831552505493,0.4000350534915924,0.3126327097415924,0.00014145797978608527
1220,0.45414361357688904,0.42162397503852844,0.32519641518592834,0.00014135585049665207
1221,0.414387047290802,0.3849736154079437,0.2941341698169708,0.00014125366914524934
1222,0.46209797263145447,0.42873692512512207,0.3336104452610016,0.00014115143586051088
1223,0.43033522367477417,0.3992636799812317,0.31071528792381287,0.000141049150771136
1224,0.41382232308387756,0.3841266632080078,0.29695650935173035,0.00014094681400588906
1225,0.4502575397491455,0.41804325580596924,0.3221428096294403,0.00014084442569359964
1226,0.425415575504303,0.3945227861404419,0.3089278042316437,0.00014074198596316205
1227,0.43095800280570984,0.40086689591407776,0.30091094970703125,0.0001406394949435355
1228,0.4462715685367584,0.4136972725391388,0.32574301958084106,0.0001405369527637436
1229,0.44127583503723145,0.40970978140830994,0.31566062569618225,0.00014043435955287452
1230,0.41622263193130493,0.38654598593711853,0.2967663109302521,0.00014033171544008052
1231,0.43040722608566284,0.400012731552124,0.30394500494003296,0.00014022902055457802
1232,0.40513306856155396,0.3760339319705963,0.29099133610725403,0.00014012627502564743
1233,0.4309001863002777,0.4000638723373413,0.3083631098270416,0.00014002347898263274
1234,0.43672701716423035,0.40501832962036133,0.317086786031723,0.0001399206325549417
1235,0.4473901093006134,0.4149230718612671,0.3246702551841736,0.00013981773587204535
1236,0.4203399121761322,0.3903340697288513,0.3000584542751312,0.00013971478906347806
1237,0.44015318155288696,0.40913814306259155,0.31015053391456604,0.00013961179225883735
1238,0.4389004111289978,0.40803655982017517,0.3086385130882263,0.00013950874558778362
1239,0.45952340960502625,0.4269874095916748,0.325359970331192,0.00013940564918004004
1240,0.4220100939273834,0.39230790734291077,0.29702186584472656,0.00013930250316539238
1241,0.421907901763916,0.39213401079177856,0.2977389097213745,0.00013919930767368891
1242,0.46092596650123596,0.42847710847854614,0.3244885802268982,0.00013909606283484018
1243,0.4313553273677826,0.4007858633995056,0.305694580078125,0.00013899276877881884
1244,0.4273134768009186,0.3971741199493408,0.3013935089111328,0.0001388894256356595
1245,0.41605913639068604,0.3868263065814972,0.29232820868492126,0.00013878603353545854
1246,0.4233658015727997,0.3928734064102173,0.3049238920211792,0.00013868259260837402
1247,0.4528959393501282,0.4204055368900299,0.3249041736125946,0.00013857910298462544
1248,0.4422592222690582,0.4108707904815674,0.3138842284679413,0.0001384755647944936
1249,0.4724125862121582,0.43870046734809875,0.33712121844291687,0.0001383719781683205
1250,0.41273000836372375,0.3834359347820282,0.29294082522392273,0.000138268343236509
1251,0.4335070848464966,0.40191197395324707,0.3159511685371399,0.00013816466012952285
1252,0.44408872723579407,0.4124694764614105,0.3161924183368683,0.00013806092897788644
1253,0.43686816096305847,0.4055212438106537,0.3134690523147583,0.00013795714991218463
1254,0.4346219301223755,0.40397483110427856,0.3064711391925812,0.00013785332306306259
1255,0.46280550956726074,0.42967846989631653,0.3312705159187317,0.00013774944856122568
1256,0.4335159659385681,0.40274491906166077,0.30771034955978394,0.0001376455265374392
1257,0.4337520897388458,0.40330764651298523,0.30444446206092834,0.00013754155712252832
1258,0.43421557545661926,0.4034796357154846,0.3073592782020569,0.00013743754044737781
1259,0.4288121461868286,0.3985840082168579,0.30228137969970703,0.000137333476642932
1260,0.4377153813838959,0.40635785460472107,0.3135753273963928,0.00013722936584019453
1261,0.42677590250968933,0.3962332308292389,0.30542659759521484,0.00013712520817022817
1262,0.43284207582473755,0.40152835845947266,0.31313711404800415,0.00013702100376415473
1263,0.42870599031448364,0.3985491096973419,0.3015689253807068,0.00013691675275315484
1264,0.4261055290699005,0.39604461193084717,0.3006092309951782,0.00013681245526846783
1265,0.45168212056159973,0.41974276304244995,0.3193935751914978,0.00013670811144139144
1266,0.45994699001312256,0.42700374126434326,0.32943251729011536,0.00013660372140328187
1267,0.4490594267845154,0.41683506965637207,0.3222435712814331,0.00013649928528555342
1268,0.439333975315094,0.4079364240169525,0.31397563219070435,0.00013639480321967845
1269,0.4604717791080475,0.4278621971607208,0.3260957896709442,0.0001362902753371871
1270,0.4279433786869049,0.3969372510910034,0.3100612163543701,0.00013618570176966724
1271,0.4199884831905365,0.39010944962501526,0.29879030585289,0.0001360810826487642
1272,0.44643890857696533,0.41440826654434204,0.3203065097332001,0.00013597641810618073
1273,0.4222129285335541,0.39214009046554565,0.3007282614707947,0.00013587170827367663
1274,0.44180911779403687,0.4096645712852478,0.3214454650878906,0.00013576695328306894
1275,0.442814439535141,0.41158944368362427,0.3122499883174896,0.0001356621532662313
1276,0.43196070194244385,0.4017539322376251,0.3020676374435425,0.0001355573083550942
1277,0.4181695878505707,0.3881196975708008,0.3004988133907318,0.00013545241868164457
1278,0.42483997344970703,0.3945489227771759,0.30291056632995605,0.00013534748437792573
1279,0.4475975036621094,0.4158346951007843,0.3176281750202179,0.00013524250557603713
1280,0.4661777913570404,0.432746559381485,0.33431240916252136,0.0001351374824081343
1281,0.4340304136276245,0.4031273126602173,0.3090309798717499,0.00013503241500642855
1282,0.4474528729915619,0.415383517742157,0.3206934332847595,0.00013492730350318696
1283,0.42623597383499146,0.3962953984737396,0.2994057536125183,0.00013482214803073209
1284,0.3924657106399536,0.36477071046829224,0.27695000171661377,0.00013471694872144188
1285,0.44579005241394043,0.41398561000823975,0.31804442405700684,0.0001346117057077493
1286,0.4283888339996338,0.3975849747657776,0.30803874135017395,0.00013450641912214262
1287,0.4336172342300415,0.4030126929283142,0.3060453534126282,0.00013440108909716468
1288,0.43315672874450684,0.4025530517101288,0.3060368299484253,0.00013429571576541315
1289,0.4231637716293335,0.39266401529312134,0.30499744415283203,0.00013419029925954029
1290,0.4579620361328125,0.42556825280189514,0.32393792271614075,0.0001340848397122525
1291,0.4388634264469147,0.40774184465408325,0.311215877532959,0.00013397933725631055
1292,0.4287152886390686,0.39836227893829346,0.3035299479961395,0.00013387379202452917
1293,0.4363669753074646,0.40534064173698425,0.31026318669319153,0.00013376820414977685
1294,0.4353944957256317,0.40421414375305176,0.31180351972579956,0.0001336625737649759
1295,0.43624359369277954,0.4050886332988739,0.31154975295066833,0.00013355690100310213
1296,0.4421314299106598,0.4105808138847351,0.3155061602592468,0.00013345118599718457
1297,0.45535755157470703,0.4226419925689697,0.32715559005737305,0.00013334542888030553
1298,0.4501149654388428,0.4174049198627472,0.3271004259586334,0.00013323962978560033
1299,0.4134238362312317,0.3841857612133026,0.2923806607723236,0.0001331337888462571
1300,0.42068028450012207,0.39098846912384033,0.2969180941581726,0.00013302790619551674
1301,0.43341201543807983,0.40285634994506836,0.3055565059185028,0.00013292198196667248
1302,0.43311697244644165,0.4026959240436554,0.30421051383018494,0.00013281601629307007
1303,0.4524935781955719,0.4201127886772156,0.32380780577659607,0.00013271000930810737
1304,0.41858750581741333,0.3888261020183563,0.29761409759521484,0.0001326039611452342
1305,0.44104692339897156,0.409393310546875,0.3165360391139984,0.00013249787193795226
1306,0.42516523599624634,0.3946768343448639,0.30488407611846924,0.00013239174181981495
1307,0.42605605721473694,0.3952638506889343,0.3079219460487366,0.00013228557092442712
1308,0.45429590344429016,0.4223187267780304,0.3197716474533081,0.00013217935938544497
1309,0.4337250888347626,0.402273952960968,0.31451141834259033,0.00013207310733657585
1310,0.4522222876548767,0.42029449343681335,0.3192778527736664,0.00013196681491157818
1311,0.45341381430625916,0.4212293326854706,0.32184481620788574,0.00013186048224426107
1312,0.4516730308532715,0.41983696818351746,0.31836068630218506,0.00013175410946848445
1313,0.4457571804523468,0.4142017960548401,0.3155539333820343,0.00013164769671815862
1314,0.44013503193855286,0.40797632932662964,0.32158705592155457,0.0001315412441272443
1315,0.4170578122138977,0.38720056414604187,0.2985723316669464,0.00013143475182975222
1316,0.4273979067802429,0.39699092507362366,0.3040699362754822,0.00013132821995974326
1317,0.4412294030189514,0.4099923074245453,0.3123711049556732,0.00013122164865132807
1318,0.4507231116294861,0.4188098609447479,0.31913265585899353,0.00013111503803866684
1319,0.4209314286708832,0.39058437943458557,0.3034706115722656,0.0001310083882559694
1320,0.4309309124946594,0.39991798996925354,0.3101293742656708,0.00013090169943749476
1321,0.43218323588371277,0.4012529253959656,0.3093031048774719,0.00013079497171755112
1322,0.4530448615550995,0.42104819416999817,0.31996673345565796,0.00013068820523049572
1323,0.4393274188041687,0.4080081880092621,0.3131923973560333,0.00013058140011073448
1324,0.3969164490699768,0.36854031682014465,0.28376123309135437,0.00013047455649272207
1325,0.4273132085800171,0.396595299243927,0.3071790337562561,0.00013036767451096148
1326,0.4385708272457123,0.40659308433532715,0.31977754831314087,0.00013026075430000417
1327,0.46243536472320557,0.4293805956840515,0.33054760098457336,0.00013015379599444957
1328,0.42628663778305054,0.3954371213912964,0.30849507451057434,0.0001300467997289452
1329,0.4315137565135956,0.39995434880256653,0.3155941665172577,0.00012993976563818626
1330,0.4495086073875427,0.41746512055397034,0.3204348087310791,0.0001298326938569156
1331,0.42839115858078003,0.3981626033782959,0.3022855222225189,0.00012972558451992362
1332,0.4584096670150757,0.4256589114665985,0.3275076448917389,0.00012961843776204777
1333,0.4334030747413635,0.4025503993034363,0.308526873588562,0.00012951125371817281
1334,0.4225604236125946,0.39234381914138794,0.3021659851074219,0.0001294040325232304
1335,0.43070411682128906,0.40029239654541016,0.3041173219680786,0.0001292967743121989
1336,0.44143614172935486,0.4105170965194702,0.3091905415058136,0.00012918947922010336
1337,0.42806556820869446,0.39677703380584717,0.3128853738307953,0.00012908214738201513
1338,0.41180145740509033,0.38259831070899963,0.29203149676322937,0.00012897477893305195
1339,0.44506558775901794,0.41357851028442383,0.31487077474594116,0.00012886737400837758
1340,0.42497387528419495,0.3946269452571869,0.3034692704677582,0.00012875993274320173
1341,0.4444141089916229,0.41325774788856506,0.31156349182128906,0.00012865245527277986
1342,0.4299866855144501,0.39956000447273254,0.3042668104171753,0.00012854494173241294
1343,0.43533018231391907,0.4042963683605194,0.31033822894096375,0.0001284373922574474
1344,0.41182178258895874,0.38290008902549744,0.28921690583229065,0.00012832980698327496
1345,0.42163199186325073,0.39146336913108826,0.30168628692626953,0.00012822218604533232
1346,0.40836936235427856,0.3794586658477783,0.28910693526268005,0.00012811452957910109
1347,0.45649734139442444,0.42355045676231384,0.3294687569141388,0.00012800683772010767
1348,0.41134995222091675,0.382315993309021,0.29033973813056946,0.00012789911060392294
1349,0.4342292249202728,0.402521014213562,0.31708213686943054,0.00012779134836616218
1350,0.4268481433391571,0.3960624933242798,0.3078565001487732,0.00012768355114248494
1351,0.40974724292755127,0.3807410001754761,0.2900623679161072,0.00012757571906859476
1352,0.4353317320346832,0.404783695936203,0.3054802417755127,0.00012746785228023904
1353,0.442228227853775,0.4105563759803772,0.3167184293270111,0.00012735995091320892
1354,0.4397616982460022,0.40832188725471497,0.3143981099128723,0.00012725201510333905
1355,0.42210960388183594,0.39284342527389526,0.2926616668701172,0.00012714404498650743
1356,0.4309428036212921,0.4004751145839691,0.30467689037323,0.0001270360406986353
1357,0.4277164340019226,0.3977053165435791,0.30011123418807983,0.00012692800237568686
1358,0.44700896739959717,0.41532573103904724,0.31683221459388733,0.00012681993015366917
1359,0.4473244249820709,0.41519975662231445,0.32124659419059753,0.000126711824168632
1360,0.4365374743938446,0.40555328130722046,0.30984199047088623,0.00012660368455666752
1361,0.42518800497055054,0.3953739106655121,0.29814085364341736,0.00012649551145391035
1362,0.43977677822113037,0.407985657453537,0.31791117787361145,0.0001263873049965373
1363,0.44095379114151,0.4097176492214203,0.312361478805542,0.000126279065320767
1364,0.4077327847480774,0.37872403860092163,0.2900873124599457,0.00012617079256286
1365,0.4494279623031616,0.41736575961112976,0.3206219971179962,0.00012606248685911853
1366,0.42821404337882996,0.3975120782852173,0.30701959133148193,0.00012595414834588626
1367,0.42354682087898254,0.39316388964653015,0.30382928252220154,0.00012584577715954814
1368,0.4060899317264557,0.3770022690296173,0.29087650775909424,0.00012573737343653024
1369,0.4227159321308136,0.39241933822631836,0.30296590924263,0.00012562893731329967
1370,0.41726839542388916,0.38738110661506653,0.2988727390766144,0.00012552046892636427
1371,0.4310854971408844,0.39999890327453613,0.3108658194541931,0.00012541196841227246
1372,0.4406121075153351,0.40885502099990845,0.3175708055496216,0.00012530343590761318
1373,0.43763306736946106,0.4061858057975769,0.3144725263118744,0.00012519487154901562
1374,0.4304002821445465,0.40016135573387146,0.3023892939090729,0.0001250862754731491
1375,0.41946539282798767,0.3893648087978363,0.3010057508945465,0.0001249776478167227
1376,0.4229184687137604,0.3933054208755493,0.29613056778907776,0.0001248689887164855
1377,0.4448493719100952,0.41266971826553345,0.3217965364456177,0.000124760298309226
1378,0.45082223415374756,0.4181351363658905,0.3268709182739258,0.00012465157673177216
1379,0.4236450791358948,0.39298295974731445,0.306621253490448,0.0001245428241209912
1380,0.4129958748817444,0.3834001421928406,0.2959572970867157,0.0001244340406137894
1381,0.4231888949871063,0.3929964303970337,0.30192452669143677,0.00012432522634711192
1382,0.413952112197876,0.3838815689086914,0.30070558190345764,0.0001242163814579426
1383,0.41359442472457886,0.384104460477829,0.29489973187446594,0.00012410750608330388
1384,0.45589086413383484,0.4232501685619354,0.3264070153236389,0.0001239986003602566
1385,0.44684600830078125,0.41508281230926514,0.31763193011283875,0.0001238896644258998
1386,0.4080011546611786,0.378805547952652,0.29195594787597656,0.00012378069841737044
1387,0.45480215549468994,0.4224357306957245,0.32366421818733215,0.00012367170247184355
1388,0.46726757287979126,0.433353990316391,0.33913570642471313,0.0001235626767265316
1389,0.43724027276039124,0.40562891960144043,0.31611353158950806,0.0001234536213186848
1390,0.4383850395679474,0.40754830837249756,0.30836737155914307,0.00012334453638559057
1391,0.43965715169906616,0.40836578607559204,0.3129136860370636,0.00012323542206457347
1392,0.4091402292251587,0.3802357316017151,0.289045125246048,0.00012312627849299523
1393,0.44481444358825684,0.4130954146385193,0.31719037890434265,0.00012301710580825423
1394,0.4203011691570282,0.39086490869522095,0.2943626344203949,0.0001229079041477855
1395,0.44429370760917664,0.4124792218208313,0.31814488768577576,0.00012279867364906071
1396,0.4319462180137634,0.4009392261505127,0.31007006764411926,0.00012268941444958765
1397,0.4172705113887787,0.3874366283416748,0.29833894968032837,0.0001225801266869104
1398,0.4517430365085602,0.41934990882873535,0.32393136620521545,0.00012247081049860883
1399,0.43865612149238586,0.40754786133766174,0.311082661151886,0.00012236146602229874
1400,0.4365662932395935,0.4061160087585449,0.3045029044151306,0.00012225209339563145
1401,0.4417424201965332,0.4104086458683014,0.3133377432823181,0.0001221426927562938
1402,0.44168365001678467,0.4100942313671112,0.3158942759037018,0.00012203326424200778
1403,0.423555850982666,0.39347586035728455,0.3007999360561371,0.00012192380799053058
1404,0.4285668432712555,0.39807260036468506,0.3049425482749939,0.00012181432413965428
1405,0.416944682598114,0.3873958885669708,0.29548802971839905,0.00012170481282720563
1406,0.44616156816482544,0.4142913818359375,0.31870195269584656,0.00012159527419104607
1407,0.4200744032859802,0.3905751407146454,0.2949925661087036,0.00012148570836907133
1408,0.43218550086021423,0.40105029940605164,0.3113518953323364,0.00012137611549921146
1409,0.45007315278053284,0.4174228310585022,0.32650312781333923,0.00012126649571943047
1410,0.45689064264297485,0.42439568042755127,0.3249496817588806,0.00012115684916772629
1411,0.43383312225341797,0.4025804102420807,0.31252697110176086,0.00012104717598213056
1412,0.4352756440639496,0.4038020372390747,0.314736008644104,0.00012093747630070844
1413,0.42357614636421204,0.39303112030029297,0.3054502010345459,0.00012082775026155846
1414,0.4481070935726166,0.4161708950996399,0.31936192512512207,0.00012071799800281231
1415,0.44920751452445984,0.41728898882865906,0.31918513774871826,0.00012060821966263465
1416,0.44764843583106995,0.41572871804237366,0.3191972076892853,0.00012049841537922307
1417,0.43152177333831787,0.40058907866477966,0.30932700634002686,0.00012038858529080768
1418,0.42115339636802673,0.39134079217910767,0.29812607169151306,0.00012027872953565125
1419,0.4238779544830322,0.39409008622169495,0.29787859320640564,0.00012016884825204875
1420,0.4329281449317932,0.40223318338394165,0.3069496154785156,0.00012005894157832729
1421,0.4414330720901489,0.40989968180656433,0.31533387303352356,0.00011994900965284599
1422,0.42237988114356995,0.39207765460014343,0.303022176027298,0.00011983905261399566
1423,0.4264618158340454,0.3967824876308441,0.2967931628227234,0.00011972907060019887
1424,0.42012372612953186,0.3903961777687073,0.2972756028175354,0.00011961906374990952
1425,0.4089982807636261,0.38004225492477417,0.28956031799316406,0.00011950903220161285
1426,0.42711544036865234,0.39645829796791077,0.30657142400741577,0.00011939897609382511
1427,0.4434247612953186,0.41195330023765564,0.314714640378952,0.0001192888955650935
1428,0.4190133810043335,0.3893924653530121,0.29620903730392456,0.000119178790753996
1429,0.42828479409217834,0.39771637320518494,0.30568408966064453,0.00011906866179914116
1430,0.4311245381832123,0.40061038732528687,0.3051414489746094,0.00011895850883916786
1431,0.42989876866340637,0.3999257981777191,0.2997296452522278,0.00011884833201274523
1432,0.43093541264533997,0.40013375878334045,0.30801641941070557,0.00011873813145857249
1433,0.4214480519294739,0.39203909039497375,0.2940897047519684,0.00011862790731537865
1434,0.4357776939868927,0.4048166275024414,0.30961066484451294,0.00011851765972192244
1435,0.4138147234916687,0.38419705629348755,0.29617658257484436,0.00011840738881699219
1436,0.4159945249557495,0.386500746011734,0.2949376702308655,0.00011829709473940547
1437,0.44779273867607117,0.4156237542629242,0.3216897249221802,0.00011818677762800909
1438,0.4423857629299164,0.4106574058532715,0.31728360056877136,0.00011807643762167884
1439,0.4433913230895996,0.411615252494812,0.31776076555252075,0.00011796607485931928
1440,0.4548726975917816,0.42253872752189636,0.32333964109420776,0.00011785568947986367
1441,0.4478689730167389,0.41634273529052734,0.31526246666908264,0.00011774528162227376
1442,0.4386010766029358,0.40693414211273193,0.31666940450668335,0.00011763485142553959
1443,0.4544055163860321,0.4220193028450012,0.3238621950149536,0.00011752439902867925
1444,0.4488085210323334,0.4174162447452545,0.3139228820800781,0.00011741392457073888
1445,0.445690780878067,0.4140416979789734,0.31649085879325867,0.00011730342819079227
1446,0.434394896030426,0.4033796191215515,0.31015288829803467,0.00011719291002794096
1447,0.4186193645000458,0.3890495002269745,0.2956986129283905,0.00011708237022131381
1448,0.4458250105381012,0.41394245624542236,0.3188256025314331,0.00011697180891006689
1449,0.43966376781463623,0.40843701362609863,0.31226739287376404,0.00011686122623338349
1450,0.43978428840637207,0.40855368971824646,0.3123059868812561,0.00011675062233047364
1451,0.42527300119400024,0.39517155289649963,0.30101439356803894,0.0001166399973405742
1452,0.4116511046886444,0.382459819316864,0.29191282391548157,0.00011652935140294852
1453,0.4118378460407257,0.3822576701641083,0.2958017885684967,0.0001164186846568863
1454,0.429720401763916,0.39926326274871826,0.3045714795589447,0.00011630799724170353
1455,0.4234669506549835,0.39344364404678345,0.30023297667503357,0.00011619728929674209
1456,0.4220869541168213,0.3922661244869232,0.2982081472873688,0.00011608656096136984
1457,0.43178504705429077,0.40106281638145447,0.3072224259376526,0.0001159758123749802
1458,0.4441847801208496,0.412305623292923,0.31879153847694397,0.00011586504367699217
1459,0.46475234627723694,0.4316808879375458,0.33071452379226685,0.00011575425500685002
1460,0.41863664984703064,0.38899049162864685,0.2964615225791931,0.0001156434465040231
1461,0.44434091448783875,0.41170576214790344,0.32635143399238586,0.00011553261830800586
1462,0.4182049036026001,0.38844534754753113,0.29759541153907776,0.00011542177055831745
1463,0.45798996090888977,0.42534902691841125,0.32640931010246277,0.00011531090339450165
1464,0.4454783499240875,0.4134761095046997,0.3200224041938782,0.00011520001695612674
1465,0.44113609194755554,0.4090375602245331,0.3209853768348694,0.00011508911138278515
1466,0.4529910087585449,0.42023900151252747,0.3275201916694641,0.00011497818681409351
1467,0.4371987283229828,0.4058508276939392,0.31347888708114624,0.00011486724338969232
1468,0.42124634981155396,0.3914373517036438,0.29809001088142395,0.00011475628124924577
1469,0.4173945188522339,0.38808953762054443,0.2930498719215393,0.00011464530053244169
1470,0.4270446300506592,0.39681243896484375,0.30232176184654236,0.00011453430137899129
1471,0.4399905502796173,0.40882840752601624,0.3116215467453003,0.00011442328392862891
1472,0.45029571652412415,0.41813912987709045,0.3215658366680145,0.00011431224832111196
1473,0.4461953938007355,0.4147182106971741,0.31477177143096924,0.00011420119469622077
1474,0.4573608934879303,0.42515823245048523,0.32202666997909546,0.00011409012319375827
1475,0.408135324716568,0.3791792690753937,0.2895606756210327,0.00011397903395354996
1476,0.43168994784355164,0.40099772810935974,0.3069221079349518,0.0001138679271154436
1477,0.4156177341938019,0.38580799102783203,0.2980974018573761,0.00011375680281930919
1478,0.4149334132671356,0.3847702443599701,0.3016316890716553,0.00011364566120503864
1479,0.43737897276878357,0.4063047170639038,0.31074249744415283,0.0001135345024125456
1480,0.43891745805740356,0.40745145082473755,0.3146602213382721,0.00011342332658176555
1481,0.41572123765945435,0.3861151337623596,0.2960609197616577,0.00011331213385265524
1482,0.4630095958709717,0.43008413910865784,0.329254686832428,0.00011320092436519276
1483,0.42590492963790894,0.3953220844268799,0.30582860112190247,0.00011308969825937725
1484,0.4263283610343933,0.39641910791397095,0.2990925908088684,0.00011297845567522886
1485,0.43580275774002075,0.4048360288143158,0.30966717004776,0.00011286719675278838
1486,0.4193333387374878,0.3897053301334381,0.296280175447464,0.00011275592163211726
1487,0.45474720001220703,0.4226281940937042,0.32119008898735046,0.00011264463045329728
1488,0.44110745191574097,0.4094257950782776,0.31681662797927856,0.00011253332335643043
1489,0.4490746259689331,0.4171347916126251,0.31939831376075745,0.00011242200048163882
1490,0.4306640028953552,0.4002327620983124,0.3043122887611389,0.0001123106619690643
1491,0.4460914134979248,0.41393476724624634,0.3215663731098175,0.0001121993079588685
1492,0.42892542481422424,0.39861223101615906,0.3031320571899414,0.00011208793859123257
1493,0.4268984794616699,0.3964865803718567,0.3041191101074219,0.00011197655400635689
1494,0.412454217672348,0.38301345705986023,0.2944077253341675,0.0001118651543444611
1495,0.45112913846969604,0.41923147439956665,0.3189767897129059,0.00011175373974578378
1496,0.4227321743965149,0.3929813504219055,0.29750823974609375,0.00011164231035058228
1497,0.43955492973327637,0.4084070920944214,0.31147852540016174,0.00011153086629913267
1498,0.4299446642398834,0.3993481397628784,0.3059653043746948,0.00011141940773172939
1499,0.4232935905456543,0.3932897448539734,0.30003848671913147,0.00011130793478868515
1500,0.4315583407878876,0.40060707926750183,0.30951258540153503,0.00011119644761033078
1501,0.44307923316955566,0.41148805618286133,0.31591182947158813,0.00011108494633701512
1502,0.4599684774875641,0.42715057730674744,0.3281790316104889,0.00011097343110910452
1503,0.44748231768608093,0.41586142778396606,0.3162088096141815,0.0001108619020669832
1504,0.43059173226356506,0.40049564838409424,0.3009609580039978,0.00011075035935105252
1505,0.4518393278121948,0.41949698328971863,0.3234233558177948,0.00011063880310173113
1506,0.4358534514904022,0.40481218695640564,0.31041255593299866,0.00011052723345945483
1507,0.43003562092781067,0.40025997161865234,0.2977566123008728,0.00011041565056467614
1508,0.42457523941993713,0.3941889703273773,0.3038625717163086,0.00011030405455786425
1509,0.4212946891784668,0.39119505882263184,0.30099645256996155,0.000110192445579505
1510,0.43239322304725647,0.40178799629211426,0.3060523271560669,0.00011008082377010045
1511,0.4244385361671448,0.39427652955055237,0.30162015557289124,0.00010996918927016886
1512,0.4282851815223694,0.3977799713611603,0.3050520718097687,0.00010985754222024436
1513,0.423767626285553,0.393673837184906,0.30093786120414734,0.00010974588276087705
1514,0.43965965509414673,0.40831276774406433,0.31346893310546875,0.00010963421103263252
1515,0.42969363927841187,0.39898577332496643,0.3070785105228424,0.00010952252717609188
1516,0.43692755699157715,0.4054376184940338,0.3148993253707886,0.00010941083133185146
1517,0.47561654448509216,0.44166359305381775,0.33952945470809937,0.00010929912364052268
1518,0.46272191405296326,0.42947444319725037,0.33247461915016174,0.00010918740424273191
1519,0.4221438467502594,0.39246073365211487,0.29683104157447815,0.00010907567327912025
1520,0.42862123250961304,0.3983267843723297,0.3029443919658661,0.00010896393089034336
1521,0.437480628490448,0.4062146246433258,0.3126600980758667,0.00010885217721707124
1522,0.4305969476699829,0.39965009689331055,0.30946841835975647,0.00010874041239998816
1523,0.40829068422317505,0.37899118661880493,0.292994886636734,0.00010862863657979237
1524,0.43293559551239014,0.402534544467926,0.3040105104446411,0.00010851684989719594
1525,0.44649747014045715,0.4146127998828888,0.31884676218032837,0.00010840505249292476
1526,0.41424915194511414,0.3847385048866272,0.29510655999183655,0.00010829324450771806
1527,0.42853307723999023,0.3980417251586914,0.30491340160369873,0.00010818142608232849
1528,0.43519216775894165,0.40442007780075073,0.3077210485935211,0.00010806959735752174
1529,0.4445270001888275,0.41321706771850586,0.31309932470321655,0.00010795775847407659
1530,0.43343666195869446,0.4029388427734375,0.30497822165489197,0.0001078459095727845
1531,0.4415535032749176,0.4101730287075043,0.31380465626716614,0.00010773405079444963
1532,0.42540979385375977,0.39568960666656494,0.297201931476593,0.00010762218227988851
1533,0.42299824953079224,0.3927900195121765,0.302082359790802,0.00010751030416992996
1534,0.4461057186126709,0.41489315032958984,0.3121255338191986,0.00010739841660541487
1535,0.4358637034893036,0.4042110741138458,0.31652626395225525,0.00010728651972719603
1536,0.4424707889556885,0.4114038050174713,0.3106696903705597,0.00010717461367613793
1537,0.45023155212402344,0.41764602065086365,0.32585546374320984,0.00010706269859311669
1538,0.4235723614692688,0.39335334300994873,0.30219003558158875,0.00010695077461901968
1539,0.4352923333644867,0.4038017690181732,0.3149055540561676,0.00010683884189474558
1540,0.432078093290329,0.40129756927490234,0.3078051209449768,0.00010672690056120399
1541,0.3962014317512512,0.3676455020904541,0.28555941581726074,0.00010661495075931539
1542,0.42996132373809814,0.39876383543014526,0.3119749128818512,0.00010650299263001097
1543,0.4125214219093323,0.382907509803772,0.296139121055603,0.0001063910263142323
1544,0.44158661365509033,0.4102952182292938,0.312914103269577,0.00010627905195293135
1545,0.42134156823158264,0.3915763199329376,0.29765236377716064,0.00010616706968707015
1546,0.45891499519348145,0.42636755108833313,0.3254743218421936,0.00010605507965762074
1547,0.4319586157798767,0.40089523792266846,0.3106338083744049,0.00010594308200556483
1548,0.41332224011421204,0.3838604688644409,0.29461777210235596,0.00010583107687189388
1549,0.42421847581863403,0.3941563367843628,0.30062136054039,0.00010571906439760866
1550,0.4430762231349945,0.4120875298976898,0.3098869323730469,0.00010560704472371919
1551,0.4185108244419098,0.38876697421073914,0.2974385619163513,0.0001054950179912446
1552,0.4272475838661194,0.39663201570510864,0.3061557710170746,0.00010538298434121283
1553,0.4454123377799988,0.41338810324668884,0.3202422559261322,0.00010527094391466061
1554,0.423732191324234,0.39293891191482544,0.30793285369873047,0.00010515889685263316
1555,0.42561036348342896,0.3953160047531128,0.302943617105484,0.00010504684329618409
1556,0.4557802677154541,0.42308714985847473,0.32693132758140564,0.00010493478338637512
1557,0.43612003326416016,0.4047464430332184,0.31373605132102966,0.00010482271726427598
1558,0.4405800998210907,0.40929192304611206,0.31288179755210876,0.00010471064507096426
1559,0.42257609963417053,0.3926982879638672,0.2987782061100006,0.00010459856694752521
1560,0.4426448941230774,0.41075530648231506,0.31889593601226807,0.00010448648303505151
1561,0.43780821561813354,0.4065716564655304,0.3123655915260315,0.00010437439347464306
1562,0.413760244846344,0.3843452036380768,0.29415038228034973,0.00010426229840740705
1563,0.4267093539237976,0.39614346623420715,0.30565884709358215,0.00010415019797445738
1564,0.4443499743938446,0.4131617546081543,0.31188228726387024,0.00010403809231691486
1565,0.43101564049720764,0.40047699213027954,0.30538642406463623,0.00010392598157590688
1566,0.41614383459091187,0.38664546608924866,0.2949835956096649,0.0001038138658925671
1567,0.4369617700576782,0.40625259280204773,0.30709192156791687,0.00010370174540803556
1568,0.4415126144886017,0.41026201844215393,0.31250593066215515,0.00010358962026345824
1569,0.44272422790527344,0.41124227643013,0.3148196339607239,0.000103477490599987
1570,0.433417409658432,0.4030545949935913,0.30362817645072937,0.00010336535655877942
1571,0.4351254105567932,0.4041391909122467,0.30986231565475464,0.00010325321828099854
1572,0.45091933012008667,0.41830599308013916,0.3261333107948303,0.00010314107590781284
1573,0.4532524645328522,0.4206390380859375,0.3261343538761139,0.00010302892958039583
1574,0.42959317564964294,0.39920374751091003,0.30389437079429626,0.00010291677943992608
1575,0.4087586998939514,0.3798735439777374,0.2888514995574951,0.0001028046256275869
1576,0.41702961921691895,0.38795754313468933,0.2907206118106842,0.00010269246828456629
1577,0.4457704424858093,0.4142513573169708,0.315190851688385,0.00010258030755205665
1578,0.42123672366142273,0.3917924761772156,0.29444247484207153,0.00010246814357125463
1579,0.4135649800300598,0.3846009373664856,0.2896403968334198,0.00010235597648336104
1580,0.4408402442932129,0.4096018970012665,0.31238335371017456,0.00010224380642958052
1581,0.40162259340286255,0.37306681275367737,0.2855578362941742,0.00010213163355112148
1582,0.46361684799194336,0.4303021728992462,0.33314672112464905,0.00010201945798919593
1583,0.4171666204929352,0.38802602887153625,0.2914058268070221,0.00010190727988501913
1584,0.4274429678916931,0.39708179235458374,0.30361175537109375,0.00010179509937980973
1585,0.42575332522392273,0.39557257294654846,0.30180758237838745,0.00010168291661478923
1586,0.43522146344184875,0.40436527132987976,0.3085618019104004,0.00010157073173118208
1587,0.4428193271160126,0.41120949387550354,0.31609830260276794,0.00010145854487021532
1588,0.4308634400367737,0.3993518054485321,0.3151164650917053,0.00010134635617311853
1589,0.4498468041419983,0.4176330268383026,0.322137713432312,0.00010123416578112365
1590,0.44439470767974854,0.41274741291999817,0.31647300720214844,0.0001011219738354646
1591,0.4381290078163147,0.4064614474773407,0.31667545437812805,0.00010100978047737741
1592,0.44555753469467163,0.41365376114845276,0.3190375864505768,0.00010089758584809979
1593,0.4391026198863983,0.4082033038139343,0.3089931309223175,0.00010078539008887114
1594,0.4348435699939728,0.40405604243278503,0.3078753650188446,0.00010067319334093219
1595,0.4186614155769348,0.3887345492839813,0.299268513917923,0.00010056099574552497
1596,0.4359317421913147,0.40517690777778625,0.3075481951236725,0.00010044879744389257
1597,0.4277156889438629,0.39721256494522095,0.3050312101840973,0.00010033659857727893
1598,0.440191388130188,0.40866249799728394,0.3152887523174286,0.00010022439928692875
1599,0.43306875228881836,0.4026586413383484,0.3041011095046997,0.00010011219971408725
1600,0.4243835508823395,0.3932417929172516,0.31141769886016846,0.0001
1601,0.4310012459754944,0.4010319113731384,0.2996932566165924,9.988780028591278e-05
1602,0.43476971983909607,0.40417876839637756,0.3059096038341522,9.977560071307129e-05
1603,0.44503554701805115,0.41343486309051514,0.3160068094730377,9.96634014227211e-05
1604,0.4397863447666168,0.40856513381004333,0.3122120797634125,9.955120255610746e-05
1605,0.44391927123069763,0.4123821556568146,0.3153710961341858,9.943900425447505e-05
1606,0.43181943893432617,0.4004836976528168,0.313357412815094,9.932680665906783e-05
1607,0.3973289132118225,0.36960217356681824,0.2772675156593323,9.921460991112891e-05
1608,0.43950408697128296,0.4075210988521576,0.3198298215866089,9.910241415190021e-05
1609,0.4316234588623047,0.4012037217617035,0.3041975200176239,9.89902195226226e-05
1610,0.4552154839038849,0.42306795716285706,0.3214752674102783,9.887802616453542e-05
1611,0.4377104341983795,0.4063497483730316,0.31360676884651184,9.87658342188764e-05
1612,0.4318062663078308,0.40062007308006287,0.3118618428707123,9.865364382688145e-05
1613,0.4412197470664978,0.4097372889518738,0.31482452154159546,9.85414551297847e-05
1614,0.4556719660758972,0.42323270440101624,0.32439249753952026,9.842926826881796e-05
1615,0.45137202739715576,0.4190846085548401,0.3228740692138672,9.831708338521078e-05
1616,0.45035919547080994,0.41746512055397034,0.328940749168396,9.820490062019029e-05
1617,0.4054623246192932,0.3768090605735779,0.2865327298641205,9.809272011498085e-05
1618,0.44506508111953735,0.41261592507362366,0.3244914710521698,9.798054201080411e-05
1619,0.43573227524757385,0.40470075607299805,0.31031516194343567,9.786836644887856e-05
1620,0.4562683701515198,0.4239955544471741,0.3227280080318451,9.775619357041952e-05
1621,0.41334280371665955,0.38443899154663086,0.2890380322933197,9.764402351663901e-05
1622,0.4447123110294342,0.4131985008716583,0.31513798236846924,9.753185642874537e-05
1623,0.42767879366874695,0.3972748816013336,0.3040391206741333,9.741969244794338e-05
1624,0.4464291036128998,0.4142770767211914,0.3215201795101166,9.730753171543374e-05
1625,0.41808003187179565,0.3885994255542755,0.29480603337287903,9.719537437241312e-05
1626,0.4123844504356384,0.38301900029182434,0.2936546504497528,9.708322056007397e-05
1627,0.40811485052108765,0.37921759486198425,0.28897252678871155,9.697107041960417e-05
1628,0.4476551115512848,0.4159308671951294,0.31724250316619873,9.685892409218717e-05
1629,0.4401013255119324,0.4089578688144684,0.3114345669746399,9.674678171900147e-05
1630,0.4305573105812073,0.3998889625072479,0.30668333172798157,9.663464344122064e-05
1631,0.4270422160625458,0.3963101804256439,0.3073202669620514,9.652250940001302e-05
1632,0.43243151903152466,0.40129607915878296,0.31135451793670654,9.641037973654178e-05
1633,0.4391588866710663,0.4082596004009247,0.3089928925037384,9.629825459196446e-05
1634,0.4215767979621887,0.39192068576812744,0.296561062335968,9.618613410743291e-05
1635,0.43032369017601013,0.39973312616348267,0.30590566992759705,9.607401842409317e-05
1636,0.4108109176158905,0.38200464844703674,0.28806278109550476,9.596190768308515e-05
1637,0.4273144602775574,0.3972584307193756,0.30056032538414,9.584980202554266e-05
1638,0.43061017990112305,0.4002310633659363,0.3037912845611572,9.573770159259299e-05
1639,0.43638232350349426,0.405465692281723,0.30916622281074524,9.562560652535695e-05
1640,0.44170382618904114,0.4110054671764374,0.30698350071907043,9.551351696494854e-05
1641,0.4314567446708679,0.4007354974746704,0.3072125315666199,9.540143305247478e-05
1642,0.4434123933315277,0.4117467999458313,0.3166559636592865,9.528935492903575e-05
1643,0.41000252962112427,0.3810572028160095,0.2894534170627594,9.517728273572403e-05
1644,0.44560161232948303,0.41412675380706787,0.3147486746311188,9.506521661362493e-05
1645,0.4126102924346924,0.3833600878715515,0.29250219464302063,9.495315670381591e-05
1646,0.43684303760528564,0.4057927429676056,0.3105030059814453,9.484110314736682e-05
1647,0.44568806886672974,0.4141317307949066,0.3155633807182312,9.472905608533941e-05
1648,0.4376260042190552,0.4067646563053131,0.3086134195327759,9.461701565878719e-05
1649,0.44557711482048035,0.41354426741600037,0.3203284442424774,9.450498200875546e-05
1650,0.44914743304252625,0.41710370779037476,0.32043713331222534,9.439295527628081e-05
1651,0.41981595754623413,0.3902062773704529,0.2960967421531677,9.428093560239135e-05
1652,0.4408307373523712,0.40948089957237244,0.3134984076023102,9.416892312810614e-05
1653,0.45209795236587524,0.41957807540893555,0.3251988887786865,9.40569179944352e-05
1654,0.41563504934310913,0.38613998889923096,0.2949506938457489,9.394492034237931e-05
1655,0.45437318086624146,0.4219380021095276,0.3243516683578491,9.383293031292985e-05
1656,0.4295479655265808,0.39868608117103577,0.3086186945438385,9.372094804706867e-05
1657,0.43278685212135315,0.4018403887748718,0.3094646632671356,9.360897368576772e-05
1658,0.44605767726898193,0.4143150746822357,0.31742602586746216,9.349700736998908e-05
1659,0.41505560278892517,0.38535866141319275,0.29696929454803467,9.338504924068462e-05
1660,0.43198782205581665,0.4015062153339386,0.30481603741645813,9.327309943879604e-05
1661,0.4290243089199066,0.3990405201911926,0.2998378276824951,9.316115810525446e-05
1662,0.44581952691078186,0.41419416666030884,0.3162536919116974,9.304922538098035e-05
1663,0.43390610814094543,0.40313735604286194,0.30768755078315735,9.293730140688336e-05
1664,0.3968513011932373,0.3686373233795166,0.28213968873023987,9.282538632386207e-05
1665,0.4274648427963257,0.3973649740219116,0.3009987771511078,9.2713480272804e-05
1666,0.4431377947330475,0.4111776053905487,0.31960201263427734,9.260158339458514e-05
1667,0.4407562017440796,0.4097431004047394,0.3101309537887573,9.248969583007005e-05
1668,0.4152405261993408,0.38544952869415283,0.29790985584259033,9.237781772011153e-05
1669,0.43633413314819336,0.40523961186408997,0.3109452724456787,9.226594920555037e-05
1670,0.45757976174354553,0.4248857796192169,0.3269398808479309,9.215409042721552e-05
1671,0.42394623160362244,0.3936345875263214,0.30311647057533264,9.204224152592343e-05
1672,0.41216951608657837,0.3826104998588562,0.2955900728702545,9.193040264247829e-05
1673,0.4346856474876404,0.4040462374687195,0.30639395117759705,9.181857391767157e-05
1674,0.4317794144153595,0.40044263005256653,0.3133678436279297,9.170675549228194e-05
1675,0.45383432507514954,0.42137792706489563,0.3245638608932495,9.159494750707526e-05
1676,0.4608862102031708,0.42832136154174805,0.32564857602119446,9.148315010280408e-05
1677,0.40795525908470154,0.37909168004989624,0.28863587975502014,9.137136342020768e-05
1678,0.40222999453544617,0.3738323152065277,0.28397688269615173,9.125958760001189e-05
1679,0.437127947807312,0.4065348207950592,0.30593129992485046,9.114782278292876e-05
1680,0.40763434767723083,0.37922796607017517,0.2840639054775238,9.103606910965666e-05
1681,0.4256823658943176,0.3951875567436218,0.30494800209999084,9.092432672087977e-05
1682,0.4339450001716614,0.4029610753059387,0.3098393678665161,9.08125957572681e-05
1683,0.42637884616851807,0.3959128260612488,0.30466029047966003,9.070087635947733e-05
1684,0.42362597584724426,0.3940192759037018,0.2960669696331024,9.058916866814858e-05
1685,0.4277346432209015,0.3969022035598755,0.30832427740097046,9.047747282390815e-05
1686,0.40465468168258667,0.37596479058265686,0.28689882159233093,9.036578896736752e-05
1687,0.4327091872692108,0.40156078338623047,0.3114840090274811,9.025411723912298e-05
1688,0.41488176584243774,0.3846183121204376,0.3026346266269684,9.014245777975565e-05
1689,0.42744624614715576,0.3972361981868744,0.3021004796028137,9.003081072983117e-05
1690,0.4277094006538391,0.39746367931365967,0.30245715379714966,8.991917622989956e-05
1691,0.44812992215156555,0.4166177809238434,0.31512144207954407,8.980755442049502e-05
1692,0.4080504775047302,0.37901729345321655,0.29033181071281433,8.969594544213578e-05
1693,0.44487014412879944,0.4129108488559723,0.3195928931236267,8.95843494353239e-05
1694,0.41270044445991516,0.38371917605400085,0.2898126244544983,8.947276654054518e-05
1695,0.4160734713077545,0.3868088722229004,0.29264599084854126,8.936119689826888e-05
1696,0.42517709732055664,0.39484256505966187,0.3033454120159149,8.924964064894753e-05
1697,0.42913001775741577,0.3987200856208801,0.30409932136535645,8.913809793301681e-05
1698,0.4250783622264862,0.39496809244155884,0.3011026084423065,8.902656889089548e-05
1699,0.42004725337028503,0.39056396484375,0.2948329746723175,8.891505366298492e-05
1700,0.41835275292396545,0.38865360617637634,0.2969915270805359,8.880355238966923e-05
1701,0.4289919137954712,0.3986913561820984,0.3030054271221161,8.869206521131489e-05
1702,0.41723424196243286,0.38728412985801697,0.29950109124183655,8.858059226827062e-05
1703,0.42595067620277405,0.3953469395637512,0.30603736639022827,8.846913370086734e-05
1704,0.4182226359844208,0.38825565576553345,0.2996697723865509,8.835768964941773e-05
1705,0.4109467566013336,0.38162580132484436,0.2932094633579254,8.824626025421626e-05
1706,0.4263891875743866,0.3966183066368103,0.29770880937576294,8.813484565553893e-05
1707,0.4217955470085144,0.3918302357196808,0.299653023481369,8.802344599364312e-05
1708,0.41712966561317444,0.3870711028575897,0.30058565735816956,8.791206140876746e-05
1709,0.42591115832328796,0.39542356133461,0.3048758804798126,8.780069204113153e-05
1710,0.44872069358825684,0.4167490303516388,0.3197166323661804,8.768933803093573e-05
1711,0.4446755647659302,0.4127761423587799,0.31899410486221313,8.757799951836123e-05
1712,0.4261228144168854,0.39616361260414124,0.29959192872047424,8.746667664356956e-05
1713,0.40338584780693054,0.37504181265830994,0.2834402918815613,8.735536954670275e-05
1714,0.4556455612182617,0.42266008257865906,0.32985466718673706,8.724407836788276e-05
1715,0.4232434332370758,0.39345866441726685,0.2978476583957672,8.713280324721163e-05
1716,0.4119320213794708,0.38306060433387756,0.28871428966522217,8.702154432477115e-05
1717,0.4261339008808136,0.39538490772247314,0.3074900209903717,8.691030174062273e-05
1718,0.4521139860153198,0.4195609390735626,0.32553035020828247,8.679907563480726e-05
1719,0.42285430431365967,0.39310887455940247,0.29745420813560486,8.668786614734478e-05
1720,0.4293496310710907,0.39877018332481384,0.3057944178581238,8.657667341823448e-05
1721,0.4442250728607178,0.41283950209617615,0.3138558566570282,8.64654975874544e-05
1722,0.4330178499221802,0.40234261751174927,0.3067523241043091,8.63543387949614e-05
1723,0.4585202634334564,0.42649826407432556,0.3202199935913086,8.624319718069084e-05
1724,0.4405800998210907,0.4095921516418457,0.30987945199012756,8.613207288455643e-05
1725,0.4539395570755005,0.42166396975517273,0.32275575399398804,8.602096604645009e-05
1726,0.4395957589149475,0.4081883430480957,0.31407430768013,8.590987680624174e-05
1727,0.43289297819137573,0.4019567668437958,0.3093622028827667,8.579880530377926e-05
1728,0.4107360541820526,0.3816224932670593,0.2911356985569,8.568775167888806e-05
1729,0.4178202152252197,0.3884759843349457,0.2934422791004181,8.557671607137114e-05
1730,0.42231571674346924,0.3924504518508911,0.2986527681350708,8.546569862100876e-05
1731,0.4229954183101654,0.3929848074913025,0.3001061975955963,8.53546994675583e-05
1732,0.39276283979415894,0.3650819659233093,0.27680864930152893,8.524371875075425e-05
1733,0.45240938663482666,0.42002877593040466,0.32380619645118713,8.51327566103077e-05
1734,0.4422219693660736,0.410753458738327,0.3146851658821106,8.502181318590652e-05
1735,0.43683215975761414,0.4055402874946594,0.3129187822341919,8.491088861721486e-05
1736,0.43410053849220276,0.4032321572303772,0.30868393182754517,8.479998304387329e-05
1737,0.4136509597301483,0.38401591777801514,0.2963503897190094,8.468909660549837e-05
1738,0.4235577881336212,0.3933930993080139,0.30164697766304016,8.457822944168257e-05
1739,0.4406580328941345,0.40952959656715393,0.31128421425819397,8.446738169199418e-05
1740,0.43003106117248535,0.3996192514896393,0.3041180372238159,8.435655349597689e-05
1741,0.4669266939163208,0.4335986077785492,0.333281010389328,8.424574499315e-05
1742,0.4190051257610321,0.3894822895526886,0.29522842168807983,8.413495632300784e-05
1743,0.4099160432815552,0.38076722621917725,0.29148826003074646,8.402418762501982e-05
1744,0.4434508681297302,0.41175997257232666,0.31690889596939087,8.391343903863018e-05
1745,0.44440367817878723,0.4128819704055786,0.3152170777320862,8.380271070325789e-05
1746,0.41985517740249634,0.38999253511428833,0.2986263036727905,8.369200275829649e-05
1747,0.4510672986507416,0.41940566897392273,0.3166162669658661,8.358131534311372e-05
1748,0.4252183735370636,0.3951354920864105,0.3008289337158203,8.347064859705153e-05
1749,0.4263719916343689,0.39587458968162537,0.30497416853904724,8.336000265942581e-05
1750,0.43203669786453247,0.40141889452934265,0.3061780035495758,8.324937766952638e-05
1751,0.4261569380760193,0.3957809805870056,0.30375945568084717,8.313877376661652e-05
1752,0.4320732653141022,0.4012826085090637,0.30790644884109497,8.302819108993312e-05
1753,0.4142836332321167,0.3852234482765198,0.2906017303466797,8.291762977868625e-05
1754,0.4431057274341583,0.4109880328178406,0.3211768567562103,8.280708997205904e-05
1755,0.4279133677482605,0.3974137604236603,0.30499592423439026,8.269657180920774e-05
1756,0.4343812167644501,0.40387049317359924,0.3051072061061859,8.258607542926114e-05
1757,0.39882972836494446,0.37052106857299805,0.2830866873264313,8.247560097132076e-05
1758,0.44639286398887634,0.4147736430168152,0.31619223952293396,8.236514857446045e-05
1759,0.4425222873687744,0.4107290208339691,0.3179326057434082,8.225471837772623e-05
1760,0.4221274256706238,0.3923906087875366,0.29736804962158203,8.214431052013634e-05
1761,0.44730377197265625,0.41517242789268494,0.3213133215904236,8.203392514068074e-05
1762,0.4431057572364807,0.41131940484046936,0.31786346435546875,8.19235623783212e-05
1763,0.43547677993774414,0.4042259156703949,0.3125086724758148,8.181322237199094e-05
1764,0.44129377603530884,0.40962696075439453,0.31666824221611023,8.170290526059452e-05
1765,0.43043282628059387,0.40030401945114136,0.3012881875038147,8.159261118300782e-05
1766,0.45459699630737305,0.4221067726612091,0.32490235567092896,8.14823402780776e-05
1767,0.44080471992492676,0.40959298610687256,0.31211721897125244,8.13720926846214e-05
1768,0.4378732442855835,0.40643244981765747,0.3144077956676483,8.126186854142752e-05
1769,0.4079080820083618,0.3782510757446289,0.29656991362571716,8.115166798725478e-05
1770,0.42554137110710144,0.39554840326309204,0.29992958903312683,8.104149116083216e-05
1771,0.4433678388595581,0.4107509255409241,0.3261691629886627,8.093133820085888e-05
1772,0.44598162174224854,0.4146113395690918,0.31370288133621216,8.0821209246004e-05
1773,0.4425871968269348,0.41136541962623596,0.3122178316116333,8.071110443490652e-05
1774,0.4216505289077759,0.39186590909957886,0.2978462278842926,8.060102390617493e-05
1775,0.4085392653942108,0.3797161877155304,0.2882308065891266,8.049096779838719e-05
1776,0.46023645997047424,0.4269876480102539,0.33248814940452576,8.038093625009052e-05
1777,0.4300430417060852,0.39966264367103577,0.3038040101528168,8.027092939980115e-05
1778,0.43454882502555847,0.4039105176925659,0.30638301372528076,8.016094738600435e-05
1779,0.43519341945648193,0.40370625257492065,0.3148716688156128,8.005099034715404e-05
1780,0.40991419553756714,0.38095226883888245,0.28961941599845886,7.994105842167273e-05
1781,0.42608824372291565,0.39603710174560547,0.3005114793777466,7.983115174795128e-05
1782,0.43906331062316895,0.40759268403053284,0.31470638513565063,7.972127046434878e-05
1783,0.40959927439689636,0.38047531247138977,0.2912396192550659,7.961141470919233e-05
1784,0.4293312132358551,0.3987838327884674,0.3054739236831665,7.950158462077697e-05
1785,0.4104127287864685,0.38139286637306213,0.29019856452941895,7.939178033736538e-05
1786,0.4258831739425659,0.39560073614120483,0.302824467420578,7.928200199718774e-05
1787,0.4358094334602356,0.4050724506378174,0.3073698580265045,7.917224973844152e-05
1788,0.44496971368789673,0.41322675347328186,0.3174295723438263,7.906252369929154e-05
1789,0.43572014570236206,0.4049210250377655,0.30799129605293274,7.895282401786945e-05
1790,0.41789332032203674,0.3883548676967621,0.2953844666481018,7.884315083227373e-05
1791,0.4334421157836914,0.4019743800163269,0.3146773874759674,7.873350428056957e-05
1792,0.45458871126174927,0.42234113812446594,0.322475790977478,7.862388450078855e-05
1793,0.4174666404724121,0.3878660500049591,0.2960059940814972,7.851429163092868e-05
1794,0.41933977603912354,0.38996872305870056,0.2937103807926178,7.840472580895396e-05
1795,0.4412637948989868,0.4092031419277191,0.3206064999103546,7.829518717279438e-05
1796,0.4552150070667267,0.4229353368282318,0.3227967619895935,7.818567586034577e-05
1797,0.4118673801422119,0.38315510749816895,0.2871227264404297,7.807619200946942e-05
1798,0.4504467248916626,0.4184303283691406,0.32016393542289734,7.796673575799224e-05
1799,0.41866984963417053,0.3887145519256592,0.29955294728279114,7.785730724370625e-05
1800,0.42575329542160034,0.3956141173839569,0.30139192938804626,7.774790660436858e-05
1801,0.43878450989723206,0.40789178013801575,0.3089272081851959,7.763853397770131e-05
1802,0.42004457116127014,0.39050883054733276,0.2953573763370514,7.752918950139119e-05
1803,0.42642173171043396,0.39572030305862427,0.3070141673088074,7.741987331308964e-05
1804,0.4369392991065979,0.4062723219394684,0.3066698908805847,7.731058555041237e-05
1805,0.43790459632873535,0.40671107172966003,0.31193509697914124,7.720132635093934e-05
1806,0.4553111791610718,0.4224618971347809,0.32849282026290894,7.709209585221451e-05
1807,0.46636611223220825,0.4327622354030609,0.3360387682914734,7.69828941917458e-05
1808,0.42384958267211914,0.39382338523864746,0.30026188492774963,7.68737215070048e-05
1809,0.43583235144615173,0.4047029912471771,0.31129372119903564,7.676457793542654e-05
1810,0.4461374878883362,0.41408002376556396,0.320574551820755,7.66554636144095e-05
1811,0.42908763885498047,0.3986404836177826,0.30447155237197876,7.654637868131521e-05
1812,0.4590104818344116,0.4263770878314972,0.3263339102268219,7.643732327346842e-05
1813,0.4042613208293915,0.3749014437198639,0.2935987710952759,7.63282975281565e-05
1814,0.41910237073898315,0.3893772065639496,0.2972516119480133,7.621930158262958e-05
1815,0.41989579796791077,0.3896256983280182,0.302700936794281,7.611033557410026e-05
1816,0.44048380851745605,0.4085421562194824,0.31941667199134827,7.600139963974341e-05
1817,0.424352765083313,0.3940393626689911,0.30313408374786377,7.589249391669616e-05
1818,0.4297906458377838,0.399517297744751,0.30273348093032837,7.578361854205743e-05
1819,0.46597129106521606,0.4323626756668091,0.3360862731933594,7.567477365288813e-05
1820,0.4082885980606079,0.3787997364997864,0.2948887050151825,7.556595938621058e-05
1821,0.4453659653663635,0.41369375586509705,0.31672197580337524,7.545717587900879e-05
1822,0.43423858284950256,0.40376612544059753,0.3047246038913727,7.534842326822785e-05
1823,0.4065108299255371,0.3775103986263275,0.29000434279441833,7.523970169077402e-05
1824,0.4194466471672058,0.38928887248039246,0.30157777667045593,7.513101128351454e-05
1825,0.4102739095687866,0.38118088245391846,0.29093021154403687,7.502235218327731e-05
1826,0.4222429692745209,0.39204785227775574,0.301951140165329,7.491372452685094e-05
1827,0.4407682418823242,0.4090782403945923,0.3169001042842865,7.48051284509844e-05
1828,0.42397192120552063,0.3941754698753357,0.2979646325111389,7.469656409238685e-05
1829,0.4265807867050171,0.3963594436645508,0.3022134304046631,7.458803158772758e-05
1830,0.46430978178977966,0.43125227093696594,0.33057501912117004,7.447953107363574e-05
1831,0.44561687111854553,0.41413041949272156,0.3148646056652069,7.437106268670034e-05
1832,0.43621599674224854,0.40560415387153625,0.3061184287071228,7.426262656346978e-05
1833,0.4393819272518158,0.4080100357532501,0.3137188255786896,7.41542228404519e-05
1834,0.43331968784332275,0.4019492268562317,0.3137047290802002,7.404585165411377e-05
1835,0.445669025182724,0.41417163610458374,0.31497395038604736,7.393751314088146e-05
1836,0.43157604336738586,0.4002303183078766,0.3134571611881256,7.382920743713999e-05
1837,0.4432714581489563,0.4120992422103882,0.31172218918800354,7.372093467923302e-05
1838,0.4292992651462555,0.39913442730903625,0.3016483783721924,7.361269500346274e-05
1839,0.4322361946105957,0.40177470445632935,0.3046150207519531,7.350448854608962e-05
1840,0.4233938455581665,0.3932594954967499,0.3013433516025543,7.339631544333249e-05
1841,0.4499768912792206,0.41806793212890625,0.31908953189849854,7.328817583136804e-05
1842,0.4633907377719879,0.42978593707084656,0.33604803681373596,7.318006984633085e-05
1843,0.4391615092754364,0.4082690477371216,0.30892467498779297,7.307199762431319e-05
1844,0.44855058193206787,0.4165603220462799,0.3199027180671692,7.29639593013647e-05
1845,0.4203091859817505,0.3906327188014984,0.2967647314071655,7.285595501349258e-05
1846,0.44411179423332214,0.41275420784950256,0.313575804233551,7.274798489666097e-05
1847,0.43345266580581665,0.40225470066070557,0.311979740858078,7.264004908679112e-05
1848,0.4282609820365906,0.39754995703697205,0.3071102499961853,7.2532147719761e-05
1849,0.4398534297943115,0.408898264169693,0.30955174565315247,7.242428093140525e-05
1850,0.4161081612110138,0.38634446263313293,0.2976369857788086,7.231644885751507e-05
1851,0.45043039321899414,0.41830766201019287,0.3212272822856903,7.220865163383784e-05
1852,0.457174152135849,0.42506182193756104,0.32112327218055725,7.210088939607708e-05
1853,0.4329240322113037,0.40233999490737915,0.3058403730392456,7.199316227989236e-05
1854,0.4279140830039978,0.39801672101020813,0.2989734709262848,7.18854704208989e-05
1855,0.4281879663467407,0.3973431885242462,0.3084476590156555,7.177781395466772e-05
1856,0.4283049702644348,0.3979170620441437,0.3038792312145233,7.167019301672509e-05
1857,0.4260820746421814,0.3961127996444702,0.29969272017478943,7.156260774255262e-05
1858,0.4363177418708801,0.40579038858413696,0.3052736520767212,7.145505826758707e-05
1859,0.446756511926651,0.41482314467430115,0.31933361291885376,7.134754472722017e-05
1860,0.42963868379592896,0.399534672498703,0.3010401725769043,7.124006725679828e-05
1861,0.45212894678115845,0.420317679643631,0.31811267137527466,7.113262599162245e-05
1862,0.45880240201950073,0.4257417917251587,0.3306061625480652,7.102522106694808e-05
1863,0.4509606957435608,0.419365793466568,0.31594911217689514,7.09178526179849e-05
1864,0.4374753534793854,0.40651261806488037,0.3096274137496948,7.081052077989667e-05
1865,0.44847381114959717,0.41676419973373413,0.31709614396095276,7.07032256878011e-05
1866,0.45173180103302,0.41975656151771545,0.31975236535072327,7.059596747676962e-05
1867,0.45512503385543823,0.42271488904953003,0.3241015374660492,7.048874628182722e-05
1868,0.44002655148506165,0.4086666703224182,0.3135988116264343,7.038156223795224e-05
1869,0.4293792247772217,0.3989727795124054,0.3040643036365509,7.027441548007641e-05
1870,0.44310832023620605,0.4115189015865326,0.3158942759037018,7.01673061430844e-05
1871,0.44248855113983154,0.41110044717788696,0.31388112902641296,7.006023436181377e-05
1872,0.4474794566631317,0.41526690125465393,0.32212555408477783,6.995320027105481e-05
1873,0.42440393567085266,0.3942280113697052,0.30175915360450745,6.984620400555044e-05
1874,0.4335898160934448,0.4022676944732666,0.3132210969924927,6.973924569999585e-05
1875,0.4444356858730316,0.41258305311203003,0.31852638721466064,6.963232548903853e-05
1876,0.4455417990684509,0.4137103259563446,0.31831470131874084,6.952544350727799e-05
1877,0.4320695698261261,0.40101680159568787,0.3105275630950928,6.94185998892655e-05
1878,0.42042264342308044,0.3905434012413025,0.29879242181777954,6.931179476950429e-05
1879,0.43025606870651245,0.39921659231185913,0.31039461493492126,6.920502828244889e-05
1880,0.44573429226875305,0.4141610264778137,0.3157327175140381,6.909830056250527e-05
1881,0.4029091000556946,0.3746756911277771,0.28233423829078674,6.899161174403064e-05
1882,0.41826939582824707,0.38826996088027954,0.29999446868896484,6.888496196133317e-05
1883,0.44629284739494324,0.4148658514022827,0.3142699897289276,6.877835134867196e-05
1884,0.4124874770641327,0.38350439071655273,0.2898307740688324,6.867178004025676e-05
1885,0.4238094091415405,0.3934837579727173,0.30325639247894287,6.85652481702478e-05
1886,0.4201704263687134,0.3899979591369629,0.30172452330589294,6.845875587275576e-05
1887,0.41759970784187317,0.38784629106521606,0.2975342869758606,6.835230328184138e-05
1888,0.4475533962249756,0.4155401587486267,0.32013237476348877,6.824589053151558e-05
1889,0.4358554184436798,0.40504908561706543,0.3080632984638214,6.813951775573896e-05
1890,0.4494990110397339,0.41782450675964355,0.3167450428009033,6.803318508842187e-05
1891,0.40741896629333496,0.3783618211746216,0.2905714809894562,6.792689266342416e-05
1892,0.4286418855190277,0.3983776569366455,0.30264219641685486,6.782064061455504e-05
1893,0.435790479183197,0.4049466848373413,0.30843809247016907,6.77144290755729e-05
1894,0.40421563386917114,0.3754936158657074,0.28722020983695984,6.760825818018508e-05
1895,0.4162418842315674,0.386910617351532,0.29331251978874207,6.750212806204777e-05
1896,0.43794819712638855,0.4067794978618622,0.31168702244758606,6.739603885476582e-05
1897,0.43339887261390686,0.40214577317237854,0.31253087520599365,6.728999069189263e-05
1898,0.4382888674736023,0.40731728076934814,0.30971574783325195,6.718398370692993e-05
1899,0.4587748944759369,0.425498366355896,0.3327653408050537,6.707801803332754e-05
1900,0.4495079517364502,0.4166836142539978,0.328243225812912,6.697209380448333e-05
1901,0.41619986295700073,0.38713178038597107,0.2906809449195862,6.68662111537429e-05
1902,0.43964883685112,0.4082999527454376,0.31348884105682373,6.676037021439971e-05
1903,0.4397720992565155,0.4088512361049652,0.30920854210853577,6.665457111969451e-05
1904,0.4465939402580261,0.4143655598163605,0.3222838342189789,6.654881400281547e-05
1905,0.4584657847881317,0.4258081018924713,0.32657676935195923,6.644309899689793e-05
1906,0.438180148601532,0.40747079253196716,0.30709341168403625,6.63374262350241e-05
1907,0.4169396162033081,0.38760408759117126,0.29335516691207886,6.623179585022316e-05
1908,0.394218385219574,0.3667280375957489,0.27490362524986267,6.612620797547087e-05
1909,0.42228472232818604,0.3918691873550415,0.3041554093360901,6.602066274368947e-05
1910,0.4336410164833069,0.40270817279815674,0.3093285858631134,6.59151602877475e-05
1911,0.4434698224067688,0.41213518381118774,0.313346266746521,6.580970074045975e-05
1912,0.45051053166389465,0.4182264506816864,0.3228408992290497,6.570428423458687e-05
1913,0.4530092179775238,0.4207373261451721,0.32271891832351685,6.559891090283537e-05
1914,0.4215613603591919,0.39180272817611694,0.29758623242378235,6.549358087785744e-05
1915,0.4412823021411896,0.40950918197631836,0.3177311420440674,6.538829429225069e-05
1916,0.43155238032341003,0.40095284581184387,0.30599531531333923,6.528305127855816e-05
1917,0.45037972927093506,0.4185057282447815,0.3187400996685028,6.517785196926792e-05
1918,0.4197787642478943,0.3901285231113434,0.29650241136550903,6.507269649681307e-05
1919,0.44524937868118286,0.41393914818763733,0.3131023049354553,6.496758499357148e-05
1920,0.43163007497787476,0.4009357988834381,0.30694276094436646,6.486251759186572e-05
1921,0.4339943826198578,0.40354594588279724,0.3044843375682831,6.475749442396289e-05
1922,0.42859673500061035,0.3984999656677246,0.30096763372421265,6.465251562207431e-05
1923,0.4381166398525238,0.4071405827999115,0.30976060032844543,6.454758131835545e-05
1924,0.4209432601928711,0.3913334608078003,0.29609808325767517,6.44426916449058e-05
1925,0.4328584372997284,0.40230315923690796,0.30555278062820435,6.43378467337687e-05
1926,0.4432348608970642,0.41179850697517395,0.31436359882354736,6.423304671693107e-05
1927,0.44131535291671753,0.40990307927131653,0.3141228258609772,6.412829172632338e-05
1928,0.43845391273498535,0.40713435411453247,0.31319570541381836,6.402358189381934e-05
1929,0.4214075803756714,0.39119312167167664,0.30214452743530273,6.391891735123582e-05
1930,0.4435161352157593,0.41242584586143494,0.31090283393859863,6.38142982303328e-05
1931,0.4094710350036621,0.3805687427520752,0.28902289271354675,6.370972466281291e-05
1932,0.44430726766586304,0.41284680366516113,0.31460461020469666,6.360519678032157e-05
1933,0.42797571420669556,0.39733782410621643,0.30637893080711365,6.350071471444661e-05
1934,0.45386993885040283,0.4213916063308716,0.3247833549976349,6.339627859671814e-05
1935,0.4218987226486206,0.3920544385910034,0.29844290018081665,6.32918885586086e-05
1936,0.4474901854991913,0.4153200685977936,0.3217012584209442,6.318754473153221e-05
1937,0.4060206115245819,0.3771924078464508,0.2882819175720215,6.308324724684518e-05
1938,0.4683520793914795,0.4349696934223175,0.3338238596916199,6.297899623584532e-05
1939,0.4420899748802185,0.4108737111091614,0.3121626079082489,6.287479182977184e-05
1940,0.41583019495010376,0.3864016532897949,0.29428544640541077,6.277063415980549e-05
1941,0.44415023922920227,0.4129587709903717,0.3119147717952728,6.266652335706802e-05
1942,0.4629487991333008,0.429805725812912,0.3314307928085327,6.256245955262221e-05
1943,0.4253181517124176,0.3952932357788086,0.30024904012680054,6.245844287747168e-05
1944,0.4374258518218994,0.40655621886253357,0.30869632959365845,6.23544734625608e-05
1945,0.4354926645755768,0.4048070013523102,0.306856632232666,6.225055143877434e-05
1946,0.4286845922470093,0.39871615171432495,0.2996845245361328,6.214667693693744e-05
1947,0.4486739933490753,0.4167398512363434,0.31934136152267456,6.20428500878154e-05
1948,0.4216776490211487,0.392210453748703,0.2946721017360687,6.193907102211358e-05
1949,0.4075915813446045,0.37847334146499634,0.29118239879608154,6.183533987047716e-05
1950,0.42326369881629944,0.393594354391098,0.2966933250427246,6.173165676349103e-05
1951,0.4494251608848572,0.41753584146499634,0.3188931345939636,6.162802183167954e-05
1952,0.4284417927265167,0.39805442094802856,0.30387383699417114,6.152443520550641e-05
1953,0.41869592666625977,0.3892633318901062,0.2943260371685028,6.14208970153746e-05
1954,0.4188443422317505,0.3890772759914398,0.29767081141471863,6.1317407391626e-05
1955,0.4359198212623596,0.40524452924728394,0.3067528307437897,6.121396646454149e-05
1956,0.4415583610534668,0.4100877642631531,0.31470608711242676,6.111057436434056e-05
1957,0.42778173089027405,0.3978329002857208,0.2994883358478546,6.1007231221181206e-05
1958,0.44261497259140015,0.41109541058540344,0.315195769071579,6.090393716515983e-05
1959,0.4002138674259186,0.3722727298736572,0.2794114351272583,6.0800692326311095e-05
1960,0.4328497648239136,0.40238505601882935,0.30464714765548706,6.069749683460765e-05
1961,0.4385756552219391,0.4079507887363434,0.3062485456466675,6.059435081996001e-05
1962,0.4666372239589691,0.4333426356315613,0.3329457640647888,6.049125441221639e-05
1963,0.44494107365608215,0.41344818472862244,0.3149290084838867,6.038820774116265e-05
1964,0.4299757778644562,0.39955732226371765,0.3041846454143524,6.0285210936521955e-05
1965,0.4159936010837555,0.3868798017501831,0.29113805294036865,6.018226412795469e-05
1966,0.4088866710662842,0.3797989785671234,0.2908768057823181,6.0079367445058354e-05
1967,0.42724525928497314,0.39663320779800415,0.30612045526504517,5.997652101736726e-05
1968,0.4382316470146179,0.4069725275039673,0.31259116530418396,5.9873724974352585e-05
1969,0.42879518866539,0.39823654294013977,0.30558645725250244,5.977097944542198e-05
1970,0.41169318556785583,0.3819311857223511,0.2976199984550476,5.9668284559919504e-05
1971,0.4341600239276886,0.4037390351295471,0.3042098581790924,5.956564044712551e-05
1972,0.4305739104747772,0.40033695101737976,0.3023695945739746,5.94630472362564e-05
1973,0.44413653016090393,0.41285282373428345,0.3128369450569153,5.936050505646452e-05
1974,0.39573007822036743,0.36754778027534485,0.28182291984558105,5.925801403683797e-05
1975,0.4391501545906067,0.4079425036907196,0.3120764493942261,5.9155574306400395e-05
1976,0.40375033020973206,0.3751640021800995,0.28586316108703613,5.9053185994110974e-05
1977,0.4175597131252289,0.38802629709243774,0.2953340709209442,5.8950849228864025e-05
1978,0.44725915789604187,0.41635429859161377,0.30904850363731384,5.884856413948913e-05
1979,0.4288891553878784,0.3983239233493805,0.3056522309780121,5.87463308547507e-05
1980,0.43338024616241455,0.40286341309547424,0.305168479681015,5.864414950334796e-05
1981,0.4469870626926422,0.4149825870990753,0.3200446665287018,5.8542020213914726e-05
1982,0.4381701946258545,0.406853586435318,0.3131661117076874,5.843994311501939e-05
1983,0.44308340549468994,0.4119492173194885,0.3113417327404022,5.833791833516453e-05
1984,0.427742063999176,0.3976936340332031,0.30048421025276184,5.82359460027869e-05
1985,0.44700372219085693,0.41478031873703003,0.3222341239452362,5.8134026246257225e-05
1986,0.42606043815612793,0.39582395553588867,0.3023647665977478,5.8032159193879985e-05
1987,0.42760777473449707,0.3972280025482178,0.3037978410720825,5.793034497389345e-05
1988,0.4304395914077759,0.40037909150123596,0.30060502886772156,5.782858371446927e-05
1989,0.4388453960418701,0.40751591324806213,0.3132948577404022,5.772687554371241e-05
1990,0.4184730648994446,0.3887050449848175,0.29768022894859314,5.762522058966113e-05
1991,0.4462784230709076,0.4141303300857544,0.3214808702468872,5.752361898028653e-05
1992,0.43250447511672974,0.40186917781829834,0.30635303258895874,5.7422070843492734e-05
1993,0.41574370861053467,0.38619303703308105,0.2955068051815033,5.732057630711638e-05
1994,0.4341074228286743,0.403481662273407,0.3062574565410614,5.721913549892674e-05
1995,0.4184545576572418,0.3887179493904114,0.29736605286598206,5.711774854662535e-05
1996,0.4449114203453064,0.4137652814388275,0.3114612400531769,5.701641557784609e-05
1997,0.44180166721343994,0.4102442264556885,0.31557443737983704,5.69151367201548e-05
1998,0.42699670791625977,0.39655426144599915,0.3044244050979614,5.681391210104916e-05
1999,0.43701356649398804,0.40606415271759033,0.3094939887523651,5.671274184795865e-05
2000,0.43722376227378845,0.4065797030925751,0.3064405918121338,5.6611626088244194e-05
2001,0.43023681640625,0.3996659219264984,0.3057088255882263,5.651056494919831e-05
2002,0.4144320785999298,0.385491281747818,0.2894079089164734,5.640955855804455e-05
2003,0.44041121006011963,0.4089636206626892,0.3144759237766266,5.63086070419377e-05
2004,0.43127813935279846,0.40063145756721497,0.3064667284488678,5.620771052796339e-05
2005,0.44883131980895996,0.41711491346359253,0.3171641528606415,5.610686914313796e-05
2006,0.4577481746673584,0.4253118932247162,0.3243628442287445,5.6006083014408484e-05
2007,0.41403457522392273,0.3847837448120117,0.2925082743167877,5.590535226865238e-05
2008,0.4163549244403839,0.38693130016326904,0.29423633217811584,5.5804677032677354e-05
2009,0.46418118476867676,0.4314501881599426,0.32731008529663086,5.570405743322124e-05
2010,0.4152219891548157,0.38546669483184814,0.29755303263664246,5.560349359695181e-05
2011,0.41080912947654724,0.38157594203948975,0.29233190417289734,5.550298565046672e-05
2012,0.4240575432777405,0.3944753110408783,0.29582226276397705,5.540253372029315e-05
2013,0.4223325252532959,0.39265725016593933,0.2967527508735657,5.53021379328879e-05
2014,0.4424452781677246,0.4111402928829193,0.313049852848053,5.520179841463693e-05
2015,0.42299842834472656,0.39286693930625916,0.30131474137306213,5.510151529185553e-05
2016,0.42408493161201477,0.3940933048725128,0.29991626739501953,5.5001288690787886e-05
2017,0.41475409269332886,0.385002464056015,0.29751643538475037,5.490111873760705e-05
2018,0.4277935028076172,0.39764857292175293,0.3014492690563202,5.480100555841478e-05
2019,0.43883827328681946,0.4078609347343445,0.309773325920105,5.4700949279241295e-05
2020,0.44357872009277344,0.41205400228500366,0.3152470886707306,5.4600950026045326e-05
2021,0.4451483488082886,0.41356563568115234,0.31582722067832947,5.4501007924713707e-05
2022,0.44452542066574097,0.41264820098876953,0.31877219676971436,5.440112310106134e-05
2023,0.41988909244537354,0.390225887298584,0.29663220047950745,5.4301295680830976e-05
2024,0.4174443185329437,0.3877164125442505,0.2972789406776428,5.420152578969326e-05
2025,0.4171066880226135,0.3873472213745117,0.29759469628334045,5.410181355324622e-05
2026,0.4456023871898651,0.41406410932540894,0.31538277864456177,5.400215909701547e-05
2027,0.4118078052997589,0.38256847858428955,0.2923932373523712,5.390256254645378e-05
2028,0.44902580976486206,0.41701939702033997,0.3200642466545105,5.380302402694104e-05
2029,0.4349733889102936,0.4043011963367462,0.3067220151424408,5.3703543663784074e-05
2030,0.4485575556755066,0.41640326380729675,0.3215429484844208,5.36041215822166e-05
2031,0.40854325890541077,0.37980222702026367,0.28741025924682617,5.3504757907398836e-05
2032,0.42882978916168213,0.39839643239974976,0.30433356761932373,5.340545276441755e-05
2033,0.4437474012374878,0.4120987355709076,0.3164866864681244,5.3306206278285734e-05
2034,0.4350203275680542,0.40416252613067627,0.30857816338539124,5.320701857394268e-05
2035,0.4374973475933075,0.40646249055862427,0.31034860014915466,5.3107889776253536e-05
2036,0.4332888126373291,0.40288034081459045,0.30408477783203125,5.3008820010009464e-05
2037,0.42048564553260803,0.39111512899398804,0.2937052547931671,5.290980939992713e-05
2038,0.4446507692337036,0.4130915105342865,0.3155926764011383,5.281085807064881e-05
2039,0.41705945134162903,0.38754507899284363,0.29514381289482117,5.27119661467422e-05
2040,0.42318299412727356,0.3930967450141907,0.30086255073547363,5.261313375270014e-05
2041,0.44829848408699036,0.4161812961101532,0.3211718201637268,5.251436101294056e-05
2042,0.45213815569877625,0.42034628987312317,0.3179185688495636,5.2415648051806275e-05
2043,0.44343459606170654,0.41198477149009705,0.3144982159137726,5.231699499356484e-05
2044,0.4309692978858948,0.40024566650390625,0.3072364628314972,5.221840196240848e-05
2045,0.4524511694908142,0.4201929569244385,0.32258209586143494,5.211986908245374e-05
2046,0.44759249687194824,0.4159773886203766,0.3161509335041046,5.202139647774149e-05
2047,0.45653587579727173,0.4240890443325043,0.324468195438385,5.192298427223676e-05
2048,0.43416085839271545,0.4035283327102661,0.30632534623146057,5.182463258982846e-05
2049,0.42514243721961975,0.3950120210647583,0.3013041913509369,5.172634155432943e-05
2050,0.4353172779083252,0.40457284450531006,0.3074442148208618,5.1628111289476035e-05
2051,0.43901917338371277,0.40832793712615967,0.30691227316856384,5.1529941918928204e-05
2052,0.4510313868522644,0.41873931884765625,0.3229205906391144,5.143183356626916e-05
2053,0.4269907772541046,0.3964283764362335,0.3056241273880005,5.133378635500543e-05
2054,0.47465652227401733,0.44099751114845276,0.3365899920463562,5.123580040856644e-05
2055,0.4174974262714386,0.3880269527435303,0.29470473527908325,5.113787585030454e-05
2056,0.420466810464859,0.39086589217185974,0.29600927233695984,5.1040012803494795e-05
2057,0.39836665987968445,0.3699226975440979,0.2844396233558655,5.0942211391334824e-05
2058,0.41833412647247314,0.3883451819419861,0.29988953471183777,5.084447173694469e-05
2059,0.4415102005004883,0.41022107005119324,0.3128914535045624,5.0746793963366744e-05
2060,0.4402489960193634,0.40905874967575073,0.31190234422683716,5.0649178193565314e-05
2061,0.43500179052352905,0.40411755442619324,0.3088423013687134,5.055162455042679e-05
2062,0.3980858623981476,0.36963531374931335,0.28450560569763184,5.045413315675924e-05
2063,0.42348992824554443,0.3935733437538147,0.2991656959056854,5.035670413529251e-05
2064,0.4254911243915558,0.39518633484840393,0.3030478060245514,5.025933760867781e-05
2065,0.4436130225658417,0.4120093584060669,0.31603655219078064,5.016203369948773e-05
2066,0.45590874552726746,0.423418790102005,0.3248995840549469,5.006479253021597e-05
2067,0.44261616468429565,0.41136428713798523,0.3125186562538147,4.996761422327737e-05
2068,0.4255326986312866,0.3955330550670624,0.29999637603759766,4.9870498901007524e-05
2069,0.4241521656513214,0.39414846897125244,0.3000370264053345,4.977344668566275e-05
2070,0.44620707631111145,0.41430532932281494,0.31901735067367554,4.967645769942e-05
2071,0.45027244091033936,0.4181218147277832,0.32150617241859436,4.957953206437651e-05
2072,0.43094581365585327,0.40056902170181274,0.30376777052879333,4.9482669902549894e-05
2073,0.45409587025642395,0.42169487476348877,0.3240099847316742,4.938587133587777e-05
2074,0.4083254337310791,0.3798147737979889,0.28510648012161255,4.92891364862177e-05
2075,0.42359399795532227,0.39372992515563965,0.2986408472061157,4.919246547534708e-05
2076,0.4215996563434601,0.392079621553421,0.29520028829574585,4.909585842496287e-05
2077,0.4281556308269501,0.39762115478515625,0.305344820022583,4.899931545668164e-05
2078,0.432304322719574,0.40173137187957764,0.3057294189929962,4.890283669203915e-05
2079,0.47780972719192505,0.44343897700309753,0.3437073826789856,4.880642225249041e-05
2080,0.4360641837120056,0.40529876947402954,0.30765417218208313,4.87100722594094e-05
2081,0.43920615315437317,0.40768226981163025,0.3152388334274292,4.8613786834089024e-05
2082,0.40981510281562805,0.38078537583351135,0.2902972102165222,4.851756609774094e-05
2083,0.42625120282173157,0.3960874676704407,0.3016374409198761,4.842141017149526e-05
2084,0.4289541244506836,0.3981929421424866,0.30761197209358215,4.8325319176400576e-05
2085,0.4575517177581787,0.4252270460128784,0.3232468366622925,4.822929323342369e-05
2086,0.48150449991226196,0.44676801562309265,0.34736472368240356,4.81333324634496e-05
2087,0.4332304000854492,0.40284883975982666,0.303815633058548,4.8037436987281194e-05
2088,0.43799304962158203,0.40695443749427795,0.31038618087768555,4.794160692563917e-05
2089,0.40651389956474304,0.37800469994544983,0.2850920259952545,4.7845842399161874e-05
2090,0.4421314001083374,0.41082894802093506,0.31302449107170105,4.7750143528405126e-05
2091,0.4515432119369507,0.4193167984485626,0.32226404547691345,4.76545104338422e-05
2092,0.4535737931728363,0.421673446893692,0.3190033435821533,4.755894323586342e-05
2093,0.42553117871284485,0.3951595425605774,0.3037164509296417,4.746344205477631e-05
2094,0.4399619996547699,0.40909332036972046,0.308686763048172,4.736800701080515e-05
2095,0.446005642414093,0.4143824577331543,0.31623172760009766,4.727263822409099e-05
2096,0.4451408088207245,0.41312360763549805,0.3201720714569092,4.717733581469157e-05
2097,0.4413485527038574,0.4103105962276459,0.3103797137737274,4.708209990258095e-05
2098,0.4258913993835449,0.3959102928638458,0.2998110353946686,4.6986930607649535e-05
2099,0.4257075786590576,0.3953095078468323,0.30398082733154297,4.68918280497038e-05
2100,0.41653698682785034,0.3873274326324463,0.2920953929424286,4.6796792348466356e-05
2101,0.44789496064186096,0.4157906472682953,0.3210430443286896,4.67018236235755e-05
2102,0.4493884742259979,0.41671913862228394,0.3266933858394623,4.6606921994585274e-05
2103,0.44803139567375183,0.41626882553100586,0.31762582063674927,4.651208758096521e-05
2104,0.4214169979095459,0.39155149459838867,0.29865509271621704,4.6417320502100316e-05
2105,0.43876734375953674,0.4079524874687195,0.30814868211746216,4.63226208772908e-05
2106,0.4419589936733246,0.4103858768939972,0.3157311677932739,4.62279888257519e-05
2107,0.4069862365722656,0.3783760666847229,0.2861018180847168,4.613342446661383e-05
2108,0.444854199886322,0.41326481103897095,0.3158940076828003,4.603892791892157e-05
2109,0.4480072855949402,0.41641131043434143,0.31595972180366516,4.594449930163471e-05
2110,0.41297394037246704,0.38382840156555176,0.2914554476737976,4.5850138733627434e-05
2111,0.4296247959136963,0.3995125889778137,0.3011220097541809,4.575584633368815e-05
2112,0.43239128589630127,0.4019244313240051,0.3046686351299286,4.566162222051946e-05
2113,0.4258136451244354,0.3957613706588745,0.30052271485328674,4.556746651273802e-05
2114,0.4436477720737457,0.4123680591583252,0.31279706954956055,4.547337932887443e-05
2115,0.4421142041683197,0.4105578660964966,0.31556329131126404,4.537936078737292e-05
2116,0.4403442144393921,0.4093800187110901,0.30964186787605286,4.52854110065914e-05
2117,0.4448893666267395,0.4132797420024872,0.3160962164402008,4.519153010480118e-05
2118,0.4231991469860077,0.3931158483028412,0.30083292722702026,4.5097718200186814e-05
2119,0.4550893306732178,0.42289841175079346,0.3219092786312103,4.50039754108461e-05
2120,0.4257470667362213,0.39603155851364136,0.2971549928188324,4.491030185478976e-05
2121,0.45571762323379517,0.42325690388679504,0.32460731267929077,4.481669764994134e-05
2122,0.45496684312820435,0.42246344685554504,0.3250340223312378,4.472316291413715e-05
2123,0.4306597113609314,0.4001382887363434,0.3052143156528473,4.4629697765125934e-05
2124,0.42780232429504395,0.3975662589073181,0.3023606538772583,4.453630232056901e-05
2125,0.4364272952079773,0.4056650400161743,0.3076225817203522,4.444297669803981e-05
2126,0.44132936000823975,0.40986326336860657,0.31466108560562134,4.434972101502385e-05
2127,0.4238375127315521,0.3935876190662384,0.30249881744384766,4.425653538891874e-05
2128,0.4319545328617096,0.4010162353515625,0.30938291549682617,4.416341993703373e-05
2129,0.4203709065914154,0.3902595341205597,0.30111363530158997,4.407037477658992e-05
2130,0.42703041434288025,0.3964494466781616,0.3058096468448639,4.3977400024719725e-05
2131,0.44840845465660095,0.41700565814971924,0.31402787566185,4.388449579846705e-05
2132,0.43860456347465515,0.4077646732330322,0.30839890241622925,4.379166221478697e-05
2133,0.4614921808242798,0.4289259910583496,0.32566189765930176,4.36988993905456e-05
2134,0.4277534782886505,0.39713844656944275,0.3061502277851105,4.36062074425201e-05
2135,0.4397912323474884,0.4088698923587799,0.30921342968940735,4.351358648739826e-05
2136,0.4235793948173523,0.3935209810733795,0.300584077835083,4.3421036641778556e-05
2137,0.42692217230796814,0.3966789245605469,0.30243241786956787,4.332855802217e-05
2138,0.4269079566001892,0.396240234375,0.3066772222518921,4.323615074499183e-05
2139,0.4323430061340332,0.4020894765853882,0.3025352656841278,4.31438149265736e-05
2140,0.4185510575771332,0.38881585001945496,0.2973521053791046,4.305155068315481e-05
2141,0.44568997621536255,0.41449353098869324,0.31196457147598267,4.295935813088487e-05
2142,0.42024868726730347,0.39053645730018616,0.29712221026420593,4.2867237385822935e-05
2143,0.4257051646709442,0.3954465985298157,0.3025857210159302,4.2775188563937843e-05
2144,0.4498644173145294,0.41809505224227905,0.3176937401294708,4.268321178110779e-05
2145,0.4215161204338074,0.3915642201900482,0.2995190918445587,4.259130715312033e-05
2146,0.40848109126091003,0.379392147064209,0.2908894121646881,4.249947479567218e-05
2147,0.446242094039917,0.41490134596824646,0.31340742111206055,4.2407714824369024e-05
2148,0.4343700110912323,0.40333688259124756,0.31033119559288025,4.231602735472552e-05
2149,0.4310171604156494,0.40090876817703247,0.301084041595459,4.222441250216502e-05
2150,0.3942604959011078,0.36662691831588745,0.2763358950614929,4.213287038201943e-05
2151,0.45528754591941833,0.4228743612766266,0.32413187623023987,4.20414011095291e-05
2152,0.43086978793144226,0.40010660886764526,0.30763188004493713,4.195000479984265e-05
2153,0.4282015562057495,0.39790335297584534,0.3029819130897522,4.185868156801694e-05
2154,0.44627994298934937,0.4144059121608734,0.31874027848243713,4.1767431529016766e-05
2155,0.40542885661125183,0.37644603848457336,0.2898281514644623,4.1676254797714766e-05
2156,0.4277002811431885,0.3977394700050354,0.2996082305908203,4.1585151488891305e-05
2157,0.4447726309299469,0.4131756126880646,0.31597021222114563,4.149412171723438e-05
2158,0.44226327538490295,0.4107101857662201,0.3155308663845062,4.140316559733935e-05
2159,0.4275156259536743,0.39685213565826416,0.3066347539424896,4.1312283243708836e-05
2160,0.4492291808128357,0.416546106338501,0.32683083415031433,4.12214747707527e-05
2161,0.4326705038547516,0.4021373689174652,0.30533143877983093,4.113074029278765e-05
2162,0.4327223002910614,0.40186506509780884,0.30857229232788086,4.1040079924037386e-05
2163,0.4204100966453552,0.3905307650566101,0.2987934350967407,4.0949493778632244e-05
2164,0.4491882622241974,0.4169665277004242,0.3222174346446991,4.085898197060911e-05
2165,0.4218720495700836,0.3924765884876251,0.2939544916152954,4.0768544613911294e-05
2166,0.43564373254776,0.40423980355262756,0.31403928995132446,4.067818182238838e-05
2167,0.4421532154083252,0.41011103987693787,0.3204217553138733,4.058789370979617e-05
2168,0.42856281995773315,0.39770951867103577,0.3085329234600067,4.049768038979631e-05
2169,0.4331384003162384,0.40231263637542725,0.3082575500011444,4.04075419759564e-05
2170,0.41706982254981995,0.38746771216392517,0.29602107405662537,4.031747858174964e-05
2171,0.41976025700569153,0.3903822898864746,0.29377955198287964,4.0227490320554916e-05
2172,0.42177748680114746,0.3914755582809448,0.3030191957950592,4.0137577305656485e-05
2173,0.42207562923431396,0.3923731744289398,0.2970243990421295,4.004773965024383e-05
2174,0.44307512044906616,0.4113524556159973,0.31722667813301086,3.9957977467411615e-05
2175,0.4309975206851959,0.40072670578956604,0.3027082085609436,3.9868290870159405e-05
2176,0.4273856282234192,0.3970945477485657,0.3029109239578247,3.9778679971391785e-05
2177,0.4233582615852356,0.3932303488254547,0.3012791872024536,3.96891448839179e-05
2178,0.42932790517807007,0.3985201418399811,0.30807772278785706,3.959968572045148e-05
2179,0.4444642663002014,0.41291508078575134,0.31549200415611267,3.951030259361072e-05
2180,0.41715121269226074,0.38741999864578247,0.2973122000694275,3.942099561591802e-05
2181,0.434076189994812,0.403143048286438,0.30933132767677307,3.933176489980005e-05
2182,0.43464726209640503,0.40384194254875183,0.30805307626724243,3.924261055758731e-05
2183,0.40569496154785156,0.37721529603004456,0.2847966253757477,3.915353270151433e-05
2184,0.4091445207595825,0.3800446391105652,0.2909989655017853,3.90645314437192e-05
2185,0.4256785809993744,0.3955930471420288,0.300855427980423,3.897560689624362e-05
2186,0.4432118237018585,0.411976158618927,0.3123566210269928,3.888675917103283e-05
2187,0.4538271725177765,0.42178598046302795,0.3204118013381958,3.879798837993521e-05
2188,0.410180926322937,0.3808477818965912,0.29333147406578064,3.8709294634702376e-05
2189,0.4258970022201538,0.39552226662635803,0.30374735593795776,3.862067804698889e-05
2190,0.4463783800601959,0.4149848520755768,0.31393516063690186,3.853213872835228e-05
2191,0.431407630443573,0.400823712348938,0.3058392405509949,3.844367679025274e-05
2192,0.42782530188560486,0.3969556987285614,0.30869609117507935,3.8355292344053026e-05
2193,0.4029079079627991,0.37437471747398376,0.285332053899765,3.826698550101836e-05
2194,0.4443407654762268,0.4128212630748749,0.3151949644088745,3.8178756372316294e-05
2195,0.45676150918006897,0.4244784712791443,0.322830468416214,3.8090605069016595e-05
2196,0.4198189973831177,0.39013174176216125,0.29687249660491943,3.800253170209094e-05
2197,0.4135012626647949,0.3834860920906067,0.30015167593955994,3.7914536382412956e-05
2198,0.4245857894420624,0.39502352476119995,0.2956225574016571,3.782661922075803e-05
2199,0.43101346492767334,0.40041494369506836,0.30598512291908264,3.773878032780309e-05
2200,0.42639943957328796,0.39626264572143555,0.3013679087162018,3.7651019814126654e-05
2201,0.41380447149276733,0.3841332495212555,0.29671233892440796,3.7563337790208476e-05
2202,0.4321570098400116,0.4016193747520447,0.305376261472702,3.747573436642951e-05
2203,0.444474458694458,0.41272255778312683,0.31751886010169983,3.738820965307176e-05
2204,0.4307563006877899,0.400283545255661,0.3047274351119995,3.730076376031821e-05
2205,0.44147104024887085,0.41004034876823425,0.31430697441101074,3.721339679825252e-05
2206,0.4223255217075348,0.3919012248516083,0.30424296855926514,3.712610887685909e-05
2207,0.43456417322158813,0.4040064513683319,0.3055770695209503,3.703890010602274e-05
2208,0.42159366607666016,0.39186322689056396,0.2973043918609619,3.695177059552861e-05
2209,0.44464778900146484,0.4133566915988922,0.3129110634326935,3.686472045506223e-05
2210,0.43075308203697205,0.40050479769706726,0.30248281359672546,3.677774979420904e-05
2211,0.45729365944862366,0.42438289523124695,0.3291076123714447,3.66908587224545e-05
2212,0.45205095410346985,0.420135498046875,0.31915444135665894,3.660404734918387e-05
2213,0.4525817036628723,0.4205521047115326,0.3202960193157196,3.6517315783682036e-05
2214,0.42569246888160706,0.3951995372772217,0.3049292266368866,3.643066413513354e-05
2215,0.4474668502807617,0.41596969962120056,0.31497159600257874,3.634409251262217e-05
2216,0.431562215089798,0.4011935889720917,0.30368632078170776,3.6257601025131026e-05
2217,0.4253251254558563,0.39482542872428894,0.304997056722641,3.61711897815424e-05
2218,0.4359782636165619,0.4050384759902954,0.30939775705337524,3.608485889063744e-05
2219,0.4350528120994568,0.40448620915412903,0.3056661784648895,3.599860846109626e-05
2220,0.4553823173046112,0.42294424772262573,0.32438066601753235,3.591243860149759e-05
2221,0.423360675573349,0.3929511606693268,0.30409523844718933,3.582634942031878e-05
2222,0.43111512064933777,0.4004550576210022,0.3066006004810333,3.574034102593557e-05
2223,0.4251615107059479,0.3947172164916992,0.3044429421424866,3.565441352662211e-05
2224,0.4410307705402374,0.4091455042362213,0.3188527822494507,3.556856703055058e-05
2225,0.4294988214969635,0.3988795876502991,0.3061923384666443,3.548280164579126e-05
2226,0.4415335953235626,0.4103039503097534,0.3122963309288025,3.539711748031227e-05
2227,0.4306752681732178,0.4000689685344696,0.3060629069805145,3.531151464197957e-05
2228,0.4224094748497009,0.3921547830104828,0.30254682898521423,3.5225993238556644e-05
2229,0.4373149275779724,0.4063674211502075,0.3094751536846161,3.514055337770455e-05
2230,0.4306045472621918,0.4000799059867859,0.3052464723587036,3.5055195166981645e-05
2231,0.4353006184101105,0.40452128648757935,0.3077932894229889,3.496991871384346e-05
2232,0.44824469089508057,0.416402667760849,0.31842026114463806,3.488472412564264e-05
2233,0.4354453384876251,0.40468156337738037,0.3076378405094147,3.479961150962884e-05
2234,0.4232676923274994,0.39338961243629456,0.2987808883190155,3.4714580972948406e-05
2235,0.45520275831222534,0.42197099328041077,0.33231765031814575,3.462963262264444e-05
2236,0.4157958924770355,0.38627225160598755,0.2952362895011902,3.4544766565656505e-05
2237,0.43308931589126587,0.4021816551685333,0.3090765178203583,3.445998290882062e-05
2238,0.4244896471500397,0.3941013813018799,0.30388256907463074,3.4375281758869114e-05
2239,0.45030447840690613,0.41842758655548096,0.3187689185142517,3.429066322243033e-05
2240,0.42684778571128845,0.3963579833507538,0.3048979938030243,3.420612740602875e-05
2241,0.41018950939178467,0.3814616799354553,0.28727829456329346,3.4121674416084584e-05
2242,0.4346800744533539,0.40374627709388733,0.3093380630016327,3.403730435891391e-05
2243,0.43911752104759216,0.407821387052536,0.31296125054359436,3.39530173407283e-05
2244,0.42921513319015503,0.39839285612106323,0.30822277069091797,3.386881346763483e-05
2245,0.4304594099521637,0.3997514545917511,0.3070794343948364,3.378469284563589e-05
2246,0.4326151907444,0.402294784784317,0.3032040596008301,3.370065558062906e-05
2247,0.430673211812973,0.40075618028640747,0.29917028546333313,3.3616701778407065e-05
2248,0.41251271963119507,0.38335442543029785,0.29158279299736023,3.353283154465746e-05
2249,0.4146072566509247,0.38523346185684204,0.2937379479408264,3.34490449849626e-05
2250,0.4295010566711426,0.3987330198287964,0.3076804578304291,3.336534220479961e-05
2251,0.4423719644546509,0.4109782874584198,0.31393691897392273,3.3281723309540025e-05
2252,0.4470072388648987,0.4147743880748749,0.32232844829559326,3.319818840444987e-05
2253,0.43419650197029114,0.40345433354377747,0.3074217140674591,3.311473759468938e-05
2254,0.4499601125717163,0.4175979793071747,0.32362136244773865,3.3031370985312934e-05
2255,0.4382728040218353,0.4072837829589844,0.30989018082618713,3.294808868126894e-05
2256,0.4359069764614105,0.4050895869731903,0.30817392468452454,3.28648907873996e-05
2257,0.42703720927238464,0.39669889211654663,0.3033832907676697,3.2781777408441e-05
2258,0.40118348598480225,0.3728029727935791,0.283805251121521,3.269874864902269e-05
2259,0.42473670840263367,0.39502525329589844,0.29711467027664185,3.261580461366776e-05
2260,0.41793763637542725,0.38878941535949707,0.2914821207523346,3.253294540679257e-05
2261,0.4319862425327301,0.40129655599594116,0.30689680576324463,3.245017113270685e-05
2262,0.41921424865722656,0.38968387246131897,0.29530391097068787,3.236748189561324e-05
2263,0.4387146234512329,0.4075927734375,0.3112184405326843,3.228487779960745e-05
2264,0.42156872153282166,0.3917762041091919,0.29792520403862,3.220235894867794e-05
2265,0.4201548993587494,0.3907381594181061,0.2941673696041107,3.211992544670581e-05
2266,0.4419078826904297,0.4111861288547516,0.3072175979614258,3.203757739746489e-05
2267,0.42593565583229065,0.395468533039093,0.30467110872268677,3.195531490462128e-05
2268,0.4246255159378052,0.39449045062065125,0.30135074257850647,3.18731380717334e-05
2269,0.430111825466156,0.4001779556274414,0.29933875799179077,3.1791047002251884e-05
2270,0.44975176453590393,0.41793304681777954,0.31818723678588867,3.1709041799519315e-05
2271,0.4299773573875427,0.39930424094200134,0.30673110485076904,3.162712256677032e-05
2272,0.4238975942134857,0.39382031559944153,0.30077290534973145,3.154528940713113e-05
2273,0.4123285710811615,0.3832513093948364,0.2907726466655731,3.1463542423619794e-05
2274,0.43861639499664307,0.4080009162425995,0.30615469813346863,3.1381881719145724e-05
2275,0.432159423828125,0.40136078000068665,0.30798640847206116,3.130030739650983e-05
2276,0.43630415201187134,0.40570196509361267,0.3060219883918762,3.121881955840421e-05
2277,0.4560783803462982,0.42360952496528625,0.32468852400779724,3.1137418307412116e-05
2278,0.42573192715644836,0.3957245349884033,0.30007392168045044,3.105610374600778e-05
2279,0.4218102693557739,0.3919737935066223,0.29836466908454895,3.0974875976556284e-05
2280,0.4171876311302185,0.3871789276599884,0.30008697509765625,3.089373510131355e-05
2281,0.41902899742126465,0.38896018266677856,0.3006882965564728,3.081268122242598e-05
2282,0.41880178451538086,0.38870930671691895,0.3009248673915863,3.073171444193055e-05
2283,0.40939411520957947,0.38071247935295105,0.286816269159317,3.065083486175451e-05
2284,0.4607180953025818,0.42771732807159424,0.33000779151916504,3.057004258371541e-05
2285,0.4275546371936798,0.3974272608757019,0.3012738525867462,3.0489337709520917e-05
2286,0.4447557330131531,0.4128410816192627,0.3191465735435486,3.0408720340768572e-05
2287,0.40888434648513794,0.3799442648887634,0.28940096497535706,3.0328190578945815e-05
2288,0.421481728553772,0.3915294408798218,0.29952272772789,3.0247748525429787e-05
2289,0.4268035292625427,0.39564844965934753,0.3115507662296295,3.0167394281487184e-05
2290,0.43280643224716187,0.4021742045879364,0.3063223659992218,3.008712794827426e-05
2291,0.43358200788497925,0.4027639329433441,0.30818066000938416,3.00069496268365e-05
2292,0.40159761905670166,0.3733043074607849,0.28293323516845703,2.9926859418108644e-05
2293,0.4037182033061981,0.37520745396614075,0.2851075828075409,2.9846857422914433e-05
2294,0.43404996395111084,0.4036630690097809,0.3038690686225891,2.97669437419667e-05
2295,0.43935897946357727,0.4080038070678711,0.3135516941547394,2.9687118475866947e-05
2296,0.4272453784942627,0.3967771530151367,0.3046821355819702,2.960738172510551e-05
2297,0.4317306578159332,0.4009661376476288,0.3076452612876892,2.952773359006119e-05
2298,0.4169326722621918,0.38718923926353455,0.29743432998657227,2.9448174171001254e-05
2299,0.4322280287742615,0.40115103125572205,0.3107698857784271,2.9368703568081356e-05
2300,0.4410818815231323,0.4101392924785614,0.30942586064338684,2.9289321881345254e-05
2301,0.4528321921825409,0.4207204282283783,0.321117639541626,2.921002921072481e-05
2302,0.4399307668209076,0.4084298312664032,0.3150092363357544,2.913082565603982e-05
2303,0.4195041358470917,0.39026370644569397,0.29240426421165466,2.9051711316997864e-05
2304,0.4286576211452484,0.39801931381225586,0.3063831329345703,2.8972686293194308e-05
2305,0.4186425507068634,0.38866180181503296,0.29980751872062683,2.8893750684111975e-05
2306,0.42059090733528137,0.3908042907714844,0.2978662848472595,2.8814904589121137e-05
2307,0.42947664856910706,0.3989390730857849,0.3053756654262543,2.8736148107479478e-05
2308,0.43335258960723877,0.4025750458240509,0.30777549743652344,2.8657481338331715e-05
2309,0.4547617733478546,0.4224349558353424,0.32326817512512207,2.8578904380709793e-05
2310,0.45476141571998596,0.4225270748138428,0.3223433792591095,2.850041733353247e-05
2311,0.43802598118782043,0.406759113073349,0.3126687705516815,2.842202029560538e-05
2312,0.4260461628437042,0.3962823450565338,0.2976381182670593,2.8343713365620772e-05
2313,0.43342694640159607,0.4025459289550781,0.3088100552558899,2.8265496642157597e-05
2314,0.42285609245300293,0.3925263285636902,0.30329757928848267,2.8187370223681132e-05
2315,0.41920673847198486,0.3889453709125519,0.30261358618736267,2.8109334208542993e-05
2316,0.4361498951911926,0.405468612909317,0.3068128526210785,2.803138869498102e-05
2317,0.41416189074516296,0.3846937119960785,0.29468172788619995,2.7953533781119055e-05
2318,0.4145696461200714,0.3852483630180359,0.293212890625,2.7875769564966968e-05
2319,0.41817688941955566,0.38851284980773926,0.2966405153274536,2.779809614442046e-05
2320,0.40664902329444885,0.3785381615161896,0.2811085879802704,2.7720513617260856e-05
2321,0.4447154402732849,0.4131297767162323,0.3158564865589142,2.764302208115509e-05
2322,0.43232136964797974,0.40171539783477783,0.306059867143631,2.7565621633655502e-05
2323,0.451248437166214,0.4193890392780304,0.3185938596725464,2.74883123721999e-05
2324,0.4723961651325226,0.43920210003852844,0.33194053173065186,2.741109439411117e-05
2325,0.4330542981624603,0.4025399386882782,0.3051435649394989,2.7333967796597315e-05
2326,0.42869099974632263,0.3982970118522644,0.30393990874290466,2.7256932676751323e-05
2327,0.44199618697166443,0.4105473756790161,0.3144880533218384,2.7179989131550977e-05
2328,0.42725813388824463,0.3968356251716614,0.3042250871658325,2.7103137257858868e-05
2329,0.4507189095020294,0.41819891333580017,0.32519999146461487,2.7026377152422067e-05
2330,0.421393483877182,0.39195704460144043,0.2943645119667053,2.694970891187224e-05
2331,0.42029696702957153,0.39073553681373596,0.29561418294906616,2.6873132632725297e-05
2332,0.4334210455417633,0.40232059359550476,0.3110044598579407,2.6796648411381485e-05
2333,0.42919233441352844,0.39903032779693604,0.3016200363636017,2.672025634412506e-05
2334,0.43323859572410583,0.4025721549987793,0.30666443705558777,2.6643956527124335e-05
2335,0.4336259365081787,0.40257391333580017,0.310520201921463,2.6567749056431467e-05
2336,0.43384501338005066,0.4032711386680603,0.30573877692222595,2.6491634027982325e-05
2337,0.4242326319217682,0.3941480815410614,0.3008454442024231,2.6415611537596496e-05
2338,0.43608155846595764,0.4051884710788727,0.30893078446388245,2.6339681680977013e-05
2339,0.43620431423187256,0.4051329493522644,0.3107135593891144,2.6263844553710236e-05
2340,0.41284313797950745,0.38354772329330444,0.2929542064666748,2.6188100251265945e-05
2341,0.45360881090164185,0.4215300679206848,0.32078737020492554,2.6112448868996897e-05
2342,0.44977325201034546,0.4173522889614105,0.32420971989631653,2.6036890502139035e-05
2343,0.4328975975513458,0.4020681381225586,0.30829450488090515,2.5961425245811055e-05
2344,0.4295461177825928,0.3989969491958618,0.30549177527427673,2.5886053195014538e-05
2345,0.4050774872303009,0.37647545337677,0.2860202193260193,2.5810774444633644e-05
2346,0.437638521194458,0.4070056974887848,0.3063282370567322,2.573558908943523e-05
2347,0.44149696826934814,0.409684419631958,0.3181253671646118,2.5660497224068415e-05
2348,0.44084060192108154,0.4091087579727173,0.3173183798789978,2.5585498943064724e-05
2349,0.4324897229671478,0.4020463824272156,0.30443352460861206,2.5510594340837824e-05
2350,0.413051038980484,0.38361379504203796,0.29437246918678284,2.5435783511683443e-05
2351,0.433503657579422,0.40315836668014526,0.30345281958580017,2.5361066549779356e-05
2352,0.4248211681842804,0.3950246274471283,0.29796552658081055,2.5286443549185036e-05
2353,0.4493505656719208,0.4176894724369049,0.3166108727455139,2.521191460384178e-05
2354,0.4354242980480194,0.4044191241264343,0.31005173921585083,2.5137479807572427e-05
2355,0.4406050741672516,0.4094962179660797,0.3110884428024292,2.506313925408127e-05
2356,0.4411753714084625,0.41021087765693665,0.30964499711990356,2.4988893036954053e-05
2357,0.4198160469532013,0.39023640751838684,0.29579633474349976,2.4914741249657658e-05
2358,0.3924529552459717,0.36496052145957947,0.2749244272708893,2.484068398554016e-05
2359,0.43291786313056946,0.40243497490882874,0.30482882261276245,2.47667213378306e-05
2360,0.41630274057388306,0.3868653476238251,0.2943739891052246,2.4692853399638917e-05
2361,0.4228168725967407,0.39325547218322754,0.2956138551235199,2.4619080263955875e-05
2362,0.41954952478408813,0.3899605870246887,0.2958894968032837,2.4545402023652784e-05
2363,0.4184563457965851,0.3885302245616913,0.29926133155822754,2.4471818771481648e-05
2364,0.4194774925708771,0.3896521329879761,0.2982536256313324,2.4398330600074713e-05
2365,0.42559289932250977,0.3956468403339386,0.2994607388973236,2.4324937601944685e-05
2366,0.4223315119743347,0.39235880970954895,0.29972702264785767,2.4251639869484375e-05
2367,0.4219103455543518,0.3916972279548645,0.30213111639022827,2.4178437494966688e-05
2368,0.42267146706581116,0.392478346824646,0.30193108320236206,2.410533057054446e-05
2369,0.4292049705982208,0.39878931641578674,0.30415645241737366,2.4032319188250374e-05
2370,0.43094244599342346,0.4004356861114502,0.3050674796104431,2.3959403439996907e-05
2371,0.42636504769325256,0.3962763249874115,0.3008873164653778,2.388658341757607e-05
2372,0.45054054260253906,0.4183323383331299,0.32208219170570374,2.381385921265936e-05
2373,0.4399188160896301,0.408564954996109,0.31353846192359924,2.3741230916797675e-05
2374,0.44239625334739685,0.41106632351875305,0.31329938769340515,2.3668698621421216e-05
2375,0.42992401123046875,0.39940181374549866,0.3052220940589905,2.3596262417839255e-05
2376,0.42256441712379456,0.39228275418281555,0.30281659960746765,2.352392239724016e-05
2377,0.44185951352119446,0.4105168581008911,0.31342649459838867,2.345167865069119e-05
2378,0.43271058797836304,0.40241938829421997,0.30291202664375305,2.33795312691384e-05
2379,0.43839046359062195,0.40704280138015747,0.3134765625,2.330748034340651e-05
2380,0.44690364599227905,0.4152178466320038,0.31685787439346313,2.323552596419889e-05
2381,0.41259339451789856,0.38336697220802307,0.29226428270339966,2.3163668222097313e-05
2382,0.4356020987033844,0.40493473410606384,0.3066735565662384,2.309190720756189e-05
2383,0.42537254095077515,0.39500734210014343,0.3036518394947052,2.3020243010930975e-05
2384,0.42944228649139404,0.39939889311790466,0.30043378472328186,2.2948675722421086e-05
2385,0.44052329659461975,0.40927064418792725,0.3125266432762146,2.2877205432126657e-05
2386,0.44431251287460327,0.4131148159503937,0.3119770586490631,2.280583223002012e-05
2387,0.45287325978279114,0.4209883511066437,0.31884902715682983,2.2734556205951596e-05
2388,0.4394298791885376,0.40823930501937866,0.31190574169158936,2.266337744964888e-05
2389,0.4295947551727295,0.3986918032169342,0.30902940034866333,2.2592296050717388e-05
2390,0.43054044246673584,0.40022075176239014,0.30319705605506897,2.25213120986399e-05
2391,0.4240448474884033,0.39386245608329773,0.3018239438533783,2.2450425682776565e-05
2392,0.4495399594306946,0.4177570044994354,0.3178296685218811,2.237963689236472e-05
2393,0.4342275857925415,0.4033258259296417,0.3090175688266754,2.230894581651879e-05
2394,0.4331734776496887,0.40265995264053345,0.3051353693008423,2.2238352544230255e-05
2395,0.4347623288631439,0.4036676287651062,0.3109470009803772,2.2167857164367422e-05
2396,0.43578040599823,0.4048016369342804,0.3097876012325287,2.2097459765675342e-05
2397,0.45367780327796936,0.4214079678058624,0.32269835472106934,2.2027160436775794e-05
2398,0.42020562291145325,0.3901488780975342,0.30056747794151306,2.195695926616702e-05
2399,0.41204169392585754,0.38305994868278503,0.2898174822330475,2.188685634222376e-05
2400,0.4298909902572632,0.39944911003112793,0.30441877245903015,2.1816851753197032e-05
2401,0.41650593280792236,0.38745343685150146,0.290524959564209,2.174694558721405e-05
2402,0.424893856048584,0.39504215121269226,0.2985171973705292,2.1677137932278147e-05
2403,0.44463321566581726,0.41285404562950134,0.31779173016548157,2.1607428876268675e-05
2404,0.4259507656097412,0.3956160843372345,0.3033468425273895,2.153781850694082e-05
2405,0.45545896887779236,0.42278555035591125,0.3267342448234558,2.146830691192553e-05
2406,0.44580477476119995,0.41419342160224915,0.3161134719848633,2.1398894178729423e-05
2407,0.43607673048973083,0.4052872955799103,0.307894229888916,2.1329580394734638e-05
2408,0.408547043800354,0.3800898492336273,0.28457197546958923,2.1260365647198798e-05
2409,0.42802396416664124,0.39791691303253174,0.3010706305503845,2.119125002325485e-05
2410,0.4264814555644989,0.396599680185318,0.29881787300109863,2.11222336099109e-05
2411,0.437719464302063,0.4065823554992676,0.3113710284233093,2.1053316494050202e-05
2412,0.4359535574913025,0.40521126985549927,0.30742284655570984,2.098449876243096e-05
2413,0.43554794788360596,0.4050242602825165,0.3052369952201843,2.0915780501686355e-05
2414,0.4578378200531006,0.42526859045028687,0.32569217681884766,2.0847161798324266e-05
2415,0.43740972876548767,0.4067644774913788,0.30645254254341125,2.0778642738727272e-05
2416,0.4351425766944885,0.4041557013988495,0.30986863374710083,2.0710223409152475e-05
2417,0.4288128614425659,0.39883875846862793,0.2997411787509918,2.064190389573153e-05
2418,0.43967005610466003,0.40825361013412476,0.3141643702983856,2.057368428447032e-05
2419,0.43708691000938416,0.40589284896850586,0.3119405210018158,2.0505564661249e-05
2420,0.4434245228767395,0.41148877143859863,0.3193575143814087,2.043754511182191e-05
2421,0.4234052896499634,0.393482506275177,0.29922783374786377,2.036962572181731e-05
2422,0.4369557797908783,0.40603864192962646,0.3091713786125183,2.0301806576737482e-05
2423,0.423772931098938,0.39371535181999207,0.3005758821964264,2.023408776195842e-05
2424,0.4208928644657135,0.39141085743904114,0.2948201596736908,2.016646936272987e-05
2425,0.44479233026504517,0.41325029730796814,0.3154202401638031,2.009895146417512e-05
2426,0.4154619574546814,0.3859638571739197,0.2949809432029724,2.0031534151290953e-05
2427,0.4286213219165802,0.39844855666160583,0.3017275631427765,1.996421750894758e-05
2428,0.41887760162353516,0.38882866501808167,0.3004894554615021,1.9897001621888434e-05
2429,0.4330073595046997,0.40246209502220154,0.30545252561569214,1.9829886574730093e-05
2430,0.4320100247859955,0.40128618478775024,0.30723845958709717,1.9762872451962212e-05
2431,0.443175345659256,0.4114341735839844,0.3174116015434265,1.969595933794739e-05
2432,0.4281615614891052,0.3975793421268463,0.3058221638202667,1.9629147316921125e-05
2433,0.427683562040329,0.39750200510025024,0.3018154501914978,1.9562436472991552e-05
2434,0.43784022331237793,0.4069342613220215,0.30905967950820923,1.9495826890139503e-05
2435,0.4410387873649597,0.4102545976638794,0.30784186720848083,1.9429318652218276e-05
2436,0.44481298327445984,0.41334012150764465,0.31472861766815186,1.9362911842953678e-05
2437,0.4453608989715576,0.41377395391464233,0.31586945056915283,1.9296606545943774e-05
2438,0.4256940186023712,0.3956912159919739,0.3000280559062958,1.9230402844658812e-05
2439,0.4201706349849701,0.39067259430885315,0.2949802875518799,1.9164300822441194e-05
2440,0.45867830514907837,0.42639052867889404,0.3228776752948761,1.9098300562505266e-05
2441,0.42442792654037476,0.3942466974258423,0.3018123209476471,1.9032402147937357e-05
2442,0.4173659384250641,0.38778185844421387,0.29584088921546936,1.896660566169548e-05
2443,0.43297213315963745,0.4021575450897217,0.3081458806991577,1.8900911186609426e-05
2444,0.4355611205101013,0.4047967493534088,0.3076435923576355,1.8835318805380507e-05
2445,0.42894208431243896,0.3991412818431854,0.29800814390182495,1.8769828600581496e-05
2446,0.4240593910217285,0.39408713579177856,0.2997225522994995,1.870444065465662e-05
2447,0.46401816606521606,0.4303123652935028,0.33705785870552063,1.863915504992131e-05
2448,0.4578763544559479,0.4250192642211914,0.32857078313827515,1.8573971868562156e-05
2449,0.4260742962360382,0.395719051361084,0.30355244874954224,1.8508891192636824e-05
2450,0.4213142395019531,0.39102983474731445,0.30284419655799866,1.8443913104073983e-05
2451,0.397111713886261,0.3693961799144745,0.2771552801132202,1.8379037684673105e-05
2452,0.45386621356010437,0.4223007559776306,0.31565460562705994,1.8314265016104417e-05
2453,0.4414864182472229,0.4100169837474823,0.31469422578811646,1.8249595179908773e-05
2454,0.4333072304725647,0.4027610123157501,0.30546221137046814,1.818502825749764e-05
2455,0.40744465589523315,0.37887150049209595,0.2857314348220825,1.8120564330152923e-05
2456,0.42850765585899353,0.3987799286842346,0.2972773313522339,1.805620347902681e-05
2457,0.422946035861969,0.392536997795105,0.30409038066864014,1.799194578514176e-05
2458,0.4507967233657837,0.4187716841697693,0.3202504515647888,1.7927791329390375e-05
2459,0.4082949161529541,0.37972545623779297,0.28569453954696655,1.786374019253526e-05
2460,0.4168902337551117,0.3869340419769287,0.29956182837486267,1.7799792455209018e-05
2461,0.4356885254383087,0.4044010639190674,0.3128747045993805,1.773594819791403e-05
2462,0.4218951165676117,0.39228397607803345,0.29611140489578247,1.767220750102243e-05
2463,0.4613891541957855,0.4291839301586151,0.32205232977867126,1.760857044477596e-05
2464,0.4560416340827942,0.42383283376693726,0.32208797335624695,1.7545037109285946e-05
2465,0.43566569685935974,0.4049762785434723,0.3068942129611969,1.7481607574533044e-05
2466,0.4158996641635895,0.38610902428627014,0.29790645837783813,1.7418281920367373e-05
2467,0.4422467350959778,0.4110369384288788,0.31209808588027954,1.735506022650817e-05
2468,0.43424829840660095,0.40338677167892456,0.3086153268814087,1.7291942572543807e-05
2469,0.43658655881881714,0.40433502197265625,0.3225152790546417,1.722892903793176e-05
2470,0.42111170291900635,0.39155012369155884,0.29561594128608704,1.716601970199836e-05
2471,0.39174917340278625,0.36440616846084595,0.27343010902404785,1.710321464393877e-05
2472,0.4364873766899109,0.4054093062877655,0.31078067421913147,1.7040513942816906e-05
2473,0.42972689867019653,0.3995727300643921,0.30154183506965637,1.697791767756527e-05
2474,0.4224330484867096,0.39252331852912903,0.2990971803665161,1.6915425926984986e-05
2475,0.4279979467391968,0.39787593483924866,0.30121996998786926,1.6853038769745467e-05
2476,0.4445270001888275,0.4125637412071228,0.3196325898170471,1.6790756284384612e-05
2477,0.44045490026474,0.4091755449771881,0.3127935528755188,1.6728578549308416e-05
2478,0.4324294924736023,0.4021986126899719,0.3023087680339813,1.666650564279105e-05
2479,0.4151766300201416,0.38588055968284607,0.2929608225822449,1.6604537642974793e-05
2480,0.45546895265579224,0.4230844974517822,0.32384446263313293,1.6542674627869747e-05
2481,0.4218654930591583,0.3920458257198334,0.2981967031955719,1.6480916675353898e-05
2482,0.43009597063064575,0.39964359998703003,0.30452364683151245,1.6419263863172997e-05
2483,0.4330595135688782,0.4023464024066925,0.30713117122650146,1.6357716268940372e-05
2484,0.4469940662384033,0.4152684211730957,0.31725654006004333,1.6296273970136977e-05
2485,0.40428972244262695,0.3756195604801178,0.2867014706134796,1.6234937044111152e-05
2486,0.41400301456451416,0.38460609316825867,0.293969064950943,1.6173705568078578e-05
2487,0.43709638714790344,0.40588581562042236,0.31210580468177795,1.611257961912227e-05
2488,0.4251331090927124,0.3943505585193634,0.3078254759311676,1.6051559274192275e-05
2489,0.4391621947288513,0.4077032506465912,0.3145894706249237,1.599064461010581e-05
2490,0.42403140664100647,0.3943958282470703,0.29635587334632874,1.5929835703546993e-05
2491,0.40205901861190796,0.37375593185424805,0.28303083777427673,1.5869132631066808e-05
2492,0.4366421103477478,0.4058966040611267,0.3074552118778229,1.5808535469082996e-05
2493,0.4240076541900635,0.39334917068481445,0.3065849840641022,1.574804429388004e-05
2494,0.4139229655265808,0.3847886621952057,0.29134294390678406,1.5687659181608916e-05
2495,0.4101400077342987,0.38138478994369507,0.287552148103714,1.5627380208287114e-05
2496,0.43752267956733704,0.40668413043022156,0.30838537216186523,1.5567207449798515e-05
2497,0.42797040939331055,0.3974411189556122,0.3052930235862732,1.5507140981893253e-05
2498,0.4231477379798889,0.3934938907623291,0.29653841257095337,1.5447180880187706e-05
2499,0.42460301518440247,0.39472365379333496,0.29879364371299744,1.538732722016434e-05
2500,0.45142436027526855,0.4195632040500641,0.3186114728450775,1.5327580077171587e-05
2501,0.44391295313835144,0.41218793392181396,0.31725025177001953,1.5267939526423824e-05
2502,0.4185506999492645,0.38882824778556824,0.29722458124160767,1.520840564300119e-05
2503,0.42102980613708496,0.39119255542755127,0.29837262630462646,1.5148978501849642e-05
2504,0.4017329514026642,0.3731255531311035,0.28607386350631714,1.5089658177780653e-05
2505,0.4257320761680603,0.3957845866680145,0.2994749844074249,1.5030444745471294e-05
2506,0.43636491894721985,0.40541791915893555,0.30946990847587585,1.4971338279464009e-05
2507,0.4268704950809479,0.3969869613647461,0.2988353371620178,1.4912338854166696e-05
2508,0.4129010736942291,0.38378140330314636,0.2911967933177948,1.485344654385239e-05
2509,0.41636061668395996,0.3870841860771179,0.29276424646377563,1.4794661422659306e-05
2510,0.41781243681907654,0.3881162106990814,0.2969622015953064,1.4735983564590783e-05
2511,0.4159611463546753,0.3867313861846924,0.29229748249053955,1.4677413043515042e-05
2512,0.41848665475845337,0.3890058994293213,0.29480746388435364,1.4618949933165272e-05
2513,0.45602086186408997,0.42369702458381653,0.3232383728027344,1.4560594307139364e-05
2514,0.43168187141418457,0.40133610367774963,0.3034575581550598,1.4502346238899945e-05
2515,0.45996373891830444,0.42752161622047424,0.32442113757133484,1.4444205801774202e-05
2516,0.43233585357666016,0.40214455127716064,0.30191299319267273,1.4386173068953846e-05
2517,0.44395899772644043,0.4125332832336426,0.31425726413726807,1.4328248113495047e-05
2518,0.42533689737319946,0.3953517973423004,0.2998510003089905,1.427043100831823e-05
2519,0.4441915452480316,0.4120286703109741,0.3216286897659302,1.4212721826208086e-05
2520,0.4504021406173706,0.41861090064048767,0.3179125189781189,1.415512063981339e-05
2521,0.4440593123435974,0.41222503781318665,0.3183426558971405,1.4097627521647061e-05
2522,0.46488118171691895,0.43131670355796814,0.3356449007987976,1.4040242544085913e-05
2523,0.44147178530693054,0.40969663858413696,0.31775152683258057,1.3982965779370626e-05
2524,0.44126608967781067,0.4101184010505676,0.31147700548171997,1.3925797299605647e-05
2525,0.4176896810531616,0.38832494616508484,0.2936473488807678,1.3868737176759094e-05
2526,0.42842555046081543,0.39784541726112366,0.3058014214038849,1.3811785482662764e-05
2527,0.4091401994228363,0.3805218040943146,0.28618401288986206,1.375494228901184e-05
2528,0.42181530594825745,0.3918370306491852,0.29978272318840027,1.3698207667364982e-05
2529,0.4234241843223572,0.39395204186439514,0.294721394777298,1.3641581689144156e-05
2530,0.41348057985305786,0.38425973057746887,0.2922084331512451,1.3585064425634542e-05
2531,0.42789551615715027,0.3973861038684845,0.3050940930843353,1.3528655947984504e-05
2532,0.4219517707824707,0.392144113779068,0.29807642102241516,1.3472356327205405e-05
2533,0.40937867760658264,0.3804522454738617,0.2892642617225647,1.341616563417163e-05
2534,0.44156569242477417,0.40994763374328613,0.3161807060241699,1.3360083939620394e-05
2535,0.43945878744125366,0.4084303081035614,0.31028494238853455,1.330411131415169e-05
2536,0.42622649669647217,0.39510196447372437,0.31124523282051086,1.3248247828228245e-05
2537,0.4338998794555664,0.4026561677455902,0.3124372065067291,1.3192493552175366e-05
2538,0.43709859251976013,0.40677258372306824,0.30326005816459656,1.3136848556180892e-05
2539,0.4222872853279114,0.3923850655555725,0.2990223169326782,1.308131291029504e-05
2540,0.4332639276981354,0.40268006920814514,0.30583858489990234,1.3025886684430467e-05
2541,0.42823097109794617,0.3977985978126526,0.30432385206222534,1.2970569948361999e-05
2542,0.44635728001594543,0.4143606126308441,0.31996670365333557,1.291536277172667e-05
2543,0.43893274664878845,0.4080367386341095,0.3089601695537567,1.2860265224023549e-05
2544,0.4408109784126282,0.409585565328598,0.31225404143333435,1.2805277374613744e-05
2545,0.4458315968513489,0.4146239757537842,0.31207627058029175,1.2750399292720283e-05
2546,0.45324671268463135,0.42120686173439026,0.32039859890937805,1.2695631047427937e-05
2547,0.43280884623527527,0.40193092823028564,0.3087792992591858,1.2640972707683252e-05
2548,0.45657166838645935,0.4242228865623474,0.3234877586364746,1.2586424342294412e-05
2549,0.4486885070800781,0.4166666269302368,0.3202187418937683,1.2531986019931119e-05
2550,0.4304860234260559,0.400174081325531,0.3031194806098938,1.2477657809124631e-05
2551,0.43890488147735596,0.40785250067710876,0.31052365899086,1.242343977826752e-05
2552,0.40491101145744324,0.3763173818588257,0.28593629598617554,1.2369331995613653e-05
2553,0.4388880729675293,0.40767207741737366,0.31215986609458923,1.2315334529278132e-05
2554,0.431546151638031,0.40083128213882446,0.3071487247943878,1.2261447447237195e-05
2555,0.4377021789550781,0.40680354833602905,0.30898645520210266,1.2207670817328066e-05
2556,0.426523894071579,0.39627811312675476,0.30245769023895264,1.2154004707249011e-05
2557,0.43817874789237976,0.40726998448371887,0.3090875446796417,1.2100449184559093e-05
2558,0.4209996163845062,0.3909924328327179,0.30007171630859375,1.2047004316678156e-05
2559,0.4309519827365875,0.40048980712890625,0.3046218454837799,1.1993670170886806e-05
2560,0.4319404661655426,0.4012489914894104,0.306914746761322,1.19404468143262e-05
2561,0.43261414766311646,0.4023045599460602,0.3030960261821747,1.1887334313998066e-05
2562,0.4322395920753479,0.40123164653778076,0.3100796043872833,1.1834332736764554e-05
2563,0.442862331867218,0.41134247183799744,0.31519854068756104,1.1781442149348155e-05
2564,0.44681861996650696,0.41518816351890564,0.3163045346736908,1.1728662618331698e-05
2565,0.4382006525993347,0.406638503074646,0.31562134623527527,1.1675994210158181e-05
2566,0.4547899067401886,0.4222431778907776,0.3254673182964325,1.1623436991130654e-05
2567,0.4242827296257019,0.3940122723579407,0.3027046024799347,1.1570991027412304e-05
2568,0.43746042251586914,0.40651896595954895,0.30941447615623474,1.151865638502615e-05
2569,0.42844441533088684,0.3977947533130646,0.3064965009689331,1.1466433129855158e-05
2570,0.42239633202552795,0.3927622139453888,0.29634130001068115,1.141432132764202e-05
2571,0.4471926689147949,0.41534048318862915,0.3185219168663025,1.1362321043989132e-05
2572,0.45177045464515686,0.4193619191646576,0.3240854740142822,1.1310432344358502e-05
2573,0.4214726984500885,0.3915421664714813,0.29930537939071655,1.1258655294071685e-05
2574,0.4308813512325287,0.4002014994621277,0.30679845809936523,1.1206989958309656e-05
2575,0.428500771522522,0.39769649505615234,0.3080427050590515,1.1155436402112785e-05
2576,0.45036953687667847,0.4185047745704651,0.318647563457489,1.1103994690380681e-05
2577,0.42266982793807983,0.39241188764572144,0.302579402923584,1.105266488787221e-05
2578,0.4441186487674713,0.41229483485221863,0.318238228559494,1.1001447059205305e-05
2579,0.4483809769153595,0.4163669943809509,0.3201398551464081,1.0950341268857e-05
2580,0.41891422867774963,0.3890382647514343,0.2987595498561859,1.0899347581163221e-05
2581,0.4271314740180969,0.39726972579956055,0.2986173927783966,1.0848466060318807e-05
2582,0.4256904721260071,0.3957805931568146,0.299098938703537,1.0797696770377352e-05
2583,0.4583335816860199,0.4252197742462158,0.3311380445957184,1.0747039775251266e-05
2584,0.43070241808891296,0.40048614144325256,0.30216270685195923,1.069649513871147e-05
2585,0.4607944190502167,0.4282076358795166,0.3258677124977112,1.0646062924387512e-05
2586,0.43707552552223206,0.4061882495880127,0.3088727295398712,1.0595743195767393e-05
2587,0.42816099524497986,0.3970532715320587,0.3110773265361786,1.0545536016197499e-05
2588,0.43347179889678955,0.40295013785362244,0.3052167594432831,1.0495441448882571e-05
2589,0.46023377776145935,0.4274028241634369,0.32830944657325745,1.0445459556885517e-05
2590,0.4383304715156555,0.4070962071418762,0.3123425543308258,1.0395590403127486e-05
2591,0.4546215832233429,0.42237603664398193,0.32245540618896484,1.0345834050387627e-05
2592,0.4647487998008728,0.4313565492630005,0.333922415971756,1.0296190561303132e-05
2593,0.42406585812568665,0.3939882516860962,0.300775945186615,1.024665999836909e-05
2594,0.4454944133758545,0.41404837369918823,0.3144603371620178,1.0197242423938446e-05
2595,0.40843191742897034,0.3795246183872223,0.2890729606151581,1.0147937900221883e-05
2596,0.43255627155303955,0.40137311816215515,0.31183162331581116,1.0098746489287758e-05
2597,0.42844560742378235,0.3983858823776245,0.3005971908569336,1.0049668253062105e-05
2598,0.4548555016517639,0.42297476530075073,0.3188074827194214,1.0000703253328414e-05
2599,0.46388447284698486,0.43102678656578064,0.32857683300971985,9.95185155172762e-06
2600,0.4324915409088135,0.40197446942329407,0.30517059564590454,9.903113209758096e-06
2601,0.44960707426071167,0.4178139865398407,0.31793075799942017,9.854488288775422e-06
2602,0.43573397397994995,0.4045943319797516,0.3113962709903717,9.805976849992494e-06
2603,0.42649632692337036,0.3961329460144043,0.30363380908966064,9.757578954479262e-06
2604,0.42315712571144104,0.3933735489845276,0.2978357672691345,9.709294663162771e-06
2605,0.41060328483581543,0.3810668885707855,0.29536405205726624,9.661124036827063e-06
2606,0.45542460680007935,0.4231134057044983,0.32311198115348816,9.61306713611304e-06
2607,0.39730775356292725,0.36941561102867126,0.27892157435417175,9.565124021518545e-06
2608,0.4420517683029175,0.4106418490409851,0.31409916281700134,9.517294753398064e-06
2609,0.4572703540325165,0.4245670437812805,0.327033132314682,9.469579391962813e-06
2610,0.45224329829216003,0.41989582777023315,0.32347461581230164,9.421977997280596e-06
2611,0.4023592472076416,0.3735714256763458,0.2878783345222473,9.3744906292758e-06
2612,0.41364580392837524,0.3844573497772217,0.2918844223022461,9.327117347729197e-06
2613,0.4244016408920288,0.3942280411720276,0.3017359972000122,9.27985821227798e-06
2614,0.4397978186607361,0.40869060158729553,0.31107231974601746,9.23271328241564e-06
2615,0.43212392926216125,0.40119415521621704,0.30929771065711975,9.185682617491863e-06
2616,0.41870686411857605,0.38921549916267395,0.29491376876831055,9.138766276712552e-06
2617,0.44403815269470215,0.41242924332618713,0.31608912348747253,9.091964319139645e-06
2618,0.4254196286201477,0.39516153931617737,0.3025810420513153,9.045276803691094e-06
2619,0.43399399518966675,0.4032071828842163,0.3078681230545044,8.998703789140772e-06
2620,0.4260185658931732,0.39555028080940247,0.3046828508377075,8.952245334118414e-06
2621,0.44060543179512024,0.40938982367515564,0.3121560215950012,8.905901497109581e-06
2622,0.44482672214508057,0.4136490225791931,0.31177687644958496,8.85967233645547e-06
2623,0.4166646897792816,0.38737860321998596,0.29286089539527893,8.813557910352999e-06
2624,0.4392523467540741,0.40791767835617065,0.31334665417671204,8.76755827685456e-06
2625,0.42381030321121216,0.3937147557735443,0.30095556378364563,8.72167349386811e-06
2626,0.4449763298034668,0.4130793809890747,0.3189695179462433,8.675903619156977e-06
2627,0.41780996322631836,0.3882683515548706,0.2954162061214447,8.63024871033985e-06
2628,0.4362908601760864,0.405506432056427,0.30784425139427185,8.584708824890697e-06
2629,0.4381231367588043,0.4072606563568115,0.308624804019928,8.539284020138638e-06
2630,0.42706623673439026,0.39696061611175537,0.3010563254356384,8.493974353268019e-06
2631,0.4281355142593384,0.3978622853755951,0.30273231863975525,8.448779881318148e-06
2632,0.43545982241630554,0.4046863615512848,0.3077346086502075,8.403700661183355e-06
2633,0.4157613515853882,0.38633501529693604,0.29426345229148865,8.358736749612873e-06
2634,0.427541583776474,0.39672455191612244,0.3081704378128052,8.313888203210774e-06
2635,0.4216254651546478,0.3915003836154938,0.30125075578689575,8.269155078435931e-06
2636,0.4183526039123535,0.3884968161582947,0.2985578179359436,8.224537431601886e-06
2637,0.44300377368927,0.4113391041755676,0.3166467249393463,8.1800353188768e-06
2638,0.41652271151542664,0.38715672492980957,0.29365983605384827,8.135648796283402e-06
2639,0.43171676993370056,0.40110695362091064,0.30609822273254395,8.091377919698895e-06
2640,0.44368278980255127,0.41209444403648376,0.3158833384513855,8.047222744854943e-06
2641,0.4160008430480957,0.38707464933395386,0.2892617881298065,8.003183327337504e-06
2642,0.45545798540115356,0.42293840646743774,0.325195848941803,7.95925972258683e-06
2643,0.4177617132663727,0.388092041015625,0.2966967225074768,7.915451985897382e-06
2644,0.438516765832901,0.4073103070259094,0.3120647072792053,7.871760172417763e-06
2645,0.4264316260814667,0.3960769474506378,0.30354681611061096,7.828184337150613e-06
2646,0.4558495581150055,0.4236406087875366,0.3220895230770111,7.784724534952625e-06
2647,0.4270382821559906,0.39659878611564636,0.30439493060112,7.74138082053436e-06
2648,0.41916143894195557,0.38948294520378113,0.29678499698638916,7.698153248460271e-06
2649,0.4215511679649353,0.39156100153923035,0.2999017536640167,7.655041873148605e-06
2650,0.4114871025085449,0.3817307651042938,0.29756322503089905,7.612046748871327e-06
2651,0.42990660667419434,0.39958295226097107,0.30323660373687744,7.56916792975404e-06
2652,0.4228111803531647,0.39282098412513733,0.29990190267562866,7.526405469775955e-06
2653,0.4498439133167267,0.4180092513561249,0.3183465003967285,7.483759422769765e-06
2654,0.43227100372314453,0.40174540877342224,0.3052560091018677,7.441229842421671e-06
2655,0.42513346672058105,0.3950076103210449,0.3012586534023285,7.398816782271223e-06
2656,0.45051178336143494,0.418841153383255,0.31670626997947693,7.3565202957112555e-06
2657,0.43124765157699585,0.4007974863052368,0.3045017421245575,7.314340435987921e-06
2658,0.44110172986984253,0.4093136191368103,0.31788116693496704,7.272277256200499e-06
2659,0.44237977266311646,0.4108959138393402,0.31483861804008484,7.230330809301411e-06
2660,0.40785831212997437,0.37929368019104004,0.2856462895870209,7.1885011480961164e-06
2661,0.4373076558113098,0.40647101402282715,0.3083665370941162,7.1467883252430364e-06
2662,0.4414685368537903,0.41076895594596863,0.3069956600666046,7.105192393253524e-06
2663,0.42692112922668457,0.39687347412109375,0.3004764914512634,7.063713404491812e-06
2664,0.4323795735836029,0.4018375873565674,0.3054199516773224,7.022351411174866e-06
2665,0.4262874722480774,0.3960247337818146,0.3026273846626282,6.981106465372389e-06
2666,0.43253788352012634,0.4019637107849121,0.30574169754981995,6.939978619006737e-06
2667,0.4195334017276764,0.3897846043109894,0.29748785495758057,6.8989679238528395e-06
2668,0.45036375522613525,0.4182218313217163,0.32141929864883423,6.858074431538164e-06
2669,0.38782477378845215,0.3597305417060852,0.2809422016143799,6.817298193542643e-06
2670,0.43672990798950195,0.4056648910045624,0.3106500208377838,6.776639261198581e-06
2671,0.4201335608959198,0.390354722738266,0.2977883219718933,6.736097685690601e-06
2672,0.4107101857662201,0.3813844919204712,0.29325687885284424,6.695673518055579e-06
2673,0.41746681928634644,0.387887179851532,0.2957964241504669,6.655366809182662e-06
2674,0.4411434829235077,0.4096966087818146,0.31446877121925354,6.615177609813039e-06
2675,0.42518350481987,0.3950941264629364,0.30089375376701355,6.5751059705400295e-06
2676,0.4133351445198059,0.38439247012138367,0.2894268333911896,6.5351519418089145e-06
2677,0.44210565090179443,0.41079533100128174,0.31310322880744934,6.4953155739169495e-06
2678,0.4227185845375061,0.3925110995769501,0.3020748496055603,6.455596917013273e-06
2679,0.43313267827033997,0.4022156894207001,0.3091700077056885,6.415996021098813e-06
2680,0.41067275404930115,0.38195905089378357,0.28713715076446533,6.37651293602628e-06
2681,0.42836540937423706,0.39754655957221985,0.3081884980201721,6.3371477115000466e-06
2682,0.44433295726776123,0.4128224849700928,0.3151046931743622,6.29790039707614e-06
2683,0.43900391459465027,0.40809401869773865,0.30909889936447144,6.258771042162137e-06
2684,0.459354043006897,0.4262741506099701,0.33079877495765686,6.219759696017113e-06
2685,0.448813796043396,0.4169316589832306,0.31882143020629883,6.180866407751595e-06
2686,0.430299311876297,0.39989811182022095,0.30401208996772766,6.142091226327484e-06
2687,0.4137463867664337,0.38511136174201965,0.28635019063949585,6.103434200558011e-06
2688,0.4074655771255493,0.37883126735687256,0.286342978477478,6.06489537910766e-06
2689,0.4217569828033447,0.3916501998901367,0.301067978143692,6.0264748104920776e-06
2690,0.42218217253685,0.39267390966415405,0.29508262872695923,5.988172543078097e-06
2691,0.4156118333339691,0.386486679315567,0.29125165939331055,5.9499886250835805e-06
2692,0.4504292607307434,0.4183027446269989,0.32126501202583313,5.911923104577455e-06
2693,0.4158657193183899,0.3865185081958771,0.2934720814228058,5.8739760294795335e-06
2694,0.44127002358436584,0.4099128246307373,0.31357187032699585,5.8361474475605695e-06
2695,0.4160320460796356,0.38674595952033997,0.2928607761859894,5.7984374064421035e-06
2696,0.42317304015159607,0.39302322268486023,0.30149808526039124,5.760845953596527e-06
2697,0.43251532316207886,0.4019603133201599,0.3055499792098999,5.723373136346854e-06
2698,0.43240946531295776,0.401585191488266,0.3082427978515625,5.6860190018667934e-06
2699,0.42110440135002136,0.39083969593048096,0.3026469647884369,5.6487835971806515e-06
2700,0.4209853410720825,0.3909575939178467,0.30027732253074646,5.611666969163243e-06
2701,0.4470568895339966,0.4155721664428711,0.3148472309112549,5.574669164539903e-06
2702,0.41641098260879517,0.3866698443889618,0.29741138219833374,5.537790229886319e-06
2703,0.4243372678756714,0.39448830485343933,0.29848966002464294,5.501030211628599e-06
2704,0.41920343041419983,0.38957512378692627,0.29628318548202515,5.464389156043115e-06
2705,0.4408529996871948,0.4097120463848114,0.3114095628261566,5.427867109256457e-06
2706,0.4323391616344452,0.4020642340183258,0.3027491569519043,5.39146411724547e-06
2707,0.42163726687431335,0.3915151059627533,0.3012215495109558,5.355180225837053e-06
2708,0.46511906385421753,0.43145233392715454,0.33666741847991943,5.3190154807082005e-06
2709,0.44695964455604553,0.4147984981536865,0.32161158323287964,5.282969927385906e-06
2710,0.44108277559280396,0.4097273051738739,0.313554584980011,5.247043611247127e-06
2711,0.4099772572517395,0.38104328513145447,0.28933975100517273,5.211236577518719e-06
2712,0.4417933523654938,0.41092926263809204,0.30864080786705017,5.175548871277358e-06
2713,0.455388605594635,0.4231984615325928,0.32190150022506714,5.13998053744954e-06
2714,0.44988659024238586,0.4182720482349396,0.3161453902721405,5.104531620811414e-06
2715,0.4201575219631195,0.39024677872657776,0.29910731315612793,5.0692021659888735e-06
2716,0.43325427174568176,0.40260955691337585,0.30644717812538147,5.033992217457395e-06
2717,0.43148913979530334,0.4010537266731262,0.3043542206287384,4.998901819541979e-06
2718,0.4384489059448242,0.4069828391075134,0.3146606385707855,4.963931016417167e-06
2719,0.4424864947795868,0.41123631596565247,0.31250178813934326,4.929079852106933e-06
2720,0.45573100447654724,0.42329689860343933,0.3243409991264343,4.8943483704846475e-06
2721,0.4469572603702545,0.4148331582546234,0.32124096155166626,4.859736615273003e-06
2722,0.43831607699394226,0.40699833631515503,0.3131773769855499,4.825244630043979e-06
2723,0.4195411205291748,0.39014768600463867,0.29393428564071655,4.790872458218754e-06
2724,0.4252738058567047,0.39526060223579407,0.3001319468021393,4.756620143067725e-06
2725,0.42511555552482605,0.394864946603775,0.3025060296058655,4.722487727710368e-06
2726,0.43723660707473755,0.40613263845443726,0.31103965640068054,4.688475255115244e-06
2727,0.44867077469825745,0.41721051931381226,0.31460243463516235,4.65458276809988e-06
2728,0.4143047332763672,0.3850022256374359,0.29302510619163513,4.620810309330803e-06
2729,0.4231945872306824,0.3935634195804596,0.29631179571151733,4.587157921323393e-06
2730,0.42632171511650085,0.3960886001586914,0.30233117938041687,4.553625646441928e-06
2731,0.4338800311088562,0.40353524684906006,0.3034479320049286,4.520213526899431e-06
2732,0.4234919548034668,0.3936588764190674,0.2983308732509613,4.486921604757699e-06
2733,0.4407578408718109,0.40924549102783203,0.31512346863746643,4.453749921927175e-06
2734,0.4548589587211609,0.42278119921684265,0.3207775056362152,4.420698520166988e-06
2735,0.4321625828742981,0.4017731547355652,0.3038942217826843,4.3877674410848e-06
2736,0.4453549385070801,0.4139004945755005,0.31454452872276306,4.35495672613685e-06
2737,0.4419143795967102,0.41079801321029663,0.3111635744571686,4.322266416627785e-06
2738,0.43216025829315186,0.4018833041191101,0.30276966094970703,4.289696553710731e-06
2739,0.43315252661705017,0.40241384506225586,0.3073867857456207,4.257247178387192e-06
2740,0.4511311948299408,0.4192284643650055,0.3190273940563202,4.224918331506955e-06
2741,0.4308983087539673,0.40033382177352905,0.3056448996067047,4.19271005376809e-06
2742,0.39866065979003906,0.3705885112285614,0.2807215750217438,4.160622385716895e-06
2743,0.463705450296402,0.43134260177612305,0.3236285150051117,4.1286553677478136e-06
2744,0.4545062184333801,0.42215701937675476,0.3234920799732208,4.096809040103444e-06
2745,0.42183390259742737,0.3920896351337433,0.29744264483451843,4.065083442874418e-06
2746,0.4149627685546875,0.3856823742389679,0.2928040623664856,4.033478615999376e-06
2747,0.44801172614097595,0.4162537455558777,0.3175796866416931,4.001994599264957e-06
2748,0.4631558954715729,0.4299664795398712,0.3318940997123718,3.970631432305694e-06
2749,0.4296560287475586,0.39883530139923096,0.3082071840763092,3.93938915460399e-06
2750,0.44387125968933105,0.41178610920906067,0.3208516538143158,3.908267805490051e-06
2751,0.43493106961250305,0.4038708209991455,0.3106025159358978,3.877267424141862e-06
2752,0.42504873871803284,0.39444541931152344,0.3060332238674164,3.8463880495851146e-06
2753,0.43362122774124146,0.40294206142425537,0.3067918121814728,3.815629720693192e-06
2754,0.43367451429367065,0.4031662344932556,0.30508291721343994,3.784992476187066e-06
2755,0.44576695561408997,0.4143025577068329,0.3146439790725708,3.7544763546352834e-06
2756,0.4516846537590027,0.41963422298431396,0.3205043077468872,3.7240813944539153e-06
2757,0.46700847148895264,0.4338166117668152,0.33191853761672974,3.6938076339065207e-06
2758,0.43088245391845703,0.4002592861652374,0.30623161792755127,3.6636551111040475e-06
2759,0.43586480617523193,0.4045625925064087,0.3130219876766205,3.633623864004887e-06
2760,0.4161139726638794,0.38665080070495605,0.2946317493915558,3.6037139304146762e-06
2761,0.43601635098457336,0.40519997477531433,0.3081638514995575,3.573925347986384e-06
2762,0.4337836503982544,0.4027691185474396,0.31014537811279297,3.5442581542201923e-06
2763,0.4526439905166626,0.42007720470428467,0.32566800713539124,3.5147123864634924e-06
2764,0.45312702655792236,0.4208694398403168,0.32257598638534546,3.485288081910798e-06
2765,0.44748398661613464,0.41519373655319214,0.32290247082710266,3.455985277603713e-06
2766,0.4295591413974762,0.39889252185821533,0.3066661059856415,3.426804010430884e-06
2767,0.4381607174873352,0.4070538282394409,0.31106898188591003,3.3977443171279823e-06
2768,0.40551987290382385,0.3769407868385315,0.2857908606529236,3.3688062342776106e-06
2769,0.4214819073677063,0.3913199007511139,0.3016200065612793,3.339989798309273e-06
2770,0.4236341416835785,0.3934793472290039,0.3015478253364563,3.311295045499363e-06
2771,0.39838820695877075,0.3698754608631134,0.28512755036354065,3.282722011971051e-06
2772,0.4209887385368347,0.3910638988018036,0.2992485463619232,3.254270733694331e-06
2773,0.42546695470809937,0.39562445878982544,0.29842492938041687,3.2259412464858753e-06
2774,0.44471269845962524,0.4129331111907959,0.31779587268829346,3.197733586009055e-06
2775,0.425534188747406,0.39511966705322266,0.30414527654647827,3.169647787773866e-06
2776,0.44965389370918274,0.4173206388950348,0.3233325779438019,3.1416838871368924e-06
2777,0.4355592727661133,0.4049701392650604,0.3058914542198181,3.1138419193012857e-06
2778,0.44849279522895813,0.4168338179588318,0.3165898025035858,3.086121919316698e-06
2779,0.4089421331882477,0.3797547221183777,0.2918742299079895,3.0585239220792037e-06
2780,0.40884754061698914,0.3799401819705963,0.2890736162662506,3.0310479623313127e-06
2781,0.43232032656669617,0.40194475650787354,0.30375581979751587,3.0036940746619224e-06
2782,0.4395384192466736,0.4082704782485962,0.31267938017845154,2.9764622935062438e-06
2783,0.46105051040649414,0.4280741214752197,0.32976382970809937,2.949352653145754e-06
2784,0.4126051068305969,0.3830665946006775,0.2953852415084839,2.922365187708187e-06
2785,0.42077505588531494,0.3909173011779785,0.2985774278640747,2.8954999311674558e-06
2786,0.4333896040916443,0.40229782462120056,0.31091785430908203,2.8687569173436623e-06
2787,0.4409528374671936,0.40983980894088745,0.3111303746700287,2.842136179902988e-06
2788,0.43730586767196655,0.4065728783607483,0.30732983350753784,2.8156377523576803e-06
2789,0.4414842128753662,0.4103951156139374,0.31089097261428833,2.7892616680660457e-06
2790,0.42109936475753784,0.39113232493400574,0.29967042803764343,2.7630079602323442e-06
2791,0.42690667510032654,0.39641326665878296,0.30493417382240295,2.7368766619067953e-06
2792,0.43603143095970154,0.40498682856559753,0.31044602394104004,2.7108678059855065e-06
2793,0.43232905864715576,0.4018355906009674,0.3049345910549164,2.6849814252104754e-06
2794,0.44639137387275696,0.414467990398407,0.31923389434814453,2.6592175521694795e-06
2795,0.4291765093803406,0.3990902304649353,0.3008628487586975,2.6335762192960743e-06
2796,0.4250580966472626,0.39495548605918884,0.30102622509002686,2.608057458869606e-06
2797,0.4489147365093231,0.4167872667312622,0.32127466797828674,2.582661303015066e-06
2798,0.42074018716812134,0.39145970344543457,0.2928048372268677,2.5573877837031137e-06
2799,0.44557011127471924,0.4138762056827545,0.31693920493125916,2.532236932750021e-06
2800,0.4571135640144348,0.4246017634868622,0.32511812448501587,2.5072087818176382e-06
2801,0.4078925848007202,0.37905153632164,0.28841057419776917,2.482303362413374e-06
2802,0.4390026330947876,0.4080218970775604,0.30980730056762695,2.457520705890093e-06
2803,0.4317806363105774,0.4008949100971222,0.3088572919368744,2.4328608434461276e-06
2804,0.4175816476345062,0.38816574215888977,0.29415902495384216,2.4083238061252567e-06
2805,0.429145872592926,0.3988705277442932,0.3027534484863281,2.383909624816616e-06
2806,0.4137093424797058,0.38445088267326355,0.29258453845977783,2.3596183302546647e-06
2807,0.4235288202762604,0.3929014503955841,0.30627378821372986,2.3354499530191975e-06
2808,0.3941970467567444,0.3665788471698761,0.2761818766593933,2.311404523535243e-06
2809,0.44040119647979736,0.4086804687976837,0.31720712780952454,2.2874820720730438e-06
2810,0.42862993478775024,0.39844173192977905,0.3018820881843567,2.2636826287480873e-06
2811,0.4243879020214081,0.3946065604686737,0.297813355922699,2.240006223520941e-06
2812,0.44283244013786316,0.41143468022346497,0.31397756934165955,2.2164528861973064e-06
2813,0.42057639360427856,0.3909394145011902,0.29636988043785095,2.193022646427978e-06
2814,0.43024155497550964,0.39984220266342163,0.3039935529232025,2.1697155337087604e-06
2815,0.42887502908706665,0.39869582653045654,0.30179187655448914,2.1465315773804616e-06
2816,0.4327806532382965,0.4022895395755768,0.3049110770225525,2.123470806628858e-06
2817,0.4047289192676544,0.37611475586891174,0.28614169359207153,2.1005332504846597e-06
2818,0.4357109069824219,0.4050629734992981,0.30647918581962585,2.0777189378234143e-06
2819,0.4172978103160858,0.3878224194049835,0.2947539687156677,2.0550278973656024e-06
2820,0.43297556042671204,0.40226811170578003,0.30707454681396484,2.032460157676452e-06
2821,0.42620933055877686,0.3962409794330597,0.2996836304664612,2.010015747165983e-06
2822,0.4289829730987549,0.3988204896450043,0.3016248345375061,1.9876946940889927e-06
2823,0.41878384351730347,0.3893653154373169,0.29418519139289856,1.965497026544938e-06
2824,0.4391250014305115,0.4078972041606903,0.31227803230285645,1.9434227724779984e-06
2825,0.4334107041358948,0.40230533480644226,0.3110537528991699,1.921471959676957e-06
2826,0.43628138303756714,0.4050634801387787,0.31217893958091736,1.899644615775209e-06
2827,0.4100547432899475,0.3812616765499115,0.2879306972026825,1.8779407682507077e-06
2828,0.43411391973495483,0.4034157395362854,0.3069816529750824,1.856360444425953e-06
2829,0.4493918716907501,0.4175271987915039,0.31864675879478455,1.834903671467958e-06
2830,0.46383899450302124,0.4309033155441284,0.329356849193573,1.81357047638816e-06
2831,0.42950716614723206,0.3992970883846283,0.3021007180213928,1.7923608860424658e-06
2832,0.445150762796402,0.41361019015312195,0.31540560722351074,1.771274927131139e-06
2833,0.43456894159317017,0.4031306207180023,0.3143830895423889,1.7503126261988355e-06
2834,0.43962404131889343,0.40839046239852905,0.3123357594013214,1.7294740096345575e-06
2835,0.42662593722343445,0.39623600244522095,0.303899347782135,1.7087591036715534e-06
2836,0.4326828420162201,0.4020938575267792,0.30588987469673157,1.6881679343873636e-06
2837,0.4446379244327545,0.41317880153656006,0.3145911991596222,1.667700527703775e-06
2838,0.4112991392612457,0.3821572959423065,0.2914183437824249,1.6473569093867436e-06
2839,0.43602806329727173,0.40511003136634827,0.309180349111557,1.6271371050464056e-06
2840,0.4317859411239624,0.40054208040237427,0.3124384880065918,1.6070411401370334e-06
2841,0.4202548563480377,0.39089614152908325,0.2935871183872223,1.58706903995699e-06
2842,0.4581504464149475,0.4255632162094116,0.32587218284606934,1.5672208296486969e-06
2843,0.4154317378997803,0.38540777564048767,0.30023956298828125,1.5474965341986558e-06
2844,0.469216525554657,0.4357706606388092,0.33445870876312256,1.5278961784373268e-06
2845,0.44067639112472534,0.40953418612480164,0.3114221394062042,1.5084197870391837e-06
2846,0.42859578132629395,0.39811575412750244,0.30480024218559265,1.4890673845226133e-06
2847,0.44606369733810425,0.4144746661186218,0.31589028239250183,1.469838995249928e-06
2848,0.43298858404159546,0.4023961126804352,0.30592483282089233,1.4507346434273316e-06
2849,0.4366323947906494,0.40574395656585693,0.3088843524456024,1.4317543531048749e-06
2850,0.4134906232357025,0.3841319978237152,0.2935863435268402,1.4128981481764115e-06
2851,0.42346182465553284,0.3932788670063019,0.3018296957015991,1.3941660523796196e-06
2852,0.43893325328826904,0.4080338776111603,0.3089938759803772,1.375558089295914e-06
2853,0.4255804121494293,0.3955494463443756,0.3003097474575043,1.3570742823504567e-06
2854,0.42724767327308655,0.39674922823905945,0.3049844801425934,1.3387146548120899e-06
2855,0.4427638649940491,0.41131898760795593,0.31444868445396423,1.3204792297933588e-06
2856,0.4207455515861511,0.3908509314060211,0.2989462912082672,1.3023680302504338e-06
2857,0.4296022951602936,0.39897724986076355,0.30625057220458984,1.2843810789831102e-06
2858,0.445253849029541,0.4134173095226288,0.31836527585983276,1.2665183986347528e-06
2859,0.4455830156803131,0.41405996680259705,0.3152303695678711,1.2487800116922966e-06
2860,0.4600015878677368,0.4274696111679077,0.32531967759132385,1.231165940486234e-06
2861,0.41412612795829773,0.3847894072532654,0.2933671176433563,1.2136762071904838e-06
2862,0.43107134103775024,0.40047338604927063,0.3059794008731842,1.1963108338225337e-06
2863,0.41056114435195923,0.3814132809638977,0.2914784848690033,1.1790698422432521e-06
2864,0.4322856068611145,0.40181154012680054,0.3047408163547516,1.1619532541569333e-06
2865,0.4413968622684479,0.41065019369125366,0.3074667155742645,1.1449610911112741e-06
2866,0.44431084394454956,0.41283559799194336,0.31475237011909485,1.128093374497352e-06
2867,0.44386419653892517,0.41228947043418884,0.31574738025665283,1.1113501255495485e-06
2868,0.4465804696083069,0.4146864712238312,0.3189398944377899,1.0947313653455694e-06
2869,0.4141916036605835,0.38441985845565796,0.29771745204925537,1.0782371148064241e-06
2870,0.46984660625457764,0.4366617500782013,0.33184847235679626,1.0618673946963365e-06
2871,0.4166884422302246,0.38741883635520935,0.29269593954086304,1.0456222256227999e-06
2872,0.4078054428100586,0.37885430455207825,0.2895113527774811,1.0295016280365112e-06
2873,0.4414013624191284,0.4099067449569702,0.31494632363319397,1.0135056222313143e-06
2874,0.45976293087005615,0.4276707172393799,0.32092204689979553,9.976342283442463e-07
2875,0.4371618330478668,0.4066196084022522,0.30542227625846863,9.818874663554357e-07
2876,0.43075641989707947,0.3993906080722809,0.31365808844566345,9.662653560881584e-07
2877,0.42232877016067505,0.39265555143356323,0.2967321574687958,9.50767917208728e-07
2878,0.4255712628364563,0.3954501748085022,0.30121099948883057,9.353951692265383e-07
2879,0.4164588153362274,0.3864178955554962,0.3004091680049896,9.20147131493998e-07
2880,0.41704851388931274,0.3874588906764984,0.29589614272117615,9.0502382320653e-07
2881,0.44233015179634094,0.411063015460968,0.3126712441444397,8.900252634025274e-07
2882,0.42437171936035156,0.3940350413322449,0.30336669087409973,8.751514709633424e-07
2883,0.40085700154304504,0.37281060218811035,0.2804640531539917,8.604024646132857e-07
2884,0.4355539083480835,0.40477997064590454,0.3077394962310791,8.457782629195388e-07
2885,0.4294779300689697,0.3989947438240051,0.30483192205429077,8.31278884292186e-07
2886,0.4276215136051178,0.3971903324127197,0.30431193113327026,8.16904346984193e-07
2887,0.4446127414703369,0.4129275977611542,0.31685134768486023,8.026546690913406e-07
2888,0.45003873109817505,0.41815242171287537,0.31886303424835205,7.885298685522235e-07
2889,0.4263404905796051,0.3963981866836548,0.2994229793548584,7.745299631482405e-07
2890,0.4269494116306305,0.3965683877468109,0.3038102388381958,7.606549705035937e-07
2891,0.4428183436393738,0.41164925694465637,0.31169071793556213,7.469049080851775e-07
2892,0.4371461570262909,0.40646976232528687,0.30676406621932983,7.332797932026459e-07
2893,0.4189133644104004,0.389480322599411,0.29433026909828186,7.19779643008367e-07
2894,0.4286891520023346,0.397869348526001,0.30819812417030334,7.064044744973686e-07
2895,0.4257904589176178,0.3955443501472473,0.30246099829673767,6.931543045073708e-07
2896,0.416293203830719,0.38692396879196167,0.2936924993991852,6.800291497187083e-07
2897,0.4446115791797638,0.41233348846435547,0.3227807879447937,6.670290266543644e-07
2898,0.43744170665740967,0.4065912663936615,0.30850428342819214,6.541539516799033e-07
2899,0.43972423672676086,0.40872591733932495,0.30998313426971436,6.414039410034489e-07
2900,0.41948744654655457,0.3894726634025574,0.30014780163764954,6.287790106757396e-07
2901,0.42998772859573364,0.3991677463054657,0.30819979310035706,6.162791765900177e-07
2902,0.4031248092651367,0.37429672479629517,0.2882809340953827,6.039044544820404e-07
2903,0.4384762644767761,0.40743717551231384,0.31039097905158997,5.916548599300576e-07
2904,0.4366372525691986,0.40549176931381226,0.311454713344574,5.795304083548559e-07
2905,0.4252621829509735,0.395445317029953,0.2981685698032379,5.675311150195928e-07
2906,0.403746098279953,0.3749512732028961,0.28794825077056885,5.556569950299517e-07
2907,0.4529930055141449,0.4209052324295044,0.3208778500556946,5.439080633339866e-07
2908,0.42604300379753113,0.3960360288619995,0.3000696897506714,5.322843347221662e-07
2909,0.4145433306694031,0.3853112459182739,0.29232099652290344,5.207858238273522e-07
2910,0.4352430999279022,0.40447601675987244,0.30767080187797546,5.094125451247655e-07
2911,0.4289015233516693,0.39853376150131226,0.30367761850357056,4.981645129319756e-07
2912,0.4657694399356842,0.4332387447357178,0.32530689239501953,4.870417414088779e-07
2913,0.4384379982948303,0.40683794021606445,0.3160006105899811,4.760442445576829e-07
2914,0.4260822832584381,0.39585524797439575,0.3022703230381012,4.6517203622291615e-07
2915,0.4201047420501709,0.3902488052845001,0.2985592782497406,4.544251300913405e-07
2916,0.4164090156555176,0.38634228706359863,0.30066734552383423,4.438035396920004e-07
2917,0.4430055618286133,0.4114692211151123,0.31536343693733215,4.333072783961889e-07
2918,0.45403367280960083,0.42238277196884155,0.3165091574192047,4.2293635941742517e-07
2919,0.4000113010406494,0.37182357907295227,0.2818773686885834,4.1269079581142124e-07
2920,0.40630197525024414,0.3775038719177246,0.28798097372055054,4.025706004760932e-07
2921,0.41718554496765137,0.38757753372192383,0.29608017206192017,3.925757861515389e-07
2922,0.4257275462150574,0.39546194672584534,0.30265605449676514,3.827063654199936e-07
2923,0.40880751609802246,0.37995609641075134,0.28851425647735596,3.7296235070587435e-07
2924,0.4334968626499176,0.4029906094074249,0.3050626218318939,3.633437542756912e-07
2925,0.42046085000038147,0.3906843662261963,0.29776492714881897,3.5385058823809156e-07
2926,0.44403937458992004,0.41232696175575256,0.3171241879463196,3.444828645438047e-07
2927,0.4214634299278259,0.3915775418281555,0.29885879158973694,3.3524059498565297e-07
2928,0.4310767352581024,0.40041953325271606,0.306571900844574,3.261237911985404e-07
2929,0.4379582107067108,0.4071313738822937,0.30826833844184875,3.171324646593865e-07
2930,0.4168027639389038,0.38709625601768494,0.2970651090145111,3.0826662668720364e-07
2931,0.4308483898639679,0.40044355392456055,0.3040483891963959,2.99526288442975e-07
2932,0.434898316860199,0.4038896858692169,0.3100861608982086,2.9091146092973254e-07
2933,0.43809187412261963,0.4068732261657715,0.3121863305568695,2.8242215499248993e-07
2934,0.4373326003551483,0.40648984909057617,0.3084273934364319,2.740583813182429e-07
2935,0.43315252661705017,0.4027046859264374,0.30447840690612793,2.658201504359803e-07
2936,0.4270547032356262,0.39674001932144165,0.30314671993255615,2.577074727165951e-07
2937,0.41271960735321045,0.383279412984848,0.2944019138813019,2.497203583729957e-07
2938,0.44492775201797485,0.41325491666793823,0.31672823429107666,2.418588174599612e-07
2939,0.4300624132156372,0.39982107281684875,0.3024134635925293,2.3412285987420847e-07
2940,0.4136911928653717,0.38416430354118347,0.2952689826488495,2.265124953543918e-07
2941,0.45780202746391296,0.42497047781944275,0.3283154368400574,2.1902773348100315e-07
2942,0.42409294843673706,0.394273579120636,0.2981938123703003,2.1166858367646093e-07
2943,0.43265292048454285,0.4020376205444336,0.3061531186103821,2.0443505520503224e-07
2944,0.4090471565723419,0.3801164925098419,0.2893065810203552,1.973271571728441e-07
2945,0.4396071434020996,0.40845373272895813,0.3115341365337372,1.9034489852787218e-07
2946,0.42799872159957886,0.39787203073501587,0.3012668788433075,1.834882880599409e-07
2947,0.44648775458335876,0.4145999550819397,0.3188781142234802,1.7675733440066789e-07
2948,0.44014936685562134,0.4087916314601898,0.31357744336128235,1.7015204602350843e-07
2949,0.41104400157928467,0.38193461298942566,0.29109373688697815,1.6367243124372212e-07
2950,0.42410314083099365,0.3938445746898651,0.30258557200431824,1.5731849821833954e-07
2951,0.4543845057487488,0.422434538602829,0.31949982047080994,1.5109025494620677e-07
2952,0.4249493181705475,0.3944894075393677,0.30459919571876526,1.449877092679075e-07
2953,0.4135068655014038,0.38431647419929504,0.2919037640094757,1.3901086886580762e-07
2954,0.4190606474876404,0.3896195888519287,0.29441046714782715,1.3315974126401066e-07
2955,0.4213034212589264,0.3917308747768402,0.295725554227829,1.274343338283801e-07
2956,0.42134150862693787,0.39108800888061523,0.30253496766090393,1.2183465376650605e-07
2957,0.43580183386802673,0.40512651205062866,0.3067532777786255,1.1636070812770516e-07
2958,0.42321866750717163,0.39238083362579346,0.3083782494068146,1.1101250380300965e-07
2959,0.43826067447662354,0.40715715289115906,0.3110352158546448,1.0579004752513389e-07
2960,0.4336431920528412,0.4030137360095978,0.30629444122314453,1.0069334586854107e-07
2961,0.4333559572696686,0.4025551974773407,0.3080075681209564,9.572240524933218e-08
2962,0.4207824766635895,0.39089035987854004,0.2989210784435272,9.087723192533482e-08
2963,0.4591320753097534,0.42690715193748474,0.3222492039203644,8.615783199602545e-08
2964,0.42536649107933044,0.3955027759075165,0.2986372411251068,8.156421140254056e-08
2965,0.4414800703525543,0.41008269786834717,0.31397363543510437,7.709637592770991e-08
2966,0.4738191068172455,0.4400634765625,0.33755621314048767,7.275433119596776e-08
2967,0.4349669814109802,0.40403464436531067,0.3093233108520508,6.853808267344164e-08
2968,0.4414660930633545,0.410111665725708,0.31354424357414246,6.444763566786361e-08
2969,0.4370323717594147,0.4061233103275299,0.30909061431884766,6.048299532861457e-08
2970,0.4515966773033142,0.4196407198905945,0.3195595145225525,5.6644166646668826e-08
2971,0.4665079712867737,0.4337000846862793,0.3280789852142334,5.2931154454671783e-08
2972,0.43524694442749023,0.4046076536178589,0.3063928782939911,4.934396342684e-08
2973,0.445004403591156,0.41323015093803406,0.31774264574050903,4.588259807901674e-08
2974,0.42250919342041016,0.39245736598968506,0.30051836371421814,4.254706276862752e-08
2975,0.456906259059906,0.4240407645702362,0.32865503430366516,3.933736169471347e-08
2976,0.41536039113998413,0.3860798478126526,0.2928053140640259,3.6253498897886873e-08
2977,0.4424554705619812,0.4105418622493744,0.31913602352142334,3.3295478260364496e-08
2978,0.4282533526420593,0.39779582619667053,0.3045754134654999,3.0463303505934295e-08
2979,0.4230339825153351,0.3926444947719574,0.30389484763145447,2.7756978199944273e-08
2980,0.44774577021598816,0.41593071818351746,0.31815052032470703,2.5176505749346936e-08
2981,0.46358898282051086,0.4306391179561615,0.32949864864349365,2.2721889402621545e-08
2982,0.44174087047576904,0.4104514420032501,0.31289419531822205,2.039313224985184e-08
2983,0.42222318053245544,0.392446368932724,0.29776814579963684,1.8190237222648343e-08
2984,0.4128957986831665,0.38389870524406433,0.28997084498405457,1.6113207094181626e-08
2985,0.4237581491470337,0.39385196566581726,0.29906168580055237,1.4162044479182346e-08
2986,0.4361780285835266,0.404979944229126,0.3119807839393616,1.2336751833941229e-08
2987,0.4380905032157898,0.4065549373626709,0.31535565853118896,1.0637331456264666e-08
2988,0.43303337693214417,0.40203019976615906,0.3100317120552063,9.063785485508014e-09
2989,0.4342988133430481,0.4036639332771301,0.30634868144989014,7.616115902586707e-09
2990,0.428676962852478,0.39817604422569275,0.3050091862678528,6.294324529942941e-09
2991,0.4585476517677307,0.4261861741542816,0.3236147463321686,5.098413031534577e-09
2992,0.4292758107185364,0.3986506164073944,0.30625206232070923,4.028382912890649e-09
2993,0.42633020877838135,0.39614972472190857,0.3018047511577606,3.0842355210336515e-09
2994,0.4135669469833374,0.38454315066337585,0.2902379631996155,2.2659720445239452e-09
2995,0.4279242157936096,0.3975731134414673,0.3035108745098114,1.5735935134708613e-09
2996,0.45473766326904297,0.4221855401992798,0.325521320104599,1.0071007994771898e-09
2997,0.4330006241798401,0.40199053287506104,0.310100793838501,5.664946157168949e-10
2998,0.4293539524078369,0.39899250864982605,0.30361440777778625,2.5177551682409317e-10
2999,0.41330480575561523,0.3842330574989319,0.2907174229621887,6.294389901517761e-11
