step,loss,temporal,spectral,lr
0,0.8971545100212097,0.8404892086982727,0.5666530728340149,1.0000000000000002e-06
1,0.9221863150596619,0.863838791847229,0.5834754109382629,2.0000000000000003e-06
2,0.9165610074996948,0.8580026626586914,0.5855835676193237,3e-06
3,0.8900935649871826,0.8331146836280823,0.5697886347770691,4.000000000000001e-06
4,0.9157823324203491,0.8565678000450134,0.5921456217765808,5e-06
5,0.9361323714256287,0.875037670135498,0.6109470725059509,6e-06
6,0.9082230925559998,0.8495243787765503,0.5869871377944946,7.000000000000001e-06
7,0.8800060153007507,0.8231655359268188,0.568405032157898,8.000000000000001e-06
8,0.8566104769706726,0.8028697967529297,0.5374066829681396,9e-06
9,0.9000442028045654,0.8413969278335571,0.5864726305007935,1e-05
10,0.8797590732574463,0.8232206106185913,0.5653849244117737,1.1000000000000001e-05
11,0.9007246494293213,0.8407553434371948,0.5996927618980408,1.2e-05
12,0.8916377425193787,0.8331813812255859,0.5845634341239929,1.3000000000000001e-05
13,0.8799391984939575,0.8228678107261658,0.5707138180732727,1.4000000000000001e-05
14,0.864579439163208,0.8072839379310608,0.5729551911354065,1.5e-05
15,0.8530425429344177,0.7966840267181396,0.5635849237442017,1.6000000000000003e-05
16,0.8311572074890137,0.7757667303085327,0.5539048910140991,1.7000000000000003e-05
17,0.8322247862815857,0.7765015959739685,0.5572316646575928,1.8e-05
18,0.8112701773643494,0.7569453120231628,0.5432485342025757,1.9e-05
19,0.796951174736023,0.7438901662826538,0.5306099653244019,2e-05
20,0.7750414609909058,0.7228904962539673,0.52150958776474,2.1e-05
21,0.8048993945121765,0.7502074241638184,0.5469198226928711,2.2000000000000003e-05
22,0.8104729056358337,0.7543434500694275,0.5612947344779968,2.3000000000000003e-05
23,0.7894158363342285,0.7340359091758728,0.5537995100021362,2.4e-05
24,0.7975570559501648,0.7423854470252991,0.5517159700393677,2.5e-05
25,0.7607914805412292,0.7078916430473328,0.5289983153343201,2.6000000000000002e-05
26,0.7671633958816528,0.7134643793106079,0.5369901657104492,2.7000000000000002e-05
27,0.7488769292831421,0.6967324018478394,0.5214455723762512,2.8000000000000003e-05
28,0.7740366458892822,0.7198705077171326,0.5416611433029175,2.9e-05
29,0.738983154296875,0.6864497661590576,0.5253336429595947,3e-05
30,0.7132535576820374,0.663250207901001,0.500033438205719,3.1e-05
31,0.6961709260940552,0.6478243470191956,0.48346561193466187,3.2000000000000005e-05
32,0.7413938641548157,0.6878849267959595,0.5350894927978516,3.3e-05
33,0.74062180519104,0.6886519193649292,0.5196987390518188,3.4000000000000007e-05
34,0.736732006072998,0.6848840713500977,0.518479585647583,3.5e-05
35,0.7293704748153687,0.6782978773117065,0.5107260942459106,3.6e-05
36,0.7017593383789062,0.6525132060050964,0.49246111512184143,3.7e-05
37,0.710980236530304,0.661344051361084,0.49636194109916687,3.8e-05
38,0.7141205072402954,0.6640046834945679,0.5011583566665649,3.9000000000000006e-05
39,0.6848376393318176,0.6361395120620728,0.48698148131370544,4e-05
40,0.6906115412712097,0.641322135925293,0.4928938150405884,4.1e-05
41,0.6592353582382202,0.6131308674812317,0.46104469895362854,4.2e-05
42,0.6401787996292114,0.5957062840461731,0.4447251260280609,4.3e-05
43,0.6718571186065674,0.6234275698661804,0.48429572582244873,4.4000000000000006e-05
44,0.6541761755943298,0.6077250838279724,0.4645110070705414,4.5e-05
45,0.6413699388504028,0.5960907340049744,0.45279213786125183,4.600000000000001e-05
46,0.6960015296936035,0.6469510793685913,0.4905046820640564,4.7e-05
47,0.6864773035049438,0.6377261877059937,0.48751145601272583,4.8e-05
48,0.6860937476158142,0.6368271708488464,0.49266549944877625,4.9e-05
49,0.6671710014343262,0.6182722449302673,0.4889875650405884,5e-05
50,0.6401633024215698,0.5935978889465332,0.4656541049480438,5.1000000000000006e-05
51,0.6544736623764038,0.6079701781272888,0.4650348126888275,5.2000000000000004e-05
52,0.6428396105766296,0.5967094302177429,0.46130165457725525,5.300000000000001e-05
53,0.6365888118743896,0.5906671285629272,0.4592170715332031,5.4000000000000005e-05
54,0.693340539932251,0.6429745554924011,0.5036601424217224,5.500000000000001e-05
55,0.6407067179679871,0.595583438873291,0.4512326419353485,5.6000000000000006e-05
56,0.6612368226051331,0.6136479377746582,0.47588881850242615,5.6999999999999996e-05
57,0.6808323264122009,0.6318197846412659,0.49012550711631775,5.8e-05
58,0.62364262342453,0.5789415836334229,0.4470103681087494,5.9e-05
59,0.6265026330947876,0.5811836123466492,0.4531899094581604,6e-05
60,0.6159132122993469,0.5723867416381836,0.4352648854255676,6.1e-05
61,0.6536069512367249,0.6071365475654602,0.4647040367126465,6.2e-05
62,0.6515513062477112,0.6049389243125916,0.46612387895584106,6.3e-05
63,0.6533118486404419,0.6067034006118774,0.46608424186706543,6.400000000000001e-05
64,0.616888701915741,0.5727065801620483,0.4418213665485382,6.500000000000001e-05
65,0.6149840950965881,0.5711944699287415,0.43789616227149963,6.6e-05
66,0.6308556795120239,0.5849918127059937,0.4586387574672699,6.7e-05
67,0.617314875125885,0.5736702680587769,0.43644601106643677,6.800000000000001e-05
68,0.6079974174499512,0.5630823373794556,0.44915056228637695,6.9e-05
69,0.6037818789482117,0.56095290184021,0.4282900094985962,7e-05
70,0.6320881247520447,0.5868357419967651,0.45252367854118347,7.1e-05
71,0.6092445850372314,0.56550133228302,0.43743276596069336,7.2e-05
72,0.5904568433761597,0.547722578048706,0.42734289169311523,7.3e-05
73,0.5892890691757202,0.5467531681060791,0.42535915970802307,7.4e-05
74,0.6044667959213257,0.5614440441131592,0.4302276372909546,7.500000000000001e-05
75,0.6053816676139832,0.5621082186698914,0.4327346682548523,7.6e-05
76,0.604809045791626,0.5612730383872986,0.4353601336479187,7.7e-05
77,0.6107550859451294,0.5667662024497986,0.43988877534866333,7.800000000000001e-05
78,0.5927132964134216,0.5501869320869446,0.4252638518810272,7.900000000000001e-05
79,0.5813873410224915,0.5401044487953186,0.41282880306243896,8e-05
80,0.6173524856567383,0.5738768577575684,0.4347565770149231,8.1e-05
81,0.6091461777687073,0.5650193095207214,0.4412684142589569,8.2e-05
82,0.621508002281189,0.5771406292915344,0.443673700094223,8.3e-05
83,0.6024295091629028,0.5596306324005127,0.42798852920532227,8.4e-05
84,0.5937154293060303,0.5506754517555237,0.4304000735282898,8.5e-05
85,0.5919061303138733,0.5498329997062683,0.42073139548301697,8.6e-05
86,0.6399621963500977,0.5946006774902344,0.4536152184009552,8.7e-05
87,0.6113536357879639,0.5680798292160034,0.43273791670799255,8.800000000000001e-05
88,0.6149563193321228,0.5708784461021423,0.44077882170677185,8.900000000000001e-05
89,0.5925832986831665,0.5501565933227539,0.42426690459251404,9e-05
90,0.5701488852500916,0.5299375653266907,0.402113139629364,9.1e-05
91,0.5932210683822632,0.5510178804397583,0.42203158140182495,9.200000000000001e-05
92,0.5705156922340393,0.5293850302696228,0.41130635142326355,9.300000000000001e-05
93,0.5959907174110413,0.5526648163795471,0.4332592487335205,9.4e-05
94,0.5694378018379211,0.5293385982513428,0.40099215507507324,9.5e-05
95,0.5643578767776489,0.5240946412086487,0.40263211727142334,9.6e-05
96,0.5780326724052429,0.5365153551101685,0.41517332196235657,9.7e-05
97,0.5854267477989197,0.5435407161712646,0.4188602566719055,9.8e-05
98,0.610685408115387,0.567236065864563,0.4344932734966278,9.900000000000001e-05
99,0.6080048680305481,0.5641524195671082,0.438524454832077,0.0001
100,0.5774157047271729,0.5358299016952515,0.41585811972618103,0.000101
101,0.5869315266609192,0.5445433855056763,0.4238816797733307,0.00010200000000000001
102,0.5976534485816956,0.5549175143241882,0.42735910415649414,0.00010300000000000001
103,0.5834255814552307,0.541856586933136,0.4156897962093353,0.00010400000000000001
104,0.5893834233283997,0.5469845533370972,0.42398887872695923,0.000105
105,0.5931043028831482,0.5504235625267029,0.4268075227737427,0.00010600000000000002
106,0.5968581438064575,0.5535714030265808,0.4328674077987671,0.00010700000000000001
107,0.5863847732543945,0.5440448522567749,0.4233992099761963,0.00010800000000000001
108,0.5723472833633423,0.5316162705421448,0.40731000900268555,0.000109
109,0.5596328973770142,0.5202547311782837,0.39378151297569275,0.00011000000000000002
110,0.5748162269592285,0.5327900052070618,0.42026209831237793,0.00011100000000000001
111,0.5893285274505615,0.5463920831680298,0.4293643534183502,0.00011200000000000001
112,0.6129040718078613,0.569362998008728,0.4354110062122345,0.000113
113,0.5897399187088013,0.547177791595459,0.42562136054039,0.00011399999999999999
114,0.5714797973632812,0.5303516387939453,0.4112817049026489,0.00011499999999999999
115,0.6210901141166687,0.5766890048980713,0.44401106238365173,0.000116
116,0.5791535973548889,0.5380364060401917,0.41117173433303833,0.000117
117,0.5673714876174927,0.5258070826530457,0.4156437814235687,0.000118
118,0.5324220061302185,0.4938914179801941,0.38530564308166504,0.000119
119,0.5728219151496887,0.5317934155464172,0.4102850556373596,0.00012
120,0.5716161131858826,0.529847264289856,0.41768860816955566,0.000121
121,0.5798988342285156,0.5376490354537964,0.42249783873558044,0.000122
122,0.5813868045806885,0.5386286973953247,0.42758122086524963,0.000123
123,0.5650063753128052,0.5250123739242554,0.3999401032924652,0.000124
124,0.5592811703681946,0.5189676284790039,0.40313562750816345,0.000125
125,0.5528396368026733,0.5132368206977844,0.39602795243263245,0.000126
126,0.5637706518173218,0.5223280787467957,0.41442593932151794,0.000127
127,0.542911171913147,0.5043872594833374,0.3852393925189972,0.00012800000000000002
128,0.6020562648773193,0.5594660043716431,0.4259023666381836,0.00012900000000000002
129,0.5607375502586365,0.5211963653564453,0.39541205763816833,0.00013000000000000002
130,0.5651105642318726,0.5249104499816895,0.40200090408325195,0.000131
131,0.5433780550956726,0.5039398074150085,0.3943827152252197,0.000132
132,0.5353040099143982,0.49721071124076843,0.3809327781200409,0.000133
133,0.5859757661819458,0.5438920259475708,0.4208374619483948,0.000134
134,0.5483527779579163,0.5084377527236938,0.39915046095848083,0.00013500000000000003
135,0.5660220980644226,0.5246537923812866,0.4136832058429718,0.00013600000000000003
136,0.5445750951766968,0.5055916905403137,0.38983431458473206,0.00013700000000000002
137,0.5688053369522095,0.5286759734153748,0.40129387378692627,0.000138
138,0.5911924839019775,0.5484530329704285,0.4273948073387146,0.000139
139,0.5678086876869202,0.5272704362869263,0.40538227558135986,0.00014
140,0.5667417645454407,0.5255987644195557,0.4114300608634949,0.000141
141,0.5576877593994141,0.5176432728767395,0.40044474601745605,0.000142
142,0.5525278449058533,0.512000322341919,0.4052751958370209,0.000143
143,0.5582584142684937,0.5179510116577148,0.4030737578868866,0.000144
144,0.5153546929359436,0.4785926342010498,0.36762070655822754,0.000145
145,0.5942665338516235,0.5515586733818054,0.4270783066749573,0.000146
146,0.5773400664329529,0.536037266254425,0.41302791237831116,0.000147
147,0.5773592591285706,0.535774290561676,0.4158494174480438,0.000148
148,0.5699473023414612,0.5294121503829956,0.4053512513637543,0.00014900000000000002
149,0.5663567185401917,0.525119960308075,0.4123677909374237,0.00015000000000000001
150,0.5326769351959229,0.4939228892326355,0.38754045963287354,0.000151
151,0.5679891705513,0.5271559953689575,0.4083315134048462,0.000152
152,0.5617244839668274,0.5218247175216675,0.39899781346321106,0.000153
153,0.5592674016952515,0.5192841291427612,0.39983272552490234,0.000154
154,0.5390371680259705,0.5000165104866028,0.39020678400993347,0.000155
155,0.5687835216522217,0.5277984738349915,0.40985068678855896,0.00015600000000000002
156,0.5537043213844299,0.5140523314476013,0.39651980996131897,0.00015700000000000002
157,0.5661326050758362,0.5251031517982483,0.41029438376426697,0.00015800000000000002
158,0.5559862852096558,0.5155215859413147,0.40464693307876587,0.00015900000000000002
159,0.5443121194839478,0.5049422383308411,0.39369866251945496,0.00016
160,0.539350152015686,0.5010850429534912,0.38265085220336914,0.000161
161,0.5698704123497009,0.5284618735313416,0.4140855073928833,0.000162
162,0.5259155035018921,0.4873692989349365,0.3854619860649109,0.000163
163,0.5259748697280884,0.48778069019317627,0.3819420039653778,0.000164
164,0.5563505291938782,0.5159770250320435,0.4037352502346039,0.000165
165,0.5398557782173157,0.500890851020813,0.38964906334877014,0.000166
166,0.5089014768600464,0.47138866782188416,0.3751280903816223,0.000167
167,0.5769430994987488,0.5342817306518555,0.4266139268875122,0.000168
168,0.5198068618774414,0.4818020462989807,0.38004806637763977,0.00016900000000000002
169,0.5385717153549194,0.49951162934303284,0.3906008005142212,0.00017
170,0.5583485960960388,0.5183240175247192,0.400245726108551,0.000171
171,0.5565457940101624,0.5173984169960022,0.3914738893508911,0.000172
172,0.5503055453300476,0.5110067129135132,0.3929884433746338,0.000173
173,0.55247563123703,0.5133645534515381,0.3911106586456299,0.000174
174,0.5477001667022705,0.5076419711112976,0.40058189630508423,0.000175
175,0.5416870713233948,0.5021926760673523,0.3949436843395233,0.00017600000000000002
176,0.4986732304096222,0.4620848298072815,0.3658839762210846,0.00017700000000000002
177,0.5107883214950562,0.47418203949928284,0.3660627603530884,0.00017800000000000002
178,0.5182721018791199,0.479878306388855,0.3839377760887146,0.00017900000000000001
179,0.566754162311554,0.5252751708030701,0.4147898554801941,0.00018
180,0.5300553441047668,0.491777628660202,0.3827773332595825,0.000181
181,0.5817084908485413,0.5402300953865051,0.41478416323661804,0.000182
182,0.5061534643173218,0.46988311409950256,0.3627036511898041,0.000183
183,0.5067037343978882,0.47059759497642517,0.3610613942146301,0.00018400000000000003
184,0.5069481730461121,0.470496267080307,0.364518940448761,0.00018500000000000002
185,0.5022798180580139,0.4662533402442932,0.3602648377418518,0.00018600000000000002
186,0.513349711894989,0.47510939836502075,0.382403165102005,0.00018700000000000002
187,0.5050567984580994,0.46882107853889465,0.3623572289943695,0.000188
188,0.5247598886489868,0.48612841963768005,0.3863149881362915,0.00018899999999999999
189,0.5357303619384766,0.49567559361457825,0.40054744482040405,0.00019
190,0.5108926296234131,0.47258874773979187,0.3830389976501465,0.000191
191,0.5515268445014954,0.5097530484199524,0.4177377223968506,0.000192
192,0.497928261756897,0.4617675840854645,0.3616068363189697,0.000193
193,0.5064030885696411,0.46945568919181824,0.3694740831851959,0.000194
194,0.5262599587440491,0.48728930950164795,0.38970670104026794,0.000195
195,0.5073933601379395,0.46958106756210327,0.378123015165329,0.000196
196,0.5012462139129639,0.46447858214378357,0.3676762282848358,0.00019700000000000002
197,0.5203207731246948,0.4828999638557434,0.3742083013057709,0.00019800000000000002
198,0.5396339297294617,0.4999943971633911,0.39639559388160706,0.000199
199,0.5192257761955261,0.48112061619758606,0.381051629781723,0.0002
200,0.5240752696990967,0.4859783947467804,0.38096895813941956,0.0002
201,0.49459967017173767,0.45787790417671204,0.36721768975257874,0.00019999993705610097
202,0.4992966949939728,0.46343401074409485,0.35862693190574646,0.00019999974822448318
203,0.5001053810119629,0.4638558626174927,0.362495481967926,0.0001999994335053843
204,0.5351907014846802,0.4964013397693634,0.38789331912994385,0.00019999899289920055
205,0.5148980617523193,0.4779282510280609,0.3696981370449066,0.00019999842640648654
206,0.5132126808166504,0.476476788520813,0.36735907196998596,0.00019999773402795549
207,0.5133417844772339,0.47628939151763916,0.3705238699913025,0.00019999691576447898
208,0.5067936182022095,0.4695214033126831,0.37272194027900696,0.00019999597161708712
209,0.5101124048233032,0.47309422492980957,0.3701819181442261,0.00019999490158696846
210,0.5100233554840088,0.4717423617839813,0.3828100860118866,0.00019999370567547008
211,0.49439606070518494,0.4582065939903259,0.3618946969509125,0.00019999238388409744
212,0.49753183126449585,0.46145346760749817,0.36078378558158875,0.0001999909362145145
213,0.511128306388855,0.47473418712615967,0.3639414310455322,0.00019998936266854377
214,0.5152007937431335,0.47767913341522217,0.3752168118953705,0.00019998766324816607
215,0.48294931650161743,0.44798240065574646,0.3496691584587097,0.00019998583795552083
216,0.5290666818618774,0.4916904866695404,0.37376198172569275,0.00019998388679290583
217,0.5066033601760864,0.4699597656726837,0.3664357662200928,0.00019998180976277735
218,0.47149336338043213,0.4367522895336151,0.3474108576774597,0.00019997960686775015
219,0.5051777958869934,0.4687122106552124,0.364656001329422,0.00019997727811059738
220,0.488454669713974,0.4526626467704773,0.35792022943496704,0.00019997482349425066
221,0.4925444722175598,0.4557892084121704,0.3675524890422821,0.00019997224302180006
222,0.5239887833595276,0.4854736328125,0.3851516842842102,0.0001999695366964941
223,0.500314474105835,0.4644888937473297,0.3582559823989868,0.00019996670452173966
224,0.5073277950286865,0.47035446763038635,0.36973297595977783,0.0001999637465011021
225,0.529412567615509,0.49056529998779297,0.3884725868701935,0.00019996066263830531
226,0.5103113651275635,0.47207292914390564,0.382384330034256,0.00019995745293723138
227,0.4818505346775055,0.44612547755241394,0.35725051164627075,0.000199954117401921
228,0.5216065049171448,0.48384878039360046,0.37757715582847595,0.00019995065603657316
229,0.4981265366077423,0.46249860525131226,0.35627931356430054,0.00019994706884554533
230,0.5265032052993774,0.48816347122192383,0.3833976089954376,0.00019994335583335335
231,0.501559317111969,0.465145081281662,0.364142507314682,0.00019993951700467139
232,0.46976861357688904,0.4364134669303894,0.3335513472557068,0.00019993555236433213
233,0.5040289759635925,0.4677102565765381,0.3631872832775116,0.00019993146191732658
234,0.5215470790863037,0.48329177498817444,0.3825531005859375,0.00019992724566880404
235,0.4851285517215729,0.45010823011398315,0.3502032160758972,0.0001999229036240723
236,0.47595903277397156,0.44241300225257874,0.33546021580696106,0.00019991843578859747
237,0.4874398708343506,0.45194491744041443,0.3549495339393616,0.00019991384216800398
238,0.4772232472896576,0.4431716799736023,0.3405155837535858,0.00019990912276807466
239,0.49036094546318054,0.4548815190792084,0.35479414463043213,0.00019990427759475067
240,0.5234968066215515,0.48631128668785095,0.3718552589416504,0.00019989930665413147
241,0.48888787627220154,0.4534580111503601,0.35429874062538147,0.0001998942099524749
242,0.5062005519866943,0.46995967626571655,0.3624090552330017,0.00019988898749619702
243,0.5132864117622375,0.4765462577342987,0.3674013614654541,0.0001998836392918723
244,0.5144424438476562,0.47674116492271423,0.37701258063316345,0.00019987816534623352
245,0.5234423875808716,0.4851377606391907,0.3830461800098419,0.00019987256566617162
246,0.5056390166282654,0.46960389614105225,0.3603513538837433,0.00019986684025873598
247,0.49221497774124146,0.45702338218688965,0.35191580653190613,0.0001998609891311342
248,0.5308891534805298,0.4924120008945465,0.384771466255188,0.0001998550122907321
249,0.491740882396698,0.4562252163887024,0.3551565110683441,0.00019984890974505381
250,0.4844897389411926,0.44954022765159607,0.3494950234889984,0.00019984268150178167
251,0.47889944911003113,0.4442862272262573,0.3461322486400604,0.0001998363275687563
252,0.49892672896385193,0.46324682235717773,0.35679909586906433,0.0001998298479539765
253,0.5167505741119385,0.47878900170326233,0.37961557507514954,0.00019982324266559935
254,0.49949023127555847,0.46409204602241516,0.35398173332214355,0.00019981651171194006
255,0.4705696105957031,0.4368782043457031,0.3369140028953552,0.00019980965510147213
256,0.4559688866138458,0.4238009750843048,0.321679025888443,0.00019980267284282717
257,0.5138882994651794,0.4765000343322754,0.3738827109336853,0.000199795564944795
258,0.5125789642333984,0.4764917492866516,0.3608720600605011,0.00019978833141632354
259,0.50337815284729,0.4661710560321808,0.3720710277557373,0.00019978097226651902
260,0.48225289583206177,0.4478210508823395,0.34431856870651245,0.0001997734875046456
261,0.48384973406791687,0.4493100643157959,0.34539663791656494,0.0001997658771401258
262,0.4825567603111267,0.44793030619621277,0.34626463055610657,0.00019975814118254007
263,0.478599488735199,0.4435325264930725,0.3506696820259094,0.00019975027964162702
264,0.4822135865688324,0.44783687591552734,0.34376707673072815,0.00019974229252728342
265,0.5017809867858887,0.4655035436153412,0.36277443170547485,0.00019973417984956403
266,0.4892236888408661,0.453304260969162,0.35919418931007385,0.00019972594161868178
267,0.4732542335987091,0.43905195593833923,0.3420228660106659,0.00019971757784500752
268,0.4742918908596039,0.44038277864456177,0.33909106254577637,0.00019970908853907026
269,0.4812147915363312,0.44677895307540894,0.3443584144115448,0.00019970047371155704
270,0.50777667760849,0.4700297713279724,0.37746885418891907,0.0001996917333733128
271,0.5249921083450317,0.4873183071613312,0.3767383098602295,0.00019968286753534062
272,0.46102041006088257,0.4284065365791321,0.32613882422447205,0.00019967387620880146
273,0.500089704990387,0.4639004170894623,0.3618929982185364,0.00019966475940501435
274,0.49193817377090454,0.45698171854019165,0.3495645821094513,0.0001996555171354562
275,0.48796966671943665,0.45237675309181213,0.35592901706695557,0.00019964614941176195
276,0.5121574401855469,0.47502484917640686,0.37132570147514343,0.00019963665624572432
277,0.47580060362815857,0.44063320755958557,0.3516739010810852,0.00019962703764929413
278,0.4779428541660309,0.4436648190021515,0.34278038144111633,0.00019961729363458003
279,0.5041217803955078,0.46694305539131165,0.37178751826286316,0.00019960742421384846
280,0.4912894368171692,0.45404481887817383,0.372446209192276,0.00019959742939952392
281,0.5001750588417053,0.46388453245162964,0.36290544271469116,0.00019958730920418858
282,0.5027208924293518,0.4667930006980896,0.35927897691726685,0.00019957706364058257
283,0.5196351408958435,0.48210304975509644,0.3753208816051483,0.00019956669272160383
284,0.49720990657806396,0.4614734351634979,0.357364684343338,0.00019955619646030802
285,0.5107752084732056,0.4737713038921356,0.37003904581069946,0.00019954557486990868
286,0.4830055832862854,0.44930484890937805,0.3370074927806854,0.00019953482796377712
287,0.48967570066452026,0.45457589626312256,0.350998193025589,0.00019952395575544233
288,0.4912398159503937,0.4562344551086426,0.35005372762680054,0.00019951295825859113
289,0.48879241943359375,0.45347461104393005,0.3531780540943146,0.00019950183548706805
290,0.4763149321079254,0.442606121301651,0.33708813786506653,0.00019949058745487522
291,0.4773825407028198,0.44337522983551025,0.34007298946380615,0.00019947921417617267
292,0.4654378890991211,0.432613730430603,0.3282416760921478,0.00019946771566527785
293,0.5035446286201477,0.46698057651519775,0.3656403720378876,0.000199456091936666
294,0.47573965787887573,0.4419833719730377,0.3375628590583801,0.00019944434300497006
295,0.5014387965202332,0.4647678732872009,0.3667093813419342,0.00019943246888498041
296,0.4760967791080475,0.44199106097221375,0.34105730056762695,0.00019942046959164515
297,0.5303176641464233,0.4924936592578888,0.3782399296760559,0.00019940834514006994
298,0.46084702014923096,0.42805901169776917,0.3278801441192627,0.000199396095545518
299,0.5062528848648071,0.4705284535884857,0.3572445511817932,0.00019938372082341
300,0.48242413997650146,0.4481605887413025,0.34263554215431213,0.00019937122098932428
301,0.4618515372276306,0.4286774694919586,0.3317405879497528,0.00019935859605899655
302,0.4844644069671631,0.4505586326122284,0.33905768394470215,0.00019934584604832013
303,0.45687752962112427,0.4235246479511261,0.33352896571159363,0.00019933297097334565
304,0.4876272976398468,0.4529631435871124,0.346641480922699,0.00019931997085028132
305,0.5011202096939087,0.46535438299179077,0.3576584458351135,0.00019930684569549264
306,0.48052316904067993,0.4462484121322632,0.34274759888648987,0.00019929359552550265
307,0.49472805857658386,0.45915400981903076,0.35574042797088623,0.00019928022035699166
308,0.4825352430343628,0.44731226563453674,0.35222968459129333,0.00019926672020679736
309,0.4790678918361664,0.44502267241477966,0.34045207500457764,0.00019925309509191482
310,0.475566029548645,0.44137388467788696,0.34192144870758057,0.00019923934502949644
311,0.4959304928779602,0.46030205488204956,0.3562842309474945,0.00019922547003685176
312,0.5212032198905945,0.4838225841522217,0.37380629777908325,0.0001992114701314478
313,0.5020977258682251,0.46582841873168945,0.3626929223537445,0.00019919734533090867
314,0.4728487730026245,0.4388039708137512,0.34044817090034485,0.0001991830956530158
315,0.4959191679954529,0.46075376868247986,0.3516538441181183,0.00019916872111570784
316,0.44027337431907654,0.4087972044944763,0.3147616386413574,0.00019915422173708046
317,0.48987025022506714,0.4555748999118805,0.3429533839225769,0.00019913959753538674
318,0.48603489995002747,0.4516419470310211,0.34392958879470825,0.00019912484852903668
319,0.47022122144699097,0.4362350404262543,0.3398616909980774,0.0001991099747365975
320,0.5046631097793579,0.46808865666389465,0.3657445013523102,0.00019909497617679348
321,0.5018652677536011,0.46616441011428833,0.35700827836990356,0.000199079852868506
322,0.4744700491428375,0.44079381227493286,0.3367624878883362,0.00019906460483077348
323,0.48958516120910645,0.4547852575778961,0.3479989469051361,0.0001990492320827913
324,0.49882450699806213,0.4632197916507721,0.3560471534729004,0.00019903373464391186
325,0.4885888695716858,0.45430490374565125,0.34283968806266785,0.00019901811253364456
326,0.4850749969482422,0.45063072443008423,0.34444260597229004,0.00019900236577165576
327,0.4932655990123749,0.4577125012874603,0.3555309772491455,0.0001989864943777687
328,0.5205003619194031,0.48265793919563293,0.3784240484237671,0.0001989704983719635
329,0.4681553840637207,0.4346274137496948,0.3352797031402588,0.0001989543777743772
330,0.498363196849823,0.4621671438217163,0.36196044087409973,0.00019893813260530368
331,0.46578124165534973,0.4329761862754822,0.3280506730079651,0.0001989217628851936
332,0.4892828166484833,0.4533008635044098,0.35981953144073486,0.00019890526863465443
333,0.45412999391555786,0.4216932952404022,0.32436713576316833,0.0001988886498744505
334,0.48073482513427734,0.4466278553009033,0.3410698473453522,0.00019887190662550266
335,0.4926593005657196,0.4577277600765228,0.3493152856826782,0.00019885503890888876
336,0.46919482946395874,0.4355798661708832,0.3361496031284332,0.0001988380467458431
337,0.4678053855895996,0.4348204731941223,0.3298491835594177,0.00019882093015775678
338,0.48696333169937134,0.4525856375694275,0.343777060508728,0.0001988036891661775
339,0.46893060207366943,0.43497252464294434,0.33958086371421814,0.0001987863237928095
340,0.46846824884414673,0.435012549161911,0.33455711603164673,0.00019876883405951377
341,0.4561149775981903,0.42354920506477356,0.3256576955318451,0.0001987512199883077
342,0.46026313304901123,0.4273890256881714,0.3287411034107208,0.00019873348160136524
343,0.49149370193481445,0.45625466108322144,0.3523903489112854,0.00019871561892101692
344,0.4637417793273926,0.43038368225097656,0.33358100056648254,0.00019869763196974957
345,0.4360259473323822,0.40463900566101074,0.3138694763183594,0.00019867952077020666
346,0.4652344882488251,0.43192151188850403,0.33312973380088806,0.0001986612853451879
347,0.48092731833457947,0.4467070996761322,0.34220221638679504,0.00019864292571764955
348,0.45640748739242554,0.42373988032341003,0.3266761302947998,0.00019862444191070408
349,0.4862190783023834,0.45177730917930603,0.3444176912307739,0.0001986058339476204
350,0.4675578773021698,0.43454667925834656,0.3301120102405548,0.0001985871018518236
351,0.47374701499938965,0.4398093819618225,0.33937638998031616,0.00019856824564689515
352,0.4951958656311035,0.45967355370521545,0.35522305965423584,0.00019854926535657267
353,0.5313360095024109,0.493793249130249,0.3754277229309082,0.00019853016100475007
354,0.4719637930393219,0.43893149495124817,0.3303229808807373,0.0001985109326154774
355,0.5503688454627991,0.5109803676605225,0.3938848376274109,0.00019849158021296081
356,0.47897425293922424,0.4446460008621216,0.34328263998031616,0.00019847210382156267
357,0.5076050162315369,0.4708940088748932,0.367110013961792,0.00019845250346580136
358,0.4575144648551941,0.4257220923900604,0.3179236352443695,0.0001984327791703513
359,0.4644457697868347,0.4314728379249573,0.3297293782234192,0.00019841293096004302
360,0.4406663179397583,0.4091571867465973,0.31509116291999817,0.00019839295885986296
361,0.49728813767433167,0.46265909075737,0.34629034996032715,0.00019837286289495361
362,0.4661003053188324,0.43318724632263184,0.3291305899620056,0.00019835264309061326
363,0.4931347668170929,0.4583166539669037,0.3481810986995697,0.00019833229947229623
364,0.4963003098964691,0.4604949653148651,0.35805341601371765,0.00019831183206561262
365,0.4918356239795685,0.45738306641578674,0.344525545835495,0.00019829124089632845
366,0.4933810830116272,0.45760247111320496,0.35778626799583435,0.00019827052599036545
367,0.48945704102516174,0.45446449518203735,0.3499254882335663,0.00019824968737380117
368,0.4715510308742523,0.43688440322875977,0.3466663956642151,0.0001982287250728689
369,0.512721598148346,0.47627973556518555,0.3644188940525055,0.00019820763911395758
370,0.4785204231739044,0.44397565722465515,0.34544771909713745,0.00019818642952361187
371,0.5079986453056335,0.4717756509780884,0.3622299134731293,0.00019816509632853208
372,0.4530247747898102,0.4200578033924103,0.3296698331832886,0.00019814363955557404
373,0.4897610545158386,0.45428457856178284,0.3547646105289459,0.0001981220592317493
374,0.47452807426452637,0.4402422308921814,0.34285828471183777,0.0001981003553842248
375,0.48070111870765686,0.4462524652481079,0.3444864749908447,0.00019807852804032305
376,0.47825905680656433,0.44440436363220215,0.338547021150589,0.00019805657722752202
377,0.5163313746452332,0.4798949956893921,0.36436375975608826,0.00019803450297345508
378,0.48414307832717896,0.4495190978050232,0.34623974561691284,0.00019801230530591105
379,0.46614328026771545,0.4324880540370941,0.33655232191085815,0.00019798998425283403
380,0.4957676827907562,0.4598863124847412,0.35881367325782776,0.00019796753984232358
381,0.4994446039199829,0.4633813202381134,0.36063286662101746,0.00019794497210263442
382,0.4712190628051758,0.43825656175613403,0.32962486147880554,0.00019792228106217658
383,0.49703091382980347,0.4614492654800415,0.35581645369529724,0.00019789946674951536
384,0.4858981668949127,0.450472354888916,0.3542581796646118,0.00019787652919337116
385,0.4513264000415802,0.4197250008583069,0.316013902425766,0.00019785346842261957
386,0.47240492701530457,0.43913954496383667,0.3326537013053894,0.00019783028446629123
387,0.48548319935798645,0.4511909484863281,0.34292250871658325,0.00019780697735357204
388,0.47886922955513,0.44379734992980957,0.3507188856601715,0.0001977835471138027
389,0.4896567761898041,0.4545878469944,0.350689172744751,0.0001977599937764791
390,0.459137886762619,0.4255193769931793,0.3361850678920746,0.00019773631737125192
391,0.46809953451156616,0.4345226287841797,0.3357691168785095,0.00019771251792792698
392,0.46309754252433777,0.4306732416152954,0.32424309849739075,0.00019768859547646478
393,0.48313841223716736,0.4486747980117798,0.34463614225387573,0.00019766455004698082
394,0.4819093942642212,0.4468357264995575,0.35073673725128174,0.00019764038166974535
395,0.45877358317375183,0.426479309797287,0.32294273376464844,0.0001976160903751834
396,0.4624752998352051,0.42964935302734375,0.32825955748558044,0.00019759167619387476
397,0.47332102060317993,0.44016581773757935,0.3315518796443939,0.0001975671391565539
398,0.47721922397613525,0.4439654052257538,0.3325382173061371,0.00019754247929410995
399,0.4795089066028595,0.4457382261753082,0.3377068042755127,0.00019751769663758665
400,0.4610016942024231,0.42810243368148804,0.3289925754070282,0.00019749279121818235
401,0.4603497087955475,0.42767825722694397,0.3267146050930023,0.00019746776306724998
402,0.4451202154159546,0.41357889771461487,0.3154131770133972,0.0001974426122162969
403,0.4790182411670685,0.44366884231567383,0.35349389910697937,0.00019741733869698495
404,0.4483102262020111,0.4170956313610077,0.31214606761932373,0.0001973919425411304
405,0.4845900535583496,0.44966936111450195,0.34920695424079895,0.00019736642378070392
406,0.4805316627025604,0.44640204310417175,0.34129616618156433,0.00019734078244783054
407,0.4436134696006775,0.412261039018631,0.3135242462158203,0.00019731501857478954
408,0.46513423323631287,0.4320663511753082,0.3306787312030792,0.0001972891321940145
409,0.5004857778549194,0.464804083108902,0.35681673884391785,0.00019726312333809322
410,0.48477160930633545,0.4506877064704895,0.34083905816078186,0.00019723699203976766
411,0.4745956361293793,0.44097140431404114,0.33624228835105896,0.00019721073833193397
412,0.4708166718482971,0.4378613829612732,0.3295530080795288,0.00019718436224764233
413,0.4468792676925659,0.4151719808578491,0.31707271933555603,0.00019715786382009705
414,0.4749779999256134,0.44155412912368774,0.33423876762390137,0.00019713124308265635
415,0.49361899495124817,0.4593430161476135,0.34275975823402405,0.00019710450006883256
416,0.44864529371261597,0.41647621989250183,0.3216906487941742,0.00019707763481229183
417,0.4701995849609375,0.4374246299266815,0.32774966955184937,0.00019705064734685425
418,0.48628440499305725,0.4520445764064789,0.3423982262611389,0.00019702353770649378
419,0.4914061427116394,0.4570809304714203,0.34325218200683594,0.00019699630592533808
420,0.4354989528656006,0.40482455492019653,0.3067439794540405,0.0001969689520376687
421,0.45695698261260986,0.42406025528907776,0.3289673924446106,0.00019694147607792083
422,0.4589773416519165,0.42689788341522217,0.32079464197158813,0.0001969138780806833
423,0.4712145924568176,0.43816205859184265,0.33052536845207214,0.00019688615808069872
424,0.49776268005371094,0.4621163308620453,0.35646340250968933,0.0001968583161128631
425,0.46179646253585815,0.42876723408699036,0.33029240369796753,0.00019683035221222618
426,0.46741339564323425,0.4345022439956665,0.3291115164756775,0.00019680226641399096
427,0.500476598739624,0.4655727744102478,0.3490384519100189,0.00019677405875351414
428,0.5074305534362793,0.4717370569705963,0.3569347560405731,0.00019674572926630567
429,0.47053807973861694,0.43615251779556274,0.3438556492328644,0.00019671727798802895
430,0.4736767113208771,0.44002264738082886,0.3365406394004822,0.00019668870495450066
431,0.4705372452735901,0.4377116560935974,0.3282560110092163,0.00019666001020169073
432,0.4731985032558441,0.4387940764427185,0.3440443277359009,0.00019663119376572242
433,0.5079365372657776,0.47180479764938354,0.36131736636161804,0.00019660225568287202
434,0.45800548791885376,0.42519012093544006,0.3281537890434265,0.00019657319598956913
435,0.4644600450992584,0.43220362067222595,0.32256415486335754,0.0001965440147223963
436,0.4598453938961029,0.42774710059165955,0.3209829032421112,0.00019651471191808924
437,0.4974784553050995,0.46142199635505676,0.3605645000934601,0.00019648528761353652
438,0.4841754734516144,0.4497610628604889,0.3441440761089325,0.00019645574184577982
439,0.48027849197387695,0.44664067029953003,0.336378276348114,0.00019642607465201364
440,0.4935797154903412,0.459262877702713,0.34316831827163696,0.00019639628606958533
441,0.45084306597709656,0.4188668131828308,0.3197624385356903,0.0001963663761359951
442,0.4851554036140442,0.451257586479187,0.33897802233695984,0.00019633634488889595
443,0.488274484872818,0.453853577375412,0.3442089557647705,0.0001963061923660935
444,0.46618935465812683,0.4330540895462036,0.3313525319099426,0.0001962759186055461
445,0.4625011086463928,0.4301128089427948,0.323883056640625,0.00019624552364536473
446,0.49701204895973206,0.46135056018829346,0.3566147983074188,0.00019621500752381294
447,0.4928942620754242,0.4571536183357239,0.3574065566062927,0.00019618437027930683
448,0.46637746691703796,0.43317174911499023,0.3320572078227997,0.00019615361195041492
449,0.505364716053009,0.4703480899333954,0.35016629099845886,0.00019612273257585815
450,0.47793424129486084,0.4441768229007721,0.3375742435455322,0.00019609173219450998
451,0.4703362286090851,0.43669894337654114,0.3363727927207947,0.000196060610845396
452,0.484323114156723,0.45025306940078735,0.34070050716400146,0.0001960293685676943
453,0.4630844295024872,0.43075478076934814,0.3232963979244232,0.00019599800540073505
454,0.47442275285720825,0.44098803400993347,0.3343472480773926,0.00019596652138400064
455,0.514209508895874,0.47825539112091064,0.35954099893569946,0.0001959349165571256
456,0.47138237953186035,0.43783295154571533,0.3354942202568054,0.0001959031909598966
457,0.44268307089805603,0.41163742542266846,0.31045642495155334,0.0001958713446322522
458,0.48957034945487976,0.4548320472240448,0.3473829925060272,0.00019583937761428314
459,0.4858555793762207,0.4512008726596832,0.3465469479560852,0.00019580728994623195
460,0.48497825860977173,0.45084166526794434,0.3413659632205963,0.00019577508166849304
461,0.46993473172187805,0.4364538788795471,0.3348085582256317,0.00019574275282161283
462,0.4754869043827057,0.4423198699951172,0.3316704332828522,0.00019571030344628926
463,0.45987626910209656,0.42720508575439453,0.3267119526863098,0.00019567773358337222
464,0.44332677125930786,0.41266676783561707,0.306599885225296,0.00019564504327386316
465,0.475286066532135,0.4411180019378662,0.3416805565357208,0.0001956122325589152
466,0.4712519645690918,0.43842217326164246,0.32829782366752625,0.00019557930147983302
467,0.4662453830242157,0.4333899915218353,0.3285538852214813,0.00019554625007807283
468,0.45228731632232666,0.4201379120349884,0.3214941918849945,0.0001955130783952423
469,0.45126062631607056,0.41915422677993774,0.3210639953613281,0.00019547978647310057
470,0.4863359034061432,0.45268186926841736,0.3365404009819031,0.00019544637435355808
471,0.46079057455062866,0.4278554320335388,0.32935142517089844,0.00019541284207867662
472,0.4560336470603943,0.42415547370910645,0.31878188252449036,0.0001953791896906692
473,0.49777352809906006,0.4626978039741516,0.35075730085372925,0.0001953454172319001
474,0.4798152446746826,0.4464997351169586,0.33315521478652954,0.00019531152474488477
475,0.4730759859085083,0.4397883415222168,0.33287644386291504,0.00019527751227228963
476,0.4611354470252991,0.42894744873046875,0.321880042552948,0.0001952433798569323
477,0.48194772005081177,0.4476611912250519,0.3428654074668884,0.00019520912754178123
478,0.49643129110336304,0.46146610379219055,0.34965190291404724,0.00019517475536995604
479,0.451551228761673,0.4200460910797119,0.31505128741264343,0.000195140263384727
480,0.44864773750305176,0.4169890880584717,0.31658652424812317,0.00019510565162951537
481,0.4685515761375427,0.43602254986763,0.32529041171073914,0.0001950709201478931
482,0.5007198452949524,0.46431484818458557,0.3640499413013458,0.00019503606898358284
483,0.5163552165031433,0.48069310188293457,0.3566213846206665,0.00019500109818045805
484,0.470246285200119,0.43763381242752075,0.32612472772598267,0.00019496600778254263
485,0.4980590045452118,0.46317920088768005,0.34879806637763977,0.00019493079783401113
486,0.45988553762435913,0.4272461235523224,0.3263942301273346,0.0001948954683791886
487,0.4681941866874695,0.4355751872062683,0.32618987560272217,0.00019486001946255046
488,0.4489310681819916,0.41770508885383606,0.3122597932815552,0.00019482445112872264
489,0.47138887643814087,0.43749579787254333,0.3389309048652649,0.00019478876342248128
490,0.4913492500782013,0.45635131001472473,0.3499794900417328,0.0001947529563887529
491,0.4594692587852478,0.42691776156425476,0.32551488280296326,0.00019471703007261412
492,0.4790010452270508,0.4453105926513672,0.33690446615219116,0.00019468098451929183
493,0.47222867608070374,0.4386478364467621,0.33580833673477173,0.00019464481977416297
494,0.4991098642349243,0.46396565437316895,0.3514420688152313,0.00019460853588275454
495,0.4882376492023468,0.4532548487186432,0.34982791543006897,0.00019457213289074355
496,0.46241500973701477,0.42829057574272156,0.34124433994293213,0.00019453561084395687
497,0.4637226462364197,0.43200796842575073,0.3171466290950775,0.00019449896978837141
498,0.4696936011314392,0.4361553192138672,0.33538272976875305,0.0001944622097701137
499,0.48537564277648926,0.45141997933387756,0.33955660462379456,0.00019442533083546012
500,0.4683009684085846,0.4336360692977905,0.3466489613056183,0.00019438833303083678
501,0.4372204840183258,0.40615928173065186,0.31061190366744995,0.00019435121640281938
502,0.4726436734199524,0.4384590685367584,0.34184619784355164,0.00019431398099813323
503,0.47227591276168823,0.4387568533420563,0.3351905643939972,0.00019427662686365314
504,0.45151570439338684,0.41966181993484497,0.3185388147830963,0.0001942391540464035
505,0.48883751034736633,0.4545882046222687,0.34249308705329895,0.00019420156259355791
506,0.49172499775886536,0.457029789686203,0.3469521105289459,0.00019416385255243944
507,0.46842026710510254,0.4351038634777069,0.3331640064716339,0.00019412602397052048
508,0.4892520308494568,0.4547630250453949,0.3448900580406189,0.00019408807689542257
509,0.4806778132915497,0.4468803107738495,0.3379751145839691,0.00019405001137491642
510,0.4732404351234436,0.4404585063457489,0.3278193175792694,0.0001940118274569219
511,0.48627471923828125,0.45166558027267456,0.34609130024909973,0.00019397352518950794
512,0.48776310682296753,0.4541357159614563,0.33627378940582275,0.00019393510462089236
513,0.46932846307754517,0.4360451400279999,0.33283331990242004,0.000193896565799442
514,0.4587661623954773,0.42733487486839294,0.31431302428245544,0.00019385790877367255
515,0.44508230686187744,0.41446948051452637,0.3061281144618988,0.00019381913359224842
516,0.49282073974609375,0.45847949385643005,0.3434123396873474,0.0001937802403039829
517,0.49148374795913696,0.45668914914131165,0.347945898771286,0.0001937412289578379
518,0.4846624732017517,0.45064231753349304,0.3402015268802643,0.00019370209960292386
519,0.4653160274028778,0.43226972222328186,0.3304629325866699,0.00019366285228849996
520,0.5004571676254272,0.4652119576931,0.3524520993232727,0.00019362348706397373
521,0.5064283013343811,0.4703153669834137,0.361129492521286,0.0001935840039789012
522,0.496157169342041,0.4610823094844818,0.35074862837791443,0.00019354440308298672
523,0.463175505399704,0.43100863695144653,0.3216686248779297,0.00019350468442608305
524,0.45698800683021545,0.42488858103752136,0.32099416851997375,0.0001934648480581911
525,0.46563640236854553,0.43312206864356995,0.325143426656723,0.00019342489402945998
526,0.45148715376853943,0.41988807916641235,0.3159906268119812,0.000193384822390187
527,0.4361952543258667,0.40572449564933777,0.30470767617225647,0.00019334463319081735
528,0.5081060528755188,0.4716188907623291,0.36487138271331787,0.00019330432648194444
529,0.4811525344848633,0.44722169637680054,0.33930832147598267,0.00019326390231430942
530,0.45529696345329285,0.4235820770263672,0.3171488046646118,0.00019322336073880142
531,0.4761669635772705,0.4431042969226837,0.33062657713890076,0.00019318270180645737
532,0.468875527381897,0.43543460965156555,0.3344092071056366,0.00019314192556846185
533,0.4814762473106384,0.44705191254615784,0.34424349665641785,0.00019310103207614718
534,0.45469483733177185,0.4220517575740814,0.3264308571815491,0.00019306002138099327
535,0.4837801456451416,0.44997283816337585,0.3380730450153351,0.00019301889353462762
536,0.45296263694763184,0.4211634397506714,0.31799212098121643,0.00019297764858882514
537,0.46497833728790283,0.4331521987915039,0.31826135516166687,0.0001929362865955082
538,0.44606196880340576,0.41492244601249695,0.3113953471183777,0.0001928948076067465
539,0.4884174168109894,0.4543267786502838,0.3409062623977661,0.00019285321167475698
540,0.48225313425064087,0.4488852322101593,0.33367910981178284,0.0001928114988519039
541,0.43996143341064453,0.4096227288246155,0.30338698625564575,0.00019276966919069862
542,0.4789692759513855,0.4454980194568634,0.33471250534057617,0.0001927277227437995
543,0.48213207721710205,0.4484897553920746,0.3364231288433075,0.00019268565956401208
544,0.4664120674133301,0.4334263801574707,0.3298569917678833,0.00019264347970428876
545,0.45284503698349,0.4215739369392395,0.3127111494541168,0.0001926011832177288
546,0.4962884485721588,0.46145007014274597,0.3483837842941284,0.00019255877015757835
547,0.4517476260662079,0.4199744462966919,0.31773173809051514,0.00019251624057723023
548,0.46536099910736084,0.4323839545249939,0.3297704756259918,0.00019247359453022407
549,0.4674559533596039,0.43467026948928833,0.32785677909851074,0.00019243083207024598
550,0.5109601020812988,0.4750538766384125,0.3590620756149292,0.0001923879532511287
551,0.4834368824958801,0.4498836100101471,0.3355325758457184,0.0001923449581268514
552,0.47684401273727417,0.4436413049697876,0.3320271670818329,0.00019230184675153976
553,0.48337122797966003,0.44916781783103943,0.3420339822769165,0.00019225861917946565
554,0.49783995747566223,0.46328791975975037,0.3455204963684082,0.0001922152754650474
555,0.4838244616985321,0.4500921666622162,0.3373229503631592,0.0001921718156628494
556,0.46568623185157776,0.43369773030281067,0.31988492608070374,0.00019212823982758226
557,0.47024664282798767,0.4374869763851166,0.3275967538356781,0.00019208454801410266
558,0.46547237038612366,0.4324556291103363,0.33016738295555115,0.0001920407402774132
559,0.5093923211097717,0.47380200028419495,0.35590341687202454,0.00019199681667266252
560,0.4669918417930603,0.4342387616634369,0.3275308310985565,0.0001919527772551451
561,0.4842630624771118,0.4505613446235657,0.3370170295238495,0.0001919086220803011
562,0.464745432138443,0.43192487955093384,0.32820549607276917,0.0001918643512037166
563,0.4431011378765106,0.4119032919406891,0.31197836995124817,0.00019181996468112323
564,0.45527416467666626,0.42276808619499207,0.3250609338283539,0.00019177546256839812
565,0.4782111644744873,0.445068895816803,0.3314228057861328,0.00019173084492156407
566,0.44555428624153137,0.41427192091941833,0.312823623418808,0.00019168611179678924
567,0.4682057499885559,0.4347734749317169,0.3343226909637451,0.00019164126325038714
568,0.49118736386299133,0.45624783635139465,0.3493952453136444,0.00019159629933881666
569,0.49083513021469116,0.4562755823135376,0.3455953299999237,0.00019155122011868186
570,0.4760790467262268,0.4423133134841919,0.3376571834087372,0.00019150602564673198
571,0.48169469833374023,0.44813603162765503,0.33558669686317444,0.00019146071597986138
572,0.4652092754840851,0.43309563398361206,0.321136474609375,0.00019141529117510932
573,0.4922496974468231,0.4582395553588867,0.34010136127471924,0.00019136975128966017
574,0.4517723023891449,0.42089971899986267,0.3087259531021118,0.00019132409638084304
575,0.4462732970714569,0.41515740752220154,0.3111588656902313,0.00019127832650613189
576,0.4878080189228058,0.45410165190696716,0.33706364035606384,0.00019123244172314545
577,0.45305657386779785,0.42172250151634216,0.3133406639099121,0.00019118644208964702
578,0.49933701753616333,0.4634084105491638,0.35928618907928467,0.00019114032766354453
579,0.4701964557170868,0.43680188059806824,0.3339456617832184,0.00019109409850289044
580,0.447130024433136,0.4147960841655731,0.3233393430709839,0.00019104775466588161
581,0.4849531352519989,0.45117059350013733,0.3378254175186157,0.00019100129621085925
582,0.4825432300567627,0.4490039050579071,0.3353932499885559,0.00019095472319630892
583,0.48407965898513794,0.4501076638698578,0.33972007036209106,0.00019090803568086036
584,0.47566911578178406,0.4424314498901367,0.33237674832344055,0.00019086123372328746
585,0.4468700885772705,0.4152510464191437,0.31619057059288025,0.00019081431738250814
586,0.5141000747680664,0.4779417812824249,0.36158308386802673,0.00019076728671758438
587,0.4773685336112976,0.44418206810951233,0.3318646550178528,0.00019072014178772202
588,0.43154606223106384,0.401385098695755,0.30160951614379883,0.00019067288265227082
589,0.47179874777793884,0.4388897716999054,0.32908979058265686,0.00019062550937072424
590,0.4872426986694336,0.45331016182899475,0.33932551741600037,0.00019057802200271942
591,0.460759699344635,0.4286814033985138,0.32078292965888977,0.0001905304206080372
592,0.4879875183105469,0.4533071517944336,0.3468036949634552,0.00019048270524660196
593,0.43357211351394653,0.40340036153793335,0.3017176389694214,0.0001904348759784815
594,0.44112345576286316,0.41014334559440613,0.3098011612892151,0.00019038693286388698
595,0.46756190061569214,0.43475934863090515,0.3280255198478699,0.00019033887596317298
596,0.46429938077926636,0.4315400719642639,0.3275931477546692,0.00019029070533683725
597,0.4614262580871582,0.42918750643730164,0.32238736748695374,0.00019024242104552074
598,0.44246774911880493,0.4113616347312927,0.3110611140727997,0.00019019402315000752
599,0.4682575464248657,0.43574821949005127,0.3250932991504669,0.00019014551171122457
600,0.4753771722316742,0.4421533942222595,0.33223772048950195,0.0001900968867902419
601,0.4570378363132477,0.4251001477241516,0.3193768560886383,0.0001900481484482724
602,0.4785444140434265,0.44505026936531067,0.334941565990448,0.0001899992967466716
603,0.4746650457382202,0.4415096640586853,0.33155375719070435,0.0001899503317469379
604,0.47971251606941223,0.4459278881549835,0.3378463089466095,0.00018990125351071226
605,0.49838393926620483,0.4625532031059265,0.3583073914051056,0.00018985206209977813
606,0.4770067036151886,0.4438437521457672,0.3316294550895691,0.00018980275757606157
607,0.5113680958747864,0.4759165644645691,0.3545151948928833,0.00018975334000163093
608,0.4974353015422821,0.4619075357913971,0.35527777671813965,0.00018970380943869687
609,0.46950048208236694,0.43732669949531555,0.32173797488212585,0.00018965416594961238
610,0.43048998713493347,0.4006224274635315,0.2986757159233093,0.00018960440959687254
611,0.4612671136856079,0.42921289801597595,0.3205420970916748,0.0001895545404431145
612,0.4412439465522766,0.4106486737728119,0.30595287680625916,0.00018950455855111745
613,0.4406352639198303,0.41036659479141235,0.3026867210865021,0.0001894544639838025
614,0.47088006138801575,0.43813544511795044,0.3274461030960083,0.00018940425680423264
615,0.49950718879699707,0.4646553695201874,0.3485183119773865,0.00018935393707561251
616,0.45272350311279297,0.4206310212612152,0.32092466950416565,0.00018930350486128856
617,0.44833457469940186,0.4164333939552307,0.3190116882324219,0.00018925296022474878
618,0.45480504631996155,0.4219170808792114,0.32887959480285645,0.00018920230322962264
619,0.49640724062919617,0.4613509476184845,0.3505629897117615,0.0001891515339396812
620,0.44337978959083557,0.41207244992256165,0.3130733072757721,0.0001891006524188368
621,0.44071343541145325,0.41061079502105713,0.30102643370628357,0.000189049658731143
622,0.46373188495635986,0.43161264061927795,0.3211923837661743,0.00018899855294079472
623,0.44800618290901184,0.41636717319488525,0.31639018654823303,0.00018894733511212782
624,0.482845664024353,0.4493332505226135,0.33512428402900696,0.00018889600530961934
625,0.45827654004096985,0.4266852140426636,0.31591325998306274,0.00018884456359788724
626,0.4666183590888977,0.43447792530059814,0.3214043974876404,0.00018879301004169036
627,0.4828382134437561,0.4485183358192444,0.34319889545440674,0.00018874134470592835
628,0.4364522099494934,0.4063536524772644,0.30098557472229004,0.0001886895676556415
629,0.4696463644504547,0.4369041323661804,0.3274223506450653,0.00018863767895601087
630,0.4550515413284302,0.42379263043403625,0.31258925795555115,0.000188585678672358
631,0.4473614990711212,0.4163307249546051,0.3103077709674835,0.00018853356687014485
632,0.4949757158756256,0.45980581641197205,0.35169899463653564,0.00018848134361497385
633,0.4767967462539673,0.44349953532218933,0.33297213912010193,0.0001884290089725877
634,0.47234195470809937,0.43959498405456543,0.32746967673301697,0.00018837656300886937
635,0.4840821623802185,0.449616014957428,0.34466132521629333,0.00018832400578984183
636,0.4579273462295532,0.42502596974372864,0.32901373505592346,0.0001882713373816683
637,0.47995665669441223,0.4465184211730957,0.3343822658061981,0.00018821855785065185
638,0.4797533452510834,0.44634565711021423,0.3340769112110138,0.00018816566726323548
639,0.47111380100250244,0.43801966309547424,0.330941379070282,0.00018811266568600194
640,0.47810882329940796,0.44454795122146606,0.33560875058174133,0.0001880595531856738
641,0.46161919832229614,0.42965200543403625,0.31967198848724365,0.00018800632982911322
642,0.48585692048072815,0.45177650451660156,0.3408041000366211,0.00018795299568332184
643,0.4704529643058777,0.43732544779777527,0.331275075674057,0.00018789955081544092
644,0.4949948191642761,0.4605221152305603,0.34472689032554626,0.000187845995292751
645,0.4499116539955139,0.4185793399810791,0.3133232593536377,0.00018779232918267195
646,0.42566588521003723,0.3961513340473175,0.2951453924179077,0.00018773855255276283
647,0.483150839805603,0.44933217763900757,0.33818647265434265,0.00018768466547072188
648,0.4665316045284271,0.4337237477302551,0.3280785381793976,0.00018763066800438636
649,0.480276495218277,0.44691532850265503,0.33361169695854187,0.00018757656022173248
650,0.4687793254852295,0.43590760231018066,0.32871726155281067,0.00018752234219087538
651,0.4628218710422516,0.43033769726753235,0.32484176754951477,0.0001874680139800689
652,0.4782668948173523,0.44489791989326477,0.33368977904319763,0.0001874135756577056
653,0.4411843419075012,0.41071173548698425,0.30472612380981445,0.00018735902729231677
654,0.48067405819892883,0.44650647044181824,0.34167587757110596,0.00018730436895257206
655,0.48343855142593384,0.4496183395385742,0.3382021188735962,0.00018724960070727972
656,0.45466601848602295,0.42332717776298523,0.31338855624198914,0.00018719472262538624
657,0.42179200053215027,0.39231082797050476,0.2948117256164551,0.00018713973477597646
658,0.45269280672073364,0.4214148223400116,0.31277981400489807,0.00018708463722827336
659,0.4939884841442108,0.4597871005535126,0.34201380610466003,0.00018702943005163803
660,0.47080203890800476,0.43798351287841797,0.32818523049354553,0.00018697411331556956
661,0.4705200791358948,0.4372349977493286,0.332850843667984,0.00018691868708970496
662,0.47909119725227356,0.44476577639579773,0.34325411915779114,0.00018686315144381913
663,0.4451061189174652,0.4139808118343353,0.3112529516220093,0.00018680750644782467
664,0.4866408407688141,0.4525635242462158,0.3407731354236603,0.00018675175217177175
665,0.47521090507507324,0.44233545660972595,0.3287545442581177,0.0001866958886858483
666,0.4701520502567291,0.4372565448284149,0.32895493507385254,0.0001866399160603796
667,0.4708406329154968,0.43803316354751587,0.32807478308677673,0.0001865838343658284
668,0.4609633684158325,0.4288654029369354,0.3209797441959381,0.00018652764367279461
669,0.48472368717193604,0.45068803429603577,0.3403564989566803,0.0001864713440520155
670,0.4921375513076782,0.4574136734008789,0.3472386300563812,0.0001864149355743655
671,0.45586061477661133,0.4243069291114807,0.31553685665130615,0.00018635841831085586
672,0.46489983797073364,0.4323943555355072,0.3250548839569092,0.00018630179233263504
673,0.47775527834892273,0.4440356194972992,0.33719655871391296,0.00018624505771098817
674,0.4874316155910492,0.453166127204895,0.3426549434661865,0.00018618821451733724
675,0.4871661067008972,0.4533936381340027,0.33772462606430054,0.00018613126282324092
676,0.4539960026741028,0.4220816493034363,0.31914347410202026,0.0001860742027003944
677,0.4562942087650299,0.42412734031677246,0.321668803691864,0.0001860170342206294
678,0.4466126263141632,0.4153483808040619,0.3126423954963684,0.0001859597574559141
679,0.4808412492275238,0.4474472105503082,0.3339402675628662,0.00018590237247835293
680,0.4660790264606476,0.4337650537490845,0.32313963770866394,0.00018584487936018661
681,0.455419659614563,0.423717737197876,0.31701937317848206,0.00018578727817379195
682,0.486453115940094,0.4528866410255432,0.33566489815711975,0.0001857295689916818
683,0.4796338975429535,0.4459700286388397,0.3366386890411377,0.00018567175188650498
684,0.4449557960033417,0.413987934589386,0.30967867374420166,0.00018561382693104615
685,0.45425522327423096,0.4227851927280426,0.3147002160549164,0.00018555579419822583
686,0.4696560502052307,0.4374206066131592,0.32235440611839294,0.0001854976537611001
687,0.44835835695266724,0.41733425855636597,0.31024104356765747,0.00018543940569286065
688,0.5046440362930298,0.4693561792373657,0.3528783321380615,0.00018538105006683472
689,0.4580558240413666,0.4266447126865387,0.3141110837459564,0.00018532258695648496
690,0.47534415125846863,0.4422945976257324,0.33049559593200684,0.00018526401643540922
691,0.45534902811050415,0.4231540858745575,0.3219492733478546,0.0001852053385773407
692,0.47652915120124817,0.44359058141708374,0.3293856382369995,0.00018514655345614763
693,0.488555371761322,0.4541957676410675,0.34359607100486755,0.00018508766114583332
694,0.4291698932647705,0.39897558093070984,0.30194327235221863,0.00018502866172053598
695,0.4517422914505005,0.4205666482448578,0.3117564618587494,0.00018496955525452874
696,0.49225589632987976,0.45752421021461487,0.34731680154800415,0.0001849103418222194
697,0.46804773807525635,0.43576499819755554,0.3228273093700409,0.00018485102149815038
698,0.4812866151332855,0.44739577174186707,0.338908314704895,0.00018479159435699883
699,0.5119146704673767,0.4759429693222046,0.35971713066101074,0.00018473206047357619
700,0.46146637201309204,0.4295547604560852,0.3191159665584564,0.00018467241992282843
701,0.46471452713012695,0.4324827194213867,0.32231810688972473,0.00018461267277983568
702,0.48349058628082275,0.44975075125694275,0.3373984694480896,0.0001845528191198123
703,0.48394227027893066,0.44987404346466064,0.34068241715431213,0.00018449285901810675
704,0.43405312299728394,0.4036612808704376,0.30391833186149597,0.00018443279255020152
705,0.4551132321357727,0.4234756529331207,0.3163757920265198,0.0001843726197917129
706,0.4692438542842865,0.43679410219192505,0.3244974911212921,0.0001843123408183911
707,0.47049763798713684,0.437592476606369,0.329051673412323,0.00018425195570611998
708,0.4543466866016388,0.42264407873153687,0.3170260488986969,0.00018419146453091701
709,0.47555071115493774,0.44214963912963867,0.3340108394622803,0.0001841308673689332
710,0.4594571888446808,0.4272777736186981,0.3217941224575043,0.00018407016429645303
711,0.459005206823349,0.42736151814460754,0.31643688678741455,0.0001840093553898942
712,0.4890872836112976,0.45455485582351685,0.3453243374824524,0.00018394844072580773
713,0.4604673683643341,0.42881104350090027,0.3165631890296936,0.00018388742038087777
714,0.4595704674720764,0.4278673529624939,0.31703099608421326,0.00018382629443192144
715,0.4910968840122223,0.456769734621048,0.3432715833187103,0.00018376506295588886
716,0.45004338026046753,0.41905272006988525,0.30990666151046753,0.00018370372602986303
717,0.4722314476966858,0.4393388330936432,0.3289260268211365,0.00018364228373105964
718,0.4537477195262909,0.4222945272922516,0.3145318031311035,0.00018358073613682706
719,0.45086148381233215,0.4197044372558594,0.3115704357624054,0.0001835190833246461
720,0.47415411472320557,0.4410153031349182,0.33138802647590637,0.00018345732537213027
721,0.46848729252815247,0.43611469864845276,0.32372602820396423,0.00018339546235702524
722,0.45465391874313354,0.4232024848461151,0.31451427936553955,0.00018333349435720894
723,0.4735003113746643,0.44017502665519714,0.33325281739234924,0.0001832714214506916
724,0.49196556210517883,0.45728200674057007,0.34683552384376526,0.0001832092437156154
725,0.45196807384490967,0.4199567437171936,0.32011330127716064,0.00018314696123025454
726,0.45014286041259766,0.41895389556884766,0.3118895888328552,0.00018308457407301503
727,0.46172958612442017,0.42960068583488464,0.3212890028953552,0.00018302208232243473
728,0.48217296600341797,0.4482944905757904,0.338784784078598,0.00018295948605718314
729,0.4895218312740326,0.4556627571582794,0.3385908007621765,0.00018289678535606126
730,0.45283421874046326,0.42094382643699646,0.3189038932323456,0.00018283398029800166
731,0.48319101333618164,0.44941964745521545,0.3377136290073395,0.00018277107096206826
732,0.4721079468727112,0.4392169117927551,0.328910231590271,0.00018270805742745617
733,0.46731504797935486,0.4350796937942505,0.32235342264175415,0.00018264493977349184
734,0.500974178314209,0.4662056565284729,0.34768542647361755,0.0001825817180796326
735,0.5002809762954712,0.4657019376754761,0.34579047560691833,0.00018251839242546696
736,0.46050623059272766,0.428588330745697,0.31917890906333923,0.0001824549628907141
737,0.4917961359024048,0.45776790380477905,0.3402821719646454,0.00018239142955522406
738,0.4500432014465332,0.41884568333625793,0.3119750916957855,0.0001823277924989776
739,0.5031359195709229,0.4674997329711914,0.35636216402053833,0.000182264051802086
740,0.4929184019565582,0.4589206874370575,0.3399771451950073,0.00018220020754479102
741,0.47594308853149414,0.44285494089126587,0.33088141679763794,0.00018213625980746475
742,0.4963828921318054,0.46118035912513733,0.35202518105506897,0.00018207220867060966
743,0.4458613693714142,0.41559579968452454,0.3026556372642517,0.00018200805421485824
744,0.47517716884613037,0.44177988171577454,0.3339729905128479,0.0001819437965209732
745,0.48414018750190735,0.45024222135543823,0.33897966146469116,0.0001818794356698471
746,0.45439884066581726,0.4236622452735901,0.30736595392227173,0.00018181497174250236
747,0.4556797444820404,0.42368409037590027,0.31995657086372375,0.0001817504048200912
748,0.473581999540329,0.44019994139671326,0.3338206112384796,0.00018168573498389564
749,0.5072722434997559,0.4714066982269287,0.358655720949173,0.00018162096231532694
750,0.4386734068393707,0.408562034368515,0.3011136054992676,0.00018155608689592604
751,0.447841614484787,0.4161398708820343,0.31701746582984924,0.0001814911088073632
752,0.47768962383270264,0.44437679648399353,0.3331281542778015,0.00018142602813143785
753,0.48087278008461,0.4474825859069824,0.333901971578598,0.00018136084495007872
754,0.45972487330436707,0.42829766869544983,0.3142721652984619,0.0001812955593453434
755,0.4778757393360138,0.444569855928421,0.3330589532852173,0.0001812301713994185
756,0.4843663275241852,0.45064210891723633,0.337242066860199,0.00018116468119461953
757,0.4808177053928375,0.4474494457244873,0.33368268609046936,0.00018109908881339058
758,0.508038341999054,0.4725496768951416,0.3548864722251892,0.00018103339433830454
759,0.4841929078102112,0.4505925178527832,0.3360040485858917,0.00018096759785206267
760,0.5012416243553162,0.4659842550754547,0.35257378220558167,0.00018090169943749476
761,0.47590821981430054,0.4427862763404846,0.33121928572654724,0.00018083569917755885
762,0.4649348855018616,0.43218591809272766,0.32748958468437195,0.00018076959715534124
763,0.46253135800361633,0.4304080903530121,0.32123276591300964,0.00018070339345405625
764,0.46353110671043396,0.4312361180782318,0.32294997572898865,0.00018063708815704632
765,0.4468368589878082,0.41580963134765625,0.3102722764015198,0.00018057068134778173
766,0.4678247272968292,0.4349839687347412,0.3284075856208801,0.00018050417310986052
767,0.49598807096481323,0.4612704813480377,0.3471757471561432,0.00018043756352700846
768,0.4858476221561432,0.45204752683639526,0.33800098299980164,0.00018037085268307889
769,0.4642599821090698,0.4322604835033417,0.31999489665031433,0.0001803040406620526
770,0.46068549156188965,0.4284153878688812,0.32270103693008423,0.0001802371275480378
771,0.4758278429508209,0.4429766833782196,0.32851165533065796,0.0001801701134252699
772,0.49472832679748535,0.4595005214214325,0.3522779643535614,0.0001801029983781116
773,0.4994882643222809,0.4646780788898468,0.34810182452201843,0.00018003578249105244
774,0.48590734601020813,0.45196911692619324,0.3393824100494385,0.00017996846584870908
775,0.4748091399669647,0.4420556426048279,0.3275349736213684,0.00017990104853582493
776,0.4652436077594757,0.4336378872394562,0.3160572648048401,0.00017983353063727016
777,0.45432180166244507,0.42315351963043213,0.3116827607154846,0.00017976591223804161
778,0.48460906744003296,0.4504397511482239,0.3416932225227356,0.00017969819342326254
779,0.45517656207084656,0.422656774520874,0.3251977860927582,0.00017963037427818268
780,0.4407120645046234,0.409817636013031,0.30894434452056885,0.00017956245488817812
781,0.4463275074958801,0.4150836169719696,0.3124389052391052,0.000179494435338751
782,0.4920329451560974,0.45770546793937683,0.3432748019695282,0.00017942631571552973
783,0.47547999024391174,0.4423770010471344,0.3310297727584839,0.0001793580961042685
784,0.45290470123291016,0.42121994495391846,0.31684744358062744,0.00017928977659084755
785,0.44095316529273987,0.4099486470222473,0.31004518270492554,0.00017922135726127275
786,0.4801904261112213,0.44657382369041443,0.336166113615036,0.00017915283820167573
787,0.47466063499450684,0.4414892792701721,0.3317137062549591,0.00017908421949831366
788,0.48584651947021484,0.452177494764328,0.33669033646583557,0.00017901550123756906
789,0.45113539695739746,0.4192892909049988,0.3184609115123749,0.00017894668350594981
790,0.4673047959804535,0.4352605640888214,0.3204423487186432,0.00017887776639008914
791,0.4234611392021179,0.39416006207466125,0.2930108308792114,0.00017880874997674515
792,0.45949703454971313,0.42723995447158813,0.3225707411766052,0.00017873963435280121
793,0.49025845527648926,0.4557432234287262,0.34515246748924255,0.00017867041960526535
794,0.4681507349014282,0.43606051802635193,0.3209022283554077,0.0001786011058212706
795,0.4641207754611969,0.432343453168869,0.31777313351631165,0.00017853169308807448
796,0.46902626752853394,0.4363000988960266,0.3272615671157837,0.0001784621814930592
797,0.46508440375328064,0.4328000843524933,0.3228432238101959,0.00017839257112373132
798,0.4625317454338074,0.42990612983703613,0.32625612616539,0.00017832286206772186
799,0.4505378305912018,0.41853395104408264,0.32003888487815857,0.00017825305441278598
800,0.4689317047595978,0.43628689646720886,0.32644814252853394,0.000178183148246803
801,0.47169139981269836,0.4385310113430023,0.3316037952899933,0.00017811314365777625
802,0.494905561208725,0.4603163003921509,0.34589260816574097,0.000178043040733833
803,0.5023020505905151,0.4677410125732422,0.3456103205680847,0.0001779728395632242
804,0.48997291922569275,0.45594966411590576,0.34023258090019226,0.00017790254023432466
805,0.4548443555831909,0.4236419200897217,0.31202438473701477,0.00017783214283563262
806,0.4510456323623657,0.4201880693435669,0.3085755705833435,0.00017776164745576976
807,0.4973568618297577,0.46200624108314514,0.35350632667541504,0.00017769105418348122
808,0.468412846326828,0.43519219756126404,0.3322063982486725,0.00017762036310763532
809,0.4539760649204254,0.42268818616867065,0.3128787577152252,0.00017754957431722346
810,0.44166088104248047,0.41086798906326294,0.30792906880378723,0.0001774786879013601
811,0.47965607047080994,0.4458138346672058,0.3384224474430084,0.0001774077039492826
812,0.48408758640289307,0.45021167397499084,0.33875900506973267,0.00017733662255035114
813,0.4438059628009796,0.4127931594848633,0.3101279139518738,0.0001772654437940484
814,0.4997011423110962,0.4650386571884155,0.3466249406337738,0.0001771941677699799
815,0.4743960499763489,0.44159138202667236,0.3280467987060547,0.00017712279456787332
816,0.4794416129589081,0.4460446536540985,0.3339695334434509,0.00017705132427757895
817,0.4951956272125244,0.46072807908058167,0.34467533230781555,0.00017697975698906904
818,0.4812161922454834,0.44782310724258423,0.3339308202266693,0.00017690809279243813
819,0.4669456481933594,0.43502718210220337,0.319184809923172,0.00017683633177790272
820,0.45404288172721863,0.4228103756904602,0.312325119972229,0.0001767644740358011
821,0.4671337306499481,0.4335220456123352,0.33611685037612915,0.0001766925196565935
822,0.47267964482307434,0.4390539824962616,0.336256742477417,0.00017662046873086163
823,0.4989403188228607,0.4637565314769745,0.3518379330635071,0.00017654832134930882
824,0.47192972898483276,0.4391440153121948,0.32785698771476746,0.00017647607760275987
825,0.4682111442089081,0.4355645775794983,0.3264657258987427,0.00017640373758216077
826,0.46570879220962524,0.43273741006851196,0.3297138214111328,0.0001763313013785788
827,0.4551847279071808,0.42289888858795166,0.32285836338996887,0.00017625876908320236
828,0.45533058047294617,0.4235985279083252,0.31732043623924255,0.00017618614078734069
829,0.48238712549209595,0.4495435357093811,0.3284359574317932,0.00017611341658242395
830,0.47140970826148987,0.43900027871131897,0.3240942656993866,0.0001760405965600031
831,0.4825810194015503,0.44878679513931274,0.33794230222702026,0.00017596768081174963
832,0.45434001088142395,0.4228737950325012,0.31466224789619446,0.00017589466942945556
833,0.47912663221359253,0.44580942392349243,0.3331722021102905,0.00017582156250503335
834,0.4422556459903717,0.4114794135093689,0.3077622950077057,0.00017574836013051562
835,0.4652588665485382,0.4329179525375366,0.32340916991233826,0.0001756750623980553
836,0.4725780189037323,0.43903690576553345,0.3354112505912781,0.00017560166939992528
837,0.45685291290283203,0.42544496059417725,0.31407949328422546,0.00017552818122851838
838,0.4658949077129364,0.43355441093444824,0.3234049379825592,0.0001754545979763472
839,0.47436797618865967,0.4413127601146698,0.33055227994918823,0.00017538091973604418
840,0.4780082106590271,0.4452407956123352,0.327674001455307,0.00017530714660036112
841,0.48742789030075073,0.45379817485809326,0.33629706501960754,0.00017523327866216944
842,0.5074294209480286,0.4723557233810425,0.35073721408843994,0.00017515931601445986
843,0.46986863017082214,0.4375852048397064,0.3228342533111572,0.00017508525875034237
844,0.45927536487579346,0.42744961380958557,0.31825748085975647,0.00017501110696304596
845,0.4761563539505005,0.44326430559158325,0.3289203941822052,0.00017493686074591873
846,0.4670771658420563,0.43507155776023865,0.32005608081817627,0.0001748625201924276
847,0.4395486116409302,0.40890568494796753,0.30642932653427124,0.00017478808539615824
848,0.5018541216850281,0.4669322371482849,0.34921878576278687,0.00017471355645081498
849,0.44601544737815857,0.4147613048553467,0.31254130601882935,0.00017463893345022067
850,0.455436110496521,0.4231729209423065,0.32263198494911194,0.00017456421648831655
851,0.4673439562320709,0.43529313802719116,0.32050812244415283,0.00017448940565916222
852,0.4599511921405792,0.42848291993141174,0.31468260288238525,0.0001744145010569353
853,0.4815295338630676,0.4479760229587555,0.3355349600315094,0.00017433950277593162
854,0.44719886779785156,0.41654399037361145,0.30654892325401306,0.0001742644109105648
855,0.47176772356033325,0.4387388825416565,0.33028846979141235,0.00017418922555536637
856,0.47014883160591125,0.4374081790447235,0.3274066150188446,0.0001741139468049855
857,0.5087928175926208,0.47335055470466614,0.354422390460968,0.00017403857475418896
858,0.4355403184890747,0.40452709794044495,0.31013214588165283,0.000173963109497861
859,0.4863989055156708,0.4529578983783722,0.33441007137298584,0.0001738875511310031
860,0.4981590211391449,0.4639032483100891,0.3425576984882355,0.00017381189974873407
861,0.4780384302139282,0.44458991289138794,0.33448532223701477,0.00017373615544628978
862,0.4542888104915619,0.42268306016921997,0.31605738401412964,0.00017366031831902304
863,0.4610469341278076,0.42883411049842834,0.3221282660961151,0.0001735843884624035
864,0.44709354639053345,0.4162047803401947,0.3088876008987427,0.00017350836597201767
865,0.47980499267578125,0.4464989900588989,0.3330599069595337,0.00017343225094356855
866,0.48366227746009827,0.44966840744018555,0.33993878960609436,0.0001733560434728757
867,0.45521000027656555,0.42347559332847595,0.31734412908554077,0.00017327974365587495
868,0.4615767002105713,0.4296400249004364,0.3193667531013489,0.00017320335158861855
869,0.48234355449676514,0.4490591287612915,0.3328441381454468,0.0001731268673672747
870,0.4670531451702118,0.43450942635536194,0.3254372775554657,0.00017305029108812776
871,0.47363045811653137,0.4403059780597687,0.3332449197769165,0.00017297362284757794
872,0.48377013206481934,0.4506067931652069,0.3316333293914795,0.00017289686274214118
873,0.4765009582042694,0.44322967529296875,0.33271291851997375,0.00017282001086844906
874,0.4724796712398529,0.4389427900314331,0.3353688418865204,0.00017274306732324872
875,0.4642898738384247,0.43221813440322876,0.32071733474731445,0.0001726660322034027
876,0.4587419033050537,0.426738977432251,0.3200291097164154,0.00017258890560588888
877,0.44499069452285767,0.41391751170158386,0.3107316792011261,0.00017251168762780013
878,0.47233039140701294,0.43953606486320496,0.32794317603111267,0.0001724343783663445
879,0.44236817955970764,0.41144460439682007,0.3092356324195862,0.00017235697791884494
880,0.48509424924850464,0.4513641595840454,0.33730074763298035,0.00017227948638273916
881,0.46175554394721985,0.4300106167793274,0.317449152469635,0.00017220190385557955
882,0.45615342259407043,0.424133837223053,0.3201957643032074,0.00017212423043503301
883,0.4619143307209015,0.43011733889579773,0.31797003746032715,0.00017204646621888096
884,0.4815084934234619,0.44839391112327576,0.3311459720134735,0.00017196861130501905
885,0.4582538902759552,0.42649075388908386,0.31763148307800293,0.00017189066579145705
886,0.45682814717292786,0.42498043179512024,0.31847718358039856,0.0001718126297763189
887,0.4683888256549835,0.43643301725387573,0.31955814361572266,0.0001717345033578424
888,0.4530433416366577,0.4217706024646759,0.3127274513244629,0.00017165628663437922
889,0.4552130401134491,0.4239916503429413,0.31221380829811096,0.00017157797970439464
890,0.44619154930114746,0.4152594208717346,0.30932119488716125,0.00017149958266646754
891,0.4669610261917114,0.4348134696483612,0.32147541642189026,0.00017142109561929023
892,0.4393423795700073,0.4085004925727844,0.3084188401699066,0.00017134251866166827
893,0.45232343673706055,0.42065614461898804,0.31667307019233704,0.00017126385189252053
894,0.45614030957221985,0.4247070252895355,0.31433284282684326,0.00017118509541087887
895,0.4601932168006897,0.4286590814590454,0.31534144282341003,0.00017110624931588806
896,0.46492403745651245,0.4322126507759094,0.3271138370037079,0.0001710273137068057
897,0.4702981412410736,0.4377654194831848,0.3253272473812103,0.00017094828868300215
898,0.4552662670612335,0.42322224378585815,0.32044026255607605,0.0001708691743439602
899,0.48802465200424194,0.4536724388599396,0.34352198243141174,0.00017078997078927521
900,0.45213866233825684,0.4207251965999603,0.31413477659225464,0.00017071067811865476
901,0.48775187134742737,0.45365703105926514,0.3409484028816223,0.00017063129643191864
902,0.4452921450138092,0.41479113698005676,0.3050100803375244,0.00017055182582899873
903,0.46469900012016296,0.43172401189804077,0.32974979281425476,0.00017047226640993883
904,0.45053744316101074,0.41958534717559814,0.30952104926109314,0.0001703926182748945
905,0.48346614837646484,0.4498760998249054,0.3359004557132721,0.00017031288152413306
906,0.42693421244621277,0.3975431025028229,0.2939111590385437,0.00017023305625803333
907,0.470129132270813,0.4371424913406372,0.3298664391040802,0.0001701531425770856
908,0.48323702812194824,0.4490760862827301,0.341609388589859,0.0001700731405818914
909,0.4927232563495636,0.458485871553421,0.34237393736839294,0.00016999305037316352
910,0.4252960979938507,0.39589443802833557,0.29401668906211853,0.00016991287205172573
911,0.4800042510032654,0.4471273124217987,0.32876941561698914,0.0001698326057185128
912,0.46393781900405884,0.4321366250514984,0.3180120885372162,0.00016975225147457026
913,0.4491941034793854,0.41747575998306274,0.31718340516090393,0.00016967180942105423
914,0.464767724275589,0.4326346516609192,0.3213307559490204,0.00016959127965923142
915,0.4184645116329193,0.3892005383968353,0.29263976216316223,0.0001695106622904791
916,0.4652272164821625,0.43321847915649414,0.3200874328613281,0.0001694299574162846
917,0.46319571137428284,0.43098804354667664,0.3220767080783844,0.0001693491651382455
918,0.4748144745826721,0.4420751631259918,0.3273930251598358,0.0001692682855580695
919,0.44727057218551636,0.4162907600402832,0.30979815125465393,0.00016918731877757406
920,0.4391624331474304,0.4086179733276367,0.3054446578025818,0.00016910626489868649
921,0.47036635875701904,0.43789613246917725,0.32470235228538513,0.00016902512402344373
922,0.4711257517337799,0.4388381838798523,0.3228757679462433,0.00016894389625399226
923,0.48215389251708984,0.44894665479660034,0.3320724070072174,0.0001688625816925879
924,0.4628421664237976,0.4309842884540558,0.3185786306858063,0.00016878118044159578
925,0.4654828906059265,0.433232843875885,0.3225004971027374,0.00016869969260349018
926,0.46308204531669617,0.4312816560268402,0.3180038630962372,0.00016861811828085429
927,0.4631738066673279,0.4313912093639374,0.31782591342926025,0.00016853645757638024
928,0.4566732347011566,0.4248160421848297,0.31857195496559143,0.00016845471059286887
929,0.4702443480491638,0.4378230571746826,0.3242129385471344,0.00016837287743322975
930,0.4469136893749237,0.41622355580329895,0.3069012463092804,0.00016829095820048072
931,0.4220787286758423,0.39312729239463806,0.28951436281204224,0.00016820895299774814
932,0.4594012498855591,0.4269940257072449,0.3240721821784973,0.00016812686192826663
933,0.47369685769081116,0.4411511719226837,0.3254569172859192,0.00016804468509537874
934,0.455629825592041,0.42412734031677246,0.3150249421596527,0.00016796242260253512
935,0.4595416188240051,0.4278419017791748,0.3169971704483032,0.0001678800745532942
936,0.47399866580963135,0.44186931848526,0.32129359245300293,0.0001677976410513221
937,0.4559776782989502,0.42444008588790894,0.3153758943080902,0.00016771512220039255
938,0.4672451615333557,0.43508145213127136,0.32163721323013306,0.00016763251810438678
939,0.4781743586063385,0.4448840618133545,0.3329028785228729,0.00016754982886729318
940,0.4540899097919464,0.4225277006626129,0.3156219720840454,0.00016746705459320745
941,0.4585932791233063,0.4267149567604065,0.3187831938266754,0.0001673841953863323
942,0.480272114276886,0.4467373490333557,0.33534756302833557,0.00016730125135097735
943,0.4750522971153259,0.44223588705062866,0.32816416025161743,0.00016721822259155902
944,0.4473775029182434,0.41638967394828796,0.3098781406879425,0.0001671351092126004
945,0.4331400692462921,0.4030994772911072,0.3004060387611389,0.00016705191131873107
946,0.49419593811035156,0.46046876907348633,0.3372717797756195,0.0001669686290146871
947,0.4796965718269348,0.44666099548339844,0.330355703830719,0.00016688526240531064
948,0.449677437543869,0.418954461812973,0.3072296977043152,0.00016680181159555013
949,0.49582934379577637,0.4611107110977173,0.3471861779689789,0.00016671827669045998
950,0.4667215347290039,0.43473055958747864,0.3199097812175751,0.0001666346577952004
951,0.42801836133003235,0.3988405764102936,0.29177793860435486,0.00016655095501503738
952,0.47186094522476196,0.4391571879386902,0.3270376920700073,0.0001664671684553426
953,0.46440139412879944,0.43199655413627625,0.3240482807159424,0.00016638329822159296
954,0.4425508975982666,0.4123774468898773,0.30173438787460327,0.00016629934441937097
955,0.45953306555747986,0.42761245369911194,0.3192060887813568,0.00016621530715436414
956,0.46424102783203125,0.431355744600296,0.32885292172431946,0.00016613118653236518
957,0.450761079788208,0.4192778468132019,0.31483229994773865,0.00016604698265927173
958,0.46449893712997437,0.43247419595718384,0.32024744153022766,0.0001659626956410861
959,0.4397534430027008,0.4091952443122864,0.3055819272994995,0.0001658783255839154
960,0.45934560894966125,0.4269864857196808,0.3235912024974823,0.00016579387259397127
961,0.48614630103111267,0.4529114067554474,0.33234894275665283,0.00016570933677756967
962,0.4692254662513733,0.4372730851173401,0.3195239007472992,0.00016562471824113092
963,0.45322293043136597,0.4215574562549591,0.31665462255477905,0.0001655400170911794
964,0.45583879947662354,0.4247366189956665,0.31102168560028076,0.00016545523343434356
965,0.46528416872024536,0.43241673707962036,0.32867431640625,0.00016537036737735564
966,0.4574649930000305,0.42524197697639465,0.3222302198410034,0.00016528541902705162
967,0.4726521670818329,0.4398752748966217,0.32776886224746704,0.00016520038849037117
968,0.46379202604293823,0.4316725432872772,0.32119497656822205,0.00016511527587435737
969,0.45003294944763184,0.41894078254699707,0.31092163920402527,0.00016503008128615655
970,0.47764256596565247,0.4446668326854706,0.3297572433948517,0.00016494480483301836
971,0.4871472716331482,0.4533041715621948,0.33843106031417847,0.00016485944662229546
972,0.4668530225753784,0.4338364899158478,0.33016523718833923,0.00016477400676144334
973,0.4603584110736847,0.4281200170516968,0.32238394021987915,0.00016468848535802045
974,0.46018922328948975,0.4285708963871002,0.3161831498146057,0.00016460288251968775
975,0.47688499093055725,0.4435027539730072,0.33382248878479004,0.00016451719835420877
976,0.4598039388656616,0.4281714856624603,0.3163246512413025,0.00016443143296944945
977,0.4716648459434509,0.4386451840400696,0.3301967680454254,0.0001643455864733779
978,0.49933838844299316,0.46449345350265503,0.3484492003917694,0.0001642596589740644
979,0.48657557368278503,0.45240068435668945,0.34174880385398865,0.00016417365057968123
980,0.46653467416763306,0.43442389369010925,0.32110780477523804,0.0001640875613985024
981,0.45841091871261597,0.426744669675827,0.3166625499725342,0.00016400139153890375
982,0.4745504856109619,0.4419512152671814,0.3259928524494171,0.00016391514110936255
983,0.4513821303844452,0.4201889932155609,0.31193146109580994,0.00016382881021845762
984,0.49688011407852173,0.4616066515445709,0.3527344763278961,0.000163742398974869
985,0.4754800796508789,0.44290411472320557,0.32575973868370056,0.00016365590748737788
986,0.48570501804351807,0.45215174555778503,0.33553269505500793,0.00016356933586486648
987,0.46326112747192383,0.43105050921440125,0.32210615277290344,0.00016348268421631797
988,0.46632447838783264,0.4340837299823761,0.32240739464759827,0.0001633959526508162
989,0.4565776586532593,0.4250527620315552,0.31524887681007385,0.00016330914127754553
990,0.44464191794395447,0.41389206051826477,0.30749866366386414,0.00016322225020579099
991,0.46665143966674805,0.4343147575855255,0.3233669102191925,0.00016313527954493778
992,0.48087698221206665,0.4476187527179718,0.3325824439525604,0.00016304822940447139
993,0.47476255893707275,0.4419027268886566,0.3285984396934509,0.0001629610998939773
994,0.45737817883491516,0.42503833770751953,0.32339853048324585,0.00016287389112314092
995,0.463712602853775,0.4313757121562958,0.32336878776550293,0.00016278660320174747
996,0.4691927433013916,0.43688103556632996,0.323117196559906,0.0001626992362396818
997,0.45423123240470886,0.4225464165210724,0.3168482482433319,0.00016261179034692826
998,0.4569798707962036,0.42545855045318604,0.31521329283714294,0.00016252426563357052
999,0.42842531204223633,0.39857375621795654,0.29851558804512024,0.00016243666220979157
1000,0.45598605275154114,0.4246380031108856,0.3134804368019104,0.00016234898018587337
1001,0.48460322618484497,0.4516618251800537,0.3294139802455902,0.0001622612196721969
1002,0.4863879978656769,0.45230525732040405,0.3408273756504059,0.000162173380779242
1003,0.47789087891578674,0.4443742334842682,0.3351663649082184,0.00016208546361758707
1004,0.426961213350296,0.3971773087978363,0.29783907532691956,0.00016199746829790906
1005,0.4491254985332489,0.4184589385986328,0.30666571855545044,0.00016190939493098344
1006,0.4785401523113251,0.4456429183483124,0.3289722204208374,0.00016182124362768368
1007,0.4996907711029053,0.4647904932498932,0.34900280833244324,0.00016173301449898166
1008,0.45093199610710144,0.41987019777297974,0.3106181025505066,0.00016164470765594698
1009,0.4433137774467468,0.4132145643234253,0.3009919822216034,0.00016155632320974728
1010,0.45104101300239563,0.41973987221717834,0.3130115270614624,0.00016146786127164771
1011,0.4772340953350067,0.44401055574417114,0.3322353661060333,0.00016137932195301114
1012,0.4349195063114166,0.4053238332271576,0.2959567606449127,0.00016129070536529766
1013,0.48134708404541016,0.4483157694339752,0.33031314611434937,0.00016120201162006482
1014,0.461014986038208,0.4293597936630249,0.3165518045425415,0.0001611132408289672
1015,0.48861920833587646,0.4546251893043518,0.3399403393268585,0.00016102439310375637
1016,0.4287617802619934,0.39851248264312744,0.3024931252002716,0.00016093546855628084
1017,0.4621719419956207,0.4297615885734558,0.32410359382629395,0.00016084646729848568
1018,0.47938013076782227,0.4465782046318054,0.32801929116249084,0.00016075738944241268
1019,0.4534724950790405,0.4221539795398712,0.31318509578704834,0.00016066823510019998
1020,0.44353049993515015,0.4125458896160126,0.30984610319137573,0.000160579004384082
1021,0.46514153480529785,0.4331270754337311,0.3201445937156677,0.00016048969740638933
1022,0.43264245986938477,0.40274056792259216,0.2990190386772156,0.00016040031427954853
1023,0.4859980344772339,0.4523489773273468,0.33649060130119324,0.00016031085511608213
1024,0.4734629690647125,0.44082939624786377,0.32633569836616516,0.00016022132002860824
1025,0.4701402485370636,0.43713289499282837,0.33007362484931946,0.00016013170912984058
1026,0.4885985553264618,0.45491138100624084,0.3368716537952423,0.00016004202253258842
1027,0.4427841901779175,0.4121532440185547,0.30630946159362793,0.00015995226034975617
1028,0.4646814465522766,0.4322949945926666,0.3238644003868103,0.00015986242269434354
1029,0.4641296863555908,0.4321992099285126,0.3193049132823944,0.00015977250967944508
1030,0.4633639454841614,0.4308949112892151,0.32469043135643005,0.00015968252141825037
1031,0.45701494812965393,0.4253771901130676,0.31637752056121826,0.00015959245802404365
1032,0.467397540807724,0.4351230561733246,0.3227447271347046,0.00015950231961020373
1033,0.45058998465538025,0.4193512201309204,0.3123875856399536,0.00015941210629020388
1034,0.47772878408432007,0.4450570046901703,0.32671791315078735,0.00015932181817761163
1035,0.48485708236694336,0.4518480598926544,0.3300902545452118,0.00015923145538608875
1036,0.45919299125671387,0.42771095037460327,0.3148203194141388,0.0001591410180293909
1037,0.44748061895370483,0.41578778624534607,0.3169281780719757,0.00015905050622136777
1038,0.4674980640411377,0.4345451593399048,0.32952895760536194,0.0001589599200759626
1039,0.4885095953941345,0.4547630548477173,0.3374652862548828,0.00015886925970721235
1040,0.4808684289455414,0.44730302691459656,0.33565399050712585,0.00015877852522924732
1041,0.4326919913291931,0.40297847986221313,0.2971351146697998,0.00015868771675629114
1042,0.44676846265792847,0.4152751863002777,0.3149327337741852,0.00015859683440266068
1043,0.4600600600242615,0.42789626121520996,0.32163798809051514,0.00015850587828276564
1044,0.4703894555568695,0.43826934695243835,0.32120105624198914,0.0001584148485111087
1045,0.4627538323402405,0.43074628710746765,0.32007530331611633,0.00015832374520228525
1046,0.47159236669540405,0.4386390149593353,0.32953351736068726,0.00015823256847098324
1047,0.44481998682022095,0.4137533903121948,0.31066611409187317,0.00015814131843198308
1048,0.4861706495285034,0.45252931118011475,0.3364134728908539,0.00015804999520015734
1049,0.45940569043159485,0.42793726921081543,0.31468409299850464,0.00015795859889047091
1050,0.45782968401908875,0.4263278841972351,0.31501805782318115,0.0001578671296179806
1051,0.4683416485786438,0.4361746609210968,0.3216700255870819,0.000157775587497835
1052,0.4947671592235565,0.4607091546058655,0.34058013558387756,0.00015768397264527448
1053,0.46191826462745667,0.42979684472084045,0.32121413946151733,0.00015759228517563099
1054,0.47201216220855713,0.43940651416778564,0.3260563611984253,0.00015750052520432787
1055,0.4753589928150177,0.4427790641784668,0.32579925656318665,0.0001574086928468797
1056,0.45162102580070496,0.41982322931289673,0.3179779648780823,0.00015731678821889224
1057,0.44288766384124756,0.4122348129749298,0.30652856826782227,0.0001572248114360622
1058,0.45849406719207764,0.42663535475730896,0.3185872733592987,0.00015713276261417706
1059,0.4413839876651764,0.4109340310096741,0.30449944734573364,0.00015704064186911518
1060,0.4573952555656433,0.425647109746933,0.31748130917549133,0.0001569484493168452
1061,0.4654729664325714,0.43276384472846985,0.3270913362503052,0.0001568561850734264
1062,0.4664461016654968,0.43457499146461487,0.3187112510204315,0.00015676384925500814
1063,0.4590669274330139,0.4276476800441742,0.3141923248767853,0.00015667144197783
1064,0.4528608024120331,0.4217948019504547,0.31065988540649414,0.00015657896335822147
1065,0.47596949338912964,0.44316092133522034,0.32808566093444824,0.00015648641351260177
1066,0.4770451784133911,0.443927139043808,0.33118024468421936,0.00015639379255747994
1067,0.4366302192211151,0.4062693119049072,0.303609162569046,0.0001563011006094544
1068,0.46623021364212036,0.4339134693145752,0.32316750288009644,0.00015620833778521307
1069,0.47880756855010986,0.44502338767051697,0.3378419280052185,0.00015611550420153297
1070,0.442129522562027,0.4119168519973755,0.3021266460418701,0.00015602259997528028
1071,0.4718974232673645,0.4393825829029083,0.3251485526561737,0.0001559296252234101
1072,0.44759488105773926,0.41629868745803833,0.31296199560165405,0.00015583658006296624
1073,0.4614321291446686,0.4292556345462799,0.32176488637924194,0.0001557434646110813
1074,0.5031417012214661,0.46826088428497314,0.3488079309463501,0.00015565027898497617
1075,0.4602653384208679,0.4285888373851776,0.3167648911476135,0.00015555702330196023
1076,0.49717429280281067,0.46293261647224426,0.34241676330566406,0.00015546369767943102
1077,0.48574256896972656,0.4518711268901825,0.33871427178382874,0.0001553703022348741
1078,0.48383402824401855,0.45057904720306396,0.33254972100257874,0.0001552768370858629
1079,0.4684031307697296,0.4360785186290741,0.3232461214065552,0.00015518330235005868
1080,0.44426432251930237,0.4136541187763214,0.30610209703445435,0.00015508969814521025
1081,0.4355730712413788,0.40530911087989807,0.3026397228240967,0.0001549960245891539
1082,0.468156635761261,0.4358990490436554,0.32257595658302307,0.0001549022817998132
1083,0.47895315289497375,0.44548285007476807,0.3347029685974121,0.00015480846989519885
1084,0.44621267914772034,0.4156515300273895,0.30561158061027527,0.0001547145889934086
1085,0.4759365916252136,0.4427756369113922,0.33160966634750366,0.0001546206392126271
1086,0.4746452569961548,0.4405657947063446,0.3407946527004242,0.0001545266206711256
1087,0.4540529251098633,0.4231035113334656,0.30949410796165466,0.00015443253348726202
1088,0.4677411913871765,0.43513599038124084,0.32605206966400146,0.0001543383777794806
1089,0.4380168616771698,0.40702754259109497,0.3098931610584259,0.00015424415366631188
1090,0.4767865538597107,0.44363465905189514,0.33151882886886597,0.00015414986126637258
1091,0.4834091067314148,0.4499746859073639,0.3343443274497986,0.00015405550069836528
1092,0.45691990852355957,0.4248169958591461,0.3210289776325226,0.00015396107208107845
1093,0.4378098249435425,0.4074310064315796,0.30378827452659607,0.0001538665755333862
1094,0.46015414595603943,0.4286614954471588,0.314926415681839,0.00015377201117424812
1095,0.4591246545314789,0.42758333683013916,0.3154131770133972,0.0001536773791227092
1096,0.45410871505737305,0.4229990541934967,0.311096727848053,0.00015358267949789966
1097,0.42541730403900146,0.3960649371147156,0.29352375864982605,0.0001534879124190348
1098,0.4387187361717224,0.40850165486335754,0.3021709620952606,0.00015339307800541475
1099,0.4317671060562134,0.40220382809638977,0.29563286900520325,0.00015329817637642454
1100,0.4731973707675934,0.43991273641586304,0.3328462839126587,0.00015320320765153367
1101,0.481944739818573,0.4485706090927124,0.33374127745628357,0.0001531081719502962
1102,0.46364909410476685,0.43137046694755554,0.32278627157211304,0.00015301306939235053
1103,0.44661253690719604,0.41601336002349854,0.30599185824394226,0.00015291790009741907
1104,0.4675636291503906,0.435379296541214,0.3218434751033783,0.00015282266418530847
1105,0.4854477345943451,0.4524499475955963,0.3299778997898102,0.000152727361775909
1106,0.48846203088760376,0.45483508706092834,0.3362695574760437,0.00015263199298919488
1107,0.4630330801010132,0.430803507566452,0.322295606136322,0.00015253655794522368
1108,0.4866342544555664,0.4529476463794708,0.33686593174934387,0.0001524410567641366
1109,0.4460199475288391,0.41510581970214844,0.3091413378715515,0.00015234548956615784
1110,0.45852819085121155,0.42691463232040405,0.3161355257034302,0.0001522498564715949
1111,0.4455259442329407,0.41467294096946716,0.30853015184402466,0.0001521541576008382
1112,0.49604102969169617,0.46144726872444153,0.34593772888183594,0.00015205839307436088
1113,0.44750165939331055,0.4167288839817047,0.3077278435230255,0.00015196256301271884
1114,0.46889185905456543,0.4359569549560547,0.32934898138046265,0.0001518666675365504
1115,0.43980398774147034,0.40915027260780334,0.30653706192970276,0.00015177070676657633
1116,0.4552267789840698,0.42402103543281555,0.31205737590789795,0.00015167468082359945
1117,0.44276174902915955,0.4121229648590088,0.3063877522945404,0.00015157858982850475
1118,0.47742733359336853,0.4440380334854126,0.3338930010795593,0.00015148243390225908
1119,0.4529607892036438,0.42188629508018494,0.3107450008392334,0.00015138621316591094
1120,0.4417150914669037,0.4111243486404419,0.3059074580669403,0.00015128992774059063
1121,0.4656165838241577,0.43325144052505493,0.3236513137817383,0.00015119357774750965
1122,0.4562376141548157,0.424900084733963,0.31337520480155945,0.0001510971633079609
1123,0.4480527639389038,0.4162943363189697,0.3175841271877289,0.00015100068454331836
1124,0.4472089111804962,0.4162992537021637,0.30909648537635803,0.00015090414157503714
1125,0.4804672598838806,0.447283536195755,0.3318372964859009,0.00015080753452465296
1126,0.426394522190094,0.39742445945739746,0.2897006571292877,0.00015071086351378231
1127,0.5125415921211243,0.4763355851173401,0.36206021904945374,0.00015061412866412225
1128,0.4570158123970032,0.4256693124771118,0.3134649097919464,0.00015051733009745013
1129,0.46613532304763794,0.433642715215683,0.3249259889125824,0.00015042046793562348
1130,0.4200570583343506,0.3908725082874298,0.2918455898761749,0.00015032354230058004
1131,0.46733492612838745,0.4349987208843231,0.32336190342903137,0.00015022655331433727
1132,0.4684584140777588,0.435838520526886,0.3261987864971161,0.0001501295010989925
1133,0.4495293200016022,0.41871753334999084,0.30811789631843567,0.00015003238577672266
1134,0.47979459166526794,0.44700270891189575,0.32791873812675476,0.00014993520746978405
1135,0.43792787194252014,0.40829259157180786,0.2963528037071228,0.0001498379663005123
1136,0.43711844086647034,0.4072301685810089,0.29888275265693665,0.0001497406623913222
1137,0.485006719827652,0.4514138698577881,0.33592844009399414,0.00014964329586470752
1138,0.46980294585227966,0.4372522532939911,0.3255068063735962,0.00014954586684324078
1139,0.47075480222702026,0.4379752576351166,0.32779550552368164,0.00014944837544957323
1140,0.48987823724746704,0.4557938277721405,0.3408442437648773,0.0001493508218064347
1141,0.4445234537124634,0.4137217104434967,0.3080173432826996,0.00014925320603663327
1142,0.43481093645095825,0.4046935737133026,0.30117371678352356,0.00014915552826305533
1143,0.4655146896839142,0.4333032965660095,0.3221140205860138,0.0001490577886086652
1144,0.4981589615345001,0.46424537897109985,0.33913591504096985,0.00014895998719650526
1145,0.47562992572784424,0.442556768655777,0.3307315409183502,0.00014886212414969553
1146,0.4799487888813019,0.44644173979759216,0.3350706100463867,0.0001487641995914336
1147,0.4511299431324005,0.4199458956718445,0.3118404150009155,0.0001486662136449946
1148,0.4650718569755554,0.43345996737480164,0.3161190450191498,0.00014856816643373083
1149,0.4479822516441345,0.41752347350120544,0.30458763241767883,0.00014847005808107185
1150,0.4632572829723358,0.43145984411239624,0.31797441840171814,0.000148371888710524
1151,0.4550904631614685,0.42389586567878723,0.31194594502449036,0.0001482736584456706
1152,0.4760991036891937,0.44323602318763733,0.3286307752132416,0.00014817536741017152
1153,0.44515296816825867,0.4137868881225586,0.31366080045700073,0.00014807701572776323
1154,0.42922666668891907,0.39927196502685547,0.2995469272136688,0.00014797860352225853
1155,0.4415321350097656,0.41073375940322876,0.3079836964607239,0.00014788013091754628
1156,0.43953120708465576,0.40918171405792236,0.30349498987197876,0.00014778159803759158
1157,0.4672125577926636,0.4345860183238983,0.3262655436992645,0.00014768300500643517
1158,0.4714605510234833,0.43930965662002563,0.32150888442993164,0.00014758435194819376
1159,0.44177576899528503,0.4116300344467163,0.3014572560787201,0.00014748563898705946
1160,0.4589272141456604,0.4277823567390442,0.31144872307777405,0.00014738686624729986
1161,0.4363062381744385,0.40672391653060913,0.2958230972290039,0.00014728803385325782
1162,0.4682634770870209,0.4362022280693054,0.3206126093864441,0.0001471891419293512
1163,0.4437181055545807,0.4132923483848572,0.3042575716972351,0.00014709019060007286
1164,0.466482937335968,0.43441444635391235,0.32068490982055664,0.00014699117998999054
1165,0.4641154706478119,0.4319547116756439,0.32160747051239014,0.00014689211022374645
1166,0.48195880651474,0.44882962107658386,0.33129191398620605,0.00014679298142605734
1167,0.437732994556427,0.4070958197116852,0.306371808052063,0.0001466937937217143
1168,0.45611268281936646,0.42404991388320923,0.32062768936157227,0.00014659454723558248
1169,0.4672011435031891,0.4350448250770569,0.32156312465667725,0.00014649524209260116
1170,0.45911967754364014,0.42747625708580017,0.3164340853691101,0.00014639587841778343
1171,0.47182056307792664,0.43946215510368347,0.32358410954475403,0.0001462964563362159
1172,0.4325543940067291,0.40247321128845215,0.3008117079734802,0.00014619697597305898
1173,0.4859495460987091,0.4526508152484894,0.3329872190952301,0.00014609743745354624
1174,0.4775342643260956,0.44478654861450195,0.3274771571159363,0.0001459978409029845
1175,0.4751121699810028,0.4420512914657593,0.3306087255477905,0.00014589818644675378
1176,0.48068174719810486,0.44751453399658203,0.33167222142219543,0.00014579847421030678
1177,0.4503866732120514,0.41938868165016174,0.30997994542121887,0.00014569870431916903
1178,0.45328906178474426,0.42191213369369507,0.3137691915035248,0.0001455988768989387
1179,0.5024883151054382,0.46681827306747437,0.35670021176338196,0.00014549899207528632
1180,0.46914979815483093,0.43667545914649963,0.324743390083313,0.00014539904997395468
1181,0.46922531723976135,0.4369643032550812,0.3226102292537689,0.00014529905072075872
1182,0.44708451628685,0.4159504771232605,0.3113403916358948,0.00014519899444158526
1183,0.4405774176120758,0.4098080098628998,0.3076941967010498,0.00014509888126239297
1184,0.46323809027671814,0.4312216639518738,0.32016420364379883,0.00014499871130921213
1185,0.4577823877334595,0.425723671913147,0.32058706879615784,0.00014489848470814447
1186,0.44743508100509644,0.41696614027023315,0.3046892583370209,0.00014479820158536306
1187,0.4971531629562378,0.4627859890460968,0.34367188811302185,0.00014469786206711214
1188,0.4337155222892761,0.40392160415649414,0.2979393005371094,0.00014459746627970685
1189,0.4505879580974579,0.41953301429748535,0.3105495274066925,0.0001444970143495333
1190,0.43734458088874817,0.4071531295776367,0.30191439390182495,0.00014439650640304822
1191,0.47367650270462036,0.44156450033187866,0.3211199939250946,0.00014429594256677882
1192,0.4595569968223572,0.42779526114463806,0.3176174759864807,0.0001441953229673227
1193,0.46824267506599426,0.4357485771179199,0.32494091987609863,0.00014409464773134764
1194,0.47426530718803406,0.4419501721858978,0.32315146923065186,0.00014399391698559152
1195,0.45595821738243103,0.4245884120464325,0.3136981129646301,0.00014389313085686205
1196,0.4234931468963623,0.3944016396999359,0.29091495275497437,0.00014379228947203665
1197,0.4559161961078644,0.4244055449962616,0.31510648131370544,0.0001436913929580623
1198,0.4699805974960327,0.4371643364429474,0.3281625807285309,0.00014359044144195547
1199,0.4403655529022217,0.4103254973888397,0.30040061473846436,0.00014348943505080173
1200,0.4600789546966553,0.4282427728176117,0.31836166977882385,0.00014338837391175582
1201,0.42820724844932556,0.3988688588142395,0.2933838367462158,0.00014328725815204144
1202,0.48149603605270386,0.4481911063194275,0.3330492079257965,0.00014318608789895088
1203,0.4807054102420807,0.44699186086654663,0.337135374546051,0.00014308486327984523
1204,0.4745725691318512,0.4408203959465027,0.33752167224884033,0.00014298358442215388
1205,0.45012366771698,0.4187222123146057,0.31401461362838745,0.00014288225145337466
1206,0.48147860169410706,0.4476776421070099,0.3380095660686493,0.0001427808645010733
1207,0.4716155230998993,0.43805480003356934,0.3356073200702667,0.00014267942369288364
1208,0.48049911856651306,0.44693291187286377,0.3356621563434601,0.00014257792915650728
1209,0.4841602146625519,0.4511471092700958,0.3301311135292053,0.00014247638101971344
1210,0.49367570877075195,0.45865532755851746,0.35020384192466736,0.00014237477941033888
1211,0.4479835033416748,0.41710054874420166,0.3088296353816986,0.00014227312445628759
1212,0.45574191212654114,0.4239569306373596,0.31784990429878235,0.00014217141628553078
1213,0.46998104453086853,0.43720656633377075,0.32774487137794495,0.00014206965502610655
1214,0.4514980912208557,0.4201735854148865,0.31324508786201477,0.00014196784080612002
1215,0.4702763557434082,0.43697747588157654,0.3329889178276062,0.0001418659737537428
1216,0.4663374423980713,0.4332827031612396,0.3305474519729614,0.00014176405399721312
1217,0.4712640047073364,0.43876394629478455,0.32500070333480835,0.00014166208166483548
1218,0.4742355942726135,0.4417882263660431,0.3244737684726715,0.00014156005688498063
1219,0.4756038784980774,0.4427821934223175,0.3282167911529541,0.00014145797978608527
1220,0.46591949462890625,0.43369928002357483,0.32220199704170227,0.00014135585049665207
1221,0.4352600872516632,0.40496987104415894,0.3029021620750427,0.00014125366914524934
1222,0.4516437351703644,0.4204317033290863,0.3121204376220703,0.00014115143586051088
1223,0.46301954984664917,0.43094590306282043,0.32073646783828735,0.000141049150771136
1224,0.44916409254074097,0.4178759455680847,0.31288135051727295,0.00014094681400588906
1225,0.46130385994911194,0.42927682399749756,0.32027044892311096,0.00014084442569359964
1226,0.42858099937438965,0.3990996181964874,0.2948138117790222,0.00014074198596316205
1227,0.44794583320617676,0.4168723523616791,0.31073489785194397,0.0001406394949435355
1228,0.4635792374610901,0.4313124418258667,0.32266780734062195,0.0001405369527637436
1229,0.4317019581794739,0.40126833319664,0.3043363690376282,0.00014043435955287452
1230,0.4706222414970398,0.43804121017456055,0.3258104622364044,0.00014033171544008052
1231,0.47489985823631287,0.44198745489120483,0.3291240632534027,0.00014022902055457802
1232,0.47973525524139404,0.44629374146461487,0.3344152271747589,0.00014012627502564743
1233,0.47923773527145386,0.44625425338745117,0.3298349678516388,0.00014002347898263274
1234,0.4434770345687866,0.4130312204360962,0.3044581115245819,0.0001399206325549417
1235,0.45570307970046997,0.42439863085746765,0.31304463744163513,0.00013981773587204535
1236,0.4354843497276306,0.4056832194328308,0.2980111837387085,0.00013971478906347806
1237,0.46422386169433594,0.4316539168357849,0.3256993889808655,0.00013961179225883735
1238,0.4308149218559265,0.4001155197620392,0.3069939911365509,0.00013950874558778362
1239,0.45729395747184753,0.4259170889854431,0.31376880407333374,0.00013940564918004004
1240,0.4778516888618469,0.4448888599872589,0.3296281695365906,0.00013930250316539238
1241,0.44798755645751953,0.417162150144577,0.30825409293174744,0.00013919930767368891
1242,0.4434404671192169,0.41311129927635193,0.30329155921936035,0.00013909606283484018
1243,0.47325295209884644,0.4405063986778259,0.3274655044078827,0.00013899276877881884
1244,0.47586914896965027,0.4425814747810364,0.33287668228149414,0.0001388894256356595
1245,0.4742777347564697,0.44153067469596863,0.3274705708026886,0.00013878603353545854
1246,0.4470534026622772,0.41582179069519043,0.3123162090778351,0.00013868259260837402
1247,0.46221214532852173,0.4302122890949249,0.31999844312667847,0.00013857910298462544
1248,0.4529894292354584,0.42147406935691833,0.31515371799468994,0.0001384755647944936
1249,0.4521922171115875,0.42052748799324036,0.31664738059043884,0.0001383719781683205
1250,0.4561898112297058,0.42497313022613525,0.3121667504310608,0.000138268343236509
1251,0.4664247930049896,0.43394333124160767,0.32481449842453003,0.00013816466012952285
1252,0.428864449262619,0.39932337403297424,0.29541075229644775,0.00013806092897788644
1253,0.4493694603443146,0.4178928732872009,0.31476590037345886,0.00013795714991218463
1254,0.47221487760543823,0.4395066201686859,0.32708248496055603,0.00013785332306306259
1255,0.47472113370895386,0.4414634704589844,0.3325766921043396,0.00013774944856122568
1256,0.4610365331172943,0.42901352047920227,0.32023003697395325,0.0001376455265374392
1257,0.46874499320983887,0.43614575266838074,0.3259924650192261,0.00013754155712252832
1258,0.4711930751800537,0.4387068450450897,0.32486221194267273,0.00013743754044737781
1259,0.45304709672927856,0.4216163754463196,0.3143073320388794,0.000137333476642932
1260,0.47436046600341797,0.4414941370487213,0.3286634087562561,0.00013722936584019453
1261,0.43723320960998535,0.40717247128486633,0.3006075322628021,0.00013712520817022817
1262,0.456678181886673,0.42465364933013916,0.32024529576301575,0.00013702100376415473
1263,0.4291054606437683,0.39934343099594116,0.2976202368736267,0.00013691675275315484
1264,0.47111693024635315,0.43895071744918823,0.321662038564682,0.00013681245526846783
1265,0.4376692771911621,0.40783894062042236,0.2983033061027527,0.00013670811144139144
1266,0.44710370898246765,0.4162563979625702,0.3084731101989746,0.00013660372140328187
1267,0.4426727294921875,0.41275933384895325,0.2991340756416321,0.00013649928528555342
1268,0.4618586003780365,0.4297770857810974,0.3208152651786804,0.00013639480321967845
1269,0.4575119614601135,0.42615807056427,0.31353887915611267,0.0001362902753371871
1270,0.45050162076950073,0.4199783504009247,0.3052327334880829,0.00013618570176966724
1271,0.4587534964084625,0.4271854758262634,0.3156801164150238,0.0001360810826487642
1272,0.4395013749599457,0.40922674536705017,0.3027461767196655,0.00013597641810618073
1273,0.49660900235176086,0.46219125390052795,0.3441774845123291,0.00013587170827367663
1274,0.4684942960739136,0.43590644001960754,0.32587847113609314,0.00013576695328306894
1275,0.47554993629455566,0.44300177693367004,0.32548168301582336,0.0001356621532662313
1276,0.45079466700553894,0.4194956421852112,0.31299030780792236,0.0001355573083550942
1277,0.44790494441986084,0.41652172803878784,0.31383201479911804,0.00013545241868164457
1278,0.45732778310775757,0.42509689927101135,0.32230880856513977,0.00013534748437792573
1279,0.45223838090896606,0.4213131070137024,0.3092527687549591,0.00013524250557603713
1280,0.46922779083251953,0.4367653727531433,0.3246241509914398,0.0001351374824081343
1281,0.44651880860328674,0.415088415145874,0.31430402398109436,0.00013503241500642855
1282,0.46978437900543213,0.43756142258644104,0.32222944498062134,0.00013492730350318696
1283,0.4985698163509369,0.46458470821380615,0.3398509919643402,0.00013482214803073209
1284,0.4600650668144226,0.4286033809185028,0.31461670994758606,0.00013471694872144188
1285,0.45032042264938354,0.41932231187820435,0.30998101830482483,0.0001346117057077493
1286,0.4644637703895569,0.43242356181144714,0.3204021453857422,0.00013450641912214262
1287,0.46428346633911133,0.43204638361930847,0.322370707988739,0.00013440108909716468
1288,0.4463026225566864,0.4155401885509491,0.3076242506504059,0.00013429571576541315
1289,0.474898099899292,0.442427396774292,0.3247069716453552,0.00013419029925954029
1290,0.4711560308933258,0.4385494291782379,0.32606592774391174,0.0001340848397122525
1291,0.4451597332954407,0.4131317436695099,0.3202800154685974,0.00013397933725631055
1292,0.4578896462917328,0.42598429322242737,0.319053590297699,0.00013387379202452917
1293,0.4615005850791931,0.4300822913646698,0.3141830861568451,0.00013376820414977685
1294,0.4655115008354187,0.43289893865585327,0.32612553238868713,0.0001336625737649759
1295,0.47522982954978943,0.442344069480896,0.3288576304912567,0.00013355690100310213
1296,0.4480912685394287,0.4170660376548767,0.31025221943855286,0.00013345118599718457
1297,0.44816264510154724,0.41682755947113037,0.3133509159088135,0.00013334542888030553
1298,0.44826585054397583,0.41781115531921387,0.304546982049942,0.00013323962978560033
1299,0.49477913975715637,0.46017444133758545,0.346047043800354,0.0001331337888462571
1300,0.47573322057724,0.4424436390399933,0.3328956961631775,0.00013302790619551674
1301,0.46046924591064453,0.42882391810417175,0.31645312905311584,0.00013292198196667248
1302,0.4901634454727173,0.45563986897468567,0.34523582458496094,0.00013281601629307007
1303,0.5105143785476685,0.4753689765930176,0.3514537215232849,0.00013271000930810737
1304,0.4549926519393921,0.4240279793739319,0.3096466064453125,0.0001326039611452342
1305,0.4783017039299011,0.4453400671482086,0.3296164870262146,0.00013249787193795226
1306,0.4612119197845459,0.4298643171787262,0.313476026058197,0.00013239174181981495
1307,0.4423069655895233,0.4119759798049927,0.3033098578453064,0.00013228557092442712
1308,0.4779722988605499,0.4450928866863251,0.3287942111492157,0.00013217935938544497
1309,0.47668030858039856,0.4438857138156891,0.3279459476470947,0.00013207310733657585
1310,0.49676182866096497,0.46243855357170105,0.3432327210903168,0.00013196681491157818
1311,0.44231128692626953,0.4117043614387512,0.30606910586357117,0.00013186048224426107
1312,0.4799319803714752,0.44675305485725403,0.3317892551422119,0.00013175410946848445
1313,0.4630650281906128,0.4313597083091736,0.31705307960510254,0.00013164769671815862
1314,0.4571896493434906,0.42510104179382324,0.32088616490364075,0.0001315412441272443
1315,0.4621574580669403,0.4295419156551361,0.3261553943157196,0.00013143475182975222
1316,0.47883057594299316,0.4454277455806732,0.3340282738208771,0.00013132821995974326
1317,0.4665747880935669,0.4337199330329895,0.3285486698150635,0.00013122164865132807
1318,0.4672092795372009,0.43508368730545044,0.3212558329105377,0.00013111503803866684
1319,0.45424890518188477,0.42298924922943115,0.3125964403152466,0.0001310083882559694
1320,0.4808080196380615,0.4473578631877899,0.33450156450271606,0.00013090169943749476
1321,0.47389867901802063,0.4411807954311371,0.3271788954734802,0.00013079497171755112
1322,0.47850728034973145,0.44584956765174866,0.32657724618911743,0.00013068820523049572
1323,0.478307843208313,0.4453352391719818,0.32972589135169983,0.00013058140011073448
1324,0.45356810092926025,0.42219820618629456,0.3136988580226898,0.00013047455649272207
1325,0.4763335883617401,0.4434284567832947,0.32905128598213196,0.00013036767451096148
1326,0.48325687646865845,0.4496862590312958,0.3357061445713043,0.00013026075430000417
1327,0.45776689052581787,0.42614930868148804,0.3161756992340088,0.00013015379599444957
1328,0.46377718448638916,0.4323331117630005,0.31444087624549866,0.0001300467997289452
1329,0.46147915720939636,0.42962169647216797,0.3185745179653168,0.00012993976563818626
1330,0.44354248046875,0.41334035992622375,0.3020211458206177,0.0001298326938569156
1331,0.42769965529441833,0.39841559529304504,0.2928405702114105,0.00012972558451992362
1332,0.46162140369415283,0.43006932735443115,0.31552085280418396,0.00012961843776204777
1333,0.45773762464523315,0.4259624779224396,0.3177514672279358,0.00012951125371817281
1334,0.4583355784416199,0.42668667435646057,0.31648895144462585,0.0001294040325232304
1335,0.46894481778144836,0.4366138279438019,0.32330992817878723,0.0001292967743121989
1336,0.45068857073783875,0.4197530746459961,0.30935490131378174,0.00012918947922010336
1337,0.4600270688533783,0.4277646243572235,0.3226245045661926,0.00012908214738201513
1338,0.4455569386482239,0.4147031009197235,0.30853837728500366,0.00012897477893305195
1339,0.45177575945854187,0.42084112763404846,0.3093462586402893,0.00012886737400837758
1340,0.4588911831378937,0.42761698365211487,0.31274208426475525,0.00012875993274320173
1341,0.4925253987312317,0.45805519819259644,0.344701886177063,0.00012865245527277986
1342,0.4671384394168854,0.43507152795791626,0.3206690847873688,0.00012854494173241294
1343,0.4662506878376007,0.4335488975048065,0.3270179033279419,0.0001284373922574474
1344,0.4472339451313019,0.41639244556427,0.3084150552749634,0.00012832980698327496
1345,0.4287464916706085,0.3991227447986603,0.29623734951019287,0.00012822218604533232
1346,0.4402898848056793,0.4098972976207733,0.3039257824420929,0.00012811452957910109
1347,0.4682542383670807,0.43577468395233154,0.3247954845428467,0.00012800683772010767
1348,0.4445916414260864,0.4139799475669861,0.30611708760261536,0.00012789911060392294
1349,0.47306448221206665,0.44036543369293213,0.32699042558670044,0.00012779134836616218
1350,0.4680384397506714,0.43575021624565125,0.32288220524787903,0.00012768355114248494
1351,0.4269503653049469,0.39744922518730164,0.29501137137413025,0.00012757571906859476
1352,0.4472249448299408,0.4164486527442932,0.30776283144950867,0.00012746785228023904
1353,0.4430823028087616,0.4125373661518097,0.30544939637184143,0.00012735995091320892
1354,0.4589206874370575,0.42708685994148254,0.3183382451534271,0.00012725201510333905
1355,0.46898746490478516,0.436768501996994,0.3221897482872009,0.00012714404498650743
1356,0.47871139645576477,0.4460751712322235,0.326362282037735,0.0001270360406986353
1357,0.46305787563323975,0.4308048486709595,0.3225301206111908,0.00012692800237568686
1358,0.4738890826702118,0.4410686790943146,0.32820409536361694,0.00012681993015366917
1359,0.49155017733573914,0.4580838978290558,0.33466270565986633,0.000126711824168632
1360,0.47997406125068665,0.4469572603702545,0.33016806840896606,0.00012660368455666752
1361,0.4828011095523834,0.4496854245662689,0.33115682005882263,0.00012649551145391035
1362,0.4753293991088867,0.4421079456806183,0.3322144150733948,0.0001263873049965373
1363,0.42148399353027344,0.39256805181503296,0.2891593873500824,0.000126279065320767
1364,0.4336581528186798,0.4039295017719269,0.2972864806652069,0.00012617079256286
1365,0.4623687267303467,0.43034660816192627,0.32022103667259216,0.00012606248685911853
1366,0.45105981826782227,0.42028337717056274,0.3077645003795624,0.00012595414834588626
1367,0.4810940623283386,0.4474862813949585,0.33607783913612366,0.00012584577715954814
1368,0.46784207224845886,0.4360656142234802,0.3177645206451416,0.00012573737343653024
1369,0.4487709403038025,0.41764727234840393,0.3112366497516632,0.00012562893731329967
1370,0.44871073961257935,0.41790491342544556,0.3080582022666931,0.00012552046892636427
1371,0.4426998496055603,0.4122278690338135,0.3047196865081787,0.00012541196841227246
1372,0.43979620933532715,0.4090270400047302,0.3076918423175812,0.00012530343590761318
1373,0.46370452642440796,0.43128111958503723,0.3242342174053192,0.00012519487154901562
1374,0.45216017961502075,0.42041701078414917,0.31743159890174866,0.0001250862754731491
1375,0.47056737542152405,0.43810757994651794,0.3245980143547058,0.0001249776478167227
1376,0.4475570619106293,0.4165164530277252,0.3104061484336853,0.0001248689887164855
1377,0.47176069021224976,0.43904292583465576,0.3271777927875519,0.000124760298309226
1378,0.4565781056880951,0.4250127971172333,0.31565311551094055,0.00012465157673177216
1379,0.47186020016670227,0.4397079348564148,0.32152259349823,0.0001245428241209912
1380,0.47353753447532654,0.4402214586734772,0.33316075801849365,0.0001244340406137894
1381,0.476998507976532,0.44392773509025574,0.3307076692581177,0.00012432522634711192
1382,0.4595140814781189,0.4277455508708954,0.31768521666526794,0.0001242163814579426
1383,0.4655802845954895,0.4336265027523041,0.3195377290248871,0.00012410750608330388
1384,0.4321209192276001,0.4021371603012085,0.29983749985694885,0.0001239986003602566
1385,0.4597645401954651,0.42825570702552795,0.3150882124900818,0.0001238896644258998
1386,0.4899325370788574,0.45578718185424805,0.3414537012577057,0.00012378069841737044
1387,0.4470142126083374,0.4159773290157318,0.31036892533302307,0.00012367170247184355
1388,0.4587414860725403,0.42697370052337646,0.3176778256893158,0.0001235626767265316
1389,0.45272526144981384,0.4210588335990906,0.3166643977165222,0.0001234536213186848
1390,0.4508158266544342,0.41983625292778015,0.3097957968711853,0.00012334453638559057
1391,0.447583943605423,0.41662171483039856,0.30962231755256653,0.00012323542206457347
1392,0.49180182814598083,0.4575793445110321,0.34222495555877686,0.00012312627849299523
1393,0.42719775438308716,0.3980341851711273,0.2916356921195984,0.00012301710580825423
1394,0.4416971504688263,0.4108560085296631,0.30841150879859924,0.0001229079041477855
1395,0.4248346984386444,0.39564281702041626,0.2919187843799591,0.00012279867364906071
1396,0.4501231908798218,0.4184038043022156,0.317193865776062,0.00012268941444958765
1397,0.44022807478904724,0.4098295569419861,0.3039850890636444,0.0001225801266869104
1398,0.442634254693985,0.4124547243118286,0.3017953634262085,0.00012247081049860883
1399,0.4781431555747986,0.44531723856925964,0.32825925946235657,0.00012236146602229874
1400,0.4728510081768036,0.44018790125846863,0.3266310691833496,0.00012225209339563145
1401,0.4692588746547699,0.43710288405418396,0.3215600252151489,0.0001221426927562938
1402,0.47427496314048767,0.4418104588985443,0.3246450424194336,0.00012203326424200778
1403,0.4533243179321289,0.42216235399246216,0.31161952018737793,0.00012192380799053058
1404,0.45109400153160095,0.42002442479133606,0.31069570779800415,0.00012181432413965428
1405,0.42600226402282715,0.39614465832710266,0.2985760271549225,0.00012170481282720563
1406,0.4832395613193512,0.45026737451553345,0.32972174882888794,0.00012159527419104607
1407,0.4337531626224518,0.403698205947876,0.3005494773387909,0.00012148570836907133
1408,0.47213107347488403,0.43915626406669617,0.3297480046749115,0.00012137611549921146
1409,0.47635117173194885,0.4430377781391144,0.3331339657306671,0.00012126649571943047
1410,0.44728320837020874,0.41640037298202515,0.3088285028934479,0.00012115684916772629
1411,0.4599345326423645,0.42834487557411194,0.31589657068252563,0.00012104717598213056
1412,0.4803719222545624,0.44722846150398254,0.3314346671104431,0.00012093747630070844
1413,0.4848221242427826,0.4518032371997833,0.3301889896392822,0.00012082775026155846
1414,0.4479578733444214,0.41715967655181885,0.30798202753067017,0.00012071799800281231
1415,0.4388624429702759,0.4083865284919739,0.3047592341899872,0.00012060821966263465
1416,0.44458404183387756,0.41371190547943115,0.30872148275375366,0.00012049841537922307
1417,0.4680006504058838,0.43613845109939575,0.318621963262558,0.00012038858529080768
1418,0.4498833417892456,0.4184890389442444,0.3139430582523346,0.00012027872953565125
1419,0.45473015308380127,0.42362529039382935,0.31104859709739685,0.00012016884825204875
1420,0.4841820001602173,0.45063579082489014,0.33546194434165955,0.00012005894157832729
1421,0.45973366498947144,0.42775577306747437,0.3197789788246155,0.00011994900965284599
1422,0.45532503724098206,0.42414262890815735,0.3118239939212799,0.00011983905261399566
1423,0.4569348692893982,0.4256313145160675,0.3130355775356293,0.00011972907060019887
1424,0.4474460780620575,0.41686853766441345,0.30577534437179565,0.00011961906374990952
1425,0.450929194688797,0.42010536789894104,0.30823835730552673,0.00011950903220161285
1426,0.47409939765930176,0.4414012134075165,0.32698193192481995,0.00011939897609382511
1427,0.47179996967315674,0.4390849769115448,0.3271500766277313,0.0001192888955650935
1428,0.4734009802341461,0.44074228405952454,0.32658693194389343,0.000119178790753996
1429,0.45603737235069275,0.4251306653022766,0.30906715989112854,0.00011906866179914116
1430,0.49181729555130005,0.45771893858909607,0.3409835696220398,0.00011895850883916786
1431,0.4576563239097595,0.42606666684150696,0.315896600484848,0.00011884833201274523
1432,0.44348689913749695,0.41330423951148987,0.30182647705078125,0.00011873813145857249
1433,0.4490809440612793,0.41724687814712524,0.3183407187461853,0.00011862790731537865
1434,0.4627487063407898,0.4305935800075531,0.321551114320755,0.00011851765972192244
1435,0.48884326219558716,0.4552938938140869,0.33549362421035767,0.00011840738881699219
1436,0.48246046900749207,0.44883835315704346,0.33622103929519653,0.00011829709473940547
1437,0.46701186895370483,0.4348592162132263,0.3215266764163971,0.00011818677762800909
1438,0.45248913764953613,0.42107832431793213,0.3141082227230072,0.00011807643762167884
1439,0.4510345458984375,0.41975849866867065,0.3127603828907013,0.00011796607485931928
1440,0.4929827153682709,0.45853886008262634,0.3444386422634125,0.00011785568947986367
1441,0.4578145444393158,0.4263805150985718,0.3143402636051178,0.00011774528162227376
1442,0.45301905274391174,0.42190074920654297,0.3111831545829773,0.00011763485142553959
1443,0.47857406735420227,0.4454076886177063,0.3316638469696045,0.00011752439902867925
1444,0.46315327286720276,0.4313039183616638,0.31849345564842224,0.00011741392457073888
1445,0.47613412141799927,0.44346004724502563,0.3267408609390259,0.00011730342819079227
1446,0.45772767066955566,0.4263080954551697,0.3141956925392151,0.00011719291002794096
1447,0.4714210331439972,0.4388396143913269,0.32581424713134766,0.00011708237022131381
1448,0.4663297235965729,0.4343302249908447,0.3199950158596039,0.00011697180891006689
1449,0.4272333085536957,0.3982648253440857,0.2896847128868103,0.00011686122623338349
1450,0.45849376916885376,0.42704686522483826,0.31446900963783264,0.00011675062233047364
1451,0.4893220365047455,0.4555489420890808,0.3377310037612915,0.0001166399973405742
1452,0.4793582558631897,0.44556331634521484,0.3379494249820709,0.00011652935140294852
1453,0.458035409450531,0.42661502957344055,0.3142038583755493,0.0001164186846568863
1454,0.47843247652053833,0.4455910623073578,0.32841411232948303,0.00011630799724170353
1455,0.4552488625049591,0.4237670600414276,0.3148179054260254,0.00011619728929674209
1456,0.4834674596786499,0.44990187883377075,0.3356557786464691,0.00011608656096136984
1457,0.455447256565094,0.42372992634773254,0.31717339158058167,0.0001159758123749802
1458,0.46402522921562195,0.4318011403083801,0.3222408592700958,0.00011586504367699217
1459,0.4282240867614746,0.39831116795539856,0.2991291582584381,0.00011575425500685002
1460,0.4546138048171997,0.423705518245697,0.3090827465057373,0.0001156434465040231
1461,0.5037974119186401,0.4687920808792114,0.3500531315803528,0.00011553261830800586
1462,0.46849724650382996,0.4364868998527527,0.3201035261154175,0.00011542177055831745
1463,0.4814665913581848,0.4484045207500458,0.33062082529067993,0.00011531090339450165
1464,0.45624810457229614,0.42470112442970276,0.3154698610305786,0.00011520001695612674
1465,0.4670710861682892,0.43464815616607666,0.32422935962677,0.00011508911138278515
1466,0.45340049266815186,0.42175060510635376,0.3164987862110138,0.00011497818681409351
1467,0.44605183601379395,0.4149468243122101,0.311050146818161,0.00011486724338969232
1468,0.49768924713134766,0.46317175030708313,0.3451751172542572,0.00011475628124924577
1469,0.45126092433929443,0.4202062487602234,0.3105466365814209,0.00011464530053244169
1470,0.47382763028144836,0.44109636545181274,0.32731255888938904,0.00011453430137899129
1471,0.44539231061935425,0.4146132171154022,0.30779093503952026,0.00011442328392862891
1472,0.43867528438568115,0.40884697437286377,0.2982829809188843,0.00011431224832111196
1473,0.48860734701156616,0.4547191560268402,0.3388819992542267,0.00011420119469622077
1474,0.4700358211994171,0.43750011920928955,0.32535699009895325,0.00011409012319375827
1475,0.4536527097225189,0.4226597547531128,0.3099294900894165,0.00011397903395354996
1476,0.4634545147418976,0.4311333894729614,0.32321128249168396,0.0001138679271154436
1477,0.43020984530448914,0.4009007215499878,0.2930911183357239,0.00011375680281930919
1478,0.4484792947769165,0.41730016469955444,0.3117912709712982,0.00011364566120503864
1479,0.46692633628845215,0.4342174530029297,0.327088862657547,0.0001135345024125456
1480,0.48952949047088623,0.4556659758090973,0.33863529562950134,0.00011342332658176555
1481,0.4603329002857208,0.4282488226890564,0.32084083557128906,0.00011331213385265524
1482,0.46082764863967896,0.4277753233909607,0.3305233418941498,0.00011320092436519276
1483,0.49985212087631226,0.46529796719551086,0.34554165601730347,0.00011308969825937725
1484,0.5145887136459351,0.4796253740787506,0.3496336340904236,0.00011297845567522886
1485,0.4310041666030884,0.40114596486091614,0.29858189821243286,0.00011286719675278838
1486,0.46963968873023987,0.43738260865211487,0.32257071137428284,0.00011275592163211726
1487,0.4634782075881958,0.43147382140159607,0.32004380226135254,0.00011264463045329728
1488,0.46856391429901123,0.4361903667449951,0.3237353265285492,0.00011253332335643043
1489,0.440881609916687,0.41016116738319397,0.30720454454421997,0.00011242200048163882
1490,0.47306740283966064,0.4401282072067261,0.32939207553863525,0.0001123106619690643
1491,0.44628673791885376,0.4157797396183014,0.3050699234008789,0.0001121993079588685
1492,0.45571908354759216,0.42422088980674744,0.3149818181991577,0.00011208793859123257
1493,0.4531121253967285,0.42201462388038635,0.31097498536109924,0.00011197655400635689
1494,0.4418904185295105,0.4116254448890686,0.3026498854160309,0.0001118651543444611
1495,0.4448073208332062,0.41385507583618164,0.30952247977256775,0.00011175373974578378
1496,0.4512634873390198,0.420470654964447,0.3079284727573395,0.00011164231035058228
1497,0.46902844309806824,0.43668773770332336,0.32340705394744873,0.00011153086629913267
1498,0.45313262939453125,0.42178022861480713,0.3135240375995636,0.00011141940773172939
1499,0.45485612750053406,0.4233485758304596,0.31507542729377747,0.00011130793478868515
1500,0.44578099250793457,0.4148971438407898,0.3088385760784149,0.00011119644761033078
1501,0.4714711904525757,0.4388139545917511,0.32657232880592346,0.00011108494633701512
1502,0.4410090744495392,0.41038423776626587,0.3062483072280884,0.00011097343110910452
1503,0.44540488719940186,0.41470104455947876,0.3070385754108429,0.0001108619020669832
1504,0.4470503628253937,0.4162461757659912,0.30804190039634705,0.00011075035935105252
1505,0.4890643060207367,0.45541343092918396,0.33650878071784973,0.00011063880310173113
1506,0.45352163910865784,0.4229182302951813,0.3060340881347656,0.00011052723345945483
1507,0.48328617215156555,0.4501854479312897,0.33100736141204834,0.00011041565056467614
1508,0.4445330798625946,0.4140945374965668,0.3043855130672455,0.00011030405455786425
1509,0.47897636890411377,0.44596603512763977,0.33010345697402954,0.000110192445579505
1510,0.4735770523548126,0.44034624099731445,0.33230823278427124,0.00011008082377010045
1511,0.4716796576976776,0.4387058913707733,0.32973772287368774,0.00010996918927016886
1512,0.4221813678741455,0.39311859011650085,0.29062774777412415,0.00010985754222024436
1513,0.45454806089401245,0.4227459728717804,0.3180209696292877,0.00010974588276087705
1514,0.4688371419906616,0.4362103343009949,0.32626813650131226,0.00010963421103263252
1515,0.4555765688419342,0.4238251745700836,0.3175138235092163,0.00010952252717609188
1516,0.512126624584198,0.47700247168540955,0.3512413203716278,0.00010941083133185146
1517,0.4440728425979614,0.4137183129787445,0.3035452365875244,0.00010929912364052268
1518,0.4468352496623993,0.41623425483703613,0.3060099482536316,0.00010918740424273191
1519,0.4780687689781189,0.4454503357410431,0.32618433237075806,0.00010907567327912025
1520,0.454162061214447,0.4231416881084442,0.31020382046699524,0.00010896393089034336
1521,0.44399189949035645,0.4134349822998047,0.30556926131248474,0.00010885217721707124
1522,0.4438438415527344,0.41329947113990784,0.3054436147212982,0.00010874041239998816
1523,0.46853500604629517,0.43575596809387207,0.327790230512619,0.00010862863657979237
1524,0.46964651346206665,0.437086820602417,0.3255968391895294,0.00010851684989719594
1525,0.4784506559371948,0.4454802870750427,0.32970374822616577,0.00010840505249292476
1526,0.44162195920944214,0.41129186749458313,0.3033009171485901,0.00010829324450771806
1527,0.4766848385334015,0.44397497177124023,0.3270987868309021,0.00010818142608232849
1528,0.4350743293762207,0.40525540709495544,0.29818928241729736,0.00010806959735752174
1529,0.4982338547706604,0.46323010325431824,0.3500375747680664,0.00010795775847407659
1530,0.4573667049407959,0.4260209798812866,0.3134573698043823,0.0001078459095727845
1531,0.46741026639938354,0.43496984243392944,0.324404239654541,0.00010773405079444963
1532,0.45025137066841125,0.41933920979499817,0.309121698141098,0.00010762218227988851
1533,0.475368857383728,0.4427649676799774,0.32603874802589417,0.00010751030416992996
1534,0.42809543013572693,0.39839598536491394,0.29699447751045227,0.00010739841660541487
1535,0.47996407747268677,0.4472443163394928,0.3271976709365845,0.00010728651972719603
1536,0.4682297706604004,0.4355763792991638,0.3265340328216553,0.00010717461367613793
1537,0.4580925703048706,0.42602601647377014,0.3206653892993927,0.00010706269859311669
1538,0.4609719216823578,0.4289840757846832,0.31987857818603516,0.00010695077461901968
1539,0.44386571645736694,0.4129955470561981,0.3087017238140106,0.00010683884189474558
1540,0.4549453556537628,0.42370256781578064,0.31242799758911133,0.00010672690056120399
1541,0.4566679298877716,0.42511314153671265,0.3155478537082672,0.00010661495075931539
1542,0.48829469084739685,0.45509716868400574,0.3319752514362335,0.00010650299263001097
1543,0.45055750012397766,0.4193512201309204,0.3120627701282501,0.0001063910263142323
1544,0.47560402750968933,0.4424176514148712,0.3318638205528259,0.00010627905195293135
1545,0.4684005677700043,0.4359363913536072,0.3246418833732605,0.00010616706968707015
1546,0.4489944875240326,0.41820356249809265,0.3079093396663666,0.00010605507965762074
1547,0.4525142312049866,0.42120596766471863,0.31308266520500183,0.00010594308200556483
1548,0.4334123730659485,0.4031655788421631,0.30246782302856445,0.00010583107687189388
1549,0.4396335780620575,0.40895140171051025,0.3068217933177948,0.00010571906439760866
1550,0.4276164770126343,0.39831018447875977,0.2930629253387451,0.00010560704472371919
1551,0.4376431405544281,0.407932311296463,0.2971082925796509,0.0001054950179912446
1552,0.46192753314971924,0.42974063754081726,0.32186898589134216,0.00010538298434121283
1553,0.45189744234085083,0.4207897186279297,0.3110773265361786,0.00010527094391466061
1554,0.48260653018951416,0.4498108923435211,0.3279564082622528,0.00010515889685263316
1555,0.4619520902633667,0.43025529384613037,0.3169679343700409,0.00010504684329618409
1556,0.46187445521354675,0.4292675852775574,0.3260686695575714,0.00010493478338637512
1557,0.4593488574028015,0.4276551604270935,0.31693705916404724,0.00010482271726427598
1558,0.4755241274833679,0.4425022602081299,0.33021876215934753,0.00010471064507096426
1559,0.47133535146713257,0.43880677223205566,0.3252857029438019,0.00010459856694752521
1560,0.42859402298927307,0.3994120657444,0.29181960225105286,0.00010448648303505151
1561,0.4541417956352234,0.4227108955383301,0.3143089711666107,0.00010437439347464306
1562,0.44750115275382996,0.41681158542633057,0.3068956434726715,0.00010426229840740705
1563,0.48642152547836304,0.4532780647277832,0.3314345180988312,0.00010415019797445738
1564,0.4679100215435028,0.4358983039855957,0.32011714577674866,0.00010403809231691486
1565,0.45366141200065613,0.42263638973236084,0.3102501332759857,0.00010392598157590688
1566,0.4774477183818817,0.44462522864341736,0.3282249867916107,0.0001038138658925671
1567,0.48358502984046936,0.4502602815628052,0.33324745297431946,0.00010370174540803556
1568,0.45087021589279175,0.419765442609787,0.31104776263237,0.00010358962026345824
1569,0.4598190188407898,0.4282182455062866,0.3160076439380646,0.000103477490599987
1570,0.4573819935321808,0.42585402727127075,0.3152797222137451,0.00010336535655877942
1571,0.46758052706718445,0.43475964665412903,0.328208863735199,0.00010325321828099854
1572,0.43879032135009766,0.40861114859580994,0.3017916679382324,0.00010314107590781284
1573,0.4373341202735901,0.4068414866924286,0.304926335811615,0.00010302892958039583
1574,0.45006129145622253,0.4190678298473358,0.30993470549583435,0.00010291677943992608
1575,0.47974053025245667,0.44617190957069397,0.33568626642227173,0.0001028046256275869
1576,0.4632578492164612,0.4316991865634918,0.31558674573898315,0.00010269246828456629
1577,0.45377546548843384,0.4225034713745117,0.31271982192993164,0.00010258030755205665
1578,0.4283252954483032,0.3992235064506531,0.2910180389881134,0.00010246814357125463
1579,0.49125656485557556,0.4575883150100708,0.33668258786201477,0.00010235597648336104
1580,0.45710718631744385,0.42604634165763855,0.3106083273887634,0.00010224380642958052
1581,0.44286465644836426,0.41245871782302856,0.30405929684638977,0.00010213163355112148
1582,0.46418333053588867,0.43215441703796387,0.32028910517692566,0.00010201945798919593
1583,0.4457691013813019,0.4146680235862732,0.3110107481479645,0.00010190727988501913
1584,0.4639960825443268,0.4322427809238434,0.3175329267978668,0.00010179509937980973
1585,0.45717787742614746,0.42591390013694763,0.31263986229896545,0.00010168291661478923
1586,0.4850424826145172,0.4520057439804077,0.3303673565387726,0.00010157073173118208
1587,0.4576755166053772,0.4259680509567261,0.3170746862888336,0.00010145854487021532
1588,0.4647428095340729,0.4332786798477173,0.31464117765426636,0.00010134635617311853
1589,0.4315997362136841,0.40154415369033813,0.30055585503578186,0.00010123416578112365
1590,0.4654117822647095,0.43370017409324646,0.3171162009239197,0.0001011219738354646
1591,0.4736320674419403,0.44013553857803345,0.3349652886390686,0.00010100978047737741
1592,0.4577738344669342,0.42611783742904663,0.3165600895881653,0.00010089758584809979
1593,0.47015026211738586,0.43750855326652527,0.32641705870628357,0.00010078539008887114
1594,0.441959023475647,0.4121747612953186,0.29784274101257324,0.00010067319334093219
1595,0.45857247710227966,0.42719700932502747,0.31375476717948914,0.00010056099574552497
1596,0.47718796133995056,0.44462209939956665,0.32565855979919434,0.00010044879744389257
1597,0.48832646012306213,0.45503467321395874,0.33291786909103394,0.00010033659857727893
1598,0.4372710585594177,0.40655872225761414,0.30712324380874634,0.00010022439928692875
1599,0.44923245906829834,0.41855326294898987,0.3067920207977295,0.00010011219971408725
1600,0.4550616145133972,0.4238014817237854,0.3126012086868286,0.0001
1601,0.5026940107345581,0.46825718879699707,0.3443681597709656,9.988780028591278e-05
1602,0.4428151249885559,0.41183939576148987,0.30975717306137085,9.977560071307129e-05
1603,0.4720483422279358,0.43955689668655396,0.3249143660068512,9.96634014227211e-05
1604,0.484561562538147,0.4511200487613678,0.33441516757011414,9.955120255610746e-05
1605,0.47272059321403503,0.44065478444099426,0.3206580579280853,9.943900425447505e-05
1606,0.45616844296455383,0.42493629455566406,0.3123215436935425,9.932680665906783e-05
1607,0.45250192284584045,0.4215565621852875,0.30945369601249695,9.921460991112891e-05
1608,0.47294050455093384,0.4406284689903259,0.3231202960014343,9.910241415190021e-05
1609,0.46078160405158997,0.4293532073497772,0.31428399682044983,9.89902195226226e-05
1610,0.4528943598270416,0.42148643732070923,0.3140793442726135,9.887802616453542e-05
1611,0.45725390315055847,0.42530274391174316,0.3195117115974426,9.87658342188764e-05
1612,0.43714243173599243,0.4070832431316376,0.30059176683425903,9.865364382688145e-05
1613,0.43244147300720215,0.40269187092781067,0.29749611020088196,9.85414551297847e-05
1614,0.4367784559726715,0.4063253402709961,0.3045312762260437,9.842926826881796e-05
1615,0.4665454924106598,0.4344101846218109,0.3213531970977783,9.831708338521078e-05
1616,0.4709889888763428,0.4384688138961792,0.32520177960395813,9.820490062019029e-05
1617,0.46062618494033813,0.4289466142654419,0.31679558753967285,9.809272011498085e-05
1618,0.45867466926574707,0.426874577999115,0.318000853061676,9.798054201080411e-05
1619,0.4494580030441284,0.4184974431991577,0.3096054792404175,9.786836644887856e-05
1620,0.47234970331192017,0.4393707513809204,0.32978957891464233,9.775619357041952e-05
1621,0.44983378052711487,0.4180313050746918,0.31802481412887573,9.764402351663901e-05
1622,0.4541674554347992,0.42237770557403564,0.3178974688053131,9.753185642874537e-05
1623,0.42266520857810974,0.39411649107933044,0.28548717498779297,9.741969244794338e-05
1624,0.4613697826862335,0.4301947057247162,0.31175073981285095,9.730753171543374e-05
1625,0.44106853008270264,0.41023188829421997,0.30836647748947144,9.719537437241312e-05
1626,0.4491397738456726,0.4181428849697113,0.3099687397480011,9.708322056007397e-05
1627,0.4130740761756897,0.38440680503845215,0.28667277097702026,9.697107041960417e-05
1628,0.46841171383857727,0.4362491965293884,0.3216252028942108,9.685892409218717e-05
1629,0.4484959840774536,0.41713669896125793,0.3135930001735687,9.674678171900147e-05
1630,0.45662176609039307,0.4253188967704773,0.3130287528038025,9.663464344122064e-05
1631,0.4596561789512634,0.4281453490257263,0.3151082694530487,9.652250940001302e-05
1632,0.49375292658805847,0.4595870077610016,0.3416590988636017,9.641037973654178e-05
1633,0.41548362374305725,0.38705480098724365,0.2842881381511688,9.629825459196446e-05
1634,0.49261048436164856,0.45874160528182983,0.3386887311935425,9.618613410743291e-05
1635,0.4471592307090759,0.41614416241645813,0.31015080213546753,9.607401842409317e-05
1636,0.43121662735939026,0.4015752971172333,0.2964133024215698,9.596190768308515e-05
1637,0.47565147280693054,0.44253820180892944,0.3311326205730438,9.584980202554266e-05
1638,0.46105724573135376,0.42936065793037415,0.3169660270214081,9.573770159259299e-05
1639,0.418739378452301,0.3899144232273102,0.2882497012615204,9.562560652535695e-05
1640,0.4492358863353729,0.4177912771701813,0.3144460618495941,9.551351696494854e-05
1641,0.4622613191604614,0.4301462769508362,0.3211504817008972,9.540143305247478e-05
1642,0.4545150101184845,0.42289820313453674,0.3161681592464447,9.528935492903575e-05
1643,0.49483224749565125,0.4608364701271057,0.3399577736854553,9.517728273572403e-05
1644,0.43996405601501465,0.40948939323425293,0.30474647879600525,9.506521661362493e-05
1645,0.4675617516040802,0.43512386083602905,0.324379026889801,9.495315670381591e-05
1646,0.4513430893421173,0.4198433756828308,0.31499719619750977,9.484110314736682e-05
1647,0.4744114279747009,0.4410170614719391,0.33394381403923035,9.472905608533941e-05
1648,0.4500163793563843,0.4189068377017975,0.3110954165458679,9.461701565878719e-05
1649,0.47766968607902527,0.445003479719162,0.32666194438934326,9.450498200875546e-05
1650,0.4176734387874603,0.3891341984272003,0.2853924036026001,9.439295527628081e-05
1651,0.4859332740306854,0.452282190322876,0.3365107476711273,9.428093560239135e-05
1652,0.4414646625518799,0.4109291136264801,0.30535539984703064,9.416892312810614e-05
1653,0.46363282203674316,0.4318159520626068,0.3181688189506531,9.40569179944352e-05
1654,0.44742411375045776,0.41642308235168457,0.31001046299934387,9.394492034237931e-05
1655,0.4682656526565552,0.43647176027297974,0.31793883442878723,9.383293031292985e-05
1656,0.47142526507377625,0.4392094314098358,0.32215842604637146,9.372094804706867e-05
1657,0.48941221833229065,0.45625194907188416,0.33160272240638733,9.360897368576772e-05
1658,0.4464985728263855,0.41597554087638855,0.30523040890693665,9.349700736998908e-05
1659,0.48617687821388245,0.4521542191505432,0.3402264714241028,9.338504924068462e-05
1660,0.4508111774921417,0.4190002679824829,0.31810900568962097,9.327309943879604e-05
1661,0.46271613240242004,0.4310188591480255,0.3169727921485901,9.316115810525446e-05
1662,0.4693666994571686,0.4373536705970764,0.3201303482055664,9.304922538098035e-05
1663,0.49185046553611755,0.45789477229118347,0.33955690264701843,9.293730140688336e-05
1664,0.4577273726463318,0.42605018615722656,0.3167717158794403,9.282538632386207e-05
1665,0.44550514221191406,0.41486477851867676,0.3064035475254059,9.2713480272804e-05
1666,0.496681272983551,0.4627544581890106,0.33926811814308167,9.260158339458514e-05
1667,0.47496500611305237,0.44213131070137024,0.32833701372146606,9.248969583007005e-05
1668,0.42218708992004395,0.3932766616344452,0.2891043722629547,9.237781772011153e-05
1669,0.4951356053352356,0.4612411558628082,0.3389444649219513,9.226594920555037e-05
1670,0.4851967692375183,0.45181697607040405,0.33379796147346497,9.215409042721552e-05
1671,0.4491216540336609,0.41806089878082275,0.31060752272605896,9.204224152592343e-05
1672,0.448978990316391,0.41805627942085266,0.3092271089553833,9.193040264247829e-05
1673,0.46984827518463135,0.4374554753303528,0.3239281475543976,9.181857391767157e-05
1674,0.46343520283699036,0.4315086305141449,0.3192656636238098,9.170675549228194e-05
1675,0.4507210850715637,0.4191574454307556,0.31563639640808105,9.159494750707526e-05
1676,0.4287031888961792,0.39953920245170593,0.2916397154331207,9.148315010280408e-05
1677,0.46117961406707764,0.42889052629470825,0.3228909373283386,9.137136342020768e-05
1678,0.43969035148620605,0.40935826301574707,0.30332082509994507,9.125958760001189e-05
1679,0.471150666475296,0.43852493166923523,0.3262574374675751,9.114782278292876e-05
1680,0.4475423991680145,0.4167262613773346,0.30816125869750977,9.103606910965666e-05
1681,0.46777966618537903,0.43508410453796387,0.32695552706718445,9.092432672087977e-05
1682,0.47128230333328247,0.4382006824016571,0.33081623911857605,9.08125957572681e-05
1683,0.4673248529434204,0.4345669150352478,0.3275793790817261,9.070087635947733e-05
1684,0.480974406003952,0.4479055404663086,0.3306885361671448,9.058916866814858e-05
1685,0.45241811871528625,0.42147594690322876,0.30942168831825256,9.047747282390815e-05
1686,0.4520128071308136,0.4210229814052582,0.309898316860199,9.036578896736752e-05
1687,0.4841342270374298,0.4500071704387665,0.3412706255912781,9.025411723912298e-05
1688,0.4242243766784668,0.3952687084674835,0.2895567715167999,9.014245777975565e-05
1689,0.4491560757160187,0.4184313714504242,0.307247132062912,9.003081072983117e-05
1690,0.47179093956947327,0.43926844000816345,0.32522499561309814,8.991917622989956e-05
1691,0.49627187848091125,0.4618910253047943,0.34380850195884705,8.980755442049502e-05
1692,0.4661569595336914,0.43448835611343384,0.31668615341186523,8.969594544213578e-05
1693,0.4923362135887146,0.45836499333381653,0.3397121727466583,8.95843494353239e-05
1694,0.4512479603290558,0.4201817214488983,0.3106624186038971,8.947276654054518e-05
1695,0.4377101957798004,0.4075414836406708,0.3016871213912964,8.936119689826888e-05
1696,0.45320236682891846,0.42200279235839844,0.31199583411216736,8.924964064894753e-05
1697,0.466039776802063,0.43341365456581116,0.3262612521648407,8.913809793301681e-05
1698,0.44554802775382996,0.41497042775154114,0.3057759702205658,8.902656889089548e-05
1699,0.48139163851737976,0.4480680227279663,0.33323606848716736,8.891505366298492e-05
1700,0.46567365527153015,0.43384480476379395,0.3182884454727173,8.880355238966923e-05
1701,0.46119424700737,0.429329514503479,0.31864744424819946,8.869206521131489e-05
1702,0.4411259591579437,0.4110168516635895,0.3010910153388977,8.858059226827062e-05
1703,0.4656820297241211,0.43395304679870605,0.3172897696495056,8.846913370086734e-05
1704,0.46690940856933594,0.4345773458480835,0.32332050800323486,8.835768964941773e-05
1705,0.46625831723213196,0.434434711933136,0.31823599338531494,8.824626025421626e-05
1706,0.4536881446838379,0.42258480191230774,0.31103336811065674,8.813484565553893e-05
1707,0.4387853145599365,0.4086826741695404,0.301026314496994,8.802344599364312e-05
1708,0.5046514868736267,0.46952515840530396,0.3512631356716156,8.791206140876746e-05
1709,0.45654305815696716,0.4254547357559204,0.31088313460350037,8.780069204113153e-05
1710,0.4392704665660858,0.40920236706733704,0.3006809651851654,8.768933803093573e-05
1711,0.4480954110622406,0.4173348844051361,0.3076052963733673,8.757799951836123e-05
1712,0.4644269347190857,0.4326721429824829,0.3175477683544159,8.746667664356956e-05
1713,0.45983004570007324,0.42843344807624817,0.3139658272266388,8.735536954670275e-05
1714,0.453056275844574,0.4219067096710205,0.3114956319332123,8.724407836788276e-05
1715,0.44498440623283386,0.41439372301101685,0.30590683221817017,8.713280324721163e-05
1716,0.4550337791442871,0.4235972762107849,0.3143649399280548,8.702154432477115e-05
1717,0.4319263994693756,0.40231752395629883,0.296088844537735,8.691030174062273e-05
1718,0.4914727807044983,0.4574163854122162,0.3405638635158539,8.679907563480726e-05
1719,0.43987467885017395,0.4095996916294098,0.302749902009964,8.668786614734478e-05
1720,0.4441446363925934,0.41367676854133606,0.3046787679195404,8.657667341823448e-05
1721,0.4806597828865051,0.44753497838974,0.3312481939792633,8.64654975874544e-05
1722,0.48263487219810486,0.4492294192314148,0.3340546488761902,8.63543387949614e-05
1723,0.47201892733573914,0.43942388892173767,0.3259505033493042,8.624319718069084e-05
1724,0.4732538163661957,0.44068586826324463,0.32567957043647766,8.613207288455643e-05
1725,0.46538686752319336,0.43373894691467285,0.3164792060852051,8.602096604645009e-05
1726,0.4436822235584259,0.4131111800670624,0.3057105243206024,8.590987680624174e-05
1727,0.43789878487586975,0.40704506635665894,0.30853724479675293,8.579880530377926e-05
1728,0.46511906385421753,0.4335883557796478,0.31530702114105225,8.568775167888806e-05
1729,0.45432567596435547,0.4230850338935852,0.312406450510025,8.557671607137114e-05
1730,0.44957855343818665,0.4182588458061218,0.31319698691368103,8.546569862100876e-05
1731,0.45334047079086304,0.4222683608531952,0.31072115898132324,8.53546994675583e-05
1732,0.45003223419189453,0.4188022017478943,0.3123001754283905,8.524371875075425e-05
1733,0.44963136315345764,0.41879263520240784,0.30838727951049805,8.51327566103077e-05
1734,0.45755454897880554,0.426187127828598,0.3136741816997528,8.502181318590652e-05
1735,0.4447024166584015,0.4141889810562134,0.30513429641723633,8.491088861721486e-05
1736,0.46096891164779663,0.4291185140609741,0.31850412487983704,8.479998304387329e-05
1737,0.4397447407245636,0.40917184948921204,0.3057289123535156,8.468909660549837e-05
1738,0.4393744468688965,0.40909668803215027,0.3027777373790741,8.457822944168257e-05
1739,0.4427851438522339,0.41263002157211304,0.30155131220817566,8.446738169199418e-05
1740,0.4787110388278961,0.445022314786911,0.3368872106075287,8.435655349597689e-05
1741,0.46340715885162354,0.43192926049232483,0.3147788345813751,8.424574499315e-05
1742,0.48288559913635254,0.44959765672683716,0.33287951350212097,8.413495632300784e-05
1743,0.45375943183898926,0.42250561714172363,0.312538206577301,8.402418762501982e-05
1744,0.46116021275520325,0.4291999042034149,0.3196030855178833,8.391343903863018e-05
1745,0.4668404757976532,0.43457984924316406,0.32260626554489136,8.380271070325789e-05
1746,0.4997192621231079,0.4654916822910309,0.34227582812309265,8.369200275829649e-05
1747,0.478433221578598,0.4455488622188568,0.3288436532020569,8.358131534311372e-05
1748,0.44587409496307373,0.41531887650489807,0.3055521845817566,8.347064859705153e-05
1749,0.44454506039619446,0.41385337710380554,0.3069168031215668,8.336000265942581e-05
1750,0.4594586193561554,0.4281824827194214,0.3127613663673401,8.324937766952638e-05
1751,0.45684102177619934,0.42570191621780396,0.31139108538627625,8.313877376661652e-05
1752,0.48102083802223206,0.4475325047969818,0.33488333225250244,8.302819108993312e-05
1753,0.4539881944656372,0.4229349195957184,0.31053274869918823,8.291762977868625e-05
1754,0.46369069814682007,0.43137139081954956,0.32319313287734985,8.280708997205904e-05
1755,0.4549977481365204,0.42401382327079773,0.3098392188549042,8.269657180920774e-05
1756,0.4525621235370636,0.4207088053226471,0.31853312253952026,8.258607542926114e-05
1757,0.4682098627090454,0.43606796860694885,0.3214188814163208,8.247560097132076e-05
1758,0.47620412707328796,0.4437626302242279,0.3244149386882782,8.236514857446045e-05
1759,0.48515141010284424,0.45178547501564026,0.33365920186042786,8.225471837772623e-05
1760,0.4480968415737152,0.41729170083999634,0.3080514371395111,8.214431052013634e-05
1761,0.4542424976825714,0.4223349392414093,0.3190755844116211,8.203392514068074e-05
1762,0.4357880651950836,0.40526100993156433,0.30527058243751526,8.19235623783212e-05
1763,0.4715005159378052,0.43940699100494385,0.3209351897239685,8.181322237199094e-05
1764,0.4245891869068146,0.3957940936088562,0.2879509925842285,8.170290526059452e-05
1765,0.46618735790252686,0.43410977721214294,0.3207756578922272,8.159261118300782e-05
1766,0.4631800055503845,0.43174391984939575,0.31436097621917725,8.14823402780776e-05
1767,0.4726388454437256,0.44011780619621277,0.325210303068161,8.13720926846214e-05
1768,0.46300190687179565,0.43086469173431396,0.3213721513748169,8.126186854142752e-05
1769,0.4462781548500061,0.4148038327693939,0.31474319100379944,8.115166798725478e-05
1770,0.4374412000179291,0.40730828046798706,0.30132922530174255,8.104149116083216e-05
1771,0.4922967255115509,0.4582762122154236,0.34020522236824036,8.093133820085888e-05
1772,0.47033989429473877,0.4373302459716797,0.33009645342826843,8.0821209246004e-05
1773,0.41110551357269287,0.3830370306968689,0.2806849479675293,8.071110443490652e-05
1774,0.45316603779792786,0.42245981097221375,0.3070622384548187,8.060102390617493e-05
1775,0.4329870343208313,0.4034857749938965,0.29501253366470337,8.049096779838719e-05
1776,0.4866786599159241,0.4532170295715332,0.33461639285087585,8.038093625009052e-05
1777,0.4840760827064514,0.45042410492897034,0.3365197777748108,8.027092939980115e-05
1778,0.4734717309474945,0.44089633226394653,0.32575395703315735,8.016094738600435e-05
1779,0.4453965127468109,0.4147189259529114,0.3067758083343506,8.005099034715404e-05
1780,0.48099902272224426,0.4481081962585449,0.328908234834671,7.994105842167273e-05
1781,0.4829901456832886,0.4501090943813324,0.3288106322288513,7.983115174795128e-05
1782,0.4425566494464874,0.41216662526130676,0.30390018224716187,7.972127046434878e-05
1783,0.4610271453857422,0.42914021015167236,0.31886929273605347,7.961141470919233e-05
1784,0.44708728790283203,0.41640225052833557,0.30685022473335266,7.950158462077697e-05
1785,0.4835454523563385,0.44980788230895996,0.3373757600784302,7.939178033736538e-05
1786,0.4840546250343323,0.4505937695503235,0.3346085250377655,7.928200199718774e-05
1787,0.4608657956123352,0.42932334542274475,0.315424382686615,7.917224973844152e-05
1788,0.4658527672290802,0.43350785970687866,0.3234489858150482,7.906252369929154e-05
1789,0.4663998484611511,0.4340623617172241,0.32337498664855957,7.895282401786945e-05
1790,0.48357346653938293,0.4499722719192505,0.3360118269920349,7.884315083227373e-05
1791,0.46723735332489014,0.43518775701522827,0.3204958438873291,7.873350428056957e-05
1792,0.4597376883029938,0.42747828364372253,0.32259401679039,7.862388450078855e-05
1793,0.45205432176589966,0.4204544126987457,0.31599903106689453,7.851429163092868e-05
1794,0.4404129683971405,0.41033411026000977,0.3007884919643402,7.840472580895396e-05
1795,0.44859081506729126,0.418040931224823,0.30549871921539307,7.829518717279438e-05
1796,0.46583858132362366,0.4338449537754059,0.3199363648891449,7.818567586034577e-05
1797,0.474905401468277,0.44218605756759644,0.32719355821609497,7.807619200946942e-05
1798,0.43802976608276367,0.407619446516037,0.30410319566726685,7.796673575799224e-05
1799,0.4669557213783264,0.43538326025009155,0.31572476029396057,7.785730724370625e-05
1800,0.4474852979183197,0.41614478826522827,0.31340518593788147,7.774790660436858e-05
1801,0.47544577717781067,0.442745178937912,0.3270060420036316,7.763853397770131e-05
1802,0.46960023045539856,0.4375971853733063,0.3200305700302124,7.752918950139119e-05
1803,0.4517490267753601,0.42061904072761536,0.3112998604774475,7.741987331308964e-05
1804,0.47088855504989624,0.43802669644355774,0.3286186754703522,7.731058555041237e-05
1805,0.4496400058269501,0.4186853766441345,0.30954623222351074,7.720132635093934e-05
1806,0.42129310965538025,0.39217305183410645,0.29120051860809326,7.709209585221451e-05
1807,0.4663470387458801,0.43424004316329956,0.3210698962211609,7.69828941917458e-05
1808,0.4488205909729004,0.418305367231369,0.30515238642692566,7.68737215070048e-05
1809,0.4748608469963074,0.44183415174484253,0.3302670121192932,7.676457793542654e-05
1810,0.4615481495857239,0.4301598072052002,0.31388339400291443,7.66554636144095e-05
1811,0.46773457527160645,0.4357258975505829,0.32008662819862366,7.654637868131521e-05
1812,0.45907458662986755,0.42711010575294495,0.31964483857154846,7.643732327346842e-05
1813,0.4417584240436554,0.41162770986557007,0.30130714178085327,7.63282975281565e-05
1814,0.46364766359329224,0.4315659999847412,0.3208165168762207,7.621930158262958e-05
1815,0.4432115852832794,0.4128634035587311,0.30348193645477295,7.611033557410026e-05
1816,0.49402856826782227,0.4595758020877838,0.34452754259109497,7.600139963974341e-05
1817,0.47327277064323425,0.4405824840068817,0.32690298557281494,7.589249391669616e-05
1818,0.439485102891922,0.40885788202285767,0.3062722384929657,7.578361854205743e-05
1819,0.4562028646469116,0.42507731914520264,0.3112555146217346,7.567477365288813e-05
1820,0.456041157245636,0.4249826967716217,0.3105846643447876,7.556595938621058e-05
1821,0.45764341950416565,0.42592230439186096,0.31721124053001404,7.545717587900879e-05
1822,0.45898735523223877,0.42755281925201416,0.3143453896045685,7.534842326822785e-05
1823,0.46727004647254944,0.4350661635398865,0.32203876972198486,7.523970169077402e-05
1824,0.4758698344230652,0.4431905746459961,0.32679271697998047,7.513101128351454e-05
1825,0.48061734437942505,0.4476242959499359,0.3299303352832794,7.502235218327731e-05
1826,0.45783382654190063,0.42645198106765747,0.3138185143470764,7.491372452685094e-05
1827,0.4797685742378235,0.44641727209091187,0.33351314067840576,7.48051284509844e-05
1828,0.4560880661010742,0.42460212111473083,0.3148595094680786,7.469656409238685e-05
1829,0.4381493926048279,0.40806716680526733,0.3008221387863159,7.458803158772758e-05
1830,0.4598616361618042,0.4283660352230072,0.31495609879493713,7.447953107363574e-05
1831,0.4763643145561218,0.4431280493736267,0.3323628008365631,7.437106268670034e-05
1832,0.48790982365608215,0.45417696237564087,0.33732861280441284,7.426262656346978e-05
1833,0.43772539496421814,0.407671719789505,0.3005368411540985,7.41542228404519e-05
1834,0.4699283242225647,0.437716543674469,0.32211795449256897,7.404585165411377e-05
1835,0.5115559101104736,0.4761192202568054,0.35436689853668213,7.393751314088146e-05
1836,0.4565737843513489,0.4252435266971588,0.31330248713493347,7.382920743713999e-05
1837,0.48759081959724426,0.4528445601463318,0.3474624752998352,7.372093467923302e-05
1838,0.4566205143928528,0.4250313341617584,0.31589192152023315,7.361269500346274e-05
1839,0.4406678378582001,0.4102184474468231,0.3044939339160919,7.350448854608962e-05
1840,0.4640045762062073,0.4319717586040497,0.3203282952308655,7.339631544333249e-05
1841,0.45596060156822205,0.42481860518455505,0.31141987442970276,7.328817583136804e-05
1842,0.4867863953113556,0.45281603932380676,0.3397034704685211,7.318006984633085e-05
1843,0.4759438931941986,0.4431441128253937,0.3279978334903717,7.307199762431319e-05
1844,0.4893796443939209,0.4557115137577057,0.33668115735054016,7.29639593013647e-05
1845,0.44249624013900757,0.41242745518684387,0.300687700510025,7.285595501349258e-05
1846,0.4308329224586487,0.4015894830226898,0.2924342453479767,7.274798489666097e-05
1847,0.4565821886062622,0.425301194190979,0.3128097951412201,7.264004908679112e-05
1848,0.4592009484767914,0.427803635597229,0.313973069190979,7.2532147719761e-05
1849,0.44339150190353394,0.41274502873420715,0.3064647614955902,7.242428093140525e-05
1850,0.45597589015960693,0.4245162606239319,0.3145964443683624,7.231644885751507e-05
1851,0.4741167426109314,0.44138091802597046,0.3273583650588989,7.220865163383784e-05
1852,0.44722139835357666,0.4168351888656616,0.3038620352745056,7.210088939607708e-05
1853,0.47442543506622314,0.4417555630207062,0.3266986310482025,7.199316227989236e-05
1854,0.4312727451324463,0.40139830112457275,0.2987445890903473,7.18854704208989e-05
1855,0.44477367401123047,0.41414058208465576,0.30633094906806946,7.177781395466772e-05
1856,0.42761486768722534,0.3985898792743683,0.29024994373321533,7.167019301672509e-05
1857,0.45833924412727356,0.4263709485530853,0.3196830153465271,7.156260774255262e-05
1858,0.4825800359249115,0.4493597447872162,0.3322029113769531,7.145505826758707e-05
1859,0.4776880443096161,0.4454452395439148,0.3224281668663025,7.134754472722017e-05
1860,0.47821515798568726,0.44376426935195923,0.34450891613960266,7.124006725679828e-05
1861,0.4787118434906006,0.44550204277038574,0.332098126411438,7.113262599162245e-05
1862,0.4605439007282257,0.4286438822746277,0.31900012493133545,7.102522106694808e-05
1863,0.47099944949150085,0.43900859355926514,0.3199085593223572,7.09178526179849e-05
1864,0.47168463468551636,0.4395208954811096,0.3216375410556793,7.081052077989667e-05
1865,0.47429221868515015,0.44169163703918457,0.3260057270526886,7.07032256878011e-05
1866,0.4511869549751282,0.4201013743877411,0.31085577607154846,7.059596747676962e-05
1867,0.47843387722969055,0.44548770785331726,0.3294616639614105,7.048874628182722e-05
1868,0.4599008560180664,0.42856183648109436,0.3133901059627533,7.038156223795224e-05
1869,0.46677425503730774,0.4345962107181549,0.3217804431915283,7.027441548007641e-05
1870,0.45529812574386597,0.4238903224468231,0.3140781819820404,7.01673061430844e-05
1871,0.45171937346458435,0.4208962917327881,0.30823081731796265,7.006023436181377e-05
1872,0.4694976508617401,0.4372519552707672,0.32245683670043945,6.995320027105481e-05
1873,0.45103535056114197,0.41988715529441833,0.31148195266723633,6.984620400555044e-05
1874,0.47034069895744324,0.4374525845050812,0.3288811445236206,6.973924569999585e-05
1875,0.47241172194480896,0.4396195411682129,0.32792171835899353,6.963232548903853e-05
1876,0.4322880208492279,0.4024951756000519,0.2979283630847931,6.952544350727799e-05
1877,0.4819347858428955,0.44835004210472107,0.33584728837013245,6.94185998892655e-05
1878,0.4807090759277344,0.4473429024219513,0.3336617946624756,6.931179476950429e-05
1879,0.4452145993709564,0.41467246413230896,0.30542147159576416,6.920502828244889e-05
1880,0.48179036378860474,0.44839099049568176,0.3339935839176178,6.909830056250527e-05
1881,0.4423872232437134,0.4114745557308197,0.3091268241405487,6.899161174403064e-05
1882,0.451823353767395,0.4206450283527374,0.3117832839488983,6.888496196133317e-05
1883,0.4920511841773987,0.45821869373321533,0.33832481503486633,6.877835134867196e-05
1884,0.4517398774623871,0.42055222392082214,0.31187665462493896,6.867178004025676e-05
1885,0.4403281509876251,0.40963485836982727,0.30693286657333374,6.85652481702478e-05
1886,0.4761802852153778,0.4429128170013428,0.3326745927333832,6.845875587275576e-05
1887,0.49103817343711853,0.45729780197143555,0.3374037444591522,6.835230328184138e-05
1888,0.4706028401851654,0.4380955398082733,0.32507309317588806,6.824589053151558e-05
1889,0.45975518226623535,0.42835330963134766,0.3140186369419098,6.813951775573896e-05
1890,0.44880953431129456,0.41754642128944397,0.31263118982315063,6.803318508842187e-05
1891,0.4466295540332794,0.41594064235687256,0.3068890869617462,6.792689266342416e-05
1892,0.49816229939460754,0.4632593095302582,0.3490297794342041,6.782064061455504e-05
1893,0.4438692033290863,0.4135872721672058,0.30281928181648254,6.77144290755729e-05
1894,0.4691781997680664,0.43673935532569885,0.32438838481903076,6.760825818018508e-05
1895,0.5142724514007568,0.47876545786857605,0.3550699055194855,6.750212806204777e-05
1896,0.4537675678730011,0.42272472381591797,0.31042835116386414,6.739603885476582e-05
1897,0.4409399628639221,0.41067513823509216,0.30264812707901,6.728999069189263e-05
1898,0.45158061385154724,0.42076894640922546,0.30811670422554016,6.718398370692993e-05
1899,0.43280449509620667,0.4029167890548706,0.298877090215683,6.707801803332754e-05
1900,0.4581384062767029,0.42652207612991333,0.31616321206092834,6.697209380448333e-05
1901,0.42732301354408264,0.3980189263820648,0.2930409014225006,6.68662111537429e-05
1902,0.47383973002433777,0.4404236078262329,0.33416131138801575,6.676037021439971e-05
1903,0.4244155287742615,0.39476683735847473,0.29648688435554504,6.665457111969451e-05
1904,0.4659101366996765,0.43388840556144714,0.32021746039390564,6.654881400281547e-05
1905,0.4830911457538605,0.44977235794067383,0.33318790793418884,6.644309899689793e-05
1906,0.4969780147075653,0.4628255069255829,0.34152498841285706,6.63374262350241e-05
1907,0.4441164433956146,0.4137653112411499,0.30351126194000244,6.623179585022316e-05
1908,0.43711116909980774,0.4067152440547943,0.30395936965942383,6.612620797547087e-05
1909,0.48110610246658325,0.44727811217308044,0.33827975392341614,6.602066274368947e-05
1910,0.47267207503318787,0.44002074003219604,0.32651323080062866,6.59151602877475e-05
1911,0.4651665687561035,0.4328792095184326,0.3228735625743866,6.580970074045975e-05
1912,0.48303455114364624,0.44961583614349365,0.33418720960617065,6.570428423458687e-05
1913,0.46183666586875916,0.43025001883506775,0.3158665895462036,6.559891090283537e-05
1914,0.455036461353302,0.4239741861820221,0.3106226325035095,6.549358087785744e-05
1915,0.47112634778022766,0.4388822019100189,0.3224415183067322,6.538829429225069e-05
1916,0.42253971099853516,0.3931347131729126,0.29405006766319275,6.528305127855816e-05
1917,0.4560835361480713,0.42468616366386414,0.3139738440513611,6.517785196926792e-05
1918,0.4412229657173157,0.4107666313648224,0.30456340312957764,6.507269649681307e-05
1919,0.4621565639972687,0.4304638206958771,0.316927433013916,6.496758499357148e-05
1920,0.466434121131897,0.4342065751552582,0.3222755193710327,6.486251759186572e-05
1921,0.46274447441101074,0.43070879578590393,0.3203567862510681,6.475749442396289e-05
1922,0.44456708431243896,0.41384533047676086,0.30721738934516907,6.465251562207431e-05
1923,0.47596701979637146,0.44283613562583923,0.3313089609146118,6.454758131835545e-05
1924,0.472711980342865,0.4400588274002075,0.3265314996242523,6.44426916449058e-05
1925,0.4899865388870239,0.4559687376022339,0.3401779532432556,6.43378467337687e-05
1926,0.461112380027771,0.4292445778846741,0.3186780512332916,6.423304671693107e-05
1927,0.4817497134208679,0.4482879936695099,0.33461713790893555,6.412829172632338e-05
1928,0.4548170268535614,0.423908531665802,0.30908504128456116,6.402358189381934e-05
1929,0.47667422890663147,0.44415247440338135,0.3252175748348236,6.391891735123582e-05
1930,0.46523839235305786,0.4331027567386627,0.3213564455509186,6.38142982303328e-05
1931,0.45762935280799866,0.42623868584632874,0.3139067590236664,6.370972466281291e-05
1932,0.46934089064598083,0.43688225746154785,0.324586421251297,6.360519678032157e-05
1933,0.48118656873703003,0.44819262623786926,0.32993951439857483,6.350071471444661e-05
1934,0.4483949542045593,0.41726037859916687,0.31134578585624695,6.339627859671814e-05
1935,0.46721652150154114,0.4353254437446594,0.3189108371734619,6.32918885586086e-05
1936,0.46661287546157837,0.4343349039554596,0.3227798044681549,6.318754473153221e-05
1937,0.47179293632507324,0.4392376244068146,0.32555320858955383,6.308324724684518e-05
1938,0.43923327326774597,0.4088982343673706,0.3033503293991089,6.297899623584532e-05
1939,0.43282419443130493,0.4029761552810669,0.2984802722930908,6.287479182977184e-05
1940,0.4700510501861572,0.43771523237228394,0.3233581781387329,6.277063415980549e-05
1941,0.44132518768310547,0.4111175835132599,0.3020760715007782,6.266652335706802e-05
1942,0.43795424699783325,0.40770724415779114,0.3024699091911316,6.256245955262221e-05
1943,0.48094451427459717,0.44743844866752625,0.3350607752799988,6.245844287747168e-05
1944,0.4251590073108673,0.39609432220458984,0.2906469702720642,6.23544734625608e-05
1945,0.43724456429481506,0.4072636365890503,0.29980915784835815,6.225055143877434e-05
1946,0.43348944187164307,0.4036082923412323,0.29881149530410767,6.214667693693744e-05
1947,0.45770299434661865,0.4259551167488098,0.31747883558273315,6.20428500878154e-05
1948,0.48319706320762634,0.44992369413375854,0.33273375034332275,6.193907102211358e-05
1949,0.4657355546951294,0.43411847949028015,0.31617066264152527,6.183533987047716e-05
1950,0.4736720025539398,0.44105783104896545,0.3261417746543884,6.173165676349103e-05
1951,0.4753311276435852,0.44282230734825134,0.3250880837440491,6.162802183167954e-05
1952,0.44813740253448486,0.4174765646457672,0.30660831928253174,6.152443520550641e-05
1953,0.450032502412796,0.4189644157886505,0.31068098545074463,6.14208970153746e-05
1954,0.4219745695590973,0.3927973508834839,0.29177212715148926,6.1317407391626e-05
1955,0.4383917450904846,0.40845561027526855,0.2993614077568054,6.121396646454149e-05
1956,0.48149585723876953,0.4484158158302307,0.33080026507377625,6.111057436434056e-05
1957,0.46797946095466614,0.4359399378299713,0.3203951120376587,6.1007231221181206e-05
1958,0.48730868101119995,0.4529721140861511,0.3433656692504883,6.090393716515983e-05
1959,0.42143064737319946,0.3925555944442749,0.2887505888938904,6.0800692326311095e-05
1960,0.4663137197494507,0.434299111366272,0.32014593482017517,6.069749683460765e-05
1961,0.45385774970054626,0.4223317503929138,0.3152598738670349,6.059435081996001e-05
1962,0.47036540508270264,0.4383147954940796,0.32050612568855286,6.049125441221639e-05
1963,0.4511672258377075,0.41986826062202454,0.3129898011684418,6.038820774116265e-05
1964,0.4600762128829956,0.42869922518730164,0.31377002596855164,6.0285210936521955e-05
1965,0.48204076290130615,0.44870632886886597,0.333344429731369,6.018226412795469e-05
1966,0.4876314401626587,0.454445481300354,0.33185967803001404,6.0079367445058354e-05
1967,0.4687594175338745,0.43627890944480896,0.3248049318790436,5.997652101736726e-05
1968,0.4585677683353424,0.4270068407058716,0.3156093657016754,5.9873724974352585e-05
1969,0.4715428352355957,0.4390239715576172,0.32518863677978516,5.977097944542198e-05
1970,0.45910608768463135,0.427822083234787,0.312840074300766,5.9668284559919504e-05
1971,0.46107718348503113,0.42917579412460327,0.31901395320892334,5.956564044712551e-05
1972,0.47086745500564575,0.43795037269592285,0.32917094230651855,5.94630472362564e-05
1973,0.4501771926879883,0.41933369636535645,0.3084348142147064,5.936050505646452e-05
1974,0.4560275077819824,0.4238682985305786,0.32159218192100525,5.925801403683797e-05
1975,0.46952009201049805,0.43716853857040405,0.32351547479629517,5.9155574306400395e-05
1976,0.4300811290740967,0.4008110463619232,0.2927006781101227,5.9053185994110974e-05
1977,0.44377702474594116,0.4133128821849823,0.304641455411911,5.8950849228864025e-05
1978,0.47307905554771423,0.440470814704895,0.3260824978351593,5.884856413948913e-05
1979,0.4394865930080414,0.4090176820755005,0.30468907952308655,5.87463308547507e-05
1980,0.44246724247932434,0.41179540753364563,0.30671826004981995,5.864414950334796e-05
1981,0.4699781835079193,0.4376724362373352,0.3230573534965515,5.8542020213914726e-05
1982,0.4645688235759735,0.4324101209640503,0.32158708572387695,5.843994311501939e-05
1983,0.48204290866851807,0.44835391640663147,0.3368898034095764,5.833791833516453e-05
1984,0.4582974910736084,0.4264388680458069,0.3185860812664032,5.82359460027869e-05
1985,0.44597604870796204,0.41555145382881165,0.30424585938453674,5.8134026246257225e-05
1986,0.4836728572845459,0.4508385956287384,0.3283427357673645,5.8032159193879985e-05
1987,0.4496551752090454,0.41872191429138184,0.3093327581882477,5.793034497389345e-05
1988,0.4453774094581604,0.4150241017341614,0.30353298783302307,5.782858371446927e-05
1989,0.4368765652179718,0.4071381092071533,0.2973845601081848,5.772687554371241e-05
1990,0.4644256830215454,0.43282032012939453,0.3160536289215088,5.762522058966113e-05
1991,0.47127607464790344,0.43866321444511414,0.32612860202789307,5.752361898028653e-05
1992,0.44451382756233215,0.41407230496406555,0.3044152855873108,5.7422070843492734e-05
1993,0.4630807936191559,0.43122193217277527,0.3185884952545166,5.732057630711638e-05
1994,0.4749663174152374,0.44238951802253723,0.3257678747177124,5.721913549892674e-05
1995,0.46471530199050903,0.43282729387283325,0.3188800811767578,5.711774854662535e-05
1996,0.45191171765327454,0.4209420680999756,0.3096965551376343,5.701641557784609e-05
1997,0.4247874915599823,0.3956097364425659,0.29177749156951904,5.69151367201548e-05
1998,0.4339821934700012,0.4045201539993286,0.2946202754974365,5.681391210104916e-05
1999,0.45023250579833984,0.41862979531288147,0.3160272538661957,5.671274184795865e-05
2000,0.4806255102157593,0.4467456638813019,0.33879849314689636,5.6611626088244194e-05
2001,0.42260655760765076,0.39377716183662415,0.2882939577102661,5.651056494919831e-05
2002,0.47285979986190796,0.4398151934146881,0.33044591546058655,5.640955855804455e-05
2003,0.46555307507514954,0.4334336519241333,0.3211943507194519,5.63086070419377e-05
2004,0.47393903136253357,0.44156014919281006,0.32378891110420227,5.620771052796339e-05
2005,0.4387260377407074,0.4085862636566162,0.30139783024787903,5.610686914313796e-05
2006,0.47586947679519653,0.4429430365562439,0.3292643427848816,5.6006083014408484e-05
2007,0.46478646993637085,0.4328579902648926,0.3192848265171051,5.590535226865238e-05
2008,0.4571341276168823,0.42584481835365295,0.3128930926322937,5.5804677032677354e-05
2009,0.463020920753479,0.43060237169265747,0.32418540120124817,5.570405743322124e-05
2010,0.46084070205688477,0.42880383133888245,0.3203686773777008,5.560349359695181e-05
2011,0.45640772581100464,0.42493924498558044,0.3146849572658539,5.550298565046672e-05
2012,0.4426353871822357,0.41250845789909363,0.3012693524360657,5.540253372029315e-05
2013,0.46371543407440186,0.4314854145050049,0.3223003149032593,5.53021379328879e-05
2014,0.4583154618740082,0.42680680751800537,0.3150865435600281,5.520179841463693e-05
2015,0.4756487011909485,0.4426616430282593,0.32987046241760254,5.510151529185553e-05
2016,0.43687868118286133,0.4071022868156433,0.2977640628814697,5.5001288690787886e-05
2017,0.45947781205177307,0.42796292901039124,0.31514880061149597,5.490111873760705e-05
2018,0.47733885049819946,0.44401052594184875,0.3332831561565399,5.480100555841478e-05
2019,0.45562970638275146,0.42456215620040894,0.3106754720211029,5.4700949279241295e-05
2020,0.448239266872406,0.4171377420425415,0.3110153079032898,5.4600950026045326e-05
2021,0.46950703859329224,0.4369862973690033,0.32520735263824463,5.4501007924713707e-05
2022,0.47609275579452515,0.44345059990882874,0.3264215290546417,5.440112310106134e-05
2023,0.4657399356365204,0.4335109293460846,0.3222900629043579,5.4301295680830976e-05
2024,0.4958737790584564,0.4611237645149231,0.3475000858306885,5.420152578969326e-05
2025,0.4583192765712738,0.4268578290939331,0.31461450457572937,5.410181355324622e-05
2026,0.4397164583206177,0.40987369418144226,0.298427551984787,5.400215909701547e-05
2027,0.4655539393424988,0.4335291385650635,0.32024815678596497,5.390256254645378e-05
2028,0.4556851387023926,0.42380306124687195,0.31882089376449585,5.380302402694104e-05
2029,0.4323369264602661,0.40245673060417175,0.29880207777023315,5.3703543663784074e-05
2030,0.48010173439979553,0.44679495692253113,0.3330676555633545,5.36041215822166e-05
2031,0.46188223361968994,0.4301097095012665,0.31772539019584656,5.3504757907398836e-05
2032,0.4691026210784912,0.4366483688354492,0.32454267144203186,5.340545276441755e-05
2033,0.46948370337486267,0.43706440925598145,0.3241928815841675,5.3306206278285734e-05
2034,0.45940539240837097,0.42766043543815613,0.31744956970214844,5.320701857394268e-05
2035,0.4534609317779541,0.42255181074142456,0.30909112095832825,5.3107889776253536e-05
2036,0.45676547288894653,0.4256678521633148,0.31097614765167236,5.3008820010009464e-05
2037,0.4769129157066345,0.44311121106147766,0.3380170166492462,5.290980939992713e-05
2038,0.4587711691856384,0.42718178033828735,0.31589391827583313,5.281085807064881e-05
2039,0.47681134939193726,0.4438949227333069,0.32916417717933655,5.27119661467422e-05
2040,0.4548810124397278,0.4223516285419464,0.32529398798942566,5.261313375270014e-05
2041,0.46490204334259033,0.43310680985450745,0.317952424287796,5.251436101294056e-05
2042,0.4382249712944031,0.40780001878738403,0.3042496144771576,5.2415648051806275e-05
2043,0.4748544692993164,0.44235995411872864,0.32494524121284485,5.231699499356484e-05
2044,0.45714664459228516,0.42606431245803833,0.31082338094711304,5.221840196240848e-05
2045,0.474931538105011,0.4422192871570587,0.32712236046791077,5.211986908245374e-05
2046,0.5162620544433594,0.4805423319339752,0.3571970760822296,5.202139647774149e-05
2047,0.4766281247138977,0.44312000274658203,0.33508121967315674,5.192298427223676e-05
2048,0.43112456798553467,0.4018428325653076,0.2928173840045929,5.182463258982846e-05
2049,0.44951173663139343,0.41880983114242554,0.30701908469200134,5.172634155432943e-05
2050,0.4722307622432709,0.439744770526886,0.3248597979545593,5.1628111289476035e-05
2051,0.4855031669139862,0.45106473565101624,0.34438443183898926,5.1529941918928204e-05
2052,0.4657120108604431,0.43347060680389404,0.32241398096084595,5.143183356626916e-05
2053,0.46475473046302795,0.4330544173717499,0.3170030117034912,5.133378635500543e-05
2054,0.45320984721183777,0.42200055718421936,0.31209295988082886,5.123580040856644e-05
2055,0.46459752321243286,0.43254369497299194,0.32053816318511963,5.113787585030454e-05
2056,0.48123300075531006,0.4474218189716339,0.3381118178367615,5.1040012803494795e-05
2057,0.4818844199180603,0.44899535179138184,0.3288906514644623,5.0942211391334824e-05
2058,0.43596458435058594,0.4061301052570343,0.29834476113319397,5.084447173694469e-05
2059,0.47262778878211975,0.43979698419570923,0.3283080458641052,5.0746793963366744e-05
2060,0.46071338653564453,0.42811405658721924,0.32599344849586487,5.0649178193565314e-05
2061,0.4649601876735687,0.43333783745765686,0.3162234425544739,5.055162455042679e-05
2062,0.44874730706214905,0.4175499975681305,0.31197306513786316,5.045413315675924e-05
2063,0.43242138624191284,0.40209293365478516,0.3032844066619873,5.035670413529251e-05
2064,0.4529631435871124,0.4218314290046692,0.31131711602211,5.025933760867781e-05
2065,0.4748151898384094,0.4415600597858429,0.3325512111186981,5.016203369948773e-05
2066,0.45999494194984436,0.4281749725341797,0.3181997537612915,5.006479253021597e-05
2067,0.455645352602005,0.42442744970321655,0.3121790587902069,4.996761422327737e-05
2068,0.4887124300003052,0.4558181166648865,0.32894301414489746,4.9870498901007524e-05
2069,0.4335424602031708,0.403532475233078,0.3000999391078949,4.977344668566275e-05
2070,0.47611507773399353,0.44271421432495117,0.33400872349739075,4.967645769942e-05
2071,0.45958566665649414,0.42783796787261963,0.3174769878387451,4.957953206437651e-05
2072,0.4427677094936371,0.4128684103488922,0.29899299144744873,4.9482669902549894e-05
2073,0.46995875239372253,0.437876433134079,0.32082322239875793,4.938587133587777e-05
2074,0.4687683880329132,0.4365226626396179,0.32245734333992004,4.92891364862177e-05
2075,0.4270385503768921,0.39741483330726624,0.2962370812892914,4.919246547534708e-05
2076,0.49428659677505493,0.4602373242378235,0.34049272537231445,4.909585842496287e-05
2077,0.4521957039833069,0.4212549924850464,0.30940714478492737,4.899931545668164e-05
2078,0.4560284912586212,0.42454254627227783,0.31485939025878906,4.890283669203915e-05
2079,0.4530649781227112,0.42206278443336487,0.3100219666957855,4.880642225249041e-05
2080,0.46899354457855225,0.43689781427383423,0.320957213640213,4.87100722594094e-05
2081,0.4394482970237732,0.4093414843082428,0.30106815695762634,4.8613786834089024e-05
2082,0.4665156602859497,0.43449896574020386,0.32016703486442566,4.851756609774094e-05
2083,0.4357616603374481,0.4063829779624939,0.2937869429588318,4.842141017149526e-05
2084,0.4904012084007263,0.45654651522636414,0.3385468125343323,4.8325319176400576e-05
2085,0.4430077075958252,0.41235673427581787,0.3065096437931061,4.822929323342369e-05
2086,0.45763999223709106,0.4259679913520813,0.3167198598384857,4.81333324634496e-05
2087,0.4860278069972992,0.452792227268219,0.33235567808151245,4.8037436987281194e-05
2088,0.4545540511608124,0.42309829592704773,0.31455764174461365,4.794160692563917e-05
2089,0.4462139308452606,0.41508540511131287,0.3112853765487671,4.7845842399161874e-05
2090,0.49645325541496277,0.4620184600353241,0.3443480432033539,4.7750143528405126e-05
2091,0.4849323630332947,0.45182451605796814,0.33107855916023254,4.76545104338422e-05
2092,0.4376967251300812,0.40687164664268494,0.3082508444786072,4.755894323586342e-05
2093,0.4524822235107422,0.4212850332260132,0.311972051858902,4.746344205477631e-05
2094,0.48305249214172363,0.44992485642433167,0.3312762379646301,4.736800701080515e-05
2095,0.444023460149765,0.4134320020675659,0.3059144616127014,4.727263822409099e-05
2096,0.4481174945831299,0.4170130491256714,0.3110446035861969,4.717733581469157e-05
2097,0.48119428753852844,0.4482584297657013,0.3293585181236267,4.708209990258095e-05
2098,0.45677506923675537,0.4253493845462799,0.3142569065093994,4.6986930607649535e-05
2099,0.4410354197025299,0.4109928607940674,0.3004256784915924,4.68918280497038e-05
2100,0.4594067633152008,0.427469938993454,0.31936827301979065,4.6796792348466356e-05
2101,0.49190595746040344,0.45770135521888733,0.34204596281051636,4.67018236235755e-05
2102,0.4624233543872833,0.4306338131427765,0.31789538264274597,4.6606921994585274e-05
2103,0.4993014633655548,0.46466532349586487,0.34636151790618896,4.651208758096521e-05
2104,0.45231688022613525,0.4213699400424957,0.3094692826271057,4.6417320502100316e-05
2105,0.45101398229599,0.4196091592311859,0.31404808163642883,4.63226208772908e-05
2106,0.43967100977897644,0.40915101766586304,0.3051998019218445,4.62279888257519e-05
2107,0.45897847414016724,0.4276641309261322,0.31314343214035034,4.613342446661383e-05
2108,0.4802379608154297,0.44644150137901306,0.3379645347595215,4.603892791892157e-05
2109,0.49294933676719666,0.4592597484588623,0.3368958830833435,4.594449930163471e-05
2110,0.4827173352241516,0.4494500458240509,0.33267298340797424,4.5850138733627434e-05
2111,0.44337671995162964,0.4129522740840912,0.30424436926841736,4.575584633368815e-05
2112,0.4490489363670349,0.4184678792953491,0.30581048130989075,4.566162222051946e-05
2113,0.4528989791870117,0.4216674864292145,0.3123147785663605,4.556746651273802e-05
2114,0.4725434184074402,0.43967440724372864,0.3286899924278259,4.547337932887443e-05
2115,0.46122971177101135,0.42953982949256897,0.3168987035751343,4.537936078737292e-05
2116,0.46639853715896606,0.4345517158508301,0.31846821308135986,4.52854110065914e-05
2117,0.4595789313316345,0.4278836250305176,0.31695303320884705,4.519153010480118e-05
2118,0.4630972146987915,0.4305364787578583,0.32560744881629944,4.5097718200186814e-05
2119,0.46571773290634155,0.4338394105434418,0.3187832832336426,4.50039754108461e-05
2120,0.45278385281562805,0.42185357213020325,0.30930283665657043,4.491030185478976e-05
2121,0.4801885783672333,0.44714584946632385,0.3304271697998047,4.481669764994134e-05
2122,0.4576258063316345,0.4261404871940613,0.31485310196876526,4.472316291413715e-05
2123,0.41522330045700073,0.38669896125793457,0.28524336218833923,4.4629697765125934e-05
2124,0.4791962206363678,0.4457134008407593,0.33482807874679565,4.453630232056901e-05
2125,0.471935898065567,0.43907347321510315,0.32862427830696106,4.444297669803981e-05
2126,0.4464148283004761,0.41593626141548157,0.3047856390476227,4.434972101502385e-05
2127,0.5044188499450684,0.4697570502758026,0.34661784768104553,4.425653538891874e-05
2128,0.4546906352043152,0.42311060428619385,0.31580018997192383,4.416341993703373e-05
2129,0.4543507695198059,0.42327314615249634,0.31077632308006287,4.407037477658992e-05
2130,0.4451788663864136,0.4145034849643707,0.3067537248134613,4.3977400024719725e-05
2131,0.42772865295410156,0.3983663022518158,0.29362356662750244,4.388449579846705e-05
2132,0.472026526927948,0.43959519267082214,0.3243131935596466,4.379166221478697e-05
2133,0.4944941997528076,0.4610935151576996,0.3340069353580475,4.36988993905456e-05
2134,0.4735381007194519,0.44113752245903015,0.32400578260421753,4.36062074425201e-05
2135,0.4564504623413086,0.4246855080127716,0.3176495432853699,4.351358648739826e-05
2136,0.4614408314228058,0.4292999505996704,0.3214088976383209,4.3421036641778556e-05
2137,0.4635734558105469,0.43125781416893005,0.32315653562545776,4.332855802217e-05
2138,0.4603543281555176,0.42778563499450684,0.3256867825984955,4.323615074499183e-05
2139,0.42982158064842224,0.40032538771629333,0.2949618697166443,4.31438149265736e-05
2140,0.4568060636520386,0.42564907670021057,0.3115697503089905,4.305155068315481e-05
2141,0.4746144115924835,0.4418015778064728,0.3281283378601074,4.295935813088487e-05
2142,0.45191752910614014,0.42026129364967346,0.31656238436698914,4.2867237385822935e-05
2143,0.4732387959957123,0.4404224753379822,0.32816314697265625,4.2775188563937843e-05
2144,0.45731431245803833,0.42558762431144714,0.3172667324542999,4.268321178110779e-05
2145,0.48197081685066223,0.44891175627708435,0.33059048652648926,4.259130715312033e-05
2146,0.4738394320011139,0.44056037068367004,0.3327905535697937,4.249947479567218e-05
2147,0.41494226455688477,0.38676518201828003,0.28177085518836975,4.2407714824369024e-05
2148,0.4529980719089508,0.4214912950992584,0.3150678873062134,4.231602735472552e-05
2149,0.46665239334106445,0.43423765897750854,0.32414743304252625,4.222441250216502e-05
2150,0.47598525881767273,0.4429825246334076,0.33002734184265137,4.213287038201943e-05
2151,0.46183234453201294,0.42963916063308716,0.32193171977996826,4.20414011095291e-05
2152,0.4349064826965332,0.40468719601631165,0.3021928071975708,4.195000479984265e-05
2153,0.47497355937957764,0.4426490068435669,0.32324549555778503,4.185868156801694e-05
2154,0.4806140959262848,0.4470332860946655,0.33580803871154785,4.1767431529016766e-05
2155,0.46778252720832825,0.43540525436401367,0.32377269864082336,4.1676254797714766e-05
2156,0.47876399755477905,0.44589465856552124,0.32869336009025574,4.1585151488891305e-05
2157,0.4524691700935364,0.42155084013938904,0.30918318033218384,4.149412171723438e-05
2158,0.47214293479919434,0.4394703507423401,0.32672587037086487,4.140316559733935e-05
2159,0.4982055425643921,0.46321651339530945,0.34989017248153687,4.1312283243708836e-05
2160,0.47587594389915466,0.4424816071987152,0.333943247795105,4.12214747707527e-05
2161,0.453019917011261,0.4217214584350586,0.3129846155643463,4.113074029278765e-05
2162,0.45755699276924133,0.4263345003128052,0.31222501397132874,4.1040079924037386e-05
2163,0.4325389564037323,0.4030509293079376,0.29488039016723633,4.0949493778632244e-05
2164,0.44874775409698486,0.4177129864692688,0.3103477954864502,4.085898197060911e-05
2165,0.4372895359992981,0.4073292016983032,0.29960331320762634,4.0768544613911294e-05
2166,0.44830334186553955,0.41762474179267883,0.30678606033325195,4.067818182238838e-05
2167,0.4316454827785492,0.4017801582813263,0.29865336418151855,4.058789370979617e-05
2168,0.4890305995941162,0.45515841245651245,0.33872190117836,4.049768038979631e-05
2169,0.4748174548149109,0.4425792098045349,0.32238245010375977,4.04075419759564e-05
2170,0.43817880749702454,0.40837720036506653,0.29801610112190247,4.031747858174964e-05
2171,0.4452556371688843,0.41388171911239624,0.31373903155326843,4.0227490320554916e-05
2172,0.45514437556266785,0.42411521077156067,0.3102915585041046,4.0137577305656485e-05
2173,0.4613887071609497,0.42971286177635193,0.3167586028575897,4.004773965024383e-05
2174,0.46519044041633606,0.43308913707733154,0.3210129737854004,3.9957977467411615e-05
2175,0.44986963272094727,0.41892141103744507,0.30948227643966675,3.9868290870159405e-05
2176,0.48311102390289307,0.4493643343448639,0.33746692538261414,3.9778679971391785e-05
2177,0.44547152519226074,0.41498425602912903,0.3048727512359619,3.96891448839179e-05
2178,0.4776138961315155,0.44467946887016296,0.32934433221817017,3.959968572045148e-05
2179,0.4914914071559906,0.45716342329978943,0.3432799279689789,3.951030259361072e-05
2180,0.46215590834617615,0.43023040890693665,0.3192550241947174,3.942099561591802e-05
2181,0.4511941075325012,0.4196985065937042,0.31495586037635803,3.933176489980005e-05
2182,0.44203507900238037,0.4115492105484009,0.30485883355140686,3.924261055758731e-05
2183,0.4632014036178589,0.43137064576148987,0.3183076083660126,3.915353270151433e-05
2184,0.4744721055030823,0.44163191318511963,0.3284018635749817,3.90645314437192e-05
2185,0.4825778603553772,0.44916707277297974,0.33410802483558655,3.897560689624362e-05
2186,0.462115615606308,0.4305986762046814,0.3151693046092987,3.888675917103283e-05
2187,0.4498881995677948,0.4191336929798126,0.307545006275177,3.879798837993521e-05
2188,0.4314683973789215,0.40173718333244324,0.2973122000694275,3.8709294634702376e-05
2189,0.459291934967041,0.4273490011692047,0.3194294571876526,3.862067804698889e-05
2190,0.465914785861969,0.43360161781311035,0.32313162088394165,3.853213872835228e-05
2191,0.4428960382938385,0.4126211106777191,0.3027493357658386,3.844367679025274e-05
2192,0.47907593846321106,0.44619110226631165,0.32884830236434937,3.8355292344053026e-05
2193,0.5002437233924866,0.465842604637146,0.34401124715805054,3.826698550101836e-05
2194,0.4857217073440552,0.4527184069156647,0.33003315329551697,3.8178756372316294e-05
2195,0.45401376485824585,0.4230649769306183,0.30948778986930847,3.8090605069016595e-05
2196,0.4462854862213135,0.41610825061798096,0.30177250504493713,3.800253170209094e-05
2197,0.45457544922828674,0.42324212193489075,0.3133331537246704,3.7914536382412956e-05
2198,0.47960394620895386,0.4464258551597595,0.3317810595035553,3.782661922075803e-05
2199,0.48118048906326294,0.4481905698776245,0.32989931106567383,3.773878032780309e-05
2200,0.4731590747833252,0.4404888451099396,0.3267022371292114,3.7651019814126654e-05
2201,0.4505636990070343,0.4195367693901062,0.3102692663669586,3.7563337790208476e-05
2202,0.47549140453338623,0.44235560297966003,0.33135801553726196,3.747573436642951e-05
2203,0.4660133719444275,0.4339355528354645,0.32077813148498535,3.738820965307176e-05
2204,0.4934884011745453,0.45958447456359863,0.3390393853187561,3.730076376031821e-05
2205,0.46709904074668884,0.4345729947090149,0.32526034116744995,3.721339679825252e-05
2206,0.4461975693702698,0.41531902551651,0.3087853491306305,3.712610887685909e-05
2207,0.4626961052417755,0.4309290051460266,0.31767094135284424,3.703890010602274e-05
2208,0.4704779088497162,0.437528133392334,0.3294977843761444,3.695177059552861e-05
2209,0.4579635560512543,0.4263029098510742,0.3166065514087677,3.686472045506223e-05
2210,0.46235737204551697,0.4306456446647644,0.3171173334121704,3.677774979420904e-05
2211,0.45502716302871704,0.4238763153553009,0.3115084767341614,3.66908587224545e-05
2212,0.45447105169296265,0.423225075006485,0.31245988607406616,3.660404734918387e-05
2213,0.4709983468055725,0.4381346106529236,0.3286373019218445,3.6517315783682036e-05
2214,0.49363580346107483,0.45985403656959534,0.3378176689147949,3.643066413513354e-05
2215,0.46130695939064026,0.42954227328300476,0.31764695048332214,3.634409251262217e-05
2216,0.4675806760787964,0.4353718161582947,0.32208847999572754,3.6257601025131026e-05
2217,0.4609292149543762,0.42916110157966614,0.317681223154068,3.61711897815424e-05
2218,0.44699281454086304,0.41585519909858704,0.31137615442276,3.608485889063744e-05
2219,0.4559367001056671,0.4248012602329254,0.311354398727417,3.599860846109626e-05
2220,0.4887427091598511,0.45550450682640076,0.33238187432289124,3.591243860149759e-05
2221,0.4369422197341919,0.40657690167427063,0.3036532402038574,3.582634942031878e-05
2222,0.4823635220527649,0.44895344972610474,0.3341005742549896,3.574034102593557e-05
2223,0.4364224374294281,0.40609821677207947,0.30324220657348633,3.565441352662211e-05
2224,0.44071677327156067,0.41019824147224426,0.3051852881908417,3.556856703055058e-05
2225,0.45934975147247314,0.42758023738861084,0.31769508123397827,3.548280164579126e-05
2226,0.47287166118621826,0.4403526484966278,0.325190007686615,3.539711748031227e-05
2227,0.47748759388923645,0.44465896487236023,0.328286349773407,3.531151464197957e-05
2228,0.4453626871109009,0.4143942594528198,0.3096844255924225,3.5225993238556644e-05
2229,0.479901522397995,0.4465877115726471,0.333138108253479,3.514055337770455e-05
2230,0.4802776575088501,0.4473222494125366,0.32955414056777954,3.5055195166981645e-05
2231,0.4533784091472626,0.42235830426216125,0.31020092964172363,3.496991871384346e-05
2232,0.4382317066192627,0.4074988067150116,0.30732885003089905,3.488472412564264e-05
2233,0.4763187766075134,0.44350534677505493,0.3281342685222626,3.479961150962884e-05
2234,0.44994091987609863,0.41881757974624634,0.3112334609031677,3.4714580972948406e-05
2235,0.45313429832458496,0.42178601026535034,0.3134829103946686,3.462963262264444e-05
2236,0.4546681344509125,0.4235319495201111,0.3113618493080139,3.4544766565656505e-05
2237,0.44378647208213806,0.4137798845767975,0.3000659942626953,3.445998290882062e-05
2238,0.4653604030609131,0.43308237195014954,0.3227802813053131,3.4375281758869114e-05
2239,0.473354697227478,0.4410724639892578,0.32282230257987976,3.429066322243033e-05
2240,0.4588634669780731,0.42692458629608154,0.3193889260292053,3.420612740602875e-05
2241,0.44444409012794495,0.4141528904438019,0.30291205644607544,3.4121674416084584e-05
2242,0.479857861995697,0.4471953213214874,0.326625257730484,3.403730435891391e-05
2243,0.44652077555656433,0.41583114862442017,0.30689623951911926,3.39530173407283e-05
2244,0.47645631432533264,0.4440672695636749,0.32389041781425476,3.386881346763483e-05
2245,0.44866740703582764,0.4179469048976898,0.30720508098602295,3.378469284563589e-05
2246,0.45220351219177246,0.42078205943107605,0.31421446800231934,3.370065558062906e-05
2247,0.46227723360061646,0.4307529628276825,0.31524255871772766,3.3616701778407065e-05
2248,0.48528769612312317,0.4517435133457184,0.3354419469833374,3.353283154465746e-05
2249,0.45542049407958984,0.4244113266468048,0.31009161472320557,3.34490449849626e-05
2250,0.4336722791194916,0.4039650857448578,0.29707202315330505,3.336534220479961e-05
2251,0.44861936569213867,0.41801831126213074,0.30601048469543457,3.3281723309540025e-05
2252,0.4806469976902008,0.44762587547302246,0.3302112817764282,3.319818840444987e-05
2253,0.4779186546802521,0.44470399618148804,0.33214667439460754,3.311473759468938e-05
2254,0.49452364444732666,0.4600966274738312,0.3442700505256653,3.3031370985312934e-05
2255,0.4493078589439392,0.4177160859107971,0.31591758131980896,3.294808868126894e-05
2256,0.4800998866558075,0.4473188817501068,0.32781001925468445,3.28648907873996e-05
2257,0.48298171162605286,0.44985583424568176,0.3312586545944214,3.2781777408441e-05
2258,0.4594991207122803,0.42773863673210144,0.31760498881340027,3.269874864902269e-05
2259,0.44447076320648193,0.41390806436538696,0.30562710762023926,3.261580461366776e-05
2260,0.46044284105300903,0.4280608892440796,0.32381942868232727,3.253294540679257e-05
2261,0.4609157145023346,0.4293779134750366,0.3153781294822693,3.245017113270685e-05
2262,0.48612797260284424,0.452617883682251,0.335100919008255,3.236748189561324e-05
2263,0.4646719694137573,0.4327888786792755,0.3188309073448181,3.228487779960745e-05
2264,0.48464304208755493,0.4513276219367981,0.3331543505191803,3.220235894867794e-05
2265,0.43901705741882324,0.4086844325065613,0.30332624912261963,3.211992544670581e-05
2266,0.4880770742893219,0.45412689447402954,0.33950182795524597,3.203757739746489e-05
2267,0.45576444268226624,0.42386594414711,0.31898510456085205,3.195531490462128e-05
2268,0.44793182611465454,0.41721341013908386,0.30718401074409485,3.18731380717334e-05
2269,0.46457234025001526,0.4324854016304016,0.32086944580078125,3.1791047002251884e-05
2270,0.4685267508029938,0.4365398585796356,0.31986889243125916,3.1709041799519315e-05
2271,0.44023367762565613,0.40988025069236755,0.3035343885421753,3.162712256677032e-05
2272,0.4550477862358093,0.4241469204425812,0.30900874733924866,3.154528940713113e-05
2273,0.45130279660224915,0.4201242923736572,0.31178492307662964,3.1463542423619794e-05
2274,0.4426690936088562,0.4116944372653961,0.3097465932369232,3.1381881719145724e-05
2275,0.4619142413139343,0.43006643652915955,0.31847813725471497,3.130030739650983e-05
2276,0.4508787989616394,0.4192209243774414,0.31657886505126953,3.121881955840421e-05
2277,0.45175614953041077,0.4199385941028595,0.3181754946708679,3.1137418307412116e-05
2278,0.4674140214920044,0.4353983998298645,0.3201560974121094,3.105610374600778e-05
2279,0.460855633020401,0.4289903938770294,0.31865230202674866,3.0974875976556284e-05
2280,0.4579732418060303,0.42597681283950806,0.31996434926986694,3.089373510131355e-05
2281,0.4523026645183563,0.421072393655777,0.31230267882347107,3.081268122242598e-05
2282,0.46857428550720215,0.4363471269607544,0.3222716450691223,3.073171444193055e-05
2283,0.4548798203468323,0.4236292243003845,0.312505841255188,3.065083486175451e-05
2284,0.44492626190185547,0.41440942883491516,0.30516839027404785,3.057004258371541e-05
2285,0.44077637791633606,0.4103974401950836,0.3037893772125244,3.0489337709520917e-05
2286,0.4922237992286682,0.4576229453086853,0.3460084795951843,3.0408720340768572e-05
2287,0.4731823205947876,0.44036900997161865,0.3281330466270447,3.0328190578945815e-05
2288,0.45403987169265747,0.4230618476867676,0.309780091047287,3.0247748525429787e-05
2289,0.4803982079029083,0.4475906193256378,0.3280758261680603,3.0167394281487184e-05
2290,0.42481666803359985,0.39580845832824707,0.2900819480419159,3.008712794827426e-05
2291,0.45189952850341797,0.42122021317481995,0.3067930042743683,3.00069496268365e-05
2292,0.4374816119670868,0.4069819748401642,0.3049963712692261,2.9926859418108644e-05
2293,0.442643940448761,0.41216495633125305,0.3047899305820465,2.9846857422914433e-05
2294,0.43856191635131836,0.40818408131599426,0.30377835035324097,2.97669437419667e-05
2295,0.4527047276496887,0.4216344952583313,0.3107023537158966,2.9687118475866947e-05
2296,0.46780267357826233,0.43600958585739136,0.3179309666156769,2.960738172510551e-05
2297,0.437264084815979,0.4073135554790497,0.29950517416000366,2.952773359006119e-05
2298,0.4420469403266907,0.41118690371513367,0.30860036611557007,2.9448174171001254e-05
2299,0.45262742042541504,0.42152658104896545,0.3110083341598511,2.9368703568081356e-05
2300,0.45850715041160583,0.4266560673713684,0.3185107409954071,2.9289321881345254e-05
2301,0.4502863883972168,0.419584721326828,0.30701667070388794,2.921002921072481e-05
2302,0.45394307374954224,0.42280495166778564,0.31138110160827637,2.913082565603982e-05
2303,0.46817547082901,0.4364785850048065,0.31696876883506775,2.9051711316997864e-05
2304,0.46511316299438477,0.43307849764823914,0.3203466832637787,2.8972686293194308e-05
2305,0.4469897150993347,0.41606053709983826,0.3092917799949646,2.8893750684111975e-05
2306,0.5177661180496216,0.48196715116500854,0.35798943042755127,2.8814904589121137e-05
2307,0.46379798650741577,0.43143680691719055,0.32361194491386414,2.8736148107479478e-05
2308,0.4588274657726288,0.4276077449321747,0.31219708919525146,2.8657481338331715e-05
2309,0.4536260962486267,0.42245662212371826,0.3116946518421173,2.8578904380709793e-05
2310,0.4749912619590759,0.441967248916626,0.3302402198314667,2.850041733353247e-05
2311,0.46216440200805664,0.43017688393592834,0.31987515091896057,2.842202029560538e-05
2312,0.4760797917842865,0.44294098019599915,0.3313882052898407,2.8343713365620772e-05
2313,0.47159087657928467,0.43910372257232666,0.3248714208602905,2.8265496642157597e-05
2314,0.43919137120246887,0.4092012643814087,0.29990115761756897,2.8187370223681132e-05
2315,0.43084022402763367,0.4017598628997803,0.29080358147621155,2.8109334208542993e-05
2316,0.4506472945213318,0.41945353150367737,0.31193771958351135,2.803138869498102e-05
2317,0.47685936093330383,0.443780779838562,0.330785870552063,2.7953533781119055e-05
2318,0.45602676272392273,0.42479634284973145,0.31230428814888,2.7875769564966968e-05
2319,0.508758008480072,0.47379621863365173,0.3496178984642029,2.779809614442046e-05
2320,0.4866209328174591,0.45314180850982666,0.334791362285614,2.7720513617260856e-05
2321,0.49979716539382935,0.4652751684188843,0.3452198803424835,2.764302208115509e-05
2322,0.4836079776287079,0.4502386748790741,0.3336929380893707,2.7565621633655502e-05
2323,0.4683256149291992,0.4361620247364044,0.3216359317302704,2.74883123721999e-05
2324,0.47754788398742676,0.4445594251155853,0.32988470792770386,2.741109439411117e-05
2325,0.48332875967025757,0.45038291811943054,0.3294582962989807,2.7333967796597315e-05
2326,0.4691597521305084,0.43688634037971497,0.3227340281009674,2.7256932676751323e-05
2327,0.4841669797897339,0.4504398703575134,0.33727121353149414,2.7179989131550977e-05
2328,0.4432501494884491,0.4123668670654297,0.30883270502090454,2.7103137257858868e-05
2329,0.46619337797164917,0.4342637062072754,0.31929677724838257,2.7026377152422067e-05
2330,0.45585328340530396,0.4248211681842804,0.3103211224079132,2.694970891187224e-05
2331,0.4480084776878357,0.41740649938583374,0.3060199022293091,2.6873132632725297e-05
2332,0.41940873861312866,0.39011603593826294,0.2929271459579468,2.6796648411381485e-05
2333,0.49421724677085876,0.45969274640083313,0.34524503350257874,2.672025634412506e-05
2334,0.42947614192962646,0.4003361463546753,0.2913999855518341,2.6643956527124335e-05
2335,0.47281327843666077,0.4403054118156433,0.32507866621017456,2.6567749056431467e-05
2336,0.4738259017467499,0.44170528650283813,0.3212061822414398,2.6491634027982325e-05
2337,0.43655070662498474,0.4065624177455902,0.2998828887939453,2.6415611537596496e-05
2338,0.4332176148891449,0.402861624956131,0.3035598695278168,2.6339681680977013e-05
2339,0.4633462131023407,0.43108367919921875,0.3226253092288971,2.6263844553710236e-05
2340,0.4491543471813202,0.41781193017959595,0.3134242594242096,2.6188100251265945e-05
2341,0.46075624227523804,0.4291713535785675,0.31584879755973816,2.6112448868996897e-05
2342,0.47477686405181885,0.44231581687927246,0.32461032271385193,2.6036890502139035e-05
2343,0.4645437002182007,0.43203556537628174,0.325081467628479,2.5961425245811055e-05
2344,0.4648204743862152,0.43291088938713074,0.31909579038619995,2.5886053195014538e-05
2345,0.4657205045223236,0.4335744082927704,0.3214610815048218,2.5810774444633644e-05
2346,0.44967061281204224,0.41818147897720337,0.31489136815071106,2.573558908943523e-05
2347,0.4468654692173004,0.4166984260082245,0.30167055130004883,2.5660497224068415e-05
2348,0.44896069169044495,0.41841641068458557,0.3054429292678833,2.5585498943064724e-05
2349,0.4504763185977936,0.41930705308914185,0.31169262528419495,2.5510594340837824e-05
2350,0.4607052505016327,0.42942720651626587,0.312780499458313,2.5435783511683443e-05
2351,0.44140511751174927,0.41120514273643494,0.30199968814849854,2.5361066549779356e-05
2352,0.45159515738487244,0.4202534854412079,0.31341680884361267,2.5286443549185036e-05
2353,0.4690876603126526,0.4367086887359619,0.3237895667552948,2.521191460384178e-05
2354,0.47958457469940186,0.44674691557884216,0.328376442193985,2.5137479807572427e-05
2355,0.4150714874267578,0.3867127299308777,0.2835877239704132,2.506313925408127e-05
2356,0.450382798910141,0.4190322756767273,0.3135051727294922,2.4988893036954053e-05
2357,0.432416170835495,0.4025590419769287,0.2985713481903076,2.4914741249657658e-05
2358,0.46655985713005066,0.4343453049659729,0.32214564085006714,2.484068398554016e-05
2359,0.4444638192653656,0.41347676515579224,0.3098704218864441,2.47667213378306e-05
2360,0.4738091230392456,0.4409984052181244,0.32810723781585693,2.4692853399638917e-05
2361,0.45798298716545105,0.4266595244407654,0.31323450803756714,2.4619080263955875e-05
2362,0.4690364599227905,0.4363601803779602,0.3267627954483032,2.4545402023652784e-05
2363,0.4726279377937317,0.44027233123779297,0.3235560655593872,2.4471818771481648e-05
2364,0.46467524766921997,0.43283265829086304,0.3184258043766022,2.4398330600074713e-05
2365,0.45960119366645813,0.4281574785709381,0.31443706154823303,2.4324937601944685e-05
2366,0.5024144053459167,0.46762600541114807,0.3478842079639435,2.4251639869484375e-05
2367,0.45878922939300537,0.427240252494812,0.31548967957496643,2.4178437494966688e-05
2368,0.46066516637802124,0.4292033016681671,0.31461861729621887,2.410533057054446e-05
2369,0.4884631931781769,0.4551700949668884,0.3329310715198517,2.4032319188250374e-05
2370,0.45749035477638245,0.42583349347114563,0.31656867265701294,2.3959403439996907e-05
2371,0.4614940583705902,0.42931249737739563,0.3218156695365906,2.388658341757607e-05
2372,0.45107102394104004,0.42039069533348083,0.30680322647094727,2.381385921265936e-05
2373,0.47251036763191223,0.44045573472976685,0.32054635882377625,2.3741230916797675e-05
2374,0.48689621686935425,0.45314985513687134,0.3374636769294739,2.3668698621421216e-05
2375,0.5010135173797607,0.4659511148929596,0.35062408447265625,2.3596262417839255e-05
2376,0.469183087348938,0.4370787441730499,0.3210435211658478,2.352392239724016e-05
2377,0.4543009102344513,0.42296892404556274,0.3133198022842407,2.345167865069119e-05
2378,0.4490295648574829,0.41860315203666687,0.30426424741744995,2.33795312691384e-05
2379,0.4821137487888336,0.44914618134498596,0.3296757936477661,2.330748034340651e-05
2380,0.4741083085536957,0.44118502736091614,0.32923293113708496,2.323552596419889e-05
2381,0.46745818853378296,0.4349376857280731,0.3252050280570984,2.3163668222097313e-05
2382,0.4359779357910156,0.40580660104751587,0.30171340703964233,2.309190720756189e-05
2383,0.5094294548034668,0.47390177845954895,0.355276882648468,2.3020243010930975e-05
2384,0.4657937288284302,0.4338121712207794,0.31981566548347473,2.2948675722421086e-05
2385,0.4447668194770813,0.41402575373649597,0.30741071701049805,2.2877205432126657e-05
2386,0.45569318532943726,0.4245704710483551,0.31122705340385437,2.280583223002012e-05
2387,0.4488915801048279,0.41838303208351135,0.3050854206085205,2.2734556205951596e-05
2388,0.4353748559951782,0.4054967164993286,0.29878151416778564,2.266337744964888e-05
2389,0.45106738805770874,0.42016586661338806,0.3090152144432068,2.2592296050717388e-05
2390,0.467573881149292,0.4351026713848114,0.32471194863319397,2.25213120986399e-05
2391,0.4832763075828552,0.45011457800865173,0.33161744475364685,2.2450425682776565e-05
2392,0.4582785367965698,0.42638468742370605,0.31893864274024963,2.237963689236472e-05
2393,0.45442959666252136,0.4231552183628082,0.3127436637878418,2.230894581651879e-05
2394,0.4538131356239319,0.4227321445941925,0.3108099400997162,2.2238352544230255e-05
2395,0.4762797951698303,0.4437074065208435,0.32572388648986816,2.2167857164367422e-05
2396,0.4672490060329437,0.43539947271347046,0.3184954524040222,2.2097459765675342e-05
2397,0.4676018953323364,0.4350265562534332,0.3257533609867096,2.2027160436775794e-05
2398,0.44994133710861206,0.4184902012348175,0.3145112693309784,2.195695926616702e-05
2399,0.47987350821495056,0.4463229775428772,0.3355054259300232,2.188685634222376e-05
2400,0.47678619623184204,0.4441251754760742,0.32661011815071106,2.1816851753197032e-05
2401,0.47217413783073425,0.43944209814071655,0.327320396900177,2.174694558721405e-05
2402,0.4498385787010193,0.4186945855617523,0.31144002079963684,2.1677137932278147e-05
2403,0.46801355481147766,0.4355369210243225,0.32476627826690674,2.1607428876268675e-05
2404,0.45927202701568604,0.4278188943862915,0.3145313858985901,2.153781850694082e-05
2405,0.4574865400791168,0.4257482588291168,0.3173828721046448,2.146830691192553e-05
2406,0.46573716402053833,0.43351486325263977,0.32222285866737366,2.1398894178729423e-05
2407,0.44523462653160095,0.41426047682762146,0.3097415268421173,2.1329580394734638e-05
2408,0.4431287944316864,0.41305121779441833,0.30077576637268066,2.1260365647198798e-05
2409,0.4581791162490845,0.4264962077140808,0.31682920455932617,2.119125002325485e-05
2410,0.4498479962348938,0.4189379811286926,0.3091002106666565,2.11222336099109e-05
2411,0.4436693787574768,0.41350582242012024,0.30163562297821045,2.1053316494050202e-05
2412,0.45551598072052,0.42456814646720886,0.30947837233543396,2.098449876243096e-05
2413,0.45483890175819397,0.42372941970825195,0.3110947906970978,2.0915780501686355e-05
2414,0.4448886811733246,0.41437265276908875,0.3051602244377136,2.0847161798324266e-05
2415,0.4674946069717407,0.4349643886089325,0.32530221343040466,2.0778642738727272e-05
2416,0.4296935796737671,0.4003531336784363,0.29340460896492004,2.0710223409152475e-05
2417,0.4729563295841217,0.4405519962310791,0.32404324412345886,2.064190389573153e-05
2418,0.4776182472705841,0.4445493817329407,0.3306886553764343,2.057368428447032e-05
2419,0.47658681869506836,0.44357094168663025,0.33015865087509155,2.0505564661249e-05
2420,0.4557371437549591,0.42452093958854675,0.3121621012687683,2.043754511182191e-05
2421,0.45900970697402954,0.42748746275901794,0.31522250175476074,2.036962572181731e-05
2422,0.4600353538990021,0.42859894037246704,0.31436407566070557,2.0301806576737482e-05
2423,0.47102001309394836,0.4384844899177551,0.32535532116889954,2.023408776195842e-05
2424,0.46089115738868713,0.42920738458633423,0.3168378174304962,2.016646936272987e-05
2425,0.44304385781288147,0.4126211106777191,0.3042275011539459,2.009895146417512e-05
2426,0.4494331479072571,0.41857782006263733,0.3085532784461975,2.0031534151290953e-05
2427,0.451741099357605,0.42073825001716614,0.310028612613678,1.996421750894758e-05
2428,0.46240872144699097,0.4301552474498749,0.3225348889827728,1.9897001621888434e-05
2429,0.48106861114501953,0.4475613534450531,0.3350725471973419,1.9829886574730093e-05
2430,0.49293196201324463,0.4588140547275543,0.34117913246154785,1.9762872451962212e-05
2431,0.4798622727394104,0.44697731733322144,0.3288494646549225,1.969595933794739e-05
2432,0.47324883937835693,0.44079577922821045,0.32453057169914246,1.9629147316921125e-05
2433,0.4689093232154846,0.43708980083465576,0.31819507479667664,1.9562436472991552e-05
2434,0.4593202769756317,0.42732611298561096,0.3199417293071747,1.9495826890139503e-05
2435,0.46641799807548523,0.43406111001968384,0.3235688805580139,1.9429318652218276e-05
2436,0.4171474575996399,0.3886224627494812,0.28525006771087646,1.9362911842953678e-05
2437,0.48104745149612427,0.4480816423892975,0.32965800166130066,1.9296606545943774e-05
2438,0.4961501359939575,0.46177855134010315,0.3437159061431885,1.9230402844658812e-05
2439,0.46734824776649475,0.4356100857257843,0.31738170981407166,1.9164300822441194e-05
2440,0.46915507316589355,0.43671703338623047,0.3243803083896637,1.9098300562505266e-05
2441,0.4727388322353363,0.4403015375137329,0.32437291741371155,1.9032402147937357e-05
2442,0.46161335706710815,0.43011146783828735,0.31501874327659607,1.896660566169548e-05
2443,0.4274141788482666,0.3980412781238556,0.29372888803482056,1.8900911186609426e-05
2444,0.46037018299102783,0.4289270341396332,0.31443139910697937,1.8835318805380507e-05
2445,0.4269997775554657,0.397400438785553,0.29599329829216003,1.8769828600581496e-05
2446,0.46628645062446594,0.43412086367607117,0.32165586948394775,1.870444065465662e-05
2447,0.44871172308921814,0.41792356967926025,0.30788156390190125,1.863915504992131e-05
2448,0.506523847579956,0.4715162515640259,0.35007593035697937,1.8573971868562156e-05
2449,0.46436581015586853,0.43258655071258545,0.31779250502586365,1.8508891192636824e-05
2450,0.4632854163646698,0.43096259236335754,0.32322821021080017,1.8443913104073983e-05
2451,0.4318062365055084,0.401784211397171,0.3002203702926636,1.8379037684673105e-05
2452,0.4447581470012665,0.41444286704063416,0.3031528890132904,1.8314265016104417e-05
2453,0.46753236651420593,0.4354342818260193,0.3209807872772217,1.8249595179908773e-05
2454,0.43015390634536743,0.4008716940879822,0.292822003364563,1.818502825749764e-05
2455,0.46456584334373474,0.4326627552509308,0.3190309405326843,1.8120564330152923e-05
2456,0.43820446729660034,0.4078628122806549,0.30341657996177673,1.805620347902681e-05
2457,0.4789023697376251,0.4453336000442505,0.33568769693374634,1.799194578514176e-05
2458,0.46175047755241394,0.4302889108657837,0.3146156966686249,1.7927791329390375e-05
2459,0.4791822135448456,0.4461597204208374,0.33022505044937134,1.786374019253526e-05
2460,0.46278518438339233,0.43078577518463135,0.3199939727783203,1.7799792455209018e-05
2461,0.47055667638778687,0.4378139078617096,0.32742777466773987,1.773594819791403e-05
2462,0.44007226824760437,0.4094327390193939,0.30639520287513733,1.767220750102243e-05
2463,0.4458802044391632,0.41555920243263245,0.30320993065834045,1.760857044477596e-05
2464,0.46760937571525574,0.4354616701602936,0.3214769661426544,1.7545037109285946e-05
2465,0.462387353181839,0.43035998940467834,0.32027366757392883,1.7481607574533044e-05
2466,0.43910330533981323,0.4080694019794464,0.31033891439437866,1.7418281920367373e-05
2467,0.4337344765663147,0.40364396572113037,0.3009050488471985,1.735506022650817e-05
2468,0.457090824842453,0.42569783329963684,0.31392988562583923,1.7291942572543807e-05
2469,0.45891812443733215,0.42766693234443665,0.31251198053359985,1.722892903793176e-05
2470,0.47729501128196716,0.4445212781429291,0.32773736119270325,1.716601970199836e-05
2471,0.4558085799217224,0.4244949221611023,0.3131365180015564,1.710321464393877e-05
2472,0.4378699064254761,0.40771839022636414,0.30151525139808655,1.7040513942816906e-05
2473,0.46440187096595764,0.4327620267868042,0.3163983225822449,1.697791767756527e-05
2474,0.44310036301612854,0.4130316972732544,0.3006867468357086,1.6915425926984986e-05
2475,0.4498641788959503,0.4192773699760437,0.3058682084083557,1.6853038769745467e-05
2476,0.4679049551486969,0.43603646755218506,0.31868478655815125,1.6790756284384612e-05
2477,0.4509873390197754,0.41965892910957336,0.3132841885089874,1.6728578549308416e-05
2478,0.42713138461112976,0.3978581130504608,0.29273277521133423,1.666650564279105e-05
2479,0.44578421115875244,0.4153592884540558,0.3042491674423218,1.6604537642974793e-05
2480,0.4672822654247284,0.43521353602409363,0.3206872045993805,1.6542674627869747e-05
2481,0.480952650308609,0.44751405715942383,0.3343859016895294,1.6480916675353898e-05
2482,0.4508645236492157,0.4199376106262207,0.3092690706253052,1.6419263863172997e-05
2483,0.4512185752391815,0.4199821949005127,0.3123638331890106,1.6357716268940372e-05
2484,0.45732998847961426,0.42532503604888916,0.3200496435165405,1.6296273970136977e-05
2485,0.4295397400856018,0.3998340964317322,0.29705631732940674,1.6234937044111152e-05
2486,0.46010622382164,0.4285648465156555,0.3154136836528778,1.6173705568078578e-05
2487,0.43933290243148804,0.40942782163619995,0.29905083775520325,1.611257961912227e-05
2488,0.4616827070713043,0.42966216802597046,0.32020530104637146,1.6051559274192275e-05
2489,0.44692176580429077,0.41579917073249817,0.3112259805202484,1.599064461010581e-05
2490,0.4508620798587799,0.4197171628475189,0.3114491105079651,1.5929835703546993e-05
2491,0.4729405641555786,0.4404623508453369,0.3247821629047394,1.5869132631066808e-05
2492,0.42663028836250305,0.39742201566696167,0.292082816362381,1.5808535469082996e-05
2493,0.46879759430885315,0.43627023696899414,0.32527369260787964,1.574804429388004e-05
2494,0.45415255427360535,0.42298799753189087,0.3116455078125,1.5687659181608916e-05
2495,0.4793431758880615,0.4467315077781677,0.32611677050590515,1.5627380208287114e-05
2496,0.44347211718559265,0.4131114184856415,0.3036070168018341,1.5567207449798515e-05
2497,0.4433663785457611,0.4128214418888092,0.30544939637184143,1.5507140981893253e-05
2498,0.43907812237739563,0.40844598412513733,0.3063213527202606,1.5447180880187706e-05
2499,0.4827158749103546,0.44951990246772766,0.3319598138332367,1.538732722016434e-05
2500,0.4434807002544403,0.4133971631526947,0.30083537101745605,1.5327580077171587e-05
2501,0.4447694718837738,0.41388261318206787,0.30886852741241455,1.5267939526423824e-05
2502,0.46781617403030396,0.43507716059684753,0.3273901343345642,1.520840564300119e-05
2503,0.45403391122817993,0.42311346530914307,0.3092043697834015,1.5148978501849642e-05
2504,0.4511505365371704,0.4199784994125366,0.31172025203704834,1.5089658177780653e-05
2505,0.4606478214263916,0.42932626605033875,0.3132154643535614,1.5030444745471294e-05
2506,0.47866612672805786,0.44533318281173706,0.33332952857017517,1.4971338279464009e-05
2507,0.4405324459075928,0.4102780818939209,0.30254361033439636,1.4912338854166696e-05
2508,0.4559190571308136,0.4241993725299835,0.31719687581062317,1.485344654385239e-05
2509,0.44284725189208984,0.4122999906539917,0.30547264218330383,1.4794661422659306e-05
2510,0.45788294076919556,0.4260563254356384,0.3182661533355713,1.4735983564590783e-05
2511,0.44918447732925415,0.4179450571537018,0.3123941421508789,1.4677413043515042e-05
2512,0.43860942125320435,0.4081679582595825,0.3044145703315735,1.4618949933165272e-05
2513,0.4634924530982971,0.43133804202079773,0.32154420018196106,1.4560594307139364e-05
2514,0.4565074145793915,0.4247947931289673,0.31712618470191956,1.4502346238899945e-05
2515,0.4171006679534912,0.388378381729126,0.28722289204597473,1.4444205801774202e-05
2516,0.4682062864303589,0.43576478958129883,0.324414998292923,1.4386173068953846e-05
2517,0.4357318878173828,0.4058191776275635,0.2991269826889038,1.4328248113495047e-05
2518,0.4379095733165741,0.40795210003852844,0.29957476258277893,1.427043100831823e-05
2519,0.4797074496746063,0.4465988278388977,0.33108630776405334,1.4212721826208086e-05
2520,0.4716109335422516,0.4390527009963989,0.3255823850631714,1.415512063981339e-05
2521,0.44213807582855225,0.4120873510837555,0.30050721764564514,1.4097627521647061e-05
2522,0.4677167236804962,0.4347672462463379,0.32949477434158325,1.4040242544085913e-05
2523,0.4227694869041443,0.393636554479599,0.2913292348384857,1.3982965779370626e-05
2524,0.45579925179481506,0.42451125383377075,0.31288009881973267,1.3925797299605647e-05
2525,0.47202643752098083,0.4396882653236389,0.3233817219734192,1.3868737176759094e-05
2526,0.4641449451446533,0.43213075399398804,0.3201417922973633,1.3811785482662764e-05
2527,0.47171539068222046,0.4390571117401123,0.3265826404094696,1.375494228901184e-05
2528,0.4897345006465912,0.4555289149284363,0.3420558273792267,1.3698207667364982e-05
2529,0.48004916310310364,0.44672805070877075,0.3332110643386841,1.3641581689144156e-05
2530,0.45314979553222656,0.42198848724365234,0.31161296367645264,1.3585064425634542e-05
2531,0.47196730971336365,0.43942317366600037,0.32544147968292236,1.3528655947984504e-05
2532,0.4868271052837372,0.45300740003585815,0.33819708228111267,1.3472356327205405e-05
2533,0.4605972170829773,0.4288524389266968,0.3174476623535156,1.341616563417163e-05
2534,0.4356321096420288,0.4059464633464813,0.29685652256011963,1.3360083939620394e-05
2535,0.4802935719490051,0.44752731919288635,0.32766252756118774,1.330411131415169e-05
2536,0.43310466408729553,0.4029977321624756,0.301069438457489,1.3248247828228245e-05
2537,0.47121310234069824,0.43887200951576233,0.32341107726097107,1.3192493552175366e-05
2538,0.45886847376823425,0.4271932542324066,0.31675219535827637,1.3136848556180892e-05
2539,0.4460441470146179,0.415027916431427,0.3101623058319092,1.308131291029504e-05
2540,0.4811815917491913,0.44788020849227905,0.3330138623714447,1.3025886684430467e-05
2541,0.43474653363227844,0.4046660363674164,0.300805002450943,1.2970569948361999e-05
2542,0.45473095774650574,0.42303982377052307,0.3169113099575043,1.291536277172667e-05
2543,0.44692063331604004,0.41597887873649597,0.30941739678382874,1.2860265224023549e-05
2544,0.45599231123924255,0.42482221126556396,0.31170111894607544,1.2805277374613744e-05
2545,0.45495492219924927,0.42335405945777893,0.31600868701934814,1.2750399292720283e-05
2546,0.44234633445739746,0.4120536148548126,0.3029271364212036,1.2695631047427937e-05
2547,0.4825163781642914,0.4496164619922638,0.32899904251098633,1.2640972707683252e-05
2548,0.4891134202480316,0.45566755533218384,0.33445873856544495,1.2586424342294412e-05
2549,0.45114684104919434,0.42009374499320984,0.31053102016448975,1.2531986019931119e-05
2550,0.4582381844520569,0.42703351378440857,0.31204676628112793,1.2477657809124631e-05
2551,0.4383305013179779,0.40797558426856995,0.30354928970336914,1.242343977826752e-05
2552,0.44130849838256836,0.41114044189453125,0.30168041586875916,1.2369331995613653e-05
2553,0.46244174242019653,0.43026411533355713,0.32177624106407166,1.2315334529278132e-05
2554,0.44254785776138306,0.4121955633163452,0.30352288484573364,1.2261447447237195e-05
2555,0.45151206851005554,0.4202346205711365,0.31277453899383545,1.2207670817328066e-05
2556,0.43613216280937195,0.4060532748699188,0.3007889986038208,1.2154004707249011e-05
2557,0.4433465003967285,0.4130370318889618,0.3030945360660553,1.2100449184559093e-05
2558,0.45072564482688904,0.41905730962753296,0.3166833519935608,1.2047004316678156e-05
2559,0.47296562790870667,0.4406105577945709,0.3235507309436798,1.1993670170886806e-05
2560,0.43126872181892395,0.40216875076293945,0.2909996807575226,1.19404468143262e-05
2561,0.4610278606414795,0.4294872283935547,0.3154061734676361,1.1887334313998066e-05
2562,0.4499334990978241,0.419209748506546,0.30723750591278076,1.1834332736764554e-05
2563,0.482770174741745,0.44982799887657166,0.3294217884540558,1.1781442149348155e-05
2564,0.4474084973335266,0.4166668653488159,0.30741646885871887,1.1728662618331698e-05
2565,0.45274192094802856,0.42176440358161926,0.30977511405944824,1.1675994210158181e-05
2566,0.47473686933517456,0.4418477416038513,0.3288913369178772,1.1623436991130654e-05
2567,0.4476432502269745,0.4168373942375183,0.308058500289917,1.1570991027412304e-05
2568,0.43020758032798767,0.40036869049072266,0.2983889579772949,1.151865638502615e-05
2569,0.4659462571144104,0.43401750922203064,0.31928750872612,1.1466433129855158e-05
2570,0.47356969118118286,0.44042909145355225,0.3314061164855957,1.141432132764202e-05
2571,0.46619611978530884,0.4342115819454193,0.3198454976081848,1.1362321043989132e-05
2572,0.4833209216594696,0.450321227312088,0.3299970030784607,1.1310432344358502e-05
2573,0.42911431193351746,0.39997848868370056,0.2913583517074585,1.1258655294071685e-05
2574,0.4604837894439697,0.4284905791282654,0.3199322521686554,1.1206989958309656e-05
2575,0.44182413816452026,0.4117354154586792,0.30088719725608826,1.1155436402112785e-05
2576,0.4631302058696747,0.4306245744228363,0.3250563144683838,1.1103994690380681e-05
2577,0.48376208543777466,0.4502958357334137,0.3346623480319977,1.105266488787221e-05
2578,0.48369941115379333,0.4504677951335907,0.3323161005973816,1.1001447059205305e-05
2579,0.45172542333602905,0.4207557141780853,0.3096972107887268,1.0950341268857e-05
2580,0.4534375071525574,0.42185646295547485,0.3158104121685028,1.0899347581163221e-05
2581,0.42915287613868713,0.40005072951316833,0.2910213768482208,1.0848466060318807e-05
2582,0.43817517161369324,0.40831485390663147,0.2986032962799072,1.0797696770377352e-05
2583,0.4409196078777313,0.41055431962013245,0.3036527931690216,1.0747039775251266e-05
2584,0.4331146478652954,0.4037029445171356,0.2941170334815979,1.069649513871147e-05
2585,0.4720911681652069,0.4390924870967865,0.3299867808818817,1.0646062924387512e-05
2586,0.48288509249687195,0.449546754360199,0.3333835005760193,1.0595743195767393e-05
2587,0.46228867769241333,0.43063411116600037,0.3165457248687744,1.0545536016197499e-05
2588,0.4561157524585724,0.42508238554000854,0.3103335499763489,1.0495441448882571e-05
2589,0.4567737877368927,0.42537447810173035,0.31399300694465637,1.0445459556885517e-05
2590,0.4725039005279541,0.4396706819534302,0.32833221554756165,1.0395590403127486e-05
2591,0.45852306485176086,0.42722582817077637,0.31297245621681213,1.0345834050387627e-05
2592,0.4715644121170044,0.43945419788360596,0.3211021423339844,1.0296190561303132e-05
2593,0.4241187572479248,0.3950091600418091,0.29109594225883484,1.024665999836909e-05
2594,0.4749857783317566,0.4418075978755951,0.33178168535232544,1.0197242423938446e-05
2595,0.46491268277168274,0.4332529604434967,0.31659722328186035,1.0147937900221883e-05
2596,0.4793296754360199,0.445950448513031,0.33379215002059937,1.0098746489287758e-05
2597,0.470999538898468,0.43762463331222534,0.3337491750717163,1.0049668253062105e-05
2598,0.44861358404159546,0.41775572299957275,0.3085784912109375,1.0000703253328414e-05
2599,0.45046478509902954,0.4189221262931824,0.3154265880584717,9.95185155172762e-06
2600,0.4900059401988983,0.4561275243759155,0.33878418803215027,9.903113209758096e-06
2601,0.4584367275238037,0.42634454369544983,0.32092180848121643,9.854488288775422e-06
2602,0.4647591710090637,0.4332837462425232,0.3147541582584381,9.805976849992494e-06
2603,0.4811803698539734,0.4479687213897705,0.33211663365364075,9.757578954479262e-06
2604,0.4327440559864044,0.4029144048690796,0.29829642176628113,9.709294663162771e-06
2605,0.45801791548728943,0.42663902044296265,0.313789039850235,9.661124036827063e-06
2606,0.46304550766944885,0.4308614134788513,0.3218410015106201,9.61306713611304e-06
2607,0.44803541898727417,0.41717514395713806,0.30860260128974915,9.565124021518545e-06
2608,0.45578691363334656,0.42475026845932007,0.3103664815425873,9.517294753398064e-06
2609,0.49159541726112366,0.4583419859409332,0.33253443241119385,9.469579391962813e-06
2610,0.4582841396331787,0.42671483755111694,0.3156929612159729,9.421977997280596e-06
2611,0.4644826054573059,0.4324883222579956,0.31994274258613586,9.3744906292758e-06
2612,0.45424601435661316,0.4235294461250305,0.30716562271118164,9.327117347729197e-06
2613,0.4505154490470886,0.41990748047828674,0.30607959628105164,9.27985821227798e-06
2614,0.4389217793941498,0.40856844186782837,0.3035334348678589,9.23271328241564e-06
2615,0.46844983100891113,0.4363878667354584,0.32061976194381714,9.185682617491863e-06
2616,0.484341561794281,0.4506077170372009,0.3373384475708008,9.138766276712552e-06
2617,0.43470698595046997,0.4049589931964874,0.297480046749115,9.091964319139645e-06
2618,0.4764679968357086,0.44359466433525085,0.32873329520225525,9.045276803691094e-06
2619,0.46125733852386475,0.42936480045318604,0.31892532110214233,8.998703789140772e-06
2620,0.46902379393577576,0.4367649257183075,0.3225887715816498,8.952245334118414e-06
2621,0.47778645157814026,0.44518551230430603,0.32600948214530945,8.905901497109581e-06
2622,0.46433910727500916,0.4322018027305603,0.32137298583984375,8.85967233645547e-06
2623,0.4698585867881775,0.43771904706954956,0.32139530777931213,8.813557910352999e-06
2624,0.4691058397293091,0.4371590316295624,0.31946808099746704,8.76755827685456e-06
2625,0.4476214349269867,0.417239248752594,0.30382177233695984,8.72167349386811e-06
2626,0.46096324920654297,0.4292585551738739,0.3170470595359802,8.675903619156977e-06
2627,0.45692482590675354,0.42589178681373596,0.31033048033714294,8.63024871033985e-06
2628,0.4579237103462219,0.4265395998954773,0.3138410747051239,8.584708824890697e-06
2629,0.47712603211402893,0.4436805844306946,0.3344545066356659,8.539284020138638e-06
2630,0.46683621406555176,0.43501022458076477,0.3182598054409027,8.493974353268019e-06
2631,0.45351293683052063,0.4225386679172516,0.30974262952804565,8.448779881318148e-06
2632,0.43764156103134155,0.40757668018341064,0.30064889788627625,8.403700661183355e-06
2633,0.4672616124153137,0.4349195063114166,0.323420912027359,8.358736749612873e-06
2634,0.4530937671661377,0.42113393545150757,0.3195982873439789,8.313888203210774e-06
2635,0.4471389949321747,0.4164617359638214,0.30677270889282227,8.269155078435931e-06
2636,0.4828999936580658,0.4494357705116272,0.3346421718597412,8.224537431601886e-06
2637,0.44392603635787964,0.413141131401062,0.30784913897514343,8.1800353188768e-06
2638,0.44315305352211,0.41256675124168396,0.30586302280426025,8.135648796283402e-06
2639,0.46806812286376953,0.43584486842155457,0.32223251461982727,8.091377919698895e-06
2640,0.4595595598220825,0.4279906153678894,0.3156893253326416,8.047222744854943e-06
2641,0.4734247624874115,0.4408067464828491,0.3261800706386566,8.003183327337504e-06
2642,0.4596734941005707,0.42799288034439087,0.31680604815483093,7.95925972258683e-06
2643,0.465034157037735,0.4331129789352417,0.31921181082725525,7.915451985897382e-06
2644,0.46003854274749756,0.42829790711402893,0.3174065053462982,7.871760172417763e-06
2645,0.482342928647995,0.4489363133907318,0.3340660333633423,7.828184337150613e-06
2646,0.4698261022567749,0.4373864233493805,0.32439693808555603,7.784724534952625e-06
2647,0.47783342003822327,0.4452061057090759,0.3262730538845062,7.74138082053436e-06
2648,0.4574055075645447,0.42614081501960754,0.31264692544937134,7.698153248460271e-06
2649,0.4792802929878235,0.4466177821159363,0.32662513852119446,7.655041873148605e-06
2650,0.4711766242980957,0.4386972188949585,0.3247940242290497,7.612046748871327e-06
2651,0.4557056725025177,0.4245641529560089,0.3114152252674103,7.56916792975404e-06
2652,0.48926958441734314,0.45505645871162415,0.3421313762664795,7.526405469775955e-06
2653,0.5087270736694336,0.4738641381263733,0.34862953424453735,7.483759422769765e-06
2654,0.44553905725479126,0.4148827791213989,0.3065626323223114,7.441229842421671e-06
2655,0.4513009190559387,0.4198077917098999,0.31493136286735535,7.398816782271223e-06
2656,0.4474303126335144,0.41662561893463135,0.308046817779541,7.3565202957112555e-06
2657,0.43101730942726135,0.40129899978637695,0.29718300700187683,7.314340435987921e-06
2658,0.47330793738365173,0.4407392740249634,0.32568666338920593,7.272277256200499e-06
2659,0.46184179186820984,0.4302998185157776,0.31541964411735535,7.230330809301411e-06
2660,0.42798465490341187,0.3983118534088135,0.2967279851436615,7.1885011480961164e-06
2661,0.43281278014183044,0.40332573652267456,0.29487037658691406,7.1467883252430364e-06
2662,0.46486690640449524,0.4328215718269348,0.32045337557792664,7.105192393253524e-06
2663,0.4942534267902374,0.4596787095069885,0.34574705362319946,7.063713404491812e-06
2664,0.45183855295181274,0.4207826852798462,0.310558557510376,7.022351411174866e-06
2665,0.4585600197315216,0.4271601438522339,0.31399866938591003,6.981106465372389e-06
2666,0.45317548513412476,0.42219802737236023,0.3097747266292572,6.939978619006737e-06
2667,0.461772620677948,0.4300127327442169,0.31759899854660034,6.8989679238528395e-06
2668,0.4707586467266083,0.4389263093471527,0.3183234632015228,6.858074431538164e-06
2669,0.4613395929336548,0.4291827082633972,0.32156890630722046,6.817298193542643e-06
2670,0.4617249369621277,0.4296983480453491,0.3202657997608185,6.776639261198581e-06
2671,0.47635284066200256,0.4438054859638214,0.3254736661911011,6.736097685690601e-06
2672,0.43824514746665955,0.4078461527824402,0.30398982763290405,6.695673518055579e-06
2673,0.45081615447998047,0.4196832478046417,0.3113289177417755,6.655366809182662e-06
2674,0.4588601589202881,0.4274981915950775,0.3136195242404938,6.615177609813039e-06
2675,0.470842570066452,0.4386925995349884,0.32149967551231384,6.5751059705400295e-06
2676,0.4418456256389618,0.4109354317188263,0.30910202860832214,6.5351519418089145e-06
2677,0.4641196131706238,0.43052512407302856,0.33594492077827454,6.4953155739169495e-06
2678,0.4535801112651825,0.42271241545677185,0.30867692828178406,6.455596917013273e-06
2679,0.494406521320343,0.46029460430145264,0.3411191403865814,6.415996021098813e-06
2680,0.4647630751132965,0.43295949697494507,0.3180358409881592,6.37651293602628e-06
2681,0.4545173943042755,0.42295196652412415,0.3156541585922241,6.3371477115000466e-06
2682,0.48825618624687195,0.4544554054737091,0.33800771832466125,6.29790039707614e-06
2683,0.45467886328697205,0.4238697588443756,0.30809107422828674,6.258771042162137e-06
2684,0.43426620960235596,0.404346764087677,0.2991946041584015,6.219759696017113e-06
2685,0.45390036702156067,0.4226805567741394,0.31219804286956787,6.180866407751595e-06
2686,0.48772868514060974,0.45391106605529785,0.33817628026008606,6.142091226327484e-06
2687,0.45988184213638306,0.42820367217063904,0.3167816698551178,6.103434200558011e-06
2688,0.4498912990093231,0.41903045773506165,0.30860838294029236,6.06489537910766e-06
2689,0.4575030207633972,0.4258335828781128,0.3166942596435547,6.0264748104920776e-06
2690,0.4373933970928192,0.4072391390800476,0.30154258012771606,5.988172543078097e-06
2691,0.4563562273979187,0.4251658618450165,0.31190356612205505,5.9499886250835805e-06
2692,0.434971421957016,0.40536579489707947,0.2960563004016876,5.911923104577455e-06
2693,0.4495756924152374,0.4187658727169037,0.3080982565879822,5.8739760294795335e-06
2694,0.4846852719783783,0.45135146379470825,0.33333802223205566,5.8361474475605695e-06
2695,0.4677906632423401,0.43596982955932617,0.3182083070278168,5.7984374064421035e-06
2696,0.472466379404068,0.4400692880153656,0.32397082448005676,5.760845953596527e-06
2697,0.43480533361434937,0.4047527015209198,0.30052629113197327,5.723373136346854e-06
2698,0.43383240699768066,0.40391552448272705,0.29916879534721375,5.6860190018667934e-06
2699,0.4536174535751343,0.42234036326408386,0.31277093291282654,5.6487835971806515e-06
2700,0.4287349581718445,0.39909008145332336,0.29644885659217834,5.611666969163243e-06
2701,0.46053531765937805,0.4288778305053711,0.31657496094703674,5.574669164539903e-06
2702,0.45302942395210266,0.4217427670955658,0.3128666877746582,5.537790229886319e-06
2703,0.48529163002967834,0.4519858956336975,0.3330574035644531,5.501030211628599e-06
2704,0.44638746976852417,0.41586506366729736,0.30522415041923523,5.464389156043115e-06
2705,0.4731002748012543,0.4399304687976837,0.3316980302333832,5.427867109256457e-06
2706,0.4758308529853821,0.44289326667785645,0.3293760120868683,5.39146411724547e-06
2707,0.44921931624412537,0.4182087481021881,0.3101055920124054,5.355180225837053e-06
2708,0.444618821144104,0.41418397426605225,0.304348349571228,5.3190154807082005e-06
2709,0.441585898399353,0.41110852360725403,0.3047736585140228,5.282969927385906e-06
2710,0.46314242482185364,0.4311235547065735,0.3201887607574463,5.247043611247127e-06
2711,0.4535382091999054,0.42213115096092224,0.3140706717967987,5.211236577518719e-06
2712,0.5021626949310303,0.46696725487709045,0.35195422172546387,5.175548871277358e-06
2713,0.4876139163970947,0.4541010856628418,0.33512818813323975,5.13998053744954e-06
2714,0.4527513384819031,0.42124733328819275,0.3150399625301361,5.104531620811414e-06
2715,0.46341297030448914,0.4315798878669739,0.31833094358444214,5.0692021659888735e-06
2716,0.4648638367652893,0.43320223689079285,0.31661611795425415,5.033992217457395e-06
2717,0.4493386149406433,0.4186728894710541,0.30665719509124756,4.998901819541979e-06
2718,0.4775666296482086,0.4449845254421234,0.3258209824562073,4.963931016417167e-06
2719,0.4843943119049072,0.45115238428115845,0.33241942524909973,4.929079852106933e-06
2720,0.4712861478328705,0.43881461024284363,0.3247153162956238,4.8943483704846475e-06
2721,0.4646705687046051,0.4330552816390991,0.3161529302597046,4.859736615273003e-06
2722,0.4650709629058838,0.43298035860061646,0.32090604305267334,4.825244630043979e-06
2723,0.46159330010414124,0.4297609329223633,0.31832367181777954,4.790872458218754e-06
2724,0.48888319730758667,0.45524513721466064,0.3363804817199707,4.756620143067725e-06
2725,0.45806846022605896,0.42659682035446167,0.3147164285182953,4.722487727710368e-06
2726,0.4469621181488037,0.41588470339775085,0.31077414751052856,4.688475255115244e-06
2727,0.43935686349868774,0.408993124961853,0.30363738536834717,4.65458276809988e-06
2728,0.4596567749977112,0.42850756645202637,0.3114921748638153,4.620810309330803e-06
2729,0.4419451653957367,0.4114384055137634,0.30506768822669983,4.587157921323393e-06
2730,0.44236621260643005,0.41224005818367004,0.30126166343688965,4.553625646441928e-06
2731,0.47991037368774414,0.44666218757629395,0.3324817717075348,4.520213526899431e-06
2732,0.46130645275115967,0.4291674792766571,0.3213898837566376,4.486921604757699e-06
2733,0.48483455181121826,0.45162662863731384,0.33207908272743225,4.453749921927175e-06
2734,0.45894482731819153,0.4273870587348938,0.3155776560306549,4.420698520166988e-06
2735,0.4467166066169739,0.41591644287109375,0.30800148844718933,4.3877674410848e-06
2736,0.4666202664375305,0.4347224235534668,0.3189783990383148,4.35495672613685e-06
2737,0.4826638400554657,0.4494830369949341,0.3318081498146057,4.322266416627785e-06
2738,0.4295756220817566,0.40028685331344604,0.29288777709007263,4.289696553710731e-06
2739,0.4665547311306,0.4339592456817627,0.32595497369766235,4.257247178387192e-06
2740,0.47093111276626587,0.4384826719760895,0.3244844675064087,4.224918331506955e-06
2741,0.45085039734840393,0.41981041431427,0.3103998005390167,4.19271005376809e-06
2742,0.43437841534614563,0.40459752082824707,0.2978088855743408,4.160622385716895e-06
2743,0.4555530846118927,0.42375919222831726,0.31793901324272156,4.1286553677478136e-06
2744,0.46132877469062805,0.42989328503608704,0.3143548369407654,4.096809040103444e-06
2745,0.4963042438030243,0.46152544021606445,0.3477879464626312,4.065083442874418e-06
2746,0.4453011155128479,0.414360910654068,0.30940207839012146,4.033478615999376e-06
2747,0.48705780506134033,0.4531570374965668,0.3390076756477356,4.001994599264957e-06
2748,0.44794249534606934,0.4174441695213318,0.3049832284450531,3.970631432305694e-06
2749,0.4609183073043823,0.4292106032371521,0.3170771300792694,3.93938915460399e-06
2750,0.46075135469436646,0.4288645386695862,0.3188683092594147,3.908267805490051e-06
2751,0.4751356244087219,0.4422435760498047,0.3289206326007843,3.877267424141862e-06
2752,0.4607788026332855,0.42899519205093384,0.317836195230484,3.8463880495851146e-06
2753,0.4631507396697998,0.43105047941207886,0.3210025131702423,3.815629720693192e-06
2754,0.45500898361206055,0.4238080382347107,0.3120095133781433,3.784992476187066e-06
2755,0.47768574953079224,0.4442633092403412,0.3342243731021881,3.7544763546352834e-06
2756,0.4622850716114044,0.4301225244998932,0.32162559032440186,3.7240813944539153e-06
2757,0.4322332739830017,0.4024064242839813,0.2982684373855591,3.6938076339065207e-06
2758,0.475187748670578,0.4424762725830078,0.3271147906780243,3.6636551111040475e-06
2759,0.4843481183052063,0.4508008360862732,0.33547282218933105,3.633623864004887e-06
2760,0.4724256694316864,0.4394574761390686,0.32968199253082275,3.6037139304146762e-06
2761,0.4905972480773926,0.456329882144928,0.34267380833625793,3.573925347986384e-06
2762,0.45210886001586914,0.42046016454696655,0.31648683547973633,3.5442581542201923e-06
2763,0.4817982316017151,0.44894030690193176,0.328579306602478,3.5147123864634924e-06
2764,0.4840618669986725,0.4499482214450836,0.34113654494285583,3.485288081910798e-06
2765,0.47489914298057556,0.44210776686668396,0.327913761138916,3.455985277603713e-06
2766,0.4203600585460663,0.39118948578834534,0.29170575737953186,3.426804010430884e-06
2767,0.4718264043331146,0.43887826800346375,0.32948145270347595,3.3977443171279823e-06
2768,0.44470521807670593,0.41383591294288635,0.308692991733551,3.3688062342776106e-06
2769,0.4342658221721649,0.40390530228614807,0.3036051094532013,3.339989798309273e-06
2770,0.45870962738990784,0.42704349756240845,0.3166612684726715,3.311295045499363e-06
2771,0.45431748032569885,0.4227794408798218,0.31538039445877075,3.282722011971051e-06
2772,0.4577716588973999,0.42573127150535583,0.32040372490882874,3.254270733694331e-06
2773,0.4292604625225067,0.3996204137802124,0.2964004576206207,3.2259412464858753e-06
2774,0.4475049376487732,0.4167677164077759,0.30737224221229553,3.197733586009055e-06
2775,0.42571115493774414,0.396727055311203,0.2898411154747009,3.169647787773866e-06
2776,0.4625959098339081,0.43096503615379333,0.31630876660346985,3.1416838871368924e-06
2777,0.45664843916893005,0.42568090558052063,0.30967527627944946,3.1138419193012857e-06
2778,0.47033682465553284,0.4378569424152374,0.32479891180992126,3.086121919316698e-06
2779,0.43663880228996277,0.40641680359840393,0.30221986770629883,3.0585239220792037e-06
2780,0.4501514732837677,0.41913676261901855,0.31014713644981384,3.0310479623313127e-06
2781,0.48755308985710144,0.45342540740966797,0.3412768542766571,3.0036940746619224e-06
2782,0.44536253809928894,0.41486799716949463,0.3049454092979431,2.9764622935062438e-06
2783,0.4699397087097168,0.4375687539577484,0.3237096071243286,2.949352653145754e-06
2784,0.45957159996032715,0.42725294828414917,0.3231864273548126,2.922365187708187e-06
2785,0.4797036051750183,0.44634997844696045,0.33353638648986816,2.8954999311674558e-06
2786,0.48634469509124756,0.45218268036842346,0.3416200280189514,2.8687569173436623e-06
2787,0.44791916012763977,0.41704216599464417,0.3087700307369232,2.842136179902988e-06
2788,0.46204692125320435,0.4307709336280823,0.3127598166465759,2.8156377523576803e-06
2789,0.47682902216911316,0.4435299336910248,0.33299094438552856,2.7892616680660457e-06
2790,0.4746120274066925,0.44238102436065674,0.32231003046035767,2.7630079602323442e-06
2791,0.42402908205986023,0.394497275352478,0.2953181266784668,2.7368766619067953e-06
2792,0.4485727846622467,0.4179895520210266,0.3058324456214905,2.7108678059855065e-06
2793,0.4422275125980377,0.41170036792755127,0.30527132749557495,2.6849814252104754e-06
2794,0.44671630859375,0.41613566875457764,0.30580633878707886,2.6592175521694795e-06
2795,0.4507829248905182,0.4202617406845093,0.30521178245544434,2.6335762192960743e-06
2796,0.4572739601135254,0.42555302381515503,0.3172093629837036,2.608057458869606e-06
2797,0.4609704613685608,0.42936551570892334,0.3160494267940521,2.582661303015066e-06
2798,0.45951688289642334,0.427679181098938,0.31837692856788635,2.5573877837031137e-06
2799,0.46237844228744507,0.43055278062820435,0.3182567358016968,2.532236932750021e-06
2800,0.46417728066444397,0.43186190724372864,0.32315364480018616,2.5072087818176382e-06
2801,0.4466211199760437,0.4162275791168213,0.30393534898757935,2.482303362413374e-06
2802,0.4455646574497223,0.41451296210289,0.3105170726776123,2.457520705890093e-06
2803,0.4432942867279053,0.41303667426109314,0.3025761544704437,2.4328608434461276e-06
2804,0.459352970123291,0.4277121424674988,0.3164081275463104,2.4083238061252567e-06
2805,0.4367406666278839,0.40693068504333496,0.2980998158454895,2.383909624816616e-06
2806,0.46884408593177795,0.43617182970046997,0.32672250270843506,2.3596183302546647e-06
2807,0.480576753616333,0.44709810614585876,0.3347865641117096,2.3354499530191975e-06
2808,0.43060728907585144,0.40141263604164124,0.2919464707374573,2.311404523535243e-06
2809,0.46211084723472595,0.42993900179862976,0.32171836495399475,2.2874820720730438e-06
2810,0.45506608486175537,0.42382410168647766,0.31241968274116516,2.2636826287480873e-06
2811,0.476500928401947,0.4439535140991211,0.3254740238189697,2.240006223520941e-06
2812,0.46759033203125,0.43594127893447876,0.3164905905723572,2.2164528861973064e-06
2813,0.4658163785934448,0.4337705969810486,0.32045769691467285,2.193022646427978e-06
2814,0.45220455527305603,0.4211895763874054,0.3101496994495392,2.1697155337087604e-06
2815,0.4486808180809021,0.41779834032058716,0.3088248372077942,2.1465315773804616e-06
2816,0.44749754667282104,0.4167993664741516,0.3069819211959839,2.123470806628858e-06
2817,0.44842198491096497,0.4176393449306488,0.30782628059387207,2.1005332504846597e-06
2818,0.4556320607662201,0.4245012104511261,0.3113085925579071,2.0777189378234143e-06
2819,0.46295636892318726,0.43134787678718567,0.3160848915576935,2.0550278973656024e-06
2820,0.45750147104263306,0.42626163363456726,0.31239837408065796,2.032460157676452e-06
2821,0.46897533535957336,0.43654292821884155,0.32432419061660767,2.010015747165983e-06
2822,0.4516756236553192,0.4207747280597687,0.3090088665485382,1.9876946940889927e-06
2823,0.46995672583580017,0.43749094009399414,0.3246579170227051,1.965497026544938e-06
2824,0.47479432821273804,0.44235190749168396,0.3244243562221527,1.9434227724779984e-06
2825,0.4658283293247223,0.4336407780647278,0.32187560200691223,1.921471959676957e-06
2826,0.44409501552581787,0.4137714207172394,0.30323609709739685,1.899644615775209e-06
2827,0.4562823176383972,0.42485862970352173,0.3142367899417877,1.8779407682507077e-06
2828,0.44700518250465393,0.4163983166217804,0.3060685396194458,1.856360444425953e-06
2829,0.4393406808376312,0.4095526933670044,0.29787978529930115,1.834903671467958e-06
2830,0.45539018511772156,0.42441824078559875,0.3097193241119385,1.81357047638816e-06
2831,0.47540006041526794,0.4427354037761688,0.32664668560028076,1.7923608860424658e-06
2832,0.4580642282962799,0.42686837911605835,0.3119584918022156,1.771274927131139e-06
2833,0.4599117338657379,0.4289173185825348,0.3099442422389984,1.7503126261988355e-06
2834,0.45557981729507446,0.4241597056388855,0.31420108675956726,1.7294740096345575e-06
2835,0.46547719836235046,0.4331803321838379,0.32296857237815857,1.7087591036715534e-06
2836,0.44945457577705383,0.41878053545951843,0.3067404627799988,1.6881679343873636e-06
2837,0.47571590542793274,0.44288939237594604,0.32826510071754456,1.667700527703775e-06
2838,0.42417168617248535,0.39505091309547424,0.29120779037475586,1.6473569093867436e-06
2839,0.4486123323440552,0.41721341013908386,0.3139893710613251,1.6271371050464056e-06
2840,0.45529431104660034,0.4242929220199585,0.31001392006874084,1.6070411401370334e-06
2841,0.4784775376319885,0.445480078458786,0.3299747407436371,1.58706903995699e-06
2842,0.4793762266635895,0.4462365508079529,0.3313967287540436,1.5672208296486969e-06
2843,0.4842076003551483,0.4507180154323578,0.3348958492279053,1.5474965341986558e-06
2844,0.4676533341407776,0.4355975389480591,0.32055795192718506,1.5278961784373268e-06
2845,0.46068182587623596,0.42884430289268494,0.3183753192424774,1.5084197870391837e-06
2846,0.48626530170440674,0.45252636075019836,0.3373895287513733,1.4890673845226133e-06
2847,0.43519049882888794,0.40576550364494324,0.2942499816417694,1.469838995249928e-06
2848,0.46561476588249207,0.43334394693374634,0.32270827889442444,1.4507346434273316e-06
2849,0.46300992369651794,0.4312548041343689,0.31755122542381287,1.4317543531048749e-06
2850,0.4549012780189514,0.42379963397979736,0.31101635098457336,1.4128981481764115e-06
2851,0.4925745725631714,0.458518922328949,0.34055641293525696,1.3941660523796196e-06
2852,0.44500166177749634,0.4148150682449341,0.301865816116333,1.375558089295914e-06
2853,0.494864284992218,0.4609149694442749,0.3394932448863983,1.3570742823504567e-06
2854,0.46667927503585815,0.4346354603767395,0.3204379975795746,1.3387146548120899e-06
2855,0.46060970425605774,0.42905861139297485,0.3155108392238617,1.3204792297933588e-06
2856,0.47589245438575745,0.4433862864971161,0.32506176829338074,1.3023680302504338e-06
2857,0.4668830335140228,0.4346713423728943,0.3221169710159302,1.2843810789831102e-06
2858,0.4159241020679474,0.3872871696949005,0.28636932373046875,1.2665183986347528e-06
2859,0.48704031109809875,0.4531574845314026,0.3388282358646393,1.2487800116922966e-06
2860,0.504006028175354,0.46947965025901794,0.3452640473842621,1.231165940486234e-06
2861,0.45205366611480713,0.4211059808731079,0.30947697162628174,1.2136762071904838e-06
2862,0.4547547698020935,0.4234481453895569,0.3130663335323334,1.1963108338225337e-06
2863,0.4696617126464844,0.43687015771865845,0.3279154896736145,1.1790698422432521e-06
2864,0.466220885515213,0.43366920948028564,0.32551679015159607,1.1619532541569333e-06
2865,0.4792133569717407,0.44645678997039795,0.32756558060646057,1.1449610911112741e-06
2866,0.4647614061832428,0.4327452778816223,0.3201614022254944,1.128093374497352e-06
2867,0.481876015663147,0.4481361508369446,0.3373987078666687,1.1113501255495485e-06
2868,0.43679702281951904,0.4066453278064728,0.3015168011188507,1.0947313653455694e-06
2869,0.46362245082855225,0.4312940835952759,0.3232838213443756,1.0782371148064241e-06
2870,0.4698493778705597,0.4373109042644501,0.32538464665412903,1.0618673946963365e-06
2871,0.4779316782951355,0.44492611289024353,0.3300555944442749,1.0456222256227999e-06
2872,0.49961698055267334,0.4653388559818268,0.3427811861038208,1.0295016280365112e-06
2873,0.44806745648384094,0.4173429310321808,0.3072452247142792,1.0135056222313143e-06
2874,0.46405690908432007,0.4317137598991394,0.3234314024448395,9.976342283442463e-07
2875,0.49260178208351135,0.4588105082511902,0.33791273832321167,9.818874663554357e-07
2876,0.4655338525772095,0.433830201625824,0.31703653931617737,9.662653560881584e-07
2877,0.46476611495018005,0.43268513679504395,0.3208097815513611,9.50767917208728e-07
2878,0.4473066031932831,0.41616880893707275,0.31137803196907043,9.353951692265383e-07
2879,0.47268587350845337,0.43974795937538147,0.3293791115283966,9.20147131493998e-07
2880,0.46767255663871765,0.43524596095085144,0.3242659866809845,9.0502382320653e-07
2881,0.4517630636692047,0.42080792784690857,0.309551477432251,8.900252634025274e-07
2882,0.47849035263061523,0.44528713822364807,0.33203208446502686,8.751514709633424e-07
2883,0.45606279373168945,0.42440155148506165,0.3166124224662781,8.604024646132857e-07
2884,0.4337533116340637,0.4043123722076416,0.2944093346595764,8.457782629195388e-07
2885,0.4381517171859741,0.40857499837875366,0.29576733708381653,8.31278884292186e-07
2886,0.4982219934463501,0.4639807641506195,0.34241220355033875,8.16904346984193e-07
2887,0.42481279373168945,0.3958548903465271,0.2895788848400116,8.026546690913406e-07
2888,0.48272374272346497,0.4494507312774658,0.332730233669281,7.885298685522235e-07
2889,0.44418659806251526,0.4139152765274048,0.30271321535110474,7.745299631482405e-07
2890,0.46417659521102905,0.4321505129337311,0.3202606737613678,7.606549705035937e-07
2891,0.47227734327316284,0.439980685710907,0.32296663522720337,7.469049080851775e-07
2892,0.4577820301055908,0.4259417951107025,0.31840237975120544,7.332797932026459e-07
2893,0.48323923349380493,0.4503636360168457,0.32875582575798035,7.19779643008367e-07
2894,0.46498870849609375,0.4328749179840088,0.32113805413246155,7.064044744973686e-07
2895,0.43035492300987244,0.40046465396881104,0.2989027500152588,6.931543045073708e-07
2896,0.4675140380859375,0.43530330061912537,0.3221072852611542,6.800291497187083e-07
2897,0.4623110890388489,0.4306102693080902,0.3170083463191986,6.670290266543644e-07
2898,0.4480365812778473,0.417658269405365,0.30378323793411255,6.541539516799033e-07
2899,0.4834290146827698,0.4503331184387207,0.3309590518474579,6.414039410034489e-07
2900,0.4416663646697998,0.41102129220962524,0.3064506947994232,6.287790106757396e-07
2901,0.46402081847190857,0.431843101978302,0.3217770755290985,6.162791765900177e-07
2902,0.4658321440219879,0.43338140845298767,0.32450738549232483,6.039044544820404e-07
2903,0.4960700571537018,0.46186119318008423,0.34208863973617554,5.916548599300576e-07
2904,0.4892919659614563,0.45501235127449036,0.3427962064743042,5.795304083548559e-07
2905,0.4665159285068512,0.43388551473617554,0.32630401849746704,5.675311150195928e-07
2906,0.4416504502296448,0.4119279086589813,0.2972254753112793,5.556569950299517e-07
2907,0.4765603542327881,0.4440610408782959,0.3249930739402771,5.439080633339866e-07
2908,0.474441260099411,0.44153255224227905,0.3290870487689972,5.322843347221662e-07
2909,0.43959951400756836,0.4094991087913513,0.301004022359848,5.207858238273522e-07
2910,0.449357807636261,0.41835135221481323,0.31006455421447754,5.094125451247655e-07
2911,0.4273218512535095,0.39832428097724915,0.2899758517742157,4.981645129319756e-07
2912,0.4810912013053894,0.4484870135784149,0.32604172825813293,4.870417414088779e-07
2913,0.44247186183929443,0.4122348427772522,0.3023701608181,4.760442445576829e-07
2914,0.4410763382911682,0.410512238740921,0.3056411147117615,4.6517203622291615e-07
2915,0.4602544605731964,0.42789193987846375,0.32362523674964905,4.544251300913405e-07
2916,0.4641934335231781,0.4323996603488922,0.31793785095214844,4.438035396920004e-07
2917,0.4758915305137634,0.44323915243148804,0.32652392983436584,4.333072783961889e-07
2918,0.4315571188926697,0.40202897787094116,0.295281320810318,4.2293635941742517e-07
2919,0.4423759877681732,0.4110495150089264,0.31326475739479065,4.1269079581142124e-07
2920,0.4499364495277405,0.4188147485256195,0.3112168610095978,4.025706004760932e-07
2921,0.447226881980896,0.4164627194404602,0.30764156579971313,3.925757861515389e-07
2922,0.4361732304096222,0.4063814878463745,0.2979173958301544,3.827063654199936e-07
2923,0.46046802401542664,0.42869290709495544,0.3177511692047119,3.7296235070587435e-07
2924,0.4544672667980194,0.42281827330589294,0.3164900243282318,3.633437542756912e-07
2925,0.456769734621048,0.42507052421569824,0.31699222326278687,3.5385058823809156e-07
2926,0.4611005187034607,0.4292129874229431,0.318875253200531,3.444828645438047e-07
2927,0.4543076455593109,0.4226261079311371,0.3168153464794159,3.3524059498565297e-07
2928,0.4557959735393524,0.42452725768089294,0.3126870393753052,3.261237911985404e-07
2929,0.43203112483024597,0.4026328921318054,0.2939823865890503,3.171324646593865e-07
2930,0.4506584703922272,0.4198675751686096,0.30790889263153076,3.0826662668720364e-07
2931,0.46888047456741333,0.43647500872612,0.32405465841293335,2.99526288442975e-07
2932,0.4512490928173065,0.42057546973228455,0.3067363202571869,2.9091146092973254e-07
2933,0.48148417472839355,0.44850826263427734,0.3297591209411621,2.8242215499248993e-07
2934,0.4404956102371216,0.41080036759376526,0.2969522774219513,2.740583813182429e-07
2935,0.44642964005470276,0.41552019119262695,0.30909445881843567,2.658201504359803e-07
2936,0.44575121998786926,0.4148547351360321,0.3089647591114044,2.577074727165951e-07
2937,0.49982142448425293,0.46529966592788696,0.34521761536598206,2.497203583729957e-07
2938,0.42667749524116516,0.39724335074424744,0.2943415641784668,2.418588174599612e-07
2939,0.4814346134662628,0.4482123553752899,0.33222249150276184,2.3412285987420847e-07
2940,0.45433521270751953,0.42284083366394043,0.314943790435791,2.265124953543918e-07
2941,0.4590816795825958,0.4270644783973694,0.3201720714569092,2.1902773348100315e-07
2942,0.4278506338596344,0.3986181318759918,0.29232504963874817,2.1166858367646093e-07
2943,0.46382662653923035,0.43171417713165283,0.3211245536804199,2.0443505520503224e-07
2944,0.45326879620552063,0.42251014709472656,0.3075866103172302,1.973271571728441e-07
2945,0.4411059319972992,0.41121596097946167,0.2988997995853424,1.9034489852787218e-07
2946,0.4910660684108734,0.45740386843681335,0.3366219401359558,1.834882880599409e-07
2947,0.45256274938583374,0.4217173755168915,0.30845364928245544,1.7675733440066789e-07
2948,0.47558245062828064,0.4430747628211975,0.3250768184661865,1.7015204602350843e-07
2949,0.45145276188850403,0.41998592019081116,0.3146683871746063,1.6367243124372212e-07
2950,0.4461953043937683,0.41514891386032104,0.3104640543460846,1.5731849821833954e-07
2951,0.43554094433784485,0.40569373965263367,0.29847216606140137,1.5109025494620677e-07
2952,0.49006831645965576,0.45654207468032837,0.3352624475955963,1.449877092679075e-07
2953,0.46341437101364136,0.43166065216064453,0.31753724813461304,1.3901086886580762e-07
2954,0.470350444316864,0.4382722079753876,0.32078245282173157,1.3315974126401066e-07
2955,0.4789302945137024,0.44606277346611023,0.32867515087127686,1.274343338283801e-07
2956,0.4660293757915497,0.4339993894100189,0.32029998302459717,1.2183465376650605e-07
2957,0.4478103518486023,0.4172044098377228,0.3060593008995056,1.1636070812770516e-07
2958,0.4463527202606201,0.41569289565086365,0.30659815669059753,1.1101250380300965e-07
2959,0.43362459540367126,0.4042882025241852,0.2933640480041504,1.0579004752513389e-07
2960,0.4742937982082367,0.44099292159080505,0.333008736371994,1.0069334586854107e-07
2961,0.4361872673034668,0.40609970688819885,0.30087563395500183,9.572240524933218e-08
2962,0.4579884707927704,0.4268430173397064,0.31145450472831726,9.087723192533482e-08
2963,0.4823918640613556,0.4490383565425873,0.3335350751876831,8.615783199602545e-08
2964,0.43856266140937805,0.40821173787117004,0.3035091161727905,8.156421140254056e-08
2965,0.4723924398422241,0.43930506706237793,0.33087387681007385,7.709637592770991e-08
2966,0.4565166234970093,0.4250830411911011,0.3143359124660492,7.275433119596776e-08
2967,0.45587602257728577,0.4243508279323578,0.315251886844635,6.853808267344164e-08
2968,0.4496612846851349,0.4186699092388153,0.3099138140678406,6.444763566786361e-08
2969,0.4582715332508087,0.42618560791015625,0.32085922360420227,6.048299532861457e-08
2970,0.4536212384700775,0.4223696291446686,0.31251615285873413,5.6644166646668826e-08
2971,0.45125657320022583,0.420373797416687,0.30882763862609863,5.2931154454671783e-08
2972,0.4502905607223511,0.4194887578487396,0.30801787972450256,4.934396342684e-08
2973,0.4607548117637634,0.42900988459587097,0.31744930148124695,4.588259807901674e-08
2974,0.4620719850063324,0.43007126450538635,0.3200070858001709,4.254706276862752e-08
2975,0.4477357268333435,0.4174690544605255,0.30266669392585754,3.933736169471347e-08
2976,0.4442776143550873,0.41354769468307495,0.30729931592941284,3.6253498897886873e-08
2977,0.460077166557312,0.4284530282020569,0.3162413537502289,3.3295478260364496e-08
2978,0.44850727915763855,0.41791194677352905,0.3059532940387726,3.0463303505934295e-08
2979,0.46156713366508484,0.42953920364379883,0.3202792704105377,2.7756978199944273e-08
2980,0.4418351948261261,0.41145241260528564,0.30382779240608215,2.5176505749346936e-08
2981,0.47568345069885254,0.44247713685035706,0.3320632874965668,2.2721889402621545e-08
2982,0.4675028324127197,0.43554922938346863,0.3195360004901886,2.039313224985184e-08
2983,0.4398026466369629,0.40962129831314087,0.30181342363357544,1.8190237222648343e-08
2984,0.4436803460121155,0.41341060400009155,0.3026975691318512,1.6113207094181626e-08
2985,0.44012752175331116,0.409692645072937,0.30434879660606384,1.4162044479182346e-08
2986,0.48225313425064087,0.4484640955924988,0.33789050579071045,1.2336751833941229e-08
2987,0.4436248540878296,0.4134637117385864,0.3016113042831421,1.0637331456264666e-08
2988,0.4165903627872467,0.3878510594367981,0.2873930037021637,9.063785485508014e-09
2989,0.4441855251789093,0.41360151767730713,0.3058401048183441,7.616115902586707e-09
2990,0.46136513352394104,0.42972150444984436,0.31643640995025635,6.294324529942941e-09
2991,0.4519161880016327,0.4209787845611572,0.3093740940093994,5.098413031534577e-09
2992,0.4325869381427765,0.4026627242565155,0.29924219846725464,4.028382912890649e-09
2993,0.438394159078598,0.4085579216480255,0.29836225509643555,3.0842355210336515e-09
2994,0.46258869767189026,0.4309272766113281,0.3166142702102661,2.2659720445239452e-09
2995,0.45631471276283264,0.4244823157787323,0.31832385063171387,1.5735935134708613e-09
2996,0.4635469615459442,0.43129459023475647,0.3225237727165222,1.0071007994771898e-09
2997,0.44285786151885986,0.41257962584495544,0.30278247594833374,5.664946157168949e-10
2998,0.45512160658836365,0.4230709671974182,0.32050642371177673,2.5177551682409317e-10
2999,0.4370674788951874,0.40707316994667053,0.29994311928749084,6.294389901517761e-11
