step,loss,temporal,spectral,lr
0,1.0339361429214478,0.973039448261261,0.6089673042297363,1.0000000000000002e-06
1,1.0144678354263306,0.9561053514480591,0.5836249589920044,2.0000000000000003e-06
2,1.013110876083374,0.9539653658866882,0.5914551019668579,3e-06
3,1.0003613233566284,0.9426729083061218,0.5768840909004211,4.000000000000001e-06
4,1.0166767835617065,0.9573398232460022,0.59336918592453,5e-06
5,0.9914529919624329,0.9333969950675964,0.5805599689483643,6e-06
6,0.9802959561347961,0.9228674173355103,0.5742853283882141,7.000000000000001e-06
7,1.0183433294296265,0.9577953219413757,0.6054801940917969,8.000000000000001e-06
8,0.9897739887237549,0.929887592792511,0.5988642573356628,9e-06
9,0.977493941783905,0.9178417921066284,0.5965213775634766,1e-05
10,0.9441744685173035,0.8868063688278198,0.5736808180809021,1.1000000000000001e-05
11,0.9709893465042114,0.9111810326576233,0.5980828404426575,1.2e-05
12,0.9307629466056824,0.8729847073554993,0.5777822732925415,1.3000000000000001e-05
13,0.8972123861312866,0.8415793180465698,0.5563308000564575,1.4000000000000001e-05
14,0.8793738484382629,0.8243630528450012,0.5501081347465515,1.5e-05
15,0.964655339717865,0.9020794630050659,0.6257586479187012,1.6000000000000003e-05
16,0.8653783202171326,0.8096221089363098,0.5575622916221619,1.7000000000000003e-05
17,0.8545658588409424,0.7990698218345642,0.5549606680870056,1.8e-05
18,0.8237899541854858,0.7691375613212585,0.546523928642273,1.9e-05
19,0.8253107666969299,0.769145667552948,0.561650812625885,2e-05
20,0.8259061574935913,0.7697216868400574,0.5618448257446289,2.1e-05
21,0.7794483304023743,0.7257986068725586,0.5364970564842224,2.2000000000000003e-05
22,0.8118654489517212,0.7553157806396484,0.5654969811439514,2.3000000000000003e-05
23,0.7320337295532227,0.6806186437606812,0.5141509771347046,2.4e-05
24,0.7830137610435486,0.7275499105453491,0.5546386241912842,2.5e-05
25,0.7106028199195862,0.6597231030464172,0.5087970495223999,2.6000000000000002e-05
26,0.6886271834373474,0.6382794976234436,0.5034769177436829,2.7000000000000002e-05
27,0.7407945990562439,0.6868870258331299,0.5390758514404297,2.8000000000000003e-05
28,0.7014197111129761,0.6505122184753418,0.5090749859809875,2.9e-05
29,0.7022379040718079,0.6511600613594055,0.5107784271240234,3e-05
30,0.6837126016616821,0.6346007585525513,0.49111825227737427,3.1e-05
31,0.6928853988647461,0.642204225063324,0.5068114399909973,3.2000000000000005e-05
32,0.7179754972457886,0.6661900877952576,0.517853856086731,3.3e-05
33,0.7070848345756531,0.6555888652801514,0.5149597525596619,3.4000000000000007e-05
34,0.6937514543533325,0.6439934968948364,0.4975798726081848,3.5e-05
35,0.6963618397712708,0.6464983224868774,0.4986354410648346,3.6e-05
36,0.6986033916473389,0.6476355195045471,0.5096784830093384,3.7e-05
37,0.675110936164856,0.6260536313056946,0.4905727505683899,3.8e-05
38,0.6917368173599243,0.6405282020568848,0.5120858550071716,3.9000000000000006e-05
39,0.7001944184303284,0.6494936347007751,0.5070075988769531,4e-05
40,0.6684931516647339,0.619644045829773,0.4884912371635437,4.1e-05
41,0.6886509656906128,0.63833087682724,0.5032011866569519,4.2e-05
42,0.6510506868362427,0.6032729744911194,0.4777771234512329,4.3e-05
43,0.6822783350944519,0.6319260001182556,0.5035235285758972,4.4000000000000006e-05
44,0.6425830721855164,0.5944432616233826,0.48139792680740356,4.5e-05
45,0.6362476944923401,0.5891591906547546,0.47088509798049927,4.600000000000001e-05
46,0.6662948727607727,0.6176276803016663,0.4866717457771301,4.7e-05
47,0.6306612491607666,0.585069477558136,0.4559176564216614,4.8e-05
48,0.6836552023887634,0.6333481073379517,0.503071129322052,4.9e-05
49,0.6223036050796509,0.5761670470237732,0.461365282535553,5e-05
50,0.6473164558410645,0.5993897914886475,0.4792666435241699,5.1000000000000006e-05
51,0.6026873588562012,0.558895468711853,0.4379187226295471,5.2000000000000004e-05
52,0.6119248270988464,0.5667927861213684,0.4513203501701355,5.300000000000001e-05
53,0.6726470589637756,0.621947705745697,0.5069934129714966,5.4000000000000005e-05
54,0.6050025224685669,0.5607720017433167,0.4423049986362457,5.500000000000001e-05
55,0.6266862154006958,0.5804896950721741,0.46196502447128296,5.6000000000000006e-05
56,0.6252171993255615,0.5791470408439636,0.46070176362991333,5.6999999999999996e-05
57,0.5994184613227844,0.5544726848602295,0.44945788383483887,5.8e-05
58,0.6045948266983032,0.5605376958847046,0.44057154655456543,5.9e-05
59,0.590876579284668,0.5475869178771973,0.43289676308631897,6e-05
60,0.6144115328788757,0.5686806440353394,0.45730873942375183,6.1e-05
61,0.5946739315986633,0.5496709942817688,0.4500292241573334,6.2e-05
62,0.5944861769676208,0.5509012341499329,0.43584969639778137,6.3e-05
63,0.5868826508522034,0.5440243482589722,0.4285832643508911,6.400000000000001e-05
64,0.6527770757675171,0.6047034859657288,0.4807361364364624,6.500000000000001e-05
65,0.6165839433670044,0.571121871471405,0.4546205401420593,6.6e-05
66,0.5700967311859131,0.5281117558479309,0.41984957456588745,6.7e-05
67,0.6150099635124207,0.5698352456092834,0.45174741744995117,6.800000000000001e-05
68,0.5967384576797485,0.5524048209190369,0.4433361887931824,6.9e-05
69,0.5828362703323364,0.5402231812477112,0.4261308014392853,7e-05
70,0.5823611617088318,0.5391247868537903,0.4323638081550598,7.1e-05
71,0.584837794303894,0.5418785810470581,0.4295918345451355,7.2e-05
72,0.5821535587310791,0.5395717620849609,0.4258180260658264,7.3e-05
73,0.6266419291496277,0.5791200399398804,0.4752187728881836,7.4e-05
74,0.6002629995346069,0.5557844638824463,0.4447852671146393,7.500000000000001e-05
75,0.5996488928794861,0.5557222962379456,0.4392661452293396,7.6e-05
76,0.5536180734634399,0.5125690698623657,0.4104899764060974,7.7e-05
77,0.6067681312561035,0.5618442296981812,0.44923877716064453,7.800000000000001e-05
78,0.567295253276825,0.5253862738609314,0.41909006237983704,7.900000000000001e-05
79,0.5705487728118896,0.5286884307861328,0.41860345005989075,8e-05
80,0.5777478218078613,0.5353574156761169,0.4239041805267334,8.1e-05
81,0.617654025554657,0.5715004205703735,0.46153584122657776,8.2e-05
82,0.5852655172348022,0.5411454439163208,0.4412006139755249,8.3e-05
83,0.613105833530426,0.5680976510047913,0.4500817060470581,8.4e-05
84,0.571548342704773,0.5294072031974792,0.42141127586364746,8.5e-05
85,0.620818555355072,0.5749750733375549,0.4584348499774933,8.6e-05
86,0.590695321559906,0.5467715859413147,0.4392376244068146,8.7e-05
87,0.5694029927253723,0.52817302942276,0.4122994840145111,8.800000000000001e-05
88,0.6201319098472595,0.5735378861427307,0.4659402668476105,8.900000000000001e-05
89,0.5592554807662964,0.5179387331008911,0.41316741704940796,9e-05
90,0.6350641250610352,0.5878347754478455,0.47229331731796265,9.1e-05
91,0.601871132850647,0.5575496554374695,0.44321468472480774,9.200000000000001e-05
92,0.6078525185585022,0.5630934238433838,0.44759106636047363,9.300000000000001e-05
93,0.5713599324226379,0.5294636487960815,0.41896307468414307,9.4e-05
94,0.5430318117141724,0.5030087232589722,0.4002305865287781,9.5e-05
95,0.5902894139289856,0.5463499426841736,0.4393945038318634,9.6e-05
96,0.6168702840805054,0.5705379843711853,0.46332281827926636,9.7e-05
97,0.6025212407112122,0.5573090314865112,0.4521222412586212,9.8e-05
98,0.5651953220367432,0.52318274974823,0.42012548446655273,9.900000000000001e-05
99,0.5611617565155029,0.5197715163230896,0.4139026999473572,0.0001
100,0.5919514298439026,0.5479026436805725,0.4404881000518799,0.000101
101,0.581829845905304,0.5387006402015686,0.4312918782234192,0.00010200000000000001
102,0.5849652290344238,0.5418400764465332,0.43125179409980774,0.00010300000000000001
103,0.5705699324607849,0.5285958051681519,0.41974136233329773,0.00010400000000000001
104,0.586758553981781,0.5433505773544312,0.4340795874595642,0.000105
105,0.5684765577316284,0.5262474417686462,0.42229101061820984,0.00010600000000000002
106,0.5511850118637085,0.5102180242538452,0.4096700847148895,0.00010700000000000001
107,0.5594453811645508,0.5184867978096008,0.4095856249332428,0.00010800000000000001
108,0.58201003074646,0.5393707752227783,0.4263928532600403,0.000109
109,0.5996761918067932,0.5555263161659241,0.4414985179901123,0.00011000000000000002
110,0.5504775047302246,0.5097054243087769,0.4077206552028656,0.00011100000000000001
111,0.5699142217636108,0.526752233505249,0.4316197633743286,0.00011200000000000001
112,0.5580769181251526,0.5161147117614746,0.41962188482284546,0.000113
113,0.6320420503616333,0.5851624011993408,0.46879661083221436,0.00011399999999999999
114,0.5947418808937073,0.5509454011917114,0.4379648268222809,0.00011499999999999999
115,0.5642032027244568,0.5226929783821106,0.41510245203971863,0.000116
116,0.5702612996101379,0.5286731719970703,0.4158814549446106,0.000117
117,0.5594930648803711,0.5176401734352112,0.4185287654399872,0.000118
118,0.5277272462844849,0.48833662271499634,0.39390623569488525,0.000119
119,0.5589836239814758,0.5176922678947449,0.4129137098789215,0.00012
120,0.6066343784332275,0.5621195435523987,0.4451485574245453,0.000121
121,0.5556041598320007,0.5139408111572266,0.4166333079338074,0.000122
122,0.566047728061676,0.5243035554885864,0.4174419939517975,0.000123
123,0.5979026556015015,0.5545458793640137,0.43356767296791077,0.000124
124,0.5575910806655884,0.5156974196434021,0.41893669962882996,0.000125
125,0.5966922640800476,0.5525157451629639,0.44176504015922546,0.000126
126,0.5601556301116943,0.519066333770752,0.41089293360710144,0.000127
127,0.5112862586975098,0.4725959300994873,0.38690343499183655,0.00012800000000000002
128,0.5395723581314087,0.49943557381629944,0.40136802196502686,0.00012900000000000002
129,0.5692568421363831,0.5272663235664368,0.4199052155017853,0.00013000000000000002
130,0.5599664449691772,0.5183391571044922,0.4162730574607849,0.000131
131,0.5614463686943054,0.5198460221290588,0.4160035252571106,0.000132
132,0.5591155290603638,0.5175809860229492,0.41534551978111267,0.000133
133,0.5389811396598816,0.4981258511543274,0.4085526764392853,0.000134
134,0.549353837966919,0.5098922252655029,0.39461609721183777,0.00013500000000000003
135,0.5707809329032898,0.5291454195976257,0.41635507345199585,0.00013600000000000003
136,0.6081507205963135,0.5637051463127136,0.4444558620452881,0.00013700000000000002
137,0.5187283754348755,0.48065808415412903,0.38070282340049744,0.000138
138,0.5574048161506653,0.5150407552719116,0.42364054918289185,0.000139
139,0.548759937286377,0.5074694156646729,0.41290533542633057,0.00014
140,0.5355831384658813,0.49635979533195496,0.39223358035087585,0.000141
141,0.5694103240966797,0.5271060466766357,0.4230426549911499,0.000142
142,0.5431199073791504,0.5024073719978333,0.40712541341781616,0.000143
143,0.5175226330757141,0.4802549481391907,0.3726768493652344,0.000144
144,0.5482587814331055,0.5071408152580261,0.4111796021461487,0.000145
145,0.5215578079223633,0.48303553462028503,0.3852229118347168,0.000146
146,0.5369296669960022,0.49707531929016113,0.39854374527931213,0.000147
147,0.566845715045929,0.5246526598930359,0.42193061113357544,0.000148
148,0.5343050956726074,0.4944719076156616,0.3983321487903595,0.00014900000000000002
149,0.5559833645820618,0.5135327577590942,0.42450591921806335,0.00015000000000000001
150,0.5430060625076294,0.5033211708068848,0.39684921503067017,0.000151
151,0.5100870728492737,0.47228652238845825,0.3780055344104767,0.000152
152,0.54181307554245,0.5008367300033569,0.40976351499557495,0.000153
153,0.5282874703407288,0.48872047662734985,0.39566996693611145,0.000154
154,0.5683398842811584,0.5260323286056519,0.4230753183364868,0.000155
155,0.5327467918395996,0.4928174912929535,0.3992927074432373,0.00015600000000000002
156,0.5111031532287598,0.4734500050544739,0.3765316307544708,0.00015700000000000002
157,0.5176764130592346,0.479061096906662,0.386152982711792,0.00015800000000000002
158,0.5566813349723816,0.5151280164718628,0.41553300619125366,0.00015900000000000002
159,0.5561257600784302,0.5140722393989563,0.4205349087715149,0.00016
160,0.55606609582901,0.515429675579071,0.4063642919063568,0.000161
161,0.546072244644165,0.5057559609413147,0.40316271781921387,0.000162
162,0.5145328640937805,0.47589555382728577,0.38637322187423706,0.000163
163,0.5175134539604187,0.47906291484832764,0.3845052719116211,0.000164
164,0.558988094329834,0.517663300037384,0.4132481813430786,0.000165
165,0.5314121842384338,0.4919167160987854,0.3949545621871948,0.000166
166,0.5412365198135376,0.5014225840568542,0.39813947677612305,0.000167
167,0.5540987849235535,0.5123339295387268,0.4176484942436218,0.000168
168,0.484122097492218,0.4471411108970642,0.36980974674224854,0.00016900000000000002
169,0.5325012803077698,0.49259528517723083,0.3990602195262909,0.00017
170,0.5354936122894287,0.49533402919769287,0.4015955328941345,0.000171
171,0.5111570954322815,0.4725370705127716,0.38620007038116455,0.000172
172,0.536196231842041,0.4958106279373169,0.40385594964027405,0.000173
173,0.49836182594299316,0.46075358986854553,0.37608227133750916,0.000174
174,0.5137540102005005,0.4748024642467499,0.3895155191421509,0.000175
175,0.5371508598327637,0.4971238076686859,0.4002706706523895,0.00017600000000000002
176,0.5054332613945007,0.4680040180683136,0.37429240345954895,0.00017700000000000002
177,0.4929281771183014,0.4551779627799988,0.37750205397605896,0.00017800000000000002
178,0.5280563235282898,0.4879501760005951,0.4010612666606903,0.00017900000000000001
179,0.5300987362861633,0.49082863330841064,0.39270082116127014,0.00018
180,0.5448123216629028,0.5048118829727173,0.40000462532043457,0.000181
181,0.526073694229126,0.48563292622566223,0.40440744161605835,0.000182
182,0.5111122131347656,0.4727274477481842,0.3838479518890381,0.000183
183,0.5262357592582703,0.48659995198249817,0.39635786414146423,0.00018400000000000003
184,0.521865963935852,0.4821182191371918,0.39747747778892517,0.00018500000000000002
185,0.5467758178710938,0.5057390332221985,0.4103677272796631,0.00018600000000000002
186,0.49356549978256226,0.45768824219703674,0.3587726354598999,0.00018700000000000002
187,0.5380746722221375,0.4979434907436371,0.40131208300590515,0.000188
188,0.4936187267303467,0.45643240213394165,0.3718632459640503,0.00018899999999999999
189,0.5153176784515381,0.4769075810909271,0.3841007351875305,0.00019
190,0.49362632632255554,0.45613664388656616,0.3748968541622162,0.000191
191,0.4930342733860016,0.45744746923446655,0.3558681607246399,0.000192
192,0.4837021231651306,0.4471210539340973,0.3658108413219452,0.000193
193,0.477118581533432,0.441582590341568,0.3553597927093506,0.000194
194,0.5200109481811523,0.482038676738739,0.37972280383110046,0.000195
195,0.5102877616882324,0.4726785719394684,0.37609168887138367,0.000196
196,0.4970667064189911,0.4602004289627075,0.3686627149581909,0.00019700000000000002
197,0.5305073261260986,0.4904630184173584,0.4004429876804352,0.00019800000000000002
198,0.5404395461082458,0.5008863210678101,0.3955324590206146,0.000199
199,0.5285576581954956,0.4893829822540283,0.39174702763557434,0.0002
200,0.5006243586540222,0.464438796043396,0.36185556650161743,0.0002
201,0.5156733989715576,0.4775044620037079,0.381689190864563,0.00019999993705610097
202,0.48946401476860046,0.4534893333911896,0.35974687337875366,0.00019999974822448318
203,0.4844328761100769,0.4486873745918274,0.3574550747871399,0.0001999994335053843
204,0.5068690776824951,0.4694810211658478,0.3738804757595062,0.00019999899289920055
205,0.49456819891929626,0.458028107881546,0.3654009699821472,0.00019999842640648654
206,0.5032459497451782,0.46598148345947266,0.3726446330547333,0.00019999773402795549
207,0.4919969439506531,0.45479345321655273,0.3720349371433258,0.00019999691576447898
208,0.4907778799533844,0.4547880291938782,0.35989850759506226,0.00019999597161708712
209,0.5021719336509705,0.4641023278236389,0.38069626688957214,0.00019999490158696846
210,0.5170980095863342,0.47880032658576965,0.3829767107963562,0.00019999370567547008
211,0.49579086899757385,0.45888251066207886,0.3690836727619171,0.00019999238388409744
212,0.4608440399169922,0.426721453666687,0.34122586250305176,0.0001999909362145145
213,0.4895864725112915,0.45339542627334595,0.36191049218177795,0.00019998936266854377
214,0.49136295914649963,0.4553980827331543,0.3596486747264862,0.00019998766324816607
215,0.5333155989646912,0.4929937720298767,0.4032183587551117,0.00019998583795552083
216,0.48205867409706116,0.44524940848350525,0.36809268593788147,0.00019998388679290583
217,0.5253814458847046,0.48579153418540955,0.3958990275859833,0.00019998180976277735
218,0.5127080082893372,0.47398829460144043,0.3871970474720001,0.00019997960686775015
219,0.5239303708076477,0.4845595359802246,0.39370855689048767,0.00019997727811059738
220,0.5366263389587402,0.49668097496032715,0.39945387840270996,0.00019997482349425066
221,0.4813106060028076,0.44582244753837585,0.35488155484199524,0.00019997224302180006
222,0.5178176760673523,0.47916093468666077,0.3865676522254944,0.0001999695366964941
223,0.4778841733932495,0.4421577453613281,0.35726413130760193,0.00019996670452173966
224,0.4917072057723999,0.4552125036716461,0.3649468719959259,0.0001999637465011021
225,0.5158494710922241,0.47744667530059814,0.38402801752090454,0.00019996066263830531
226,0.48047059774398804,0.4453664720058441,0.3510412275791168,0.00019995745293723138
227,0.5085011720657349,0.4705599248409271,0.3794127106666565,0.000199954117401921
228,0.46889764070510864,0.4351860284805298,0.3371160924434662,0.00019995065603657316
229,0.5061893463134766,0.468743234872818,0.37446099519729614,0.00019994706884554533
230,0.5008522868156433,0.46383991837501526,0.3701236844062805,0.00019994335583335335
231,0.5061307549476624,0.4686692953109741,0.3746148347854614,0.00019993951700467139
232,0.5281955003738403,0.48934876918792725,0.3884672224521637,0.00019993555236433213
233,0.5151470303535461,0.4767778217792511,0.38369226455688477,0.00019993146191732658
234,0.47728511691093445,0.4422476589679718,0.35037466883659363,0.00019992724566880404
235,0.47091391682624817,0.43612444400787354,0.3478946089744568,0.0001999229036240723
236,0.4880322813987732,0.45197296142578125,0.3605932593345642,0.00019991843578859747
237,0.4828823208808899,0.4469691514968872,0.3591316044330597,0.00019991384216800398
238,0.46716898679733276,0.4333757162094116,0.3379327952861786,0.00019990912276807466
239,0.4907900094985962,0.4553089737892151,0.3548104763031006,0.00019990427759475067
240,0.5012655854225159,0.4643234610557556,0.3694210350513458,0.00019989930665413147
241,0.5140928626060486,0.4765917956829071,0.3750109076499939,0.0001998942099524749
242,0.519027590751648,0.4811558127403259,0.3787176012992859,0.00019988898749619702
243,0.49323582649230957,0.45702052116394043,0.36215293407440186,0.0001998836392918723
244,0.4703634977340698,0.4345378577709198,0.3582564890384674,0.00019987816534623352
245,0.5170881748199463,0.4788413345813751,0.3824681341648102,0.00019987256566617162
246,0.48213475942611694,0.4466814696788788,0.3545328676700592,0.00019986684025873598
247,0.48502734303474426,0.4479128122329712,0.3711453378200531,0.0001998609891311342
248,0.5473220348358154,0.5066158175468445,0.40706199407577515,0.0001998550122907321
249,0.5076411962509155,0.4699014723300934,0.3773973882198334,0.00019984890974505381
250,0.4980645179748535,0.4616803824901581,0.3638412654399872,0.00019984268150178167
251,0.5016764998435974,0.4635711908340454,0.3810529410839081,0.0001998363275687563
252,0.4871335029602051,0.45023107528686523,0.36902427673339844,0.0001998298479539765
253,0.4939224123954773,0.45764613151550293,0.3627627491950989,0.00019982324266559935
254,0.5108805894851685,0.4735667407512665,0.37313827872276306,0.00019981651171194006
255,0.5046875476837158,0.4674977958202362,0.3718976378440857,0.00019980965510147213
256,0.4838842451572418,0.44915178418159485,0.3473244905471802,0.00019980267284282717
257,0.4848378896713257,0.44866764545440674,0.3617023825645447,0.000199795564944795
258,0.5243467092514038,0.4854220151901245,0.38924670219421387,0.00019978833141632354
259,0.4888191819190979,0.45240718126296997,0.36412015557289124,0.00019978097226651902
260,0.4944303035736084,0.4583339989185333,0.3609631657600403,0.0001997734875046456
261,0.4976988434791565,0.4617369472980499,0.35961881279945374,0.0001997658771401258
262,0.48598673939704895,0.4505215883255005,0.354651540517807,0.00019975814118254007
263,0.5061979293823242,0.46855396032333374,0.3764398396015167,0.00019975027964162702
264,0.5132713317871094,0.47517451643943787,0.3809681832790375,0.00019974229252728342
265,0.49076953530311584,0.4552117884159088,0.3555774986743927,0.00019973417984956403
266,0.4764438271522522,0.44166457653045654,0.3477926254272461,0.00019972594161868178
267,0.4931550621986389,0.4572984576225281,0.3585660755634308,0.00019971757784500752
268,0.4932442307472229,0.4571777284145355,0.360664963722229,0.00019970908853907026
269,0.4998437762260437,0.46239039301872253,0.3745337724685669,0.00019970047371155704
270,0.48039671778678894,0.4458622932434082,0.34534430503845215,0.0001996917333733128
271,0.5241090655326843,0.4854631721973419,0.3864588737487793,0.00019968286753534062
272,0.4870142936706543,0.45099884271621704,0.360154390335083,0.00019967387620880146
273,0.5022491216659546,0.46544069051742554,0.36808401346206665,0.00019966475940501435
274,0.4897642135620117,0.45319071412086487,0.3657349944114685,0.0001996555171354562
275,0.4795404374599457,0.44454988837242126,0.34990552067756653,0.00019964614941176195
276,0.48521673679351807,0.4495077431201935,0.3570899963378906,0.00019963665624572432
277,0.46367672085762024,0.4299941956996918,0.33682525157928467,0.00019962703764929413
278,0.4913400411605835,0.45495888590812683,0.3638116121292114,0.00019961729363458003
279,0.46308183670043945,0.42899709939956665,0.3408474028110504,0.00019960742421384846
280,0.48280879855155945,0.44732147455215454,0.35487332940101624,0.00019959742939952392
281,0.5046513676643372,0.4673904776573181,0.3726089298725128,0.00019958730920418858
282,0.5060188174247742,0.4685707688331604,0.3744807243347168,0.00019957706364058257
283,0.4878471791744232,0.45247334241867065,0.3537384569644928,0.00019956669272160383
284,0.4918155074119568,0.45613858103752136,0.3567694127559662,0.00019955619646030802
285,0.4834229052066803,0.4484296143054962,0.3499329686164856,0.00019954557486990868
286,0.49692657589912415,0.4611375629901886,0.35789015889167786,0.00019953482796377712
287,0.45287999510765076,0.4198731780052185,0.33006805181503296,0.00019952395575544233
288,0.4820616841316223,0.4465785026550293,0.354831725358963,0.00019951295825859113
289,0.5051578283309937,0.46848392486572266,0.36673882603645325,0.00019950183548706805
290,0.47662678360939026,0.4411633312702179,0.3546344041824341,0.00019949058745487522
291,0.4703688621520996,0.4366547763347626,0.33714091777801514,0.00019947921417617267
292,0.4860118627548218,0.4501762390136719,0.35835614800453186,0.00019946771566527785
293,0.5260645151138306,0.4872050881385803,0.3885945677757263,0.000199456091936666
294,0.5015232563018799,0.46479350328445435,0.36729758977890015,0.00019944434300497006
295,0.5165805816650391,0.479275643825531,0.3730495572090149,0.00019943246888498041
296,0.4962802529335022,0.46085479855537415,0.35425469279289246,0.00019942046959164515
297,0.49216291308403015,0.45623505115509033,0.35927873849868774,0.00019940834514006994
298,0.4793459177017212,0.44374093413352966,0.3560499846935272,0.000199396095545518
299,0.479366272687912,0.4446984827518463,0.3466779887676239,0.00019938372082341
300,0.4861725866794586,0.45036932826042175,0.35803258419036865,0.00019937122098932428
301,0.49138331413269043,0.4541776776313782,0.37205636501312256,0.00019935859605899655
302,0.4959166646003723,0.4600588381290436,0.3585781455039978,0.00019934584604832013
303,0.4819169342517853,0.4462272822856903,0.3568965494632721,0.00019933297097334565
304,0.4781413972377777,0.4437088370323181,0.34432557225227356,0.00019931997085028132
305,0.5194663405418396,0.4803648591041565,0.39101454615592957,0.00019930684569549264
306,0.4872699975967407,0.451957106590271,0.35312896966934204,0.00019929359552550265
307,0.5021909475326538,0.46599334478378296,0.36197614669799805,0.00019928022035699166
308,0.4878480136394501,0.45170876383781433,0.3613925874233246,0.00019926672020679736
309,0.45892250537872314,0.42579030990600586,0.3313218951225281,0.00019925309509191482
310,0.4684709310531616,0.433746337890625,0.3472457826137543,0.00019923934502949644
311,0.47517138719558716,0.440006822347641,0.35164567828178406,0.00019922547003685176
312,0.4767955541610718,0.4425241947174072,0.34271344542503357,0.0001992114701314478
313,0.4836975932121277,0.44829991459846497,0.3539767861366272,0.00019919734533090867
314,0.5131199955940247,0.47477853298187256,0.38341474533081055,0.0001991830956530158
315,0.4919019937515259,0.45567646622657776,0.3622552752494812,0.00019916872111570784
316,0.4891235828399658,0.45336589217185974,0.35757705569267273,0.00019915422173708046
317,0.46830546855926514,0.43450263142585754,0.3380284905433655,0.00019913959753538674
318,0.4723494350910187,0.437786340713501,0.34563106298446655,0.00019912484852903668
319,0.4852377772331238,0.4503602385520935,0.34877535700798035,0.0001991099747365975
320,0.5172213912010193,0.4797760844230652,0.3744527995586395,0.00019909497617679348
321,0.47358956933021545,0.43995967507362366,0.33629894256591797,0.000199079852868506
322,0.45170828700065613,0.4180058538913727,0.3370243012905121,0.00019906460483077348
323,0.4653061628341675,0.4323362112045288,0.32969948649406433,0.0001990492320827913
324,0.5178549885749817,0.47974616289138794,0.3810884952545166,0.00019903373464391186
325,0.47225674986839294,0.4378826916217804,0.3437405526638031,0.00019901811253364456
326,0.4872303903102875,0.4515701234340668,0.35660260915756226,0.00019900236577165576
327,0.4941691756248474,0.4583861231803894,0.35783055424690247,0.0001989864943777687
328,0.5026805996894836,0.4662708640098572,0.3640972077846527,0.0001989704983719635
329,0.4672207534313202,0.43231287598609924,0.349078893661499,0.0001989543777743772
330,0.519717812538147,0.4815058410167694,0.3821200132369995,0.00019893813260530368
331,0.438416451215744,0.40677008032798767,0.3164635896682739,0.0001989217628851936
332,0.4935157597064972,0.45700469613075256,0.3651106357574463,0.00019890526863465443
333,0.4807227551937103,0.44577550888061523,0.3494725823402405,0.0001988886498744505
334,0.47678735852241516,0.4424589276313782,0.3432843089103699,0.00019887190662550266
335,0.48238468170166016,0.44704771041870117,0.35336965322494507,0.00019885503890888876
336,0.4702605605125427,0.43634673953056335,0.3391381502151489,0.0001988380467458431
337,0.4382254481315613,0.40653765201568604,0.31687799096107483,0.00019882093015775678
338,0.45263436436653137,0.41917848587036133,0.33455890417099,0.0001988036891661775
339,0.4838351011276245,0.4492163062095642,0.3461879789829254,0.0001987863237928095
340,0.490622878074646,0.4549286365509033,0.3569425642490387,0.00019876883405951377
341,0.4913138747215271,0.45550745725631714,0.3580641746520996,0.0001987512199883077
342,0.48976632952690125,0.45392152667045593,0.3584481179714203,0.00019873348160136524
343,0.4941307008266449,0.45771336555480957,0.3641732335090637,0.00019871561892101692
344,0.4906471073627472,0.4550752639770508,0.3557184636592865,0.00019869763196974957
345,0.45485520362854004,0.4224708080291748,0.3238440155982971,0.00019867952077020666
346,0.4779326915740967,0.44373181462287903,0.34200888872146606,0.0001986612853451879
347,0.45920228958129883,0.42515385150909424,0.3404844105243683,0.00019864292571764955
348,0.49848735332489014,0.4616917371749878,0.3679561913013458,0.00019862444191070408
349,0.4803629517555237,0.4458199441432953,0.34543001651763916,0.0001986058339476204
350,0.48091596364974976,0.4462526738643646,0.34663301706314087,0.0001985871018518236
351,0.4538019299507141,0.4202076494693756,0.3359428346157074,0.00019856824564689515
352,0.4914572238922119,0.4553087055683136,0.36148515343666077,0.00019854926535657267
353,0.48452073335647583,0.44938933849334717,0.35131385922431946,0.00019853016100475007
354,0.47003042697906494,0.4358597695827484,0.34170669317245483,0.0001985109326154774
355,0.5193300843238831,0.48090994358062744,0.384201318025589,0.00019849158021296081
356,0.49153411388397217,0.4555627405643463,0.35971370339393616,0.00019847210382156267
357,0.46885913610458374,0.4349610507488251,0.3389807939529419,0.00019845250346580136
358,0.46986091136932373,0.435732901096344,0.3412801921367645,0.0001984327791703513
359,0.4807848632335663,0.4458543658256531,0.34930506348609924,0.00019841293096004302
360,0.4828794002532959,0.4480013847351074,0.34878009557724,0.00019839295885986296
361,0.5119731426239014,0.47530487179756165,0.3666829466819763,0.00019837286289495361
362,0.48804259300231934,0.45242658257484436,0.3561599850654602,0.00019835264309061326
363,0.49106284976005554,0.45555368065834045,0.3550916016101837,0.00019833229947229623
364,0.47757261991500854,0.44238752126693726,0.35185113549232483,0.00019831183206561262
365,0.4789735674858093,0.44366955757141113,0.35304009914398193,0.00019829124089632845
366,0.49480757117271423,0.45829644799232483,0.3651111423969269,0.00019827052599036545
367,0.47734686732292175,0.4424452781677246,0.3490159511566162,0.00019824968737380117
368,0.4567578434944153,0.42363691329956055,0.3312094509601593,0.0001982287250728689
369,0.50527024269104,0.4696681797504425,0.35602089762687683,0.00019820763911395758
370,0.4862649440765381,0.4514434337615967,0.3482151925563812,0.00019818642952361187
371,0.4537479877471924,0.421298086643219,0.3244990110397339,0.00019816509632853208
372,0.4949784278869629,0.4586968719959259,0.3628156781196594,0.00019814363955557404
373,0.4609200358390808,0.4280080497264862,0.32911989092826843,0.0001981220592317493
374,0.4796741008758545,0.4452871084213257,0.34387004375457764,0.0001981003553842248
375,0.5040283799171448,0.4681166708469391,0.35911718010902405,0.00019807852804032305
376,0.4906467795372009,0.45511624217033386,0.3553052544593811,0.00019805657722752202
377,0.47988104820251465,0.44400477409362793,0.35876286029815674,0.00019803450297345508
378,0.5045875310897827,0.4682556390762329,0.36331865191459656,0.00019801230530591105
379,0.46507027745246887,0.43135201930999756,0.33718252182006836,0.00019798998425283403
380,0.5042092800140381,0.4677995443344116,0.3640972673892975,0.00019796753984232358
381,0.4828227162361145,0.448283314704895,0.3453941345214844,0.00019794497210263442
382,0.4417305290699005,0.4101026952266693,0.316278338432312,0.00019792228106217658
383,0.4473070800304413,0.41430118680000305,0.3300588130950928,0.00019789946674951536
384,0.47761043906211853,0.4430972933769226,0.34513142704963684,0.00019787652919337116
385,0.4886743724346161,0.45328786969184875,0.3538651168346405,0.00019785346842261957
386,0.5011232495307922,0.4640556275844574,0.3706763982772827,0.00019783028446629123
387,0.49172988533973694,0.4560692012310028,0.3566069006919861,0.00019780697735357204
388,0.4701929986476898,0.4363776445388794,0.3381536602973938,0.0001977835471138027
389,0.4607284367084503,0.4278942048549652,0.3283421993255615,0.0001977599937764791
390,0.48632368445396423,0.451122909784317,0.35200777649879456,0.00019773631737125192
391,0.46842071413993835,0.43506720662117004,0.33353501558303833,0.00019771251792792698
392,0.47090330719947815,0.43678048253059387,0.341228187084198,0.00019768859547646478
393,0.47202029824256897,0.4374270439147949,0.3459324538707733,0.00019766455004698082
394,0.45061710476875305,0.41749346256256104,0.33123642206192017,0.00019764038166974535
395,0.46325621008872986,0.42931148409843445,0.3394472301006317,0.0001976160903751834
396,0.4837619364261627,0.44872114062309265,0.3504079282283783,0.00019759167619387476
397,0.4847307801246643,0.4496467411518097,0.3508402407169342,0.0001975671391565539
398,0.4603971540927887,0.4277203381061554,0.3267681896686554,0.00019754247929410995
399,0.5323141813278198,0.4939155578613281,0.3839864134788513,0.00019751769663758665
400,0.485334575176239,0.45004433393478394,0.35290229320526123,0.00019749279121818235
401,0.4646403193473816,0.431453675031662,0.3318665027618408,0.00019746776306724998
402,0.4844368100166321,0.4499393105506897,0.3449750542640686,0.0001974426122162969
403,0.48941770195961,0.4537641406059265,0.35653555393218994,0.00019741733869698495
404,0.4504278600215912,0.4187365770339966,0.31691285967826843,0.0001973919425411304
405,0.4708133935928345,0.43664613366127014,0.34167274832725525,0.00019736642378070392
406,0.49182796478271484,0.45634323358535767,0.35484737157821655,0.00019734078244783054
407,0.48267728090286255,0.4470507800579071,0.35626494884490967,0.00019731501857478954
408,0.4589012861251831,0.42554011940956116,0.3336116075515747,0.0001972891321940145
409,0.4614356756210327,0.4277746081352234,0.3366105854511261,0.00019726312333809322
410,0.4845913052558899,0.449628621339798,0.34962671995162964,0.00019723699203976766
411,0.47737210988998413,0.4429694414138794,0.344026654958725,0.00019721073833193397
412,0.4861524701118469,0.451642781496048,0.3450968563556671,0.00019718436224764233
413,0.4843432605266571,0.4497607350349426,0.3458252251148224,0.00019715786382009705
414,0.4920278489589691,0.456767201423645,0.35260653495788574,0.00019713124308265635
415,0.485299289226532,0.45057547092437744,0.34723806381225586,0.00019710450006883256
416,0.48986372351646423,0.4546581208705902,0.35205593705177307,0.00019707763481229183
417,0.4721134603023529,0.4381314516067505,0.33982011675834656,0.00019705064734685425
418,0.4577959477901459,0.424911230802536,0.3288472890853882,0.00019702353770649378
419,0.4500509202480316,0.4181220829486847,0.3192882835865021,0.00019699630592533808
420,0.4428289234638214,0.41070491075515747,0.3212401568889618,0.0001969689520376687
421,0.42936185002326965,0.3979443311691284,0.31417524814605713,0.00019694147607792083
422,0.5002990365028381,0.46336129307746887,0.36937764286994934,0.0001969138780806833
423,0.48481419682502747,0.44987156987190247,0.3494262993335724,0.00019688615808069872
424,0.4955455958843231,0.4602423310279846,0.3530327379703522,0.0001968583161128631
425,0.4725531339645386,0.4374643564224243,0.3508877158164978,0.00019683035221222618
426,0.4477688670158386,0.4158579111099243,0.3191095292568207,0.00019680226641399096
427,0.49051904678344727,0.4546439051628113,0.3587515652179718,0.00019677405875351414
428,0.4791330099105835,0.4448698163032532,0.34263208508491516,0.00019674572926630567
429,0.42710965871810913,0.39636844396591187,0.30741214752197266,0.00019671727798802895
430,0.4779663681983948,0.4433063566684723,0.3466000258922577,0.00019668870495450066
431,0.4343067407608032,0.40244388580322266,0.3186284303665161,0.00019666001020169073
432,0.4834591746330261,0.4480910301208496,0.3536815643310547,0.00019663119376572242
433,0.47940751910209656,0.4452560842037201,0.34151437878608704,0.00019660225568287202
434,0.4620622396469116,0.4282072186470032,0.33855023980140686,0.00019657319598956913
435,0.4668952226638794,0.43350762128829956,0.33387598395347595,0.0001965440147223963
436,0.44130057096481323,0.4098729193210602,0.3142766058444977,0.00019651471191808924
437,0.4572645127773285,0.4244142770767212,0.3285022974014282,0.00019648528761353652
438,0.4561231732368469,0.4232647716999054,0.32858389616012573,0.00019645574184577982
439,0.46481287479400635,0.43140900135040283,0.33403879404067993,0.00019642607465201364
440,0.5036383271217346,0.466878741979599,0.36759594082832336,0.00019639628606958533
441,0.4358625113964081,0.4046238958835602,0.31238624453544617,0.0001963663761359951
442,0.46462225914001465,0.43163159489631653,0.32990649342536926,0.00019633634488889595
443,0.4274355471134186,0.396771103143692,0.3066444993019104,0.0001963061923660935
444,0.460420697927475,0.42685064673423767,0.33570048213005066,0.0001962759186055461
445,0.4853862524032593,0.4506404995918274,0.34745749831199646,0.00019624552364536473
446,0.46608537435531616,0.4327787160873413,0.3330666720867157,0.00019621500752381294
447,0.4913063049316406,0.45542559027671814,0.3588070273399353,0.00019618437027930683
448,0.48128658533096313,0.44665753841400146,0.3462904095649719,0.00019615361195041492
449,0.4518507122993469,0.4191298484802246,0.3272085189819336,0.00019612273257585815
450,0.46211254596710205,0.4282631576061249,0.33849388360977173,0.00019609173219450998
451,0.4678020477294922,0.4339911937713623,0.3381083905696869,0.000196060610845396
452,0.4991752803325653,0.46341103315353394,0.35764238238334656,0.0001960293685676943
453,0.4634091854095459,0.4302417039871216,0.3316747844219208,0.00019599800540073505
454,0.4591050446033478,0.42671099305152893,0.3239404261112213,0.00019596652138400064
455,0.5017961263656616,0.4655683934688568,0.3622775673866272,0.0001959349165571256
456,0.4518565535545349,0.4198906123638153,0.3196594715118408,0.0001959031909598966
457,0.4659329056739807,0.43295562267303467,0.32977285981178284,0.0001958713446322522
458,0.46529513597488403,0.43169647455215454,0.335986465215683,0.00019583937761428314
459,0.4915350675582886,0.4566483795642853,0.3488670289516449,0.00019580728994623195
460,0.4472731053829193,0.4148045778274536,0.32468530535697937,0.00019577508166849304
461,0.4623919725418091,0.42904427647590637,0.33347681164741516,0.00019574275282161283
462,0.4712340235710144,0.4369351863861084,0.34298840165138245,0.00019571030344628926
463,0.46665436029434204,0.43313685059547424,0.33517518639564514,0.00019567773358337222
464,0.45311039686203003,0.4200900197029114,0.3302037715911865,0.00019564504327386316
465,0.4562123119831085,0.4232823848724365,0.3292991816997528,0.0001956122325589152
466,0.47728341817855835,0.44344761967658997,0.33835792541503906,0.00019557930147983302
467,0.4872964918613434,0.4522559940814972,0.35040485858917236,0.00019554625007807283
468,0.489027738571167,0.45401301980018616,0.3501472473144531,0.0001955130783952423
469,0.4282957911491394,0.3974992632865906,0.3079652786254883,0.00019547978647310057
470,0.46734756231307983,0.4339049160480499,0.3344264626502991,0.00019544637435355808
471,0.45238903164863586,0.42040714621543884,0.31981873512268066,0.00019541284207867662
472,0.49115121364593506,0.45587223768234253,0.35278990864753723,0.0001953791896906692
473,0.4738515019416809,0.43974214792251587,0.34109339118003845,0.0001953454172319001
474,0.4984704256057739,0.46232765913009644,0.3614277243614197,0.00019531152474488477
475,0.4698385000228882,0.4359622895717621,0.33876195549964905,0.00019527751227228963
476,0.4879411458969116,0.4528031647205353,0.3513799011707306,0.0001952433798569323
477,0.5043436884880066,0.46853604912757874,0.35807618498802185,0.00019520912754178123
478,0.4525471031665802,0.41967424750328064,0.32872864603996277,0.00019517475536995604
479,0.4792792797088623,0.44451919198036194,0.3476007282733917,0.000195140263384727
480,0.46287161111831665,0.42961499094963074,0.3325660824775696,0.00019510565162951537
481,0.48934173583984375,0.45457735657691956,0.34764376282691956,0.0001950709201478931
482,0.5001286864280701,0.46392837166786194,0.36200299859046936,0.00019503606898358284
483,0.46321624517440796,0.4290328025817871,0.3418344557285309,0.00019500109818045805
484,0.4892522990703583,0.45461225509643555,0.3464004695415497,0.00019496600778254263
485,0.44446563720703125,0.4125089645385742,0.31956687569618225,0.00019493079783401113
486,0.4602021872997284,0.426909476518631,0.33292707800865173,0.0001948954683791886
487,0.4651043713092804,0.4319908320903778,0.33113542199134827,0.00019486001946255046
488,0.47305360436439514,0.4395769536495209,0.3347663879394531,0.00019482445112872264
489,0.46957555413246155,0.4361395835876465,0.3343598246574402,0.00019478876342248128
490,0.4615079462528229,0.4290192723274231,0.3248867392539978,0.0001947529563887529
491,0.4459472894668579,0.41407206654548645,0.3187522888183594,0.00019471703007261412
492,0.4626736342906952,0.4297759532928467,0.3289768397808075,0.00019468098451929183
493,0.4589022397994995,0.4266676902770996,0.3223455548286438,0.00019464481977416297
494,0.4681640565395355,0.43383437395095825,0.34329673647880554,0.00019460853588275454
495,0.4715249240398407,0.43816593289375305,0.33358991146087646,0.00019457213289074355
496,0.4741332530975342,0.44049420952796936,0.33639031648635864,0.00019453561084395687
497,0.45392870903015137,0.42104247212409973,0.32886239886283875,0.00019449896978837141
498,0.45552897453308105,0.42298880219459534,0.3254016637802124,0.0001944622097701137
499,0.48469120264053345,0.4502655267715454,0.34425681829452515,0.00019442533083546012
500,0.46980422735214233,0.4356823265552521,0.3412191569805145,0.00019438833303083678
501,0.45179858803749084,0.41899871826171875,0.3279985785484314,0.00019435121640281938
502,0.4895409047603607,0.45487430691719055,0.3466659188270569,0.00019431398099813323
503,0.4676576256752014,0.4346042573451996,0.33053359389305115,0.00019427662686365314
504,0.5014581680297852,0.4654313921928406,0.3602680265903473,0.0001942391540464035
505,0.45066675543785095,0.4187399744987488,0.3192678689956665,0.00019420156259355791
506,0.4736427664756775,0.43991371989250183,0.33729055523872375,0.00019416385255243944
507,0.4628051817417145,0.4295938313007355,0.33211347460746765,0.00019412602397052048
508,0.4819370210170746,0.44795313477516174,0.3398389518260956,0.00019408807689542257
509,0.4732345640659332,0.4392155706882477,0.3401898443698883,0.00019405001137491642
510,0.4864002466201782,0.45213550329208374,0.342647522687912,0.0001940118274569219
511,0.4626229405403137,0.42984268069267273,0.327802449464798,0.00019397352518950794
512,0.47295963764190674,0.4385565221309662,0.3440310060977936,0.00019393510462089236
513,0.466671347618103,0.4328405261039734,0.3383082449436188,0.000193896565799442
514,0.4552484452724457,0.4227556884288788,0.3249276578426361,0.00019385790877367255
515,0.4754696786403656,0.44151315093040466,0.3395652770996094,0.00019381913359224842
516,0.46242672204971313,0.42952847480773926,0.3289824426174164,0.0001937802403039829
517,0.46729183197021484,0.43411028385162354,0.33181560039520264,0.0001937412289578379
518,0.4883856177330017,0.45345720648765564,0.34928423166275024,0.00019370209960292386
519,0.5199377536773682,0.4822586476802826,0.37679123878479004,0.00019366285228849996
520,0.46975716948509216,0.4356466829776764,0.34110477566719055,0.00019362348706397373
521,0.4867075979709625,0.4514695107936859,0.3523808717727661,0.0001935840039789012
522,0.45520782470703125,0.42282605171203613,0.3238176703453064,0.00019354440308298672
523,0.4754002094268799,0.4419240653514862,0.3347614109516144,0.00019350468442608305
524,0.48780643939971924,0.452930212020874,0.3487623631954193,0.0001934648480581911
525,0.47394996881484985,0.4402923583984375,0.3365761935710907,0.00019342489402945998
526,0.47475290298461914,0.4400237202644348,0.3472917973995209,0.000193384822390187
527,0.45792779326438904,0.42544636130332947,0.3248143792152405,0.00019334463319081735
528,0.478365033864975,0.44384050369262695,0.34524527192115784,0.00019330432648194444
529,0.4634915590286255,0.4308376610279083,0.3265390396118164,0.00019326390231430942
530,0.47293806076049805,0.4392792582511902,0.3365878760814667,0.00019322336073880142
531,0.4703964293003082,0.43765729665756226,0.32739126682281494,0.00019318270180645737
532,0.4723012447357178,0.43838661909103394,0.33914628624916077,0.00019314192556846185
533,0.5021759271621704,0.4670543074607849,0.35121604800224304,0.00019310103207614718
534,0.49713850021362305,0.46193742752075195,0.3520106077194214,0.00019306002138099327
535,0.47467851638793945,0.44098880887031555,0.33689698576927185,0.00019301889353462762
536,0.46285155415534973,0.42944157123565674,0.33409973978996277,0.00019297764858882514
537,0.4669703543186188,0.43334507942199707,0.3362528085708618,0.0001929362865955082
538,0.4511268138885498,0.41853728890419006,0.3258951008319855,0.0001928948076067465
539,0.46121037006378174,0.4272279143333435,0.3398245573043823,0.00019285321167475698
540,0.4553859531879425,0.4228498637676239,0.3253610134124756,0.0001928114988519039
541,0.5140740871429443,0.4770345985889435,0.37039512395858765,0.00019276966919069862
542,0.45636919140815735,0.4232693910598755,0.3309980630874634,0.0001927277227437995
543,0.48811185359954834,0.4533354341983795,0.3477643132209778,0.00019268565956401208
544,0.44746074080467224,0.4157713055610657,0.31689444184303284,0.00019264347970428876
545,0.4784691631793976,0.4444883465766907,0.3398081958293915,0.0001926011832177288
546,0.48378682136535645,0.44937077164649963,0.34416061639785767,0.00019255877015757835
547,0.47315290570259094,0.4394334554672241,0.3371945321559906,0.00019251624057723023
548,0.45453253388404846,0.42191365361213684,0.3261888027191162,0.00019247359453022407
549,0.47749561071395874,0.44343963265419006,0.3405596911907196,0.00019243083207024598
550,0.4702205955982208,0.4369087219238281,0.333118736743927,0.0001923879532511287
551,0.4748215675354004,0.44113659858703613,0.3368496596813202,0.0001923449581268514
552,0.46789076924324036,0.434647798538208,0.33242958784103394,0.00019230184675153976
553,0.5030297040939331,0.46578291058540344,0.3724677860736847,0.00019225861917946565
554,0.4929743707180023,0.4574723541736603,0.35502010583877563,0.0001922152754650474
555,0.44411924481391907,0.4127163290977478,0.3140290379524231,0.0001921718156628494
556,0.478288859128952,0.4442801773548126,0.3400869071483612,0.00019212823982758226
557,0.49641451239585876,0.46101945638656616,0.35395050048828125,0.00019208454801410266
558,0.4826863408088684,0.4486165940761566,0.34069758653640747,0.0001920407402774132
559,0.4509568512439728,0.418676495552063,0.3228036165237427,0.00019199681667266252
560,0.46185988187789917,0.42952296137809753,0.32336917519569397,0.0001919527772551451
561,0.4620310366153717,0.42870014905929565,0.33330896496772766,0.0001919086220803011
562,0.4787299931049347,0.44508522748947144,0.336447536945343,0.0001918643512037166
563,0.4584086537361145,0.4260941445827484,0.32314518094062805,0.00019181996468112323
564,0.4663264751434326,0.4336838126182556,0.32642674446105957,0.00019177546256839812
565,0.4716930389404297,0.4377916753292084,0.3390137255191803,0.00019173084492156407
566,0.4408787786960602,0.4093371629714966,0.3154161870479584,0.00019168611179678924
567,0.4991060793399811,0.46380531787872314,0.3530077040195465,0.00019164126325038714
568,0.46447017788887024,0.43101605772972107,0.33454132080078125,0.00019159629933881666
569,0.4900822043418884,0.4539106488227844,0.361715704202652,0.00019155122011868186
570,0.46821126341819763,0.43487417697906494,0.33337080478668213,0.00019150602564673198
571,0.4749719798564911,0.4407792389392853,0.34192728996276855,0.00019146071597986138
572,0.4668353796005249,0.43382319808006287,0.3301217555999756,0.00019141529117510932
573,0.48680561780929565,0.45193740725517273,0.3486820161342621,0.00019136975128966017
574,0.46105340123176575,0.4284825623035431,0.3257085084915161,0.00019132409638084304
575,0.47968024015426636,0.4455840587615967,0.3409617245197296,0.00019127832650613189
576,0.4273512363433838,0.3974428176879883,0.2990840673446655,0.00019123244172314545
577,0.4776299297809601,0.44395387172698975,0.33676061034202576,0.00019118644208964702
578,0.48452284932136536,0.4499577581882477,0.345650851726532,0.00019114032766354453
579,0.4738674759864807,0.44078347086906433,0.33084002137184143,0.00019109409850289044
580,0.44406354427337646,0.4119299352169037,0.32133612036705017,0.00019104775466588161
581,0.46049556136131287,0.4274219572544098,0.3307359516620636,0.00019100129621085925
582,0.467288076877594,0.43404144048690796,0.3324662148952484,0.00019095472319630892
583,0.4572954773902893,0.42409735918045044,0.33198103308677673,0.00019090803568086036
584,0.5092258453369141,0.47365602850914,0.3556983768939972,0.00019086123372328746
585,0.4577387571334839,0.4257810115814209,0.3195776045322418,0.00019081431738250814
586,0.4955786466598511,0.46009233593940735,0.3548630475997925,0.00019076728671758438
587,0.4793444871902466,0.44548505544662476,0.3385944366455078,0.00019072014178772202
588,0.47770485281944275,0.4440203011035919,0.33684560656547546,0.00019067288265227082
589,0.4418836534023285,0.41052764654159546,0.3135600686073303,0.00019062550937072424
590,0.5041857361793518,0.4683285057544708,0.3585720956325531,0.00019057802200271942
591,0.4598791003227234,0.42724674940109253,0.32632365822792053,0.0001905304206080372
592,0.5039887428283691,0.4681479334831238,0.35840797424316406,0.00019048270524660196
593,0.4331909418106079,0.4026816487312317,0.30509287118911743,0.0001904348759784815
594,0.4775531589984894,0.4436357319355011,0.33917418122291565,0.00019038693286388698
595,0.47022247314453125,0.4359842538833618,0.3423823416233063,0.00019033887596317298
596,0.48078399896621704,0.4468165338039398,0.3396746814250946,0.00019029070533683725
597,0.45730486512184143,0.42523661255836487,0.3206825256347656,0.00019024242104552074
598,0.4719249904155731,0.4388556480407715,0.3306933641433716,0.00019019402315000752
599,0.45196354389190674,0.4196586608886719,0.32304883003234863,0.00019014551171122457
600,0.474877268075943,0.44093847274780273,0.3393878936767578,0.0001900968867902419
601,0.47403621673583984,0.440218985080719,0.3381723165512085,0.0001900481484482724
602,0.46087411046028137,0.42759913206100464,0.33274969458580017,0.0001899992967466716
603,0.47714823484420776,0.4434777796268463,0.33670467138290405,0.0001899503317469379
604,0.4683099091053009,0.4354451894760132,0.3286472260951996,0.00018990125351071226
605,0.4501591920852661,0.418243408203125,0.3191576898097992,0.00018985206209977813
606,0.46691322326660156,0.43382149934768677,0.3309171497821808,0.00018980275757606157
607,0.44391629099845886,0.412405788898468,0.3151050806045532,0.00018975334000163093
608,0.44968467950820923,0.41697221994400024,0.32712456583976746,0.00018970380943869687
609,0.45686453580856323,0.4244401156902313,0.3242441415786743,0.00018965416594961238
610,0.47607308626174927,0.4428803324699402,0.3319275379180908,0.00018960440959687254
611,0.45865216851234436,0.42621034383773804,0.3244182765483856,0.0001895545404431145
612,0.4689887464046478,0.43555334210395813,0.3343539834022522,0.00018950455855111745
613,0.47345149517059326,0.44005635380744934,0.333951473236084,0.0001894544639838025
614,0.4774259328842163,0.4434117078781128,0.3401423990726471,0.00018940425680423264
615,0.4428442120552063,0.41162967681884766,0.31214529275894165,0.00018935393707561251
616,0.4453461766242981,0.41395267844200134,0.3139348328113556,0.00018930350486128856
617,0.46872678399086,0.4355852007865906,0.33141589164733887,0.00018925296022474878
618,0.4425874650478363,0.41144323348999023,0.31144243478775024,0.00018920230322962264
619,0.44317346811294556,0.4116857051849365,0.3148775100708008,0.0001891515339396812
620,0.499035507440567,0.4638386070728302,0.351968914270401,0.0001891006524188368
621,0.42157506942749023,0.39184823632240295,0.29726845026016235,0.000189049658731143
622,0.4587233066558838,0.4258068799972534,0.32916414737701416,0.00018899855294079472
623,0.44361162185668945,0.4125504791736603,0.31061142683029175,0.00018894733511212782
624,0.4596255123615265,0.4268626570701599,0.3276284635066986,0.00018889600530961934
625,0.4581848382949829,0.4258744418621063,0.3231039047241211,0.00018884456359788724
626,0.4850664734840393,0.450512558221817,0.34553927183151245,0.00018879301004169036
627,0.5080925226211548,0.47157514095306396,0.36517372727394104,0.00018874134470592835
628,0.46069151163101196,0.4283542037010193,0.32337310910224915,0.0001886895676556415
629,0.4564596116542816,0.42375296354293823,0.32706642150878906,0.00018863767895601087
630,0.4755721688270569,0.4416380524635315,0.33934131264686584,0.000188585678672358
631,0.46944960951805115,0.4358513057231903,0.3359830379486084,0.00018853356687014485
632,0.4397554099559784,0.40882816910743713,0.30927228927612305,0.00018848134361497385
633,0.4423435628414154,0.4112704396247864,0.31073111295700073,0.0001884290089725877
634,0.45659685134887695,0.4244265556335449,0.3217028081417084,0.00018837656300886937
635,0.4847349524497986,0.44953829050064087,0.3519664704799652,0.00018832400578984183
636,0.47041621804237366,0.4371565282344818,0.3325967788696289,0.0001882713373816683
637,0.4663352370262146,0.4335416555404663,0.3279358148574829,0.00018821855785065185
638,0.4562356770038605,0.4239358901977539,0.3229979872703552,0.00018816566726323548
639,0.4737095832824707,0.4405623972415924,0.3314719796180725,0.00018811266568600194
640,0.4459567964076996,0.4136742949485779,0.32282501459121704,0.0001880595531856738
641,0.4501767158508301,0.4174604117870331,0.32716307044029236,0.00018800632982911322
642,0.4652922451496124,0.43202120065689087,0.3327104449272156,0.00018795299568332184
643,0.463742196559906,0.4309147894382477,0.32827407121658325,0.00018789955081544092
644,0.4591158330440521,0.42562946677207947,0.3348637819290161,0.000187845995292751
645,0.4568510949611664,0.4235855042934418,0.3326559066772461,0.00018779232918267195
646,0.44979217648506165,0.4177815020084381,0.32010671496391296,0.00018773855255276283
647,0.4664592742919922,0.4332565665245056,0.33202722668647766,0.00018768466547072188
648,0.4686121642589569,0.4361255466938019,0.3248662054538727,0.00018763066800438636
649,0.44859054684638977,0.4169723093509674,0.31618228554725647,0.00018757656022173248
650,0.47480669617652893,0.44100239872932434,0.33804309368133545,0.00018752234219087538
651,0.4769722819328308,0.4435213804244995,0.3345089554786682,0.0001874680139800689
652,0.4813186526298523,0.44713252782821655,0.34186121821403503,0.0001874135756577056
653,0.497204065322876,0.4616236686706543,0.355803906917572,0.00018735902729231677
654,0.4797457158565521,0.4453464150428772,0.34399306774139404,0.00018730436895257206
655,0.4610547125339508,0.4285276532173157,0.32527053356170654,0.00018724960070727972
656,0.4955679178237915,0.4593479037284851,0.3622000813484192,0.00018719472262538624
657,0.4271198809146881,0.3961925208568573,0.3092736303806305,0.00018713973477597646
658,0.4575187861919403,0.42533591389656067,0.3218287527561188,0.00018708463722827336
659,0.46837860345840454,0.4347231984138489,0.33655402064323425,0.00018702943005163803
660,0.46368423104286194,0.4305028021335602,0.331814169883728,0.00018697411331556956
661,0.4550756812095642,0.4228191077709198,0.32256582379341125,0.00018691868708970496
662,0.4794185161590576,0.4455723762512207,0.3384614586830139,0.00018686315144381913
663,0.4800706207752228,0.44654130935668945,0.33529314398765564,0.00018680750644782467
664,0.44963425397872925,0.41760146617889404,0.32032787799835205,0.00018675175217177175
665,0.46434178948402405,0.4316983222961426,0.32643455266952515,0.0001866958886858483
666,0.466645210981369,0.43298161029815674,0.3366360366344452,0.0001866399160603796
667,0.46060261130332947,0.42745646834373474,0.3314613103866577,0.0001865838343658284
668,0.4479421377182007,0.416110098361969,0.31832054257392883,0.00018652764367279461
669,0.47256219387054443,0.4395269751548767,0.33035215735435486,0.0001864713440520155
670,0.4581504762172699,0.4255249500274658,0.3262553811073303,0.0001864149355743655
671,0.45530346035957336,0.42336776852607727,0.31935685873031616,0.00018635841831085586
672,0.4512825012207031,0.4196230471134186,0.31659451127052307,0.00018630179233263504
673,0.46543213725090027,0.4320284128189087,0.33403724431991577,0.00018624505771098817
674,0.47083088755607605,0.437328577041626,0.3350229859352112,0.00018618821451733724
675,0.46600162982940674,0.43337494134902954,0.3262668251991272,0.00018613126282324092
676,0.4776647090911865,0.4434719681739807,0.34192726016044617,0.0001860742027003944
677,0.4791654348373413,0.4447638988494873,0.3440152406692505,0.0001860170342206294
678,0.44422072172164917,0.41215983033180237,0.320608913898468,0.0001859597574559141
679,0.4523344337940216,0.42061761021614075,0.31716832518577576,0.00018590237247835293
680,0.457693874835968,0.4250600337982178,0.32633835077285767,0.00018584487936018661
681,0.4493871033191681,0.41768741607666016,0.3169969916343689,0.00018578727817379195
682,0.46568983793258667,0.43247342109680176,0.3321640193462372,0.0001857295689916818
683,0.44408488273620605,0.41236087679862976,0.31723999977111816,0.00018567175188650498
684,0.479630708694458,0.4454585909843445,0.34172117710113525,0.00018561382693104615
685,0.4806237518787384,0.4466809034347534,0.339428573846817,0.00018555579419822583
686,0.4481968879699707,0.416346937417984,0.31849947571754456,0.0001854976537611001
687,0.49120956659317017,0.4567500948905945,0.34459465742111206,0.00018543940569286065
688,0.4561293423175812,0.42457881569862366,0.3155052363872528,0.00018538105006683472
689,0.4814843535423279,0.44763126969337463,0.3385307490825653,0.00018532258695648496
690,0.47071051597595215,0.4369402825832367,0.3377022445201874,0.00018526401643540922
691,0.46367135643959045,0.43111222982406616,0.32559117674827576,0.0001852053385773407
692,0.48032787442207336,0.44628530740737915,0.3404257297515869,0.00018514655345614763
693,0.4812023639678955,0.44697293639183044,0.3422943651676178,0.00018508766114583332
694,0.464881032705307,0.43149304389953613,0.33387982845306396,0.00018502866172053598
695,0.4716683626174927,0.43866637349128723,0.3300197422504425,0.00018496955525452874
696,0.45571833848953247,0.42380255460739136,0.3191577196121216,0.0001849103418222194
697,0.4852478504180908,0.450636088848114,0.34611761569976807,0.00018485102149815038
698,0.4586504101753235,0.4254847466945648,0.3316565155982971,0.00018479159435699883
699,0.466857373714447,0.4329543113708496,0.33903050422668457,0.00018473206047357619
700,0.4383780360221863,0.40730521082878113,0.31072840094566345,0.00018467241992282843
701,0.4563750624656677,0.4238845407962799,0.32490527629852295,0.00018461267277983568
702,0.4381561577320099,0.4069102704524994,0.31245899200439453,0.0001845528191198123
703,0.47992241382598877,0.44529789686203003,0.3462451100349426,0.00018449285901810675
704,0.4661012589931488,0.43336373567581177,0.327375203371048,0.00018443279255020152
705,0.49260038137435913,0.45694634318351746,0.35654041171073914,0.0001843726197917129
706,0.4525173008441925,0.4202471077442169,0.322702020406723,0.0001843123408183911
707,0.4713360369205475,0.437864750623703,0.3347129821777344,0.00018425195570611998
708,0.46114981174468994,0.4284110367298126,0.3273876905441284,0.00018419146453091701
709,0.4720887243747711,0.43879520893096924,0.33293506503105164,0.0001841308673689332
710,0.45579999685287476,0.4239138066768646,0.31886202096939087,0.00018407016429645303
711,0.49513426423072815,0.46008235216140747,0.3505190908908844,0.0001840093553898942
712,0.472842276096344,0.4395708739757538,0.33271411061286926,0.00018394844072580773
713,0.4652712047100067,0.4322702884674072,0.3300090730190277,0.00018388742038087777
714,0.4620385766029358,0.4295254945755005,0.32513096928596497,0.00018382629443192144
715,0.43967533111572266,0.40879032015800476,0.30885016918182373,0.00018376506295588886
716,0.46606770157814026,0.432676762342453,0.333909273147583,0.00018370372602986303
717,0.43862006068229675,0.40801993012428284,0.3060013949871063,0.00018364228373105964
718,0.4599705636501312,0.4277133643627167,0.32257208228111267,0.00018358073613682706
719,0.4884243905544281,0.4534798264503479,0.349445641040802,0.0001835190833246461
720,0.4341686964035034,0.40321388840675354,0.3095480501651764,0.00018345732537213027
721,0.47850170731544495,0.44425973296165466,0.34241971373558044,0.00018339546235702524
722,0.45599859952926636,0.4239300787448883,0.32068517804145813,0.00018333349435720894
723,0.4902733564376831,0.45548906922340393,0.3478429317474365,0.0001832714214506916
724,0.44354385137557983,0.412771999835968,0.3077183663845062,0.0001832092437156154
725,0.44545575976371765,0.414334237575531,0.3112151324748993,0.00018314696123025454
726,0.4605519771575928,0.4278726875782013,0.3267929255962372,0.00018308457407301503
727,0.470279723405838,0.43773043155670166,0.32549285888671875,0.00018302208232243473
728,0.5068338513374329,0.47051653265953064,0.36317333579063416,0.00018295948605718314
729,0.4800427556037903,0.4461579918861389,0.3388475477695465,0.00018289678535606126
730,0.4705556035041809,0.4371677041053772,0.3338790833950043,0.00018283398029800166
731,0.4624537527561188,0.42942169308662415,0.33032071590423584,0.00018277107096206826
732,0.4841224253177643,0.44976186752319336,0.3436056673526764,0.00018270805742745617
733,0.49766045808792114,0.46244698762893677,0.3521345555782318,0.00018264493977349184
734,0.46367883682250977,0.43133631348609924,0.32342529296875,0.0001825817180796326
735,0.4488920569419861,0.41692426800727844,0.3196779191493988,0.00018251839242546696
736,0.4584547281265259,0.42534732818603516,0.33107393980026245,0.0001824549628907141
737,0.44276148080825806,0.41141462326049805,0.3134685456752777,0.00018239142955522406
738,0.46331632137298584,0.43063655495643616,0.3267975151538849,0.0001823277924989776
739,0.4559551477432251,0.42358729243278503,0.3236786425113678,0.000182264051802086
740,0.45701050758361816,0.42493289709091187,0.3207760155200958,0.00018220020754479102
741,0.47448721528053284,0.44063520431518555,0.3385201394557953,0.00018213625980746475
742,0.4656704068183899,0.43272316455841064,0.3294724225997925,0.00018207220867060966
743,0.43378615379333496,0.4029933214187622,0.3079284429550171,0.00018200805421485824
744,0.4712083041667938,0.4377955198287964,0.3341277539730072,0.0001819437965209732
745,0.46035319566726685,0.4273951053619385,0.32958075404167175,0.0001818794356698471
746,0.4468473494052887,0.41514483094215393,0.3170251250267029,0.00018181497174250236
747,0.4526125192642212,0.4200919270515442,0.32520604133605957,0.0001817504048200912
748,0.4668154716491699,0.4341347813606262,0.3268069326877594,0.00018168573498389564
749,0.47783714532852173,0.4440613389015198,0.33775794506073,0.00018162096231532694
750,0.4711005985736847,0.43767914175987244,0.33421462774276733,0.00018155608689592604
751,0.4791313111782074,0.4453962445259094,0.3373507857322693,0.0001814911088073632
752,0.49204450845718384,0.45764997601509094,0.343945175409317,0.00018142602813143785
753,0.43509721755981445,0.4041158854961395,0.3098132610321045,0.00018136084495007872
754,0.4720083475112915,0.4385392963886261,0.3346904516220093,0.0001812955593453434
755,0.4638710021972656,0.43118295073509216,0.3268806040287018,0.0001812301713994185
756,0.47409433126449585,0.4410426914691925,0.3305164873600006,0.00018116468119461953
757,0.450188547372818,0.41810542345046997,0.3208313584327698,0.00018109908881339058
758,0.4638175964355469,0.43124788999557495,0.3256969451904297,0.00018103339433830454
759,0.4597562551498413,0.4275405704975128,0.32215675711631775,0.00018096759785206267
760,0.482345849275589,0.44776418805122375,0.3458165228366852,0.00018090169943749476
761,0.48237305879592896,0.4486199915409088,0.33753082156181335,0.00018083569917755885
762,0.42062097787857056,0.3910459876060486,0.29574987292289734,0.00018076959715534124
763,0.47142595052719116,0.43825361132621765,0.33172327280044556,0.00018070339345405625
764,0.48440131545066833,0.4504077732563019,0.3399353325366974,0.00018063708815704632
765,0.48877352476119995,0.4547213315963745,0.34052202105522156,0.00018057068134778173
766,0.4749605059623718,0.4411577880382538,0.3380272090435028,0.00018050417310986052
767,0.5101659893989563,0.47428658604621887,0.35879409313201904,0.00018043756352700846
768,0.45180073380470276,0.4199269115924835,0.31873831152915955,0.00018037085268307889
769,0.49230435490608215,0.4572211802005768,0.3508317470550537,0.0001803040406620526
770,0.5008875727653503,0.4656088650226593,0.3527870178222656,0.0001802371275480378
771,0.45450347661972046,0.4222951829433441,0.3220829665660858,0.0001801701134252699
772,0.43680450320243835,0.40618401765823364,0.30620473623275757,0.0001801029983781116
773,0.44332608580589294,0.41172894835472107,0.315971314907074,0.00018003578249105244
774,0.4759824872016907,0.44214537739753723,0.33837106823921204,0.00017996846584870908
775,0.46189430356025696,0.4292635917663574,0.32630714774131775,0.00017990104853582493
776,0.4407086670398712,0.4097452163696289,0.30963462591171265,0.00017983353063727016
777,0.43464383482933044,0.40426555275917053,0.3037828505039215,0.00017976591223804161
778,0.44565582275390625,0.41388776898384094,0.3176805377006531,0.00017969819342326254
779,0.47400182485580444,0.4403863549232483,0.3361545503139496,0.00017963037427818268
780,0.4489258825778961,0.41754668951034546,0.31379202008247375,0.00017956245488817812
781,0.4762299656867981,0.44242292642593384,0.3380703628063202,0.000179494435338751
782,0.43773066997528076,0.4069329798221588,0.3079770505428314,0.00017942631571552973
783,0.5030614137649536,0.46758580207824707,0.35475629568099976,0.0001793580961042685
784,0.4448226988315582,0.41323333978652954,0.31589362025260925,0.00017928977659084755
785,0.4840036928653717,0.45000579953193665,0.33997902274131775,0.00017922135726127275
786,0.47811686992645264,0.4445124566555023,0.33604398369789124,0.00017915283820167573
787,0.4855867922306061,0.4501968324184418,0.3538995087146759,0.00017908421949831366
788,0.4677768647670746,0.4342699348926544,0.3350692689418793,0.00017901550123756906
789,0.4417291581630707,0.4102388024330139,0.3149034380912781,0.00017894668350594981
790,0.4653056561946869,0.43228065967559814,0.3302498757839203,0.00017887776639008914
791,0.474464476108551,0.4410906136035919,0.33373868465423584,0.00017880874997674515
792,0.48363780975341797,0.4498356878757477,0.33802127838134766,0.00017873963435280121
793,0.4535430073738098,0.42129987478256226,0.32243141531944275,0.00017867041960526535
794,0.46448618173599243,0.4313846230506897,0.33101558685302734,0.0001786011058212706
795,0.46236661076545715,0.4296261966228485,0.32740405201911926,0.00017853169308807448
796,0.42627257108688354,0.3959250748157501,0.3034748435020447,0.0001784621814930592
797,0.45776405930519104,0.42471978068351746,0.3304428458213806,0.00017839257112373132
798,0.4472868740558624,0.4158570468425751,0.31429821252822876,0.00017832286206772186
799,0.47208085656166077,0.4387092590332031,0.33371594548225403,0.00017825305441278598
800,0.4533407986164093,0.42058253288269043,0.3275827467441559,0.000178183148246803
801,0.47846511006355286,0.44442740082740784,0.34037721157073975,0.00017811314365777625
802,0.46545225381851196,0.43258136510849,0.3287088871002197,0.000178043040733833
803,0.45912936329841614,0.4263968765735626,0.3273249566555023,0.0001779728395632242
804,0.43903523683547974,0.4081428349018097,0.3089239299297333,0.00017790254023432466
805,0.44094526767730713,0.40954023599624634,0.3140504062175751,0.00017783214283563262
806,0.4414958953857422,0.4099002480506897,0.31595662236213684,0.00017776164745576976
807,0.4783976376056671,0.4440964162349701,0.34301215410232544,0.00017769105418348122
808,0.44625821709632874,0.41454988718032837,0.31708335876464844,0.00017762036310763532
809,0.4452510476112366,0.4139198958873749,0.31331148743629456,0.00017754957431722346
810,0.46158114075660706,0.42882388830184937,0.32757240533828735,0.0001774786879013601
811,0.43671292066574097,0.4054540991783142,0.3125881850719452,0.0001774077039492826
812,0.4725445508956909,0.43937814235687256,0.33166423439979553,0.00017733662255035114
813,0.45822224020957947,0.4261493384838104,0.3207288980484009,0.0001772654437940484
814,0.4732888340950012,0.4400087893009186,0.3328004479408264,0.0001771941677699799
815,0.45385491847991943,0.42168888449668884,0.32166048884391785,0.00017712279456787332
816,0.4682425260543823,0.43486833572387695,0.33374181389808655,0.00017705132427757895
817,0.43181926012039185,0.4004286825656891,0.31390565633773804,0.00017697975698906904
818,0.47947877645492554,0.4455958306789398,0.33882936835289,0.00017690809279243813
819,0.45677900314331055,0.42468932271003723,0.32089683413505554,0.00017683633177790272
820,0.45381954312324524,0.42196303606033325,0.31856513023376465,0.0001767644740358011
821,0.46539589762687683,0.43272221088409424,0.3267369270324707,0.0001766925196565935
822,0.4767323136329651,0.44296491146087646,0.33767396211624146,0.00017662046873086163
823,0.4786527752876282,0.44443219900131226,0.34220588207244873,0.00017654832134930882
824,0.45432886481285095,0.42181289196014404,0.32515984773635864,0.00017647607760275987
825,0.4798991084098816,0.4462586045265198,0.33640503883361816,0.00017640373758216077
826,0.4862458109855652,0.45154017210006714,0.34705647826194763,0.0001763313013785788
827,0.46590134501457214,0.43266773223876953,0.33233603835105896,0.00017625876908320236
828,0.49578532576560974,0.4606878161430359,0.35097503662109375,0.00017618614078734069
829,0.4516817331314087,0.42001667618751526,0.31665053963661194,0.00017611341658242395
830,0.4428437352180481,0.41181325912475586,0.3103048801422119,0.0001760405965600031
831,0.45906463265419006,0.42647862434387207,0.3258601725101471,0.00017596768081174963
832,0.4627891182899475,0.43029144406318665,0.3249768912792206,0.00017589466942945556
833,0.4674796462059021,0.4338652491569519,0.3361441195011139,0.00017582156250503335
834,0.45599520206451416,0.4240782856941223,0.31916916370391846,0.00017574836013051562
835,0.41651564836502075,0.3872252106666565,0.2929043173789978,0.0001756750623980553
836,0.467306911945343,0.43417736887931824,0.331295371055603,0.00017560166939992528
837,0.4668554663658142,0.43438664078712463,0.3246883749961853,0.00017552818122851838
838,0.47242608666419983,0.4388667345046997,0.335593581199646,0.0001754545979763472
839,0.43809330463409424,0.40664827823638916,0.31445014476776123,0.00017538091973604418
840,0.42748311161994934,0.39772236347198486,0.2976073622703552,0.00017530714660036112
841,0.4465887248516083,0.41512808203697205,0.31460630893707275,0.00017523327866216944
842,0.48747095465660095,0.4528082311153412,0.3466271162033081,0.00017515931601445986
843,0.4717342257499695,0.4385477602481842,0.3318645656108856,0.00017508525875034237
844,0.46901169419288635,0.4355285167694092,0.3348318636417389,0.00017501110696304596
845,0.4634794294834137,0.43019038438796997,0.33289045095443726,0.00017493686074591873
846,0.46072667837142944,0.4283143877983093,0.3241230547428131,0.0001748625201924276
847,0.4541865587234497,0.4224819540977478,0.31704607605934143,0.00017478808539615824
848,0.46011826395988464,0.42779794335365295,0.3232031762599945,0.00017471355645081498
849,0.47865578532218933,0.44554808735847473,0.3310769200325012,0.00017463893345022067
850,0.427606463432312,0.3977026343345642,0.2990381419658661,0.00017456421648831655
851,0.45201191306114197,0.42042940855026245,0.3158249258995056,0.00017448940565916222
852,0.47621726989746094,0.44181862473487854,0.3439866006374359,0.0001744145010569353
853,0.4506567120552063,0.4188211262226105,0.3183559477329254,0.00017433950277593162
854,0.48188525438308716,0.44776251912117004,0.3412274420261383,0.0001742644109105648
855,0.47722992300987244,0.4437703788280487,0.33459556102752686,0.00017418922555536637
856,0.46673092246055603,0.43356209993362427,0.3316883444786072,0.0001741139468049855
857,0.4690208435058594,0.4355122148990631,0.3350864052772522,0.00017403857475418896
858,0.4668380618095398,0.43378692865371704,0.33051130175590515,0.000173963109497861
859,0.45859813690185547,0.42634281516075134,0.3225533068180084,0.0001738875511310031
860,0.4535011053085327,0.42156991362571716,0.3193117678165436,0.00017381189974873407
861,0.4606502056121826,0.42804792523384094,0.3260227143764496,0.00017373615544628978
862,0.45159411430358887,0.4194090664386749,0.32185032963752747,0.00017366031831902304
863,0.45439741015434265,0.42233991622924805,0.32057487964630127,0.0001735843884624035
864,0.45545291900634766,0.4239598512649536,0.31493058800697327,0.00017350836597201767
865,0.4617631733417511,0.42967545986175537,0.3208770751953125,0.00017343225094356855
866,0.47573232650756836,0.44251251220703125,0.33219823241233826,0.0001733560434728757
867,0.4458135664463043,0.41473859548568726,0.3107497990131378,0.00017327974365587495
868,0.4707236886024475,0.4374179244041443,0.3330577611923218,0.00017320335158861855
869,0.45933768153190613,0.4274522364139557,0.3188544511795044,0.0001731268673672747
870,0.4382133185863495,0.40728500485420227,0.3092832565307617,0.00017305029108812776
871,0.464554101228714,0.4319387972354889,0.32615306973457336,0.00017297362284757794
872,0.45179495215415955,0.42026057839393616,0.3153436481952667,0.00017289686274214118
873,0.4797688126564026,0.4458141028881073,0.3395470380783081,0.00017282001086844906
874,0.49394461512565613,0.4586598873138428,0.352847158908844,0.00017274306732324872
875,0.46671780943870544,0.4341822564601898,0.32535555958747864,0.0001726660322034027
876,0.48115986585617065,0.4466841518878937,0.34475719928741455,0.00017258890560588888
877,0.4942479133605957,0.4590584933757782,0.35189417004585266,0.00017251168762780013
878,0.480354905128479,0.44684168696403503,0.3351321816444397,0.0001724343783663445
879,0.4727570712566376,0.4394412636756897,0.333158016204834,0.00017235697791884494
880,0.47155115008354187,0.4384537637233734,0.33097395300865173,0.00017227948638273916
881,0.45199647545814514,0.4202564060688019,0.3174007833003998,0.00017220190385557955
882,0.46006208658218384,0.4276657998561859,0.3239630162715912,0.00017212423043503301
883,0.4770415723323822,0.4436032772064209,0.3343828618526459,0.00017204646621888096
884,0.45704156160354614,0.4242348372936249,0.32806724309921265,0.00017196861130501905
885,0.4697231352329254,0.4366801679134369,0.33042967319488525,0.00017189066579145705
886,0.4878304600715637,0.45309552550315857,0.3473494350910187,0.0001718126297763189
887,0.4736291766166687,0.44014692306518555,0.33482247591018677,0.0001717345033578424
888,0.5082595944404602,0.47259700298309326,0.3566259443759918,0.00017165628663437922
889,0.4823177754878998,0.44893768429756165,0.3338009715080261,0.00017157797970439464
890,0.4838036894798279,0.44903433322906494,0.3476935029029846,0.00017149958266646754
891,0.47379302978515625,0.44039177894592285,0.3340126574039459,0.00017142109561929023
892,0.4687691628932953,0.4359699785709381,0.32799187302589417,0.00017134251866166827
893,0.4329383373260498,0.40168094635009766,0.31257402896881104,0.00017126385189252053
894,0.4559492766857147,0.42380383610725403,0.32145434617996216,0.00017118509541087887
895,0.4917309582233429,0.4566967487335205,0.3503419756889343,0.00017110624931588806
896,0.455711305141449,0.4240540862083435,0.3165721893310547,0.0001710273137068057
897,0.47278690338134766,0.43968427181243896,0.3310264050960541,0.00017094828868300215
898,0.4794628918170929,0.4449562728404999,0.34506621956825256,0.0001708691743439602
899,0.43983450531959534,0.4092511236667633,0.3058339059352875,0.00017078997078927521
900,0.4720412790775299,0.43855568766593933,0.33485597372055054,0.00017071067811865476
901,0.4523674547672272,0.42071011662483215,0.3165733814239502,0.00017063129643191864
902,0.4453699588775635,0.4140965938568115,0.31273353099823,0.00017055182582899873
903,0.47276684641838074,0.43970999121665955,0.3305686414241791,0.00017047226640993883
904,0.4590558111667633,0.42655691504478455,0.32498884201049805,0.0001703926182748945
905,0.453723669052124,0.4214463531970978,0.3227732479572296,0.00017031288152413306
906,0.4695729613304138,0.4361308515071869,0.3344210982322693,0.00017023305625803333
907,0.5050010085105896,0.46935370564460754,0.35647276043891907,0.0001701531425770856
908,0.465599000453949,0.4325662851333618,0.33032718300819397,0.0001700731405818914
909,0.44237062335014343,0.41121411323547363,0.3115650415420532,0.00016999305037316352
910,0.48446089029312134,0.45024675130844116,0.3421415388584137,0.00016991287205172573
911,0.4831416606903076,0.4489421248435974,0.3419952392578125,0.0001698326057185128
912,0.46669483184814453,0.4340773820877075,0.32617464661598206,0.00016975225147457026
913,0.4914456009864807,0.45653751492500305,0.34908097982406616,0.00016967180942105423
914,0.4516720771789551,0.41943082213401794,0.32241252064704895,0.00016959127965923142
915,0.4471123516559601,0.4154263734817505,0.3168598711490631,0.0001695106622904791
916,0.4668148159980774,0.4335589110851288,0.3325589597225189,0.0001694299574162846
917,0.4876995384693146,0.4537050127983093,0.3399452567100525,0.0001693491651382455
918,0.4642513692378998,0.43111076951026917,0.33140596747398376,0.0001692682855580695
919,0.49632763862609863,0.4612407982349396,0.350868284702301,0.00016918731877757406
920,0.4719093441963196,0.43890678882598877,0.3300255537033081,0.00016910626489868649
921,0.47332677245140076,0.44014355540275574,0.3318322002887726,0.00016902512402344373
922,0.4719378650188446,0.43823695182800293,0.3370092213153839,0.00016894389625399226
923,0.47850707173347473,0.44451311230659485,0.3399396240711212,0.0001688625816925879
924,0.45666465163230896,0.4249045252799988,0.3176013231277466,0.00016878118044159578
925,0.49239593744277954,0.45791366696357727,0.3448226749897003,0.00016869969260349018
926,0.4507194757461548,0.41843777894973755,0.32281696796417236,0.00016861811828085429
927,0.46317368745803833,0.43087461590766907,0.3229908049106598,0.00016853645757638024
928,0.4431949555873871,0.41208013892173767,0.31114819645881653,0.00016845471059286887
929,0.4510904550552368,0.41975101828575134,0.3133944869041443,0.00016837287743322975
930,0.46203118562698364,0.4293835461139679,0.3264763057231903,0.00016829095820048072
931,0.4632084369659424,0.4301197826862335,0.33088669180870056,0.00016820895299774814
932,0.4848910868167877,0.4506913125514984,0.34199780225753784,0.00016812686192826663
933,0.46395570039749146,0.4312381148338318,0.32717597484588623,0.00016804468509537874
934,0.4298449456691742,0.39964795112609863,0.30196985602378845,0.00016796242260253512
935,0.4534919857978821,0.42154204845428467,0.3194992244243622,0.0001678800745532942
936,0.460110068321228,0.4276927411556244,0.3241732716560364,0.0001677976410513221
937,0.4492782950401306,0.41749855875968933,0.3177972733974457,0.00016771512220039255
938,0.4446544945240021,0.41397932171821594,0.3067517876625061,0.00016763251810438678
939,0.4664109945297241,0.4331592917442322,0.3325168788433075,0.00016754982886729318
940,0.4775114953517914,0.44377410411834717,0.3373740315437317,0.00016746705459320745
941,0.4568173587322235,0.4250258505344391,0.31791505217552185,0.0001673841953863323
942,0.4609367251396179,0.4285896122455597,0.3234712481498718,0.00016730125135097735
943,0.4441307783126831,0.41284871101379395,0.3128206431865692,0.00016721822259155902
944,0.47544893622398376,0.44140908122062683,0.3403985798358917,0.0001671351092126004
945,0.5047027468681335,0.469490110874176,0.3521263301372528,0.00016705191131873107
946,0.4311291575431824,0.40127596259117126,0.2985319495201111,0.0001669686290146871
947,0.4282633066177368,0.3980944752693176,0.3016882538795471,0.00016688526240531064
948,0.45790791511535645,0.4253539741039276,0.3255394995212555,0.00016680181159555013
949,0.4354829490184784,0.40469539165496826,0.3078756034374237,0.00016671827669045998
950,0.457045316696167,0.42512908577919006,0.31916239857673645,0.0001666346577952004
951,0.4583907127380371,0.42596396803855896,0.32426759600639343,0.00016655095501503738
952,0.46428751945495605,0.43193477392196655,0.32352760434150696,0.0001664671684553426
953,0.4953118562698364,0.46016061305999756,0.35151228308677673,0.00016638329822159296
954,0.4519764184951782,0.41955476999282837,0.32421642541885376,0.00016629934441937097
955,0.43575868010520935,0.4048939347267151,0.308647483587265,0.00016621530715436414
956,0.4708491861820221,0.43725594878196716,0.33593234419822693,0.00016613118653236518
957,0.43317142128944397,0.40286970138549805,0.30301719903945923,0.00016604698265927173
958,0.46091702580451965,0.42859846353530884,0.32318565249443054,0.0001659626956410861
959,0.4810276925563812,0.4468909502029419,0.3413673937320709,0.0001658783255839154
960,0.4584212303161621,0.42638322710990906,0.32038000226020813,0.00016579387259397127
961,0.44674697518348694,0.4153924584388733,0.3135451078414917,0.00016570933677756967
962,0.48039600253105164,0.4463665783405304,0.3402943015098572,0.00016562471824113092
963,0.440316766500473,0.4096652865409851,0.306514710187912,0.0001655400170911794
964,0.45577162504196167,0.42373713850975037,0.3203449845314026,0.00016545523343434356
965,0.46360504627227783,0.4311038851737976,0.32501161098480225,0.00016537036737735564
966,0.4803867042064667,0.4465927481651306,0.33793967962265015,0.00016528541902705162
967,0.47567200660705566,0.4415813386440277,0.3409067988395691,0.00016520038849037117
968,0.4466686546802521,0.41491368412971497,0.3175496757030487,0.00016511527587435737
969,0.43604856729507446,0.4050605595111847,0.30988001823425293,0.00016503008128615655
970,0.46003636717796326,0.42739641666412354,0.32639947533607483,0.00016494480483301836
971,0.47224369645118713,0.4396013021469116,0.3264240622520447,0.00016485944662229546
972,0.5000059008598328,0.4645065665245056,0.35499340295791626,0.00016477400676144334
973,0.4904666543006897,0.45550423860549927,0.34962424635887146,0.00016468848535802045
974,0.46174973249435425,0.42949584126472473,0.3225388824939728,0.00016460288251968775
975,0.4646270275115967,0.43199029564857483,0.32636719942092896,0.00016451719835420877
976,0.4788978695869446,0.44468551874160767,0.34212347865104675,0.00016443143296944945
977,0.45910459756851196,0.42658939957618713,0.3251520097255707,0.0001643455864733779
978,0.4385126233100891,0.40729862451553345,0.31214001774787903,0.0001642596589740644
979,0.4841718375682831,0.44960880279541016,0.34563031792640686,0.00016417365057968123
980,0.4836095869541168,0.4493427872657776,0.34266793727874756,0.0001640875613985024
981,0.4448463022708893,0.41375333070755005,0.31092965602874756,0.00016400139153890375
982,0.43773964047431946,0.40742483735084534,0.30314791202545166,0.00016391514110936255
983,0.44799330830574036,0.4165158271789551,0.31477484107017517,0.00016382881021845762
984,0.46803754568099976,0.43485942482948303,0.3317811191082001,0.000163742398974869
985,0.48218396306037903,0.44841620326042175,0.33767759799957275,0.00016365590748737788
986,0.48600268363952637,0.4521484375,0.3385423719882965,0.00016356933586486648
987,0.4385938048362732,0.40746068954467773,0.31133100390434265,0.00016348268421631797
988,0.45952966809272766,0.4274972975254059,0.32032379508018494,0.0001633959526508162
989,0.47523653507232666,0.4418123960494995,0.3342415392398834,0.00016330914127754553
990,0.46710947155952454,0.4340873956680298,0.3302208483219147,0.00016322225020579099
991,0.4797975718975067,0.4462724030017853,0.3352516293525696,0.00016313527954493778
992,0.4775749444961548,0.4442196190357208,0.3335532248020172,0.00016304822940447139
993,0.49427637457847595,0.45945122838020325,0.34825143218040466,0.0001629610998939773
994,0.4523925185203552,0.4197145104408264,0.32678017020225525,0.00016287389112314092
995,0.4619506299495697,0.42982906103134155,0.3212156891822815,0.00016278660320174747
996,0.44561880826950073,0.41418060660362244,0.31438201665878296,0.0001626992362396818
997,0.48157256841659546,0.4472438097000122,0.34328755736351013,0.00016261179034692826
998,0.4352019727230072,0.4046199917793274,0.30581986904144287,0.00016252426563357052
999,0.45631128549575806,0.42445582151412964,0.3185545802116394,0.00016243666220979157
1000,0.47023168206214905,0.43720462918281555,0.3302704393863678,0.00016234898018587337
1001,0.4710039496421814,0.43722808361053467,0.3377586901187897,0.0001622612196721969
1002,0.5094802379608154,0.47305598855018616,0.36424264311790466,0.000162173380779242
1003,0.4506029784679413,0.41830605268478394,0.32296937704086304,0.00016208546361758707
1004,0.45372408628463745,0.4216471016407013,0.32076969742774963,0.00016199746829790906
1005,0.49421578645706177,0.4596039652824402,0.34611812233924866,0.00016190939493098344
1006,0.4316858649253845,0.4016023278236389,0.3008352816104889,0.00016182124362768368
1007,0.46385762095451355,0.4312293827533722,0.3262825012207031,0.00016173301449898166
1008,0.4705532491207123,0.437276691198349,0.3327656388282776,0.00016164470765594698
1009,0.4365673065185547,0.40614986419677734,0.30417436361312866,0.00016155632320974728
1010,0.44940483570098877,0.4180700480937958,0.313347727060318,0.00016146786127164771
1011,0.49117836356163025,0.4559039771556854,0.3527437746524811,0.00016137932195301114
1012,0.44490861892700195,0.41329076886177063,0.3161783814430237,0.00016129070536529766
1013,0.4654359519481659,0.4326852560043335,0.32750704884529114,0.00016120201162006482
1014,0.4483611285686493,0.4170782268047333,0.31282901763916016,0.0001611132408289672
1015,0.5082361698150635,0.4725562334060669,0.3567993640899658,0.00016102439310375637
1016,0.44895362854003906,0.4177027642726898,0.3125087320804596,0.00016093546855628084
1017,0.4472062885761261,0.4152202904224396,0.31985992193222046,0.00016084646729848568
1018,0.4996086061000824,0.4643775224685669,0.3523108661174774,0.00016075738944241268
1019,0.45599132776260376,0.42377951741218567,0.32211798429489136,0.00016066823510019998
1020,0.4395999312400818,0.408764123916626,0.30835801362991333,0.000160579004384082
1021,0.47047901153564453,0.43711674213409424,0.33362269401550293,0.00016048969740638933
1022,0.4773496985435486,0.4430274963378906,0.34322208166122437,0.00016040031427954853
1023,0.47024956345558167,0.43697991967201233,0.3326965272426605,0.00016031085511608213
1024,0.47628816962242126,0.4428321421146393,0.33456024527549744,0.00016022132002860824
1025,0.44744378328323364,0.4155225455760956,0.3192124664783478,0.00016013170912984058
1026,0.4748075604438782,0.44044455885887146,0.3436301350593567,0.00016004202253258842
1027,0.4666794240474701,0.43405693769454956,0.3262248933315277,0.00015995226034975617
1028,0.4556816518306732,0.4229810833930969,0.3270055651664734,0.00015986242269434354
1029,0.4680399000644684,0.434746652841568,0.33293259143829346,0.00015977250967944508
1030,0.48733553290367126,0.45185282826423645,0.35482707619667053,0.00015968252141825037
1031,0.4594700038433075,0.4271934926509857,0.3227651119232178,0.00015959245802404365
1032,0.45697835087776184,0.4240230619907379,0.3295528292655945,0.00015950231961020373
1033,0.46814292669296265,0.43567535281181335,0.32467570900917053,0.00015941210629020388
1034,0.47542256116867065,0.4406152069568634,0.34807348251342773,0.00015932181817761163
1035,0.49337834119796753,0.4590226709842682,0.3435567021369934,0.00015923145538608875
1036,0.48238423466682434,0.44807669520378113,0.34307533502578735,0.0001591410180293909
1037,0.4843534529209137,0.4498405158519745,0.3451293706893921,0.00015905050622136777
1038,0.45948103070259094,0.4269956946372986,0.3248533010482788,0.0001589599200759626
1039,0.43384987115859985,0.4037353992462158,0.3011445999145508,0.00015886925970721235
1040,0.46966058015823364,0.43666717410087585,0.32993394136428833,0.00015877852522924732
1041,0.46942830085754395,0.43647727370262146,0.3295104205608368,0.00015868771675629114
1042,0.45912379026412964,0.42644810676574707,0.32675689458847046,0.00015859683440266068
1043,0.4609450697898865,0.42841583490371704,0.3252924084663391,0.00015850587828276564
1044,0.4404246211051941,0.40898677706718445,0.31437841057777405,0.0001584148485111087
1045,0.4707556366920471,0.4376671016216278,0.33088529109954834,0.00015832374520228525
1046,0.46920880675315857,0.4360772669315338,0.331315279006958,0.00015823256847098324
1047,0.4621719717979431,0.4302128851413727,0.31959089636802673,0.00015814131843198308
1048,0.48706603050231934,0.4530716836452484,0.3399435877799988,0.00015804999520015734
1049,0.4476322531700134,0.41632550954818726,0.31306731700897217,0.00015795859889047091
1050,0.4489559829235077,0.417398065328598,0.3155790865421295,0.0001578671296179806
1051,0.4649564325809479,0.4320414960384369,0.32914936542510986,0.000157775587497835
1052,0.48082709312438965,0.4469106197357178,0.33916476368904114,0.00015768397264527448
1053,0.47867393493652344,0.44500723481178284,0.3366669714450836,0.00015759228517563099
1054,0.4669092297554016,0.43340107798576355,0.33508166670799255,0.00015750052520432787
1055,0.4454658031463623,0.41371363401412964,0.3175215423107147,0.0001574086928468797
1056,0.42845213413238525,0.3981987237930298,0.3025341033935547,0.00015731678821889224
1057,0.4299558699131012,0.40015238523483276,0.29803481698036194,0.0001572248114360622
1058,0.4789441227912903,0.4454728662967682,0.33471256494522095,0.00015713276261417706
1059,0.47266411781311035,0.4390905499458313,0.3357356786727905,0.00015704064186911518
1060,0.46884581446647644,0.43562549352645874,0.33220309019088745,0.0001569484493168452
1061,0.46467310190200806,0.43200454115867615,0.3266855776309967,0.0001568561850734264
1062,0.4748859405517578,0.44104117155075073,0.3384476602077484,0.00015676384925500814
1063,0.46504974365234375,0.4324873983860016,0.32562360167503357,0.00015667144197783
1064,0.4697856605052948,0.43698742985725403,0.3279822766780853,0.00015657896335822147
1065,0.4952492117881775,0.4603351950645447,0.3491402268409729,0.00015648641351260177
1066,0.47036200761795044,0.4371359050273895,0.33226099610328674,0.00015639379255747994
1067,0.5068422555923462,0.47085443139076233,0.35987821221351624,0.0001563011006094544
1068,0.4603685140609741,0.42753729224205017,0.3283121883869171,0.00015620833778521307
1069,0.45552170276641846,0.42385134100914,0.31670355796813965,0.00015611550420153297
1070,0.44274166226387024,0.4118550717830658,0.30886587500572205,0.00015602259997528028
1071,0.48763197660446167,0.4533350467681885,0.34296944737434387,0.0001559296252234101
1072,0.4314018487930298,0.4009186625480652,0.30483174324035645,0.00015583658006296624
1073,0.4648982584476471,0.432738333940506,0.32159924507141113,0.0001557434646110813
1074,0.4577379524707794,0.4257426857948303,0.3199526369571686,0.00015565027898497617
1075,0.4620402455329895,0.43001115322113037,0.32029086351394653,0.00015555702330196023
1076,0.4828907251358032,0.4491540491580963,0.33736661076545715,0.00015546369767943102
1077,0.46285656094551086,0.4303792417049408,0.3247731328010559,0.0001553703022348741
1078,0.4911569356918335,0.4559268355369568,0.3523009419441223,0.0001552768370858629
1079,0.5044813752174377,0.46895965933799744,0.35521695017814636,0.00015518330235005868
1080,0.49192145466804504,0.45759186148643494,0.3432958424091339,0.00015508969814521025
1081,0.456890732049942,0.424803227186203,0.32087504863739014,0.0001549960245891539
1082,0.4474378526210785,0.41630011796951294,0.3113774061203003,0.0001549022817998132
1083,0.4516395330429077,0.4199898838996887,0.31649646162986755,0.00015480846989519885
1084,0.43830761313438416,0.4076768457889557,0.30630767345428467,0.0001547145889934086
1085,0.45486271381378174,0.4228665828704834,0.31996122002601624,0.0001546206392126271
1086,0.4749184846878052,0.44116315245628357,0.3375532031059265,0.0001545266206711256
1087,0.49931925535202026,0.4632878303527832,0.36031433939933777,0.00015443253348726202
1088,0.4766365587711334,0.4429909884929657,0.33645564317703247,0.0001543383777794806
1089,0.44758257269859314,0.416307657957077,0.3127492070198059,0.00015424415366631188
1090,0.46986693143844604,0.436654657125473,0.33212268352508545,0.00015414986126637258
1091,0.5074272155761719,0.4715365171432495,0.3589070439338684,0.00015405550069836528
1092,0.46625664830207825,0.43360987305641174,0.32646769285202026,0.00015396107208107845
1093,0.48080745339393616,0.4473112225532532,0.3349624276161194,0.0001538665755333862
1094,0.4411093592643738,0.4105340540409088,0.3057529628276825,0.00015377201117424812
1095,0.4567750096321106,0.42492252588272095,0.31852492690086365,0.0001536773791227092
1096,0.4701620936393738,0.43648234009742737,0.33679768443107605,0.00015358267949789966
1097,0.4419423043727875,0.41147980093955994,0.30462512373924255,0.0001534879124190348
1098,0.4409586489200592,0.41009271144866943,0.30865946412086487,0.00015339307800541475
1099,0.49188995361328125,0.4576454758644104,0.34244462847709656,0.00015329817637642454
1100,0.4726746380329132,0.43873700499534607,0.33937644958496094,0.00015320320765153367
1101,0.47406673431396484,0.44036468863487244,0.3370204567909241,0.0001531081719502962
1102,0.4582822918891907,0.4267004430294037,0.31581857800483704,0.00015301306939235053
1103,0.4289618134498596,0.3985976278781891,0.30364179611206055,0.00015291790009741907
1104,0.46375060081481934,0.4313815236091614,0.32369062304496765,0.00015282266418530847
1105,0.4497990608215332,0.41843941807746887,0.3135964274406433,0.000152727361775909
1106,0.4828345775604248,0.4490736126899719,0.33760952949523926,0.00015263199298919488
1107,0.46099790930747986,0.42856672406196594,0.3243117928504944,0.00015253655794522368
1108,0.4697457253932953,0.4372093677520752,0.3253635764122009,0.0001524410567641366
1109,0.4690471291542053,0.43628156185150146,0.3276555836200714,0.00015234548956615784
1110,0.44886717200279236,0.4165783226490021,0.32288843393325806,0.0001522498564715949
1111,0.4800281226634979,0.44604775309562683,0.3398037254810333,0.0001521541576008382
1112,0.4949362874031067,0.45991888642311096,0.3501739799976349,0.00015205839307436088
1113,0.4751073122024536,0.44187650084495544,0.33230817317962646,0.00015196256301271884
1114,0.45284852385520935,0.4208742380142212,0.31974294781684875,0.0001518666675365504
1115,0.4463803768157959,0.4149261713027954,0.31454214453697205,0.00015177070676657633
1116,0.44635626673698425,0.4153774082660675,0.30978867411613464,0.00015167468082359945
1117,0.45295199751853943,0.42155203223228455,0.31399956345558167,0.00015157858982850475
1118,0.4517037272453308,0.42017146944999695,0.315322607755661,0.00015148243390225908
1119,0.46371176838874817,0.4313446879386902,0.3236708343029022,0.00015138621316591094
1120,0.4319608807563782,0.40185755491256714,0.3010331988334656,0.00015128992774059063
1121,0.4785423278808594,0.4447629451751709,0.33779391646385193,0.00015119357774750965
1122,0.45507439970970154,0.42330244183540344,0.3177194893360138,0.0001510971633079609
1123,0.46262362599372864,0.43035295605659485,0.32270658016204834,0.00015100068454331836
1124,0.44275474548339844,0.4112657308578491,0.3148900866508484,0.00015090414157503714
1125,0.43300703167915344,0.40266305208206177,0.3034397065639496,0.00015080753452465296
1126,0.4978981912136078,0.4626927375793457,0.3520545959472656,0.00015071086351378231
1127,0.450786292552948,0.41880592703819275,0.3198035657405853,0.00015061412866412225
1128,0.4549682140350342,0.4229493737220764,0.32018840312957764,0.00015051733009745013
1129,0.47678905725479126,0.44282498955726624,0.3396407663822174,0.00015042046793562348
1130,0.48244741559028625,0.44787225127220154,0.3457517623901367,0.00015032354230058004
1131,0.47013744711875916,0.43680718541145325,0.3333025872707367,0.00015022655331433727
1132,0.4454447329044342,0.41410553455352783,0.3133920729160309,0.0001501295010989925
1133,0.4535903334617615,0.42152947187423706,0.3206084668636322,0.00015003238577672266
1134,0.47196024656295776,0.43872037529945374,0.3323986232280731,0.00014993520746978405
1135,0.43721646070480347,0.40660086274147034,0.30615606904029846,0.0001498379663005123
1136,0.46590837836265564,0.43330609798431396,0.3260227143764496,0.0001497406623913222
1137,0.4650815427303314,0.43260759115219116,0.324739545583725,0.00014964329586470752
1138,0.4703122079372406,0.43727678060531616,0.3303541839122772,0.00014954586684324078
1139,0.46083420515060425,0.42855024337768555,0.322839617729187,0.00014944837544957323
1140,0.45199528336524963,0.4202541410923004,0.31741130352020264,0.0001493508218064347
1141,0.4401211142539978,0.4089391827583313,0.3118191659450531,0.00014925320603663327
1142,0.48424896597862244,0.449695348739624,0.34553611278533936,0.00014915552826305533
1143,0.45077839493751526,0.4188622534275055,0.3191615343093872,0.0001490577886086652
1144,0.4442530870437622,0.41283535957336426,0.31417736411094666,0.00014895998719650526
1145,0.4616858661174774,0.42928242683410645,0.32403451204299927,0.00014886212414969553
1146,0.4721520245075226,0.4389771521091461,0.33174875378608704,0.0001487641995914336
1147,0.4425201714038849,0.41172489523887634,0.30795276165008545,0.0001486662136449946
1148,0.4777520000934601,0.4431568682193756,0.3459513783454895,0.00014856816643373083
1149,0.4244917631149292,0.394286185503006,0.30205580592155457,0.00014847005808107185
1150,0.4606866240501404,0.42782074213027954,0.3286588490009308,0.000148371888710524
1151,0.4771959185600281,0.4436136484146118,0.335822731256485,0.0001482736584456706
1152,0.48009034991264343,0.4463050365447998,0.3378531038761139,0.00014817536741017152
1153,0.473690390586853,0.44004055857658386,0.3364984393119812,0.00014807701572776323
1154,0.4636760652065277,0.43115419149398804,0.32521870732307434,0.00014797860352225853
1155,0.4603734612464905,0.4277893900871277,0.3258407711982727,0.00014788013091754628
1156,0.46313658356666565,0.43053531646728516,0.3260127007961273,0.00014778159803759158
1157,0.4594472646713257,0.4271451234817505,0.32302126288414,0.00014768300500643517
1158,0.4397864043712616,0.40874820947647095,0.3103819489479065,0.00014758435194819376
1159,0.454292356967926,0.4228091239929199,0.31483229994773865,0.00014748563898705946
1160,0.4565536677837372,0.4246596395969391,0.3189404010772705,0.00014738686624729986
1161,0.47087132930755615,0.43737807869911194,0.33493250608444214,0.00014728803385325782
1162,0.46909046173095703,0.436221182346344,0.3286927342414856,0.0001471891419293512
1163,0.4680791199207306,0.43486160039901733,0.33217522501945496,0.00014709019060007286
1164,0.4397122263908386,0.40894779562950134,0.30764421820640564,0.00014699117998999054
1165,0.46698081493377686,0.43410587310791016,0.3287493884563446,0.00014689211022374645
1166,0.44585976004600525,0.4140928387641907,0.31766918301582336,0.00014679298142605734
1167,0.4768507480621338,0.4424564838409424,0.3439424932003021,0.0001466937937217143
1168,0.45403197407722473,0.4224399924278259,0.3159198760986328,0.00014659454723558248
1169,0.4695146083831787,0.4365547001361847,0.329598993062973,0.00014649524209260116
1170,0.46163615584373474,0.4286000728607178,0.33036091923713684,0.00014639587841778343
1171,0.4642893671989441,0.43177008628845215,0.32519271969795227,0.0001462964563362159
1172,0.46750494837760925,0.43445733189582825,0.3304760456085205,0.00014619697597305898
1173,0.47292590141296387,0.4391760230064392,0.3374987244606018,0.00014609743745354624
1174,0.4812912046909332,0.4474223256111145,0.3386887311935425,0.0001459978409029845
1175,0.46831214427948,0.43534284830093384,0.3296930491924286,0.00014589818644675378
1176,0.47625595331192017,0.44293567538261414,0.33320292830467224,0.00014579847421030678
1177,0.45129698514938354,0.4195801615715027,0.31716838479042053,0.00014569870431916903
1178,0.47275903820991516,0.43941450119018555,0.3334454596042633,0.0001455988768989387
1179,0.4956623315811157,0.46131637692451477,0.34345945715904236,0.00014549899207528632
1180,0.47140881419181824,0.437735378742218,0.3367343544960022,0.00014539904997395468
1181,0.45197686553001404,0.4201440215110779,0.3183284103870392,0.00014529905072075872
1182,0.4497954249382019,0.417945921421051,0.3184950351715088,0.00014519899444158526
1183,0.4546931982040405,0.42303863167762756,0.31654563546180725,0.00014509888126239297
1184,0.4565918743610382,0.42486336827278137,0.3172849714756012,0.00014499871130921213
1185,0.4533154368400574,0.421622633934021,0.31692805886268616,0.00014489848470814447
1186,0.4731326997280121,0.44007542729377747,0.33057260513305664,0.00014479820158536306
1187,0.46794554591178894,0.4347386658191681,0.3320687413215637,0.00014469786206711214
1188,0.5000079274177551,0.4647355377674103,0.3527236580848694,0.00014459746627970685
1189,0.45740434527397156,0.425682932138443,0.3172140121459961,0.0001444970143495333
1190,0.45199400186538696,0.41997358202934265,0.3202041983604431,0.00014439650640304822
1191,0.46621307730674744,0.4333667457103729,0.3284633159637451,0.00014429594256677882
1192,0.47001779079437256,0.43663930892944336,0.33378472924232483,0.0001441953229673227
1193,0.4575859308242798,0.4248504638671875,0.32735469937324524,0.00014409464773134764
1194,0.46185821294784546,0.42977285385131836,0.3208535611629486,0.00014399391698559152
1195,0.46822476387023926,0.4351955056190491,0.330292671918869,0.00014389313085686205
1196,0.444882333278656,0.412849485874176,0.3203284442424774,0.00014379228947203665
1197,0.4719124436378479,0.4389595687389374,0.32952868938446045,0.0001436913929580623
1198,0.4658830165863037,0.43343663215637207,0.32446369528770447,0.00014359044144195547
1199,0.4613666832447052,0.4291287660598755,0.3223792016506195,0.00014348943505080173
1200,0.4704468548297882,0.4375755786895752,0.3287127912044525,0.00014338837391175582
1201,0.4560636281967163,0.42407065629959106,0.31992974877357483,0.00014328725815204144
1202,0.4500350058078766,0.41836780309677124,0.3166719675064087,0.00014318608789895088
1203,0.4811163544654846,0.44738468527793884,0.33731672167778015,0.00014308486327984523
1204,0.45945534110069275,0.4272220730781555,0.3223326504230499,0.00014298358442215388
1205,0.4591408371925354,0.42615678906440735,0.32984039187431335,0.00014288225145337466
1206,0.48767566680908203,0.45326176285743713,0.344139039516449,0.0001427808645010733
1207,0.4478827714920044,0.4162723422050476,0.3161042630672455,0.00014267942369288364
1208,0.4655413329601288,0.4326735734939575,0.3286774754524231,0.00014257792915650728
1209,0.44997715950012207,0.41813260316848755,0.31844571232795715,0.00014247638101971344
1210,0.45709550380706787,0.4251297414302826,0.3196575939655304,0.00014237477941033888
1211,0.44062942266464233,0.40976858139038086,0.30860838294029236,0.00014227312445628759
1212,0.45831355452537537,0.42587119340896606,0.324423611164093,0.00014217141628553078
1213,0.45738303661346436,0.42545822262763977,0.3192480802536011,0.00014206965502610655
1214,0.4321434795856476,0.4017832279205322,0.30360257625579834,0.00014196784080612002
1215,0.4702521562576294,0.43733158707618713,0.32920554280281067,0.0001418659737537428
1216,0.4539909362792969,0.4213595986366272,0.32631322741508484,0.00014176405399721312
1217,0.49015969038009644,0.4556366205215454,0.3452307879924774,0.00014166208166483548
1218,0.4495519995689392,0.41835859417915344,0.31193405389785767,0.00014156005688498063
1219,0.44296208024024963,0.4118734300136566,0.3108864426612854,0.00014145797978608527
1220,0.45763063430786133,0.42605355381965637,0.3157709538936615,0.00014135585049665207
1221,0.4556615948677063,0.4230179190635681,0.32643669843673706,0.00014125366914524934
1222,0.4604625701904297,0.42786505818367004,0.3259750008583069,0.00014115143586051088
1223,0.4638531804084778,0.43167632818222046,0.3217686414718628,0.000141049150771136
1224,0.43338534235954285,0.40281686186790466,0.30568477511405945,0.00014094681400588906
1225,0.4527888000011444,0.4212779402732849,0.3151085078716278,0.00014084442569359964
1226,0.4514862298965454,0.42015352845191956,0.3133270740509033,0.00014074198596316205
1227,0.4510919749736786,0.41948673129081726,0.31605231761932373,0.0001406394949435355
1228,0.48593565821647644,0.4512398838996887,0.3469577729701996,0.0001405369527637436
1229,0.49543434381484985,0.46059945225715637,0.34834903478622437,0.00014043435955287452
1230,0.479365736246109,0.4454589784145355,0.33906760811805725,0.00014033171544008052
1231,0.4692840874195099,0.4366576671600342,0.3262641727924347,0.00014022902055457802
1232,0.44495898485183716,0.4134094715118408,0.315495103597641,0.00014012627502564743
1233,0.4544632136821747,0.4229013919830322,0.3156183063983917,0.00014002347898263274
1234,0.45961272716522217,0.42719364166259766,0.32419100403785706,0.0001399206325549417
1235,0.4735177159309387,0.4405125379562378,0.33005163073539734,0.00013981773587204535
1236,0.46994391083717346,0.4364469647407532,0.3349694013595581,0.00013971478906347806
1237,0.4771043658256531,0.44394853711128235,0.3315582275390625,0.00013961179225883735
1238,0.448087602853775,0.4160815179347992,0.32006075978279114,0.00013950874558778362
1239,0.4983547329902649,0.46278560161590576,0.35569143295288086,0.00013940564918004004
1240,0.45911312103271484,0.4269520342350006,0.3216109275817871,0.00013930250316539238
1241,0.4361507296562195,0.4052150845527649,0.3093564808368683,0.00013919930767368891
1242,0.44089388847351074,0.4096405506134033,0.31253334879875183,0.00013909606283484018
1243,0.4715834856033325,0.4387807548046112,0.3280274271965027,0.00013899276877881884
1244,0.452842116355896,0.4214420020580292,0.31400108337402344,0.0001388894256356595
1245,0.45194342732429504,0.42026910185813904,0.3167433738708496,0.00013878603353545854
1246,0.4310656487941742,0.40034404397010803,0.30721595883369446,0.00013868259260837402
1247,0.468539297580719,0.43530526757240295,0.33234044909477234,0.00013857910298462544
1248,0.47548094391822815,0.4420824348926544,0.33398497104644775,0.0001384755647944936
1249,0.49538224935531616,0.4607119560241699,0.3467028737068176,0.0001383719781683205
1250,0.4473758339881897,0.416033536195755,0.3134230375289917,0.000138268343236509
1251,0.4784783720970154,0.4450863003730774,0.3339206874370575,0.00013816466012952285
1252,0.4831717014312744,0.44863900542259216,0.3453269600868225,0.00013806092897788644
1253,0.4376692473888397,0.40703824162483215,0.30631011724472046,0.00013795714991218463
1254,0.4607796370983124,0.4285707473754883,0.32208895683288574,0.00013785332306306259
1255,0.4992141127586365,0.46423593163490295,0.34978190064430237,0.00013774944856122568
1256,0.48222625255584717,0.4475953280925751,0.346309095621109,0.0001376455265374392
1257,0.4800376892089844,0.4464854598045349,0.3355223834514618,0.00013754155712252832
1258,0.4462088346481323,0.4153118431568146,0.30896976590156555,0.00013743754044737781
1259,0.4585932493209839,0.4266529679298401,0.3194029629230499,0.000137333476642932
1260,0.46561670303344727,0.4331005811691284,0.32516130805015564,0.00013722936584019453
1261,0.42178410291671753,0.3922352194786072,0.29548880457878113,0.00013712520817022817
1262,0.4456861913204193,0.41436833143234253,0.3131785988807678,0.00013702100376415473
1263,0.4503893256187439,0.4192154109477997,0.31173914670944214,0.00013691675275315484
1264,0.47756293416023254,0.4440512955188751,0.3351164758205414,0.00013681245526846783
1265,0.4583169221878052,0.4259914755821228,0.32325437664985657,0.00013670811144139144
1266,0.4552045166492462,0.42335981130599976,0.31844693422317505,0.00013660372140328187
1267,0.49016088247299194,0.45577797293663025,0.3438291549682617,0.00013649928528555342
1268,0.45071566104888916,0.41834354400634766,0.3237212002277374,0.00013639480321967845
1269,0.46966227889060974,0.43669259548187256,0.3296968638896942,0.0001362902753371871
1270,0.46694111824035645,0.43403568863868713,0.3290541470050812,0.00013618570176966724
1271,0.44855815172195435,0.41698989272117615,0.3156825006008148,0.0001360810826487642
1272,0.46241244673728943,0.4300454258918762,0.32367026805877686,0.00013597641810618073
1273,0.46329981088638306,0.4299420118331909,0.33357807993888855,0.00013587170827367663
1274,0.45494896173477173,0.42277097702026367,0.32177993655204773,0.00013576695328306894
1275,0.46085119247436523,0.4286115765571594,0.32239606976509094,0.0001356621532662313
1276,0.4417477250099182,0.4106973707675934,0.3105034828186035,0.0001355573083550942
1277,0.44066745042800903,0.40995869040489197,0.30708760023117065,0.00013545241868164457
1278,0.45526236295700073,0.42367488145828247,0.31587493419647217,0.00013534748437792573
1279,0.46704983711242676,0.4343624413013458,0.32687410712242126,0.00013524250557603713
1280,0.5070900917053223,0.4716131091117859,0.3547700047492981,0.0001351374824081343
1281,0.5001980662345886,0.465340793132782,0.3485729694366455,0.00013503241500642855
1282,0.45874080061912537,0.4264183044433594,0.32322490215301514,0.00013492730350318696
1283,0.4517378807067871,0.42006051540374756,0.31677359342575073,0.00013482214803073209
1284,0.4587448239326477,0.4258832633495331,0.3286154568195343,0.00013471694872144188
1285,0.4795362949371338,0.4461311995983124,0.3340510129928589,0.0001346117057077493
1286,0.45121440291404724,0.41953927278518677,0.3167514204978943,0.00013450641912214262
1287,0.4632185101509094,0.4307329058647156,0.32485589385032654,0.00013440108909716468
1288,0.4678465723991394,0.43517670035362244,0.32669857144355774,0.00013429571576541315
1289,0.43552878499031067,0.4047785699367523,0.30750221014022827,0.00013419029925954029
1290,0.4617176353931427,0.429356187582016,0.32361456751823425,0.0001340848397122525
1291,0.46211206912994385,0.4297710061073303,0.32341066002845764,0.00013397933725631055
1292,0.452802836894989,0.42067456245422363,0.32128265500068665,0.00013387379202452917
1293,0.48806577920913696,0.4536876380443573,0.3437814712524414,0.00013376820414977685
1294,0.4781138002872467,0.44327160716056824,0.34842193126678467,0.0001336625737649759
1295,0.4815712571144104,0.4476323127746582,0.3393893241882324,0.00013355690100310213
1296,0.4871630072593689,0.4528876543045044,0.34275364875793457,0.00013345118599718457
1297,0.4570641815662384,0.4250228703022003,0.320413202047348,0.00013334542888030553
1298,0.4864274263381958,0.4520536959171295,0.3437371551990509,0.00013323962978560033
1299,0.45345965027809143,0.421103298664093,0.3235635459423065,0.0001331337888462571
1300,0.4699559211730957,0.4370386004447937,0.3291732966899872,0.00013302790619551674
1301,0.4496003985404968,0.41841205954551697,0.31188350915908813,0.00013292198196667248
1302,0.47463199496269226,0.4411832094192505,0.3344879448413849,0.00013281601629307007
1303,0.4839661419391632,0.45048099756240845,0.33485138416290283,0.00013271000930810737
1304,0.45230868458747864,0.42054885625839233,0.31759822368621826,0.0001326039611452342
1305,0.45299071073532104,0.4211607575416565,0.31829968094825745,0.00013249787193795226
1306,0.45371416211128235,0.42188677191734314,0.3182738721370697,0.00013239174181981495
1307,0.46236926317214966,0.4301082491874695,0.32261013984680176,0.00013228557092442712
1308,0.47696006298065186,0.44394174218177795,0.3301832973957062,0.00013217935938544497
1309,0.4656732678413391,0.43276751041412354,0.3290574848651886,0.00013207310733657585
1310,0.47002121806144714,0.436430424451828,0.33590787649154663,0.00013196681491157818
1311,0.48849421739578247,0.45429864525794983,0.3419558107852936,0.00013186048224426107
1312,0.48684200644493103,0.4528745412826538,0.3396747410297394,0.00013175410946848445
1313,0.480903685092926,0.4472062885761261,0.3369741141796112,0.00013164769671815862
1314,0.46463483572006226,0.4320962131023407,0.3253861665725708,0.0001315412441272443
1315,0.441904753446579,0.41089075803756714,0.3101399540901184,0.00013143475182975222
1316,0.4579499661922455,0.4256783127784729,0.32271653413772583,0.00013132821995974326
1317,0.48217517137527466,0.44764864444732666,0.34526538848876953,0.00013122164865132807
1318,0.46470752358436584,0.43211451172828674,0.325930118560791,0.00013111503803866684
1319,0.45006269216537476,0.4184967875480652,0.3156590461730957,0.0001310083882559694
1320,0.4615403711795807,0.4291837811470032,0.323565810918808,0.00013090169943749476
1321,0.47877487540245056,0.4447076618671417,0.34067222476005554,0.00013079497171755112
1322,0.4710423946380615,0.438270628452301,0.32771751284599304,0.00013068820523049572
1323,0.4707859754562378,0.4377956986427307,0.32990261912345886,0.00013058140011073448
1324,0.43634939193725586,0.4055667519569397,0.30782651901245117,0.00013047455649272207
1325,0.4507672190666199,0.41921865940093994,0.31548574566841125,0.00013036767451096148
1326,0.4960770010948181,0.46121320128440857,0.34863805770874023,0.00013026075430000417
1327,0.4894005358219147,0.455378919839859,0.3402162492275238,0.00013015379599444957
1328,0.4838111400604248,0.4498559534549713,0.339551717042923,0.0001300467997289452
1329,0.4876939058303833,0.45326972007751465,0.34424179792404175,0.00012993976563818626
1330,0.49031370878219604,0.45571404695510864,0.345996618270874,0.0001298326938569156
1331,0.45935189723968506,0.42718836665153503,0.32163524627685547,0.00012972558451992362
1332,0.4821830987930298,0.4481179416179657,0.34065160155296326,0.00012961843776204777
1333,0.4648733139038086,0.43165481090545654,0.33218494057655334,0.00012951125371817281
1334,0.47684910893440247,0.44364646077156067,0.3320264518260956,0.0001294040325232304
1335,0.45497867465019226,0.42308157682418823,0.3189708888530731,0.0001292967743121989
1336,0.44501882791519165,0.4142560660839081,0.3076275587081909,0.00012918947922010336
1337,0.4719243049621582,0.4388742446899414,0.3305007517337799,0.00012908214738201513
1338,0.48671820759773254,0.4517158269882202,0.35002389550209045,0.00012897477893305195
1339,0.4605391025543213,0.4281545579433441,0.3238455653190613,0.00012886737400837758
1340,0.4435237646102905,0.41217803955078125,0.3134573698043823,0.00012875993274320173
1341,0.4741382300853729,0.44102373719215393,0.33114492893218994,0.00012865245527277986
1342,0.48642319440841675,0.4514710307121277,0.3495217561721802,0.00012854494173241294
1343,0.4724922776222229,0.43911951780319214,0.3337276577949524,0.0001284373922574474
1344,0.46633729338645935,0.43388673663139343,0.32450559735298157,0.00012832980698327496
1345,0.45551228523254395,0.4231865108013153,0.3232578933238983,0.00012822218604533232
1346,0.4592139720916748,0.42697522044181824,0.3223874270915985,0.00012811452957910109
1347,0.4888785481452942,0.45460596680641174,0.3427259027957916,0.00012800683772010767
1348,0.4576767086982727,0.42560282349586487,0.3207389712333679,0.00012789911060392294
1349,0.4484439790248871,0.4165365397930145,0.3190743923187256,0.00012779134836616218
1350,0.45998063683509827,0.4277547299861908,0.32225915789604187,0.00012768355114248494
1351,0.42867422103881836,0.39878684282302856,0.2988736927509308,0.00012757571906859476
1352,0.4367959499359131,0.40542155504226685,0.31374391913414,0.00012746785228023904
1353,0.4616207778453827,0.42930489778518677,0.323158860206604,0.00012735995091320892
1354,0.48516494035720825,0.4513484239578247,0.33816519379615784,0.00012725201510333905
1355,0.43239524960517883,0.40218257904052734,0.3021267056465149,0.00012714404498650743
1356,0.480915904045105,0.4470304846763611,0.3388543128967285,0.0001270360406986353
1357,0.46293577551841736,0.430555522441864,0.3238026201725006,0.00012692800237568686
1358,0.48412731289863586,0.4501276910305023,0.3399960994720459,0.00012681993015366917
1359,0.4747615158557892,0.4405612349510193,0.342002809047699,0.000126711824168632
1360,0.43375954031944275,0.4039333164691925,0.2982622981071472,0.00012660368455666752
1361,0.46730002760887146,0.4344189465045929,0.3288109302520752,0.00012649551145391035
1362,0.4762783944606781,0.4432036280632019,0.3307475447654724,0.0001263873049965373
1363,0.4757241904735565,0.4426807463169098,0.3304343819618225,0.000126279065320767
1364,0.4415707588195801,0.4103710949420929,0.3119966685771942,0.00012617079256286
1365,0.4846675992012024,0.4508977234363556,0.3376988470554352,0.00012606248685911853
1366,0.4348011314868927,0.4041869044303894,0.3061423599720001,0.00012595414834588626
1367,0.4271494746208191,0.3973391056060791,0.2981036901473999,0.00012584577715954814
1368,0.43838006258010864,0.40770232677459717,0.30677732825279236,0.00012573737343653024
1369,0.4573259949684143,0.4251877963542938,0.3213818669319153,0.00012562893731329967
1370,0.4586864113807678,0.4263797402381897,0.3230668008327484,0.00012552046892636427
1371,0.4534744620323181,0.42142191529273987,0.3205254077911377,0.00012541196841227246
1372,0.47350573539733887,0.4402596652507782,0.33246082067489624,0.00012530343590761318
1373,0.4588402509689331,0.4263361692428589,0.32504090666770935,0.00012519487154901562
1374,0.46596720814704895,0.43368056416511536,0.3228664696216583,0.0001250862754731491
1375,0.4720098674297333,0.43914932012557983,0.3286055028438568,0.0001249776478167227
1376,0.474363774061203,0.44045117497444153,0.33912593126296997,0.0001248689887164855
1377,0.42722320556640625,0.39774289727211,0.2948029935359955,0.000124760298309226
1378,0.4878542423248291,0.45389047265052795,0.33963772654533386,0.00012465157673177216
1379,0.4308851957321167,0.401030033826828,0.2985515892505646,0.0001245428241209912
1380,0.4913340210914612,0.4570670425891876,0.34266987442970276,0.0001244340406137894
1381,0.440389484167099,0.4094316065311432,0.30957889556884766,0.00012432522634711192
1382,0.47008007764816284,0.4368859827518463,0.33194103837013245,0.0001242163814579426
1383,0.47630953788757324,0.44293075799942017,0.33378779888153076,0.00012410750608330388
1384,0.4944155812263489,0.4601169526576996,0.34298640489578247,0.0001239986003602566
1385,0.4403858184814453,0.4098764955997467,0.3050931394100189,0.0001238896644258998
1386,0.433877170085907,0.40355926752090454,0.303178995847702,0.00012378069841737044
1387,0.45600876212120056,0.42299512028694153,0.3301365077495575,0.00012367170247184355
1388,0.46977856755256653,0.4369308054447174,0.328477680683136,0.0001235626767265316
1389,0.4696598947048187,0.4366960823535919,0.32963815331459045,0.0001234536213186848
1390,0.4539783000946045,0.4224492907524109,0.31529003381729126,0.00012334453638559057
1391,0.4651874601840973,0.4323422610759735,0.328451931476593,0.00012323542206457347
1392,0.439430832862854,0.40855708718299866,0.3087373971939087,0.00012312627849299523
1393,0.483620285987854,0.44948235154151917,0.3413792848587036,0.00012301710580825423
1394,0.45346128940582275,0.4217087924480438,0.31752482056617737,0.0001229079041477855
1395,0.47944405674934387,0.44501763582229614,0.34426411986351013,0.00012279867364906071
1396,0.44053933024406433,0.40953394770622253,0.3100537955760956,0.00012268941444958765
1397,0.43896132707595825,0.4082410931587219,0.30720245838165283,0.0001225801266869104
1398,0.4638864994049072,0.4311043918132782,0.3278212249279022,0.00012247081049860883
1399,0.4614734649658203,0.42945700883865356,0.3201647102832794,0.00012236146602229874
1400,0.46734562516212463,0.43430018424987793,0.3304545283317566,0.00012225209339563145
1401,0.45971477031707764,0.4277920126914978,0.31922757625579834,0.0001221426927562938
1402,0.45723089575767517,0.42530032992362976,0.3193056285381317,0.00012203326424200778
1403,0.4401329755783081,0.4093680679798126,0.30764907598495483,0.00012192380799053058
1404,0.4552549719810486,0.42343196272850037,0.31823018193244934,0.00012181432413965428
1405,0.45664334297180176,0.42458415031433105,0.32059189677238464,0.00012170481282720563
1406,0.47587329149246216,0.4420221745967865,0.33851128816604614,0.00012159527419104607
1407,0.4616250693798065,0.42926082015037537,0.3236426115036011,0.00012148570836907133
1408,0.45097339153289795,0.4197123646736145,0.3126104176044464,0.00012137611549921146
1409,0.4786602854728699,0.44528114795684814,0.3337914049625397,0.00012126649571943047
1410,0.45667892694473267,0.4246835708618164,0.3199535608291626,0.00012115684916772629
1411,0.4633558690547943,0.4305652678012848,0.3279060423374176,0.00012104717598213056
1412,0.4624263048171997,0.42989781498908997,0.3252848982810974,0.00012093747630070844
1413,0.4595786929130554,0.4270246922969818,0.32554003596305847,0.00012082775026155846
1414,0.4631591737270355,0.43046870827674866,0.32690465450286865,0.00012071799800281231
1415,0.46013787388801575,0.4278283417224884,0.32309526205062866,0.00012060821966263465
1416,0.46369513869285583,0.4311164617538452,0.3257867991924286,0.00012049841537922307
1417,0.469965398311615,0.4363524913787842,0.3361290693283081,0.00012038858529080768
1418,0.4601272642612457,0.42760905623435974,0.32518211007118225,0.00012027872953565125
1419,0.45894867181777954,0.4265722632408142,0.3237640857696533,0.00012016884825204875
1420,0.4656628370285034,0.4334909915924072,0.32171860337257385,0.00012005894157832729
1421,0.46603766083717346,0.43311911821365356,0.3291853368282318,0.00011994900965284599
1422,0.44092145562171936,0.4101886451244354,0.30732810497283936,0.00011983905261399566
1423,0.46171706914901733,0.42886173725128174,0.32855334877967834,0.00011972907060019887
1424,0.46768617630004883,0.434954434633255,0.32731756567955017,0.00011961906374990952
1425,0.42716482281684875,0.39714181423187256,0.3002299666404724,0.00011950903220161285
1426,0.471031129360199,0.43764185905456543,0.3338925838470459,0.00011939897609382511
1427,0.4878511130809784,0.4532824754714966,0.34568625688552856,0.0001192888955650935
1428,0.4739587903022766,0.44061505794525146,0.3334374725818634,0.000119178790753996
1429,0.4670589864253998,0.43456780910491943,0.3249117136001587,0.00011906866179914116
1430,0.4543423056602478,0.42241373658180237,0.31928563117980957,0.00011895850883916786
1431,0.44253233075141907,0.41101720929145813,0.3151512145996094,0.00011884833201274523
1432,0.47898244857788086,0.4456638693809509,0.3331857919692993,0.00011873813145857249
1433,0.4462769627571106,0.4151768684387207,0.3110009431838989,0.00011862790731537865
1434,0.48843100666999817,0.4540836215019226,0.34347379207611084,0.00011851765972192244
1435,0.4472300708293915,0.41632288694381714,0.3090718686580658,0.00011840738881699219
1436,0.47337642312049866,0.43980398774147034,0.3357243239879608,0.00011829709473940547
1437,0.48447152972221375,0.4506799280643463,0.3379160463809967,0.00011818677762800909
1438,0.45981085300445557,0.4273982048034668,0.3241264820098877,0.00011807643762167884
1439,0.460959255695343,0.4285660684108734,0.3239317536354065,0.00011796607485931928
1440,0.4801694452762604,0.4466264545917511,0.33542999625205994,0.00011785568947986367
1441,0.46337395906448364,0.4304400682449341,0.32933899760246277,0.00011774528162227376
1442,0.4437944293022156,0.4124223589897156,0.313720703125,0.00011763485142553959
1443,0.44288450479507446,0.4119439721107483,0.30940520763397217,0.00011752439902867925
1444,0.4692910611629486,0.4361518621444702,0.33139196038246155,0.00011741392457073888
1445,0.46994414925575256,0.4367385804653168,0.33205559849739075,0.00011730342819079227
1446,0.4521430730819702,0.42074406147003174,0.3139902651309967,0.00011719291002794096
1447,0.45673495531082153,0.42448726296424866,0.32247695326805115,0.00011708237022131381
1448,0.49418506026268005,0.4589282274246216,0.3525683283805847,0.00011697180891006689
1449,0.47490638494491577,0.4417283833026886,0.3317800462245941,0.00011686122623338349
1450,0.4781098961830139,0.44454267621040344,0.3356723189353943,0.00011675062233047364
1451,0.4445061683654785,0.41322025656700134,0.3128589987754822,0.0001166399973405742
1452,0.4520268142223358,0.42035627365112305,0.31670528650283813,0.00011652935140294852
1453,0.4554376006126404,0.4231114685535431,0.32326146960258484,0.0001164186846568863
1454,0.4628157317638397,0.4302949011325836,0.3252081871032715,0.00011630799724170353
1455,0.45742541551589966,0.42538800835609436,0.3203740119934082,0.00011619728929674209
1456,0.4736667275428772,0.4406016767024994,0.33065056800842285,0.00011608656096136984
1457,0.4492626190185547,0.41771477460861206,0.31547853350639343,0.0001159758123749802
1458,0.4776279330253601,0.44401419162750244,0.3361372649669647,0.00011586504367699217
1459,0.48952633142471313,0.45526570081710815,0.34260645508766174,0.00011575425500685002
1460,0.44768962264060974,0.41640764474868774,0.3128197491168976,0.0001156434465040231
1461,0.4424367845058441,0.411156564950943,0.31280219554901123,0.00011553261830800586
1462,0.45415371656417847,0.42271071672439575,0.3144300878047943,0.00011542177055831745
1463,0.4635899066925049,0.4309442341327667,0.326456755399704,0.00011531090339450165
1464,0.47152259945869446,0.43842872977256775,0.33093875646591187,0.00011520001695612674
1465,0.47486475110054016,0.441356897354126,0.33507856726646423,0.00011508911138278515
1466,0.43931758403778076,0.40874454379081726,0.30573025345802307,0.00011497818681409351
1467,0.4472760856151581,0.4155123829841614,0.3176370859146118,0.00011486724338969232
1468,0.44571882486343384,0.41355642676353455,0.32162395119667053,0.00011475628124924577
1469,0.4605621099472046,0.42817604541778564,0.3238605558872223,0.00011464530053244169
1470,0.4581601321697235,0.42601028084754944,0.3214985430240631,0.00011453430137899129
1471,0.46072638034820557,0.4280037581920624,0.3272261321544647,0.00011442328392862891
1472,0.4842347502708435,0.4501439929008484,0.34090763330459595,0.00011431224832111196
1473,0.48184433579444885,0.4477563500404358,0.34087997674942017,0.00011420119469622077
1474,0.48041224479675293,0.4467521905899048,0.336600661277771,0.00011409012319375827
1475,0.44346824288368225,0.4124889671802521,0.30979281663894653,0.00011397903395354996
1476,0.4526250660419464,0.4214405119419098,0.31184548139572144,0.0001138679271154436
1477,0.44839560985565186,0.41696134209632874,0.31434276700019836,0.00011375680281930919
1478,0.452169269323349,0.4206351935863495,0.31534072756767273,0.00011364566120503864
1479,0.4505329132080078,0.41916826367378235,0.3136465847492218,0.0001135345024125456
1480,0.46526744961738586,0.4323458671569824,0.3292158544063568,0.00011342332658176555
1481,0.44808879494667053,0.41651421785354614,0.31574568152427673,0.00011331213385265524
1482,0.4763347804546356,0.44257402420043945,0.3376074433326721,0.00011320092436519276
1483,0.45930245518684387,0.4270099997520447,0.3229246437549591,0.00011308969825937725
1484,0.4665791094303131,0.43383705615997314,0.3274206221103668,0.00011297845567522886
1485,0.452748566865921,0.4210229516029358,0.31725603342056274,0.00011286719675278838
1486,0.4508463144302368,0.4191232919692993,0.31723010540008545,0.00011275592163211726
1487,0.4879857897758484,0.4539242088794708,0.3406158983707428,0.00011264463045329728
1488,0.46184244751930237,0.4296553432941437,0.3218711316585541,0.00011253332335643043
1489,0.4544970691204071,0.42273834347724915,0.3175872266292572,0.00011242200048163882
1490,0.436105877161026,0.4055095314979553,0.30596354603767395,0.0001123106619690643
1491,0.4798181354999542,0.4465655982494354,0.332525372505188,0.0001121993079588685
1492,0.4727748930454254,0.43963003158569336,0.33144867420196533,0.00011208793859123257
1493,0.43624526262283325,0.4056503474712372,0.3059491515159607,0.00011197655400635689
1494,0.45911550521850586,0.426570862531662,0.32544654607772827,0.0001118651543444611
1495,0.5030372738838196,0.46743613481521606,0.3560112714767456,0.00011175373974578378
1496,0.4567943513393402,0.42414045333862305,0.3265388607978821,0.00011164231035058228
1497,0.433758407831192,0.4036458730697632,0.3011254370212555,0.00011153086629913267
1498,0.4320949912071228,0.40222930908203125,0.2986566722393036,0.00011141940773172939
1499,0.4239380955696106,0.39428582787513733,0.2965225875377655,0.00011130793478868515
1500,0.4536098837852478,0.4219346344470978,0.3167524039745331,0.00011119644761033078
1501,0.4924549460411072,0.45797818899154663,0.34476757049560547,0.00011108494633701512
1502,0.464927613735199,0.4318670630455017,0.3306054174900055,0.00011097343110910452
1503,0.44024690985679626,0.4095541834831238,0.30692726373672485,0.0001108619020669832
1504,0.4700474143028259,0.43700358271598816,0.3304382264614105,0.00011075035935105252
1505,0.4665308892726898,0.43367326259613037,0.32857635617256165,0.00011063880310173113
1506,0.4803539216518402,0.44653359055519104,0.3382032811641693,0.00011052723345945483
1507,0.4752954840660095,0.4417099356651306,0.3358553349971771,0.00011041565056467614
1508,0.43142959475517273,0.4012547731399536,0.3017481863498688,0.00011030405455786425
1509,0.4724113643169403,0.43965545296669006,0.32755905389785767,0.000110192445579505
1510,0.443584680557251,0.412413090467453,0.3117159307003021,0.00011008082377010045
1511,0.47598111629486084,0.4424525201320648,0.33528605103492737,0.00010996918927016886
1512,0.460300475358963,0.4277944266796112,0.32506051659584045,0.00010985754222024436
1513,0.45417261123657227,0.4224858283996582,0.31686776876449585,0.00010974588276087705
1514,0.4505920112133026,0.41923701763153076,0.31354987621307373,0.00010963421103263252
1515,0.43494322896003723,0.4040360152721405,0.3090721666812897,0.00010952252717609188
1516,0.44759005308151245,0.4160015881061554,0.3158847391605377,0.00010941083133185146
1517,0.49434754252433777,0.45965543389320374,0.3469211757183075,0.00010929912364052268
1518,0.4913232922554016,0.45658940076828003,0.3473389744758606,0.00010918740424273191
1519,0.44993701577186584,0.41862624883651733,0.3131076991558075,0.00010907567327912025
1520,0.45672619342803955,0.4245644509792328,0.32161733508110046,0.00010896393089034336
1521,0.4706152677536011,0.43777069449424744,0.3284456133842468,0.00010885217721707124
1522,0.4479352831840515,0.4161910116672516,0.3174425959587097,0.00010874041239998816
1523,0.4403187930583954,0.4094140827655792,0.30904698371887207,0.00010862863657979237
1524,0.46981972455978394,0.4372943937778473,0.3252531588077545,0.00010851684989719594
1525,0.45030292868614197,0.41879507899284363,0.3150785267353058,0.00010840505249292476
1526,0.445499062538147,0.4144856035709381,0.3101344704627991,0.00010829324450771806
1527,0.4750344455242157,0.44140228629112244,0.33632147312164307,0.00010818142608232849
1528,0.4799555540084839,0.4458208382129669,0.34134727716445923,0.00010806959735752174
1529,0.46714872121810913,0.43401992321014404,0.33128803968429565,0.00010795775847407659
1530,0.4376717209815979,0.4069208800792694,0.3075084388256073,0.0001078459095727845
1531,0.47199156880378723,0.4392333924770355,0.3275817334651947,0.00010773405079444963
1532,0.44992595911026,0.41851165890693665,0.3141430616378784,0.00010762218227988851
1533,0.45239564776420593,0.4204472303390503,0.31948408484458923,0.00010751030416992996
1534,0.45052504539489746,0.4185716211795807,0.3195340931415558,0.00010739841660541487
1535,0.4880702495574951,0.45355460047721863,0.3451564908027649,0.00010728651972719603
1536,0.49081477522850037,0.4564131796360016,0.34401601552963257,0.00010717461367613793
1537,0.45884260535240173,0.42635661363601685,0.32485994696617126,0.00010706269859311669
1538,0.43841561675071716,0.40777531266212463,0.3064030110836029,0.00010695077461901968
1539,0.4705498218536377,0.43745455145835876,0.33095285296440125,0.00010683884189474558
1540,0.4795740842819214,0.4456024169921875,0.3397165834903717,0.00010672690056120399
1541,0.4272569715976715,0.3967534899711609,0.3050347864627838,0.00010661495075931539
1542,0.45689091086387634,0.4251086413860321,0.31782281398773193,0.00010650299263001097
1543,0.47206181287765503,0.43890678882598877,0.3315502107143402,0.0001063910263142323
1544,0.46730393171310425,0.43437665700912476,0.32927271723747253,0.00010627905195293135
1545,0.4480978846549988,0.4166434407234192,0.31454434990882874,0.00010616706968707015
1546,0.4889923930168152,0.4546741545200348,0.3431822657585144,0.00010605507965762074
1547,0.46017563343048096,0.4277747869491577,0.3240085244178772,0.00010594308200556483
1548,0.4643567204475403,0.43218091130256653,0.3217582404613495,0.00010583107687189388
1549,0.469356507062912,0.43582531809806824,0.3353118896484375,0.00010571906439760866
1550,0.48461267352104187,0.4504374861717224,0.34175193309783936,0.00010560704472371919
1551,0.4486876428127289,0.41760843992233276,0.3107920289039612,0.0001054950179912446
1552,0.4467921853065491,0.4150308668613434,0.3176132142543793,0.00010538298434121283
1553,0.4555374085903168,0.4234347343444824,0.32102668285369873,0.00010527094391466061
1554,0.48358243703842163,0.44955694675445557,0.3402549922466278,0.00010515889685263316
1555,0.45720237493515015,0.4252985417842865,0.31903818249702454,0.00010504684329618409
1556,0.4756707549095154,0.44233664870262146,0.33334121108055115,0.00010493478338637512
1557,0.4472966194152832,0.41602984070777893,0.3126679062843323,0.00010482271726427598
1558,0.4565584063529968,0.42468732595443726,0.31871068477630615,0.00010471064507096426
1559,0.4361371397972107,0.40514951944351196,0.3098762631416321,0.00010459856694752521
1560,0.4645906984806061,0.43213117122650146,0.3245953619480133,0.00010448648303505151
1561,0.4666984975337982,0.43407055735588074,0.32627934217453003,0.00010437439347464306
1562,0.45812925696372986,0.4259999990463257,0.3212924599647522,0.00010426229840740705
1563,0.473370760679245,0.4399905800819397,0.3338017463684082,0.00010415019797445738
1564,0.45191773772239685,0.4199880063533783,0.3192972242832184,0.00010403809231691486
1565,0.4510052800178528,0.41913387179374695,0.3187140226364136,0.00010392598157590688
1566,0.45948004722595215,0.4272400140762329,0.32240045070648193,0.0001038138658925671
1567,0.4868581295013428,0.4522625505924225,0.34595581889152527,0.00010370174540803556
1568,0.4790034294128418,0.44553932547569275,0.3346410393714905,0.00010358962026345824
1569,0.4671614468097687,0.43446534872055054,0.3269609212875366,0.000103477490599987
1570,0.4511246383190155,0.4194250702857971,0.3169957995414734,0.00010336535655877942
1571,0.4610382914543152,0.4285292625427246,0.325090229511261,0.00010325321828099854
1572,0.47963741421699524,0.44602692127227783,0.33610501885414124,0.00010314107590781284
1573,0.45567378401756287,0.42381879687309265,0.3185499608516693,0.00010302892958039583
1574,0.4864658713340759,0.4521261155605316,0.3433975279331207,0.00010291677943992608
1575,0.45460641384124756,0.42308029532432556,0.3152613341808319,0.0001028046256275869
1576,0.42920365929603577,0.3990907073020935,0.30112946033477783,0.00010269246828456629
1577,0.46966955065727234,0.43677765130996704,0.32891908288002014,0.00010258030755205665
1578,0.44185301661491394,0.4108777344226837,0.309752881526947,0.00010246814357125463
1579,0.47775357961654663,0.44326716661453247,0.3448641002178192,0.00010235597648336104
1580,0.45415809750556946,0.421978235244751,0.3217986524105072,0.00010224380642958052
1581,0.4576092064380646,0.4249454438686371,0.3266376256942749,0.00010213163355112148
1582,0.45918384194374084,0.4267326593399048,0.32451191544532776,0.00010201945798919593
1583,0.45406296849250793,0.42259684205055237,0.3146611452102661,0.00010190727988501913
1584,0.46047836542129517,0.42825016379356384,0.32228192687034607,0.00010179509937980973
1585,0.4558708369731903,0.4237903952598572,0.3208044767379761,0.00010168291661478923
1586,0.47076162695884705,0.4375274181365967,0.33234208822250366,0.00010157073173118208
1587,0.46953681111335754,0.43686920404434204,0.32667601108551025,0.00010145854487021532
1588,0.45763540267944336,0.4253652095794678,0.3227020800113678,0.00010134635617311853
1589,0.44924017786979675,0.41785120964050293,0.31388965249061584,0.00010123416578112365
1590,0.4521838426589966,0.42085540294647217,0.3132844865322113,0.0001011219738354646
1591,0.4623386561870575,0.4298078715801239,0.3253079354763031,0.00010100978047737741
1592,0.45460245013237,0.4226747751235962,0.3192766606807709,0.00010089758584809979
1593,0.4447600245475769,0.4135684669017792,0.31191572546958923,0.00010078539008887114
1594,0.47302088141441345,0.4399533271789551,0.3306756615638733,0.00010067319334093219
1595,0.4750699996948242,0.4413544833660126,0.3371552526950836,0.00010056099574552497
1596,0.4512217044830322,0.41964226961135864,0.3157944083213806,0.00010044879744389257
1597,0.45530223846435547,0.4235495626926422,0.3175267279148102,0.00010033659857727893
1598,0.47470879554748535,0.44160687923431396,0.33101916313171387,0.00010022439928692875
1599,0.4757252037525177,0.442482054233551,0.33243146538734436,0.00010011219971408725
1600,0.4325602352619171,0.4019961953163147,0.3056403398513794,0.0001
1601,0.43998217582702637,0.4089595079421997,0.31022676825523376,9.988780028591278e-05
1602,0.4376828074455261,0.40699297189712524,0.3068983852863312,9.977560071307129e-05
1603,0.4657524824142456,0.4329320192337036,0.32820451259613037,9.96634014227211e-05
1604,0.4622867703437805,0.4302198588848114,0.3206692039966583,9.955120255610746e-05
1605,0.4689852297306061,0.43651872873306274,0.3246650695800781,9.943900425447505e-05
1606,0.4483048617839813,0.41623133420944214,0.32073527574539185,9.932680665906783e-05
1607,0.44314515590667725,0.4124675691127777,0.306775838136673,9.921460991112891e-05
1608,0.4796583950519562,0.44595906138420105,0.3369932174682617,9.910241415190021e-05
1609,0.4737469553947449,0.4404430091381073,0.3330393433570862,9.89902195226226e-05
1610,0.468436598777771,0.4356875419616699,0.32749059796333313,9.887802616453542e-05
1611,0.45483580231666565,0.42273834347724915,0.32097455859184265,9.87658342188764e-05
1612,0.4693504273891449,0.436474472284317,0.32875967025756836,9.865364382688145e-05
1613,0.45391374826431274,0.42210653424263,0.31807219982147217,9.85414551297847e-05
1614,0.45941048860549927,0.42669403553009033,0.32716453075408936,9.842926826881796e-05
1615,0.48941999673843384,0.454600065946579,0.3481994569301605,9.831708338521078e-05
1616,0.49151545763015747,0.45715898275375366,0.3435647487640381,9.820490062019029e-05
1617,0.4372180104255676,0.40620073676109314,0.3101726472377777,9.809272011498085e-05
1618,0.46218129992485046,0.4299354553222656,0.32245850563049316,9.798054201080411e-05
1619,0.48581093549728394,0.45160430669784546,0.3420661687850952,9.786836644887856e-05
1620,0.46994468569755554,0.43701696395874023,0.3292772173881531,9.775619357041952e-05
1621,0.45694541931152344,0.42474356293678284,0.32201841473579407,9.764402351663901e-05
1622,0.47277161478996277,0.43984588980674744,0.32925716042518616,9.753185642874537e-05
1623,0.43366739153862,0.40321797132492065,0.3044942021369934,9.741969244794338e-05
1624,0.4635944366455078,0.4312378764152527,0.32356563210487366,9.730753171543374e-05
1625,0.4608941376209259,0.4287932515144348,0.3210088014602661,9.719537437241312e-05
1626,0.46448391675949097,0.4321352243423462,0.3234870731830597,9.708322056007397e-05
1627,0.4399344325065613,0.4088587760925293,0.31075671315193176,9.697107041960417e-05
1628,0.4673445522785187,0.4341181218624115,0.3322643041610718,9.685892409218717e-05
1629,0.46178799867630005,0.4290877878665924,0.3270021080970764,9.674678171900147e-05
1630,0.44167834520339966,0.4110029339790344,0.3067540228366852,9.663464344122064e-05
1631,0.46305200457572937,0.4307490587234497,0.32302939891815186,9.652250940001302e-05
1632,0.47918879985809326,0.44555437564849854,0.3363441824913025,9.641037973654178e-05
1633,0.4540430009365082,0.4221718907356262,0.31871122121810913,9.629825459196446e-05
1634,0.43565934896469116,0.4044642448425293,0.3119511902332306,9.618613410743291e-05
1635,0.45460107922554016,0.42267081141471863,0.3193027675151825,9.607401842409317e-05
1636,0.4438718855381012,0.4127269387245178,0.3114495873451233,9.596190768308515e-05
1637,0.4643595218658447,0.43195033073425293,0.3240918219089508,9.584980202554266e-05
1638,0.4628596007823944,0.4301326870918274,0.32726922631263733,9.573770159259299e-05
1639,0.4779594838619232,0.44445687532424927,0.3350261151790619,9.562560652535695e-05
1640,0.4409734904766083,0.4100143015384674,0.3095918297767639,9.551351696494854e-05
1641,0.42748406529426575,0.39768314361572266,0.29800915718078613,9.540143305247478e-05
1642,0.4675881862640381,0.43444880843162537,0.3313938081264496,9.528935492903575e-05
1643,0.45010295510292053,0.4180421233177185,0.3206082880496979,9.517728273572403e-05
1644,0.46858641505241394,0.4360102415084839,0.32576167583465576,9.506521661362493e-05
1645,0.44141507148742676,0.4105786085128784,0.30836477875709534,9.495315670381591e-05
1646,0.4762639105319977,0.4425406754016876,0.3372323513031006,9.484110314736682e-05
1647,0.4798159897327423,0.4459977447986603,0.3381824493408203,9.472905608533941e-05
1648,0.4646896719932556,0.43216899037361145,0.3252068758010864,9.461701565878719e-05
1649,0.4674072563648224,0.43486785888671875,0.325393944978714,9.450498200875546e-05
1650,0.4757811427116394,0.44221261143684387,0.3356854319572449,9.439295527628081e-05
1651,0.47430622577667236,0.4409777820110321,0.3332845866680145,9.428093560239135e-05
1652,0.45387089252471924,0.42218104004859924,0.3168986439704895,9.416892312810614e-05
1653,0.49529829621315,0.4606460928916931,0.34652212262153625,9.40569179944352e-05
1654,0.44738104939460754,0.4163462221622467,0.31034818291664124,9.394492034237931e-05
1655,0.473771333694458,0.44031205773353577,0.3345926105976105,9.383293031292985e-05
1656,0.459594190120697,0.4278278946876526,0.3176628053188324,9.372094804706867e-05
1657,0.4731687903404236,0.4401777684688568,0.3299100697040558,9.360897368576772e-05
1658,0.4695506691932678,0.4364607036113739,0.33089974522590637,9.349700736998908e-05
1659,0.41799142956733704,0.38874387741088867,0.2924756109714508,9.338504924068462e-05
1660,0.4740326404571533,0.4404626190662384,0.3357003331184387,9.327309943879604e-05
1661,0.47853192687034607,0.4450121819972992,0.3351975679397583,9.316115810525446e-05
1662,0.45409151911735535,0.4226022958755493,0.3148922622203827,9.304922538098035e-05
1663,0.48619839549064636,0.4517211616039276,0.34477221965789795,9.293730140688336e-05
1664,0.44207119941711426,0.41104480624198914,0.31026405096054077,9.282538632386207e-05
1665,0.47091612219810486,0.4382760226726532,0.3264009654521942,9.2713480272804e-05
1666,0.4548281133174896,0.4225839376449585,0.32244187593460083,9.260158339458514e-05
1667,0.47033247351646423,0.43716827034950256,0.33164194226264954,9.248969583007005e-05
1668,0.45945972204208374,0.4268617033958435,0.3259802460670471,9.237781772011153e-05
1669,0.4524823725223541,0.42049098014831543,0.3199138641357422,9.226594920555037e-05
1670,0.4781777262687683,0.444597989320755,0.3357974588871002,9.215409042721552e-05
1671,0.44796422123908997,0.41653597354888916,0.3142823874950409,9.204224152592343e-05
1672,0.44100427627563477,0.41020938754081726,0.3079487383365631,9.193040264247829e-05
1673,0.45283234119415283,0.4210374653339386,0.31794866919517517,9.181857391767157e-05
1674,0.45137184858322144,0.42011862993240356,0.3125322759151459,9.170675549228194e-05
1675,0.482423335313797,0.4481668472290039,0.3425649106502533,9.159494750707526e-05
1676,0.47246596217155457,0.43961408734321594,0.3285188674926758,9.148315010280408e-05
1677,0.44648078083992004,0.41553762555122375,0.3094315826892853,9.137136342020768e-05
1678,0.4204123020172119,0.39104077219963074,0.29371538758277893,9.125958760001189e-05
1679,0.454174667596817,0.4228302836418152,0.31344395875930786,9.114782278292876e-05
1680,0.450970321893692,0.4185678958892822,0.32402437925338745,9.103606910965666e-05
1681,0.451541543006897,0.4199136793613434,0.3162786364555359,9.092432672087977e-05
1682,0.4628177583217621,0.43022269010543823,0.3259506821632385,9.08125957572681e-05
1683,0.4672155976295471,0.43419912457466125,0.3301648795604706,9.070087635947733e-05
1684,0.4349363446235657,0.4045712649822235,0.3036508858203888,9.058916866814858e-05
1685,0.46550893783569336,0.43251752853393555,0.3299140930175781,9.047747282390815e-05
1686,0.4177425801753998,0.3880583345890045,0.2968425750732422,9.036578896736752e-05
1687,0.45823636651039124,0.42623549699783325,0.32000860571861267,9.025411723912298e-05
1688,0.42321527004241943,0.3938005268573761,0.2941474914550781,9.014245777975565e-05
1689,0.43898913264274597,0.4082384407520294,0.30750682950019836,9.003081072983117e-05
1690,0.4877779185771942,0.45348024368286133,0.3429766893386841,8.991917622989956e-05
1691,0.47210633754730225,0.4382718503475189,0.33834484219551086,8.980755442049502e-05
1692,0.48274099826812744,0.4492846727371216,0.33456334471702576,8.969594544213578e-05
1693,0.4612964689731598,0.4287863075733185,0.3251016438007355,8.95843494353239e-05
1694,0.4435332417488098,0.4124288260936737,0.31104421615600586,8.947276654054518e-05
1695,0.4453209638595581,0.4144609868526459,0.30859988927841187,8.936119689826888e-05
1696,0.4483011066913605,0.41715022921562195,0.3115086853504181,8.924964064894753e-05
1697,0.48295724391937256,0.44927939772605896,0.33677831292152405,8.913809793301681e-05
1698,0.45852240920066833,0.42616304755210876,0.32359349727630615,8.902656889089548e-05
1699,0.476661741733551,0.4433498978614807,0.3331184685230255,8.891505366298492e-05
1700,0.4505350887775421,0.41883718967437744,0.31697899103164673,8.880355238966923e-05
1701,0.4541153013706207,0.42218121886253357,0.3193408250808716,8.869206521131489e-05
1702,0.4465474486351013,0.41531169414520264,0.3123575747013092,8.858059226827062e-05
1703,0.4699287712574005,0.43694984912872314,0.32978934049606323,8.846913370086734e-05
1704,0.45139530301094055,0.4198826849460602,0.31512606143951416,8.835768964941773e-05
1705,0.47585025429725647,0.44245949387550354,0.3339076042175293,8.824626025421626e-05
1706,0.44315066933631897,0.41219672560691833,0.3095394968986511,8.813484565553893e-05
1707,0.44957029819488525,0.41792944073677063,0.3164086937904358,8.802344599364312e-05
1708,0.4651666581630707,0.43277984857559204,0.32386815547943115,8.791206140876746e-05
1709,0.45364850759506226,0.4217599034309387,0.3188861310482025,8.780069204113153e-05
1710,0.47120144963264465,0.4381692111492157,0.330322265625,8.768933803093573e-05
1711,0.4790914058685303,0.4456740915775299,0.33417314291000366,8.757799951836123e-05
1712,0.4324515461921692,0.40210050344467163,0.30351054668426514,8.746667664356956e-05
1713,0.4476499855518341,0.4165033996105194,0.3114657998085022,8.735536954670275e-05
1714,0.46524596214294434,0.4321553409099579,0.3309062123298645,8.724407836788276e-05
1715,0.461906760931015,0.42917776107788086,0.32728996872901917,8.713280324721163e-05
1716,0.44034919142723083,0.40955376625061035,0.3079542815685272,8.702154432477115e-05
1717,0.45332416892051697,0.4217345714569092,0.3158959150314331,8.691030174062273e-05
1718,0.48333799839019775,0.44945767521858215,0.3388032913208008,8.679907563480726e-05
1719,0.42860931158065796,0.39892342686653137,0.2968589961528778,8.668786614734478e-05
1720,0.44713062047958374,0.4157652258872986,0.3136540651321411,8.657667341823448e-05
1721,0.4620557129383087,0.4296662211418152,0.3238949477672577,8.64654975874544e-05
1722,0.4534238576889038,0.42201322317123413,0.3141062557697296,8.63543387949614e-05
1723,0.4436251223087311,0.4125371277332306,0.31088003516197205,8.624319718069084e-05
1724,0.45307666063308716,0.42134347558021545,0.3173319101333618,8.613207288455643e-05
1725,0.48232540488243103,0.44835254549980164,0.33972856402397156,8.602096604645009e-05
1726,0.4702034294605255,0.43689051270484924,0.33312922716140747,8.590987680624174e-05
1727,0.45090609788894653,0.41958343982696533,0.3132266402244568,8.579880530377926e-05
1728,0.45120811462402344,0.4200308918952942,0.31177234649658203,8.568775167888806e-05
1729,0.47015807032585144,0.43750160932540894,0.3265646696090698,8.557671607137114e-05
1730,0.4661538004875183,0.43358245491981506,0.3257134258747101,8.546569862100876e-05
1731,0.4584715664386749,0.42601287364959717,0.3245869576931,8.53546994675583e-05
1732,0.4698050022125244,0.43707719445228577,0.3272782266139984,8.524371875075425e-05
1733,0.48009446263313293,0.4463120996952057,0.33782368898391724,8.51327566103077e-05
1734,0.4571138024330139,0.42519062757492065,0.31923186779022217,8.502181318590652e-05
1735,0.4671570360660553,0.43439680337905884,0.3276023268699646,8.491088861721486e-05
1736,0.461260586977005,0.42878010869026184,0.32480481266975403,8.479998304387329e-05
1737,0.44747358560562134,0.4162212312221527,0.31252342462539673,8.468909660549837e-05
1738,0.46689099073410034,0.43402764201164246,0.32863345742225647,8.457822944168257e-05
1739,0.4610873758792877,0.428564190864563,0.32523176074028015,8.446738169199418e-05
1740,0.4684479534626007,0.4357093572616577,0.32738596200942993,8.435655349597689e-05
1741,0.5015698075294495,0.46616581082344055,0.3540399372577667,8.424574499315e-05
1742,0.44608113169670105,0.41502296924591064,0.3105817139148712,8.413495632300784e-05
1743,0.4300500750541687,0.4000227153301239,0.30027368664741516,8.402418762501982e-05
1744,0.46305257081985474,0.4308558404445648,0.321967214345932,8.391343903863018e-05
1745,0.45333731174468994,0.42141473293304443,0.31922584772109985,8.380271070325789e-05
1746,0.48040151596069336,0.4467330873012543,0.33668413758277893,8.369200275829649e-05
1747,0.46507155895233154,0.43269094824790955,0.3238062262535095,8.358131534311372e-05
1748,0.4651220738887787,0.43240243196487427,0.3271964490413666,8.347064859705153e-05
1749,0.4346863031387329,0.404440701007843,0.3024560213088989,8.336000265942581e-05
1750,0.4469195008277893,0.4152766466140747,0.31642839312553406,8.324937766952638e-05
1751,0.45751360058784485,0.4258277416229248,0.3168586492538452,8.313877376661652e-05
1752,0.4618169963359833,0.42959603667259216,0.3222096562385559,8.302819108993312e-05
1753,0.45192950963974,0.42010498046875,0.31824514269828796,8.291762977868625e-05
1754,0.44563746452331543,0.4142056703567505,0.31431809067726135,8.280708997205904e-05
1755,0.4841288626194,0.45023977756500244,0.33889082074165344,8.269657180920774e-05
1756,0.4702364206314087,0.4372217655181885,0.33014658093452454,8.258607542926114e-05
1757,0.42023608088493347,0.390707790851593,0.29528287053108215,8.247560097132076e-05
1758,0.48106008768081665,0.44714540243148804,0.3391469120979309,8.236514857446045e-05
1759,0.47022944688796997,0.43697696924209595,0.3325246274471283,8.225471837772623e-05
1760,0.4549240171909332,0.42273619771003723,0.32187822461128235,8.214431052013634e-05
1761,0.5039001107215881,0.4679330885410309,0.3596699833869934,8.203392514068074e-05
1762,0.4491208791732788,0.41748300194740295,0.31637871265411377,8.19235623783212e-05
1763,0.45547449588775635,0.4239833652973175,0.314911425113678,8.181322237199094e-05
1764,0.4872872531414032,0.45284828543663025,0.34438955783843994,8.170290526059452e-05
1765,0.4474622309207916,0.4165160655975342,0.30946171283721924,8.159261118300782e-05
1766,0.5053533315658569,0.470351904630661,0.350014328956604,8.14823402780776e-05
1767,0.4750683605670929,0.44177600741386414,0.33292365074157715,8.13720926846214e-05
1768,0.48667657375335693,0.4525918960571289,0.3408466875553131,8.126186854142752e-05
1769,0.4563916027545929,0.4245200455188751,0.3187156021595001,8.115166798725478e-05
1770,0.4380725622177124,0.4074077010154724,0.3066485822200775,8.104149116083216e-05
1771,0.46901845932006836,0.436222642660141,0.3279581665992737,8.093133820085888e-05
1772,0.4489240050315857,0.4176287353038788,0.31295281648635864,8.0821209246004e-05
1773,0.46527934074401855,0.43222054839134216,0.3305879235267639,8.071110443490652e-05
1774,0.4419657588005066,0.41134512424468994,0.3062063157558441,8.060102390617493e-05
1775,0.43872198462486267,0.4075997471809387,0.3112224042415619,8.049096779838719e-05
1776,0.5207117795944214,0.4841122627258301,0.36599525809288025,8.038093625009052e-05
1777,0.4598301649093628,0.4274532198905945,0.32376939058303833,8.027092939980115e-05
1778,0.4661860167980194,0.4336223006248474,0.3256372809410095,8.016094738600435e-05
1779,0.4623224139213562,0.42995989322662354,0.3236251175403595,8.005099034715404e-05
1780,0.46617981791496277,0.4338259696960449,0.3235384523868561,7.994105842167273e-05
1781,0.447212815284729,0.4160780906677246,0.311347097158432,7.983115174795128e-05
1782,0.4689958393573761,0.43582549691200256,0.3317035138607025,7.972127046434878e-05
1783,0.4634264409542084,0.43078452348709106,0.3264191150665283,7.961141470919233e-05
1784,0.4533107578754425,0.4217643737792969,0.3154639005661011,7.950158462077697e-05
1785,0.45301157236099243,0.42088446021080017,0.32127127051353455,7.939178033736538e-05
1786,0.46293553709983826,0.43023979663848877,0.3269572854042053,7.928200199718774e-05
1787,0.45952537655830383,0.4271896779537201,0.3233570158481598,7.917224973844152e-05
1788,0.4716108739376068,0.4388637840747833,0.32747092843055725,7.906252369929154e-05
1789,0.4756815731525421,0.44223275780677795,0.3344880938529968,7.895282401786945e-05
1790,0.41313081979751587,0.38424456119537354,0.2888626754283905,7.884315083227373e-05
1791,0.4588622450828552,0.426488995552063,0.32373252511024475,7.873350428056957e-05
1792,0.5026060938835144,0.4675084948539734,0.3509758412837982,7.862388450078855e-05
1793,0.4559384286403656,0.4240145683288574,0.319238543510437,7.851429163092868e-05
1794,0.4467759132385254,0.41567790508270264,0.3109801709651947,7.840472580895396e-05
1795,0.5140907764434814,0.4778248369693756,0.3626593351364136,7.829518717279438e-05
1796,0.4772454798221588,0.4435773193836212,0.3366817235946655,7.818567586034577e-05
1797,0.43623220920562744,0.4059438705444336,0.30288323760032654,7.807619200946942e-05
1798,0.4991706311702728,0.46378859877586365,0.3538203835487366,7.796673575799224e-05
1799,0.4599722921848297,0.42757707834243774,0.3239521086215973,7.785730724370625e-05
1800,0.46668288111686707,0.43421366810798645,0.3246921896934509,7.774790660436858e-05
1801,0.4738704562187195,0.4411492645740509,0.32721206545829773,7.763853397770131e-05
1802,0.46482205390930176,0.4322519302368164,0.32570135593414307,7.752918950139119e-05
1803,0.4588829576969147,0.42645588517189026,0.32427075505256653,7.741987331308964e-05
1804,0.48761051893234253,0.45347294211387634,0.3413756191730499,7.731058555041237e-05
1805,0.4459606409072876,0.41527312994003296,0.3068751096725464,7.720132635093934e-05
1806,0.46250706911087036,0.4305110573768616,0.3199600279331207,7.709209585221451e-05
1807,0.48441651463508606,0.4500294327735901,0.34387075901031494,7.69828941917458e-05
1808,0.4790255129337311,0.4450993537902832,0.3392616808414459,7.68737215070048e-05
1809,0.4341980814933777,0.4035661518573761,0.3063192367553711,7.676457793542654e-05
1810,0.45339155197143555,0.421673446893692,0.31718090176582336,7.66554636144095e-05
1811,0.4876841604709625,0.45354291796684265,0.34141236543655396,7.654637868131521e-05
1812,0.46876755356788635,0.4358496069908142,0.3291793763637543,7.643732327346842e-05
1813,0.4304351508617401,0.3999848961830139,0.3045025169849396,7.63282975281565e-05
1814,0.44349223375320435,0.4120413362979889,0.31450897455215454,7.621930158262958e-05
1815,0.452760249376297,0.42125213146209717,0.3150811493396759,7.611033557410026e-05
1816,0.45892226696014404,0.42680737376213074,0.3211490213871002,7.600139963974341e-05
1817,0.4545019865036011,0.4222758412361145,0.32226142287254333,7.589249391669616e-05
1818,0.4534389078617096,0.42133137583732605,0.32107532024383545,7.578361854205743e-05
1819,0.4578237533569336,0.4260413944721222,0.3178235590457916,7.567477365288813e-05
1820,0.4419081509113312,0.41131070256233215,0.305974543094635,7.556595938621058e-05
1821,0.4922501742839813,0.4579395353794098,0.3431064784526825,7.545717587900879e-05
1822,0.48981136083602905,0.45591434836387634,0.3389700651168823,7.534842326822785e-05
1823,0.4392882287502289,0.4086035192012787,0.3068470358848572,7.523970169077402e-05
1824,0.43705010414123535,0.4063912034034729,0.30658915638923645,7.513101128351454e-05
1825,0.442516565322876,0.41149836778640747,0.310182124376297,7.502235218327731e-05
1826,0.46315711736679077,0.4310385584831238,0.3211856782436371,7.491372452685094e-05
1827,0.4486580491065979,0.4172065556049347,0.31451502442359924,7.48051284509844e-05
1828,0.45976632833480835,0.42750078439712524,0.3226553797721863,7.469656409238685e-05
1829,0.4360325038433075,0.4052696228027344,0.3076288402080536,7.458803158772758e-05
1830,0.4917721748352051,0.45763543248176575,0.34136757254600525,7.447953107363574e-05
1831,0.4499480724334717,0.41821563243865967,0.31732434034347534,7.437106268670034e-05
1832,0.4628757834434509,0.4306436777114868,0.32232096791267395,7.426262656346978e-05
1833,0.45868873596191406,0.4265083968639374,0.3218032419681549,7.41542228404519e-05
1834,0.4708545506000519,0.43750396370887756,0.3335059881210327,7.404585165411377e-05
1835,0.45336273312568665,0.4214547276496887,0.3190799355506897,7.393751314088146e-05
1836,0.41660404205322266,0.38735640048980713,0.2924765348434448,7.382920743713999e-05
1837,0.47597476840019226,0.4429949223995209,0.32979851961135864,7.372093467923302e-05
1838,0.45000743865966797,0.41845694184303284,0.31550487875938416,7.361269500346274e-05
1839,0.47435227036476135,0.4412924349308014,0.33059826493263245,7.350448854608962e-05
1840,0.47069108486175537,0.4378790259361267,0.32812049984931946,7.339631544333249e-05
1841,0.45765963196754456,0.4256938099861145,0.31965816020965576,7.328817583136804e-05
1842,0.49308979511260986,0.4585922062397003,0.3449757695198059,7.318006984633085e-05
1843,0.4735359847545624,0.44038015604019165,0.3315582573413849,7.307199762431319e-05
1844,0.43985867500305176,0.40906789898872375,0.3079077899456024,7.29639593013647e-05
1845,0.45703211426734924,0.42517730593681335,0.3185479938983917,7.285595501349258e-05
1846,0.44404327869415283,0.4132382869720459,0.3080499470233917,7.274798489666097e-05
1847,0.4585101902484894,0.42639490962028503,0.3211528956890106,7.264004908679112e-05
1848,0.4407675564289093,0.40936049818992615,0.31407061219215393,7.2532147719761e-05
1849,0.4586942493915558,0.4262741506099701,0.32420095801353455,7.242428093140525e-05
1850,0.4473589360713959,0.416328489780426,0.3103044033050537,7.231644885751507e-05
1851,0.47108253836631775,0.4381319582462311,0.32950571179389954,7.220865163383784e-05
1852,0.47556090354919434,0.4429887533187866,0.3257215917110443,7.210088939607708e-05
1853,0.46505704522132874,0.43272504210472107,0.32332003116607666,7.199316227989236e-05
1854,0.45574653148651123,0.42321598529815674,0.3253055214881897,7.18854704208989e-05
1855,0.4358685314655304,0.40529581904411316,0.30572718381881714,7.177781395466772e-05
1856,0.4588856101036072,0.4269854724407196,0.3190012574195862,7.167019301672509e-05
1857,0.46649813652038574,0.43378570675849915,0.3271242380142212,7.156260774255262e-05
1858,0.47429707646369934,0.44084611535072327,0.3345097303390503,7.145505826758707e-05
1859,0.46392637491226196,0.43123307824134827,0.3269330859184265,7.134754472722017e-05
1860,0.4419955015182495,0.41110795736312866,0.30887556076049805,7.124006725679828e-05
1861,0.4756966829299927,0.4425926208496094,0.331040620803833,7.113262599162245e-05
1862,0.4866243898868561,0.4521055817604065,0.3451882004737854,7.102522106694808e-05
1863,0.4682590067386627,0.4349684715270996,0.33290547132492065,7.09178526179849e-05
1864,0.4591231346130371,0.4268602132797241,0.3226292133331299,7.081052077989667e-05
1865,0.46194809675216675,0.4295749366283417,0.32373160123825073,7.07032256878011e-05
1866,0.4663991332054138,0.43438345193862915,0.32015669345855713,7.059596747676962e-05
1867,0.4747585654258728,0.4413410723209381,0.3341750502586365,7.048874628182722e-05
1868,0.4731287360191345,0.4400988817214966,0.33029860258102417,7.038156223795224e-05
1869,0.46467170119285583,0.431395560503006,0.332761287689209,7.027441548007641e-05
1870,0.43403393030166626,0.40349823236465454,0.30535709857940674,7.01673061430844e-05
1871,0.4747961461544037,0.4415571987628937,0.3323894143104553,7.006023436181377e-05
1872,0.4744957387447357,0.4409618675708771,0.3353387713432312,6.995320027105481e-05
1873,0.4648709297180176,0.43244749307632446,0.32423433661460876,6.984620400555044e-05
1874,0.4525906443595886,0.4209398031234741,0.3165084421634674,6.973924569999585e-05
1875,0.47590193152427673,0.4425762891769409,0.33325639367103577,6.963232548903853e-05
1876,0.45756182074546814,0.4253847002983093,0.3217712938785553,6.952544350727799e-05
1877,0.4525274932384491,0.42077523469924927,0.31752249598503113,6.94185998892655e-05
1878,0.4692511558532715,0.4363486170768738,0.3290252685546875,6.931179476950429e-05
1879,0.4531843066215515,0.4218170642852783,0.3136723041534424,6.920502828244889e-05
1880,0.47214627265930176,0.43923649191856384,0.3290976881980896,6.909830056250527e-05
1881,0.44673097133636475,0.41591447591781616,0.3081650137901306,6.899161174403064e-05
1882,0.4354562759399414,0.4045669138431549,0.30889347195625305,6.888496196133317e-05
1883,0.4696054756641388,0.43620696663856506,0.33398500084877014,6.877835134867196e-05
1884,0.4486459493637085,0.4175601601600647,0.31085801124572754,6.867178004025676e-05
1885,0.44009706377983093,0.4092388451099396,0.30858224630355835,6.85652481702478e-05
1886,0.4580289423465729,0.4259288012981415,0.32100141048431396,6.845875587275576e-05
1887,0.4527725875377655,0.4212650656700134,0.3150751292705536,6.835230328184138e-05
1888,0.46932196617126465,0.43633130192756653,0.32990673184394836,6.824589053151558e-05
1889,0.48287615180015564,0.4492684006690979,0.336077481508255,6.813951775573896e-05
1890,0.47797295451164246,0.44415998458862305,0.3381296694278717,6.803318508842187e-05
1891,0.45912468433380127,0.42670774459838867,0.3241693377494812,6.792689266342416e-05
1892,0.4790104031562805,0.4452919661998749,0.3371843993663788,6.782064061455504e-05
1893,0.47745299339294434,0.4441554844379425,0.33297500014305115,6.77144290755729e-05
1894,0.43834683299064636,0.4076227843761444,0.3072406053543091,6.760825818018508e-05
1895,0.45556432008743286,0.42324408888816833,0.3232022821903229,6.750212806204777e-05
1896,0.49434539675712585,0.4597289562225342,0.3461645245552063,6.739603885476582e-05
1897,0.44472450017929077,0.41366446018218994,0.31060031056404114,6.728999069189263e-05
1898,0.4630681574344635,0.4307437539100647,0.32324397563934326,6.718398370692993e-05
1899,0.5013695359230042,0.46630680561065674,0.35062724351882935,6.707801803332754e-05
1900,0.45665064454078674,0.4246562421321869,0.31994399428367615,6.697209380448333e-05
1901,0.44981253147125244,0.41828593611717224,0.31526610255241394,6.68662111537429e-05
1902,0.4669564664363861,0.43433812260627747,0.3261833190917969,6.676037021439971e-05
1903,0.4705663323402405,0.4380205571651459,0.3254576325416565,6.665457111969451e-05
1904,0.46884557604789734,0.4361795485019684,0.32666030526161194,6.654881400281547e-05
1905,0.47388607263565063,0.4405992329120636,0.3328685164451599,6.644309899689793e-05
1906,0.46328094601631165,0.4308439791202545,0.32436978816986084,6.63374262350241e-05
1907,0.4422703683376312,0.41105133295059204,0.312190443277359,6.623179585022316e-05
1908,0.4412882924079895,0.4100435972213745,0.31244686245918274,6.612620797547087e-05
1909,0.4336016774177551,0.4033408463001251,0.3026082515716553,6.602066274368947e-05
1910,0.44336530566215515,0.4124673008918762,0.3089801073074341,6.59151602877475e-05
1911,0.4511605203151703,0.4195217490196228,0.3163876235485077,6.580970074045975e-05
1912,0.49401530623435974,0.45844927430152893,0.3556603491306305,6.570428423458687e-05
1913,0.4818670451641083,0.448037713766098,0.338293194770813,6.559891090283537e-05
1914,0.4649738669395447,0.4326615631580353,0.32312288880348206,6.549358087785744e-05
1915,0.5003898739814758,0.46444863080978394,0.35941240191459656,6.538829429225069e-05
1916,0.4574167728424072,0.42555323243141174,0.3186355233192444,6.528305127855816e-05
1917,0.48521023988723755,0.4510709047317505,0.3413934111595154,6.517785196926792e-05
1918,0.4522847831249237,0.4208534061908722,0.3143138885498047,6.507269649681307e-05
1919,0.4714374244213104,0.4386080503463745,0.3282938301563263,6.496758499357148e-05
1920,0.44712162017822266,0.4157249629497528,0.31396663188934326,6.486251759186572e-05
1921,0.48181724548339844,0.44816914200782776,0.33648109436035156,6.475749442396289e-05
1922,0.45072272419929504,0.41931718587875366,0.3140554130077362,6.465251562207431e-05
1923,0.43329140543937683,0.4028964638710022,0.3039495348930359,6.454758131835545e-05
1924,0.4813268780708313,0.447112113237381,0.3421476185321808,6.44426916449058e-05
1925,0.4480437934398651,0.4164237678050995,0.3162001967430115,6.43378467337687e-05
1926,0.46521398425102234,0.4326135218143463,0.32600465416908264,6.423304671693107e-05
1927,0.4591873288154602,0.4271678328514099,0.3201950192451477,6.412829172632338e-05
1928,0.4867679178714752,0.45233842730522156,0.34429478645324707,6.402358189381934e-05
1929,0.438382625579834,0.40745699405670166,0.30925628542900085,6.391891735123582e-05
1930,0.4898885190486908,0.4555834233760834,0.34305107593536377,6.38142982303328e-05
1931,0.47078126668930054,0.43811482191085815,0.32666441798210144,6.370972466281291e-05
1932,0.44988101720809937,0.41875994205474854,0.31121084094047546,6.360519678032157e-05
1933,0.4820689260959625,0.44827887415885925,0.3379004895687103,6.350071471444661e-05
1934,0.47046247124671936,0.4382728934288025,0.3218958377838135,6.339627859671814e-05
1935,0.44708937406539917,0.4149561822414398,0.3213318884372711,6.32918885586086e-05
1936,0.45593783259391785,0.4240621030330658,0.3187572658061981,6.318754473153221e-05
1937,0.43846121430397034,0.4077431857585907,0.307180255651474,6.308324724684518e-05
1938,0.48621147871017456,0.4522659480571747,0.3394552767276764,6.297899623584532e-05
1939,0.4392901659011841,0.40862560272216797,0.3066457509994507,6.287479182977184e-05
1940,0.4455149471759796,0.4141373932361603,0.31377559900283813,6.277063415980549e-05
1941,0.46662041544914246,0.43444517254829407,0.3217524290084839,6.266652335706802e-05
1942,0.45818427205085754,0.42644765973091125,0.31736600399017334,6.256245955262221e-05
1943,0.4531511664390564,0.42151713371276855,0.31634026765823364,6.245844287747168e-05
1944,0.44827044010162354,0.416283518075943,0.31986919045448303,6.23544734625608e-05
1945,0.4829399585723877,0.4492685794830322,0.3367137014865875,6.225055143877434e-05
1946,0.4424651265144348,0.41146737337112427,0.3099774122238159,6.214667693693744e-05
1947,0.4564158320426941,0.42455199360847473,0.31863850355148315,6.20428500878154e-05
1948,0.46680939197540283,0.4342435598373413,0.3256584107875824,6.193907102211358e-05
1949,0.43567660450935364,0.4052191972732544,0.3045741021633148,6.183533987047716e-05
1950,0.45772838592529297,0.4259587526321411,0.3176962435245514,6.173165676349103e-05
1951,0.4840967655181885,0.45034074783325195,0.33756023645401,6.162802183167954e-05
1952,0.46747878193855286,0.4350099563598633,0.3246883153915405,6.152443520550641e-05
1953,0.43603193759918213,0.40559765696525574,0.30434271693229675,6.14208970153746e-05
1954,0.446754515171051,0.4152270555496216,0.31527456641197205,6.1317407391626e-05
1955,0.4530757665634155,0.4208694398403168,0.322063148021698,6.121396646454149e-05
1956,0.46593934297561646,0.43353602290153503,0.324033260345459,6.111057436434056e-05
1957,0.4456164538860321,0.41451001167297363,0.3110645115375519,6.1007231221181206e-05
1958,0.46063411235809326,0.42843806743621826,0.32196053862571716,6.090393716515983e-05
1959,0.4389781057834625,0.4086574912071228,0.30320626497268677,6.0800692326311095e-05
1960,0.4821423292160034,0.4483833909034729,0.3375892639160156,6.069749683460765e-05
1961,0.45741063356399536,0.4254218339920044,0.31988784670829773,6.059435081996001e-05
1962,0.4836243689060211,0.4500504434108734,0.33573922514915466,6.049125441221639e-05
1963,0.460575133562088,0.4285007417201996,0.3207439184188843,6.038820774116265e-05
1964,0.47073477506637573,0.43777352571487427,0.3296123445034027,6.0285210936521955e-05
1965,0.44090181589126587,0.41008955240249634,0.30812251567840576,6.018226412795469e-05
1966,0.4722324013710022,0.4393104314804077,0.3292197585105896,6.0079367445058354e-05
1967,0.45793941617012024,0.42566177248954773,0.32277652621269226,5.997652101736726e-05
1968,0.47957146167755127,0.4462360739707947,0.33335378766059875,5.9873724974352585e-05
1969,0.48364269733428955,0.4496910274028778,0.3395167291164398,5.977097944542198e-05
1970,0.4464744031429291,0.4157058894634247,0.30768507719039917,5.9668284559919504e-05
1971,0.46355122327804565,0.43060165643692017,0.3294958174228668,5.956564044712551e-05
1972,0.4600638449192047,0.4275452494621277,0.3251858949661255,5.94630472362564e-05
1973,0.4591330885887146,0.4272206723690033,0.3191241919994354,5.936050505646452e-05
1974,0.4399755895137787,0.4089312255382538,0.3104437589645386,5.925801403683797e-05
1975,0.48171305656433105,0.4479692280292511,0.3374382555484772,5.9155574306400395e-05
1976,0.4749210476875305,0.441496342420578,0.3342469334602356,5.9053185994110974e-05
1977,0.43464013934135437,0.40395882725715637,0.30681312084198,5.8950849228864025e-05
1978,0.4816949963569641,0.447851300239563,0.3384370505809784,5.884856413948913e-05
1979,0.44398725032806396,0.4129209518432617,0.3106631338596344,5.87463308547507e-05
1980,0.4440244138240814,0.41313520073890686,0.30889207124710083,5.864414950334796e-05
1981,0.47291266918182373,0.4389056861400604,0.3400697410106659,5.8542020213914726e-05
1982,0.4784235954284668,0.44458478689193726,0.3383881151676178,5.843994311501939e-05
1983,0.4641740620136261,0.4313829243183136,0.3279114365577698,5.833791833516453e-05
1984,0.47285130620002747,0.4399784207344055,0.32872897386550903,5.82359460027869e-05
1985,0.47390639781951904,0.441319078207016,0.32587316632270813,5.8134026246257225e-05
1986,0.4626237154006958,0.42978522181510925,0.3283848166465759,5.8032159193879985e-05
1987,0.47115060687065125,0.43808695673942566,0.33063656091690063,5.793034497389345e-05
1988,0.4352419078350067,0.40483301877975464,0.3040889799594879,5.782858371446927e-05
1989,0.4435878098011017,0.4128129780292511,0.3077482283115387,5.772687554371241e-05
1990,0.46667927503585815,0.4341352581977844,0.3254402279853821,5.762522058966113e-05
1991,0.470309853553772,0.43770280480384827,0.3260704278945923,5.752361898028653e-05
1992,0.4790171980857849,0.4456842839717865,0.3333289921283722,5.7422070843492734e-05
1993,0.4659363329410553,0.43356049060821533,0.3237585127353668,5.732057630711638e-05
1994,0.45269665122032166,0.42081233859062195,0.31884321570396423,5.721913549892674e-05
1995,0.4443332850933075,0.4134722054004669,0.3086109161376953,5.711774854662535e-05
1996,0.46285924315452576,0.43040645122528076,0.3245278298854828,5.701641557784609e-05
1997,0.4579676687717438,0.4256257116794586,0.3234195113182068,5.69151367201548e-05
1998,0.4584551453590393,0.4267914891242981,0.31663650274276733,5.681391210104916e-05
1999,0.48150789737701416,0.44753557443618774,0.3397233486175537,5.671274184795865e-05
2000,0.489545077085495,0.4553758502006531,0.341692179441452,5.6611626088244194e-05
2001,0.45470085740089417,0.42290112376213074,0.31799739599227905,5.651056494919831e-05
2002,0.4437134563922882,0.41235506534576416,0.3135837912559509,5.640955855804455e-05
2003,0.47561022639274597,0.4420701563358307,0.33540067076683044,5.63086070419377e-05
2004,0.4675861895084381,0.4351416826248169,0.324444979429245,5.620771052796339e-05
2005,0.4661415219306946,0.4337391257286072,0.32402393221855164,5.610686914313796e-05
2006,0.4954380393028259,0.46048811078071594,0.34949934482574463,5.6006083014408484e-05
2007,0.4576474726200104,0.4251977503299713,0.3244971036911011,5.590535226865238e-05
2008,0.43136066198349,0.40138673782348633,0.2997390925884247,5.5804677032677354e-05
2009,0.4723508954048157,0.43913692235946655,0.3321397602558136,5.570405743322124e-05
2010,0.42104268074035645,0.39155787229537964,0.2948480546474457,5.560349359695181e-05
2011,0.45574647188186646,0.4236339032649994,0.3211255371570587,5.550298565046672e-05
2012,0.43922632932662964,0.4085672199726105,0.30659112334251404,5.540253372029315e-05
2013,0.4569268822669983,0.42544782161712646,0.31479060649871826,5.53021379328879e-05
2014,0.46042972803115845,0.42833709716796875,0.3209264278411865,5.520179841463693e-05
2015,0.44814905524253845,0.4169990122318268,0.3115004003047943,5.510151529185553e-05
2016,0.47083863615989685,0.4381462335586548,0.3269239664077759,5.5001288690787886e-05
2017,0.4319644868373871,0.401484876871109,0.3047961890697479,5.490111873760705e-05
2018,0.4684152603149414,0.4352516829967499,0.33163565397262573,5.480100555841478e-05
2019,0.45239266753196716,0.4209139943122864,0.3147866129875183,5.4700949279241295e-05
2020,0.45737424492836,0.425284743309021,0.3208949565887451,5.4600950026045326e-05
2021,0.4515748918056488,0.42045146226882935,0.31123417615890503,5.4501007924713707e-05
2022,0.4631029963493347,0.43085113167762756,0.3225187659263611,5.440112310106134e-05
2023,0.46101832389831543,0.4287303388118744,0.322879821062088,5.4301295680830976e-05
2024,0.45070475339889526,0.41929513216018677,0.3140961825847626,5.420152578969326e-05
2025,0.4413924217224121,0.4105651378631592,0.3082728385925293,5.410181355324622e-05
2026,0.45579880475997925,0.424021452665329,0.3177734315395355,5.400215909701547e-05
2027,0.43430715799331665,0.4039607048034668,0.3034645617008209,5.390256254645378e-05
2028,0.477914959192276,0.4443165361881256,0.33598414063453674,5.380302402694104e-05
2029,0.47869598865509033,0.4453219175338745,0.33374056220054626,5.3703543663784074e-05
2030,0.4599795341491699,0.4273751378059387,0.32604411244392395,5.36041215822166e-05
2031,0.44657546281814575,0.41544583439826965,0.3112962543964386,5.3504757907398836e-05
2032,0.4694187045097351,0.4367174208164215,0.32701268792152405,5.340545276441755e-05
2033,0.4696751534938812,0.43669089674949646,0.32984259724617004,5.3306206278285734e-05
2034,0.4390305280685425,0.4087255001068115,0.3030502498149872,5.320701857394268e-05
2035,0.4494832158088684,0.41730716824531555,0.3217606246471405,5.3107889776253536e-05
2036,0.45868241786956787,0.4263463318347931,0.3233608603477478,5.3008820010009464e-05
2037,0.4447016417980194,0.4136315882205963,0.3107006549835205,5.290980939992713e-05
2038,0.4605465531349182,0.4285026788711548,0.3204387426376343,5.281085807064881e-05
2039,0.4580433964729309,0.42616525292396545,0.318781316280365,5.27119661467422e-05
2040,0.4548950791358948,0.4232137203216553,0.3168136775493622,5.261313375270014e-05
2041,0.4913964867591858,0.4568285644054413,0.34567928314208984,5.251436101294056e-05
2042,0.47976064682006836,0.4461446702480316,0.33615991473197937,5.2415648051806275e-05
2043,0.4825149476528168,0.4487006962299347,0.33814239501953125,5.231699499356484e-05
2044,0.4496469497680664,0.41861480474472046,0.3103214502334595,5.221840196240848e-05
2045,0.47065311670303345,0.43762293457984924,0.33030179142951965,5.211986908245374e-05
2046,0.461220920085907,0.42928546667099,0.31935447454452515,5.202139647774149e-05
2047,0.48966097831726074,0.4546719789505005,0.34988996386528015,5.192298427223676e-05
2048,0.45046669244766235,0.4191823899745941,0.3128431737422943,5.182463258982846e-05
2049,0.4562556743621826,0.42404183745384216,0.32213836908340454,5.172634155432943e-05
2050,0.46187013387680054,0.42965763807296753,0.3221248984336853,5.1628111289476035e-05
2051,0.47374093532562256,0.44084426760673523,0.3289666473865509,5.1529941918928204e-05
2052,0.4781968593597412,0.4448051452636719,0.3339172303676605,5.143183356626916e-05
2053,0.4684406816959381,0.4357113242149353,0.3272935152053833,5.133378635500543e-05
2054,0.5096696019172668,0.4741063117980957,0.35563310980796814,5.123580040856644e-05
2055,0.43572768568992615,0.40523064136505127,0.3049704134464264,5.113787585030454e-05
2056,0.4465923309326172,0.4151618778705597,0.31430453062057495,5.1040012803494795e-05
2057,0.4461609721183777,0.41467201709747314,0.31488969922065735,5.0942211391334824e-05
2058,0.4646483063697815,0.4317084550857544,0.32939836382865906,5.084447173694469e-05
2059,0.49969661235809326,0.464496374130249,0.35200247168540955,5.0746793963366744e-05
2060,0.46741923689842224,0.43496760725975037,0.3245163559913635,5.0649178193565314e-05
2061,0.45976051688194275,0.42763444781303406,0.32126060128211975,5.055162455042679e-05
2062,0.4412170350551605,0.4102931618690491,0.3092387616634369,5.045413315675924e-05
2063,0.4480287730693817,0.4168365001678467,0.3119226098060608,5.035670413529251e-05
2064,0.452271044254303,0.4209255278110504,0.31345513463020325,5.025933760867781e-05
2065,0.4575195610523224,0.4254862368106842,0.32033324241638184,5.016203369948773e-05
2066,0.506942629814148,0.47122693061828613,0.3571571707725525,5.006479253021597e-05
2067,0.489290714263916,0.45534613728523254,0.3394456207752228,4.996761422327737e-05
2068,0.4476235806941986,0.4160848557949066,0.3153872787952423,4.9870498901007524e-05
2069,0.46987104415893555,0.43654289841651917,0.33328160643577576,4.977344668566275e-05
2070,0.48827826976776123,0.4535796642303467,0.3469860255718231,4.967645769942e-05
2071,0.46824488043785095,0.4350140392780304,0.3323083519935608,4.957953206437651e-05
2072,0.46839576959609985,0.4350695312023163,0.3332623243331909,4.9482669902549894e-05
2073,0.47960764169692993,0.44582295417785645,0.33784687519073486,4.938587133587777e-05
2074,0.43933188915252686,0.4088091552257538,0.3052273988723755,4.92891364862177e-05
2075,0.4884297847747803,0.45414474606513977,0.34285032749176025,4.919246547534708e-05
2076,0.4416234791278839,0.4106033742427826,0.31020110845565796,4.909585842496287e-05
2077,0.43490105867385864,0.4045138359069824,0.3038721978664398,4.899931545668164e-05
2078,0.4383155405521393,0.4073880612850189,0.3092747926712036,4.890283669203915e-05
2079,0.5312644839286804,0.4931716024875641,0.3809289038181305,4.880642225249041e-05
2080,0.4686901569366455,0.43584659695625305,0.3284355103969574,4.87100722594094e-05
2081,0.47682076692581177,0.4435507655143738,0.3327001631259918,4.8613786834089024e-05
2082,0.45565199851989746,0.42378899455070496,0.31863000988960266,4.851756609774094e-05
2083,0.4604329466819763,0.42806634306907654,0.32366588711738586,4.842141017149526e-05
2084,0.477657675743103,0.44414952397346497,0.3350816071033478,4.8325319176400576e-05
2085,0.49723243713378906,0.46237003803253174,0.34862402081489563,4.822929323342369e-05
2086,0.5131509900093079,0.47646865248680115,0.36682337522506714,4.81333324634496e-05
2087,0.4796834886074066,0.44602862000465393,0.3365485668182373,4.8037436987281194e-05
2088,0.4497324824333191,0.41853833198547363,0.31194159388542175,4.794160692563917e-05
2089,0.4465717077255249,0.4148482382297516,0.3172348141670227,4.7845842399161874e-05
2090,0.4633398950099945,0.4307647943496704,0.32575103640556335,4.7750143528405126e-05
2091,0.4971000850200653,0.46271148324012756,0.3438860774040222,4.76545104338422e-05
2092,0.47169873118400574,0.43890851736068726,0.32790201902389526,4.755894323586342e-05
2093,0.4740360677242279,0.44079872965812683,0.3323734402656555,4.746344205477631e-05
2094,0.4756343960762024,0.4422449767589569,0.33389419317245483,4.736800701080515e-05
2095,0.47959983348846436,0.4463513195514679,0.33248525857925415,4.727263822409099e-05
2096,0.4715597629547119,0.4388901889324188,0.3266957104206085,4.717733581469157e-05
2097,0.4722531735897064,0.43956974148750305,0.3268343210220337,4.708209990258095e-05
2098,0.447888046503067,0.4166538715362549,0.31234169006347656,4.6986930607649535e-05
2099,0.47476598620414734,0.4415409564971924,0.33225029706954956,4.68918280497038e-05
2100,0.46398380398750305,0.43138566613197327,0.325981467962265,4.6796792348466356e-05
2101,0.49000585079193115,0.45599639415740967,0.3400944769382477,4.67018236235755e-05
2102,0.4893241226673126,0.4544941484928131,0.3482997715473175,4.6606921994585274e-05
2103,0.48982924222946167,0.45563116669654846,0.3419806957244873,4.651208758096521e-05
2104,0.4390968680381775,0.409005343914032,0.30091533064842224,4.6417320502100316e-05
2105,0.47431105375289917,0.4413144290447235,0.3299661874771118,4.63226208772908e-05
2106,0.4541337192058563,0.4222935736179352,0.3184014558792114,4.62279888257519e-05
2107,0.41807234287261963,0.38884472846984863,0.29227614402770996,4.613342446661383e-05
2108,0.47801563143730164,0.4445144236087799,0.3350120484828949,4.603892791892157e-05
2109,0.5089417695999146,0.47270283102989197,0.36238962411880493,4.594449930163471e-05
2110,0.44529083371162415,0.4141142964363098,0.3117654621601105,4.5850138733627434e-05
2111,0.45821815729141235,0.426400363445282,0.31817787885665894,4.575584633368815e-05
2112,0.47581326961517334,0.4425990879535675,0.3321417570114136,4.566162222051946e-05
2113,0.456717848777771,0.4243202209472656,0.3239763081073761,4.556746651273802e-05
2114,0.4681119918823242,0.43528908491134644,0.328229159116745,4.547337932887443e-05
2115,0.4591636657714844,0.42714813351631165,0.32015544176101685,4.537936078737292e-05
2116,0.4759505093097687,0.4428591728210449,0.3309133052825928,4.52854110065914e-05
2117,0.4501054286956787,0.4185451865196228,0.3156024217605591,4.519153010480118e-05
2118,0.4463140368461609,0.4148912727832794,0.3142275810241699,4.5097718200186814e-05
2119,0.4548896849155426,0.4235631227493286,0.3132655918598175,4.50039754108461e-05
2120,0.4428355395793915,0.4116467237472534,0.31188827753067017,4.491030185478976e-05
2121,0.44147631525993347,0.41014382243156433,0.3133249878883362,4.481669764994134e-05
2122,0.47776779532432556,0.44404616951942444,0.33721616864204407,4.472316291413715e-05
2123,0.44891318678855896,0.41720467805862427,0.3170851171016693,4.4629697765125934e-05
2124,0.46581611037254333,0.43327924609184265,0.32536858320236206,4.453630232056901e-05
2125,0.47241073846817017,0.4394616186618805,0.32949134707450867,4.444297669803981e-05
2126,0.4800076484680176,0.44597673416137695,0.3403090536594391,4.434972101502385e-05
2127,0.42260420322418213,0.39331337809562683,0.29290837049484253,4.425653538891874e-05
2128,0.5067493319511414,0.47163212299346924,0.3511721193790436,4.416341993703373e-05
2129,0.4557209610939026,0.42358529567718506,0.3213566541671753,4.407037477658992e-05
2130,0.46870970726013184,0.4357207417488098,0.3298896551132202,4.3977400024719725e-05
2131,0.47997424006462097,0.44624513387680054,0.3372909724712372,4.388449579846705e-05
2132,0.48057258129119873,0.4470788836479187,0.33493688702583313,4.379166221478697e-05
2133,0.4819658696651459,0.4484976828098297,0.3346819281578064,4.36988993905456e-05
2134,0.44946810603141785,0.4175899624824524,0.3187815546989441,4.36062074425201e-05
2135,0.45775794982910156,0.4258490204811096,0.3190891444683075,4.351358648739826e-05
2136,0.46682268381118774,0.43399032950401306,0.3283235430717468,4.3421036641778556e-05
2137,0.4786616563796997,0.4450344443321228,0.33627206087112427,4.332855802217e-05
2138,0.4424450695514679,0.4112479090690613,0.3119714856147766,4.323615074499183e-05
2139,0.4740937650203705,0.4409993588924408,0.3309441804885864,4.31438149265736e-05
2140,0.44874584674835205,0.41748055815696716,0.3126527667045593,4.305155068315481e-05
2141,0.449850469827652,0.41792288422584534,0.31927576661109924,4.295935813088487e-05
2142,0.45585036277770996,0.4243957996368408,0.3145456910133362,4.2867237385822935e-05
2143,0.46512123942375183,0.43236467242240906,0.32756561040878296,4.2775188563937843e-05
2144,0.46955186128616333,0.43624311685562134,0.3330874443054199,4.268321178110779e-05
2145,0.4627179801464081,0.4303947687149048,0.3232320249080658,4.259130715312033e-05
2146,0.4377150237560272,0.4071171283721924,0.3059789538383484,4.249947479567218e-05
2147,0.481125146150589,0.4475192725658417,0.33605870604515076,4.2407714824369024e-05
2148,0.46025824546813965,0.4281924366950989,0.3206581175327301,4.231602735472552e-05
2149,0.4362071752548218,0.405811071395874,0.303960919380188,4.222441250216502e-05
2150,0.42520639300346375,0.39569059014320374,0.2951579988002777,4.213287038201943e-05
2151,0.4712892770767212,0.438320130109787,0.32969141006469727,4.20414011095291e-05
2152,0.45761600136756897,0.4252530336380005,0.3236297369003296,4.195000479984265e-05
2153,0.44028568267822266,0.4097752869129181,0.30510392785072327,4.185868156801694e-05
2154,0.509853184223175,0.47384709119796753,0.3600606918334961,4.1767431529016766e-05
2155,0.4554240107536316,0.42295295000076294,0.32471075654029846,4.1676254797714766e-05
2156,0.44758638739585876,0.41661930084228516,0.30967098474502563,4.1585151488891305e-05
2157,0.49426692724227905,0.45904839038848877,0.3521854281425476,4.149412171723438e-05
2158,0.4661255180835724,0.4331527054309845,0.3297281861305237,4.140316559733935e-05
2159,0.4483377933502197,0.4170505404472351,0.3128725290298462,4.1312283243708836e-05
2160,0.4782926142215729,0.4447409510612488,0.3355165719985962,4.12214747707527e-05
2161,0.45668262243270874,0.4246770739555359,0.32005539536476135,4.113074029278765e-05
2162,0.45945221185684204,0.42726972699165344,0.3218249976634979,4.1040079924037386e-05
2163,0.4584321081638336,0.42634978890419006,0.3208232820034027,4.0949493778632244e-05
2164,0.5062864422798157,0.47057920694351196,0.3570724427700043,4.085898197060911e-05
2165,0.47189784049987793,0.43871819972991943,0.3317963778972626,4.0768544613911294e-05
2166,0.4573186933994293,0.4249906837940216,0.32328012585639954,4.067818182238838e-05
2167,0.4477165639400482,0.41606998443603516,0.3164657950401306,4.058789370979617e-05
2168,0.4509519934654236,0.4191370904445648,0.3181491792201996,4.049768038979631e-05
2169,0.44762367010116577,0.4166414737701416,0.3098220229148865,4.04075419759564e-05
2170,0.44978514313697815,0.41856032609939575,0.3122480511665344,4.031747858174964e-05
2171,0.4533785581588745,0.4215949773788452,0.3178359270095825,4.0227490320554916e-05
2172,0.46439453959465027,0.4321364462375641,0.32258090376853943,4.0137577305656485e-05
2173,0.46316269040107727,0.43087759613990784,0.3228510320186615,4.004773965024383e-05
2174,0.4693281650543213,0.4367019236087799,0.32626256346702576,3.9957977467411615e-05
2175,0.446287602186203,0.4147140085697174,0.3157358765602112,3.9868290870159405e-05
2176,0.45349544286727905,0.4215465486049652,0.3194889724254608,3.9778679971391785e-05
2177,0.4635598361492157,0.43122410774230957,0.32335716485977173,3.96891448839179e-05
2178,0.46935275197029114,0.43567243218421936,0.3368033170700073,3.959968572045148e-05
2179,0.4496886730194092,0.41824325919151306,0.3144542872905731,3.951030259361072e-05
2180,0.4623117744922638,0.4299803376197815,0.32331427931785583,3.942099561591802e-05
2181,0.47266504168510437,0.43963444232940674,0.33030596375465393,3.933176489980005e-05
2182,0.481151819229126,0.4471113383769989,0.3404046893119812,3.924261055758731e-05
2183,0.4474256932735443,0.41557741165161133,0.3184828460216522,3.915353270151433e-05
2184,0.45085442066192627,0.41906681656837463,0.31787607073783875,3.90645314437192e-05
2185,0.45187366008758545,0.4198971390724182,0.31976526975631714,3.897560689624362e-05
2186,0.4923829138278961,0.45755627751350403,0.34826624393463135,3.888675917103283e-05
2187,0.4607643485069275,0.4279455542564392,0.3281879723072052,3.879798837993521e-05
2188,0.42550307512283325,0.3958944082260132,0.2960866093635559,3.8709294634702376e-05
2189,0.45221495628356934,0.42071259021759033,0.3150237500667572,3.862067804698889e-05
2190,0.4602643549442291,0.4286194443702698,0.31644922494888306,3.853213872835228e-05
2191,0.45389246940612793,0.4217720627784729,0.3212040662765503,3.844367679025274e-05
2192,0.44848230481147766,0.4172976613044739,0.3118463158607483,3.8355292344053026e-05
2193,0.46107298135757446,0.42922070622444153,0.3185228705406189,3.826698550101836e-05
2194,0.449303537607193,0.4181743264198303,0.31129220128059387,3.8178756372316294e-05
2195,0.5075083374977112,0.4723459482192993,0.351624071598053,3.8090605069016595e-05
2196,0.4488005042076111,0.4168667197227478,0.3193379342556,3.800253170209094e-05
2197,0.4545454680919647,0.42267876863479614,0.31866705417633057,3.7914536382412956e-05
2198,0.4733567237854004,0.4401691257953644,0.3318760395050049,3.782661922075803e-05
2199,0.4640897810459137,0.43170034885406494,0.3238942325115204,3.773878032780309e-05
2200,0.44957756996154785,0.4176942706108093,0.3188329041004181,3.7651019814126654e-05
2201,0.44946929812431335,0.4182637631893158,0.3120552599430084,3.7563337790208476e-05
2202,0.4696808159351349,0.4367679953575134,0.32912808656692505,3.747573436642951e-05
2203,0.4806426763534546,0.44670501351356506,0.33937665820121765,3.738820965307176e-05
2204,0.45880958437919617,0.4266064465045929,0.32203125953674316,3.730076376031821e-05
2205,0.4697108864784241,0.4364868998527527,0.33223992586135864,3.721339679825252e-05
2206,0.45544272661209106,0.4233020842075348,0.32140642404556274,3.712610887685909e-05
2207,0.4664306938648224,0.43399953842163086,0.32431164383888245,3.703890010602274e-05
2208,0.4567151665687561,0.42481061816215515,0.3190455436706543,3.695177059552861e-05
2209,0.45555028319358826,0.4235621392726898,0.31988146901130676,3.686472045506223e-05
2210,0.47046560049057007,0.4371173083782196,0.3334830403327942,3.677774979420904e-05
2211,0.47116655111312866,0.43803825974464417,0.33128291368484497,3.66908587224545e-05
2212,0.494326114654541,0.45974355936050415,0.3458254337310791,3.660404734918387e-05
2213,0.46562880277633667,0.43270912766456604,0.32919690012931824,3.6517315783682036e-05
2214,0.45277461409568787,0.421233206987381,0.3154139816761017,3.643066413513354e-05
2215,0.4428209960460663,0.4119415283203125,0.3087945580482483,3.634409251262217e-05
2216,0.4647810757160187,0.43210017681121826,0.32680901885032654,3.6257601025131026e-05
2217,0.4635639488697052,0.43080276250839233,0.3276118040084839,3.61711897815424e-05
2218,0.4888915717601776,0.4547390937805176,0.3415248990058899,3.608485889063744e-05
2219,0.4342121481895447,0.4039962589740753,0.3021589517593384,3.599860846109626e-05
2220,0.4780126214027405,0.44412580132484436,0.33886805176734924,3.591243860149759e-05
2221,0.44670936465263367,0.4153520464897156,0.3135732114315033,3.582634942031878e-05
2222,0.45976313948631287,0.42762285470962524,0.32140278816223145,3.574034102593557e-05
2223,0.4802078902721405,0.44691622257232666,0.33291658759117126,3.565441352662211e-05
2224,0.4804782271385193,0.44612735509872437,0.34350883960723877,3.556856703055058e-05
2225,0.4562327265739441,0.4240502715110779,0.3218245804309845,3.548280164579126e-05
2226,0.47634682059288025,0.4423450529575348,0.34001776576042175,3.539711748031227e-05
2227,0.44780346751213074,0.4168632924556732,0.30940163135528564,3.531151464197957e-05
2228,0.4684879183769226,0.4358459711074829,0.3264193832874298,3.5225993238556644e-05
2229,0.4962005615234375,0.4614091217517853,0.34791433811187744,3.514055337770455e-05
2230,0.43411868810653687,0.4038359224796295,0.3028276264667511,3.5055195166981645e-05
2231,0.4733984172344208,0.4396139979362488,0.3378441333770752,3.496991871384346e-05
2232,0.46560272574424744,0.4329797327518463,0.32622987031936646,3.488472412564264e-05
2233,0.4658607840538025,0.43377336859703064,0.32087409496307373,3.479961150962884e-05
2234,0.4517236053943634,0.4202360510826111,0.3148754835128784,3.4714580972948406e-05
2235,0.48024821281433105,0.4467865824699402,0.33461615443229675,3.462963262264444e-05
2236,0.4492852985858917,0.41806671023368835,0.3121858239173889,3.4544766565656505e-05
2237,0.4567476809024811,0.4246801733970642,0.3206750154495239,3.445998290882062e-05
2238,0.4500669538974762,0.4185008406639099,0.31566110253334045,3.4375281758869114e-05
2239,0.4748477041721344,0.4418390989303589,0.33008596301078796,3.429066322243033e-05
2240,0.4253426194190979,0.39586108922958374,0.2948152422904968,3.420612740602875e-05
2241,0.45113325119018555,0.4198356568813324,0.31297603249549866,3.4121674416084584e-05
2242,0.4797712564468384,0.44606074690818787,0.3371051251888275,3.403730435891391e-05
2243,0.46327629685401917,0.4310683310031891,0.3220795691013336,3.39530173407283e-05
2244,0.4436580538749695,0.41317692399024963,0.30481114983558655,3.386881346763483e-05
2245,0.4355258643627167,0.40542301535606384,0.30102837085723877,3.378469284563589e-05
2246,0.4701154828071594,0.4373170733451843,0.32798418402671814,3.370065558062906e-05
2247,0.4700009822845459,0.43676847219467163,0.3323249816894531,3.3616701778407065e-05
2248,0.4270130693912506,0.397099107503891,0.29913970828056335,3.353283154465746e-05
2249,0.442560076713562,0.4115675091743469,0.30992576479911804,3.34490449849626e-05
2250,0.44324442744255066,0.411994606256485,0.3124982714653015,3.336534220479961e-05
2251,0.47074419260025024,0.43806588649749756,0.3267829418182373,3.3281723309540025e-05
2252,0.4555215835571289,0.4235251247882843,0.3199646472930908,3.319818840444987e-05
2253,0.49535050988197327,0.4605720043182373,0.3477851450443268,3.311473759468938e-05
2254,0.4704877734184265,0.4379042088985443,0.3258357048034668,3.3031370985312934e-05
2255,0.4398711919784546,0.4092826843261719,0.3058851659297943,3.294808868126894e-05
2256,0.4865197539329529,0.45148590207099915,0.3503384590148926,3.28648907873996e-05
2257,0.4641484320163727,0.43176186084747314,0.32386571168899536,3.2781777408441e-05
2258,0.4500581622123718,0.4183100163936615,0.3174815773963928,3.269874864902269e-05
2259,0.4643394649028778,0.43130239844322205,0.33037078380584717,3.261580461366776e-05
2260,0.4487569034099579,0.41750863194465637,0.3124828040599823,3.253294540679257e-05
2261,0.4473543167114258,0.41608119010925293,0.3127311170101166,3.245017113270685e-05
2262,0.4708999991416931,0.43818598985671997,0.32714006304740906,3.236748189561324e-05
2263,0.4847473204135895,0.4509299099445343,0.3381742238998413,3.228487779960745e-05
2264,0.46495282649993896,0.4324852228164673,0.32467618584632874,3.220235894867794e-05
2265,0.4299583435058594,0.4002079367637634,0.2975039482116699,3.211992544670581e-05
2266,0.47011104226112366,0.436996191740036,0.3311483860015869,3.203757739746489e-05
2267,0.4576062560081482,0.42571625113487244,0.31890010833740234,3.195531490462128e-05
2268,0.48108550906181335,0.44770148396492004,0.3338403105735779,3.18731380717334e-05
2269,0.47066056728363037,0.43793144822120667,0.3272913098335266,3.1791047002251884e-05
2270,0.4728084206581116,0.4393846392631531,0.334237664937973,3.1709041799519315e-05
2271,0.46102017164230347,0.42907610535621643,0.31944069266319275,3.162712256677032e-05
2272,0.4515298902988434,0.4196677505970001,0.3186214566230774,3.154528940713113e-05
2273,0.4209953844547272,0.3912016451358795,0.2979373037815094,3.1463542423619794e-05
2274,0.46335476636886597,0.43088871240615845,0.3246605396270752,3.1381881719145724e-05
2275,0.453832745552063,0.42159244418144226,0.3224031627178192,3.130030739650983e-05
2276,0.45908933877944946,0.4270976483821869,0.31991687417030334,3.121881955840421e-05
2277,0.4626130163669586,0.4302046597003937,0.32408344745635986,3.1137418307412116e-05
2278,0.4818322956562042,0.44739067554473877,0.34441614151000977,3.105610374600778e-05
2279,0.45959773659706116,0.4277195930480957,0.31878146529197693,3.0974875976556284e-05
2280,0.45198819041252136,0.4208720326423645,0.3111616373062134,3.089373510131355e-05
2281,0.43866103887557983,0.4081113934516907,0.30549633502960205,3.081268122242598e-05
2282,0.42924726009368896,0.3990243673324585,0.30222904682159424,3.073171444193055e-05
2283,0.44092822074890137,0.41015082597732544,0.30777400732040405,3.065083486175451e-05
2284,0.4787050783634186,0.4456171989440918,0.3308787941932678,3.057004258371541e-05
2285,0.45028674602508545,0.41865265369415283,0.31634098291397095,3.0489337709520917e-05
2286,0.46285495162010193,0.43038609623908997,0.324688583612442,3.0408720340768572e-05
2287,0.43519577383995056,0.40460798144340515,0.3058779537677765,3.0328190578945815e-05
2288,0.4666563868522644,0.43403521180152893,0.3262118697166443,3.0247748525429787e-05
2289,0.4444597661495209,0.41328468918800354,0.3117508292198181,3.0167394281487184e-05
2290,0.4834849536418915,0.4500425457954407,0.3344240188598633,3.008712794827426e-05
2291,0.4613596498966217,0.42828604578971863,0.3307361602783203,3.00069496268365e-05
2292,0.4488024115562439,0.4174485504627228,0.31353846192359924,2.9926859418108644e-05
2293,0.45021069049835205,0.41850826144218445,0.31702423095703125,2.9846857422914433e-05
2294,0.4698531925678253,0.43684709072113037,0.3300611078739166,2.97669437419667e-05
2295,0.43965572118759155,0.40890079736709595,0.3075493574142456,2.9687118475866947e-05
2296,0.4415922164916992,0.410323828458786,0.312684029340744,2.960738172510551e-05
2297,0.45571374893188477,0.4237234890460968,0.3199027478694916,2.952773359006119e-05
2298,0.4399902820587158,0.40954288840293884,0.304473876953125,2.9448174171001254e-05
2299,0.46676769852638245,0.4341149628162384,0.32652726769447327,2.9368703568081356e-05
2300,0.4406059980392456,0.4098474383354187,0.3075856864452362,2.9289321881345254e-05
2301,0.46882307529449463,0.4359712600708008,0.32851818203926086,2.921002921072481e-05
2302,0.46215230226516724,0.43025216460227966,0.31900128722190857,2.913082565603982e-05
2303,0.45352891087532043,0.4218665361404419,0.31662362813949585,2.9051711316997864e-05
2304,0.45367902517318726,0.4216518700122833,0.32027164101600647,2.8972686293194308e-05
2305,0.45081377029418945,0.41955190896987915,0.3126184642314911,2.8893750684111975e-05
2306,0.47045356035232544,0.43803367018699646,0.32419905066490173,2.8814904589121137e-05
2307,0.4451424777507782,0.41390642523765564,0.312360554933548,2.8736148107479478e-05
2308,0.4482242166996002,0.4166352152824402,0.3158901333808899,2.8657481338331715e-05
2309,0.44979265332221985,0.4181159734725952,0.31676673889160156,2.8578904380709793e-05
2310,0.4746954143047333,0.44154462218284607,0.33150801062583923,2.850041733353247e-05
2311,0.44669950008392334,0.4156622290611267,0.31037256121635437,2.842202029560538e-05
2312,0.4588117301464081,0.42669856548309326,0.32113173604011536,2.8343713365620772e-05
2313,0.45963773131370544,0.4275471270084381,0.3209061324596405,2.8265496642157597e-05
2314,0.4532027840614319,0.42093753814697266,0.3226526081562042,2.8187370223681132e-05
2315,0.4654863178730011,0.43265023827552795,0.3283608853816986,2.8109334208542993e-05
2316,0.46507295966148376,0.4328303337097168,0.3224261701107025,2.803138869498102e-05
2317,0.4583991467952728,0.426368772983551,0.32030370831489563,2.7953533781119055e-05
2318,0.45465606451034546,0.42273157835006714,0.319244921207428,2.7875769564966968e-05
2319,0.46720001101493835,0.4345014691352844,0.3269854187965393,2.779809614442046e-05
2320,0.455455482006073,0.42405709624290466,0.3139839768409729,2.7720513617260856e-05
2321,0.46211278438568115,0.4297525882720947,0.3236020505428314,2.764302208115509e-05
2322,0.46357646584510803,0.43049442768096924,0.33082038164138794,2.7565621633655502e-05
2323,0.45144015550613403,0.41957682371139526,0.3186332583427429,2.74883123721999e-05
2324,0.4798163175582886,0.44637686014175415,0.334394633769989,2.741109439411117e-05
2325,0.46802663803100586,0.4352415204048157,0.32785117626190186,2.7333967796597315e-05
2326,0.44683027267456055,0.41539788246154785,0.314323753118515,2.7256932676751323e-05
2327,0.45230138301849365,0.4207541048526764,0.3154727518558502,2.7179989131550977e-05
2328,0.4723068177700043,0.4383707046508789,0.3393610417842865,2.7103137257858868e-05
2329,0.4527142345905304,0.4209796190261841,0.3173460364341736,2.7026377152422067e-05
2330,0.4567927122116089,0.42505037784576416,0.3174232542514801,2.694970891187224e-05
2331,0.4629899859428406,0.4307715892791748,0.32218387722969055,2.6873132632725297e-05
2332,0.4653388261795044,0.4325796663761139,0.3275916874408722,2.6796648411381485e-05
2333,0.46144479513168335,0.4291613698005676,0.3228341042995453,2.672025634412506e-05
2334,0.4346294701099396,0.40422186255455017,0.30407607555389404,2.6643956527124335e-05
2335,0.4526188373565674,0.42104142904281616,0.31577417254447937,2.6567749056431467e-05
2336,0.45921453833580017,0.4268929660320282,0.32321569323539734,2.6491634027982325e-05
2337,0.44624194502830505,0.4152049422264099,0.31037014722824097,2.6415611537596496e-05
2338,0.4591110944747925,0.4270349144935608,0.3207618296146393,2.6339681680977013e-05
2339,0.4618907570838928,0.42984065413475037,0.32050108909606934,2.6263844553710236e-05
2340,0.44220641255378723,0.41114571690559387,0.31060704588890076,2.6188100251265945e-05
2341,0.4572654664516449,0.4253048002719879,0.31960663199424744,2.6112448868996897e-05
2342,0.4754919111728668,0.4419030249118805,0.3358888328075409,2.6036890502139035e-05
2343,0.4727209210395813,0.43985843658447266,0.3286249041557312,2.5961425245811055e-05
2344,0.45085349678993225,0.41925615072250366,0.3159734308719635,2.5886053195014538e-05
2345,0.4423566460609436,0.4112852215766907,0.31071436405181885,2.5810774444633644e-05
2346,0.4564523696899414,0.424459308385849,0.3199305534362793,2.573558908943523e-05
2347,0.45142629742622375,0.4199894964694977,0.3143681287765503,2.5660497224068415e-05
2348,0.4778403341770172,0.4441951811313629,0.33645153045654297,2.5585498943064724e-05
2349,0.48170986771583557,0.44801953434944153,0.3369034230709076,2.5510594340837824e-05
2350,0.4432874917984009,0.4126195013523102,0.3066798448562622,2.5435783511683443e-05
2351,0.47531670331954956,0.44166481494903564,0.33651891350746155,2.5361066549779356e-05
2352,0.4696170687675476,0.43673232197761536,0.32884734869003296,2.5286443549185036e-05
2353,0.47168657183647156,0.43852949142456055,0.33157071471214294,2.521191460384178e-05
2354,0.457013338804245,0.4251835346221924,0.31829798221588135,2.5137479807572427e-05
2355,0.4702785611152649,0.4372110366821289,0.3306751251220703,2.506313925408127e-05
2356,0.46088653802871704,0.428343802690506,0.32542720437049866,2.4988893036954053e-05
2357,0.44708701968193054,0.4156884253025055,0.3139859735965729,2.4914741249657658e-05
2358,0.4239835739135742,0.39463919401168823,0.2934439182281494,2.484068398554016e-05
2359,0.5221104025840759,0.48545390367507935,0.3665652573108673,2.47667213378306e-05
2360,0.4766519069671631,0.44294869899749756,0.3370321989059448,2.4692853399638917e-05
2361,0.47329726815223694,0.4402692914009094,0.33027970790863037,2.4619080263955875e-05
2362,0.46309781074523926,0.4306424558162689,0.3245534896850586,2.4545402023652784e-05
2363,0.44303956627845764,0.4120102822780609,0.3102928698062897,2.4471818771481648e-05
2364,0.46013516187667847,0.4282037615776062,0.31931406259536743,2.4398330600074713e-05
2365,0.48892998695373535,0.45486411452293396,0.34065884351730347,2.4324937601944685e-05
2366,0.43988603353500366,0.40955132246017456,0.30334725975990295,2.4251639869484375e-05
2367,0.46160590648651123,0.4295344352722168,0.32071465253829956,2.4178437494966688e-05
2368,0.45879510045051575,0.4258843958377838,0.3291069567203522,2.410533057054446e-05
2369,0.45311418175697327,0.4215211272239685,0.31593057513237,2.4032319188250374e-05
2370,0.43901509046554565,0.40814802050590515,0.3086707890033722,2.3959403439996907e-05
2371,0.48596328496932983,0.4520954191684723,0.33867865800857544,2.388658341757607e-05
2372,0.45111650228500366,0.4193226397037506,0.3179386258125305,2.381385921265936e-05
2373,0.4500909149646759,0.41884857416152954,0.31242337822914124,2.3741230916797675e-05
2374,0.4615631699562073,0.4289073646068573,0.3265581727027893,2.3668698621421216e-05
2375,0.43191584944725037,0.4014494717121124,0.30466365814208984,2.3596262417839255e-05
2376,0.45641446113586426,0.4243012070655823,0.32113245129585266,2.352392239724016e-05
2377,0.4550665318965912,0.4226233959197998,0.32443132996559143,2.345167865069119e-05
2378,0.4608058035373688,0.4284636974334717,0.32342100143432617,2.33795312691384e-05
2379,0.4693683981895447,0.43590936064720154,0.33459052443504333,2.330748034340651e-05
2380,0.4571233093738556,0.42516186833381653,0.3196144104003906,2.323552596419889e-05
2381,0.4495890736579895,0.4182640314102173,0.3132505416870117,2.3163668222097313e-05
2382,0.44756147265434265,0.41593143343925476,0.31630051136016846,2.309190720756189e-05
2383,0.4726288318634033,0.4398081302642822,0.3282070755958557,2.3020243010930975e-05
2384,0.4741787910461426,0.4411509037017822,0.3302789032459259,2.2948675722421086e-05
2385,0.4579917788505554,0.4258890151977539,0.3210276961326599,2.2877205432126657e-05
2386,0.48710113763809204,0.45290496945381165,0.3419615924358368,2.280583223002012e-05
2387,0.4716554284095764,0.4388011395931244,0.3285427391529083,2.2734556205951596e-05
2388,0.4535999298095703,0.4219127595424652,0.31687164306640625,2.266337744964888e-05
2389,0.46838465332984924,0.43547284603118896,0.3291179835796356,2.2592296050717388e-05
2390,0.4525136351585388,0.42088180780410767,0.3163183033466339,2.25213120986399e-05
2391,0.45091524720191956,0.4192194938659668,0.3169575035572052,2.2450425682776565e-05
2392,0.4635235369205475,0.43085819482803345,0.3266533315181732,2.237963689236472e-05
2393,0.4393538236618042,0.4085499942302704,0.30803829431533813,2.230894581651879e-05
2394,0.43177878856658936,0.4022403359413147,0.29538464546203613,2.2238352544230255e-05
2395,0.45036518573760986,0.4188445210456848,0.3152067959308624,2.2167857164367422e-05
2396,0.45317208766937256,0.4218522906303406,0.3131978511810303,2.2097459765675342e-05
2397,0.4563294053077698,0.42413556575775146,0.3219384253025055,2.2027160436775794e-05
2398,0.4564504623413086,0.4246654212474823,0.31785035133361816,2.195695926616702e-05
2399,0.43819037079811096,0.407937616109848,0.30252763628959656,2.188685634222376e-05
2400,0.46396976709365845,0.43151426315307617,0.3245551884174347,2.1816851753197032e-05
2401,0.4551621675491333,0.4234001338481903,0.31762027740478516,2.174694558721405e-05
2402,0.4397810399532318,0.40893641114234924,0.3084462583065033,2.1677137932278147e-05
2403,0.4733906686306,0.440139502286911,0.3325116038322449,2.1607428876268675e-05
2404,0.44691917300224304,0.41549813747406006,0.3142104148864746,2.153781850694082e-05
2405,0.49829697608947754,0.46303290128707886,0.3526405990123749,2.146830691192553e-05
2406,0.43266159296035767,0.4029035270214081,0.2975808084011078,2.1398894178729423e-05
2407,0.4755038619041443,0.44296351075172424,0.3254033625125885,2.1329580394734638e-05
2408,0.42414391040802,0.3947376310825348,0.2940628230571747,2.1260365647198798e-05
2409,0.4452439546585083,0.41431134939193726,0.3093259334564209,2.119125002325485e-05
2410,0.4454144537448883,0.4145791232585907,0.30835336446762085,2.11222336099109e-05
2411,0.45787447690963745,0.4256567358970642,0.32217735052108765,2.1053316494050202e-05
2412,0.46778783202171326,0.4349542260169983,0.32833606004714966,2.098449876243096e-05
2413,0.46071553230285645,0.42863863706588745,0.3207688629627228,2.0915780501686355e-05
2414,0.48548710346221924,0.4513294994831085,0.3415759801864624,2.0847161798324266e-05
2415,0.5000680685043335,0.4651009738445282,0.349670946598053,2.0778642738727272e-05
2416,0.4718441665172577,0.4379916787147522,0.33852487802505493,2.0710223409152475e-05
2417,0.4725908637046814,0.43939295411109924,0.33197900652885437,2.064190389573153e-05
2418,0.4498438835144043,0.41891902685165405,0.30924850702285767,2.057368428447032e-05
2419,0.4754999876022339,0.44231218099594116,0.3318779468536377,2.0505564661249e-05
2420,0.46918076276779175,0.43577340245246887,0.33407363295555115,2.043754511182191e-05
2421,0.4484858214855194,0.4164884686470032,0.31997352838516235,2.036962572181731e-05
2422,0.4675029516220093,0.4349144995212555,0.3258843719959259,2.0301806576737482e-05
2423,0.4533657431602478,0.42137816548347473,0.3198757767677307,2.023408776195842e-05
2424,0.46466073393821716,0.4320269823074341,0.3263374865055084,2.016646936272987e-05
2425,0.47209376096725464,0.43943843245506287,0.3265532851219177,2.009895146417512e-05
2426,0.45514771342277527,0.42378151416778564,0.3136619031429291,2.0031534151290953e-05
2427,0.4461405575275421,0.41517701745033264,0.30963537096977234,1.996421750894758e-05
2428,0.4352036416530609,0.4050323963165283,0.3017125725746155,1.9897001621888434e-05
2429,0.47297534346580505,0.4400172829627991,0.3295805752277374,1.9829886574730093e-05
2430,0.45517241954803467,0.42311859130859375,0.320538192987442,1.9762872451962212e-05
2431,0.4588862657546997,0.42644768953323364,0.32438579201698303,1.969595933794739e-05
2432,0.4481836259365082,0.41658952832221985,0.31594106554985046,1.9629147316921125e-05
2433,0.46774035692214966,0.43478119373321533,0.3295917510986328,1.9562436472991552e-05
2434,0.4481642544269562,0.4167819917201996,0.31382274627685547,1.9495826890139503e-05
2435,0.4571864604949951,0.4249770939350128,0.3220937252044678,1.9429318652218276e-05
2436,0.45957502722740173,0.4274495542049408,0.3212546706199646,1.9362911842953678e-05
2437,0.47015976905822754,0.43736881017684937,0.3279096782207489,1.9296606545943774e-05
2438,0.4580932557582855,0.42623770236968994,0.3185555040836334,1.9230402844658812e-05
2439,0.4451095461845398,0.41409701108932495,0.31012535095214844,1.9164300822441194e-05
2440,0.4714337885379791,0.43847590684890747,0.3295789062976837,1.9098300562505266e-05
2441,0.46023333072662354,0.4282410144805908,0.3199230432510376,1.9032402147937357e-05
2442,0.4360511600971222,0.4055437743663788,0.30507373809814453,1.896660566169548e-05
2443,0.45092537999153137,0.4194597005844116,0.3146567940711975,1.8900911186609426e-05
2444,0.48291271924972534,0.4490886628627777,0.33824047446250916,1.8835318805380507e-05
2445,0.48592519760131836,0.4515536427497864,0.3437156677246094,1.8769828600581496e-05
2446,0.4636543095111847,0.43159767985343933,0.3205663859844208,1.870444065465662e-05
2447,0.5047469139099121,0.4690387547016144,0.35708150267601013,1.863915504992131e-05
2448,0.48060569167137146,0.44725602865219116,0.33349665999412537,1.8573971868562156e-05
2449,0.4519445598125458,0.4202594459056854,0.31685104966163635,1.8508891192636824e-05
2450,0.47230765223503113,0.4390995502471924,0.3320809304714203,1.8443913104073983e-05
2451,0.43230462074279785,0.4021528363227844,0.30151769518852234,1.8379037684673105e-05
2452,0.476737380027771,0.4433812201023102,0.33356159925460815,1.8314265016104417e-05
2453,0.4788826107978821,0.44564202427864075,0.33240583539009094,1.8249595179908773e-05
2454,0.4521007239818573,0.420421838760376,0.3167889714241028,1.818502825749764e-05
2455,0.44923511147499084,0.4176735281944275,0.31561586260795593,1.8120564330152923e-05
2456,0.46957916021347046,0.43641525506973267,0.3316390812397003,1.805620347902681e-05
2457,0.4631485939025879,0.4303959012031555,0.32752692699432373,1.799194578514176e-05
2458,0.4692648649215698,0.43673622608184814,0.32528623938560486,1.7927791329390375e-05
2459,0.4379939138889313,0.4076268672943115,0.30367034673690796,1.786374019253526e-05
2460,0.47498857975006104,0.44189292192459106,0.3309565782546997,1.7799792455209018e-05
2461,0.45181265473365784,0.41981953382492065,0.319931298494339,1.773594819791403e-05
2462,0.46441027522087097,0.43188899755477905,0.32521286606788635,1.767220750102243e-05
2463,0.4729977548122406,0.43986982107162476,0.331279456615448,1.760857044477596e-05
2464,0.45578813552856445,0.4242183566093445,0.3156978487968445,1.7545037109285946e-05
2465,0.47291654348373413,0.4400460422039032,0.3287048637866974,1.7481607574533044e-05
2466,0.4534015655517578,0.42159950733184814,0.31802061200141907,1.7418281920367373e-05
2467,0.4581422507762909,0.42592963576316833,0.3221261203289032,1.735506022650817e-05
2468,0.470661997795105,0.4377305805683136,0.32931405305862427,1.7291942572543807e-05
2469,0.45517584681510925,0.42344510555267334,0.3173074722290039,1.722892903793176e-05
2470,0.45132702589035034,0.4189535081386566,0.32373520731925964,1.716601970199836e-05
2471,0.42132070660591125,0.39184829592704773,0.29472410678863525,1.710321464393877e-05
2472,0.4721846282482147,0.43910208344459534,0.3308253884315491,1.7040513942816906e-05
2473,0.4706866145133972,0.43821683526039124,0.32469770312309265,1.697791767756527e-05
2474,0.44942110776901245,0.41793447732925415,0.3148662745952606,1.6915425926984986e-05
2475,0.45686009526252747,0.42497968673706055,0.31880420446395874,1.6853038769745467e-05
2476,0.4305621087551117,0.4006294906139374,0.2993261516094208,1.6790756284384612e-05
2477,0.46864569187164307,0.4355486333370209,0.33097052574157715,1.6728578549308416e-05
2478,0.47132959961891174,0.4386443793773651,0.3268521726131439,1.666650564279105e-05
2479,0.45676401257514954,0.424386590719223,0.3237743377685547,1.6604537642974793e-05
2480,0.4610540270805359,0.4285340905189514,0.3251994550228119,1.6542674627869747e-05
2481,0.4716675877571106,0.43907397985458374,0.32593613862991333,1.6480916675353898e-05
2482,0.4571400284767151,0.42510294914245605,0.3203708529472351,1.6419263863172997e-05
2483,0.46357256174087524,0.4313071370124817,0.32265421748161316,1.6357716268940372e-05
2484,0.43734753131866455,0.40669354796409607,0.30653995275497437,1.6296273970136977e-05
2485,0.44736605882644653,0.41608861088752747,0.3127744495868683,1.6234937044111152e-05
2486,0.4416120648384094,0.4107242524623871,0.30887797474861145,1.6173705568078578e-05
2487,0.49140775203704834,0.4572198688983917,0.3418786823749542,1.611257961912227e-05
2488,0.4572817087173462,0.42566677927970886,0.3161492645740509,1.6051559274192275e-05
2489,0.46578261256217957,0.43303826451301575,0.32744351029396057,1.599064461010581e-05
2490,0.4440407454967499,0.41302141547203064,0.31019327044487,1.5929835703546993e-05
2491,0.4411003887653351,0.41016605496406555,0.3093433678150177,1.5869132631066808e-05
2492,0.46941277384757996,0.4365757703781128,0.3283699154853821,1.5808535469082996e-05
2493,0.4798937439918518,0.44538983702659607,0.345039039850235,1.574804429388004e-05
2494,0.4390431344509125,0.40854156017303467,0.3050157427787781,1.5687659181608916e-05
2495,0.45210444927215576,0.42059287428855896,0.31511566042900085,1.5627380208287114e-05
2496,0.5039962530136108,0.46907731890678406,0.349189430475235,1.5567207449798515e-05
2497,0.4597668945789337,0.4272851049900055,0.32481783628463745,1.5507140981893253e-05
2498,0.4737417697906494,0.4402354657649994,0.33506298065185547,1.5447180880187706e-05
2499,0.47979220747947693,0.4461213946342468,0.3367081582546234,1.538732722016434e-05
2500,0.4549201726913452,0.42310869693756104,0.31811466813087463,1.5327580077171587e-05
2501,0.47561734914779663,0.441802054643631,0.33815279603004456,1.5267939526423824e-05
2502,0.46507179737091064,0.4324444830417633,0.3262731730937958,1.520840564300119e-05
2503,0.46277347207069397,0.4305224120616913,0.32251057028770447,1.5148978501849642e-05
2504,0.4081741273403168,0.3796043395996094,0.2856977880001068,1.5089658177780653e-05
2505,0.4608340859413147,0.4289385974407196,0.3189549744129181,1.5030444745471294e-05
2506,0.4744024872779846,0.4406672418117523,0.33735254406929016,1.4971338279464009e-05
2507,0.4547550678253174,0.42300960421562195,0.31745460629463196,1.4912338854166696e-05
2508,0.4708080291748047,0.43801766633987427,0.3279036283493042,1.485344654385239e-05
2509,0.440295934677124,0.4094932973384857,0.308026522397995,1.4794661422659306e-05
2510,0.44640806317329407,0.41520956158638,0.311985045671463,1.4735983564590783e-05
2511,0.44782230257987976,0.4165823757648468,0.31239932775497437,1.4677413043515042e-05
2512,0.4739938974380493,0.44087374210357666,0.331201434135437,1.4618949933165272e-05
2513,0.48341068625450134,0.4493635594844818,0.34047120809555054,1.4560594307139364e-05
2514,0.4620716869831085,0.4296070635318756,0.32464632391929626,1.4502346238899945e-05
2515,0.4718226194381714,0.4391499161720276,0.3267271816730499,1.4444205801774202e-05
2516,0.4613586962223053,0.4289671778678894,0.32391512393951416,1.4386173068953846e-05
2517,0.4726932644844055,0.43968623876571655,0.3300703167915344,1.4328248113495047e-05
2518,0.44909802079200745,0.41793522238731384,0.3116280138492584,1.427043100831823e-05
2519,0.4640856981277466,0.43177175521850586,0.32313936948776245,1.4212721826208086e-05
2520,0.5004703998565674,0.46565237641334534,0.34818020462989807,1.415512063981339e-05
2521,0.46147799491882324,0.4292049705982208,0.3227303624153137,1.4097627521647061e-05
2522,0.48784393072128296,0.4539440870285034,0.33899837732315063,1.4040242544085913e-05
2523,0.5036707520484924,0.46830666065216064,0.3536411225795746,1.3982965779370626e-05
2524,0.4434801936149597,0.4122058153152466,0.31274375319480896,1.3925797299605647e-05
2525,0.4362500309944153,0.4059388041496277,0.3031122088432312,1.3868737176759094e-05
2526,0.46797728538513184,0.43536028265953064,0.3261699676513672,1.3811785482662764e-05
2527,0.46087366342544556,0.4282750189304352,0.32598644495010376,1.375494228901184e-05
2528,0.44020193815231323,0.4095067083835602,0.30695244669914246,1.3698207667364982e-05
2529,0.4696502387523651,0.4369010627269745,0.3274917006492615,1.3641581689144156e-05
2530,0.4374157190322876,0.40678614377975464,0.30629581212997437,1.3585064425634542e-05
2531,0.4718545079231262,0.43851780891418457,0.33336693048477173,1.3528655947984504e-05
2532,0.4212530851364136,0.39217787981033325,0.2907520830631256,1.3472356327205405e-05
2533,0.4345000982284546,0.4046357274055481,0.2986437678337097,1.341616563417163e-05
2534,0.468962162733078,0.4359526038169861,0.3300955295562744,1.3360083939620394e-05
2535,0.46018102765083313,0.42793044447898865,0.3225058913230896,1.330411131415169e-05
2536,0.44035476446151733,0.4094931483268738,0.3086163103580475,1.3248247828228245e-05
2537,0.5133944153785706,0.47749513387680054,0.35899287462234497,1.3192493552175366e-05
2538,0.4607537090778351,0.42886069416999817,0.3189300298690796,1.3136848556180892e-05
2539,0.46524930000305176,0.4328743815422058,0.32374924421310425,1.308131291029504e-05
2540,0.4673123359680176,0.43480512499809265,0.3250722289085388,1.3025886684430467e-05
2541,0.4580463767051697,0.4262714087963104,0.31774964928627014,1.2970569948361999e-05
2542,0.4542354643344879,0.422727108001709,0.31508365273475647,1.291536277172667e-05
2543,0.46935606002807617,0.4363532066345215,0.3300284147262573,1.2860265224023549e-05
2544,0.4840942919254303,0.4504043161869049,0.33689987659454346,1.2805277374613744e-05
2545,0.4644719958305359,0.43139129877090454,0.3308068811893463,1.2750399292720283e-05
2546,0.4585699439048767,0.4263843595981598,0.32185593247413635,1.2695631047427937e-05
2547,0.4713781774044037,0.4382780194282532,0.3310016989707947,1.2640972707683252e-05
2548,0.4518372416496277,0.4197310507297516,0.3210618495941162,1.2586424342294412e-05
2549,0.4745664596557617,0.4404882788658142,0.3407818675041199,1.2531986019931119e-05
2550,0.47921109199523926,0.4451830983161926,0.3402799367904663,1.2477657809124631e-05
2551,0.4912625253200531,0.4564369022846222,0.34825611114501953,1.242343977826752e-05
2552,0.41175785660743713,0.38275066018104553,0.2900720536708832,1.2369331995613653e-05
2553,0.4421171545982361,0.41120919585227966,0.30907973647117615,1.2315334529278132e-05
2554,0.47610700130462646,0.4427667260169983,0.33340272307395935,1.2261447447237195e-05
2555,0.48875680565834045,0.45466768741607666,0.3408910632133484,1.2207670817328066e-05
2556,0.465544730424881,0.4327848553657532,0.32759883999824524,1.2154004707249011e-05
2557,0.462825745344162,0.4299464225769043,0.3287931978702545,1.2100449184559093e-05
2558,0.442338228225708,0.4115465581417084,0.3079166114330292,1.2047004316678156e-05
2559,0.4561542868614197,0.42416617274284363,0.3198810815811157,1.1993670170886806e-05
2560,0.45757442712783813,0.4253183901309967,0.32256048917770386,1.19404468143262e-05
2561,0.46911656856536865,0.43601569533348083,0.3310088515281677,1.1887334313998066e-05
2562,0.42827942967414856,0.39825624227523804,0.3002318739891052,1.1834332736764554e-05
2563,0.4572529196739197,0.42548638582229614,0.3176652491092682,1.1781442149348155e-05
2564,0.4802039861679077,0.4458661377429962,0.34337863326072693,1.1728662618331698e-05
2565,0.4798750877380371,0.44599613547325134,0.33878955245018005,1.1675994210158181e-05
2566,0.48890799283981323,0.454083114862442,0.34824880957603455,1.1623436991130654e-05
2567,0.48413169384002686,0.45052939653396606,0.3360229432582855,1.1570991027412304e-05
2568,0.4599681794643402,0.42786717414855957,0.32100993394851685,1.151865638502615e-05
2569,0.4589841961860657,0.4266628623008728,0.3232134282588959,1.1466433129855158e-05
2570,0.46748536825180054,0.43461325764656067,0.3287210464477539,1.141432132764202e-05
2571,0.4894149899482727,0.45502641797065735,0.34388571977615356,1.1362321043989132e-05
2572,0.4508597254753113,0.4194023311138153,0.3145740330219269,1.1310432344358502e-05
2573,0.4552527070045471,0.42326608300209045,0.3198663890361786,1.1258655294071685e-05
2574,0.47607892751693726,0.4426375925540924,0.3344133198261261,1.1206989958309656e-05
2575,0.4915023446083069,0.45671340823173523,0.347889244556427,1.1155436402112785e-05
2576,0.5076873898506165,0.4717026650905609,0.35984739661216736,1.1103994690380681e-05
2577,0.4737217426300049,0.4402591586112976,0.33462584018707275,1.105266488787221e-05
2578,0.49188393354415894,0.45693790912628174,0.3494601547718048,1.1001447059205305e-05
2579,0.47955578565597534,0.44615787267684937,0.3339792788028717,1.0950341268857e-05
2580,0.45318469405174255,0.42180541157722473,0.3137928545475006,1.0899347581163221e-05
2581,0.4710473120212555,0.43852072954177856,0.32526588439941406,1.0848466060318807e-05
2582,0.4800407886505127,0.4465177059173584,0.3352307379245758,1.0797696770377352e-05
2583,0.48202279210090637,0.44798219203948975,0.3404058814048767,1.0747039775251266e-05
2584,0.4647431969642639,0.4325272738933563,0.32215914130210876,1.069649513871147e-05
2585,0.45999687910079956,0.42753350734710693,0.32463380694389343,1.0646062924387512e-05
2586,0.43816226720809937,0.40731850266456604,0.3084375560283661,1.0595743195767393e-05
2587,0.47089722752571106,0.43806466460227966,0.32832571864128113,1.0545536016197499e-05
2588,0.44366568326950073,0.4129272699356079,0.30738428235054016,1.0495441448882571e-05
2589,0.4596789479255676,0.4270056188106537,0.32673338055610657,1.0445459556885517e-05
2590,0.45428889989852905,0.422070175409317,0.3221873342990875,1.0395590403127486e-05
2591,0.49574577808380127,0.4601617455482483,0.355840265750885,1.0345834050387627e-05
2592,0.4746643006801605,0.4415733814239502,0.33090925216674805,1.0296190561303132e-05
2593,0.44903987646102905,0.41744428873062134,0.3159558176994324,1.024665999836909e-05
2594,0.4830622971057892,0.44919681549072266,0.3386547565460205,1.0197242423938446e-05
2595,0.4356105625629425,0.4052221477031708,0.3038841784000397,1.0147937900221883e-05
2596,0.4984869956970215,0.4630773961544037,0.3540959060192108,1.0098746489287758e-05
2597,0.44980308413505554,0.41825154423713684,0.3155153691768646,1.0049668253062105e-05
2598,0.46786409616470337,0.43537116050720215,0.32492923736572266,1.0000703253328414e-05
2599,0.47846338152885437,0.44451820850372314,0.33945178985595703,9.95185155172762e-06
2600,0.46014073491096497,0.42798492312431335,0.32155799865722656,9.903113209758096e-06
2601,0.47740426659584045,0.4437136650085449,0.33690589666366577,9.854488288775422e-06
2602,0.4793812930583954,0.44608190655708313,0.3329939842224121,9.805976849992494e-06
2603,0.43951621651649475,0.4089071452617645,0.3060908317565918,9.757578954479262e-06
2604,0.4543045163154602,0.42279666662216187,0.31507837772369385,9.709294663162771e-06
2605,0.45783084630966187,0.42608416080474854,0.31746676564216614,9.661124036827063e-06
2606,0.46475276350975037,0.43166884779930115,0.33083924651145935,9.61306713611304e-06
2607,0.43070703744888306,0.4004925489425659,0.3021450340747833,9.565124021518545e-06
2608,0.4570467472076416,0.4247211515903473,0.3232560157775879,9.517294753398064e-06
2609,0.4825039207935333,0.4490380883216858,0.3346582055091858,9.469579391962813e-06
2610,0.49076420068740845,0.45625418424606323,0.345100075006485,9.421977997280596e-06
2611,0.4480733275413513,0.41655486822128296,0.3151845335960388,9.3744906292758e-06
2612,0.465531587600708,0.43306562304496765,0.3246595561504364,9.327117347729197e-06
2613,0.43486255407333374,0.40448567271232605,0.3037687838077545,9.27985821227798e-06
2614,0.474872887134552,0.4415457546710968,0.3332713544368744,9.23271328241564e-06
2615,0.4391719102859497,0.4086984694004059,0.30473455786705017,9.185682617491863e-06
2616,0.4334990680217743,0.40333643555641174,0.3016262352466583,9.138766276712552e-06
2617,0.47267577052116394,0.4396180212497711,0.33057743310928345,9.091964319139645e-06
2618,0.44754570722579956,0.41587644815444946,0.316692590713501,9.045276803691094e-06
2619,0.42144396901130676,0.39187198877334595,0.2957197427749634,8.998703789140772e-06
2620,0.4503234028816223,0.41836443543434143,0.3195897340774536,8.952245334118414e-06
2621,0.4474940299987793,0.4159451127052307,0.3154890835285187,8.905901497109581e-06
2622,0.4756857454776764,0.4417855441570282,0.33900201320648193,8.85967233645547e-06
2623,0.4607910215854645,0.4281947910785675,0.3259621858596802,8.813557910352999e-06
2624,0.45469555258750916,0.42195355892181396,0.32742002606391907,8.76755827685456e-06
2625,0.4581232964992523,0.4262014925479889,0.31921806931495667,8.72167349386811e-06
2626,0.45791929960250854,0.4259318709373474,0.3198741674423218,8.675903619156977e-06
2627,0.4356076717376709,0.4055415093898773,0.30066150426864624,8.63024871033985e-06
2628,0.4623958170413971,0.43050074577331543,0.3189506530761719,8.584708824890697e-06
2629,0.4949156939983368,0.4605473279953003,0.34368377923965454,8.539284020138638e-06
2630,0.47099706530570984,0.4377231299877167,0.3327394127845764,8.493974353268019e-06
2631,0.4774484932422638,0.4439243674278259,0.33524125814437866,8.448779881318148e-06
2632,0.4364410638809204,0.4055262506008148,0.3091481328010559,8.403700661183355e-06
2633,0.45068275928497314,0.4193865954875946,0.31296178698539734,8.358736749612873e-06
2634,0.4582867920398712,0.4261297583580017,0.3215703070163727,8.313888203210774e-06
2635,0.4568161368370056,0.42494428157806396,0.31871870160102844,8.269155078435931e-06
2636,0.47348523139953613,0.44039878249168396,0.33086439967155457,8.224537431601886e-06
2637,0.4707048833370209,0.4375765919685364,0.3312830328941345,8.1800353188768e-06
2638,0.44505369663238525,0.41410258412361145,0.3095109760761261,8.135648796283402e-06
2639,0.4661819636821747,0.4340459704399109,0.3213600516319275,8.091377919698895e-06
2640,0.45057058334350586,0.4189086854457855,0.3166188895702362,8.047222744854943e-06
2641,0.44448602199554443,0.413205087184906,0.31280940771102905,8.003183327337504e-06
2642,0.4987621307373047,0.4642529785633087,0.34509140253067017,7.95925972258683e-06
2643,0.48684173822402954,0.4523780345916748,0.3446369469165802,7.915451985897382e-06
2644,0.4539282023906708,0.42232194542884827,0.3160625398159027,7.871760172417763e-06
2645,0.4844931364059448,0.4504069685935974,0.34086164832115173,7.828184337150613e-06
2646,0.471028596162796,0.4378816485404968,0.33146941661834717,7.784724534952625e-06
2647,0.4748239815235138,0.44142183661460876,0.33402153849601746,7.74138082053436e-06
2648,0.4641905725002289,0.431485116481781,0.32705453038215637,7.698153248460271e-06
2649,0.4580603837966919,0.425627738237381,0.3243263065814972,7.655041873148605e-06
2650,0.4337267577648163,0.40269291400909424,0.31033846735954285,7.612046748871327e-06
2651,0.4775638282299042,0.4438875913619995,0.3367624878883362,7.56916792975404e-06
2652,0.44779232144355774,0.4166763722896576,0.3111593723297119,7.526405469775955e-06
2653,0.45926517248153687,0.4271845817565918,0.32080596685409546,7.483759422769765e-06
2654,0.4453272521495819,0.41359394788742065,0.31733307242393494,7.441229842421671e-06
2655,0.4481368362903595,0.41651153564453125,0.31625300645828247,7.398816782271223e-06
2656,0.5107013583183289,0.47503766417503357,0.3566370904445648,7.3565202957112555e-06
2657,0.4667735993862152,0.4339667558670044,0.32806846499443054,7.314340435987921e-06
2658,0.48511698842048645,0.4511890113353729,0.3392797112464905,7.272277256200499e-06
2659,0.4537786543369293,0.422134131193161,0.3164452314376831,7.230330809301411e-06
2660,0.4707378149032593,0.4378541111946106,0.3288370370864868,7.1885011480961164e-06
2661,0.4647905230522156,0.43198254704475403,0.3280796408653259,7.1467883252430364e-06
2662,0.4558597803115845,0.4241509735584259,0.3170880377292633,7.105192393253524e-06
2663,0.4910169243812561,0.45660677552223206,0.34410154819488525,7.063713404491812e-06
2664,0.44325512647628784,0.41231924295425415,0.3093588054180145,7.022351411174866e-06
2665,0.47646597027778625,0.4430031478404999,0.3346281945705414,6.981106465372389e-06
2666,0.460214227437973,0.42754054069519043,0.32673683762550354,6.939978619006737e-06
2667,0.43387871980667114,0.40391749143600464,0.2996121346950531,6.8989679238528395e-06
2668,0.4911537766456604,0.4561768174171448,0.3497696816921234,6.858074431538164e-06
2669,0.4407588839530945,0.41002005338668823,0.3073883354663849,6.817298193542643e-06
2670,0.4681239426136017,0.4353209137916565,0.3280303180217743,6.776639261198581e-06
2671,0.4511978328227997,0.419474333524704,0.3172348737716675,6.736097685690601e-06
2672,0.4352571368217468,0.40473148226737976,0.30525651574134827,6.695673518055579e-06
2673,0.4254048466682434,0.3956509828567505,0.29753854870796204,6.655366809182662e-06
2674,0.4731295704841614,0.43996739387512207,0.33162185549736023,6.615177609813039e-06
2675,0.4385286867618561,0.40801945328712463,0.3050922155380249,6.5751059705400295e-06
2676,0.44454848766326904,0.41334760189056396,0.3120088279247284,6.5351519418089145e-06
2677,0.46224072575569153,0.4294753968715668,0.327653169631958,6.4953155739169495e-06
2678,0.4738887846469879,0.4408162534236908,0.33072522282600403,6.455596917013273e-06
2679,0.48314976692199707,0.44969695806503296,0.3345280587673187,6.415996021098813e-06
2680,0.4563089907169342,0.4244208335876465,0.3188815116882324,6.37651293602628e-06
2681,0.44880396127700806,0.41681143641471863,0.3199253976345062,6.3371477115000466e-06
2682,0.48560386896133423,0.45134034752845764,0.3426353633403778,6.29790039707614e-06
2683,0.4547358453273773,0.42289841175079346,0.3183742165565491,6.258771042162137e-06
2684,0.45304447412490845,0.42124879360198975,0.31795692443847656,6.219759696017113e-06
2685,0.48421064019203186,0.45013436675071716,0.3407626450061798,6.180866407751595e-06
2686,0.4676012396812439,0.43498003482818604,0.32621219754219055,6.142091226327484e-06
2687,0.44144681096076965,0.41075190901756287,0.3069489002227783,6.103434200558011e-06
2688,0.4598749876022339,0.4273304045200348,0.32544586062431335,6.06489537910766e-06
2689,0.4425906240940094,0.41159412264823914,0.309965044260025,6.0264748104920776e-06
2690,0.4532930254936218,0.42122286558151245,0.32070162892341614,5.988172543078097e-06
2691,0.4433619976043701,0.4123004078865051,0.3106159269809723,5.9499886250835805e-06
2692,0.4596005082130432,0.42707741260528564,0.3252309262752533,5.911923104577455e-06
2693,0.4683799147605896,0.43503835797309875,0.3334156572818756,5.8739760294795335e-06
2694,0.4842718839645386,0.45033371448516846,0.33938154578208923,5.8361474475605695e-06
2695,0.44851475954055786,0.4169400930404663,0.3157467842102051,5.7984374064421035e-06
2696,0.4606000781059265,0.42835527658462524,0.32244786620140076,5.760845953596527e-06
2697,0.4789060652256012,0.44517743587493896,0.33728641271591187,5.723373136346854e-06
2698,0.4498613476753235,0.41795918345451355,0.3190215826034546,5.6860190018667934e-06
2699,0.4436795115470886,0.41278398036956787,0.3089553415775299,5.6487835971806515e-06
2700,0.46775826811790466,0.4354982376098633,0.32260027527809143,5.611666969163243e-06
2701,0.4786554276943207,0.4453044831752777,0.33350932598114014,5.574669164539903e-06
2702,0.48045623302459717,0.4462418258190155,0.3421442210674286,5.537790229886319e-06
2703,0.45821094512939453,0.4258146584033966,0.32396286725997925,5.501030211628599e-06
2704,0.4604700803756714,0.4284224808216095,0.32047587633132935,5.464389156043115e-06
2705,0.47497448325157166,0.4415224492549896,0.33452028036117554,5.427867109256457e-06
2706,0.4547414779663086,0.4229450821876526,0.31796392798423767,5.39146411724547e-06
2707,0.4639248847961426,0.43164676427841187,0.3227812349796295,5.355180225837053e-06
2708,0.46951574087142944,0.4365074634552002,0.33008286356925964,5.3190154807082005e-06
2709,0.47569987177848816,0.44222429394721985,0.3347558081150055,5.282969927385906e-06
2710,0.46764230728149414,0.4346623420715332,0.32979950308799744,5.247043611247127e-06
2711,0.44429296255111694,0.4131854176521301,0.3110755681991577,5.211236577518719e-06
2712,0.4640476703643799,0.4309181869029999,0.3312946856021881,5.175548871277358e-06
2713,0.4757779538631439,0.44262322783470154,0.3315473794937134,5.13998053744954e-06
2714,0.4959396421909332,0.4610274136066437,0.34912237524986267,5.104531620811414e-06
2715,0.46721482276916504,0.43463969230651855,0.32575127482414246,5.0692021659888735e-06
2716,0.44420692324638367,0.4130789339542389,0.3112798035144806,5.033992217457395e-06
2717,0.47640106081962585,0.44265273213386536,0.33748331665992737,4.998901819541979e-06
2718,0.4401737451553345,0.4093859791755676,0.3078775703907013,4.963931016417167e-06
2719,0.47580328583717346,0.442685067653656,0.3311821520328522,4.929079852106933e-06
2720,0.4609217047691345,0.42868635058403015,0.32235345244407654,4.8943483704846475e-06
2721,0.46163639426231384,0.42924168705940247,0.3239469826221466,4.859736615273003e-06
2722,0.48322516679763794,0.4494721293449402,0.3375304639339447,4.825244630043979e-06
2723,0.4509378671646118,0.4195828437805176,0.31355035305023193,4.790872458218754e-06
2724,0.46398043632507324,0.4315793216228485,0.3240111172199249,4.756620143067725e-06
2725,0.4376784563064575,0.4067772328853607,0.30901211500167847,4.722487727710368e-06
2726,0.4774424433708191,0.4438678026199341,0.3357463479042053,4.688475255115244e-06
2727,0.46214625239372253,0.4301303029060364,0.32015952467918396,4.65458276809988e-06
2728,0.45414942502975464,0.4224661886692047,0.3168322741985321,4.620810309330803e-06
2729,0.44014298915863037,0.4093862473964691,0.30756738781929016,4.587157921323393e-06
2730,0.4419853389263153,0.410986065864563,0.30999284982681274,4.553625646441928e-06
2731,0.45447665452957153,0.42277607321739197,0.3170056939125061,4.520213526899431e-06
2732,0.44072216749191284,0.4102672040462494,0.30454954504966736,4.486921604757699e-06
2733,0.46035680174827576,0.4276735186576843,0.32683292031288147,4.453749921927175e-06
2734,0.47856494784355164,0.44505196809768677,0.3351297676563263,4.420698520166988e-06
2735,0.4732980728149414,0.44020259380340576,0.3309548497200012,4.3877674410848e-06
2736,0.4674619436264038,0.43489870429039,0.3256325125694275,4.35495672613685e-06
2737,0.43768924474716187,0.40719521045684814,0.30494025349617004,4.322266416627785e-06
2738,0.4539591073989868,0.4217894375324249,0.32169678807258606,4.289696553710731e-06
2739,0.4362630546092987,0.4062969982624054,0.2996605932712555,4.257247178387192e-06
2740,0.5028132796287537,0.4676671028137207,0.35146161913871765,4.224918331506955e-06
2741,0.4549050033092499,0.4231150150299072,0.3178999125957489,4.19271005376809e-06
2742,0.46353134512901306,0.4309171438217163,0.3261420428752899,4.160622385716895e-06
2743,0.46947360038757324,0.43692341446876526,0.32550179958343506,4.1286553677478136e-06
2744,0.47345495223999023,0.4404321312904358,0.3302280902862549,4.096809040103444e-06
2745,0.45972809195518494,0.4280426502227783,0.3168542981147766,4.065083442874418e-06
2746,0.44038283824920654,0.4094341993331909,0.309486448764801,4.033478615999376e-06
2747,0.4827147424221039,0.44913119077682495,0.33583545684814453,4.001994599264957e-06
2748,0.4773840308189392,0.4439556896686554,0.3342835307121277,3.970631432305694e-06
2749,0.47716033458709717,0.4432491660118103,0.33911165595054626,3.93938915460399e-06
2750,0.4771157205104828,0.44363734126091003,0.3347838222980499,3.908267805490051e-06
2751,0.49595803022384644,0.46143797039985657,0.34520044922828674,3.877267424141862e-06
2752,0.4705904424190521,0.4371626079082489,0.33427828550338745,3.8463880495851146e-06
2753,0.4537678360939026,0.4218030869960785,0.3196473717689514,3.815629720693192e-06
2754,0.4914623498916626,0.4571090042591095,0.34353354573249817,3.784992476187066e-06
2755,0.4772227704524994,0.44338199496269226,0.3384076654911041,3.7544763546352834e-06
2756,0.46069955825805664,0.4286251664161682,0.32074394822120667,3.7240813944539153e-06
2757,0.47044843435287476,0.43764975666999817,0.32798677682876587,3.6938076339065207e-06
2758,0.4282621741294861,0.3985423445701599,0.2971983551979065,3.6636551111040475e-06
2759,0.4592672884464264,0.4272456765174866,0.32021600008010864,3.633623864004887e-06
2760,0.46762815117836,0.4349362552165985,0.32691898941993713,3.6037139304146762e-06
2761,0.47262248396873474,0.43931788206100464,0.3330461084842682,3.573925347986384e-06
2762,0.45701614022254944,0.42483431100845337,0.3218183219432831,3.5442581542201923e-06
2763,0.482812762260437,0.4490279257297516,0.3378484547138214,3.5147123864634924e-06
2764,0.4845008850097656,0.4502048194408417,0.3429606556892395,3.485288081910798e-06
2765,0.4785858392715454,0.444979727268219,0.3360610902309418,3.455985277603713e-06
2766,0.45137518644332886,0.4199899435043335,0.3138524293899536,3.426804010430884e-06
2767,0.45366349816322327,0.42203181982040405,0.316316694021225,3.3977443171279823e-06
2768,0.42776644229888916,0.39774689078330994,0.30019548535346985,3.3688062342776106e-06
2769,0.4775639772415161,0.4440792202949524,0.3348475992679596,3.339989798309273e-06
2770,0.4530540108680725,0.4212743043899536,0.3177969753742218,3.311295045499363e-06
2771,0.4437299966812134,0.41248059272766113,0.3124939501285553,3.282722011971051e-06
2772,0.4330052435398102,0.4028884470462799,0.3011680543422699,3.254270733694331e-06
2773,0.47344398498535156,0.4402972161769867,0.33146771788597107,3.2259412464858753e-06
2774,0.4822119474411011,0.44840383529663086,0.3380810618400574,3.197733586009055e-06
2775,0.4414256513118744,0.41088369488716125,0.3054196238517761,3.169647787773866e-06
2776,0.4733079969882965,0.44036880135536194,0.3293920159339905,3.1416838871368924e-06
2777,0.4712444543838501,0.4381319284439087,0.3311251401901245,3.1138419193012857e-06
2778,0.47021162509918213,0.43697407841682434,0.33237552642822266,3.086121919316698e-06
2779,0.4604625701904297,0.42767786979675293,0.32784685492515564,3.0585239220792037e-06
2780,0.4520929455757141,0.42062216997146606,0.31470787525177,3.0310479623313127e-06
2781,0.46494725346565247,0.4327489137649536,0.32198333740234375,3.0036940746619224e-06
2782,0.4733842611312866,0.4402083456516266,0.33175912499427795,2.9764622935062438e-06
2783,0.4910512864589691,0.4562932848930359,0.34758007526397705,2.949352653145754e-06
2784,0.45634132623672485,0.4242100119590759,0.3213130533695221,2.922365187708187e-06
2785,0.4380102753639221,0.4076806604862213,0.3032962381839752,2.8954999311674558e-06
2786,0.5030596852302551,0.46702349185943604,0.36036214232444763,2.8687569173436623e-06
2787,0.4658118486404419,0.43325644731521606,0.3255540728569031,2.842136179902988e-06
2788,0.46578148007392883,0.43321284651756287,0.32568633556365967,2.8156377523576803e-06
2789,0.4623046815395355,0.4296625852584839,0.32642099261283875,2.7892616680660457e-06
2790,0.465991348028183,0.43314069509506226,0.3285064399242401,2.7630079602323442e-06
2791,0.42269423604011536,0.3933214843273163,0.29372745752334595,2.7368766619067953e-06
2792,0.4735642671585083,0.44057148694992065,0.32992780208587646,2.7108678059855065e-06
2793,0.4659002423286438,0.4336865246295929,0.3221372961997986,2.6849814252104754e-06
2794,0.48044973611831665,0.44645047187805176,0.3399926424026489,2.6592175521694795e-06
2795,0.45479604601860046,0.4228801429271698,0.31915897130966187,2.6335762192960743e-06
2796,0.4447731375694275,0.41378483176231384,0.3098829984664917,2.608057458869606e-06
2797,0.4510418176651001,0.41956716775894165,0.3147463798522949,2.582661303015066e-06
2798,0.4862635135650635,0.45204034447669983,0.3422316312789917,2.5573877837031137e-06
2799,0.48430296778678894,0.45024797320365906,0.34054991602897644,2.532236932750021e-06
2800,0.4656757414340973,0.43289193511009216,0.32783806324005127,2.5072087818176382e-06
2801,0.4386235773563385,0.4080510139465332,0.3057256042957306,2.482303362413374e-06
2802,0.4421435594558716,0.41141000390052795,0.30733564496040344,2.457520705890093e-06
2803,0.4645662307739258,0.4319934546947479,0.3257277309894562,2.4328608434461276e-06
2804,0.43877795338630676,0.4080599248409271,0.30718040466308594,2.4083238061252567e-06
2805,0.4454275965690613,0.4138284921646118,0.31599119305610657,2.383909624816616e-06
2806,0.4389350712299347,0.4085940718650818,0.30341002345085144,2.3596183302546647e-06
2807,0.46255189180374146,0.43012356758117676,0.3242833912372589,2.3354499530191975e-06
2808,0.4234016537666321,0.39385420083999634,0.295474648475647,2.311404523535243e-06
2809,0.4965561032295227,0.4616759121417999,0.3488018214702606,2.2874820720730438e-06
2810,0.46569302678108215,0.4332670569419861,0.32425975799560547,2.2636826287480873e-06
2811,0.46651923656463623,0.43372872471809387,0.32790496945381165,2.240006223520941e-06
2812,0.4545433819293976,0.4228914678096771,0.31651920080184937,2.2164528861973064e-06
2813,0.4556559920310974,0.4241243600845337,0.31531623005867004,2.193022646427978e-06
2814,0.4598923921585083,0.42763760685920715,0.3225480020046234,2.1697155337087604e-06
2815,0.43741923570632935,0.40696612000465393,0.30453115701675415,2.1465315773804616e-06
2816,0.4641355574131012,0.431695818901062,0.3243972957134247,2.123470806628858e-06
2817,0.4530656933784485,0.42165374755859375,0.314119428396225,2.1005332504846597e-06
2818,0.477193146944046,0.4436279535293579,0.3356519341468811,2.0777189378234143e-06
2819,0.44136345386505127,0.4107621908187866,0.3060125410556793,2.0550278973656024e-06
2820,0.45399171113967896,0.4221985340118408,0.31793177127838135,2.032460157676452e-06
2821,0.4407356381416321,0.41018131375312805,0.3055431544780731,2.010015747165983e-06
2822,0.4609464406967163,0.4283944070339203,0.32552018761634827,1.9876946940889927e-06
2823,0.4736053943634033,0.44104403257369995,0.3256136178970337,1.965497026544938e-06
2824,0.4740501940250397,0.44052091240882874,0.3352928161621094,1.9434227724779984e-06
2825,0.45779097080230713,0.42552703619003296,0.3226393163204193,1.921471959676957e-06
2826,0.46824732422828674,0.43579167127609253,0.324556440114975,1.899644615775209e-06
2827,0.4236745536327362,0.39390459656715393,0.29769960045814514,1.8779407682507077e-06
2828,0.48359590768814087,0.44940656423568726,0.3418934941291809,1.856360444425953e-06
2829,0.48083066940307617,0.44716206192970276,0.33668598532676697,1.834903671467958e-06
2830,0.46974509954452515,0.43634316325187683,0.3340194523334503,1.81357047638816e-06
2831,0.4598044157028198,0.42752131819725037,0.32283103466033936,1.7923608860424658e-06
2832,0.45123210549354553,0.4194105267524719,0.3182157874107361,1.771274927131139e-06
2833,0.4626518487930298,0.430873304605484,0.3177855908870697,1.7503126261988355e-06
2834,0.4626275897026062,0.4298724830150604,0.3275509476661682,1.7294740096345575e-06
2835,0.4541265368461609,0.42274636030197144,0.31380191445350647,1.7087591036715534e-06
2836,0.44876864552497864,0.4176333546638489,0.3113529682159424,1.6881679343873636e-06
2837,0.4521558880805969,0.4198721945285797,0.32283684611320496,1.667700527703775e-06
2838,0.45409679412841797,0.4226055443286896,0.3149126470088959,1.6473569093867436e-06
2839,0.46236661076545715,0.42990216612815857,0.3246445059776306,1.6271371050464056e-06
2840,0.46162357926368713,0.4293176233768463,0.3230595290660858,1.6070411401370334e-06
2841,0.44960904121398926,0.4178493618965149,0.3175966441631317,1.58706903995699e-06
2842,0.4855714440345764,0.4513753354549408,0.34196117520332336,1.5672208296486969e-06
2843,0.451040655374527,0.419506698846817,0.315339595079422,1.5474965341986558e-06
2844,0.46247440576553345,0.4296812415122986,0.3279314935207367,1.5278961784373268e-06
2845,0.4539831578731537,0.42218130826950073,0.31801843643188477,1.5084197870391837e-06
2846,0.4382123649120331,0.40753448009490967,0.3067789077758789,1.4890673845226133e-06
2847,0.4444967806339264,0.41340017318725586,0.3109661936759949,1.469838995249928e-06
2848,0.4876519441604614,0.45335614681243896,0.34295812249183655,1.4507346434273316e-06
2849,0.446421355009079,0.4148021638393402,0.3161918520927429,1.4317543531048749e-06
2850,0.46070757508277893,0.42864570021629333,0.3206188380718231,1.4128981481764115e-06
2851,0.44668421149253845,0.4146021604537964,0.32082048058509827,1.3941660523796196e-06
2852,0.4444412291049957,0.41302114725112915,0.3142006993293762,1.375558089295914e-06
2853,0.46118849515914917,0.42876577377319336,0.3242272734642029,1.3570742823504567e-06
2854,0.4615051746368408,0.428628146648407,0.32877036929130554,1.3387146548120899e-06
2855,0.46102118492126465,0.42854875326156616,0.3247242867946625,1.3204792297933588e-06
2856,0.4539007246494293,0.4220300018787384,0.3187071979045868,1.3023680302504338e-06
2857,0.48411744832992554,0.4504396319389343,0.33677801489830017,1.2843810789831102e-06
2858,0.49256181716918945,0.4581283926963806,0.3443342447280884,1.2665183986347528e-06
2859,0.4677276015281677,0.4348375201225281,0.3289007544517517,1.2487800116922966e-06
2860,0.476645827293396,0.4429738521575928,0.3367197811603546,1.231165940486234e-06
2861,0.44996175169944763,0.4183758497238159,0.31585893034935,1.2136762071904838e-06
2862,0.458831250667572,0.42670300602912903,0.32128259539604187,1.1963108338225337e-06
2863,0.45487138628959656,0.42269501090049744,0.3217638432979584,1.1790698422432521e-06
2864,0.4563676118850708,0.42428621649742126,0.3208138048648834,1.1619532541569333e-06
2865,0.49367794394493103,0.4589991569519043,0.3467877507209778,1.1449610911112741e-06
2866,0.45767563581466675,0.4261268973350525,0.31548744440078735,1.128093374497352e-06
2867,0.48251527547836304,0.44897547364234924,0.3353980481624603,1.1113501255495485e-06
2868,0.48976418375968933,0.45510897040367126,0.34655216336250305,1.0947313653455694e-06
2869,0.4764532744884491,0.4431275725364685,0.33325693011283875,1.0782371148064241e-06
2870,0.43926480412483215,0.40835344791412354,0.30911362171173096,1.0618673946963365e-06
2871,0.4758704900741577,0.4426322281360626,0.3323826193809509,1.0456222256227999e-06
2872,0.46264806389808655,0.430105060338974,0.32542991638183594,1.0295016280365112e-06
2873,0.46192649006843567,0.4295923709869385,0.3233412802219391,1.0135056222313143e-06
2874,0.48538661003112793,0.45105865597724915,0.34327957034111023,9.976342283442463e-07
2875,0.45899727940559387,0.42708179354667664,0.3191547393798828,9.818874663554357e-07
2876,0.4746626913547516,0.4409213662147522,0.3374132513999939,9.662653560881584e-07
2877,0.4798353314399719,0.4464643597602844,0.33370980620384216,9.50767917208728e-07
2878,0.4836311638355255,0.44913309812545776,0.3449806571006775,9.353951692265383e-07
2879,0.4480869174003601,0.4167551100254059,0.3133179545402527,9.20147131493998e-07
2880,0.42684119939804077,0.39707863330841064,0.2976256012916565,9.0502382320653e-07
2881,0.43891021609306335,0.4085153639316559,0.30394861102104187,8.900252634025274e-07
2882,0.44163087010383606,0.4107326865196228,0.3089817762374878,8.751514709633424e-07
2883,0.4278232455253601,0.3978642523288727,0.29958999156951904,8.604024646132857e-07
2884,0.4619337320327759,0.4296067953109741,0.32326945662498474,8.457782629195388e-07
2885,0.46780797839164734,0.4349786341190338,0.32829347252845764,8.31278884292186e-07
2886,0.46849602460861206,0.43577057123184204,0.32725468277931213,8.16904346984193e-07
2887,0.46293923258781433,0.4298611879348755,0.330780565738678,8.026546690913406e-07
2888,0.47865650057792664,0.44470271468162537,0.33953794836997986,7.885298685522235e-07
2889,0.4609953761100769,0.42888525128364563,0.3211013674736023,7.745299631482405e-07
2890,0.47067999839782715,0.43762776255607605,0.3305225074291229,7.606549705035937e-07
2891,0.468720018863678,0.43617522716522217,0.32544776797294617,7.469049080851775e-07
2892,0.5121684074401855,0.47613441944122314,0.36033961176872253,7.332797932026459e-07
2893,0.45978331565856934,0.42815878987312317,0.31624510884284973,7.19779643008367e-07
2894,0.46958327293395996,0.4370163381099701,0.3256692588329315,7.064044744973686e-07
2895,0.4595859944820404,0.42715898156166077,0.32427024841308594,6.931543045073708e-07
2896,0.4394674599170685,0.40882959961891174,0.30637848377227783,6.800291497187083e-07
2897,0.45767131447792053,0.4256308376789093,0.32040464878082275,6.670290266543644e-07
2898,0.4424166679382324,0.41165095567703247,0.30765700340270996,6.541539516799033e-07
2899,0.45868203043937683,0.42652609944343567,0.32155922055244446,6.414039410034489e-07
2900,0.44692084193229675,0.41537484526634216,0.3154599070549011,6.287790106757396e-07
2901,0.4528287649154663,0.4214306175708771,0.31398141384124756,6.162791765900177e-07
2902,0.45783326029777527,0.4255395531654358,0.3229369521141052,6.039044544820404e-07
2903,0.46671631932258606,0.43375858664512634,0.32957741618156433,5.916548599300576e-07
2904,0.454939603805542,0.4230431914329529,0.3189641833305359,5.795304083548559e-07
2905,0.44465821981430054,0.41361814737319946,0.3104007840156555,5.675311150195928e-07
2906,0.43814146518707275,0.40782272815704346,0.3031872510910034,5.556569950299517e-07
2907,0.4720529615879059,0.43914559483528137,0.32907363772392273,5.439080633339866e-07
2908,0.46318134665489197,0.4306134283542633,0.32567906379699707,5.322843347221662e-07
2909,0.42971184849739075,0.39995330572128296,0.29758545756340027,5.207858238273522e-07
2910,0.4858943223953247,0.4519284665584564,0.3396584093570709,5.094125451247655e-07
2911,0.47374457120895386,0.44057831168174744,0.33166274428367615,4.981645129319756e-07
2912,0.47337114810943604,0.4406313896179199,0.32739749550819397,4.870417414088779e-07
2913,0.46036359667778015,0.4281420409679413,0.32221555709838867,4.760442445576829e-07
2914,0.45391845703125,0.42248427867889404,0.31434163451194763,4.6517203622291615e-07
2915,0.4583352208137512,0.4262475073337555,0.3208772540092468,4.544251300913405e-07
2916,0.42918986082077026,0.39919567108154297,0.2999419569969177,4.438035396920004e-07
2917,0.46349385380744934,0.4311058223247528,0.32388022541999817,4.333072783961889e-07
2918,0.48090794682502747,0.4475707709789276,0.3333718776702881,4.2293635941742517e-07
2919,0.4461002051830292,0.4143732786178589,0.31726938486099243,4.1269079581142124e-07
2920,0.44661059975624084,0.4158306419849396,0.30779948830604553,4.025706004760932e-07
2921,0.4444735050201416,0.41352006793022156,0.3095344007015228,3.925757861515389e-07
2922,0.45854610204696655,0.42649173736572266,0.3205435574054718,3.827063654199936e-07
2923,0.44789016246795654,0.41625627875328064,0.31633874773979187,3.7296235070587435e-07
2924,0.479118287563324,0.44612428545951843,0.32993999123573303,3.633437542756912e-07
2925,0.44677498936653137,0.41578152775764465,0.3099346160888672,3.5385058823809156e-07
2926,0.4546574652194977,0.4228234887123108,0.31833982467651367,3.444828645438047e-07
2927,0.4683142900466919,0.43606802821159363,0.32246267795562744,3.3524059498565297e-07
2928,0.4712587594985962,0.43798139691352844,0.33277350664138794,3.261237911985404e-07
2929,0.45489755272865295,0.42317095398902893,0.31726589798927307,3.171324646593865e-07
2930,0.4772893190383911,0.44370782375335693,0.335814893245697,3.0826662668720364e-07
2931,0.4682648777961731,0.4357156753540039,0.3254919946193695,2.99526288442975e-07
2932,0.4432905614376068,0.41191139817237854,0.3137916326522827,2.9091146092973254e-07
2933,0.4505035877227783,0.4192564785480499,0.3124711811542511,2.8242215499248993e-07
2934,0.4562471807003021,0.42415952682495117,0.3208765685558319,2.740583813182429e-07
2935,0.45245805382728577,0.4206332564353943,0.3182479739189148,2.658201504359803e-07
2936,0.4898354411125183,0.45528072118759155,0.3455471396446228,2.577074727165951e-07
2937,0.40903937816619873,0.3804251253604889,0.2861425578594208,2.497203583729957e-07
2938,0.4444897770881653,0.41320571303367615,0.3128405213356018,2.418588174599612e-07
2939,0.4629157781600952,0.4308525025844574,0.3206327259540558,2.3412285987420847e-07
2940,0.4564571678638458,0.42437055706977844,0.3208662271499634,2.265124953543918e-07
2941,0.4551185071468353,0.42316168546676636,0.3195681571960449,2.1902773348100315e-07
2942,0.45242372155189514,0.4206843972206116,0.3173931837081909,2.1166858367646093e-07
2943,0.48147913813591003,0.4474613666534424,0.34017759561538696,2.0443505520503224e-07
2944,0.45275571942329407,0.42141374945640564,0.3134196102619171,1.973271571728441e-07
2945,0.45751631259918213,0.4251677989959717,0.3234851360321045,1.9034489852787218e-07
2946,0.4530125856399536,0.4214332401752472,0.3157934844493866,1.834882880599409e-07
2947,0.4631180763244629,0.4306374192237854,0.32480642199516296,1.7675733440066789e-07
2948,0.48314666748046875,0.4497036337852478,0.334430456161499,1.7015204602350843e-07
2949,0.44421496987342834,0.4126710891723633,0.315438836812973,1.6367243124372212e-07
2950,0.4337228834629059,0.403313547372818,0.30409324169158936,1.5731849821833954e-07
2951,0.4747611880302429,0.4417892396450043,0.3297194242477417,1.5109025494620677e-07
2952,0.46294817328453064,0.4308106601238251,0.3213750123977661,1.449877092679075e-07
2953,0.46053507924079895,0.4283500015735626,0.32185065746307373,1.3901086886580762e-07
2954,0.47118258476257324,0.4374690055847168,0.3371356725692749,1.3315974126401066e-07
2955,0.4594329595565796,0.4274129569530487,0.3202001452445984,1.274343338283801e-07
2956,0.43613162636756897,0.40572381019592285,0.30407804250717163,1.2183465376650605e-07
2957,0.47605225443840027,0.44272756576538086,0.33324697613716125,1.1636070812770516e-07
2958,0.44368040561676025,0.41277676820755005,0.30903637409210205,1.1101250380300965e-07
2959,0.44975873827934265,0.418337881565094,0.31420865654945374,1.0579004752513389e-07
2960,0.46131861209869385,0.4290037751197815,0.3231485188007355,1.0069334586854107e-07
2961,0.49066615104675293,0.45608341693878174,0.3458271920681,9.572240524933218e-08
2962,0.4521735906600952,0.4204416275024414,0.31731975078582764,9.087723192533482e-08
2963,0.47669315338134766,0.4434985816478729,0.3319456875324249,8.615783199602545e-08
2964,0.4554385542869568,0.4237726628780365,0.3166589140892029,8.156421140254056e-08
2965,0.47062766551971436,0.43711164593696594,0.3351602554321289,7.709637592770991e-08
2966,0.4701159596443176,0.43721431493759155,0.3290163576602936,7.275433119596776e-08
2967,0.4523722231388092,0.42052775621414185,0.3184446692466736,6.853808267344164e-08
2968,0.4585297405719757,0.4263646602630615,0.3216507136821747,6.444763566786361e-08
2969,0.4526571035385132,0.42073050141334534,0.31926587224006653,6.048299532861457e-08
2970,0.44772812724113464,0.4163452982902527,0.31382834911346436,5.6644166646668826e-08
2971,0.4672410488128662,0.43446916341781616,0.3277188837528229,5.2931154454671783e-08
2972,0.454140305519104,0.42229950428009033,0.31840795278549194,4.934396342684e-08
2973,0.4850602149963379,0.4510596990585327,0.3400050103664398,4.588259807901674e-08
2974,0.4570913016796112,0.42533475160598755,0.317565381526947,4.254706276862752e-08
2975,0.49048200249671936,0.45617714524269104,0.343048632144928,3.933736169471347e-08
2976,0.4717326760292053,0.4388869106769562,0.3284575045108795,3.6253498897886873e-08
2977,0.4695366322994232,0.43653398752212524,0.3300263285636902,3.3295478260364496e-08
2978,0.44075289368629456,0.40964895486831665,0.3110394775867462,3.0463303505934295e-08
2979,0.4410965144634247,0.410503625869751,0.3059288561344147,2.7756978199944273e-08
2980,0.4464171230792999,0.4149472713470459,0.31469854712486267,2.5176505749346936e-08
2981,0.49776118993759155,0.46304717659950256,0.34714022278785706,2.2721889402621545e-08
2982,0.47607317566871643,0.44321155548095703,0.3286162316799164,2.039313224985184e-08
2983,0.44304895401000977,0.41217276453971863,0.30876195430755615,1.8190237222648343e-08
2984,0.44895264506340027,0.4174909293651581,0.3146172761917114,1.6113207094181626e-08
2985,0.4672400951385498,0.4349570572376251,0.3228303790092468,1.4162044479182346e-08
2986,0.44857320189476013,0.4163934290409088,0.32179778814315796,1.2336751833941229e-08
2987,0.46274566650390625,0.4301674962043762,0.3257817029953003,1.0637331456264666e-08
2988,0.4804838299751282,0.44694405794143677,0.33539777994155884,9.063785485508014e-09
2989,0.45253095030784607,0.4213455021381378,0.31185439229011536,7.616115902586707e-09
2990,0.4440787434577942,0.41313502192497253,0.3094373643398285,6.294324529942941e-09
2991,0.48263418674468994,0.4490651786327362,0.3356899619102478,5.098413031534577e-09
2992,0.43274515867233276,0.4028143286705017,0.2993083894252777,4.028382912890649e-09
2993,0.47940903902053833,0.44598549604415894,0.33423542976379395,3.0842355210336515e-09
2994,0.4201520085334778,0.3910446763038635,0.29107344150543213,2.2659720445239452e-09
2995,0.4615030288696289,0.42915019392967224,0.32352834939956665,1.5735935134708613e-09
2996,0.47303909063339233,0.43992069363594055,0.3311840891838074,1.0071007994771898e-09
2997,0.4683566093444824,0.43525129556655884,0.33105310797691345,5.664946157168949e-10
2998,0.47710809111595154,0.44407498836517334,0.33033108711242676,2.5177551682409317e-10
2999,0.42456305027008057,0.3945874273777008,0.2997562885284424,6.294389901517761e-11
