step,loss,temporal,spectral,lr
0,0.824322521686554,0.7679634690284729,0.5635905861854553,1.0000000000000002e-06
1,0.8104979395866394,0.7552761435508728,0.552217960357666,2.0000000000000003e-06
2,0.8335800170898438,0.7767449021339417,0.5683513283729553,3e-06
3,0.7619154453277588,0.7105048894882202,0.5141054391860962,4.000000000000001e-06
4,0.7979574203491211,0.742992639541626,0.549647867679596,5e-06
5,0.8071249723434448,0.7524219155311584,0.5470302700996399,6e-06
6,0.8337595462799072,0.776565670967102,0.571938693523407,7.000000000000001e-06
7,0.8219649195671082,0.765125572681427,0.5683932304382324,8.000000000000001e-06
8,0.8221765160560608,0.7659265398979187,0.5624998211860657,9e-06
9,0.7751679420471191,0.722167432308197,0.5300052165985107,1e-05
10,0.7909671664237976,0.7368412017822266,0.541259765625,1.1000000000000001e-05
11,0.8013769388198853,0.7458081841468811,0.555687665939331,1.2e-05
12,0.7734882831573486,0.7189019322395325,0.5458633303642273,1.3000000000000001e-05
13,0.7694047689437866,0.7161731719970703,0.5323162078857422,1.4000000000000001e-05
14,0.8118381500244141,0.755882203578949,0.5595592856407166,1.5e-05
15,0.7388134002685547,0.688392162322998,0.5042123198509216,1.6000000000000003e-05
16,0.7706142663955688,0.7173890471458435,0.532252311706543,1.7000000000000003e-05
17,0.7674416899681091,0.7136882543563843,0.5375341176986694,1.8e-05
18,0.75258469581604,0.6999233961105347,0.5266129970550537,1.9e-05
19,0.7280595302581787,0.6773088574409485,0.5075064897537231,2e-05
20,0.7506611347198486,0.6981582045555115,0.525029182434082,2.1e-05
21,0.7267137765884399,0.6753081679344177,0.5140561461448669,2.2000000000000003e-05
22,0.730432391166687,0.6784771680831909,0.5195522308349609,2.3000000000000003e-05
23,0.7143612504005432,0.6642388105392456,0.5012242197990417,2.4e-05
24,0.6969191431999207,0.6480727791786194,0.48846355080604553,2.5e-05
25,0.7107751965522766,0.6598168611526489,0.509583592414856,2.6000000000000002e-05
26,0.6798318028450012,0.6317378878593445,0.4809391498565674,2.7000000000000002e-05
27,0.6843089461326599,0.6350603699684143,0.4924856722354889,2.8000000000000003e-05
28,0.6712544560432434,0.6239091157913208,0.47345322370529175,2.9e-05
29,0.7028619050979614,0.6521873474121094,0.506745457649231,3e-05
30,0.6575746536254883,0.6100707054138184,0.4750394821166992,3.1e-05
31,0.6837660670280457,0.6354066133499146,0.48359477519989014,3.2000000000000005e-05
32,0.6619039177894592,0.6145046949386597,0.47399210929870605,3.3e-05
33,0.7065097689628601,0.655476450920105,0.5103330612182617,3.4000000000000007e-05
34,0.7153290510177612,0.6639576554298401,0.513714075088501,3.5e-05
35,0.6484142541885376,0.6013328433036804,0.470814049243927,3.6e-05
36,0.6600949764251709,0.6124346852302551,0.4766027629375458,3.7e-05
37,0.6428653001785278,0.5966598987579346,0.46205416321754456,3.8e-05
38,0.6599397659301758,0.6125078201293945,0.4743196368217468,3.9000000000000006e-05
39,0.6425837874412537,0.5958967208862305,0.46687060594558716,4e-05
40,0.6546542644500732,0.6078330874443054,0.468211829662323,4.1e-05
41,0.656546950340271,0.6083777546882629,0.48169204592704773,4.2e-05
42,0.6618200540542603,0.6134337186813354,0.48386311531066895,4.3e-05
43,0.6717783808708191,0.6233344674110413,0.48443928360939026,4.4000000000000006e-05
44,0.645535409450531,0.5994926691055298,0.46042734384536743,4.5e-05
45,0.6693572998046875,0.6207237839698792,0.486334890127182,4.600000000000001e-05
46,0.6536636352539062,0.606526792049408,0.47136834263801575,4.7e-05
47,0.6122833490371704,0.5681571960449219,0.4412616491317749,4.8e-05
48,0.6465361714363098,0.5997975468635559,0.4673863649368286,4.9e-05
49,0.6467726230621338,0.5997251868247986,0.47047460079193115,5e-05
50,0.6468217372894287,0.6000308990478516,0.4679082930088043,5.1000000000000006e-05
51,0.6630248427391052,0.61474609375,0.4827873110771179,5.2000000000000004e-05
52,0.6354139447212219,0.589827299118042,0.4558662474155426,5.300000000000001e-05
53,0.6281023621559143,0.5828468799591064,0.4525545537471771,5.4000000000000005e-05
54,0.6662485003471375,0.618319034576416,0.47929444909095764,5.500000000000001e-05
55,0.6204107403755188,0.5758475661277771,0.44563189148902893,5.6000000000000006e-05
56,0.5869965553283691,0.5449458956718445,0.4205067753791809,5.6999999999999996e-05
57,0.6323297619819641,0.5864660739898682,0.4586371183395386,5.8e-05
58,0.629207193851471,0.5830398797988892,0.4616730213165283,5.9e-05
59,0.6164513230323792,0.5720734596252441,0.44377851486206055,6e-05
60,0.6156534552574158,0.5711444616317749,0.4450899362564087,6.1e-05
61,0.598087728023529,0.5552228689193726,0.4286486804485321,6.2e-05
62,0.6173717379570007,0.5726388096809387,0.4473292827606201,6.3e-05
63,0.6229004859924316,0.577553391456604,0.4534710943698883,6.400000000000001e-05
64,0.61946040391922,0.5742185711860657,0.4524180591106415,6.500000000000001e-05
65,0.6766217947006226,0.6277612447738647,0.48860520124435425,6.6e-05
66,0.6106345057487488,0.5665473937988281,0.440871000289917,6.7e-05
67,0.5724608302116394,0.530638575553894,0.4182225465774536,6.800000000000001e-05
68,0.6310872435569763,0.5854443907737732,0.45642879605293274,6.9e-05
69,0.6632952690124512,0.6150168180465698,0.482784241437912,7e-05
70,0.5866334438323975,0.544094443321228,0.4253899157047272,7.1e-05
71,0.6262625455856323,0.5794219374656677,0.4684061110019684,7.2e-05
72,0.6119521260261536,0.5672217607498169,0.4473033845424652,7.3e-05
73,0.6122944951057434,0.5671190023422241,0.45175498723983765,7.4e-05
74,0.6260030269622803,0.5799087882041931,0.4609425961971283,7.500000000000001e-05
75,0.6151637434959412,0.5695326924324036,0.4563106298446655,7.6e-05
76,0.6054666042327881,0.5608873963356018,0.44579219818115234,7.7e-05
77,0.5885189175605774,0.5453161597251892,0.43202751874923706,7.800000000000001e-05
78,0.6245147585868835,0.5796542763710022,0.4486047625541687,7.900000000000001e-05
79,0.5999784469604492,0.5554360151290894,0.44542422890663147,8e-05
80,0.6205853819847107,0.5757759213447571,0.44809460639953613,8.1e-05
81,0.5776909589767456,0.5359593629837036,0.4173159897327423,8.2e-05
82,0.5918848514556885,0.548954427242279,0.4293043315410614,8.3e-05
83,0.6002429723739624,0.5560624599456787,0.44180506467819214,8.4e-05
84,0.6090328693389893,0.5645732879638672,0.44459572434425354,8.5e-05
85,0.6264396905899048,0.580432116985321,0.4600760042667389,8.6e-05
86,0.6151443719863892,0.570404052734375,0.44740334153175354,8.7e-05
87,0.5711904764175415,0.5288459062576294,0.42344576120376587,8.800000000000001e-05
88,0.5799424648284912,0.5372021794319153,0.4274030327796936,8.900000000000001e-05
89,0.5985077023506165,0.5542954206466675,0.44212302565574646,9e-05
90,0.6163948178291321,0.5708047151565552,0.45590096712112427,9.1e-05
91,0.5768615007400513,0.5345630645751953,0.42298445105552673,9.200000000000001e-05
92,0.6037442684173584,0.5595069527626038,0.44237303733825684,9.300000000000001e-05
93,0.5657013654708862,0.5245773792266846,0.4112395942211151,9.4e-05
94,0.5597511529922485,0.5197416543960571,0.40009525418281555,9.5e-05
95,0.6012725234031677,0.5577223896980286,0.4355013966560364,9.6e-05
96,0.576781153678894,0.5339411497116089,0.4283999800682068,9.7e-05
97,0.6067348122596741,0.5624882578849792,0.44246551394462585,9.8e-05
98,0.6169666051864624,0.5713785290718079,0.4558810591697693,9.900000000000001e-05
99,0.5653887391090393,0.5238144397735596,0.4157431423664093,0.0001
100,0.6174102425575256,0.5718915462493896,0.4551871418952942,0.000101
101,0.6085340976715088,0.5636178255081177,0.44916245341300964,0.00010200000000000001
102,0.5798805952072144,0.5368700623512268,0.4301052391529083,0.00010300000000000001
103,0.6141720414161682,0.5691076517105103,0.4506441354751587,0.00010400000000000001
104,0.5943402051925659,0.5514858365058899,0.4285435378551483,0.000105
105,0.5499049425125122,0.5091313123703003,0.40773603320121765,0.00010600000000000002
106,0.5768568515777588,0.5351144671440125,0.41742369532585144,0.00010700000000000001
107,0.5842774510383606,0.5415055751800537,0.42771854996681213,0.00010800000000000001
108,0.5927544236183167,0.549877941608429,0.4287649691104889,0.000109
109,0.6070414781570435,0.5625445246696472,0.44496971368789673,0.00011000000000000002
110,0.5920818448066711,0.5482088327407837,0.438729852437973,0.00011100000000000001
111,0.5749406814575195,0.5334641337394714,0.41476577520370483,0.00011200000000000001
112,0.5751059651374817,0.5318793654441833,0.4322660267353058,0.000113
113,0.5887492895126343,0.545822024345398,0.4292728304862976,0.00011399999999999999
114,0.612603485584259,0.5678120851516724,0.4479138255119324,0.00011499999999999999
115,0.5632724165916443,0.5227111577987671,0.4056128263473511,0.000116
116,0.5971251726150513,0.5535191893577576,0.43605998158454895,0.000117
117,0.5925976634025574,0.5494515895843506,0.4314608871936798,0.000118
118,0.5878595113754272,0.5446206331253052,0.4323890209197998,0.000119
119,0.5767143368721008,0.533961832523346,0.4275251626968384,0.00012
120,0.586778461933136,0.544084370136261,0.4269406795501709,0.000121
121,0.5808126330375671,0.5372997522354126,0.43512871861457825,0.000122
122,0.5499762892723083,0.5103093981742859,0.39666882157325745,0.000123
123,0.5639373660087585,0.522436261177063,0.41501131653785706,0.000124
124,0.5653630495071411,0.5235090851783752,0.41853955388069153,0.000125
125,0.5851536393165588,0.542496383190155,0.42657235264778137,0.000126
126,0.5979845523834229,0.5534439086914062,0.44540613889694214,0.000127
127,0.5531749129295349,0.5127843022346497,0.4039059579372406,0.00012800000000000002
128,0.5622955560684204,0.5201799869537354,0.4211553931236267,0.00012900000000000002
129,0.5568921566009521,0.5158277153968811,0.41064462065696716,0.00013000000000000002
130,0.6097608804702759,0.5658453702926636,0.4391550123691559,0.000131
131,0.5657790899276733,0.5244846940040588,0.41294389963150024,0.000132
132,0.5777535438537598,0.5359863042831421,0.41767215728759766,0.000133
133,0.5986112952232361,0.5539745092391968,0.44636771082878113,0.000134
134,0.58662348985672,0.5432415008544922,0.43382006883621216,0.00013500000000000003
135,0.5828434824943542,0.5408498644828796,0.419935941696167,0.00013600000000000003
136,0.582801103591919,0.5405526757240295,0.42248404026031494,0.00013700000000000002
137,0.606151282787323,0.5608534812927246,0.4529780149459839,0.000138
138,0.5743828415870667,0.5331972241401672,0.4118562340736389,0.000139
139,0.5711110234260559,0.5287966132164001,0.4231438934803009,0.00014
140,0.5664685368537903,0.524679958820343,0.41788551211357117,0.000141
141,0.5692225098609924,0.5271515846252441,0.4207089841365814,0.000142
142,0.5844260454177856,0.5420657396316528,0.4236033260822296,0.000143
143,0.5819283723831177,0.5393085479736328,0.42619800567626953,0.000144
144,0.5683861374855042,0.5257139205932617,0.4267221689224243,0.000145
145,0.5849673748016357,0.5427297949790955,0.4223756492137909,0.000146
146,0.5678672194480896,0.5272101163864136,0.40657079219818115,0.000147
147,0.5710793733596802,0.529067873954773,0.4201149642467499,0.000148
148,0.5652636885643005,0.5234089493751526,0.4185473620891571,0.00014900000000000002
149,0.5667555928230286,0.5251688361167908,0.41586777567863464,0.00015000000000000001
150,0.5706421136856079,0.5285251140594482,0.42117011547088623,0.000151
151,0.5589598417282104,0.5182852745056152,0.4067456126213074,0.000152
152,0.5486698746681213,0.5089830756187439,0.39686819911003113,0.000153
153,0.5632431507110596,0.5221802592277527,0.41062870621681213,0.000154
154,0.5599732398986816,0.5177990198135376,0.42174234986305237,0.000155
155,0.5697200894355774,0.5278424024581909,0.4187767207622528,0.00015600000000000002
156,0.5670434832572937,0.5256128311157227,0.4143063426017761,0.00015700000000000002
157,0.5522111654281616,0.511873722076416,0.40337467193603516,0.00015800000000000002
158,0.5824153423309326,0.5398709177970886,0.4254440665245056,0.00015900000000000002
159,0.5775036811828613,0.534820556640625,0.42683130502700806,0.00016
160,0.5528098344802856,0.5116134285926819,0.41196393966674805,0.000161
161,0.5746163129806519,0.5329159498214722,0.4170035123825073,0.000162
162,0.5460424423217773,0.5058330297470093,0.4020939767360687,0.000163
163,0.5820586085319519,0.5402078628540039,0.41850757598876953,0.000164
164,0.590343713760376,0.5470394492149353,0.43304264545440674,0.000165
165,0.5519586205482483,0.5118701457977295,0.4008847177028656,0.000166
166,0.5362743735313416,0.4973970651626587,0.3887729346752167,0.000167
167,0.5242076516151428,0.48509010672569275,0.3911752700805664,0.000168
168,0.5292538404464722,0.4904768168926239,0.3877701163291931,0.00016900000000000002
169,0.5340291261672974,0.4944702088832855,0.3955893814563751,0.00017
170,0.555030345916748,0.513719916343689,0.4131041467189789,0.000171
171,0.5445669293403625,0.5053181052207947,0.392488032579422,0.000172
172,0.5560382008552551,0.5146139860153198,0.4142422378063202,0.000173
173,0.5131425857543945,0.47586116194725037,0.37281447649002075,0.000174
174,0.5200995802879333,0.48125410079956055,0.3884546458721161,0.000175
175,0.5371093153953552,0.49738261103630066,0.39726710319519043,0.00017600000000000002
176,0.5337181091308594,0.4943437874317169,0.39374345541000366,0.00017700000000000002
177,0.536754310131073,0.4970123767852783,0.3974195122718811,0.00017800000000000002
178,0.54078209400177,0.5014755129814148,0.3930659294128418,0.00017900000000000001
179,0.5284125804901123,0.48886626958847046,0.395463228225708,0.00018
180,0.5368020534515381,0.4958670735359192,0.40934979915618896,0.000181
181,0.5265121459960938,0.48802995681762695,0.3848218023777008,0.000182
182,0.5448196530342102,0.5045090913772583,0.4031054675579071,0.000183
183,0.5226131677627563,0.48450422286987305,0.38108935952186584,0.00018400000000000003
184,0.49402469396591187,0.4572630226612091,0.36761659383773804,0.00018500000000000002
185,0.5334042310714722,0.49362483620643616,0.3977939188480377,0.00018600000000000002
186,0.49788951873779297,0.4608955979347229,0.36993908882141113,0.00018700000000000002
187,0.5140506625175476,0.47560372948646545,0.38446924090385437,0.000188
188,0.5273533463478088,0.48765361309051514,0.39699745178222656,0.00018899999999999999
189,0.5244064927101135,0.48611658811569214,0.38289883732795715,0.00019
190,0.5070342421531677,0.46936267614364624,0.3767158091068268,0.000191
191,0.5561633706092834,0.5156413316726685,0.4052202105522156,0.000192
192,0.508760392665863,0.4718877971172333,0.3687257170677185,0.000193
193,0.5625641345977783,0.5205720663070679,0.4199203848838806,0.000194
194,0.47840073704719543,0.4433462917804718,0.35054442286491394,0.000195
195,0.5421245694160461,0.501801609992981,0.4032294452190399,0.000196
196,0.5458348989486694,0.5060368180274963,0.39798060059547424,0.00019700000000000002
197,0.5232471227645874,0.48520877957344055,0.38038331270217896,0.00019800000000000002
198,0.5243645310401917,0.4860585629940033,0.3830598294734955,0.000199
199,0.5097235441207886,0.47210976481437683,0.37613803148269653,0.0002
200,0.5286802649497986,0.48869606852531433,0.399842232465744,0.0002
201,0.4876551628112793,0.45152243971824646,0.3613273799419403,0.00019999993705610097
202,0.5104496479034424,0.4725983738899231,0.3785124719142914,0.00019999974822448318
203,0.5197445154190063,0.4807775020599365,0.38966992497444153,0.0001999994335053843
204,0.49601197242736816,0.45884329080581665,0.37168681621551514,0.00019999899289920055
205,0.48891177773475647,0.45191267132759094,0.3699910044670105,0.00019999842640648654
206,0.48857393860816956,0.45213156938552856,0.36442363262176514,0.00019999773402795549
207,0.5265640616416931,0.488378643989563,0.38185396790504456,0.00019999691576447898
208,0.4755841791629791,0.4404406249523163,0.35143545269966125,0.00019999597161708712
209,0.520462691783905,0.4825604259967804,0.3790228068828583,0.00019999490158696846
210,0.508945643901825,0.47104302048683167,0.37902596592903137,0.00019999370567547008
211,0.505820631980896,0.4690430164337158,0.3677762448787689,0.00019999238388409744
212,0.4923363924026489,0.4555828869342804,0.36753514409065247,0.0001999909362145145
213,0.4986015856266022,0.4616703987121582,0.3693118393421173,0.00019998936266854377
214,0.5042315125465393,0.4666094481945038,0.376220703125,0.00019998766324816607
215,0.5223447680473328,0.4831927716732025,0.3915201425552368,0.00019998583795552083
216,0.5228677988052368,0.484647274017334,0.3822055459022522,0.00019998388679290583
217,0.5026367902755737,0.4645577073097229,0.3807910978794098,0.00019998180976277735
218,0.49590039253234863,0.4594625234603882,0.3643787205219269,0.00019997960686775015
219,0.5009212493896484,0.4641236662864685,0.36797574162483215,0.00019997727811059738
220,0.5030986070632935,0.4663630425930023,0.3673556447029114,0.00019997482349425066
221,0.511005163192749,0.47410663962364197,0.36898496747016907,0.00019997224302180006
222,0.4956972599029541,0.4596801996231079,0.3601706326007843,0.0001999695366964941
223,0.4978939890861511,0.46141359210014343,0.36480391025543213,0.00019996670452173966
224,0.5002944469451904,0.46374842524528503,0.36546018719673157,0.0001999637465011021
225,0.5141133069992065,0.4768006205558777,0.3731268048286438,0.00019996066263830531
226,0.5220746994018555,0.48302558064460754,0.3904914855957031,0.00019995745293723138
227,0.5220659971237183,0.4835069477558136,0.385590523481369,0.000199954117401921
228,0.5123698115348816,0.4748706519603729,0.3749918043613434,0.00019995065603657316
229,0.5018032193183899,0.4650202691555023,0.3678295612335205,0.00019994706884554533
230,0.485283762216568,0.4497610926628113,0.3552268147468567,0.00019994335583335335
231,0.518053412437439,0.4797500967979431,0.38303300738334656,0.00019993951700467139
232,0.5075080394744873,0.470041960477829,0.37466055154800415,0.00019993555236433213
233,0.5266611576080322,0.4874245822429657,0.39236587285995483,0.00019993146191732658
234,0.47902053594589233,0.4437059462070465,0.3531459867954254,0.00019992724566880404
235,0.5045124292373657,0.46716001629829407,0.3735242486000061,0.0001999229036240723
236,0.47092974185943604,0.4368811845779419,0.34048548340797424,0.00019991843578859747
237,0.4806880056858063,0.44594573974609375,0.3474227786064148,0.00019991384216800398
238,0.5096858143806458,0.4723927080631256,0.3729308545589447,0.00019990912276807466
239,0.5050827860832214,0.46796026825904846,0.3712254464626312,0.00019990427759475067
240,0.5155771970748901,0.477610319852829,0.3796689510345459,0.00019989930665413147
241,0.5014735460281372,0.46489188075065613,0.3658163547515869,0.0001998942099524749
242,0.501470148563385,0.46349993348121643,0.3797021806240082,0.00019988898749619702
243,0.47085583209991455,0.43715912103652954,0.33696725964546204,0.0001998836392918723
244,0.4955916404724121,0.4590114951133728,0.36580154299736023,0.00019987816534623352
245,0.5264592170715332,0.4875950813293457,0.3886411190032959,0.00019987256566617162
246,0.46719393134117126,0.4332341253757477,0.33959802985191345,0.00019986684025873598
247,0.4882606863975525,0.4529207944869995,0.353398859500885,0.0001998609891311342
248,0.5238484144210815,0.48512300848960876,0.3872540295124054,0.0001998550122907321
249,0.4870220422744751,0.4507465958595276,0.36275437474250793,0.00019984890974505381
250,0.5297137498855591,0.4915682375431061,0.3814553916454315,0.00019984268150178167
251,0.5023229718208313,0.46477270126342773,0.37550267577171326,0.0001998363275687563
252,0.4886385500431061,0.45305925607681274,0.3557928800582886,0.0001998298479539765
253,0.4928230047225952,0.4565136730670929,0.3630932569503784,0.00019982324266559935
254,0.5177875757217407,0.4794080853462219,0.3837946057319641,0.00019981651171194006
255,0.49380815029144287,0.45725518465042114,0.3655296266078949,0.00019980965510147213
256,0.5263384580612183,0.48718583583831787,0.39152631163597107,0.00019980267284282717
257,0.5008244514465332,0.4647500216960907,0.3607442378997803,0.000199795564944795
258,0.4817950129508972,0.44695940613746643,0.3483560085296631,0.00019978833141632354
259,0.4734407365322113,0.43808597326278687,0.3535475730895996,0.00019978097226651902
260,0.5097092390060425,0.4722893238067627,0.37419942021369934,0.0001997734875046456
261,0.4616962969303131,0.427930623292923,0.3376566767692566,0.0001997658771401258
262,0.48851636052131653,0.45232731103897095,0.3618904948234558,0.00019975814118254007
263,0.4984779357910156,0.462426096200943,0.36051836609840393,0.00019975027964162702
264,0.5158678293228149,0.4784182906150818,0.3744952380657196,0.00019974229252728342
265,0.4886389672756195,0.4528845250606537,0.35754451155662537,0.00019973417984956403
266,0.5094205737113953,0.47216933965682983,0.37251219153404236,0.00019972594161868178
267,0.4861396253108978,0.4503125846385956,0.35827043652534485,0.00019971757784500752
268,0.4781515896320343,0.44304147362709045,0.3511010706424713,0.00019970908853907026
269,0.49215033650398254,0.4563601613044739,0.35790178179740906,0.00019970047371155704
270,0.5139580965042114,0.47623687982559204,0.3772121071815491,0.0001996917333733128
271,0.5000770688056946,0.46255624294281006,0.3752080798149109,0.00019968286753534062
272,0.5048158764839172,0.46822234988212585,0.36593499779701233,0.00019967387620880146
273,0.4789801239967346,0.4447331428527832,0.34246984124183655,0.00019966475940501435
274,0.48564404249191284,0.4499013125896454,0.357427179813385,0.0001996555171354562
275,0.4943850040435791,0.45782366394996643,0.3656134009361267,0.00019964614941176195
276,0.4901261627674103,0.4541110694408417,0.3601508140563965,0.00019963665624572432
277,0.47713202238082886,0.442005455493927,0.3512658178806305,0.00019962703764929413
278,0.48346611857414246,0.4482565224170685,0.3520960509777069,0.00019961729363458003
279,0.49088022112846375,0.4548344612121582,0.3604576587677002,0.00019960742421384846
280,0.4971969723701477,0.46016645431518555,0.37030521035194397,0.00019959742939952392
281,0.48921114206314087,0.45408445596694946,0.3512669503688812,0.00019958730920418858
282,0.5016478896141052,0.46488097310066223,0.36766889691352844,0.00019957706364058257
283,0.4927132725715637,0.4568828046321869,0.35830453038215637,0.00019956669272160383
284,0.5111405849456787,0.47367802262306213,0.3746255338191986,0.00019955619646030802
285,0.46635401248931885,0.43270209431648254,0.33651918172836304,0.00019954557486990868
286,0.5048192143440247,0.46772828698158264,0.3709092140197754,0.00019953482796377712
287,0.48982173204421997,0.45418331027030945,0.3563843071460724,0.00019952395575544233
288,0.48182743787765503,0.4459257423877716,0.3590168058872223,0.00019951295825859113
289,0.4952354431152344,0.4591904580593109,0.360449880361557,0.00019950183548706805
290,0.4811893105506897,0.4452901780605316,0.35899120569229126,0.00019949058745487522
291,0.4892734885215759,0.4541724920272827,0.35100990533828735,0.00019947921417617267
292,0.47977590560913086,0.44471779465675354,0.35058122873306274,0.00019946771566527785
293,0.5211017727851868,0.4823050796985626,0.38796719908714294,0.000199456091936666
294,0.503311038017273,0.46643757820129395,0.36873477697372437,0.00019944434300497006
295,0.4632268249988556,0.4300640821456909,0.3316273093223572,0.00019943246888498041
296,0.4930480718612671,0.4567432701587677,0.36304810643196106,0.00019942046959164515
297,0.5041317939758301,0.46629706025123596,0.3783472776412964,0.00019940834514006994
298,0.47539255023002625,0.44086870551109314,0.3452383577823639,0.000199396095545518
299,0.4726255238056183,0.4381018877029419,0.3452364206314087,0.00019938372082341
300,0.5106006860733032,0.4722660779953003,0.3833458423614502,0.00019937122098932428
301,0.500457763671875,0.4647893011569977,0.3566845953464508,0.00019935859605899655
302,0.5101350545883179,0.47265633940696716,0.37478700280189514,0.00019934584604832013
303,0.47021716833114624,0.43579939007759094,0.3441777527332306,0.00019933297097334565
304,0.4708680212497711,0.43602558970451355,0.34842443466186523,0.00019931997085028132
305,0.4734291732311249,0.4386887848377228,0.34740379452705383,0.00019930684569549264
306,0.4558500647544861,0.4223893880844116,0.3346068263053894,0.00019929359552550265
307,0.4773770272731781,0.4424092769622803,0.3496776223182678,0.00019928022035699166
308,0.4989592432975769,0.4628574848175049,0.361017644405365,0.00019926672020679736
309,0.5034498572349548,0.46660858392715454,0.3684127628803253,0.00019925309509191482
310,0.5177761912345886,0.4796241521835327,0.38152015209198,0.00019923934502949644
311,0.479671835899353,0.4450816810131073,0.3459014892578125,0.00019922547003685176
312,0.4684344232082367,0.43473976850509644,0.336946576833725,0.0001992114701314478
313,0.49472564458847046,0.45951512455940247,0.35210520029067993,0.00019919734533090867
314,0.4860393702983856,0.45153188705444336,0.34507477283477783,0.0001991830956530158
315,0.4625757932662964,0.4293542504310608,0.33221542835235596,0.00019916872111570784
316,0.5078411102294922,0.4706970155239105,0.37144094705581665,0.00019915422173708046
317,0.4845091700553894,0.448487788438797,0.36021387577056885,0.00019913959753538674
318,0.4979665279388428,0.46201691031455994,0.35949626564979553,0.00019912484852903668
319,0.48717746138572693,0.45174115896224976,0.3543631136417389,0.0001991099747365975
320,0.4998270571231842,0.4629627764225006,0.3686428368091583,0.00019909497617679348
321,0.48869675397872925,0.4528631567955017,0.3583359718322754,0.000199079852868506
322,0.47744980454444885,0.4425241947174072,0.3492562174797058,0.00019906460483077348
323,0.4573889672756195,0.42353716492652893,0.3385179042816162,0.0001990492320827913
324,0.5084010362625122,0.47147735953330994,0.36923685669898987,0.00019903373464391186
325,0.49068504571914673,0.4550916850566864,0.3559337258338928,0.00019901811253364456
326,0.48926448822021484,0.4535762667655945,0.35688236355781555,0.00019900236577165576
327,0.495871901512146,0.45966824889183044,0.36203664541244507,0.0001989864943777687
328,0.4825989305973053,0.4465728998184204,0.3602602779865265,0.0001989704983719635
329,0.4841354787349701,0.44915902614593506,0.3497644066810608,0.0001989543777743772
330,0.49768686294555664,0.46012642979621887,0.3756044805049896,0.00019893813260530368
331,0.47370514273643494,0.43902313709259033,0.3468201756477356,0.0001989217628851936
332,0.47902050614356995,0.4435838460922241,0.3543665111064911,0.00019890526863465443
333,0.5007116794586182,0.4641384184360504,0.3657323122024536,0.0001988886498744505
334,0.4861443042755127,0.45074307918548584,0.35401222109794617,0.00019887190662550266
335,0.47850748896598816,0.44448745250701904,0.340200275182724,0.00019885503890888876
336,0.46321901679039,0.42972278594970703,0.3349623680114746,0.0001988380467458431
337,0.5126405358314514,0.4751567542552948,0.3748375475406647,0.00019882093015775678
338,0.4929165244102478,0.4573580026626587,0.3555852174758911,0.0001988036891661775
339,0.48475903272628784,0.4495539367198944,0.35205087065696716,0.0001987863237928095
340,0.4764350950717926,0.44171735644340515,0.3471774458885193,0.00019876883405951377
341,0.4749845862388611,0.44063642621040344,0.3434816896915436,0.0001987512199883077
342,0.5071885585784912,0.4704500436782837,0.3673853278160095,0.00019873348160136524
343,0.49072766304016113,0.4549291133880615,0.35798555612564087,0.00019871561892101692
344,0.48642486333847046,0.4514087736606598,0.35016104578971863,0.00019869763196974957
345,0.48441436886787415,0.4499678611755371,0.3444649875164032,0.00019867952077020666
346,0.48868268728256226,0.45339590311050415,0.3528677225112915,0.0001986612853451879
347,0.48830145597457886,0.45261073112487793,0.3569072484970093,0.00019864292571764955
348,0.4688301682472229,0.43538618087768555,0.33443984389305115,0.00019862444191070408
349,0.4982652962207794,0.46185991168022156,0.3640539348125458,0.0001986058339476204
350,0.4611842632293701,0.4281826615333557,0.3300158977508545,0.0001985871018518236
351,0.47627711296081543,0.4419945776462555,0.342825323343277,0.00019856824564689515
352,0.46635720133781433,0.4328102767467499,0.33546915650367737,0.00019854926535657267
353,0.4891081154346466,0.45385536551475525,0.3525274693965912,0.00019853016100475007
354,0.47495609521865845,0.44042766094207764,0.34528449177742004,0.0001985109326154774
355,0.49599599838256836,0.46046048402786255,0.35535526275634766,0.00019849158021296081
356,0.48341846466064453,0.44745415449142456,0.35964304208755493,0.00019847210382156267
357,0.47938716411590576,0.44490334391593933,0.34483829140663147,0.00019845250346580136
358,0.47460874915122986,0.4404313862323761,0.3417735695838928,0.0001984327791703513
359,0.49193713068962097,0.45617327094078064,0.35763850808143616,0.00019841293096004302
360,0.4696177840232849,0.43567517399787903,0.3394259512424469,0.00019839295885986296
361,0.47083985805511475,0.43647879362106323,0.34361064434051514,0.00019837286289495361
362,0.4571322798728943,0.42408743500709534,0.3304484188556671,0.00019835264309061326
363,0.46564018726348877,0.4318876564502716,0.33752545714378357,0.00019833229947229623
364,0.4734952747821808,0.4393109977245331,0.3418426811695099,0.00019831183206561262
365,0.48662999272346497,0.4519648551940918,0.34665149450302124,0.00019829124089632845
366,0.4915863871574402,0.45593252778053284,0.3565387427806854,0.00019827052599036545
367,0.4962198734283447,0.46034717559814453,0.35872694849967957,0.00019824968737380117
368,0.5021560192108154,0.46612030267715454,0.3603571653366089,0.0001982287250728689
369,0.46328485012054443,0.42890816926956177,0.34376686811447144,0.00019820763911395758
370,0.5047776699066162,0.46812739968299866,0.36650294065475464,0.00019818642952361187
371,0.47989246249198914,0.44513335824012756,0.3475910723209381,0.00019816509632853208
372,0.492622435092926,0.4574808180332184,0.3514161705970764,0.00019814363955557404
373,0.45823732018470764,0.42526277899742126,0.3297455310821533,0.0001981220592317493
374,0.4831222891807556,0.4481728672981262,0.34949421882629395,0.0001981003553842248
375,0.4969022274017334,0.46158796548843384,0.353142648935318,0.00019807852804032305
376,0.47531619668006897,0.44124552607536316,0.3407067358493805,0.00019805657722752202
377,0.49077656865119934,0.45522525906562805,0.35551321506500244,0.00019803450297345508
378,0.4869356155395508,0.4510776996612549,0.35857903957366943,0.00019801230530591105
379,0.4632444977760315,0.42975184321403503,0.334926575422287,0.00019798998425283403
380,0.4814615249633789,0.4461902976036072,0.35271215438842773,0.00019796753984232358
381,0.4628310203552246,0.4293177127838135,0.33513301610946655,0.00019794497210263442
382,0.4938640296459198,0.45729801058769226,0.365660160779953,0.00019792228106217658
383,0.4705934226512909,0.43680286407470703,0.33790552616119385,0.00019789946674951536
384,0.49116358160972595,0.45529457926750183,0.3586901128292084,0.00019787652919337116
385,0.4785739779472351,0.4437884986400604,0.347854882478714,0.00019785346842261957
386,0.48588812351226807,0.45107972621917725,0.34808409214019775,0.00019783028446629123
387,0.48597729206085205,0.4514578878879547,0.3451939523220062,0.00019780697735357204
388,0.48846742510795593,0.4531843364238739,0.3528309166431427,0.0001977835471138027
389,0.5091038346290588,0.4722423851490021,0.3686145544052124,0.0001977599937764791
390,0.4570530652999878,0.4244782328605652,0.3257482945919037,0.00019773631737125192
391,0.4546273350715637,0.4226781129837036,0.3194921314716339,0.00019771251792792698
392,0.4744347035884857,0.4403289556503296,0.3410574197769165,0.00019768859547646478
393,0.48989200592041016,0.45466890931129456,0.35223108530044556,0.00019766455004698082
394,0.47508174180984497,0.4414115250110626,0.33670228719711304,0.00019764038166974535
395,0.4545840322971344,0.4215841591358185,0.32999861240386963,0.0001976160903751834
396,0.471528559923172,0.4368225038051605,0.3470606207847595,0.00019759167619387476
397,0.4754296839237213,0.44106075167655945,0.3436894118785858,0.0001975671391565539
398,0.45669400691986084,0.4239921569824219,0.3270186185836792,0.00019754247929410995
399,0.4784642457962036,0.44405943155288696,0.3440481126308441,0.00019751769663758665
400,0.45754221081733704,0.4247908890247345,0.327513188123703,0.00019749279121818235
401,0.47916316986083984,0.44442862272262573,0.34734535217285156,0.00019746776306724998
402,0.4951793849468231,0.46013200283050537,0.3504738211631775,0.0001974426122162969
403,0.4532133638858795,0.42095181345939636,0.3226156234741211,0.00019741733869698495
404,0.47525596618652344,0.44079646468162537,0.34459492564201355,0.0001973919425411304
405,0.4627811908721924,0.4293573200702667,0.33423858880996704,0.00019736642378070392
406,0.46451494097709656,0.431497186422348,0.33017751574516296,0.00019734078244783054
407,0.4891035556793213,0.45381397008895874,0.35289594531059265,0.00019731501857478954
408,0.4864133298397064,0.45138275623321533,0.35030585527420044,0.0001972891321940145
409,0.48130643367767334,0.44670745730400085,0.3459899127483368,0.00019726312333809322
410,0.477847695350647,0.44329896569252014,0.3454872965812683,0.00019723699203976766
411,0.4771621525287628,0.44192400574684143,0.3523813784122467,0.00019721073833193397
412,0.4895648956298828,0.4540804624557495,0.35484427213668823,0.00019718436224764233
413,0.4768928587436676,0.4426819980144501,0.34210869669914246,0.00019715786382009705
414,0.4585636258125305,0.42525556683540344,0.3330807089805603,0.00019713124308265635
415,0.48305219411849976,0.44788864254951477,0.35163551568984985,0.00019710450006883256
416,0.4793338179588318,0.4448632299900055,0.3447059392929077,0.00019707763481229183
417,0.4888714849948883,0.45391812920570374,0.3495334982872009,0.00019705064734685425
418,0.504062831401825,0.46748584508895874,0.36577001214027405,0.00019702353770649378
419,0.4655383825302124,0.43241289258003235,0.33125483989715576,0.00019699630592533808
420,0.462249755859375,0.4292173981666565,0.3303234577178955,0.0001969689520376687
421,0.481479287147522,0.4471472203731537,0.34332069754600525,0.00019694147607792083
422,0.4781532883644104,0.44414737820625305,0.34005898237228394,0.0001969138780806833
423,0.4826771020889282,0.44799211621284485,0.34684988856315613,0.00019688615808069872
424,0.45872586965560913,0.42616555094718933,0.325603187084198,0.0001968583161128631
425,0.48887404799461365,0.45361942052841187,0.35254621505737305,0.00019683035221222618
426,0.47797274589538574,0.44374701380729675,0.34225738048553467,0.00019680226641399096
427,0.47625014185905457,0.44201475381851196,0.3423539400100708,0.00019677405875351414
428,0.5043021440505981,0.46769362688064575,0.3660852611064911,0.00019674572926630567
429,0.46102723479270935,0.4279201328754425,0.3310709595680237,0.00019671727798802895
430,0.4684590995311737,0.4348909258842468,0.33568185567855835,0.00019668870495450066
431,0.4661544859409332,0.43281587958335876,0.3333861529827118,0.00019666001020169073
432,0.4527675211429596,0.42107537388801575,0.31692156195640564,0.00019663119376572242
433,0.5110527873039246,0.47433584928512573,0.3671693801879883,0.00019660225568287202
434,0.47901761531829834,0.44454169273376465,0.34475913643836975,0.00019657319598956913
435,0.49895134568214417,0.4622020125389099,0.3674934208393097,0.0001965440147223963
436,0.48860204219818115,0.4533579349517822,0.35244113206863403,0.00019651471191808924
437,0.4546826481819153,0.4220491647720337,0.3263348340988159,0.00019648528761353652
438,0.45502927899360657,0.4227580428123474,0.3227122724056244,0.00019645574184577982
439,0.4791627526283264,0.44493961334228516,0.3422313630580902,0.00019642607465201364
440,0.48039478063583374,0.4456997215747833,0.3469507098197937,0.00019639628606958533
441,0.4744194746017456,0.43969058990478516,0.3472888767719269,0.0001963663761359951
442,0.4554692804813385,0.42236343026161194,0.3310585618019104,0.00019633634488889595
443,0.4571102559566498,0.4244801104068756,0.3263015151023865,0.0001963061923660935
444,0.48231056332588196,0.44761884212493896,0.3469173312187195,0.0001962759186055461
445,0.46903717517852783,0.43518292903900146,0.3385426104068756,0.00019624552364536473
446,0.47779566049575806,0.44342756271362305,0.34368112683296204,0.00019621500752381294
447,0.4560644030570984,0.42357227206230164,0.3249213993549347,0.00019618437027930683
448,0.47793489694595337,0.44407984614372253,0.3385504186153412,0.00019615361195041492
449,0.5015914440155029,0.4658706486225128,0.35720765590667725,0.00019612273257585815
450,0.4643734395503998,0.4307531714439392,0.3362027108669281,0.00019609173219450998
451,0.47359904646873474,0.44011199474334717,0.33487051725387573,0.000196060610845396
452,0.5040565133094788,0.4683734178543091,0.3568311333656311,0.0001960293685676943
453,0.4450432360172272,0.41349896788597107,0.31544259190559387,0.00019599800540073505
454,0.4736308455467224,0.44005730748176575,0.33573535084724426,0.00019596652138400064
455,0.4838753640651703,0.44961652159690857,0.3425884544849396,0.0001959349165571256
456,0.4791812300682068,0.4446781277656555,0.34503093361854553,0.0001959031909598966
457,0.5104873776435852,0.47365081310272217,0.368365615606308,0.0001958713446322522
458,0.4546380043029785,0.4216855764389038,0.32952412962913513,0.00019583937761428314
459,0.49528270959854126,0.4599374830722809,0.35345226526260376,0.00019580728994623195
460,0.45179885625839233,0.41914424300193787,0.3265461325645447,0.00019577508166849304
461,0.4599497616291046,0.4267367124557495,0.3321303725242615,0.00019574275282161283
462,0.4745470881462097,0.4408053159713745,0.33741769194602966,0.00019571030344628926
463,0.4636549949645996,0.4305785298347473,0.33076462149620056,0.00019567773358337222
464,0.5062943696975708,0.4709985554218292,0.3529583215713501,0.00019564504327386316
465,0.4809662103652954,0.44636812806129456,0.345980703830719,0.0001956122325589152
466,0.4766562879085541,0.44257044792175293,0.34085848927497864,0.00019557930147983302
467,0.45683783292770386,0.42371734976768494,0.33120495080947876,0.00019554625007807283
468,0.4693065285682678,0.43592068552970886,0.3338583707809448,0.0001955130783952423
469,0.4370831251144409,0.40621280670166016,0.3087032437324524,0.00019547978647310057
470,0.48193398118019104,0.4474729895591736,0.3446100056171417,0.00019544637435355808
471,0.46272554993629456,0.4299275875091553,0.3279796242713928,0.00019541284207867662
472,0.45682576298713684,0.42455941438674927,0.32266345620155334,0.0001953791896906692
473,0.4650842547416687,0.4318771958351135,0.33207064867019653,0.0001953454172319001
474,0.5151664614677429,0.47890087962150574,0.3626560866832733,0.00019531152474488477
475,0.4924405813217163,0.45750513672828674,0.3493545651435852,0.00019527751227228963
476,0.4731071889400482,0.4386659264564514,0.3444126844406128,0.0001952433798569323
477,0.45841220021247864,0.42482730746269226,0.3358488976955414,0.00019520912754178123
478,0.49027660489082336,0.4549257159233093,0.35350877046585083,0.00019517475536995604
479,0.4803563952445984,0.44515520334243774,0.3520120084285736,0.000195140263384727
480,0.46732115745544434,0.4338294267654419,0.334917277097702,0.00019510565162951537
481,0.4581500291824341,0.42576858401298523,0.323814332485199,0.0001950709201478931
482,0.4574231803417206,0.42498940229415894,0.32433784008026123,0.00019503606898358284
483,0.48440760374069214,0.4486977458000183,0.3570985496044159,0.00019500109818045805
484,0.4708358645439148,0.43720024824142456,0.3363560438156128,0.00019496600778254263
485,0.4678207039833069,0.4341239631175995,0.33696725964546204,0.00019493079783401113
486,0.4568851590156555,0.4247555136680603,0.3212963044643402,0.0001948954683791886
487,0.4517219066619873,0.41998451948165894,0.31737399101257324,0.00019486001946255046
488,0.4949909448623657,0.45906364917755127,0.3592730164527893,0.00019482445112872264
489,0.4710399806499481,0.4374614357948303,0.33578556776046753,0.00019478876342248128
490,0.4794234037399292,0.44506770372390747,0.3435569703578949,0.0001947529563887529
491,0.48089858889579773,0.4469199478626251,0.3397865295410156,0.00019471703007261412
492,0.44760662317276,0.4156563878059387,0.31950241327285767,0.00019468098451929183
493,0.5152624249458313,0.47809216380119324,0.3717024624347687,0.00019464481977416297
494,0.4742118716239929,0.44039732217788696,0.33814549446105957,0.00019460853588275454
495,0.49950215220451355,0.46350541710853577,0.35996729135513306,0.00019457213289074355
496,0.45811203122138977,0.4252071976661682,0.32904836535453796,0.00019453561084395687
497,0.4734779894351959,0.44021663069725037,0.3326135277748108,0.00019449896978837141
498,0.4616206884384155,0.42880919575691223,0.32811495661735535,0.0001944622097701137
499,0.4823257625102997,0.4476523697376251,0.34673401713371277,0.00019442533083546012
500,0.49705198407173157,0.46133485436439514,0.3571712374687195,0.00019438833303083678
501,0.4558669328689575,0.4235616624355316,0.32305261492729187,0.00019435121640281938
502,0.4470776617527008,0.41590070724487305,0.3117695450782776,0.00019431398099813323
503,0.4847070872783661,0.4500036835670471,0.3470340967178345,0.00019427662686365314
504,0.4593110680580139,0.42673030495643616,0.32580751180648804,0.0001942391540464035
505,0.46880435943603516,0.43467020988464355,0.34134146571159363,0.00019420156259355791
506,0.47735869884490967,0.442981481552124,0.3437723219394684,0.00019416385255243944
507,0.4797731339931488,0.4458726942539215,0.3390043377876282,0.00019412602397052048
508,0.47249940037727356,0.43838807940483093,0.3411133289337158,0.00019408807689542257
509,0.4791869521141052,0.44472917914390564,0.3445776700973511,0.00019405001137491642
510,0.5136556625366211,0.4765665531158447,0.37089136242866516,0.0001940118274569219
511,0.5056465864181519,0.46970856189727783,0.3593800961971283,0.00019397352518950794
512,0.45790937542915344,0.42465224862098694,0.33257120847702026,0.00019393510462089236
513,0.51072758436203,0.473686546087265,0.3704102039337158,0.000193896565799442
514,0.4627249538898468,0.43028518557548523,0.32439756393432617,0.00019385790877367255
515,0.500185489654541,0.46413350105285645,0.3605199456214905,0.00019381913359224842
516,0.46495741605758667,0.43182671070098877,0.33130696415901184,0.0001937802403039829
517,0.511073648929596,0.47481074929237366,0.3626292049884796,0.0001937412289578379
518,0.46663764119148254,0.4337329566478729,0.3290467858314514,0.00019370209960292386
519,0.47795477509498596,0.44382384419441223,0.34130921959877014,0.00019366285228849996
520,0.48358917236328125,0.44840720295906067,0.35181957483291626,0.00019362348706397373
521,0.4672316908836365,0.43408721685409546,0.3314448297023773,0.0001935840039789012
522,0.45971256494522095,0.42664411664009094,0.3306845724582672,0.00019354440308298672
523,0.4734610915184021,0.43980276584625244,0.3365832567214966,0.00019350468442608305
524,0.4475250244140625,0.4154664874076843,0.3205854594707489,0.0001934648480581911
525,0.4267466366291046,0.3967948853969574,0.29951751232147217,0.00019342489402945998
526,0.46239376068115234,0.4296347498893738,0.3275900185108185,0.000193384822390187
527,0.45824840664863586,0.42601484060287476,0.3223356604576111,0.00019334463319081735
528,0.45221400260925293,0.4202016294002533,0.32012367248535156,0.00019330432648194444
529,0.5026159286499023,0.466971755027771,0.3564414978027344,0.00019326390231430942
530,0.47183284163475037,0.4387040436267853,0.33128786087036133,0.00019322336073880142
531,0.45262759923934937,0.4199451804161072,0.3268241882324219,0.00019318270180645737
532,0.4483892321586609,0.41668903827667236,0.31700196862220764,0.00019314192556846185
533,0.48794829845428467,0.45336565375328064,0.34582629799842834,0.00019310103207614718
534,0.4347146451473236,0.4032832384109497,0.31431397795677185,0.00019306002138099327
535,0.4664451777935028,0.4332734942436218,0.33171671628952026,0.00019301889353462762
536,0.4331955909729004,0.4020965099334717,0.31099066138267517,0.00019297764858882514
537,0.4641794264316559,0.43109366297721863,0.3308577537536621,0.0001929362865955082
538,0.4682846963405609,0.4348010718822479,0.33483627438545227,0.0001928948076067465
539,0.48484358191490173,0.4503156542778015,0.3452792167663574,0.00019285321167475698
540,0.4782693386077881,0.44437098503112793,0.3389836549758911,0.0001928114988519039
541,0.4437572956085205,0.4120282828807831,0.3172902464866638,0.00019276966919069862
542,0.4967995584011078,0.46085959672927856,0.359399676322937,0.0001927277227437995
543,0.4960247278213501,0.4604083299636841,0.3561640679836273,0.00019268565956401208
544,0.4929710030555725,0.4580388069152832,0.3493218719959259,0.00019264347970428876
545,0.46062609553337097,0.428266704082489,0.3235938847064972,0.0001926011832177288
546,0.471317857503891,0.4382424056529999,0.3307546079158783,0.00019255877015757835
547,0.47421199083328247,0.44077959656715393,0.33432382345199585,0.00019251624057723023
548,0.47332045435905457,0.439767062664032,0.33553391695022583,0.00019247359453022407
549,0.4584846496582031,0.42477861046791077,0.3370603919029236,0.00019243083207024598
550,0.4554680585861206,0.42247724533081055,0.3299080431461334,0.0001923879532511287
551,0.47692254185676575,0.44271889328956604,0.34203654527664185,0.0001923449581268514
552,0.47162026166915894,0.43778350949287415,0.33836737275123596,0.00019230184675153976
553,0.45061084628105164,0.41840410232543945,0.3220674395561218,0.00019225861917946565
554,0.4933128356933594,0.45789167284965515,0.3542115390300751,0.0001922152754650474
555,0.48257896304130554,0.4480364918708801,0.34542468190193176,0.0001921718156628494
556,0.4556161165237427,0.42321380972862244,0.32402312755584717,0.00019212823982758226
557,0.45396673679351807,0.4216831922531128,0.32283535599708557,0.00019208454801410266
558,0.48087289929389954,0.44685760140419006,0.3401530683040619,0.0001920407402774132
559,0.45622938871383667,0.4238536059856415,0.3237578570842743,0.00019199681667266252
560,0.4530656337738037,0.42094382643699646,0.3212181329727173,0.0001919527772551451
561,0.48112988471984863,0.44654202461242676,0.345878541469574,0.0001919086220803011
562,0.49012210965156555,0.45519354939460754,0.3492855727672577,0.0001918643512037166
563,0.46103933453559875,0.42883023619651794,0.3220909833908081,0.00019181996468112323
564,0.46285223960876465,0.429103821516037,0.3374841511249542,0.00019177546256839812
565,0.4602736532688141,0.4275053143501282,0.32768332958221436,0.00019173084492156407
566,0.4601043462753296,0.42680928111076355,0.33295077085494995,0.00019168611179678924
567,0.4840206503868103,0.4492835998535156,0.34737035632133484,0.00019164126325038714
568,0.4852009117603302,0.4507432281970978,0.34457680583000183,0.00019159629933881666
569,0.4424366354942322,0.4107188880443573,0.31717750430107117,0.00019155122011868186
570,0.4826613962650299,0.4482441246509552,0.3441726863384247,0.00019150602564673198
571,0.4636046290397644,0.4308221638202667,0.3278246521949768,0.00019146071597986138
572,0.4722723364830017,0.438414603471756,0.3385774791240692,0.00019141529117510932
573,0.49461811780929565,0.4590415060520172,0.3557659685611725,0.00019136975128966017
574,0.4320535361766815,0.401775598526001,0.30277931690216064,0.00019132409638084304
575,0.4819887578487396,0.4479847550392151,0.3400401473045349,0.00019127832650613189
576,0.48133933544158936,0.4467300772666931,0.3460925221443176,0.00019123244172314545
577,0.47163012623786926,0.43762320280075073,0.34006935358047485,0.00019118644208964702
578,0.42973992228507996,0.39944005012512207,0.3029986619949341,0.00019114032766354453
579,0.48294439911842346,0.4485355019569397,0.34408897161483765,0.00019109409850289044
580,0.4682028889656067,0.4352779984474182,0.3292487859725952,0.00019104775466588161
581,0.47310081124305725,0.4394189417362213,0.33681875467300415,0.00019100129621085925
582,0.47084560990333557,0.43705835938453674,0.3378724753856659,0.00019095472319630892
583,0.46496155858039856,0.43234965205192566,0.3261190950870514,0.00019090803568086036
584,0.4682868719100952,0.43496111035346985,0.3332577645778656,0.00019086123372328746
585,0.49117809534072876,0.4568382501602173,0.3433983027935028,0.00019081431738250814
586,0.47081226110458374,0.43773794174194336,0.33074328303337097,0.00019076728671758438
587,0.4606000781059265,0.42828118801116943,0.32318881154060364,0.00019072014178772202
588,0.44491884112358093,0.413253515958786,0.3166532516479492,0.00019067288265227082
589,0.46317076683044434,0.43052706122398376,0.3264370858669281,0.00019062550937072424
590,0.4752398431301117,0.44154611229896545,0.3369372487068176,0.00019057802200271942
591,0.4387275278568268,0.4077610969543457,0.30966439843177795,0.0001905304206080372
592,0.4375947117805481,0.40659981966018677,0.3099488317966461,0.00019048270524660196
593,0.4968697428703308,0.46169808506965637,0.3517167270183563,0.0001904348759784815
594,0.4504358768463135,0.418374627828598,0.32061249017715454,0.00019038693286388698
595,0.4822221100330353,0.4474879205226898,0.34734195470809937,0.00019033887596317298
596,0.4528975188732147,0.4208817780017853,0.32015740871429443,0.00019029070533683725
597,0.4811403453350067,0.4467059373855591,0.3443441092967987,0.00019024242104552074
598,0.49441152811050415,0.4585605263710022,0.35851016640663147,0.00019019402315000752
599,0.47381290793418884,0.43943625688552856,0.343766450881958,0.00019014551171122457
600,0.46944093704223633,0.4364555776119232,0.32985374331474304,0.0001900968867902419
601,0.4781489372253418,0.4444982409477234,0.33650699257850647,0.0001900481484482724
602,0.48780569434165955,0.45370247960090637,0.34103211760520935,0.0001899992967466716
603,0.46485665440559387,0.432110071182251,0.3274657726287842,0.0001899503317469379
604,0.4742778539657593,0.44055429100990295,0.3372355103492737,0.00018990125351071226
605,0.4839034080505371,0.4490422010421753,0.3486119508743286,0.00018985206209977813
606,0.4618746340274811,0.42925795912742615,0.32616665959358215,0.00018980275757606157
607,0.4792175590991974,0.44483882188796997,0.34378746151924133,0.00018975334000163093
608,0.4600171744823456,0.42725345492362976,0.32763707637786865,0.00018970380943869687
609,0.45204415917396545,0.41988444328308105,0.3215971887111664,0.00018965416594961238
610,0.4722626507282257,0.4386945068836212,0.33568131923675537,0.00018960440959687254
611,0.49267062544822693,0.45750606060028076,0.3516456186771393,0.0001895545404431145
612,0.44237974286079407,0.41090497374534607,0.3147476315498352,0.00018950455855111745
613,0.4305863380432129,0.4002551734447479,0.30331170558929443,0.0001894544639838025
614,0.44972342252731323,0.4177091717720032,0.32014262676239014,0.00018940425680423264
615,0.4818336069583893,0.4478731155395508,0.3396049439907074,0.00018935393707561251
616,0.4720867872238159,0.438555508852005,0.3353128135204315,0.00018930350486128856
617,0.4667567312717438,0.4334715008735657,0.33285242319107056,0.00018925296022474878
618,0.4581751227378845,0.4260171055793762,0.321580171585083,0.00018920230322962264
619,0.4589259624481201,0.4252638816833496,0.336620956659317,0.0001891515339396812
620,0.4574378728866577,0.42538800835609436,0.320498526096344,0.0001891006524188368
621,0.45224687457084656,0.4197121262550354,0.3253476023674011,0.000189049658731143
622,0.46888643503189087,0.4358798861503601,0.33006563782691956,0.00018899855294079472
623,0.4319796860218048,0.4015766680240631,0.3040302097797394,0.00018894733511212782
624,0.48870426416397095,0.4546426832675934,0.34061580896377563,0.00018889600530961934
625,0.4657105803489685,0.43217507004737854,0.3353549540042877,0.00018884456359788724
626,0.4829220175743103,0.44882872700691223,0.3409329056739807,0.00018879301004169036
627,0.4595067799091339,0.42666909098625183,0.32837679982185364,0.00018874134470592835
628,0.44253307580947876,0.4109278619289398,0.31605204939842224,0.0001886895676556415
629,0.43757668137550354,0.40591609477996826,0.31660589575767517,0.00018863767895601087
630,0.42710694670677185,0.39678144454956055,0.3032549023628235,0.000188585678672358
631,0.4661814570426941,0.43371084332466125,0.32470616698265076,0.00018853356687014485
632,0.45473042130470276,0.4223809838294983,0.3234942853450775,0.00018848134361497385
633,0.45295751094818115,0.4207931458950043,0.32164350152015686,0.0001884290089725877
634,0.4808823764324188,0.4469940662384033,0.3388829827308655,0.00018837656300886937
635,0.4545342028141022,0.42256438732147217,0.31969818472862244,0.00018832400578984183
636,0.4987454414367676,0.46263712644577026,0.3610832095146179,0.0001882713373816683
637,0.47211405634880066,0.4390917122364044,0.3302235007286072,0.00018821855785065185
638,0.469697505235672,0.4362884759902954,0.3340902328491211,0.00018816566726323548
639,0.45453330874443054,0.4217647910118103,0.32768523693084717,0.00018811266568600194
640,0.46854209899902344,0.4349318742752075,0.336102157831192,0.0001880595531856738
641,0.4964257776737213,0.4610133171081543,0.35412460565567017,0.00018800632982911322
642,0.4763113856315613,0.44195759296417236,0.343537837266922,0.00018795299568332184
643,0.4624690115451813,0.43007877469062805,0.323902428150177,0.00018789955081544092
644,0.5030806660652161,0.4668266475200653,0.36254018545150757,0.000187845995292751
645,0.46393364667892456,0.4314122200012207,0.3252143859863281,0.00018779232918267195
646,0.44975635409355164,0.41792821884155273,0.31828123331069946,0.00018773855255276283
647,0.4402444064617157,0.4090254008769989,0.3121901750564575,0.00018768466547072188
648,0.45463335514068604,0.4224933683872223,0.3213997185230255,0.00018763066800438636
649,0.46270251274108887,0.43025028705596924,0.32452213764190674,0.00018757656022173248
650,0.4384390711784363,0.4074757397174835,0.30963334441185,0.00018752234219087538
651,0.44892627000808716,0.41740378737449646,0.31522488594055176,0.0001874680139800689
652,0.47494083642959595,0.4418603479862213,0.33080482482910156,0.0001874135756577056
653,0.4837266206741333,0.44993576407432556,0.33790868520736694,0.00018735902729231677
654,0.45623868703842163,0.4233013093471527,0.329373836517334,0.00018730436895257206
655,0.490797221660614,0.45601022243499756,0.3478698432445526,0.00018724960070727972
656,0.4811883568763733,0.44702836871147156,0.3415999412536621,0.00018719472262538624
657,0.4548633098602295,0.4231903553009033,0.31672966480255127,0.00018713973477597646
658,0.4500962495803833,0.4183650612831116,0.31731176376342773,0.00018708463722827336
659,0.4783785939216614,0.4449152648448944,0.33463340997695923,0.00018702943005163803
660,0.47449296712875366,0.4413464367389679,0.33146530389785767,0.00018697411331556956
661,0.4887723922729492,0.45346400141716003,0.35308393836021423,0.00018691868708970496
662,0.45212119817733765,0.4205120801925659,0.31609129905700684,0.00018686315144381913
663,0.45226138830184937,0.42053645849227905,0.3172493278980255,0.00018680750644782467
664,0.4787892997264862,0.44458597898483276,0.3420330882072449,0.00018675175217177175
665,0.4988863468170166,0.46310803294181824,0.3577829897403717,0.0001866958886858483
666,0.4362598955631256,0.40530696511268616,0.3095293343067169,0.0001866399160603796
667,0.47995153069496155,0.4460233151912689,0.3392822742462158,0.0001865838343658284
668,0.4901115596294403,0.45506805181503296,0.3504350185394287,0.00018652764367279461
669,0.43175190687179565,0.40163204073905945,0.3011985719203949,0.0001864713440520155
670,0.46777722239494324,0.43494105339050293,0.32836177945137024,0.0001864149355743655
671,0.4363418221473694,0.4057074785232544,0.30634358525276184,0.00018635841831085586
672,0.45739421248435974,0.42505282163619995,0.3234138488769531,0.00018630179233263504
673,0.4756251573562622,0.441572368144989,0.34052783250808716,0.00018624505771098817
674,0.4894730746746063,0.4551509916782379,0.3432208299636841,0.00018618821451733724
675,0.46394801139831543,0.43104949593544006,0.3289852738380432,0.00018613126282324092
676,0.4937298595905304,0.4592069983482361,0.3452286422252655,0.0001860742027003944
677,0.4542788565158844,0.4225172996520996,0.31761568784713745,0.0001860170342206294
678,0.4589279294013977,0.42589879035949707,0.33029136061668396,0.0001859597574559141
679,0.466851145029068,0.43390265107154846,0.3294850289821625,0.00018590237247835293
680,0.48958951234817505,0.4556080400943756,0.3398146331310272,0.00018584487936018661
681,0.48379606008529663,0.44933292269706726,0.3446314036846161,0.00018578727817379195
682,0.45149853825569153,0.4193965792655945,0.3210194706916809,0.0001857295689916818
683,0.4745124578475952,0.4413365125656128,0.33175936341285706,0.00018567175188650498
684,0.4475022256374359,0.41566726565361023,0.31834957003593445,0.00018561382693104615
685,0.45755866169929504,0.42474159598350525,0.3281705677509308,0.00018555579419822583
686,0.4608181416988373,0.42802807688713074,0.327900767326355,0.0001854976537611001
687,0.44803136587142944,0.4160846173763275,0.31946754455566406,0.00018543940569286065
688,0.4618179500102997,0.4294961988925934,0.323217511177063,0.00018538105006683472
689,0.46275508403778076,0.4295301139354706,0.3322497606277466,0.00018532258695648496
690,0.46024802327156067,0.4276980757713318,0.3254995346069336,0.00018526401643540922
691,0.47414034605026245,0.43987685441970825,0.34263497591018677,0.0001852053385773407
692,0.4885769784450531,0.45365360379219055,0.3492336869239807,0.00018514655345614763
693,0.4612833261489868,0.4286189675331116,0.3266437351703644,0.00018508766114583332
694,0.4586777985095978,0.4266120493412018,0.3206575810909271,0.00018502866172053598
695,0.48165374994277954,0.4469453692436218,0.3470839262008667,0.00018496955525452874
696,0.44787243008613586,0.416399210691452,0.31473222374916077,0.0001849103418222194
697,0.46906593441963196,0.436383992433548,0.32681941986083984,0.00018485102149815038
698,0.46395495533943176,0.43110305070877075,0.3285190165042877,0.00018479159435699883
699,0.469101220369339,0.4356420040130615,0.33459219336509705,0.00018473206047357619
700,0.4967186748981476,0.4613755941390991,0.353430837392807,0.00018467241992282843
701,0.48584219813346863,0.45111319422721863,0.3472900390625,0.00018461267277983568
702,0.4556846022605896,0.4237218201160431,0.3196277618408203,0.0001845528191198123
703,0.4624801576137543,0.42969611287117004,0.32784056663513184,0.00018449285901810675
704,0.45991143584251404,0.4270254075527191,0.32886022329330444,0.00018443279255020152
705,0.48952919244766235,0.454918771982193,0.3461041748523712,0.0001843726197917129
706,0.4680384695529938,0.43448320031166077,0.3355526924133301,0.0001843123408183911
707,0.42804741859436035,0.39792177081108093,0.3012564182281494,0.00018425195570611998
708,0.4483080208301544,0.4163450598716736,0.3196295499801636,0.00018419146453091701
709,0.47902050614356995,0.44555363059043884,0.3346688449382782,0.0001841308673689332
710,0.4823685586452484,0.44840335845947266,0.3396521210670471,0.00018407016429645303
711,0.4628347158432007,0.43039068579673767,0.3244403302669525,0.0001840093553898942
712,0.4757222831249237,0.44237178564071655,0.3335050642490387,0.00018394844072580773
713,0.47247469425201416,0.43894439935684204,0.33530279994010925,0.00018388742038087777
714,0.4615321457386017,0.42906585335731506,0.324662983417511,0.00018382629443192144
715,0.4697532057762146,0.43654105067253113,0.33212146162986755,0.00018376506295588886
716,0.45040419697761536,0.418293297290802,0.3211091160774231,0.00018370372602986303
717,0.4723924398422241,0.4389258623123169,0.3346657454967499,0.00018364228373105964
718,0.4578748643398285,0.4255445599555969,0.32330307364463806,0.00018358073613682706
719,0.4781474769115448,0.4444994628429413,0.33648020029067993,0.0001835190833246461
720,0.4365195035934448,0.40571027994155884,0.3080921471118927,0.00018345732537213027
721,0.431425005197525,0.4011484682559967,0.30276545882225037,0.00018339546235702524
722,0.48971426486968994,0.4552895724773407,0.3442469835281372,0.00018333349435720894
723,0.45065954327583313,0.4187334477901459,0.31926092505455017,0.0001832714214506916
724,0.44314396381378174,0.41187918186187744,0.3126477897167206,0.0001832092437156154
725,0.48314884305000305,0.44889456033706665,0.34254270792007446,0.00018314696123025454
726,0.4828982949256897,0.44909393787384033,0.3380434215068817,0.00018308457407301503
727,0.4935539960861206,0.4588682949542999,0.34685710072517395,0.00018302208232243473
728,0.4472346603870392,0.41532087326049805,0.3191378116607666,0.00018295948605718314
729,0.46404358744621277,0.4313509464263916,0.32692646980285645,0.00018289678535606126
730,0.45134031772613525,0.4192361831665039,0.32104140520095825,0.00018283398029800166
731,0.4695618450641632,0.4361138939857483,0.3344794809818268,0.00018277107096206826
732,0.43831685185432434,0.40701425075531006,0.3130260407924652,0.00018270805742745617
733,0.4379030168056488,0.40739625692367554,0.3050675690174103,0.00018264493977349184
734,0.48277246952056885,0.4489114582538605,0.3386099636554718,0.0001825817180796326
735,0.47032707929611206,0.4373556673526764,0.32971420884132385,0.00018251839242546696
736,0.47299104928970337,0.43979141116142273,0.331996351480484,0.0001824549628907141
737,0.44929614663124084,0.41750553250312805,0.3179062008857727,0.00018239142955522406
738,0.46282514929771423,0.4292662441730499,0.3355889916419983,0.0001823277924989776
739,0.4602135419845581,0.42833197116851807,0.31881576776504517,0.000182264051802086
740,0.4758259057998657,0.442007839679718,0.338180810213089,0.00018220020754479102
741,0.4650840759277344,0.43192097544670105,0.3316308856010437,0.00018213625980746475
742,0.46626150608062744,0.4327326714992523,0.3352883458137512,0.00018207220867060966
743,0.43627941608428955,0.405682235956192,0.30597180128097534,0.00018200805421485824
744,0.47776877880096436,0.4441778063774109,0.3359098434448242,0.0001819437965209732
745,0.4330998659133911,0.40285342931747437,0.3024642765522003,0.0001818794356698471
746,0.4715888798236847,0.43877914547920227,0.32809731364250183,0.00018181497174250236
747,0.4759029150009155,0.44144347310066223,0.3445945084095001,0.0001817504048200912
748,0.49276307225227356,0.45777472853660583,0.3498833477497101,0.00018168573498389564
749,0.45772427320480347,0.4256245195865631,0.32099756598472595,0.00018162096231532694
750,0.46416446566581726,0.43101710081100464,0.3314736485481262,0.00018155608689592604
751,0.46088698506355286,0.4282935857772827,0.32593396306037903,0.0001814911088073632
752,0.43854647874832153,0.4077843725681305,0.30762097239494324,0.00018142602813143785
753,0.46549761295318604,0.43286067247390747,0.32636943459510803,0.00018136084495007872
754,0.46698126196861267,0.43329545855522156,0.3368579149246216,0.0001812955593453434
755,0.44138103723526,0.40986397862434387,0.3151705265045166,0.0001812301713994185
756,0.4439278841018677,0.41199275851249695,0.31935128569602966,0.00018116468119461953
757,0.43800047039985657,0.4069790244102478,0.31021440029144287,0.00018109908881339058
758,0.45869433879852295,0.42627376317977905,0.3242058753967285,0.00018103339433830454
759,0.4722650647163391,0.43895426392555237,0.3331080973148346,0.00018096759785206267
760,0.43943700194358826,0.4086899161338806,0.30747073888778687,0.00018090169943749476
761,0.4527492821216583,0.42099687457084656,0.3175239562988281,0.00018083569917755885
762,0.4928687810897827,0.45861929655075073,0.3424948453903198,0.00018076959715534124
763,0.482209175825119,0.4480202794075012,0.34188905358314514,0.00018070339345405625
764,0.4421103298664093,0.41061514616012573,0.3149517774581909,0.00018063708815704632
765,0.46375930309295654,0.43113189935684204,0.32627400755882263,0.00018057068134778173
766,0.45502549409866333,0.4227147102355957,0.32310789823532104,0.00018050417310986052
767,0.4641575217247009,0.43195250630378723,0.3220500349998474,0.00018043756352700846
768,0.4425918459892273,0.41114723682403564,0.31444603204727173,0.00018037085268307889
769,0.4582116901874542,0.42598283290863037,0.3222886323928833,0.0001803040406620526
770,0.4900892376899719,0.4551350176334381,0.3495420515537262,0.0001802371275480378
771,0.46748316287994385,0.4349716603755951,0.3251151144504547,0.0001801701134252699
772,0.4523555636405945,0.4207981824874878,0.3155737519264221,0.0001801029983781116
773,0.46704983711242676,0.4341723620891571,0.32877469062805176,0.00018003578249105244
774,0.44915664196014404,0.41741737723350525,0.3173927664756775,0.00017996846584870908
775,0.44281435012817383,0.41129040718078613,0.3152393400669098,0.00017990104853582493
776,0.4262462854385376,0.39661794900894165,0.2962833642959595,0.00017983353063727016
777,0.4929935932159424,0.4584084451198578,0.3458515405654907,0.00017976591223804161
778,0.4826628267765045,0.44795840978622437,0.3470442593097687,0.00017969819342326254
779,0.4889756739139557,0.4543038308620453,0.34671837091445923,0.00017963037427818268
780,0.4585484266281128,0.4263981878757477,0.3215022683143616,0.00017956245488817812
781,0.485830694437027,0.4510614275932312,0.34769266843795776,0.000179494435338751
782,0.5041482448577881,0.46842053532600403,0.3572773337364197,0.00017942631571552973
783,0.5150253176689148,0.4786849021911621,0.363404244184494,0.0001793580961042685
784,0.4931197166442871,0.458225816488266,0.3489391505718231,0.00017928977659084755
785,0.46293142437934875,0.4298849403858185,0.33046478033065796,0.00017922135726127275
786,0.4709016680717468,0.4374449849128723,0.3345666825771332,0.00017915283820167573
787,0.4685365855693817,0.43548062443733215,0.33055970072746277,0.00017908421949831366
788,0.4548710584640503,0.42265036702156067,0.32220694422721863,0.00017901550123756906
789,0.4757244288921356,0.441035658121109,0.3468876779079437,0.00017894668350594981
790,0.4694029688835144,0.43601828813552856,0.333846777677536,0.00017887776639008914
791,0.5034894347190857,0.4678676724433899,0.35621780157089233,0.00017880874997674515
792,0.46402230858802795,0.43156132102012634,0.3246099352836609,0.00017873963435280121
793,0.48876437544822693,0.4545193016529083,0.34245070815086365,0.00017867041960526535
794,0.4628736972808838,0.4302835762500763,0.3259011507034302,0.0001786011058212706
795,0.4849720299243927,0.4509907364845276,0.33981290459632874,0.00017853169308807448
796,0.4496924579143524,0.4185194969177246,0.31172969937324524,0.0001784621814930592
797,0.46896952390670776,0.43566569685935974,0.3330381214618683,0.00017839257112373132
798,0.45557621121406555,0.42306679487228394,0.3250941038131714,0.00017832286206772186
799,0.48344993591308594,0.4495157301425934,0.3393419086933136,0.00017825305441278598
800,0.45339319109916687,0.4217137396335602,0.3167945444583893,0.000178183148246803
801,0.45346078276634216,0.4216834306716919,0.31777358055114746,0.00017811314365777625
802,0.48306378722190857,0.4491899311542511,0.33873844146728516,0.000178043040733833
803,0.43747368454933167,0.4063820242881775,0.31091657280921936,0.0001779728395632242
804,0.4710780382156372,0.43846237659454346,0.32615670561790466,0.00017790254023432466
805,0.45886269211769104,0.4262346029281616,0.32628077268600464,0.00017783214283563262
806,0.4675086736679077,0.4343149662017822,0.3319370448589325,0.00017776164745576976
807,0.4533323347568512,0.4202561676502228,0.330761581659317,0.00017769105418348122
808,0.46715158224105835,0.4338033199310303,0.333482563495636,0.00017762036310763532
809,0.4842498302459717,0.45008039474487305,0.3416942358016968,0.00017754957431722346
810,0.44143566489219666,0.4103277623653412,0.3110790252685547,0.0001774786879013601
811,0.48356983065605164,0.4493861198425293,0.3418370485305786,0.0001774077039492826
812,0.4596368670463562,0.4271761178970337,0.32460761070251465,0.00017733662255035114
813,0.4633431136608124,0.43074166774749756,0.32601457834243774,0.0001772654437940484
814,0.4869671165943146,0.4526217579841614,0.3434535264968872,0.0001771941677699799
815,0.4756637215614319,0.44174104928970337,0.33922669291496277,0.00017712279456787332
816,0.4665311276912689,0.43409550189971924,0.3243562877178192,0.00017705132427757895
817,0.4850935935974121,0.4502807855606079,0.34812822937965393,0.00017697975698906904
818,0.4748733639717102,0.4408915042877197,0.3398187458515167,0.00017690809279243813
819,0.42225679755210876,0.39222005009651184,0.30036747455596924,0.00017683633177790272
820,0.4895177185535431,0.45426592230796814,0.3525179624557495,0.0001767644740358011
821,0.4628690481185913,0.43009883165359497,0.3277023136615753,0.0001766925196565935
822,0.5037087798118591,0.4682750105857849,0.3543376922607422,0.00017662046873086163
823,0.45772895216941833,0.42538660764694214,0.3234235644340515,0.00017654832134930882
824,0.4389015734195709,0.40725916624069214,0.3164241909980774,0.00017647607760275987
825,0.45978277921676636,0.42727765440940857,0.32505130767822266,0.00017640373758216077
826,0.4626941382884979,0.4301808774471283,0.3251325786113739,0.0001763313013785788
827,0.4474639594554901,0.4151794910430908,0.32284465432167053,0.00017625876908320236
828,0.4754335880279541,0.4416607618331909,0.33772820234298706,0.00017618614078734069
829,0.46247002482414246,0.4293515384197235,0.33118486404418945,0.00017611341658242395
830,0.462810218334198,0.42999306321144104,0.32817158102989197,0.0001760405965600031
831,0.4470955431461334,0.4149731397628784,0.3212239444255829,0.00017596768081174963
832,0.47110065817832947,0.43788421154022217,0.3321645259857178,0.00017589466942945556
833,0.45452815294265747,0.4228873550891876,0.31640803813934326,0.00017582156250503335
834,0.4875859320163727,0.45241203904151917,0.35173898935317993,0.00017574836013051562
835,0.4520204961299896,0.4199596345424652,0.320608526468277,0.0001756750623980553
836,0.44159695506095886,0.4099990427494049,0.31597909331321716,0.00017560166939992528
837,0.4741024076938629,0.4408377707004547,0.3326464593410492,0.00017552818122851838
838,0.4598170220851898,0.42672523856163025,0.33091774582862854,0.0001754545979763472
839,0.46314212679862976,0.43016278743743896,0.32979336380958557,0.00017538091973604418
840,0.4758778214454651,0.4416503608226776,0.3422747254371643,0.00017530714660036112
841,0.43011969327926636,0.39956897497177124,0.30550724267959595,0.00017523327866216944
842,0.49238699674606323,0.45788484811782837,0.34502163529396057,0.00017515931601445986
843,0.4713857173919678,0.4384802281856537,0.3290548622608185,0.00017508525875034237
844,0.4972957372665405,0.4625275135040283,0.34768232703208923,0.00017501110696304596
845,0.44306081533432007,0.4120105803012848,0.3105022609233856,0.00017493686074591873
846,0.4544830918312073,0.4222472012042999,0.32235875725746155,0.0001748625201924276
847,0.4951990246772766,0.46070829033851624,0.3449071943759918,0.00017478808539615824
848,0.43789342045783997,0.40743377804756165,0.3045963644981384,0.00017471355645081498
849,0.4678736627101898,0.43479713797569275,0.33076512813568115,0.00017463893345022067
850,0.4541165828704834,0.42193156480789185,0.32185032963752747,0.00017456421648831655
851,0.4357977509498596,0.4052433967590332,0.3055436611175537,0.00017448940565916222
852,0.4322621822357178,0.4019605815410614,0.30301612615585327,0.0001744145010569353
853,0.46135544776916504,0.42915457487106323,0.32200887799263,0.00017433950277593162
854,0.4698271155357361,0.43674102425575256,0.33086097240448,0.0001742644109105648
855,0.4579316973686218,0.42575332522392273,0.3217836022377014,0.00017418922555536637
856,0.45077091455459595,0.41834697127342224,0.32423949241638184,0.0001741139468049855
857,0.4603452682495117,0.4280155301094055,0.323297381401062,0.00017403857475418896
858,0.48005422949790955,0.445889413356781,0.3416481018066406,0.000173963109497861
859,0.489133358001709,0.45471087098121643,0.3442250192165375,0.0001738875511310031
860,0.4623490273952484,0.4298385977745056,0.3251041769981384,0.00017381189974873407
861,0.4596738815307617,0.42731773853302,0.32356148958206177,0.00017373615544628978
862,0.47564396262168884,0.44255226850509644,0.3309168219566345,0.00017366031831902304
863,0.4571898579597473,0.4247528314590454,0.3243701756000519,0.0001735843884624035
864,0.4597482979297638,0.42775946855545044,0.31988823413848877,0.00017350836597201767
865,0.4665625989437103,0.43361616134643555,0.3294644355773926,0.00017343225094356855
866,0.48790639638900757,0.4537962079048157,0.3411020338535309,0.0001733560434728757
867,0.4399435818195343,0.4089395999908447,0.3100399374961853,0.00017327974365587495
868,0.4726373255252838,0.4392072856426239,0.33430036902427673,0.00017320335158861855
869,0.45808878540992737,0.4261673390865326,0.31921446323394775,0.0001731268673672747
870,0.44141948223114014,0.41084790229797363,0.3057157099246979,0.00017305029108812776
871,0.4531870186328888,0.4211047291755676,0.3208228647708893,0.00017297362284757794
872,0.48219871520996094,0.44775909185409546,0.34439617395401,0.00017289686274214118
873,0.4614657163619995,0.4290832281112671,0.32382500171661377,0.00017282001086844906
874,0.46370184421539307,0.4309370815753937,0.3276476562023163,0.00017274306732324872
875,0.4676554203033447,0.43442606925964355,0.33229345083236694,0.0001726660322034027
876,0.43234312534332275,0.4022490978240967,0.3009404242038727,0.00017258890560588888
877,0.4949380159378052,0.46021950244903564,0.34718501567840576,0.00017251168762780013
878,0.4743354618549347,0.44049015641212463,0.33845293521881104,0.0001724343783663445
879,0.45137882232666016,0.41967204213142395,0.31706780195236206,0.00017235697791884494
880,0.4407917261123657,0.4092726707458496,0.3151904344558716,0.00017227948638273916
881,0.48257237672805786,0.44821271300315857,0.343596488237381,0.00017220190385557955
882,0.47938162088394165,0.44557106494903564,0.3381056487560272,0.00017212423043503301
883,0.4501854479312897,0.4183671772480011,0.3181827962398529,0.00017204646621888096
884,0.46356916427612305,0.43100982904434204,0.3255932331085205,0.00017196861130501905
885,0.44627171754837036,0.4149395525455475,0.3133215010166168,0.00017189066579145705
886,0.4697374999523163,0.43628162145614624,0.33455875515937805,0.0001718126297763189
887,0.4495823383331299,0.41802605986595154,0.31556281447410583,0.0001717345033578424
888,0.4710886776447296,0.4378471374511719,0.3324153423309326,0.00017165628663437922
889,0.4618671238422394,0.42950350046157837,0.32363611459732056,0.00017157797970439464
890,0.487020343542099,0.45262008905410767,0.3440026044845581,0.00017149958266646754
891,0.4592011272907257,0.4266437590122223,0.325573593378067,0.00017142109561929023
892,0.4670261740684509,0.43440791964530945,0.32618245482444763,0.00017134251866166827
893,0.467506468296051,0.434930682182312,0.325757771730423,0.00017126385189252053
894,0.4752866327762604,0.4417704939842224,0.3351612687110901,0.00017118509541087887
895,0.4504336714744568,0.41923725605010986,0.3119640350341797,0.00017110624931588806
896,0.4549788236618042,0.42284443974494934,0.32134389877319336,0.0001710273137068057
897,0.48394912481307983,0.4496813118457794,0.3426782786846161,0.00017094828868300215
898,0.4492968022823334,0.4178719222545624,0.3142488896846771,0.0001708691743439602
899,0.45633071660995483,0.42453473806381226,0.31795966625213623,0.00017078997078927521
900,0.4395982325077057,0.4092341661453247,0.30364057421684265,0.00017071067811865476
901,0.4408797323703766,0.4104437232017517,0.30436012148857117,0.00017063129643191864
902,0.47749418020248413,0.4430859386920929,0.34408241510391235,0.00017055182582899873
903,0.4365927577018738,0.4056864082813263,0.3090636432170868,0.00017047226640993883
904,0.4592529535293579,0.42722320556640625,0.320297509431839,0.0001703926182748945
905,0.4650518000125885,0.432107537984848,0.3294425904750824,0.00017031288152413306
906,0.45912763476371765,0.4263896346092224,0.3273800313472748,0.00017023305625803333
907,0.44981491565704346,0.41849884390830994,0.3131607472896576,0.0001701531425770856
908,0.4737299382686615,0.4400811791419983,0.3364875614643097,0.0001700731405818914
909,0.4418165683746338,0.4102575182914734,0.31559059023857117,0.00016999305037316352
910,0.47407397627830505,0.44069936871528625,0.33374595642089844,0.00016991287205172573
911,0.44998908042907715,0.4182005524635315,0.3178851306438446,0.0001698326057185128
912,0.47105759382247925,0.43782657384872437,0.33231014013290405,0.00016975225147457026
913,0.46124735474586487,0.42944636940956116,0.3180098831653595,0.00016967180942105423
914,0.4617325961589813,0.42940041422843933,0.3233218491077423,0.00016959127965923142
915,0.47340500354766846,0.43978697061538696,0.3361804783344269,0.0001695106622904791
916,0.4227772355079651,0.3932822644710541,0.2949496805667877,0.0001694299574162846
917,0.4717417061328888,0.4389232099056244,0.3281850814819336,0.0001693491651382455
918,0.45552003383636475,0.42310217022895813,0.3241785168647766,0.0001692682855580695
919,0.5046858191490173,0.4690741002559662,0.3561171293258667,0.00016918731877757406
920,0.4532737731933594,0.42129215598106384,0.3198162615299225,0.00016910626489868649
921,0.4726598858833313,0.4391768276691437,0.3348305821418762,0.00016902512402344373
922,0.44245219230651855,0.4111224412918091,0.31329765915870667,0.00016894389625399226
923,0.4710925817489624,0.43839067220687866,0.32701918482780457,0.0001688625816925879
924,0.4685486853122711,0.43569979071617126,0.32848894596099854,0.00016878118044159578
925,0.4701301157474518,0.4371051490306854,0.33024969696998596,0.00016869969260349018
926,0.44660085439682007,0.41549062728881836,0.3111022710800171,0.00016861811828085429
927,0.4703899323940277,0.43723174929618835,0.3315819501876831,0.00016853645757638024
928,0.47996264696121216,0.4464116096496582,0.33551037311553955,0.00016845471059286887
929,0.45632296800613403,0.4239668846130371,0.3235609829425812,0.00016837287743322975
930,0.4806884527206421,0.446383535861969,0.3430490791797638,0.00016829095820048072
931,0.4713658094406128,0.4376882016658783,0.33677607774734497,0.00016820895299774814
932,0.4864465296268463,0.4516605734825134,0.34785956144332886,0.00016812686192826663
933,0.472090482711792,0.4388067126274109,0.3328375816345215,0.00016804468509537874
934,0.47369450330734253,0.44044744968414307,0.33247053623199463,0.00016796242260253512
935,0.4526129364967346,0.4208880662918091,0.3172485828399658,0.0001678800745532942
936,0.46820715069770813,0.43514448404312134,0.33062654733657837,0.0001677976410513221
937,0.4699383080005646,0.4372890591621399,0.3264923691749573,0.00016771512220039255
938,0.4554513990879059,0.42315760254859924,0.322937935590744,0.00016763251810438678
939,0.4880827069282532,0.45329955220222473,0.3478313982486725,0.00016754982886729318
940,0.47645068168640137,0.4427419602870941,0.3370873034000397,0.00016746705459320745
941,0.45717471837997437,0.42476704716682434,0.3240768611431122,0.0001673841953863323
942,0.47240138053894043,0.4388236701488495,0.33577707409858704,0.00016730125135097735
943,0.43885618448257446,0.4085312783718109,0.3032491207122803,0.00016721822259155902
944,0.4756803810596466,0.44208601117134094,0.3359438180923462,0.0001671351092126004
945,0.4718574285507202,0.4385490119457245,0.3330842852592468,0.00016705191131873107
946,0.4499084949493408,0.41854584217071533,0.3136265277862549,0.0001669686290146871
947,0.4846634268760681,0.45051199197769165,0.3415142595767975,0.00016688526240531064
948,0.478679895401001,0.4448431432247162,0.33836761116981506,0.00016680181159555013
949,0.4601110816001892,0.4279990494251251,0.3211204707622528,0.00016671827669045998
950,0.463136225938797,0.43026864528656006,0.32867589592933655,0.0001666346577952004
951,0.44365042448043823,0.4124837815761566,0.3116665780544281,0.00016655095501503738
952,0.4229874610900879,0.3934718370437622,0.295156329870224,0.0001664671684553426
953,0.4594886600971222,0.4266151189804077,0.3287353515625,0.00016638329822159296
954,0.48068052530288696,0.44740942120552063,0.3327108919620514,0.00016629934441937097
955,0.4619351923465729,0.4296448230743408,0.32290375232696533,0.00016621530715436414
956,0.4745407998561859,0.4417828321456909,0.3275795876979828,0.00016613118653236518
957,0.47018876671791077,0.43691667914390564,0.3327208161354065,0.00016604698265927173
958,0.4831501543521881,0.4488350749015808,0.34315070509910583,0.0001659626956410861
959,0.4525093138217926,0.4207715690135956,0.3173774182796478,0.0001658783255839154
960,0.4423540532588959,0.41166913509368896,0.30684906244277954,0.00016579387259397127
961,0.46724963188171387,0.4345487356185913,0.32700908184051514,0.00016570933677756967
962,0.4682472348213196,0.4351809024810791,0.3306634724140167,0.00016562471824113092
963,0.44695496559143066,0.4157511293888092,0.31203821301460266,0.0001655400170911794
964,0.4658191204071045,0.4331640601158142,0.3265507221221924,0.00016545523343434356
965,0.4606669247150421,0.4279223680496216,0.3274455666542053,0.00016537036737735564
966,0.4568819999694824,0.42480307817459106,0.32078927755355835,0.00016528541902705162
967,0.4623757004737854,0.4302096962928772,0.32166019082069397,0.00016520038849037117
968,0.4653994143009186,0.43299198150634766,0.32407432794570923,0.00016511527587435737
969,0.4625101387500763,0.42987293004989624,0.3263721168041229,0.00016503008128615655
970,0.4374602735042572,0.4071733355522156,0.30286934971809387,0.00016494480483301836
971,0.49523594975471497,0.4606221914291382,0.346137672662735,0.00016485944662229546
972,0.462280809879303,0.4295472204685211,0.32733604311943054,0.00016477400676144334
973,0.4405019283294678,0.40919387340545654,0.3130805194377899,0.00016468848535802045
974,0.46436235308647156,0.4317632019519806,0.32599151134490967,0.00016460288251968775
975,0.4338242709636688,0.4032489061355591,0.3057537078857422,0.00016451719835420877
976,0.4569227695465088,0.4250502586364746,0.3187251687049866,0.00016443143296944945
977,0.45428064465522766,0.42267200350761414,0.3160865008831024,0.0001643455864733779
978,0.49241897463798523,0.4575549066066742,0.34864065051078796,0.0001642596589740644
979,0.47708913683891296,0.4432353377342224,0.3385380804538727,0.00016417365057968123
980,0.4644557237625122,0.43200114369392395,0.3245459198951721,0.0001640875613985024
981,0.4830261170864105,0.44928815960884094,0.3373795747756958,0.00016400139153890375
982,0.4603927731513977,0.4284103214740753,0.3198246359825134,0.00016391514110936255
983,0.4488283693790436,0.41796761751174927,0.3086075484752655,0.00016382881021845762
984,0.44517385959625244,0.41379374265670776,0.3138011693954468,0.000163742398974869
985,0.4389990568161011,0.40816730260849,0.30831751227378845,0.00016365590748737788
986,0.4599675238132477,0.42789116501808167,0.3207636773586273,0.00016356933586486648
987,0.4746961295604706,0.4411284923553467,0.33567625284194946,0.00016348268421631797
988,0.4496949315071106,0.4176442325115204,0.32050684094429016,0.0001633959526508162
989,0.4700376093387604,0.4370550513267517,0.3298256993293762,0.00016330914127754553
990,0.4586569666862488,0.4259980320930481,0.326589435338974,0.00016322225020579099
991,0.4931718111038208,0.45853960514068604,0.34632211923599243,0.00016313527954493778
992,0.504347026348114,0.46876761317253113,0.35579434037208557,0.00016304822940447139
993,0.4617433249950409,0.4298376441001892,0.31905683875083923,0.0001629610998939773
994,0.5010045766830444,0.4652636647224426,0.35740897059440613,0.00016287389112314092
995,0.46819251775741577,0.4347608983516693,0.3343162536621094,0.00016278660320174747
996,0.4585875868797302,0.4264427125453949,0.3214486539363861,0.0001626992362396818
997,0.47114863991737366,0.438075989484787,0.33072662353515625,0.00016261179034692826
998,0.4549197256565094,0.4228324592113495,0.32087278366088867,0.00016252426563357052
999,0.44804051518440247,0.4165959358215332,0.3144459128379822,0.00016243666220979157
1000,0.4805428981781006,0.44631803035736084,0.34224867820739746,0.00016234898018587337
1001,0.461162805557251,0.42878931760787964,0.32373496890068054,0.0001622612196721969
1002,0.45801684260368347,0.4259748160839081,0.32042035460472107,0.000162173380779242
1003,0.4154191017150879,0.38660505414009094,0.2881404757499695,0.00016208546361758707
1004,0.45996466279029846,0.42687198519706726,0.33092689514160156,0.00016199746829790906
1005,0.44088879227638245,0.4095207154750824,0.3136807680130005,0.00016190939493098344
1006,0.4588512182235718,0.4267314374446869,0.32119789719581604,0.00016182124362768368
1007,0.48166951537132263,0.44759634137153625,0.3407316207885742,0.00016173301449898166
1008,0.47651731967926025,0.4433642327785492,0.33153077960014343,0.00016164470765594698
1009,0.45777803659439087,0.4248729646205902,0.32905086874961853,0.00016155632320974728
1010,0.46241986751556396,0.4299347996711731,0.3248506188392639,0.00016146786127164771
1011,0.4652942717075348,0.43275344371795654,0.325408399105072,0.00016137932195301114
1012,0.4498828947544098,0.41840800642967224,0.31474876403808594,0.00016129070536529766
1013,0.4433269798755646,0.4123765826225281,0.309503972530365,0.00016120201162006482
1014,0.48497438430786133,0.4512874484062195,0.3368692100048065,0.0001611132408289672
1015,0.4507324695587158,0.41884586215019226,0.31886616349220276,0.00016102439310375637
1016,0.4694534242153168,0.4364801049232483,0.32973307371139526,0.00016093546855628084
1017,0.47055429220199585,0.4372786581516266,0.3327563405036926,0.00016084646729848568
1018,0.47952428460121155,0.44572174549102783,0.33802542090415955,0.00016075738944241268
1019,0.4826595187187195,0.44876307249069214,0.3389643728733063,0.00016066823510019998
1020,0.46928033232688904,0.4360944926738739,0.331858366727829,0.000160579004384082
1021,0.4668925702571869,0.4339430630207062,0.3294951319694519,0.00016048969740638933
1022,0.469414621591568,0.436484694480896,0.3292993903160095,0.00016040031427954853
1023,0.45689231157302856,0.4242822229862213,0.3261009156703949,0.00016031085511608213
1024,0.43437469005584717,0.4037259817123413,0.30648717284202576,0.00016022132002860824
1025,0.46541839838027954,0.43177494406700134,0.33643460273742676,0.00016013170912984058
1026,0.44347548484802246,0.4122709035873413,0.3120458126068115,0.00016004202253258842
1027,0.4595259428024292,0.4270628094673157,0.3246312737464905,0.00015995226034975617
1028,0.43800872564315796,0.40770429372787476,0.3030444383621216,0.00015986242269434354
1029,0.47213682532310486,0.4387561082839966,0.3338070809841156,0.00015977250967944508
1030,0.46153172850608826,0.42916664481163025,0.32365089654922485,0.00015968252141825037
1031,0.4727410078048706,0.43916603922843933,0.33574965596199036,0.00015959245802404365
1032,0.4683108329772949,0.4357905983924866,0.3252023160457611,0.00015950231961020373
1033,0.4492487907409668,0.4178088307380676,0.3143996596336365,0.00015941210629020388
1034,0.45809075236320496,0.4260687828063965,0.32021963596343994,0.00015932181817761163
1035,0.4843457341194153,0.4498208165168762,0.3452490270137787,0.00015923145538608875
1036,0.46406683325767517,0.4309416115283966,0.33125224709510803,0.0001591410180293909
1037,0.44360634684562683,0.41252613067626953,0.3108021318912506,0.00015905050622136777
1038,0.48909226059913635,0.45436203479766846,0.34730228781700134,0.0001589599200759626
1039,0.4675200581550598,0.43488913774490356,0.32630929350852966,0.00015886925970721235
1040,0.49119552969932556,0.4565355181694031,0.34660011529922485,0.00015877852522924732
1041,0.46942806243896484,0.4364404082298279,0.32987648248672485,0.00015868771675629114
1042,0.4496685564517975,0.41834211349487305,0.31326451897621155,0.00015859683440266068
1043,0.4828406274318695,0.4485114812850952,0.34329158067703247,0.00015850587828276564
1044,0.46891582012176514,0.4362875819206238,0.3262822926044464,0.0001584148485111087
1045,0.47238898277282715,0.4393845200538635,0.3300447463989258,0.00015832374520228525
1046,0.44987696409225464,0.41869574785232544,0.31181231141090393,0.00015823256847098324
1047,0.4608612358570099,0.4286346435546875,0.3222659230232239,0.00015814131843198308
1048,0.4768299460411072,0.44296181201934814,0.3386811912059784,0.00015804999520015734
1049,0.45221495628356934,0.4206288158893585,0.3158612549304962,0.00015795859889047091
1050,0.4592575132846832,0.4274387061595917,0.31818804144859314,0.0001578671296179806
1051,0.4541182518005371,0.422539621591568,0.3157861530780792,0.000157775587497835
1052,0.47490835189819336,0.4412823021411896,0.33626043796539307,0.00015768397264527448
1053,0.4584720730781555,0.42575007677078247,0.3272198438644409,0.00015759228517563099
1054,0.47929251194000244,0.44563648104667664,0.33656033873558044,0.00015750052520432787
1055,0.45198094844818115,0.41949519515037537,0.3248575031757355,0.0001574086928468797
1056,0.45416495203971863,0.42268410325050354,0.31480857729911804,0.00015731678821889224
1057,0.4630610942840576,0.4308803379535675,0.32180747389793396,0.0001572248114360622
1058,0.44720351696014404,0.41597843170166016,0.31225088238716125,0.00015713276261417706
1059,0.4599517583847046,0.42729493975639343,0.3265683352947235,0.00015704064186911518
1060,0.5005608201026917,0.46513599157333374,0.3542482554912567,0.0001569484493168452
1061,0.44162842631340027,0.4106248617172241,0.3100355565547943,0.0001568561850734264
1062,0.4673299193382263,0.434591144323349,0.32738760113716125,0.00015676384925500814
1063,0.47527384757995605,0.44143229722976685,0.3384154736995697,0.00015667144197783
1064,0.46658459305763245,0.43353158235549927,0.33053019642829895,0.00015657896335822147
1065,0.45768946409225464,0.4260992407798767,0.31590208411216736,0.00015648641351260177
1066,0.471648633480072,0.43863019347190857,0.3301842510700226,0.00015639379255747994
1067,0.45917394757270813,0.42732277512550354,0.3185117542743683,0.0001563011006094544
1068,0.4731103777885437,0.4398721754550934,0.3323819935321808,0.00015620833778521307
1069,0.4651274085044861,0.43254297971725464,0.32584431767463684,0.00015611550420153297
1070,0.45365169644355774,0.4214446544647217,0.32207053899765015,0.00015602259997528028
1071,0.45061060786247253,0.4193985164165497,0.3121209740638733,0.0001559296252234101
1072,0.436968594789505,0.40639162063598633,0.30576980113983154,0.00015583658006296624
1073,0.47350043058395386,0.4400228261947632,0.33477598428726196,0.0001557434646110813
1074,0.4520972967147827,0.42047184705734253,0.31625449657440186,0.00015565027898497617
1075,0.42367857694625854,0.39374014735221863,0.2993841767311096,0.00015555702330196023
1076,0.4572921395301819,0.425618976354599,0.31673169136047363,0.00015546369767943102
1077,0.45123401284217834,0.4195258915424347,0.3170813322067261,0.0001553703022348741
1078,0.4741816520690918,0.4406532943248749,0.335283488035202,0.0001552768370858629
1079,0.4643251895904541,0.4316554665565491,0.32669714093208313,0.00015518330235005868
1080,0.4514561593532562,0.41967472434043884,0.31781432032585144,0.00015508969814521025
1081,0.4505375027656555,0.4190126657485962,0.3152483403682709,0.0001549960245891539
1082,0.4526779055595398,0.4207801818847656,0.31897714734077454,0.0001549022817998132
1083,0.46124738454818726,0.42874354124069214,0.3250383734703064,0.00015480846989519885
1084,0.4603269100189209,0.42735421657562256,0.32972684502601624,0.0001547145889934086
1085,0.47931748628616333,0.4453788995742798,0.3393857777118683,0.0001546206392126271
1086,0.451913446187973,0.4203076660633087,0.31605786085128784,0.0001545266206711256
1087,0.4521440267562866,0.421014666557312,0.3112936019897461,0.00015443253348726202
1088,0.48855212330818176,0.4533788859844208,0.351732462644577,0.0001543383777794806
1089,0.4585379660129547,0.4262588322162628,0.32279127836227417,0.00015424415366631188
1090,0.4661502242088318,0.4335416555404663,0.32608556747436523,0.00015414986126637258
1091,0.483772873878479,0.4499801993370056,0.33792662620544434,0.00015405550069836528
1092,0.4477875530719757,0.4164511561393738,0.3133639097213745,0.00015396107208107845
1093,0.479383647441864,0.4453237056732178,0.34059932827949524,0.0001538665755333862
1094,0.4532853066921234,0.4214242696762085,0.31861039996147156,0.00015377201117424812
1095,0.45922231674194336,0.42700251936912537,0.32219812273979187,0.0001536773791227092
1096,0.4681967496871948,0.4352209270000458,0.32975831627845764,0.00015358267949789966
1097,0.4438104033470154,0.41300874948501587,0.30801668763160706,0.0001534879124190348
1098,0.485649973154068,0.4507825970649719,0.3486737906932831,0.00015339307800541475
1099,0.45282456278800964,0.42102065682411194,0.3180391490459442,0.00015329817637642454
1100,0.45576176047325134,0.42401570081710815,0.3174606263637543,0.00015320320765153367
1101,0.4715397357940674,0.4380781352519989,0.3346160054206848,0.0001531081719502962
1102,0.44089388847351074,0.41049930453300476,0.30394572019577026,0.00015301306939235053
1103,0.4740607440471649,0.4405445158481598,0.33516231179237366,0.00015291790009741907
1104,0.471495658159256,0.4385967552661896,0.3289891481399536,0.00015282266418530847
1105,0.4635842740535736,0.4311109483242035,0.3247331976890564,0.000152727361775909
1106,0.47282111644744873,0.4398421347141266,0.3297899067401886,0.00015263199298919488
1107,0.4899123013019562,0.4555746018886566,0.34337690472602844,0.00015253655794522368
1108,0.45647725462913513,0.42470088601112366,0.3177635669708252,0.0001524410567641366
1109,0.4699852764606476,0.43706974387168884,0.329155296087265,0.00015234548956615784
1110,0.4590059518814087,0.4269333779811859,0.32072582840919495,0.0001522498564715949
1111,0.4790845811367035,0.4456840753555298,0.3340049386024475,0.0001521541576008382
1112,0.4570559561252594,0.4250290095806122,0.32026949524879456,0.00015205839307436088
1113,0.4489971399307251,0.41728273034095764,0.3171440660953522,0.00015196256301271884
1114,0.44257616996765137,0.4118025004863739,0.30773666501045227,0.0001518666675365504
1115,0.4657289981842041,0.43352290987968445,0.3220610022544861,0.00015177070676657633
1116,0.46304991841316223,0.430746853351593,0.3230305314064026,0.00015167468082359945
1117,0.4439021050930023,0.412788063287735,0.31114035844802856,0.00015157858982850475
1118,0.4864978492259979,0.45237794518470764,0.3411991000175476,0.00015148243390225908
1119,0.4754505753517151,0.4417282044887543,0.3372235894203186,0.00015138621316591094
1120,0.4750489592552185,0.4415532946586609,0.33495664596557617,0.00015128992774059063
1121,0.4612642526626587,0.4289278984069824,0.32336369156837463,0.00015119357774750965
1122,0.4747611880302429,0.44099992513656616,0.3376125693321228,0.0001510971633079609
1123,0.4556560814380646,0.4242335557937622,0.31422534584999084,0.00015100068454331836
1124,0.4788135886192322,0.445514976978302,0.3329862356185913,0.00015090414157503714
1125,0.46171435713768005,0.42905962467193604,0.3265472650527954,0.00015080753452465296
1126,0.4484076499938965,0.41694602370262146,0.3146161437034607,0.00015071086351378231
1127,0.444576233625412,0.4136028587818146,0.30973386764526367,0.00015061412866412225
1128,0.49061819911003113,0.45582038164138794,0.3479781746864319,0.00015051733009745013
1129,0.4827970266342163,0.44843825697898865,0.3435875475406647,0.00015042046793562348
1130,0.43408477306365967,0.40335243940353394,0.3073234558105469,0.00015032354230058004
1131,0.43054482340812683,0.40082964301109314,0.2971518933773041,0.00015022655331433727
1132,0.47996747493743896,0.44637420773506165,0.3359326124191284,0.0001501295010989925
1133,0.4830029606819153,0.44911590218544006,0.33887073397636414,0.00015003238577672266
1134,0.49049192667007446,0.4554594159126282,0.3503250479698181,0.00014993520746978405
1135,0.4758279323577881,0.4425118565559387,0.3331608474254608,0.0001498379663005123
1136,0.44221365451812744,0.4111408293247223,0.31072837114334106,0.0001497406623913222
1137,0.47296077013015747,0.4400677978992462,0.3289295732975006,0.00014964329586470752
1138,0.46152499318122864,0.42892777919769287,0.3259720206260681,0.00014954586684324078
1139,0.44268712401390076,0.4118089973926544,0.3087812662124634,0.00014944837544957323
1140,0.4511832892894745,0.41938406229019165,0.31799226999282837,0.0001493508218064347
1141,0.4797373116016388,0.4461197257041931,0.3361758291721344,0.00014925320603663327
1142,0.42521390318870544,0.39561885595321655,0.2959505617618561,0.00014915552826305533
1143,0.4444817006587982,0.41356161236763,0.30920088291168213,0.0001490577886086652
1144,0.46764180064201355,0.4347488582134247,0.3289293646812439,0.00014895998719650526
1145,0.41154545545578003,0.38287627696990967,0.28669166564941406,0.00014886212414969553
1146,0.4570271670818329,0.4249979555606842,0.32029202580451965,0.0001487641995914336
1147,0.501105010509491,0.46603864431381226,0.3506634831428528,0.0001486662136449946
1148,0.4588136374950409,0.42682263255119324,0.3199099898338318,0.00014856816643373083
1149,0.44256362318992615,0.4117771089076996,0.3078652322292328,0.00014847005808107185
1150,0.49767985939979553,0.4628514349460602,0.3482843041419983,0.000148371888710524
1151,0.4933077096939087,0.45838239789009094,0.3492530584335327,0.0001482736584456706
1152,0.4643474817276001,0.4316410422325134,0.32706454396247864,0.00014817536741017152
1153,0.4700927138328552,0.4363228976726532,0.33769819140434265,0.00014807701572776323
1154,0.4593012034893036,0.4273088276386261,0.3199237585067749,0.00014797860352225853
1155,0.436242014169693,0.40512362122535706,0.3111839294433594,0.00014788013091754628
1156,0.46057069301605225,0.4275200068950653,0.33050695061683655,0.00014778159803759158
1157,0.4594883620738983,0.426901638507843,0.325867235660553,0.00014768300500643517
1158,0.4533059000968933,0.4211796820163727,0.3212621510028839,0.00014758435194819376
1159,0.46230804920196533,0.4297586977481842,0.3254935145378113,0.00014748563898705946
1160,0.473015159368515,0.43949899077415466,0.33516162633895874,0.00014738686624729986
1161,0.4390278458595276,0.4079563617706299,0.3107147216796875,0.00014728803385325782
1162,0.46299344301223755,0.4298907220363617,0.3310273587703705,0.0001471891419293512
1163,0.46943557262420654,0.4364972412586212,0.32938337326049805,0.00014709019060007286
1164,0.4693886637687683,0.4363659918308258,0.33022674918174744,0.00014699117998999054
1165,0.4730754494667053,0.43885064125061035,0.3422481119632721,0.00014689211022374645
1166,0.4358798563480377,0.4052313268184662,0.30648529529571533,0.00014679298142605734
1167,0.4669490158557892,0.4340904653072357,0.3285856246948242,0.0001466937937217143
1168,0.456737756729126,0.42469292879104614,0.3204483985900879,0.00014659454723558248
1169,0.44271907210350037,0.4116554260253906,0.3106365203857422,0.00014649524209260116
1170,0.45171570777893066,0.4199623763561249,0.31753334403038025,0.00014639587841778343
1171,0.4662315249443054,0.4337058961391449,0.3252562880516052,0.0001462964563362159
1172,0.450542151927948,0.4190008342266083,0.31541314721107483,0.00014619697597305898
1173,0.461531400680542,0.42908817529678345,0.3244321346282959,0.00014609743745354624
1174,0.47530102729797363,0.44237491488456726,0.32926109433174133,0.0001459978409029845
1175,0.4693653881549835,0.4363602101802826,0.33005183935165405,0.00014589818644675378
1176,0.464742511510849,0.43211326003074646,0.32629260420799255,0.00014579847421030678
1177,0.4611597955226898,0.4288558065891266,0.3230399489402771,0.00014569870431916903
1178,0.4700661301612854,0.43723079562187195,0.32835331559181213,0.0001455988768989387
1179,0.4565245807170868,0.4245118200778961,0.3201276957988739,0.00014549899207528632
1180,0.4575912654399872,0.42535877227783203,0.3223249614238739,0.00014539904997395468
1181,0.4602454602718353,0.4276497960090637,0.3259567618370056,0.00014529905072075872
1182,0.47037607431411743,0.4367294907569885,0.33646586537361145,0.00014519899444158526
1183,0.44430527091026306,0.4134049713611603,0.30900293588638306,0.00014509888126239297
1184,0.4478696286678314,0.4161812961101532,0.3168834447860718,0.00014499871130921213
1185,0.49535396695137024,0.4604661762714386,0.3488779067993164,0.00014489848470814447
1186,0.5021950602531433,0.46717673540115356,0.3501830995082855,0.00014479820158536306
1187,0.4414067268371582,0.4104629456996918,0.30943775177001953,0.00014469786206711214
1188,0.4862978160381317,0.4520290493965149,0.342687726020813,0.00014459746627970685
1189,0.44309118390083313,0.41237714886665344,0.3071402907371521,0.0001444970143495333
1190,0.49826642870903015,0.46342921257019043,0.3483722507953644,0.00014439650640304822
1191,0.4487139582633972,0.4170835018157959,0.31630459427833557,0.00014429594256677882
1192,0.4724103808403015,0.4397502541542053,0.32660117745399475,0.0001441953229673227
1193,0.4801742434501648,0.44692716002464294,0.33247098326683044,0.00014409464773134764
1194,0.4717114269733429,0.43847137689590454,0.3324005603790283,0.00014399391698559152
1195,0.48265591263771057,0.4483650028705597,0.3429090678691864,0.00014389313085686205
1196,0.45241037011146545,0.42068570852279663,0.3172466456890106,0.00014379228947203665
1197,0.4742676913738251,0.44076773524284363,0.334999680519104,0.0001436913929580623
1198,0.44646209478378296,0.41549786925315857,0.3096421957015991,0.00014359044144195547
1199,0.4904162883758545,0.45591872930526733,0.34497562050819397,0.00014348943505080173
1200,0.4563009738922119,0.42399436235427856,0.3230661451816559,0.00014338837391175582
1201,0.4645661413669586,0.43219926953315735,0.32366877794265747,0.00014328725815204144
1202,0.4846743941307068,0.4506113529205322,0.34063053131103516,0.00014318608789895088
1203,0.46842315793037415,0.435679167509079,0.32743993401527405,0.00014308486327984523
1204,0.4772751033306122,0.4438534080982208,0.3342169225215912,0.00014298358442215388
1205,0.4439593553543091,0.41278237104415894,0.3117697536945343,0.00014288225145337466
1206,0.4669986367225647,0.43476998805999756,0.32228654623031616,0.0001427808645010733
1207,0.4370689392089844,0.40620362758636475,0.30865323543548584,0.00014267942369288364
1208,0.4446033835411072,0.41338199377059937,0.3122138977050781,0.00014257792915650728
1209,0.4579874575138092,0.42601919174194336,0.31968262791633606,0.00014247638101971344
1210,0.4754944145679474,0.44187551736831665,0.3361888825893402,0.00014237477941033888
1211,0.46090519428253174,0.4289945363998413,0.31910672783851624,0.00014227312445628759
1212,0.452574759721756,0.4209614098072052,0.3161334693431854,0.00014217141628553078
1213,0.4535250663757324,0.4215770661830902,0.3194800019264221,0.00014206965502610655
1214,0.4697151184082031,0.43665051460266113,0.33064597845077515,0.00014196784080612002
1215,0.4684580862522125,0.43535566329956055,0.3310241997241974,0.0001418659737537428
1216,0.4639846682548523,0.4312511086463928,0.3273356556892395,0.00014176405399721312
1217,0.4926648736000061,0.4583820402622223,0.34282833337783813,0.00014166208166483548
1218,0.45130082964897156,0.41977253556251526,0.3152828812599182,0.00014156005688498063
1219,0.4632577896118164,0.4308377504348755,0.3242003917694092,0.00014145797978608527
1220,0.42748910188674927,0.3974079191684723,0.30081167817115784,0.00014135585049665207
1221,0.4513791501522064,0.41915884613990784,0.32220301032066345,0.00014125366914524934
1222,0.47540101408958435,0.4422672390937805,0.3313377797603607,0.00014115143586051088
1223,0.450101375579834,0.41895154118537903,0.3114983141422272,0.000141049150771136
1224,0.42205876111984253,0.39247027039527893,0.2958848476409912,0.00014094681400588906
1225,0.45221370458602905,0.4207744896411896,0.3143920600414276,0.00014084442569359964
1226,0.4473828077316284,0.4157485067844391,0.31634292006492615,0.00014074198596316205
1227,0.4931531548500061,0.4585176110267639,0.3463554382324219,0.0001406394949435355
1228,0.44361612200737,0.4124996066093445,0.3111651539802551,0.0001405369527637436
1229,0.4571623206138611,0.4254613220691681,0.31701013445854187,0.00014043435955287452
1230,0.47282546758651733,0.4399872422218323,0.3283821940422058,0.00014033171544008052
1231,0.49240973591804504,0.45787301659584045,0.3453672230243683,0.00014022902055457802
1232,0.44694024324417114,0.41548317670822144,0.314570814371109,0.00014012627502564743
1233,0.43404439091682434,0.40398821234703064,0.30056172609329224,0.00014002347898263274
1234,0.4510478079319,0.419609934091568,0.3143787384033203,0.0001399206325549417
1235,0.4800998270511627,0.4465318024158478,0.3356803357601166,0.00013981773587204535
1236,0.4454694092273712,0.4144802689552307,0.3098914921283722,0.00013971478906347806
1237,0.47829535603523254,0.4447324872016907,0.3356286883354187,0.00013961179225883735
1238,0.4681873023509979,0.4351773262023926,0.3300997316837311,0.00013950874558778362
1239,0.438745379447937,0.4077448844909668,0.31000491976737976,0.00013940564918004004
1240,0.4447939991950989,0.4136750102043152,0.31119003891944885,0.00013930250316539238
1241,0.46056675910949707,0.42837128043174744,0.3219546377658844,0.00013919930767368891
1242,0.4488038718700409,0.4174596667289734,0.3134419918060303,0.00013909606283484018
1243,0.4885312616825104,0.45423683524131775,0.3429441750049591,0.00013899276877881884
1244,0.4408661425113678,0.4093804657459259,0.3148566782474518,0.0001388894256356595
1245,0.45793724060058594,0.42561501264572144,0.32322221994400024,0.00013878603353545854
1246,0.4583612382411957,0.42636287212371826,0.3199837803840637,0.00013868259260837402
1247,0.44221749901771545,0.41133594512939453,0.30881550908088684,0.00013857910298462544
1248,0.4443352222442627,0.41305315494537354,0.31282076239585876,0.0001384755647944936
1249,0.48402518033981323,0.44961920380592346,0.34405991435050964,0.0001383719781683205
1250,0.46167927980422974,0.4285507798194885,0.3312850296497345,0.000138268343236509
1251,0.4310566782951355,0.40072891116142273,0.30327776074409485,0.00013816466012952285
1252,0.4975988268852234,0.4627329409122467,0.348658949136734,0.00013806092897788644
1253,0.4916980564594269,0.45701032876968384,0.3468773365020752,0.00013795714991218463
1254,0.4298986792564392,0.39986518025398254,0.3003350496292114,0.00013785332306306259
1255,0.4536665380001068,0.421405553817749,0.32260972261428833,0.00013774944856122568
1256,0.4612608253955841,0.4283280670642853,0.32932764291763306,0.0001376455265374392
1257,0.45411428809165955,0.4221123158931732,0.32001984119415283,0.00013754155712252832
1258,0.4738673269748688,0.44016483426094055,0.33702489733695984,0.00013743754044737781
1259,0.4472085237503052,0.4157333970069885,0.31475135684013367,0.000137333476642932
1260,0.4582884609699249,0.42619654536247253,0.3209191560745239,0.00013722936584019453
1261,0.4590834379196167,0.42719414830207825,0.3188930153846741,0.00013712520817022817
1262,0.492998868227005,0.45839935541152954,0.3459950387477875,0.00013702100376415473
1263,0.4699387550354004,0.437017560005188,0.32921186089515686,0.00013691675275315484
1264,0.4330277144908905,0.40274932980537415,0.3027839660644531,0.00013681245526846783
1265,0.4540134072303772,0.42156291007995605,0.3245050609111786,0.00013670811144139144
1266,0.465660959482193,0.43331193923950195,0.3234902322292328,0.00013660372140328187
1267,0.4933747947216034,0.45878639817237854,0.3458839952945709,0.00013649928528555342
1268,0.46860337257385254,0.43572744727134705,0.328759104013443,0.00013639480321967845
1269,0.4445871114730835,0.4135873019695282,0.3099982440471649,0.0001362902753371871
1270,0.4839193820953369,0.44960489869117737,0.3431449830532074,0.00013618570176966724
1271,0.46415162086486816,0.4320513904094696,0.3210022449493408,0.0001360810826487642
1272,0.47229623794555664,0.4394433796405792,0.3285285532474518,0.00013597641810618073
1273,0.4601893424987793,0.42805424332618713,0.3213510811328888,0.00013587170827367663
1274,0.45583000779151917,0.4239717721939087,0.31858229637145996,0.00013576695328306894
1275,0.4518665373325348,0.4196963906288147,0.3217015862464905,0.0001356621532662313
1276,0.4621272683143616,0.429691880941391,0.3243538737297058,0.0001355573083550942
1277,0.49497362971305847,0.46031805872917175,0.34655576944351196,0.00013545241868164457
1278,0.4644945561885834,0.43196672201156616,0.3252784013748169,0.00013534748437792573
1279,0.44069772958755493,0.4100164771080017,0.30681249499320984,0.00013524250557603713
1280,0.49581384658813477,0.46126434206962585,0.3454950153827667,0.0001351374824081343
1281,0.4617784917354584,0.42940470576286316,0.32373782992362976,0.00013503241500642855
1282,0.4556521773338318,0.4235605299472809,0.3209163248538971,0.00013492730350318696
1283,0.4308161735534668,0.40089935064315796,0.29916810989379883,0.00013482214803073209
1284,0.4886622428894043,0.453887015581131,0.3477521240711212,0.00013471694872144188
1285,0.47325074672698975,0.4406350255012512,0.3261571228504181,0.0001346117057077493
1286,0.4801410734653473,0.44626566767692566,0.3387540280818939,0.00013450641912214262
1287,0.4565257728099823,0.4247073531150818,0.3181841969490051,0.00013440108909716468
1288,0.4726067781448364,0.43965601921081543,0.3295075297355652,0.00013429571576541315
1289,0.43973520398139954,0.4093254506587982,0.3040975034236908,0.00013419029925954029
1290,0.4643392860889435,0.43179208040237427,0.3254721462726593,0.0001340848397122525
1291,0.47077828645706177,0.43803998827934265,0.3273829221725464,0.00013397933725631055
1292,0.4184302091598511,0.38925009965896606,0.2918010354042053,0.00013387379202452917
1293,0.4259167015552521,0.396075040102005,0.2984165549278259,0.00013376820414977685
1294,0.47969570755958557,0.4461941719055176,0.3350154161453247,0.0001336625737649759
1295,0.4378453195095062,0.4072546362876892,0.30590689182281494,0.00013355690100310213
1296,0.4500926733016968,0.41894617676734924,0.3114648163318634,0.00013345118599718457
1297,0.44789260625839233,0.4161856472492218,0.3170695900917053,0.00013334542888030553
1298,0.4709804058074951,0.43726715445518494,0.33713266253471375,0.00013323962978560033
1299,0.47343820333480835,0.4401276111602783,0.3331059217453003,0.0001331337888462571
1300,0.4518870413303375,0.4205727279186249,0.3131431043148041,0.00013302790619551674
1301,0.47753262519836426,0.444044291973114,0.3348832428455353,0.00013292198196667248
1302,0.4835137724876404,0.44924065470695496,0.342731237411499,0.00013281601629307007
1303,0.49754390120506287,0.4630267322063446,0.3451716899871826,0.00013271000930810737
1304,0.45541155338287354,0.42353981733322144,0.31871742010116577,0.0001326039611452342
1305,0.43900537490844727,0.40803325176239014,0.30972111225128174,0.00013249787193795226
1306,0.4598447382450104,0.4276387393474579,0.3220599591732025,0.00013239174181981495
1307,0.46848347783088684,0.43549564480781555,0.3298782408237457,0.00013228557092442712
1308,0.4651837646961212,0.4327666163444519,0.32417142391204834,0.00013217935938544497
1309,0.4345438480377197,0.4039549231529236,0.30588921904563904,0.00013207310733657585
1310,0.46408355236053467,0.43172115087509155,0.3236241638660431,0.00013196681491157818
1311,0.45986950397491455,0.4278337359428406,0.3203575313091278,0.00013186048224426107
1312,0.45479196310043335,0.42308545112609863,0.31706511974334717,0.00013175410946848445
1313,0.45631054043769836,0.42432013154029846,0.31990402936935425,0.00013164769671815862
1314,0.4783141016960144,0.44475555419921875,0.33558547496795654,0.0001315412441272443
1315,0.45766279101371765,0.4257284998893738,0.3193430006504059,0.00013143475182975222
1316,0.46394655108451843,0.4314315617084503,0.3251500129699707,0.00013132821995974326
1317,0.46834665536880493,0.43564823269844055,0.3269842863082886,0.00013122164865132807
1318,0.4899345934391022,0.4555954337120056,0.34339165687561035,0.00013111503803866684
1319,0.4610482454299927,0.4286649823188782,0.32383260130882263,0.0001310083882559694
1320,0.49844714999198914,0.4632698893547058,0.3517727255821228,0.00013090169943749476
1321,0.45469677448272705,0.4230574667453766,0.3163932263851166,0.00013079497171755112
1322,0.4854324758052826,0.45128142833709717,0.34151047468185425,0.00013068820523049572
1323,0.4523842930793762,0.4207141101360321,0.3167019784450531,0.00013058140011073448
1324,0.4489781856536865,0.4175189435482025,0.3145923912525177,0.00013047455649272207
1325,0.47026219964027405,0.4368497133255005,0.3341248035430908,0.00013036767451096148
1326,0.43901875615119934,0.4082334637641907,0.3078528046607971,0.00013026075430000417
1327,0.46329087018966675,0.43059301376342773,0.326978474855423,0.00013015379599444957
1328,0.47499650716781616,0.44165417551994324,0.3334232568740845,0.0001300467997289452
1329,0.44956544041633606,0.41821685433387756,0.31348589062690735,0.00012993976563818626
1330,0.4626361131668091,0.43008291721343994,0.3255319595336914,0.0001298326938569156
1331,0.44232839345932007,0.41120269894599915,0.311257004737854,0.00012972558451992362
1332,0.4641813337802887,0.4314217269420624,0.3275960385799408,0.00012961843776204777
1333,0.46112319827079773,0.4284384846687317,0.3268471956253052,0.00012951125371817281
1334,0.472106397151947,0.4393937885761261,0.327126145362854,0.0001294040325232304
1335,0.4706173241138458,0.43736106157302856,0.33256250619888306,0.0001292967743121989
1336,0.4670833945274353,0.43492189049720764,0.3216148912906647,0.00012918947922010336
1337,0.4438030421733856,0.4130282402038574,0.30774804949760437,0.00012908214738201513
1338,0.47185972332954407,0.4389600455760956,0.32899677753448486,0.00012897477893305195
1339,0.45918843150138855,0.42702093720436096,0.32167497277259827,0.00012886737400837758
1340,0.4889811873435974,0.45480653643608093,0.34174638986587524,0.00012875993274320173
1341,0.4562070965766907,0.4243856370449066,0.31821468472480774,0.00012865245527277986
1342,0.4510224759578705,0.41937416791915894,0.3164830505847931,0.00012854494173241294
1343,0.4481950104236603,0.4169178605079651,0.3127715289592743,0.0001284373922574474
1344,0.4429865777492523,0.411968857049942,0.31017714738845825,0.00012832980698327496
1345,0.4632631838321686,0.4308972656726837,0.3236592710018158,0.00012822218604533232
1346,0.43982836604118347,0.40911394357681274,0.3071441054344177,0.00012811452957910109
1347,0.4664074182510376,0.43393275141716003,0.32474663853645325,0.00012800683772010767
1348,0.40686044096946716,0.37840455770492554,0.28455886244773865,0.00012789911060392294
1349,0.45419514179229736,0.4222995638847351,0.3189559280872345,0.00012779134836616218
1350,0.5148376822471619,0.47842592000961304,0.3641177713871002,0.00012768355114248494
1351,0.4350573420524597,0.40494170784950256,0.30115625262260437,0.00012757571906859476
1352,0.46863067150115967,0.43613991141319275,0.3249075710773468,0.00012746785228023904
1353,0.4762181341648102,0.44253936409950256,0.33678776025772095,0.00012735995091320892
1354,0.46666738390922546,0.43415671586990356,0.325106680393219,0.00012725201510333905
1355,0.4335644543170929,0.40349823236465454,0.30066215991973877,0.00012714404498650743
1356,0.49306946992874146,0.45807045698165894,0.3499900996685028,0.0001270360406986353
1357,0.4884563982486725,0.45381253957748413,0.34643855690956116,0.00012692800237568686
1358,0.4401523172855377,0.40884578227996826,0.31306540966033936,0.00012681993015366917
1359,0.4587966203689575,0.42667731642723083,0.32119297981262207,0.000126711824168632
1360,0.48836836218833923,0.45408156514167786,0.34286800026893616,0.00012660368455666752
1361,0.45020443201065063,0.4189247786998749,0.3127965033054352,0.00012649551145391035
1362,0.4514743983745575,0.4194836914539337,0.31990697979927063,0.0001263873049965373
1363,0.45488241314888,0.4226359724998474,0.32246431708335876,0.000126279065320767
1364,0.47803235054016113,0.44475165009498596,0.33280715346336365,0.00012617079256286
1365,0.4931711256504059,0.45854267477989197,0.3462844789028168,0.00012606248685911853
1366,0.46622201800346375,0.43324342370033264,0.3297859728336334,0.00012595414834588626
1367,0.48278436064720154,0.4488738179206848,0.3391053080558777,0.00012584577715954814
1368,0.4786112904548645,0.4450516104698181,0.3355967700481415,0.00012573737343653024
1369,0.43729016184806824,0.4071730077266693,0.3011716306209564,0.00012562893731329967
1370,0.47593507170677185,0.4427722990512848,0.33162766695022583,0.00012552046892636427
1371,0.4586387276649475,0.4266398549079895,0.31998884677886963,0.00012541196841227246
1372,0.47504597902297974,0.4415588974952698,0.33487066626548767,0.00012530343590761318
1373,0.45296233892440796,0.42137211561203003,0.3159022629261017,0.00012519487154901562
1374,0.4596982002258301,0.42738965153694153,0.32308557629585266,0.0001250862754731491
1375,0.45575985312461853,0.42392367124557495,0.3183618187904358,0.0001249776478167227
1376,0.43509623408317566,0.40443864464759827,0.30657586455345154,0.0001248689887164855
1377,0.47425907850265503,0.4412636458873749,0.3299543559551239,0.000124760298309226
1378,0.4558568298816681,0.4237425923347473,0.3211422860622406,0.00012465157673177216
1379,0.4553159177303314,0.42371320724487305,0.31602710485458374,0.0001245428241209912
1380,0.46729761362075806,0.4340324103832245,0.33265194296836853,0.0001244340406137894
1381,0.4725712537765503,0.43961024284362793,0.32961001992225647,0.00012432522634711192
1382,0.4555453360080719,0.423197478055954,0.32347869873046875,0.0001242163814579426
1383,0.4513561725616455,0.4199172556400299,0.31438902020454407,0.00012410750608330388
1384,0.45084771513938904,0.41888532042503357,0.31962403655052185,0.0001239986003602566
1385,0.45038509368896484,0.41880902647972107,0.3157608211040497,0.0001238896644258998
1386,0.4744509160518646,0.4412904977798462,0.3316042125225067,0.00012378069841737044
1387,0.4673326909542084,0.43491995334625244,0.32412728667259216,0.00012367170247184355
1388,0.4520849883556366,0.4203009605407715,0.3178401589393616,0.0001235626767265316
1389,0.4447252154350281,0.4138695001602173,0.3085571527481079,0.0001234536213186848
1390,0.4382782578468323,0.4082629382610321,0.30015331506729126,0.00012334453638559057
1391,0.4456809163093567,0.414501816034317,0.31179115176200867,0.00012323542206457347
1392,0.4762084484100342,0.442745178937912,0.33463263511657715,0.00012312627849299523
1393,0.4267197549343109,0.3975302577018738,0.2918950021266937,0.00012301710580825423
1394,0.437773734331131,0.4067979156970978,0.30975815653800964,0.0001229079041477855
1395,0.43871647119522095,0.4080575108528137,0.3065894842147827,0.00012279867364906071
1396,0.46125584840774536,0.42912009358406067,0.3213576078414917,0.00012268941444958765
1397,0.43606582283973694,0.40573859214782715,0.3032722473144531,0.0001225801266869104
1398,0.44519147276878357,0.41322940587997437,0.3196207582950592,0.00012247081049860883
1399,0.47778379917144775,0.4443139135837555,0.334698885679245,0.00012236146602229874
1400,0.43369820713996887,0.4028802514076233,0.30817946791648865,0.00012225209339563145
1401,0.4583401679992676,0.4260033667087555,0.3233678638935089,0.0001221426927562938
1402,0.46915942430496216,0.43556562066078186,0.33593806624412537,0.00012203326424200778
1403,0.46058353781700134,0.4286124110221863,0.31971120834350586,0.00012192380799053058
1404,0.4697742462158203,0.4360470771789551,0.3372717797756195,0.00012181432413965428
1405,0.440290629863739,0.4096370339393616,0.3065359890460968,0.00012170481282720563
1406,0.433786541223526,0.40356341004371643,0.30223119258880615,0.00012159527419104607
1407,0.47870808839797974,0.44505414366722107,0.33653929829597473,0.00012148570836907133
1408,0.4417174160480499,0.41050758957862854,0.3120983839035034,0.00012137611549921146
1409,0.4223517179489136,0.3929051160812378,0.2944659888744354,0.00012126649571943047
1410,0.4498155415058136,0.41831696033477783,0.31498581171035767,0.00012115684916772629
1411,0.4547533690929413,0.4229586720466614,0.3179469108581543,0.00012104717598213056
1412,0.4793986976146698,0.44589027762413025,0.33508414030075073,0.00012093747630070844
1413,0.4149998724460602,0.38638606667518616,0.286138117313385,0.00012082775026155846
1414,0.46380847692489624,0.4317595064640045,0.320489764213562,0.00012071799800281231
1415,0.5010957717895508,0.4652056396007538,0.3589010238647461,0.00012060821966263465
1416,0.4769838750362396,0.44361624121665955,0.33367639780044556,0.00012049841537922307
1417,0.4949716329574585,0.4605708122253418,0.3440081477165222,0.00012038858529080768
1418,0.44621503353118896,0.4149918854236603,0.31223154067993164,0.00012027872953565125
1419,0.42735686898231506,0.3976217210292816,0.2973513603210449,0.00012016884825204875
1420,0.46928539872169495,0.43647852540016174,0.3280688226222992,0.00012005894157832729
1421,0.466204434633255,0.4334082007408142,0.3279624581336975,0.00011994900965284599
1422,0.476070374250412,0.4424002468585968,0.3367013931274414,0.00011983905261399566
1423,0.4806767404079437,0.4462261497974396,0.3445059061050415,0.00011972907060019887
1424,0.44310683012008667,0.41172805428504944,0.31378790736198425,0.00011961906374990952
1425,0.46562716364860535,0.4332781136035919,0.3234904110431671,0.00011950903220161285
1426,0.47344598174095154,0.4403582811355591,0.3308769166469574,0.00011939897609382511
1427,0.45933660864830017,0.42759549617767334,0.31741100549697876,0.0001192888955650935
1428,0.47220104932785034,0.4392785131931305,0.32922542095184326,0.000119178790753996
1429,0.47196269035339355,0.4391947090625763,0.32767972350120544,0.00011906866179914116
1430,0.43812844157218933,0.40732046961784363,0.30807968974113464,0.00011895850883916786
1431,0.44688883423805237,0.4154748022556305,0.3141404390335083,0.00011884833201274523
1432,0.46224910020828247,0.43016937375068665,0.3207971751689911,0.00011873813145857249
1433,0.501442551612854,0.4660959243774414,0.3534664809703827,0.00011862790731537865
1434,0.4620661437511444,0.4293506443500519,0.32715490460395813,0.00011851765972192244
1435,0.46164417266845703,0.429218053817749,0.32426127791404724,0.00011840738881699219
1436,0.46101558208465576,0.42871084809303284,0.323047399520874,0.00011829709473940547
1437,0.4731636047363281,0.440235435962677,0.32928183674812317,0.00011818677762800909
1438,0.47357678413391113,0.4405922591686249,0.3298451900482178,0.00011807643762167884
1439,0.4698426127433777,0.4372159242630005,0.32626694440841675,0.00011796607485931928
1440,0.4405010938644409,0.4102250933647156,0.30275991559028625,0.00011785568947986367
1441,0.4468815326690674,0.4155670404434204,0.3131450116634369,0.00011774528162227376
1442,0.4537133276462555,0.42198994755744934,0.3172338902950287,0.00011763485142553959
1443,0.45398980379104614,0.42205777764320374,0.3193201720714569,0.00011752439902867925
1444,0.43167245388031006,0.40175455808639526,0.2991788685321808,0.00011741392457073888
1445,0.4860847294330597,0.4514094293117523,0.3467530310153961,0.00011730342819079227
1446,0.4783875644207001,0.4448486566543579,0.33538907766342163,0.00011719291002794096
1447,0.4893447160720825,0.45461100339889526,0.3473372161388397,0.00011708237022131381
1448,0.46145498752593994,0.4288463890552521,0.32608604431152344,0.00011697180891006689
1449,0.46191996335983276,0.42965444922447205,0.3226551115512848,0.00011686122623338349
1450,0.45931291580200195,0.4265027344226837,0.32810190320014954,0.00011675062233047364
1451,0.47265753149986267,0.4398168921470642,0.32840633392333984,0.0001166399973405742
1452,0.45132601261138916,0.41992950439453125,0.31396493315696716,0.00011652935140294852
1453,0.4637226164340973,0.431411474943161,0.3231114447116852,0.0001164186846568863
1454,0.4577752947807312,0.4253026843070984,0.3247261941432953,0.00011630799724170353
1455,0.4664384424686432,0.4331226050853729,0.3331584930419922,0.00011619728929674209
1456,0.47869133949279785,0.44536930322647095,0.3332204520702362,0.00011608656096136984
1457,0.44718462228775024,0.4160119593143463,0.3117266297340393,0.0001159758123749802
1458,0.49374014139175415,0.4590549170970917,0.34685221314430237,0.00011586504367699217
1459,0.44843894243240356,0.4171689450740814,0.31269994378089905,0.00011575425500685002
1460,0.45260852575302124,0.42108437418937683,0.3152415454387665,0.0001156434465040231
1461,0.47942933440208435,0.44550737738609314,0.3392196595668793,0.00011553261830800586
1462,0.46391013264656067,0.4311874806880951,0.3272264003753662,0.00011542177055831745
1463,0.48453831672668457,0.4506203830242157,0.3391793370246887,0.00011531090339450165
1464,0.4451543092727661,0.4137271046638489,0.3142719864845276,0.00011520001695612674
1465,0.46800893545150757,0.4350977838039398,0.3291114270687103,0.00011508911138278515
1466,0.4501383304595947,0.41852042078971863,0.3161791265010834,0.00011497818681409351
1467,0.46090102195739746,0.42844340205192566,0.3245762884616852,0.00011486724338969232
1468,0.4526330232620239,0.4209252893924713,0.3170772194862366,0.00011475628124924577
1469,0.440782368183136,0.4088000953197479,0.31982263922691345,0.00011464530053244169
1470,0.45095914602279663,0.4194304049015045,0.3152875006198883,0.00011453430137899129
1471,0.45295166969299316,0.4215450584888458,0.31406599283218384,0.00011442328392862891
1472,0.44227221608161926,0.41118404269218445,0.31088170409202576,0.00011431224832111196
1473,0.45633652806282043,0.42426544427871704,0.3207107186317444,0.00011420119469622077
1474,0.4589495062828064,0.42646220326423645,0.3248729705810547,0.00011409012319375827
1475,0.4415636658668518,0.4105684161186218,0.30995237827301025,0.00011397903395354996
1476,0.4584744870662689,0.42624589800834656,0.3222859799861908,0.0001138679271154436
1477,0.4670007824897766,0.4345468580722809,0.32453927397727966,0.00011375680281930919
1478,0.4750291109085083,0.441962867975235,0.33066239953041077,0.00011364566120503864
1479,0.4898920953273773,0.45516830682754517,0.3472380042076111,0.0001135345024125456
1480,0.45389631390571594,0.4222928285598755,0.3160347640514374,0.00011342332658176555
1481,0.4589881896972656,0.4265696704387665,0.32418525218963623,0.00011331213385265524
1482,0.43625301122665405,0.40591204166412354,0.3034098148345947,0.00011320092436519276
1483,0.4561695456504822,0.4245772659778595,0.31592273712158203,0.00011308969825937725
1484,0.43323859572410583,0.40233805775642395,0.3090054988861084,0.00011297845567522886
1485,0.4344419240951538,0.4039417803287506,0.30500149726867676,0.00011286719675278838
1486,0.4892534911632538,0.45500606298446655,0.34247419238090515,0.00011275592163211726
1487,0.46460989117622375,0.4317106008529663,0.3289928734302521,0.00011264463045329728
1488,0.47213098406791687,0.4387784004211426,0.3335258960723877,0.00011253332335643043
1489,0.4674034118652344,0.43466007709503174,0.3274334967136383,0.00011242200048163882
1490,0.4468214809894562,0.415242999792099,0.3157847225666046,0.0001123106619690643
1491,0.46558141708374023,0.4330429434776306,0.32538488507270813,0.0001121993079588685
1492,0.45832210779190063,0.4262060523033142,0.32116052508354187,0.00011208793859123257
1493,0.4514754116535187,0.4195690453052521,0.3190637230873108,0.00011197655400635689
1494,0.4580261707305908,0.4258129596710205,0.3221322298049927,0.0001118651543444611
1495,0.4622114598751068,0.4294581413269043,0.3275332450866699,0.00011175373974578378
1496,0.4622802436351776,0.42942923307418823,0.328510046005249,0.00011164231035058228
1497,0.4114486575126648,0.38293251395225525,0.285161554813385,0.00011153086629913267
1498,0.45685040950775146,0.42524003982543945,0.31610384583473206,0.00011141940773172939
1499,0.5065234899520874,0.47126856446266174,0.3525489866733551,0.00011130793478868515
1500,0.45887213945388794,0.4265882670879364,0.32283881306648254,0.00011119644761033078
1501,0.4840051829814911,0.45033010840415955,0.33675068616867065,0.00011108494633701512
1502,0.437688946723938,0.4061247408390045,0.31564202904701233,0.00011097343110910452
1503,0.48486611247062683,0.4511517286300659,0.33714380860328674,0.0001108619020669832
1504,0.454548716545105,0.42280611395835876,0.3174261450767517,0.00011075035935105252
1505,0.438678115606308,0.4080292582511902,0.30648863315582275,0.00011063880310173113
1506,0.4866224229335785,0.4515729248523712,0.3504950702190399,0.00011052723345945483
1507,0.4801056981086731,0.44626957178115845,0.3383611738681793,0.00011041565056467614
1508,0.44954463839530945,0.41792014241218567,0.31624507904052734,0.00011030405455786425
1509,0.49142488837242126,0.45684608817100525,0.3457881212234497,0.000110192445579505
1510,0.5144771337509155,0.47844386100769043,0.3603328764438629,0.00011008082377010045
1511,0.47662511467933655,0.4425797760486603,0.3404533863067627,0.00010996918927016886
1512,0.4760711193084717,0.4429904818534851,0.3308064341545105,0.00010985754222024436
1513,0.4586648643016815,0.4260852634906769,0.3257960379123688,0.00010974588276087705
1514,0.4245287775993347,0.39516568183898926,0.2936309278011322,0.00010963421103263252
1515,0.46389585733413696,0.43142545223236084,0.32470420002937317,0.00010952252717609188
1516,0.4842694103717804,0.4504201412200928,0.338492751121521,0.00010941083133185146
1517,0.4828590750694275,0.44911515712738037,0.3374391794204712,0.00010929912364052268
1518,0.45914530754089355,0.42701268196105957,0.3213261663913727,0.00010918740424273191
1519,0.4644719362258911,0.4319886267185211,0.3248330354690552,0.00010907567327912025
1520,0.4797646403312683,0.4449516534805298,0.3481297791004181,0.00010896393089034336
1521,0.47982949018478394,0.4462960958480835,0.33533382415771484,0.00010885217721707124
1522,0.4885621666908264,0.4542853832244873,0.3427678942680359,0.00010874041239998816
1523,0.46453842520713806,0.43247684836387634,0.32061564922332764,0.00010862863657979237
1524,0.45290523767471313,0.4212889075279236,0.31616318225860596,0.00010851684989719594
1525,0.47476354241371155,0.44187164306640625,0.3289189636707306,0.00010840505249292476
1526,0.45093539357185364,0.41959264874458313,0.3134273588657379,0.00010829324450771806
1527,0.4836013615131378,0.4493289887905121,0.3427236080169678,0.00010818142608232849
1528,0.47819575667381287,0.44468963146209717,0.3350611627101898,0.00010806959735752174
1529,0.4199120104312897,0.39082497358322144,0.2908702790737152,0.00010795775847407659
1530,0.44738712906837463,0.41653528809547424,0.30851852893829346,0.0001078459095727845
1531,0.4808312654495239,0.44677361845970154,0.3405763804912567,0.00010773405079444963
1532,0.45238620042800903,0.4207842946052551,0.3160190284252167,0.00010762218227988851
1533,0.4485120177268982,0.41731536388397217,0.3119666278362274,0.00010751030416992996
1534,0.4706685245037079,0.4374166429042816,0.3325187861919403,0.00010739841660541487
1535,0.4651240408420563,0.4323500692844391,0.3277397155761719,0.00010728651972719603
1536,0.44403403997421265,0.4131968915462494,0.30837133526802063,0.00010717461367613793
1537,0.4718863070011139,0.4388818144798279,0.3300449550151825,0.00010706269859311669
1538,0.4832950234413147,0.44906046986579895,0.3423454463481903,0.00010695077461901968
1539,0.4509511888027191,0.4198547601699829,0.3109644055366516,0.00010683884189474558
1540,0.43939077854156494,0.408159464597702,0.31231316924095154,0.00010672690056120399
1541,0.448172003030777,0.4170532822608948,0.311187207698822,0.00010661495075931539
1542,0.4534112215042114,0.42187613248825073,0.3153509497642517,0.00010650299263001097
1543,0.4422384798526764,0.41114240884780884,0.31096068024635315,0.0001063910263142323
1544,0.4620211124420166,0.4298917055130005,0.3212939202785492,0.00010627905195293135
1545,0.4641221761703491,0.4316946864128113,0.3242749273777008,0.00010616706968707015
1546,0.4782092273235321,0.44477617740631104,0.3343304395675659,0.00010605507965762074
1547,0.47064635157585144,0.4377705752849579,0.3287578523159027,0.00010594308200556483
1548,0.47416043281555176,0.44087544083595276,0.33284991979599,0.00010583107687189388
1549,0.4575997292995453,0.4253700077533722,0.3222973048686981,0.00010571906439760866
1550,0.4841582477092743,0.44993695616722107,0.34221285581588745,0.00010560704472371919
1551,0.44772982597351074,0.4156407415866852,0.3208908438682556,0.0001054950179912446
1552,0.4827672243118286,0.44902047514915466,0.3374675512313843,0.00010538298434121283
1553,0.4639747142791748,0.43147480487823486,0.32499921321868896,0.00010527094391466061
1554,0.5009657144546509,0.4656584560871124,0.35307279229164124,0.00010515889685263316
1555,0.4327140748500824,0.402679443359375,0.3003461956977844,0.00010504684329618409
1556,0.4531290531158447,0.4216768145561218,0.3145223557949066,0.00010493478338637512
1557,0.5160355567932129,0.4800474941730499,0.35988080501556396,0.00010482271726427598
1558,0.46328726410865784,0.4305208623409271,0.32766395807266235,0.00010471064507096426
1559,0.4487295150756836,0.41785764694213867,0.308718740940094,0.00010459856694752521
1560,0.435355544090271,0.40545159578323364,0.2990396022796631,0.00010448648303505151
1561,0.4488644003868103,0.4175187945365906,0.3134562075138092,0.00010437439347464306
1562,0.48785173892974854,0.45382389426231384,0.3402785360813141,0.00010426229840740705
1563,0.44176509976387024,0.4104554057121277,0.31309688091278076,0.00010415019797445738
1564,0.4671801030635834,0.43434733152389526,0.32832780480384827,0.00010403809231691486
1565,0.4551549255847931,0.4232311546802521,0.3192375898361206,0.00010392598157590688
1566,0.4592811167240143,0.42702603340148926,0.3225509226322174,0.0001038138658925671
1567,0.4694842994213104,0.4363793432712555,0.33104968070983887,0.00010370174540803556
1568,0.4314039349555969,0.4014764428138733,0.2992747724056244,0.00010358962026345824
1569,0.45687854290008545,0.4247216284275055,0.32156917452812195,0.000103477490599987
1570,0.48488739132881165,0.45097076892852783,0.3391663134098053,0.00010336535655877942
1571,0.4595528841018677,0.42712801694869995,0.32424867153167725,0.00010325321828099854
1572,0.47981441020965576,0.44609683752059937,0.33717575669288635,0.00010314107590781284
1573,0.4974915683269501,0.46218758821487427,0.35303980112075806,0.00010302892958039583
1574,0.46816208958625793,0.43555694818496704,0.32605141401290894,0.00010291677943992608
1575,0.4485200047492981,0.4170033037662506,0.3151668906211853,0.0001028046256275869
1576,0.4768279492855072,0.44311824440956116,0.3370969295501709,0.00010269246828456629
1577,0.4906710684299469,0.4565633237361908,0.3410774767398834,0.00010258030755205665
1578,0.4496462643146515,0.4186367392539978,0.3100953698158264,0.00010246814357125463
1579,0.4811770021915436,0.4473353326320648,0.33841657638549805,0.00010235597648336104
1580,0.477358877658844,0.44355860352516174,0.33800289034843445,0.00010224380642958052
1581,0.45812925696372986,0.4260147511959076,0.32114511728286743,0.00010213163355112148
1582,0.44895878434181213,0.41783368587493896,0.3112509846687317,0.00010201945798919593
1583,0.4566081166267395,0.42435675859451294,0.32251352071762085,0.00010190727988501913
1584,0.5016467571258545,0.4664541184902191,0.35192617774009705,0.00010179509937980973
1585,0.43845561146736145,0.40790021419525146,0.3055539131164551,0.00010168291661478923
1586,0.4465556740760803,0.41447868943214417,0.3207699656486511,0.00010157073173118208
1587,0.4522712528705597,0.420154333114624,0.3211691677570343,0.00010145854487021532
1588,0.4670814871788025,0.43416285514831543,0.3291863799095154,0.00010134635617311853
1589,0.46126747131347656,0.42909345030784607,0.32174035906791687,0.00010123416578112365
1590,0.46236249804496765,0.43042081594467163,0.31941676139831543,0.0001011219738354646
1591,0.46396487951278687,0.4311525821685791,0.3281228542327881,0.00010100978047737741
1592,0.47981393337249756,0.4457630217075348,0.34050899744033813,0.00010089758584809979
1593,0.4628009498119354,0.4303816854953766,0.3241925835609436,0.00010078539008887114
1594,0.4740162491798401,0.44106942415237427,0.329468309879303,0.00010067319334093219
1595,0.44515788555145264,0.41405820846557617,0.3109966814517975,0.00010056099574552497
1596,0.43910038471221924,0.4082357585430145,0.30864641070365906,0.00010044879744389257
1597,0.45397377014160156,0.4225063621997833,0.3146740794181824,0.00010033659857727893
1598,0.4717996418476105,0.4383847713470459,0.3341488242149353,0.00010022439928692875
1599,0.4563128650188446,0.4239601790904999,0.32352685928344727,0.00010011219971408725
1600,0.46141359210014343,0.42922475934028625,0.3218882977962494,0.0001
1601,0.4532666802406311,0.4215327203273773,0.317339688539505,9.988780028591278e-05
1602,0.4405120313167572,0.4092506170272827,0.3126141130924225,9.977560071307129e-05
1603,0.4278721809387207,0.397908478975296,0.29963716864585876,9.96634014227211e-05
1604,0.45029979944229126,0.4186769127845764,0.3162287473678589,9.955120255610746e-05
1605,0.4747903048992157,0.4418390691280365,0.32951223850250244,9.943900425447505e-05
1606,0.4373709261417389,0.4062999188899994,0.31071019172668457,9.932680665906783e-05
1607,0.4389934539794922,0.4081234335899353,0.3087003231048584,9.921460991112891e-05
1608,0.4297458529472351,0.3998439610004425,0.29901885986328125,9.910241415190021e-05
1609,0.4574339985847473,0.4252367913722992,0.32197216153144836,9.89902195226226e-05
1610,0.4610094428062439,0.4293595850467682,0.31649860739707947,9.887802616453542e-05
1611,0.45186176896095276,0.4196588099002838,0.32202959060668945,9.87658342188764e-05
1612,0.4579560458660126,0.42614907026290894,0.3180696964263916,9.865364382688145e-05
1613,0.4513395130634308,0.41950955986976624,0.31829944252967834,9.85414551297847e-05
1614,0.46822893619537354,0.4349178671836853,0.3331107497215271,9.842926826881796e-05
1615,0.4790872633457184,0.4459972679615021,0.3308999836444855,9.831708338521078e-05
1616,0.4605323076248169,0.4283544421195984,0.32177862524986267,9.820490062019029e-05
1617,0.43817412853240967,0.40779849886894226,0.3037561774253845,9.809272011498085e-05
1618,0.4845019578933716,0.45040982961654663,0.34092119336128235,9.798054201080411e-05
1619,0.44854801893234253,0.41640669107437134,0.3214132487773895,9.786836644887856e-05
1620,0.44470494985580444,0.41343817114830017,0.31266775727272034,9.775619357041952e-05
1621,0.4531587064266205,0.4213566780090332,0.318020224571228,9.764402351663901e-05
1622,0.46757540106773376,0.43535059690475464,0.32224801182746887,9.753185642874537e-05
1623,0.45623713731765747,0.42330941557884216,0.32927727699279785,9.741969244794338e-05
1624,0.4674781262874603,0.4346086382865906,0.32869476079940796,9.730753171543374e-05
1625,0.46884894371032715,0.4359889030456543,0.32860037684440613,9.719537437241312e-05
1626,0.4722079336643219,0.4394223392009735,0.32785606384277344,9.708322056007397e-05
1627,0.46056434512138367,0.4282855689525604,0.32278770208358765,9.697107041960417e-05
1628,0.4427935481071472,0.4115953743457794,0.31198176741600037,9.685892409218717e-05
1629,0.4555965065956116,0.42403215169906616,0.31564345955848694,9.674678171900147e-05
1630,0.45404863357543945,0.4219958484172821,0.3205278515815735,9.663464344122064e-05
1631,0.47804561257362366,0.4446418583393097,0.33403757214546204,9.652250940001302e-05
1632,0.4727167785167694,0.439458966255188,0.33257803320884705,9.641037973654178e-05
1633,0.45101770758628845,0.4194679856300354,0.31549713015556335,9.629825459196446e-05
1634,0.49862608313560486,0.46298906207084656,0.3563702702522278,9.618613410743291e-05
1635,0.4647507965564728,0.43218034505844116,0.3257046341896057,9.607401842409317e-05
1636,0.45244428515434265,0.4208817780017853,0.31562507152557373,9.596190768308515e-05
1637,0.4471495747566223,0.415988028049469,0.31161531805992126,9.584980202554266e-05
1638,0.513242781162262,0.47705087065696716,0.36191925406455994,9.573770159259299e-05
1639,0.4632519483566284,0.4307464361190796,0.3250552713871002,9.562560652535695e-05
1640,0.4483601748943329,0.41629305481910706,0.32067108154296875,9.551351696494854e-05
1641,0.4183957576751709,0.389041006565094,0.29354748129844666,9.540143305247478e-05
1642,0.4750785529613495,0.4413869380950928,0.3369162082672119,9.528935492903575e-05
1643,0.4753192663192749,0.44231534004211426,0.3300394117832184,9.517728273572403e-05
1644,0.49972212314605713,0.4648853838443756,0.34836748242378235,9.506521661362493e-05
1645,0.48892319202423096,0.4552665650844574,0.33656638860702515,9.495315670381591e-05
1646,0.4407769441604614,0.4099196493625641,0.30857306718826294,9.484110314736682e-05
1647,0.4600101709365845,0.42749714851379395,0.32513025403022766,9.472905608533941e-05
1648,0.446123331785202,0.41544827818870544,0.30675047636032104,9.461701565878719e-05
1649,0.45841220021247864,0.42637303471565247,0.3203917443752289,9.450498200875546e-05
1650,0.4696963131427765,0.43676966428756714,0.32926642894744873,9.439295527628081e-05
1651,0.4454660415649414,0.41467562317848206,0.30790430307388306,9.428093560239135e-05
1652,0.4321576654911041,0.401935338973999,0.30222317576408386,9.416892312810614e-05
1653,0.43742433190345764,0.4067130386829376,0.30711281299591064,9.40569179944352e-05
1654,0.4433303773403168,0.41230058670043945,0.31029796600341797,9.394492034237931e-05
1655,0.47899967432022095,0.44550031423568726,0.334993451833725,9.383293031292985e-05
1656,0.46705618500709534,0.43471670150756836,0.3233947157859802,9.372094804706867e-05
1657,0.4686245322227478,0.43588218092918396,0.3274235427379608,9.360897368576772e-05
1658,0.42709052562713623,0.3971932530403137,0.29897260665893555,9.349700736998908e-05
1659,0.4694594442844391,0.43651440739631653,0.32945048809051514,9.338504924068462e-05
1660,0.4766654372215271,0.4424543082714081,0.3421113193035126,9.327309943879604e-05
1661,0.4532267153263092,0.4213438332080841,0.3188287615776062,9.316115810525446e-05
1662,0.49099740386009216,0.4566041827201843,0.34393221139907837,9.304922538098035e-05
1663,0.42236319184303284,0.39279091358184814,0.2957226634025574,9.293730140688336e-05
1664,0.4708082675933838,0.43769505620002747,0.3311322331428528,9.282538632386207e-05
1665,0.485615611076355,0.4516793191432953,0.3393629491329193,9.2713480272804e-05
1666,0.4766812324523926,0.443259060382843,0.33422183990478516,9.260158339458514e-05
1667,0.47724294662475586,0.44418659806251526,0.33056333661079407,9.248969583007005e-05
1668,0.4569113552570343,0.42476359009742737,0.32147765159606934,9.237781772011153e-05
1669,0.46036002039909363,0.4276358485221863,0.32724183797836304,9.226594920555037e-05
1670,0.47630733251571655,0.44258415699005127,0.3372316360473633,9.215409042721552e-05
1671,0.47971710562705994,0.4462187588214874,0.33498358726501465,9.204224152592343e-05
1672,0.4392903745174408,0.40848323702812195,0.30807140469551086,9.193040264247829e-05
1673,0.43509891629219055,0.4047655761241913,0.30333346128463745,9.181857391767157e-05
1674,0.4719296097755432,0.43897318840026855,0.32956409454345703,9.170675549228194e-05
1675,0.4652499258518219,0.43301212787628174,0.32237786054611206,9.159494750707526e-05
1676,0.4602864980697632,0.4280651807785034,0.32221320271492004,9.148315010280408e-05
1677,0.4332781136035919,0.40307626128196716,0.3020184636116028,9.137136342020768e-05
1678,0.4364584982395172,0.40615513920783997,0.3030336797237396,9.125958760001189e-05
1679,0.4947809875011444,0.4598345458507538,0.3494642972946167,9.114782278292876e-05
1680,0.48246270418167114,0.4490875005722046,0.33375194668769836,9.103606910965666e-05
1681,0.4778030812740326,0.44463884830474854,0.3316423296928406,9.092432672087977e-05
1682,0.5001003742218018,0.4648386538028717,0.3526170551776886,9.08125957572681e-05
1683,0.47880086302757263,0.4451809525489807,0.33619916439056396,9.070087635947733e-05
1684,0.4568967819213867,0.4247541129589081,0.3214265704154968,9.058916866814858e-05
1685,0.47596848011016846,0.4427814185619354,0.3318706154823303,9.047747282390815e-05
1686,0.46945297718048096,0.43664315342903137,0.3280980885028839,9.036578896736752e-05
1687,0.44727304577827454,0.4159925580024719,0.3128049075603485,9.025411723912298e-05
1688,0.4827710688114166,0.4491835832595825,0.3358748257160187,9.014245777975565e-05
1689,0.44488176703453064,0.4143298268318176,0.3055194318294525,9.003081072983117e-05
1690,0.4584085941314697,0.42604687809944153,0.32361704111099243,8.991917622989956e-05
1691,0.48312461376190186,0.44869184494018555,0.3443276584148407,8.980755442049502e-05
1692,0.44927358627319336,0.41782036423683167,0.314532071352005,8.969594544213578e-05
1693,0.4627034664154053,0.43002820014953613,0.3267527222633362,8.95843494353239e-05
1694,0.4555901288986206,0.42427459359169006,0.3131554424762726,8.947276654054518e-05
1695,0.482090562582016,0.4483985900878906,0.33691972494125366,8.936119689826888e-05
1696,0.43984687328338623,0.409394770860672,0.3045211136341095,8.924964064894753e-05
1697,0.4740840196609497,0.4410727322101593,0.33011293411254883,8.913809793301681e-05
1698,0.42716020345687866,0.3972090780735016,0.29951122403144836,8.902656889089548e-05
1699,0.4466123580932617,0.41520729660987854,0.31405067443847656,8.891505366298492e-05
1700,0.4563197195529938,0.42444518208503723,0.31874534487724304,8.880355238966923e-05
1701,0.45672279596328735,0.4252575635910034,0.3146524429321289,8.869206521131489e-05
1702,0.47813427448272705,0.4450119435787201,0.33122336864471436,8.858059226827062e-05
1703,0.46535226702690125,0.4327773153781891,0.32574939727783203,8.846913370086734e-05
1704,0.47860732674598694,0.4451744556427002,0.3343287408351898,8.835768964941773e-05
1705,0.48262763023376465,0.449089378118515,0.3353825509548187,8.824626025421626e-05
1706,0.4413220286369324,0.4105511009693146,0.30770936608314514,8.813484565553893e-05
1707,0.49684450030326843,0.4620732069015503,0.3477128744125366,8.802344599364312e-05
1708,0.47682055830955505,0.4432964026927948,0.335241436958313,8.791206140876746e-05
1709,0.4516551196575165,0.4202975034713745,0.3135761022567749,8.780069204113153e-05
1710,0.46003258228302,0.4275852143764496,0.32447361946105957,8.768933803093573e-05
1711,0.4596277177333832,0.42742180824279785,0.32205915451049805,8.757799951836123e-05
1712,0.4572641849517822,0.42537954449653625,0.3188464641571045,8.746667664356956e-05
1713,0.45718276500701904,0.4250745475292206,0.3210820257663727,8.735536954670275e-05
1714,0.44541361927986145,0.41398847103118896,0.3142513632774353,8.724407836788276e-05
1715,0.44476908445358276,0.4135739505290985,0.3119511902332306,8.713280324721163e-05
1716,0.44720637798309326,0.4158353805541992,0.31370997428894043,8.702154432477115e-05
1717,0.4447338283061981,0.4134102761745453,0.31323549151420593,8.691030174062273e-05
1718,0.4378650188446045,0.4073167145252228,0.30548298358917236,8.679907563480726e-05
1719,0.4644044041633606,0.43152177333831787,0.3288261592388153,8.668786614734478e-05
1720,0.47199779748916626,0.4388900101184845,0.3310779929161072,8.657667341823448e-05
1721,0.4466264247894287,0.415681391954422,0.30945032835006714,8.64654975874544e-05
1722,0.4668794572353363,0.4341587424278259,0.3272072672843933,8.63543387949614e-05
1723,0.4858182668685913,0.45183199644088745,0.3398627042770386,8.624319718069084e-05
1724,0.4669472575187683,0.43419548869132996,0.32751765847206116,8.613207288455643e-05
1725,0.4476577341556549,0.4162236452102661,0.3143409490585327,8.602096604645009e-05
1726,0.44427376985549927,0.41247445344924927,0.3179931640625,8.590987680624174e-05
1727,0.44734543561935425,0.415796160697937,0.31549271941185,8.579880530377926e-05
1728,0.4482877850532532,0.4166436791419983,0.31644120812416077,8.568775167888806e-05
1729,0.4374431371688843,0.40652862191200256,0.3091451823711395,8.557671607137114e-05
1730,0.49226248264312744,0.4576335847377777,0.34628888964653015,8.546569862100876e-05
1731,0.4746132493019104,0.44113874435424805,0.33474501967430115,8.53546994675583e-05
1732,0.4800261855125427,0.44661518931388855,0.3341098725795746,8.524371875075425e-05
1733,0.4477674961090088,0.41628047823905945,0.31487008929252625,8.51327566103077e-05
1734,0.4503077566623688,0.41872379183769226,0.3158397674560547,8.502181318590652e-05
1735,0.47904449701309204,0.4452383816242218,0.33806112408638,8.491088861721486e-05
1736,0.44093331694602966,0.4100726246833801,0.30860698223114014,8.479998304387329e-05
1737,0.43231821060180664,0.40168601274490356,0.30632197856903076,8.468909660549837e-05
1738,0.475627064704895,0.44225117564201355,0.3337588906288147,8.457822944168257e-05
1739,0.45528560876846313,0.4235198497772217,0.31765758991241455,8.446738169199418e-05
1740,0.46437638998031616,0.4323700964450836,0.3200629651546478,8.435655349597689e-05
1741,0.46741876006126404,0.43503668904304504,0.3238207995891571,8.424574499315e-05
1742,0.4472300708293915,0.41595789790153503,0.3127216696739197,8.413495632300784e-05
1743,0.45569851994514465,0.42380207777023315,0.31896454095840454,8.402418762501982e-05
1744,0.4507180452346802,0.419156014919281,0.3156203329563141,8.391343903863018e-05
1745,0.4593234658241272,0.4269316792488098,0.32391777634620667,8.380271070325789e-05
1746,0.43939709663391113,0.4089260697364807,0.3047102987766266,8.369200275829649e-05
1747,0.4554649889469147,0.4236442744731903,0.3182070553302765,8.358131534311372e-05
1748,0.4464375078678131,0.4153326451778412,0.3110485076904297,8.347064859705153e-05
1749,0.4442714750766754,0.4135288596153259,0.3074262738227844,8.336000265942581e-05
1750,0.4633753299713135,0.430446058511734,0.3292927145957947,8.324937766952638e-05
1751,0.4097425043582916,0.38107091188430786,0.2867158353328705,8.313877376661652e-05
1752,0.4653795659542084,0.43260249495506287,0.32777076959609985,8.302819108993312e-05
1753,0.4678492248058319,0.43534931540489197,0.3249990940093994,8.291762977868625e-05
1754,0.45898017287254333,0.4269239604473114,0.3205620348453522,8.280708997205904e-05
1755,0.4897385239601135,0.45542633533477783,0.3431217670440674,8.269657180920774e-05
1756,0.4673897325992584,0.4349878132343292,0.32401925325393677,8.258607542926114e-05
1757,0.4516696035861969,0.4196414649486542,0.32028132677078247,8.247560097132076e-05
1758,0.4599624574184418,0.4275415241718292,0.32420921325683594,8.236514857446045e-05
1759,0.4210754632949829,0.39148837327957153,0.2958707809448242,8.225471837772623e-05
1760,0.4807770848274231,0.4471348822116852,0.33642205595970154,8.214431052013634e-05
1761,0.47754666209220886,0.4441801607608795,0.33366504311561584,8.203392514068074e-05
1762,0.446700781583786,0.4152408540248871,0.31459924578666687,8.19235623783212e-05
1763,0.47741788625717163,0.4440196454524994,0.3339824676513672,8.181322237199094e-05
1764,0.4443468153476715,0.41315242648124695,0.31194376945495605,8.170290526059452e-05
1765,0.4290052354335785,0.39875224232673645,0.30252987146377563,8.159261118300782e-05
1766,0.4339045286178589,0.40375885367393494,0.30145686864852905,8.14823402780776e-05
1767,0.4783821702003479,0.4450986385345459,0.33283522725105286,8.13720926846214e-05
1768,0.4390330910682678,0.4088518023490906,0.3018130362033844,8.126186854142752e-05
1769,0.4614950120449066,0.42928287386894226,0.32212141156196594,8.115166798725478e-05
1770,0.4510037899017334,0.419564813375473,0.3143896162509918,8.104149116083216e-05
1771,0.4780419170856476,0.44453203678131104,0.33509892225265503,8.093133820085888e-05
1772,0.4267541170120239,0.3968038558959961,0.2995026111602783,8.0821209246004e-05
1773,0.46076640486717224,0.4289068579673767,0.3185955882072449,8.071110443490652e-05
1774,0.4489074647426605,0.4178221821784973,0.31085285544395447,8.060102390617493e-05
1775,0.46993839740753174,0.43668332695961,0.3325505554676056,8.049096779838719e-05
1776,0.48858654499053955,0.45466509461402893,0.33921435475349426,8.038093625009052e-05
1777,0.45364096760749817,0.42183345556259155,0.3180750608444214,8.027092939980115e-05
1778,0.46466508507728577,0.43214181065559387,0.3252328336238861,8.016094738600435e-05
1779,0.4644927382469177,0.43139469623565674,0.33098042011260986,8.005099034715404e-05
1780,0.46030083298683167,0.42809852957725525,0.3220229744911194,7.994105842167273e-05
1781,0.47008317708969116,0.437125027179718,0.3295813500881195,7.983115174795128e-05
1782,0.4975586533546448,0.46313947439193726,0.3441917896270752,7.972127046434878e-05
1783,0.4648202359676361,0.4324915409088135,0.32328683137893677,7.961141470919233e-05
1784,0.45802345871925354,0.4260294437408447,0.3199400305747986,7.950158462077697e-05
1785,0.46405911445617676,0.4318253695964813,0.32233747839927673,7.939178033736538e-05
1786,0.46122437715530396,0.42912641167640686,0.3209797441959381,7.928200199718774e-05
1787,0.44430503249168396,0.41326141357421875,0.3104362487792969,7.917224973844152e-05
1788,0.44561782479286194,0.41487932205200195,0.307385116815567,7.906252369929154e-05
1789,0.4389166235923767,0.4083230197429657,0.3059360682964325,7.895282401786945e-05
1790,0.4751920700073242,0.44155770540237427,0.33634379506111145,7.884315083227373e-05
1791,0.4421757757663727,0.4115734398365021,0.3060234487056732,7.873350428056957e-05
1792,0.4502573013305664,0.4183589816093445,0.3189831078052521,7.862388450078855e-05
1793,0.4535961151123047,0.4219718873500824,0.31624236702919006,7.851429163092868e-05
1794,0.4712466597557068,0.4384281039237976,0.32818570733070374,7.840472580895396e-05
1795,0.4499188959598541,0.4188513159751892,0.3106759190559387,7.829518717279438e-05
1796,0.4510609209537506,0.4195137917995453,0.31547126173973083,7.818567586034577e-05
1797,0.46131154894828796,0.429281085729599,0.3203045427799225,7.807619200946942e-05
1798,0.4897083640098572,0.45566484332084656,0.34043505787849426,7.796673575799224e-05
1799,0.4822719395160675,0.44811540842056274,0.3415653705596924,7.785730724370625e-05
1800,0.4397962689399719,0.4090059995651245,0.30790266394615173,7.774790660436858e-05
1801,0.4773563742637634,0.4436998665332794,0.33656519651412964,7.763853397770131e-05
1802,0.46690911054611206,0.43438079953193665,0.3252832591533661,7.752918950139119e-05
1803,0.4549328088760376,0.4231000244617462,0.31832778453826904,7.741987331308964e-05
1804,0.47172167897224426,0.43833768367767334,0.33383992314338684,7.731058555041237e-05
1805,0.46591731905937195,0.43353667855262756,0.3238062858581543,7.720132635093934e-05
1806,0.46027514338493347,0.42776918411254883,0.3250596821308136,7.709209585221451e-05
1807,0.41824424266815186,0.38950085639953613,0.28743380308151245,7.69828941917458e-05
1808,0.46267783641815186,0.4302181601524353,0.3245968520641327,7.68737215070048e-05
1809,0.47394412755966187,0.44032588601112366,0.33618247509002686,7.676457793542654e-05
1810,0.47592464089393616,0.44281694293022156,0.33107709884643555,7.66554636144095e-05
1811,0.45040619373321533,0.4190382957458496,0.3136789798736572,7.654637868131521e-05
1812,0.47679486870765686,0.4431507885456085,0.3364407420158386,7.643732327346842e-05
1813,0.44412553310394287,0.4132876992225647,0.3083784282207489,7.63282975281565e-05
1814,0.4720207452774048,0.4385814368724823,0.33439314365386963,7.621930158262958e-05
1815,0.49639761447906494,0.46169424057006836,0.3470335900783539,7.611033557410026e-05
1816,0.4883761703968048,0.4541630148887634,0.3421315848827362,7.600139963974341e-05
1817,0.4667195677757263,0.4335431158542633,0.33176466822624207,7.589249391669616e-05
1818,0.46618595719337463,0.4338398575782776,0.32346111536026,7.578361854205743e-05
1819,0.4436314105987549,0.41262978315353394,0.31001630425453186,7.567477365288813e-05
1820,0.47948572039604187,0.44522881507873535,0.342568963766098,7.556595938621058e-05
1821,0.44818031787872314,0.41675204038619995,0.31428268551826477,7.545717587900879e-05
1822,0.49308356642723083,0.45869964361190796,0.3438391089439392,7.534842326822785e-05
1823,0.4457913637161255,0.41396811604499817,0.31823259592056274,7.523970169077402e-05
1824,0.4276301860809326,0.39767083525657654,0.29959365725517273,7.513101128351454e-05
1825,0.45631828904151917,0.4242386519908905,0.320796400308609,7.502235218327731e-05
1826,0.4666185677051544,0.4333907663822174,0.3322781026363373,7.491372452685094e-05
1827,0.4535306692123413,0.42196449637413025,0.31566181778907776,7.48051284509844e-05
1828,0.45916351675987244,0.42694392800331116,0.32219579815864563,7.469656409238685e-05
1829,0.425619512796402,0.39594635367393494,0.296731561422348,7.458803158772758e-05
1830,0.4593822658061981,0.4270237982273102,0.32358455657958984,7.447953107363574e-05
1831,0.4471929371356964,0.4161069989204407,0.3108592629432678,7.437106268670034e-05
1832,0.4530894458293915,0.42120522260665894,0.31884220242500305,7.426262656346978e-05
1833,0.4806564152240753,0.4467211067676544,0.33935314416885376,7.41542228404519e-05
1834,0.4708670377731323,0.438129186630249,0.3273785412311554,7.404585165411377e-05
1835,0.44480594992637634,0.4136837124824524,0.31122249364852905,7.393751314088146e-05
1836,0.45765846967697144,0.42567598819732666,0.3198247253894806,7.382920743713999e-05
1837,0.46532708406448364,0.4327642321586609,0.325628399848938,7.372093467923302e-05
1838,0.46704426407814026,0.4344243109226227,0.32619959115982056,7.361269500346274e-05
1839,0.463050901889801,0.43042322993278503,0.3262767195701599,7.350448854608962e-05
1840,0.4631144404411316,0.4308006465435028,0.3231380879878998,7.339631544333249e-05
1841,0.4583911895751953,0.4263516068458557,0.32039570808410645,7.328817583136804e-05
1842,0.45864138007164,0.42622819542884827,0.3241317868232727,7.318006984633085e-05
1843,0.43707677721977234,0.4069889187812805,0.3008786141872406,7.307199762431319e-05
1844,0.4433784782886505,0.412328839302063,0.31049636006355286,7.29639593013647e-05
1845,0.46409526467323303,0.43129006028175354,0.32805195450782776,7.285595501349258e-05
1846,0.41311323642730713,0.3841874599456787,0.28925779461860657,7.274798489666097e-05
1847,0.4923948049545288,0.45794960856437683,0.34445199370384216,7.264004908679112e-05
1848,0.45915183424949646,0.42691493034362793,0.32236891984939575,7.2532147719761e-05
1849,0.5056015253067017,0.46972543001174927,0.3587607145309448,7.242428093140525e-05
1850,0.4418015480041504,0.41092193126678467,0.30879613757133484,7.231644885751507e-05
1851,0.44143372774124146,0.410413533449173,0.31020206212997437,7.220865163383784e-05
1852,0.4372254014015198,0.406825989484787,0.3039941191673279,7.210088939607708e-05
1853,0.43582093715667725,0.4058287739753723,0.29992157220840454,7.199316227989236e-05
1854,0.4628066420555115,0.4308311939239502,0.31975436210632324,7.18854704208989e-05
1855,0.46617063879966736,0.43313053250312805,0.3304010331630707,7.177781395466772e-05
1856,0.4436962306499481,0.4131172001361847,0.3057902455329895,7.167019301672509e-05
1857,0.46945953369140625,0.4369559586048126,0.3250357210636139,7.156260774255262e-05
1858,0.4467328190803528,0.4151693284511566,0.31563496589660645,7.145505826758707e-05
1859,0.45966920256614685,0.42768600583076477,0.31983184814453125,7.134754472722017e-05
1860,0.48888564109802246,0.4541568458080292,0.3472880721092224,7.124006725679828e-05
1861,0.4457368552684784,0.4146959185600281,0.310409277677536,7.113262599162245e-05
1862,0.45729807019233704,0.4250757098197937,0.3222235441207886,7.102522106694808e-05
1863,0.4513694643974304,0.41991275548934937,0.31456711888313293,7.09178526179849e-05
1864,0.44229650497436523,0.4114868640899658,0.30809643864631653,7.081052077989667e-05
1865,0.4716622531414032,0.43837201595306396,0.33290237188339233,7.07032256878011e-05
1866,0.49417033791542053,0.45967087149620056,0.3449946641921997,7.059596747676962e-05
1867,0.47361883521080017,0.44074589014053345,0.3287295699119568,7.048874628182722e-05
1868,0.4474668502807617,0.41631820797920227,0.3114863634109497,7.038156223795224e-05
1869,0.4898228943347931,0.4557071328163147,0.3411577343940735,7.027441548007641e-05
1870,0.46814289689064026,0.43502289056777954,0.33120018243789673,7.01673061430844e-05
1871,0.4459526836872101,0.41491952538490295,0.31033146381378174,7.006023436181377e-05
1872,0.4535876214504242,0.4220166504383087,0.3157096207141876,6.995320027105481e-05
1873,0.4526510238647461,0.4214034974575043,0.3124752342700958,6.984620400555044e-05
1874,0.4799267649650574,0.4462057948112488,0.33720970153808594,6.973924569999585e-05
1875,0.47564882040023804,0.4420287609100342,0.3362007439136505,6.963232548903853e-05
1876,0.4314725697040558,0.40129348635673523,0.30179086327552795,6.952544350727799e-05
1877,0.4445328116416931,0.4135987162590027,0.30934083461761475,6.94185998892655e-05
1878,0.4591171443462372,0.4271569550037384,0.3196019232273102,6.931179476950429e-05
1879,0.4458000957965851,0.41435250639915466,0.31447580456733704,6.920502828244889e-05
1880,0.46569037437438965,0.4332193434238434,0.3247102200984955,6.909830056250527e-05
1881,0.43393367528915405,0.40414664149284363,0.2978702485561371,6.899161174403064e-05
1882,0.4431673288345337,0.41208404302597046,0.3108328580856323,6.888496196133317e-05
1883,0.49005934596061707,0.4557577967643738,0.3430153727531433,6.877835134867196e-05
1884,0.47209855914115906,0.43907392024993896,0.33024635910987854,6.867178004025676e-05
1885,0.4514009356498718,0.4197600483894348,0.3164089620113373,6.85652481702478e-05
1886,0.46966415643692017,0.4370836913585663,0.3258045017719269,6.845875587275576e-05
1887,0.43636682629585266,0.4054204821586609,0.30946338176727295,6.835230328184138e-05
1888,0.4323458969593048,0.4016627073287964,0.3068319857120514,6.824589053151558e-05
1889,0.46331122517585754,0.4309428334236145,0.32368382811546326,6.813951775573896e-05
1890,0.4550514221191406,0.4230831265449524,0.3196830749511719,6.803318508842187e-05
1891,0.4613116979598999,0.42882847785949707,0.3248320519924164,6.792689266342416e-05
1892,0.45742863416671753,0.42483747005462646,0.3259117305278778,6.782064061455504e-05
1893,0.44922900199890137,0.4181041121482849,0.31124889850616455,6.77144290755729e-05
1894,0.4779984951019287,0.4440675973892212,0.3393089473247528,6.760825818018508e-05
1895,0.4572075605392456,0.4245038330554962,0.32703715562820435,6.750212806204777e-05
1896,0.45188668370246887,0.420400470495224,0.3148621618747711,6.739603885476582e-05
1897,0.4567207396030426,0.42454105615615845,0.32179686427116394,6.728999069189263e-05
1898,0.5071714520454407,0.4715176820755005,0.35653769969940186,6.718398370692993e-05
1899,0.4711911678314209,0.43864402174949646,0.32547158002853394,6.707801803332754e-05
1900,0.4605082869529724,0.4285963475704193,0.31911927461624146,6.697209380448333e-05
1901,0.45809006690979004,0.4259273409843445,0.32162725925445557,6.68662111537429e-05
1902,0.45412811636924744,0.42211127281188965,0.3201683759689331,6.676037021439971e-05
1903,0.4655151665210724,0.43302446603775024,0.324907124042511,6.665457111969451e-05
1904,0.44469183683395386,0.4136725664138794,0.3101928234100342,6.654881400281547e-05
1905,0.4476839601993561,0.4171069264411926,0.3057704567909241,6.644309899689793e-05
1906,0.48260876536369324,0.4486141800880432,0.3399457633495331,6.63374262350241e-05
1907,0.4723449945449829,0.4392620027065277,0.3308299481868744,6.623179585022316e-05
1908,0.4581180810928345,0.4257272481918335,0.3239082396030426,6.612620797547087e-05
1909,0.45110002160072327,0.42009320855140686,0.3100680112838745,6.602066274368947e-05
1910,0.4500730633735657,0.418302059173584,0.31771016120910645,6.59151602877475e-05
1911,0.4363805949687958,0.40597298741340637,0.3040761351585388,6.580970074045975e-05
1912,0.43503856658935547,0.40480437874794006,0.302342027425766,6.570428423458687e-05
1913,0.4619859457015991,0.4292243719100952,0.32761573791503906,6.559891090283537e-05
1914,0.47753801941871643,0.44439736008644104,0.3314065635204315,6.549358087785744e-05
1915,0.48101118206977844,0.44721952080726624,0.3379165828227997,6.538829429225069e-05
1916,0.4575626254081726,0.42591944336891174,0.31643182039260864,6.528305127855816e-05
1917,0.4418966472148895,0.41106075048446655,0.3083589971065521,6.517785196926792e-05
1918,0.4694308638572693,0.4364639222621918,0.32966941595077515,6.507269649681307e-05
1919,0.4469565153121948,0.4151949882507324,0.31761518120765686,6.496758499357148e-05
1920,0.4451206922531128,0.414172887802124,0.3094780743122101,6.486251759186572e-05
1921,0.44080132246017456,0.40979084372520447,0.3101047873497009,6.475749442396289e-05
1922,0.47781282663345337,0.44402387738227844,0.33788955211639404,6.465251562207431e-05
1923,0.4554574191570282,0.4232698082923889,0.3218761384487152,6.454758131835545e-05
1924,0.44712695479393005,0.415542334318161,0.31584611535072327,6.44426916449058e-05
1925,0.43276193737983704,0.402462899684906,0.3029903471469879,6.43378467337687e-05
1926,0.4589950442314148,0.42706620693206787,0.31928834319114685,6.423304671693107e-05
1927,0.4550397992134094,0.4231390357017517,0.3190075159072876,6.412829172632338e-05
1928,0.447614461183548,0.416473388671875,0.31141069531440735,6.402358189381934e-05
1929,0.4320904314517975,0.40201228857040405,0.30078136920928955,6.391891735123582e-05
1930,0.47425156831741333,0.4410534203052521,0.331981360912323,6.38142982303328e-05
1931,0.4488505721092224,0.4178704619407654,0.3098011016845703,6.370972466281291e-05
1932,0.4510425627231598,0.41929495334625244,0.3174760341644287,6.360519678032157e-05
1933,0.45207855105400085,0.42031145095825195,0.3176710903644562,6.350071471444661e-05
1934,0.44600051641464233,0.4150373637676239,0.3096316456794739,6.339627859671814e-05
1935,0.4471355676651001,0.4159558117389679,0.31179752945899963,6.32918885586086e-05
1936,0.43946972489356995,0.4083620607852936,0.31107670068740845,6.318754473153221e-05
1937,0.46389371156692505,0.4317108988761902,0.3218282163143158,6.308324724684518e-05
1938,0.4576109051704407,0.4256383776664734,0.3197251856327057,6.297899623584532e-05
1939,0.5064399242401123,0.4707322418689728,0.35707661509513855,6.287479182977184e-05
1940,0.4628522992134094,0.4302220344543457,0.3263026177883148,6.277063415980549e-05
1941,0.45696091651916504,0.42485201358795166,0.3210891783237457,6.266652335706802e-05
1942,0.48036062717437744,0.44653910398483276,0.3382151424884796,6.256245955262221e-05
1943,0.4549543559551239,0.4233989119529724,0.31555452942848206,6.245844287747168e-05
1944,0.47367626428604126,0.44074469804763794,0.32931581139564514,6.23544734625608e-05
1945,0.4560500681400299,0.42423099279403687,0.31819072365760803,6.225055143877434e-05
1946,0.4880761206150055,0.45379140973091125,0.34284713864326477,6.214667693693744e-05
1947,0.4567073583602905,0.42442500591278076,0.32282358407974243,6.20428500878154e-05
1948,0.45106077194213867,0.41929957270622253,0.317611962556839,6.193907102211358e-05
1949,0.4499267041683197,0.4182087481021881,0.3171795904636383,6.183533987047716e-05
1950,0.4948892593383789,0.46040984988212585,0.34479406476020813,6.173165676349103e-05
1951,0.47335830330848694,0.44007572531700134,0.3328258693218231,6.162802183167954e-05
1952,0.4617452323436737,0.4294793903827667,0.3226583003997803,6.152443520550641e-05
1953,0.4889700412750244,0.45470166206359863,0.34268394112586975,6.14208970153746e-05
1954,0.4418071210384369,0.4108201563358307,0.3098697066307068,6.1317407391626e-05
1955,0.4903465509414673,0.4559418559074402,0.3440468907356262,6.121396646454149e-05
1956,0.4878650903701782,0.4535348117351532,0.3433029353618622,6.111057436434056e-05
1957,0.4572407305240631,0.4251650273799896,0.3207569122314453,6.1007231221181206e-05
1958,0.4372163712978363,0.4061294496059418,0.3108692467212677,6.090393716515983e-05
1959,0.502510130405426,0.4668668210506439,0.35643288493156433,6.0800692326311095e-05
1960,0.45401549339294434,0.42242908477783203,0.31586405634880066,6.069749683460765e-05
1961,0.4860024154186249,0.4520606994628906,0.3394171893596649,6.059435081996001e-05
1962,0.4648422598838806,0.4325747489929199,0.3226751387119293,6.049125441221639e-05
1963,0.44634735584259033,0.415051132440567,0.31296226382255554,6.038820774116265e-05
1964,0.4790889322757721,0.4454100430011749,0.3367888033390045,6.0285210936521955e-05
1965,0.4733438193798065,0.44000667333602905,0.3333715796470642,6.018226412795469e-05
1966,0.4637311100959778,0.43192607164382935,0.31805047392845154,6.0079367445058354e-05
1967,0.46480822563171387,0.4322807490825653,0.32527467608451843,5.997652101736726e-05
1968,0.457400381565094,0.4254452884197235,0.31955090165138245,5.9873724974352585e-05
1969,0.46033239364624023,0.4281737804412842,0.3215859830379486,5.977097944542198e-05
1970,0.46417975425720215,0.4320169687271118,0.3216278851032257,5.9668284559919504e-05
1971,0.44845113158226013,0.41682565212249756,0.31625473499298096,5.956564044712551e-05
1972,0.44788986444473267,0.41699719429016113,0.3089267313480377,5.94630472362564e-05
1973,0.43736517429351807,0.4064624607563019,0.3090270459651947,5.936050505646452e-05
1974,0.44145694375038147,0.41056451201438904,0.30892425775527954,5.925801403683797e-05
1975,0.42272889614105225,0.39278194308280945,0.299469530582428,5.9155574306400395e-05
1976,0.4670765697956085,0.4343310594558716,0.3274550139904022,5.9053185994110974e-05
1977,0.46814534068107605,0.4354395866394043,0.3270576298236847,5.8950849228864025e-05
1978,0.47591865062713623,0.4427042007446289,0.3321444094181061,5.884856413948913e-05
1979,0.4504334032535553,0.4192192256450653,0.31214189529418945,5.87463308547507e-05
1980,0.4448331892490387,0.4138944745063782,0.30938708782196045,5.864414950334796e-05
1981,0.4213707149028778,0.3919447362422943,0.2942599058151245,5.8542020213914726e-05
1982,0.45508649945259094,0.42362409830093384,0.31462404131889343,5.843994311501939e-05
1983,0.45861873030662537,0.42630964517593384,0.32309088110923767,5.833791833516453e-05
1984,0.46632805466651917,0.4334643483161926,0.32863712310791016,5.82359460027869e-05
1985,0.4737852215766907,0.4411672055721283,0.32618024945259094,5.8134026246257225e-05
1986,0.496423602104187,0.4616539478302002,0.34769657254219055,5.8032159193879985e-05
1987,0.4676858186721802,0.4348539113998413,0.3283192217350006,5.793034497389345e-05
1988,0.46686458587646484,0.4338471293449402,0.33017444610595703,5.782858371446927e-05
1989,0.4435156285762787,0.41217347979545593,0.313421368598938,5.772687554371241e-05
1990,0.44796955585479736,0.4169551134109497,0.3101443648338318,5.762522058966113e-05
1991,0.4761063754558563,0.4431871175765991,0.3291926980018616,5.752361898028653e-05
1992,0.48759666085243225,0.45335811376571655,0.342385470867157,5.7422070843492734e-05
1993,0.4397912323474884,0.40916791558265686,0.3062330484390259,5.732057630711638e-05
1994,0.4499068260192871,0.41871553659439087,0.31191280484199524,5.721913549892674e-05
1995,0.4432810842990875,0.4123323857784271,0.30948692560195923,5.711774854662535e-05
1996,0.45361045002937317,0.4221589267253876,0.3145151436328888,5.701641557784609e-05
1997,0.4565201997756958,0.42417052388191223,0.32349660992622375,5.69151367201548e-05
1998,0.49282944202423096,0.45824822783470154,0.3458121418952942,5.681391210104916e-05
1999,0.4301035702228546,0.3999128043651581,0.3019075393676758,5.671274184795865e-05
2000,0.484283447265625,0.4502621293067932,0.3402131497859955,5.6611626088244194e-05
2001,0.45797181129455566,0.4256429970264435,0.3232879936695099,5.651056494919831e-05
2002,0.43803662061691284,0.40743473172187805,0.3060189485549927,5.640955855804455e-05
2003,0.4892105758190155,0.4547831118106842,0.3442746698856354,5.63086070419377e-05
2004,0.4970865547657013,0.46261322498321533,0.3447333574295044,5.620771052796339e-05
2005,0.47321510314941406,0.43988943099975586,0.3332568407058716,5.610686914313796e-05
2006,0.4480375647544861,0.4170489013195038,0.30988651514053345,5.6006083014408484e-05
2007,0.45352235436439514,0.42184388637542725,0.31678465008735657,5.590535226865238e-05
2008,0.4484613537788391,0.4172707200050354,0.3119063973426819,5.5804677032677354e-05
2009,0.4560137391090393,0.42439359426498413,0.3162015378475189,5.570405743322124e-05
2010,0.4673503637313843,0.43449127674102783,0.32859086990356445,5.560349359695181e-05
2011,0.4704037308692932,0.4374629259109497,0.329408198595047,5.550298565046672e-05
2012,0.4462631344795227,0.41443032026290894,0.3183281123638153,5.540253372029315e-05
2013,0.4708555340766907,0.4377841353416443,0.33071398735046387,5.53021379328879e-05
2014,0.4465535879135132,0.41538840532302856,0.3116518557071686,5.520179841463693e-05
2015,0.4607963562011719,0.4287647306919098,0.3203161060810089,5.510151529185553e-05
2016,0.44048789143562317,0.4092867374420166,0.3120114803314209,5.5001288690787886e-05
2017,0.4427490234375,0.4115796387195587,0.31169381737709045,5.490111873760705e-05
2018,0.44928091764450073,0.4178332984447479,0.31447634100914,5.480100555841478e-05
2019,0.4573456048965454,0.4253122806549072,0.3203332722187042,5.4700949279241295e-05
2020,0.4608660340309143,0.4286452829837799,0.3222075402736664,5.4600950026045326e-05
2021,0.4378373324871063,0.4074006676673889,0.3043666481971741,5.4501007924713707e-05
2022,0.4624163508415222,0.43014252185821533,0.3227384090423584,5.440112310106134e-05
2023,0.44925856590270996,0.41780757904052734,0.31450995802879333,5.4301295680830976e-05
2024,0.467648983001709,0.43451982736587524,0.331291526556015,5.420152578969326e-05
2025,0.45944535732269287,0.42715078592300415,0.3229456841945648,5.410181355324622e-05
2026,0.45776066184043884,0.4257875084877014,0.31973153352737427,5.400215909701547e-05
2027,0.4497123062610626,0.417925089597702,0.3178720474243164,5.390256254645378e-05
2028,0.45924556255340576,0.4270726442337036,0.3217290937900543,5.380302402694104e-05
2029,0.47271162271499634,0.4396823048591614,0.3302932679653168,5.3703543663784074e-05
2030,0.45633068680763245,0.42465946078300476,0.316712349653244,5.36041215822166e-05
2031,0.4376804232597351,0.4072760045528412,0.3040441572666168,5.3504757907398836e-05
2032,0.42715227603912354,0.39749062061309814,0.2966165244579315,5.340545276441755e-05
2033,0.4886949956417084,0.4534563720226288,0.3523862361907959,5.3306206278285734e-05
2034,0.45150336623191833,0.41968998312950134,0.31813371181488037,5.320701857394268e-05
2035,0.4839232563972473,0.44947993755340576,0.34443309903144836,5.3107889776253536e-05
2036,0.4689375162124634,0.43639737367630005,0.32540133595466614,5.3008820010009464e-05
2037,0.4515714645385742,0.41971051692962646,0.3186095952987671,5.290980939992713e-05
2038,0.439959317445755,0.4097598195075989,0.3019949197769165,5.281085807064881e-05
2039,0.43825700879096985,0.4079015254974365,0.303554892539978,5.27119661467422e-05
2040,0.4721260070800781,0.43888238072395325,0.33243629336357117,5.261313375270014e-05
2041,0.4746416211128235,0.4415024220943451,0.3313921391963959,5.251436101294056e-05
2042,0.4517313241958618,0.4199925661087036,0.31738758087158203,5.2415648051806275e-05
2043,0.44079697132110596,0.41037532687187195,0.3042163848876953,5.231699499356484e-05
2044,0.4660941958427429,0.43384698033332825,0.32247206568717957,5.221840196240848e-05
2045,0.44455891847610474,0.41337326169013977,0.3118566870689392,5.211986908245374e-05
2046,0.45997729897499084,0.42764848470687866,0.32328808307647705,5.202139647774149e-05
2047,0.4702848196029663,0.4376790523529053,0.3260575532913208,5.192298427223676e-05
2048,0.4661140739917755,0.4336954355239868,0.3241863250732422,5.182463258982846e-05
2049,0.44708409905433655,0.41582009196281433,0.31264007091522217,5.172634155432943e-05
2050,0.4445309042930603,0.41370221972465515,0.30828699469566345,5.1628111289476035e-05
2051,0.46562275290489197,0.43312394618988037,0.3249879479408264,5.1529941918928204e-05
2052,0.48340821266174316,0.44959476590156555,0.33813437819480896,5.143183356626916e-05
2053,0.49318915605545044,0.45858973264694214,0.34599414467811584,5.133378635500543e-05
2054,0.48244571685791016,0.44900527596473694,0.334404319524765,5.123580040856644e-05
2055,0.45227542519569397,0.4210103452205658,0.31265079975128174,5.113787585030454e-05
2056,0.4730968773365021,0.44004449248313904,0.330523818731308,5.1040012803494795e-05
2057,0.44658058881759644,0.41502249240875244,0.31558093428611755,5.0942211391334824e-05
2058,0.4697220027446747,0.43602654337882996,0.33695465326309204,5.084447173694469e-05
2059,0.4682875871658325,0.43559888005256653,0.32688698172569275,5.0746793963366744e-05
2060,0.4457736611366272,0.414376437664032,0.313972145318985,5.0649178193565314e-05
2061,0.4137926697731018,0.3849591314792633,0.28833553194999695,5.055162455042679e-05
2062,0.4890292286872864,0.4550555348396301,0.3397369384765625,5.045413315675924e-05
2063,0.463411808013916,0.43118804693222046,0.32223764061927795,5.035670413529251e-05
2064,0.45865827798843384,0.4262411892414093,0.324170857667923,5.025933760867781e-05
2065,0.4603622555732727,0.427956759929657,0.3240548074245453,5.016203369948773e-05
2066,0.4530279040336609,0.42133012413978577,0.31697794795036316,5.006479253021597e-05
2067,0.4836385250091553,0.44974660873413086,0.3389192223548889,4.996761422327737e-05
2068,0.44340288639068604,0.4124930202960968,0.30909866094589233,4.9870498901007524e-05
2069,0.45919176936149597,0.42758432030677795,0.31607455015182495,4.977344668566275e-05
2070,0.4525891840457916,0.4213548004627228,0.3123437166213989,4.967645769942e-05
2071,0.46099135279655457,0.42842546105384827,0.32565897703170776,4.957953206437651e-05
2072,0.4660765826702118,0.4338315725326538,0.32245007157325745,4.9482669902549894e-05
2073,0.45735499262809753,0.4244500994682312,0.32904890179634094,4.938587133587777e-05
2074,0.44397464394569397,0.4127008020877838,0.31273841857910156,4.92891364862177e-05
2075,0.47087323665618896,0.4383700489997864,0.3250320255756378,4.919246547534708e-05
2076,0.4493989944458008,0.4181961417198181,0.3120284080505371,4.909585842496287e-05
2077,0.43654051423072815,0.40638235211372375,0.3015815019607544,4.899931545668164e-05
2078,0.4750470817089081,0.44187653064727783,0.3317054212093353,4.890283669203915e-05
2079,0.44601598381996155,0.414876252412796,0.31139740347862244,4.880642225249041e-05
2080,0.44043412804603577,0.4092671871185303,0.31166934967041016,4.87100722594094e-05
2081,0.43178680539131165,0.4014896750450134,0.30297142267227173,4.8613786834089024e-05
2082,0.4366636276245117,0.4063933491706848,0.30270278453826904,4.851756609774094e-05
2083,0.4573887884616852,0.4251306354999542,0.3225814402103424,4.842141017149526e-05
2084,0.46365588903427124,0.43104130029678345,0.32614579796791077,4.8325319176400576e-05
2085,0.43307673931121826,0.4027027189731598,0.3037402033805847,4.822929323342369e-05
2086,0.5135707259178162,0.47746777534484863,0.3610296845436096,4.81333324634496e-05
2087,0.46609777212142944,0.4336705207824707,0.32427236437797546,4.8037436987281194e-05
2088,0.4722227156162262,0.4387800395488739,0.3344266414642334,4.794160692563917e-05
2089,0.44768577814102173,0.4163246750831604,0.31361114978790283,4.7845842399161874e-05
2090,0.4492122530937195,0.4180442988872528,0.31167954206466675,4.7750143528405126e-05
2091,0.46259334683418274,0.4301861822605133,0.32407158613204956,4.76545104338422e-05
2092,0.4512520730495453,0.4197992980480194,0.31452763080596924,4.755894323586342e-05
2093,0.44475680589675903,0.4136081635951996,0.3114865720272064,4.746344205477631e-05
2094,0.4937116801738739,0.4592457413673401,0.3446594178676605,4.736800701080515e-05
2095,0.4622039794921875,0.4295358955860138,0.32668089866638184,4.727263822409099e-05
2096,0.4725443422794342,0.4388361871242523,0.337081640958786,4.717733581469157e-05
2097,0.4504859149456024,0.41908037662506104,0.3140554428100586,4.708209990258095e-05
2098,0.45976924896240234,0.42823734879493713,0.31531885266304016,4.6986930607649535e-05
2099,0.4745599627494812,0.4414227306842804,0.33137246966362,4.68918280497038e-05
2100,0.4370351731777191,0.4068061411380768,0.3022904098033905,4.6796792348466356e-05
2101,0.47532323002815247,0.4423007667064667,0.33022451400756836,4.67018236235755e-05
2102,0.4666500687599182,0.4340207576751709,0.32629305124282837,4.6606921994585274e-05
2103,0.4497879147529602,0.41831448674201965,0.3147341310977936,4.651208758096521e-05
2104,0.47860652208328247,0.44495779275894165,0.336487352848053,4.6417320502100316e-05
2105,0.4745512306690216,0.441055029630661,0.3349619507789612,4.63226208772908e-05
2106,0.44074761867523193,0.4104245603084564,0.3032307028770447,4.62279888257519e-05
2107,0.44510945677757263,0.4142741858959198,0.3083527088165283,4.613342446661383e-05
2108,0.4717516005039215,0.43863651156425476,0.3311508893966675,4.603892791892157e-05
2109,0.4445606470108032,0.4135247766971588,0.31035882234573364,4.594449930163471e-05
2110,0.41314202547073364,0.38461098074913025,0.2853103578090668,4.5850138733627434e-05
2111,0.46920472383499146,0.4364936649799347,0.32711049914360046,4.575584633368815e-05
2112,0.44571399688720703,0.4149579703807831,0.30756017565727234,4.566162222051946e-05
2113,0.4600459039211273,0.4278969168663025,0.3214899003505707,4.556746651273802e-05
2114,0.47938430309295654,0.44594606757164,0.33438241481781006,4.547337932887443e-05
2115,0.4598706364631653,0.4274536967277527,0.324169397354126,4.537936078737292e-05
2116,0.45703449845314026,0.42542654275894165,0.31607958674430847,4.52854110065914e-05
2117,0.46629202365875244,0.4334956407546997,0.32796385884284973,4.519153010480118e-05
2118,0.4389452338218689,0.40833356976509094,0.3061167895793915,4.5097718200186814e-05
2119,0.4614323675632477,0.42901068925857544,0.32421669363975525,4.50039754108461e-05
2120,0.47774720191955566,0.4438994526863098,0.3384775221347809,4.491030185478976e-05
2121,0.46654409170150757,0.4339219033718109,0.32622188329696655,4.481669764994134e-05
2122,0.4737216830253601,0.4405278265476227,0.33193856477737427,4.472316291413715e-05
2123,0.46359944343566895,0.4310661554336548,0.3253328800201416,4.4629697765125934e-05
2124,0.48405522108078003,0.44978126883506775,0.34273940324783325,4.453630232056901e-05
2125,0.45727473497390747,0.42547550797462463,0.3179921805858612,4.444297669803981e-05
2126,0.46150100231170654,0.42871931195259094,0.32781705260276794,4.434972101502385e-05
2127,0.44164422154426575,0.4109678864479065,0.3067634701728821,4.425653538891874e-05
2128,0.4803083539009094,0.4472554624080658,0.33052903413772583,4.416341993703373e-05
2129,0.45804059505462646,0.4258052110671997,0.322353720664978,4.407037477658992e-05
2130,0.43655669689178467,0.4061374366283417,0.304192453622818,4.3977400024719725e-05
2131,0.4543471038341522,0.42284759879112244,0.31499502062797546,4.388449579846705e-05
2132,0.45742619037628174,0.42540669441223145,0.32019510865211487,4.379166221478697e-05
2133,0.4569992423057556,0.42523089051246643,0.3176834285259247,4.36988993905456e-05
2134,0.4503277838230133,0.4192807376384735,0.31047043204307556,4.36062074425201e-05
2135,0.44652533531188965,0.4153154790401459,0.3120987117290497,4.351358648739826e-05
2136,0.4777054190635681,0.44392621517181396,0.33779212832450867,4.3421036641778556e-05
2137,0.48043930530548096,0.4460914134979248,0.3434787690639496,4.332855802217e-05
2138,0.459503710269928,0.4278647303581238,0.3163897693157196,4.323615074499183e-05
2139,0.46026453375816345,0.42818936705589294,0.32075178623199463,4.31438149265736e-05
2140,0.474675714969635,0.441868394613266,0.3280731439590454,4.305155068315481e-05
2141,0.4403286874294281,0.40998417139053345,0.30344513058662415,4.295935813088487e-05
2142,0.4371683895587921,0.4065292179584503,0.3063916862010956,4.2867237385822935e-05
2143,0.5097023844718933,0.4733072817325592,0.36395102739334106,4.2775188563937843e-05
2144,0.44495889544487,0.413426011800766,0.31532877683639526,4.268321178110779e-05
2145,0.4736980199813843,0.4403785467147827,0.3331948220729828,4.259130715312033e-05
2146,0.4860371947288513,0.4518589973449707,0.3417820334434509,4.249947479567218e-05
2147,0.43711167573928833,0.40688085556030273,0.3023081123828888,4.2407714824369024e-05
2148,0.444629430770874,0.4134371280670166,0.31192290782928467,4.231602735472552e-05
2149,0.45505329966545105,0.4231652319431305,0.3188806176185608,4.222441250216502e-05
2150,0.4919028580188751,0.45658159255981445,0.35321274399757385,4.213287038201943e-05
2151,0.4714738130569458,0.43833810091018677,0.3313571512699127,4.20414011095291e-05
2152,0.46072277426719666,0.42847466468811035,0.3224811851978302,4.195000479984265e-05
2153,0.46824127435684204,0.4357978105545044,0.32443472743034363,4.185868156801694e-05
2154,0.46683621406555176,0.4336165487766266,0.33219656348228455,4.1767431529016766e-05
2155,0.4595182240009308,0.42761513590812683,0.31903085112571716,4.1676254797714766e-05
2156,0.450088769197464,0.41899245977401733,0.3109630048274994,4.1585151488891305e-05
2157,0.46243563294410706,0.43056976795196533,0.3186585605144501,4.149412171723438e-05
2158,0.45233941078186035,0.4205455183982849,0.31793907284736633,4.140316559733935e-05
2159,0.46484270691871643,0.43244096636772156,0.3240174949169159,4.1312283243708836e-05
2160,0.460392564535141,0.42798200249671936,0.32410556077957153,4.12214747707527e-05
2161,0.44680580496788025,0.41552677750587463,0.3127903342247009,4.113074029278765e-05
2162,0.47994890809059143,0.4458596408367157,0.3408927917480469,4.1040079924037386e-05
2163,0.4451683759689331,0.4142915606498718,0.3087681233882904,4.0949493778632244e-05
2164,0.4560771584510803,0.42465314269065857,0.3142402470111847,4.085898197060911e-05
2165,0.45307493209838867,0.421231210231781,0.3184373378753662,4.0768544613911294e-05
2166,0.47465482354164124,0.4408840239048004,0.33770790696144104,4.067818182238838e-05
2167,0.4692947268486023,0.43659234046936035,0.3270239233970642,4.058789370979617e-05
2168,0.4457654356956482,0.41479653120040894,0.30968889594078064,4.049768038979631e-05
2169,0.4701468348503113,0.43715739250183105,0.32989445328712463,4.04075419759564e-05
2170,0.4416598677635193,0.4102141857147217,0.3144569396972656,4.031747858174964e-05
2171,0.4572528600692749,0.4255337119102478,0.31719136238098145,4.0227490320554916e-05
2172,0.45601242780685425,0.42420893907546997,0.3180350065231323,4.0137577305656485e-05
2173,0.43154793977737427,0.40143096446990967,0.30116960406303406,4.004773965024383e-05
2174,0.4931912124156952,0.45837780833244324,0.3481341302394867,3.9957977467411615e-05
2175,0.43509554862976074,0.40507441759109497,0.3002113997936249,3.9868290870159405e-05
2176,0.44723233580589294,0.41605743765830994,0.3117489516735077,3.9778679971391785e-05
2177,0.4494335353374481,0.4183582365512848,0.3107529878616333,3.96891448839179e-05
2178,0.45839977264404297,0.42619702219963074,0.32202741503715515,3.959968572045148e-05
2179,0.4554674029350281,0.4233355224132538,0.32131895422935486,3.951030259361072e-05
2180,0.45961225032806396,0.42731401324272156,0.3229823112487793,3.942099561591802e-05
2181,0.4781844913959503,0.444446861743927,0.3373762369155884,3.933176489980005e-05
2182,0.45513567328453064,0.4234043061733246,0.3173137307167053,3.924261055758731e-05
2183,0.41464370489120483,0.3865397870540619,0.28103920817375183,3.915353270151433e-05
2184,0.46318289637565613,0.42996540665626526,0.33217480778694153,3.90645314437192e-05
2185,0.46232709288597107,0.42977386713027954,0.32553231716156006,3.897560689624362e-05
2186,0.43678101897239685,0.40639811754226685,0.3038290739059448,3.888675917103283e-05
2187,0.45484018325805664,0.4229336082935333,0.31906580924987793,3.879798837993521e-05
2188,0.4358385503292084,0.40513643622398376,0.3070211708545685,3.8709294634702376e-05
2189,0.48109859228134155,0.4474901854991913,0.33608412742614746,3.862067804698889e-05
2190,0.4588325619697571,0.42684391140937805,0.31988662481307983,3.853213872835228e-05
2191,0.468416690826416,0.43548184633255005,0.32934844493865967,3.844367679025274e-05
2192,0.4463672637939453,0.4152132272720337,0.311540424823761,3.8355292344053026e-05
2193,0.4537718892097473,0.42207232117652893,0.3169957399368286,3.826698550101836e-05
2194,0.45879971981048584,0.4268212914466858,0.31978434324264526,3.8178756372316294e-05
2195,0.4396781921386719,0.4089429974555969,0.30735185742378235,3.8090605069016595e-05
2196,0.454346239566803,0.42240798473358154,0.3193826675415039,3.800253170209094e-05
2197,0.4757113754749298,0.4425799548625946,0.33131417632102966,3.7914536382412956e-05
2198,0.44703713059425354,0.41557151079177856,0.31465625762939453,3.782661922075803e-05
2199,0.4316951632499695,0.40146392583847046,0.302312433719635,3.773878032780309e-05
2200,0.49014151096343994,0.45587798953056335,0.3426353633403778,3.7651019814126654e-05
2201,0.44202691316604614,0.4110509753227234,0.30975934863090515,3.7563337790208476e-05
2202,0.4366269111633301,0.4060564935207367,0.30570411682128906,3.747573436642951e-05
2203,0.46394550800323486,0.4316979944705963,0.3224751353263855,3.738820965307176e-05
2204,0.45801061391830444,0.42627114057540894,0.31739479303359985,3.730076376031821e-05
2205,0.4439859092235565,0.41317683458328247,0.30809086561203003,3.721339679825252e-05
2206,0.4531538784503937,0.4218788146972656,0.31275054812431335,3.712610887685909e-05
2207,0.45126524567604065,0.42038699984550476,0.3087824285030365,3.703890010602274e-05
2208,0.47459515929222107,0.4416063725948334,0.3298879861831665,3.695177059552861e-05
2209,0.4658741056919098,0.4332830309867859,0.32591065764427185,3.686472045506223e-05
2210,0.4581340253353119,0.4260302782058716,0.3210374712944031,3.677774979420904e-05
2211,0.49018776416778564,0.4559730291366577,0.34214743971824646,3.66908587224545e-05
2212,0.4741779863834381,0.44119295477867126,0.3298501968383789,3.660404734918387e-05
2213,0.485653817653656,0.45182403922080994,0.33829790353775024,3.6517315783682036e-05
2214,0.4578072428703308,0.42556264996528625,0.32244589924812317,3.643066413513354e-05
2215,0.4542340636253357,0.4219966530799866,0.322374165058136,3.634409251262217e-05
2216,0.474422425031662,0.4408414959907532,0.3358093202114105,3.6257601025131026e-05
2217,0.43263036012649536,0.40228018164634705,0.3035018742084503,3.61711897815424e-05
2218,0.45000195503234863,0.4186345934867859,0.3136737644672394,3.608485889063744e-05
2219,0.44633448123931885,0.41543394327163696,0.3090052604675293,3.599860846109626e-05
2220,0.4436754286289215,0.4121825695037842,0.3149285912513733,3.591243860149759e-05
2221,0.4229840338230133,0.39342954754829407,0.29554474353790283,3.582634942031878e-05
2222,0.4383476674556732,0.4081663489341736,0.3018132150173187,3.574034102593557e-05
2223,0.4684794545173645,0.435698002576828,0.32781460881233215,3.565441352662211e-05
2224,0.45743218064308167,0.4252764880657196,0.32155683636665344,3.556856703055058e-05
2225,0.4769150912761688,0.44351187348365784,0.33403223752975464,3.548280164579126e-05
2226,0.46176111698150635,0.4294736087322235,0.322875052690506,3.539711748031227e-05
2227,0.44724443554878235,0.41624221205711365,0.31002217531204224,3.531151464197957e-05
2228,0.4538733661174774,0.42171865701675415,0.3215470612049103,3.5225993238556644e-05
2229,0.4661039113998413,0.43371307849884033,0.3239082098007202,3.514055337770455e-05
2230,0.450626403093338,0.41938960552215576,0.3123680651187897,3.5055195166981645e-05
2231,0.47557300329208374,0.4423559606075287,0.3321702778339386,3.496991871384346e-05
2232,0.4745071828365326,0.44113028049468994,0.3337689936161041,3.488472412564264e-05
2233,0.45771369338035583,0.42559814453125,0.3211553990840912,3.479961150962884e-05
2234,0.45313164591789246,0.4214787483215332,0.31652888655662537,3.4714580972948406e-05
2235,0.46385663747787476,0.4318280518054962,0.32028594613075256,3.462963262264444e-05
2236,0.48052242398262024,0.44672727584838867,0.33795157074928284,3.4544766565656505e-05
2237,0.44480592012405396,0.4136432707309723,0.31162646412849426,3.445998290882062e-05
2238,0.4509265720844269,0.4191347360610962,0.31791844964027405,3.4375281758869114e-05
2239,0.4674995243549347,0.4346693456172943,0.32830172777175903,3.429066322243033e-05
2240,0.45911434292793274,0.4269542992115021,0.3216005265712738,3.420612740602875e-05
2241,0.44622042775154114,0.41516029834747314,0.31060129404067993,3.4121674416084584e-05
2242,0.45477887988090515,0.42296168208122253,0.3181720972061157,3.403730435891391e-05
2243,0.4619428217411041,0.4295293688774109,0.3241344392299652,3.39530173407283e-05
2244,0.43614956736564636,0.40555569529533386,0.3059387505054474,3.386881346763483e-05
2245,0.46544304490089417,0.4328719675540924,0.32571089267730713,3.378469284563589e-05
2246,0.4729301631450653,0.44028693437576294,0.32643234729766846,3.370065558062906e-05
2247,0.43927547335624695,0.408655047416687,0.3062043786048889,3.3616701778407065e-05
2248,0.4797153174877167,0.44634050130844116,0.3337481915950775,3.353283154465746e-05
2249,0.4706617295742035,0.4376240372657776,0.33037686347961426,3.34490449849626e-05
2250,0.45799553394317627,0.42583587765693665,0.3215964138507843,3.336534220479961e-05
2251,0.4639156460762024,0.4310353994369507,0.32880252599716187,3.3281723309540025e-05
2252,0.45343878865242004,0.42153581976890564,0.31902962923049927,3.319818840444987e-05
2253,0.44946563243865967,0.41859182715415955,0.30873799324035645,3.311473759468938e-05
2254,0.44906893372535706,0.41805410385131836,0.3101481795310974,3.3031370985312934e-05
2255,0.42324185371398926,0.39355191588401794,0.29689931869506836,3.294808868126894e-05
2256,0.4381030201911926,0.4075520932674408,0.30550915002822876,3.28648907873996e-05
2257,0.4714750051498413,0.4380311965942383,0.3344379961490631,3.2781777408441e-05
2258,0.44050920009613037,0.40975528955459595,0.3075392544269562,3.269874864902269e-05
2259,0.46122679114341736,0.4288398027420044,0.32386988401412964,3.261580461366776e-05
2260,0.4511652886867523,0.41977664828300476,0.3138863146305084,3.253294540679257e-05
2261,0.4615670442581177,0.42945724725723267,0.32109811902046204,3.245017113270685e-05
2262,0.4833184778690338,0.4497453272342682,0.33573150634765625,3.236748189561324e-05
2263,0.48377475142478943,0.450109601020813,0.33665141463279724,3.228487779960745e-05
2264,0.4459749460220337,0.4149453938007355,0.3102956712245941,3.220235894867794e-05
2265,0.47484782338142395,0.4415300190448761,0.33317792415618896,3.211992544670581e-05
2266,0.45694389939308167,0.4246126711368561,0.32331228256225586,3.203757739746489e-05
2267,0.47999659180641174,0.44692787528038025,0.33068716526031494,3.195531490462128e-05
2268,0.4796537160873413,0.44605523347854614,0.33598485589027405,3.18731380717334e-05
2269,0.45809170603752136,0.4262100160121918,0.3188169300556183,3.1791047002251884e-05
2270,0.44108715653419495,0.41080546379089355,0.3028169274330139,3.1709041799519315e-05
2271,0.4603564739227295,0.4284067451953888,0.3194974362850189,3.162712256677032e-05
2272,0.4838111698627472,0.44956541061401367,0.34245768189430237,3.154528940713113e-05
2273,0.4768718183040619,0.44340384006500244,0.3346797227859497,3.1463542423619794e-05
2274,0.4448484182357788,0.4141836166381836,0.3066481649875641,3.1381881719145724e-05
2275,0.4364086091518402,0.4061313569545746,0.30277252197265625,3.130030739650983e-05
2276,0.4595905840396881,0.42777130007743835,0.31819283962249756,3.121881955840421e-05
2277,0.43615731596946716,0.4056825041770935,0.3047481179237366,3.1137418307412116e-05
2278,0.447687566280365,0.41666194796562195,0.3102562129497528,3.105610374600778e-05
2279,0.46021318435668945,0.42794010043144226,0.3227309584617615,3.0974875976556284e-05
2280,0.46982014179229736,0.43713435530662537,0.3268578350543976,3.089373510131355e-05
2281,0.4482947587966919,0.41689711809158325,0.3139762878417969,3.081268122242598e-05
2282,0.46837663650512695,0.4354677200317383,0.3290891647338867,3.073171444193055e-05
2283,0.465954065322876,0.43311789631843567,0.32836171984672546,3.065083486175451e-05
2284,0.43916988372802734,0.4087481200695038,0.30421775579452515,3.057004258371541e-05
2285,0.4361247420310974,0.4060582220554352,0.3006651699542999,3.0489337709520917e-05
2286,0.43584564328193665,0.40527722239494324,0.30568408966064453,3.0408720340768572e-05
2287,0.44919848442077637,0.4174691140651703,0.31729376316070557,3.0328190578945815e-05
2288,0.4646703600883484,0.4322933554649353,0.32377001643180847,3.0247748525429787e-05
2289,0.45827656984329224,0.4262006878852844,0.3207586705684662,3.0167394281487184e-05
2290,0.4374452829360962,0.40724414587020874,0.3020114004611969,3.008712794827426e-05
2291,0.4770585298538208,0.44371989369392395,0.3333863914012909,3.00069496268365e-05
2292,0.4886346459388733,0.45423683524131775,0.3439779579639435,2.9926859418108644e-05
2293,0.44934508204460144,0.4186357259750366,0.30709362030029297,2.9846857422914433e-05
2294,0.4473535120487213,0.41579484939575195,0.31558650732040405,2.97669437419667e-05
2295,0.4748796224594116,0.44162458181381226,0.3325504660606384,2.9687118475866947e-05
2296,0.4606672525405884,0.42879828810691833,0.3186897039413452,2.960738172510551e-05
2297,0.4857963025569916,0.4516989588737488,0.340973436832428,2.952773359006119e-05
2298,0.48478198051452637,0.4510049819946289,0.3377700448036194,2.9448174171001254e-05
2299,0.45788776874542236,0.42526698112487793,0.3262077271938324,2.9368703568081356e-05
2300,0.4561704695224762,0.4240058660507202,0.3216460049152374,2.9289321881345254e-05
2301,0.4673902988433838,0.43464717268943787,0.3274313509464264,2.921002921072481e-05
2302,0.4511983096599579,0.42016705870628357,0.31031250953674316,2.913082565603982e-05
2303,0.4722478687763214,0.4395636022090912,0.32684269547462463,2.9051711316997864e-05
2304,0.4734002947807312,0.44001704454421997,0.33383241295814514,2.8972686293194308e-05
2305,0.460663765668869,0.4286334812641144,0.320302814245224,2.8893750684111975e-05
2306,0.477450430393219,0.44412127137184143,0.33329153060913086,2.8814904589121137e-05
2307,0.4723595380783081,0.43883129954338074,0.3352825343608856,2.8736148107479478e-05
2308,0.47163820266723633,0.4388888478279114,0.3274936079978943,2.8657481338331715e-05
2309,0.45714783668518066,0.42539772391319275,0.3175011873245239,2.8578904380709793e-05
2310,0.44358858466148376,0.4126981496810913,0.3089042603969574,2.850041733353247e-05
2311,0.48814907670021057,0.4536677300930023,0.3448135554790497,2.842202029560538e-05
2312,0.4705163240432739,0.43754634261131287,0.32969996333122253,2.8343713365620772e-05
2313,0.44459131360054016,0.41343867778778076,0.31152626872062683,2.8265496642157597e-05
2314,0.45254722237586975,0.4211506247520447,0.31396591663360596,2.8187370223681132e-05
2315,0.4692334532737732,0.4362843930721283,0.3294907510280609,2.8109334208542993e-05
2316,0.4571966528892517,0.4253607392311096,0.31835922598838806,2.803138869498102e-05
2317,0.44775140285491943,0.41687798500061035,0.30873411893844604,2.7953533781119055e-05
2318,0.4530746638774872,0.4214317500591278,0.3164292573928833,2.7875769564966968e-05
2319,0.47337573766708374,0.4394179582595825,0.3395778238773346,2.779809614442046e-05
2320,0.45358777046203613,0.4217733144760132,0.31814467906951904,2.7720513617260856e-05
2321,0.42336469888687134,0.3936668336391449,0.29697874188423157,2.764302208115509e-05
2322,0.44156140089035034,0.41053903102874756,0.3102238178253174,2.7565621633655502e-05
2323,0.45278075337409973,0.421166330575943,0.31614431738853455,2.74883123721999e-05
2324,0.4670468270778656,0.43443429470062256,0.3261254131793976,2.741109439411117e-05
2325,0.4693891704082489,0.4370174705982208,0.3237169086933136,2.7333967796597315e-05
2326,0.47776171565055847,0.4440586566925049,0.3370306193828583,2.7256932676751323e-05
2327,0.47011423110961914,0.4372822344303131,0.3283199965953827,2.7179989131550977e-05
2328,0.4866582751274109,0.45257723331451416,0.34081053733825684,2.7103137257858868e-05
2329,0.4797113537788391,0.4465444087982178,0.3316695988178253,2.7026377152422067e-05
2330,0.46481671929359436,0.4326126277446747,0.3220409154891968,2.694970891187224e-05
2331,0.4727683663368225,0.43952640891075134,0.3324194848537445,2.6873132632725297e-05
2332,0.4430038034915924,0.41245725750923157,0.30546554923057556,2.6796648411381485e-05
2333,0.4500502645969391,0.4187142550945282,0.31336021423339844,2.672025634412506e-05
2334,0.470805287361145,0.43802374601364136,0.32781535387039185,2.6643956527124335e-05
2335,0.4311274588108063,0.4012199342250824,0.299075186252594,2.6567749056431467e-05
2336,0.4238604009151459,0.394496351480484,0.29364049434661865,2.6491634027982325e-05
2337,0.47044122219085693,0.4378611147403717,0.3258011043071747,2.6415611537596496e-05
2338,0.4455554187297821,0.4144410490989685,0.31114375591278076,2.6339681680977013e-05
2339,0.4549384117126465,0.42342084646224976,0.31517577171325684,2.6263844553710236e-05
2340,0.44525226950645447,0.4140862822532654,0.3116597533226013,2.6188100251265945e-05
2341,0.4649062752723694,0.43245333433151245,0.3245292603969574,2.6112448868996897e-05
2342,0.4454071521759033,0.41419002413749695,0.31217116117477417,2.6036890502139035e-05
2343,0.4654321074485779,0.43292972445487976,0.325023889541626,2.5961425245811055e-05
2344,0.46358218789100647,0.4309248924255371,0.32657304406166077,2.5886053195014538e-05
2345,0.45844173431396484,0.42619869112968445,0.32243049144744873,2.5810774444633644e-05
2346,0.4573453664779663,0.42467254400253296,0.3267281949520111,2.573558908943523e-05
2347,0.4848947525024414,0.45096296072006226,0.33931785821914673,2.5660497224068415e-05
2348,0.4750498831272125,0.4419519007205963,0.3309798240661621,2.5585498943064724e-05
2349,0.40746086835861206,0.3791005313396454,0.28360334038734436,2.5510594340837824e-05
2350,0.44733405113220215,0.4164283573627472,0.30905681848526,2.5435783511683443e-05
2351,0.46440744400024414,0.431803822517395,0.3260362446308136,2.5361066549779356e-05
2352,0.4774429500102997,0.44417205452919006,0.3327089548110962,2.5286443549185036e-05
2353,0.46934425830841064,0.43683427572250366,0.32509979605674744,2.521191460384178e-05
2354,0.45043450593948364,0.4190274477005005,0.3140707314014435,2.5137479807572427e-05
2355,0.4600352346897125,0.42786359786987305,0.32171642780303955,2.506313925408127e-05
2356,0.448759526014328,0.4166359603404999,0.3212357759475708,2.4988893036954053e-05
2357,0.45419958233833313,0.4225201904773712,0.31679388880729675,2.4914741249657658e-05
2358,0.4512505829334259,0.41976505517959595,0.31485515832901,2.484068398554016e-05
2359,0.4745129644870758,0.44109857082366943,0.3341439366340637,2.47667213378306e-05
2360,0.4624602794647217,0.4303949773311615,0.32065317034721375,2.4692853399638917e-05
2361,0.4557620882987976,0.4236106872558594,0.3215141296386719,2.4619080263955875e-05
2362,0.46986788511276245,0.4375899136066437,0.3227798640727997,2.4545402023652784e-05
2363,0.4512183368206024,0.4196711480617523,0.3154718279838562,2.4471818771481648e-05
2364,0.49899953603744507,0.4638645052909851,0.35135045647621155,2.4398330600074713e-05
2365,0.45783787965774536,0.4261155426502228,0.31722351908683777,2.4324937601944685e-05
2366,0.4572291970252991,0.4253227412700653,0.31906455755233765,2.4251639869484375e-05
2367,0.4653533697128296,0.43313899636268616,0.3221438527107239,2.4178437494966688e-05
2368,0.4663408696651459,0.4333399534225464,0.33000919222831726,2.410533057054446e-05
2369,0.44080623984336853,0.409778356552124,0.31027889251708984,2.4032319188250374e-05
2370,0.4757026135921478,0.44269368052482605,0.3300892412662506,2.3959403439996907e-05
2371,0.49879077076911926,0.4636172652244568,0.35173511505126953,2.388658341757607e-05
2372,0.48794591426849365,0.45364558696746826,0.34300318360328674,2.381385921265936e-05
2373,0.44702643156051636,0.4155626595020294,0.3146377503871918,2.3741230916797675e-05
2374,0.4523777961730957,0.4204893708229065,0.3188841640949249,2.3668698621421216e-05
2375,0.44640791416168213,0.4144791066646576,0.31928813457489014,2.3596262417839255e-05
2376,0.483339786529541,0.44941896200180054,0.33920818567276,2.352392239724016e-05
2377,0.4321126937866211,0.4021413326263428,0.299713671207428,2.345167865069119e-05
2378,0.4448939561843872,0.41364070773124695,0.3125324547290802,2.33795312691384e-05
2379,0.4719005823135376,0.4389427602291107,0.3295782804489136,2.330748034340651e-05
2380,0.4977271556854248,0.46304360032081604,0.3468354642391205,2.323552596419889e-05
2381,0.44710299372673035,0.41558846831321716,0.3151452839374542,2.3163668222097313e-05
2382,0.4812454581260681,0.44700443744659424,0.342410147190094,2.309190720756189e-05
2383,0.4636997580528259,0.4311940670013428,0.3250569999217987,2.3020243010930975e-05
2384,0.45762282609939575,0.42533600330352783,0.32286834716796875,2.2948675722421086e-05
2385,0.4479348659515381,0.4167492687702179,0.31185609102249146,2.2877205432126657e-05
2386,0.481306254863739,0.4477110207080841,0.3359522819519043,2.280583223002012e-05
2387,0.4707472324371338,0.43748748302459717,0.3325974941253662,2.2734556205951596e-05
2388,0.4668772220611572,0.4344177842140198,0.3245942294597626,2.266337744964888e-05
2389,0.4869396388530731,0.4528625011444092,0.340771347284317,2.2592296050717388e-05
2390,0.46295997500419617,0.43075883388519287,0.3220112919807434,2.25213120986399e-05
2391,0.4648691713809967,0.4325750470161438,0.3229411542415619,2.2450425682776565e-05
2392,0.5093708634376526,0.47377100586891174,0.35599854588508606,2.237963689236472e-05
2393,0.4490162432193756,0.4171205759048462,0.318956583738327,2.230894581651879e-05
2394,0.47615736722946167,0.44277068972587585,0.3338666558265686,2.2238352544230255e-05
2395,0.4721435606479645,0.4393245577812195,0.3281899392604828,2.2167857164367422e-05
2396,0.4583672881126404,0.42676374316215515,0.31603559851646423,2.2097459765675342e-05
2397,0.4517124891281128,0.4200275242328644,0.3168497681617737,2.2027160436775794e-05
2398,0.4514855444431305,0.4197678864002228,0.3171766996383667,2.195695926616702e-05
2399,0.45532187819480896,0.42344626784324646,0.31875622272491455,2.188685634222376e-05
2400,0.46134814620018005,0.4290430545806885,0.3230510354042053,2.1816851753197032e-05
2401,0.45848721265792847,0.42639777064323425,0.32089442014694214,2.174694558721405e-05
2402,0.4854465425014496,0.45211800932884216,0.33328530192375183,2.1677137932278147e-05
2403,0.47992226481437683,0.44625869393348694,0.33663564920425415,2.1607428876268675e-05
2404,0.44310304522514343,0.41245195269584656,0.30651092529296875,2.153781850694082e-05
2405,0.43426424264907837,0.4036455452442169,0.3061870038509369,2.146830691192553e-05
2406,0.4529995322227478,0.42092275619506836,0.32076773047447205,2.1398894178729423e-05
2407,0.47524020075798035,0.441999226808548,0.33240970969200134,2.1329580394734638e-05
2408,0.4593885838985443,0.42724981904029846,0.3213876783847809,2.1260365647198798e-05
2409,0.43271103501319885,0.40237653255462646,0.3033449947834015,2.119125002325485e-05
2410,0.4493709206581116,0.4180135726928711,0.3135735094547272,2.11222336099109e-05
2411,0.4571920335292816,0.42555001378059387,0.31642013788223267,2.1053316494050202e-05
2412,0.43408262729644775,0.40387293696403503,0.30209702253341675,2.098449876243096e-05
2413,0.46142837405204773,0.42890995740890503,0.3251841068267822,2.0915780501686355e-05
2414,0.4794347286224365,0.4460737407207489,0.33360981941223145,2.0847161798324266e-05
2415,0.46779197454452515,0.4345976412296295,0.3319432735443115,2.0778642738727272e-05
2416,0.46688908338546753,0.4341748058795929,0.3271428346633911,2.0710223409152475e-05
2417,0.4728337526321411,0.43967363238334656,0.33160123229026794,2.064190389573153e-05
2418,0.4374155104160309,0.40668487548828125,0.3073064088821411,2.057368428447032e-05
2419,0.45183712244033813,0.4199875295162201,0.31849581003189087,2.0505564661249e-05
2420,0.4519393742084503,0.42049098014831543,0.3144838511943817,2.043754511182191e-05
2421,0.4517826437950134,0.4200153648853302,0.31767284870147705,2.036962572181731e-05
2422,0.42730870842933655,0.3975400924682617,0.29768604040145874,2.0301806576737482e-05
2423,0.46346515417099,0.43087315559387207,0.3259199857711792,2.023408776195842e-05
2424,0.44404399394989014,0.41304364800453186,0.31000345945358276,2.016646936272987e-05
2425,0.4428732097148895,0.4115309715270996,0.3134223520755768,2.009895146417512e-05
2426,0.49607574939727783,0.46162334084510803,0.34452423453330994,2.0031534151290953e-05
2427,0.44120559096336365,0.410781592130661,0.30424004793167114,1.996421750894758e-05
2428,0.435780793428421,0.4052037298679352,0.30577054619789124,1.9897001621888434e-05
2429,0.46284985542297363,0.4307592809200287,0.3209058344364166,1.9829886574730093e-05
2430,0.4468008279800415,0.41566911339759827,0.31131711602211,1.9762872451962212e-05
2431,0.45995044708251953,0.42779168486595154,0.32158756256103516,1.969595933794739e-05
2432,0.4696551561355591,0.43740713596343994,0.32248014211654663,1.9629147316921125e-05
2433,0.4854963719844818,0.451714426279068,0.3378193974494934,1.9562436472991552e-05
2434,0.4316890835762024,0.4020262360572815,0.29662853479385376,1.9495826890139503e-05
2435,0.4544439911842346,0.42271286249160767,0.3173114061355591,1.9429318652218276e-05
2436,0.42407363653182983,0.39468705654144287,0.29386574029922485,1.9362911842953678e-05
2437,0.46477511525154114,0.4325656294822693,0.32209473848342896,1.9296606545943774e-05
2438,0.4601127505302429,0.4278908371925354,0.32221898436546326,1.9230402844658812e-05
2439,0.45044079422950745,0.4188249409198761,0.3161585032939911,1.9164300822441194e-05
2440,0.4733424782752991,0.44012847542762756,0.3321399688720703,1.9098300562505266e-05
2441,0.4633375108242035,0.4313884377479553,0.3194907605648041,1.9032402147937357e-05
2442,0.46368980407714844,0.4314222037792206,0.3226759731769562,1.896660566169548e-05
2443,0.433820515871048,0.40330660343170166,0.30513906478881836,1.8900911186609426e-05
2444,0.440772145986557,0.40983790159225464,0.3093424141407013,1.8835318805380507e-05
2445,0.4528123438358307,0.42146390676498413,0.31348440051078796,1.8769828600581496e-05
2446,0.4485345482826233,0.4174295663833618,0.3110498785972595,1.870444065465662e-05
2447,0.4738352298736572,0.4402417242527008,0.33593517541885376,1.863915504992131e-05
2448,0.4608165919780731,0.42882028222084045,0.31996312737464905,1.8573971868562156e-05
2449,0.47432345151901245,0.44101858139038086,0.33304885029792786,1.8508891192636824e-05
2450,0.47654226422309875,0.443132609128952,0.3340964913368225,1.8443913104073983e-05
2451,0.48074978590011597,0.44692230224609375,0.33827483654022217,1.8379037684673105e-05
2452,0.458868145942688,0.4266659915447235,0.3220215141773224,1.8314265016104417e-05
2453,0.47435277700424194,0.4410286545753479,0.3332411050796509,1.8249595179908773e-05
2454,0.44029322266578674,0.40988075733184814,0.3041246235370636,1.818502825749764e-05
2455,0.458675742149353,0.42664507031440735,0.32030656933784485,1.8120564330152923e-05
2456,0.44893303513526917,0.41807079315185547,0.3086223602294922,1.805620347902681e-05
2457,0.4587347209453583,0.426448792219162,0.32285937666893005,1.799194578514176e-05
2458,0.4521661102771759,0.42082855105400085,0.31337547302246094,1.7927791329390375e-05
2459,0.4591042101383209,0.4267643690109253,0.3233984708786011,1.786374019253526e-05
2460,0.4337061643600464,0.4033091068267822,0.30397045612335205,1.7799792455209018e-05
2461,0.44080784916877747,0.4103042185306549,0.30503639578819275,1.773594819791403e-05
2462,0.5062857866287231,0.4709233343601227,0.35362422466278076,1.767220750102243e-05
2463,0.45621731877326965,0.4244479537010193,0.3176935613155365,1.760857044477596e-05
2464,0.4714214503765106,0.4383656084537506,0.33055830001831055,1.7545037109285946e-05
2465,0.4581795930862427,0.4259603023529053,0.3221929371356964,1.7481607574533044e-05
2466,0.4556182622909546,0.4238432049751282,0.3177505135536194,1.7418281920367373e-05
2467,0.48669669032096863,0.4526247978210449,0.3407188057899475,1.735506022650817e-05
2468,0.45994019508361816,0.4279863238334656,0.3195386230945587,1.7291942572543807e-05
2469,0.46969473361968994,0.4370914101600647,0.3260331153869629,1.722892903793176e-05
2470,0.47482672333717346,0.4416459798812866,0.3318074643611908,1.716601970199836e-05
2471,0.47305241227149963,0.43992459774017334,0.3312780559062958,1.710321464393877e-05
2472,0.47123098373413086,0.4380820095539093,0.33148983120918274,1.7040513942816906e-05
2473,0.4665340185165405,0.4335586130619049,0.32975414395332336,1.697791767756527e-05
2474,0.4717474579811096,0.4389262795448303,0.32821184396743774,1.6915425926984986e-05
2475,0.48594698309898376,0.45208489894866943,0.3386208713054657,1.6853038769745467e-05
2476,0.4371381402015686,0.4065517783164978,0.3058635890483856,1.6790756284384612e-05
2477,0.45045894384384155,0.41914230585098267,0.3131662607192993,1.6728578549308416e-05
2478,0.4473620355129242,0.41603323817253113,0.3132880628108978,1.666650564279105e-05
2479,0.46187400817871094,0.4296158254146576,0.3225819170475006,1.6604537642974793e-05
2480,0.44419893622398376,0.41300949454307556,0.3118945360183716,1.6542674627869747e-05
2481,0.4508938789367676,0.41929566860198975,0.31598207354545593,1.6480916675353898e-05
2482,0.4666105806827545,0.4341490864753723,0.3246150016784668,1.6419263863172997e-05
2483,0.46331024169921875,0.4310915470123291,0.32218700647354126,1.6357716268940372e-05
2484,0.47684651613235474,0.44367697834968567,0.33169522881507874,1.6296273970136977e-05
2485,0.4431171119213104,0.4123017489910126,0.30815356969833374,1.6234937044111152e-05
2486,0.4774070978164673,0.44445744156837463,0.3294966518878937,1.6173705568078578e-05
2487,0.4626918435096741,0.42995867133140564,0.32733187079429626,1.611257961912227e-05
2488,0.45784345269203186,0.42613187432289124,0.3171159029006958,1.6051559274192275e-05
2489,0.5020670294761658,0.4668990671634674,0.35167962312698364,1.599064461010581e-05
2490,0.4483371078968048,0.41702431440353394,0.3131278455257416,1.5929835703546993e-05
2491,0.46316879987716675,0.4306418299674988,0.32526957988739014,1.5869132631066808e-05
2492,0.43166643381118774,0.4006538987159729,0.3101253807544708,1.5808535469082996e-05
2493,0.46341559290885925,0.4310756325721741,0.3233996331691742,1.574804429388004e-05
2494,0.4829619824886322,0.44917020201683044,0.33791786432266235,1.5687659181608916e-05
2495,0.4606216549873352,0.42830121517181396,0.3232044577598572,1.5627380208287114e-05
2496,0.4638596773147583,0.4313015043735504,0.32558178901672363,1.5567207449798515e-05
2497,0.4803697168827057,0.4463552236557007,0.3401450514793396,1.5507140981893253e-05
2498,0.45031511783599854,0.4186555743217468,0.3165954053401947,1.5447180880187706e-05
2499,0.47322046756744385,0.43993330001831055,0.33287176489830017,1.538732722016434e-05
2500,0.4594445824623108,0.427425354719162,0.3201923370361328,1.5327580077171587e-05
2501,0.4739505350589752,0.4408169984817505,0.33133530616760254,1.5267939526423824e-05
2502,0.4534219801425934,0.4217553436756134,0.31666645407676697,1.520840564300119e-05
2503,0.42639389634132385,0.39696362614631653,0.294302761554718,1.5148978501849642e-05
2504,0.4862046241760254,0.45207083225250244,0.3413379490375519,1.5089658177780653e-05
2505,0.46036791801452637,0.4274844825267792,0.32883429527282715,1.5030444745471294e-05
2506,0.45613211393356323,0.42407479882240295,0.320573091506958,1.4971338279464009e-05
2507,0.4637424349784851,0.4315751791000366,0.32167255878448486,1.4912338854166696e-05
2508,0.43858999013900757,0.40782880783081055,0.3076117932796478,1.485344654385239e-05
2509,0.4507739841938019,0.4197925627231598,0.3098142147064209,1.4794661422659306e-05
2510,0.47450879216194153,0.44072845578193665,0.33780336380004883,1.4735983564590783e-05
2511,0.442607045173645,0.41131818294525146,0.3128887712955475,1.4677413043515042e-05
2512,0.4666523337364197,0.4338317811489105,0.32820552587509155,1.4618949933165272e-05
2513,0.444425106048584,0.41325923800468445,0.31165871024131775,1.4560594307139364e-05
2514,0.4544127583503723,0.4230440557003021,0.31368714570999146,1.4502346238899945e-05
2515,0.4702005088329315,0.4370317757129669,0.331687331199646,1.4444205801774202e-05
2516,0.45148494839668274,0.4198591411113739,0.316258043050766,1.4386173068953846e-05
2517,0.4640374779701233,0.4316491186618805,0.3238835334777832,1.4328248113495047e-05
2518,0.4673815071582794,0.4349604547023773,0.324210524559021,1.427043100831823e-05
2519,0.4575366973876953,0.42546868324279785,0.32068005204200745,1.4212721826208086e-05
2520,0.4612673223018646,0.4288587272167206,0.32408586144447327,1.415512063981339e-05
2521,0.44833895564079285,0.417492151260376,0.3084681034088135,1.4097627521647061e-05
2522,0.4510904550552368,0.4197767376899719,0.31313732266426086,1.4040242544085913e-05
2523,0.48755374550819397,0.4528713822364807,0.34682369232177734,1.3982965779370626e-05
2524,0.41949915885925293,0.39008277654647827,0.29416394233703613,1.3925797299605647e-05
2525,0.46019893884658813,0.4277358949184418,0.32463034987449646,1.3868737176759094e-05
2526,0.4783724546432495,0.44470831751823425,0.3366415202617645,1.3811785482662764e-05
2527,0.5162444710731506,0.4800608158111572,0.36183658242225647,1.375494228901184e-05
2528,0.465015709400177,0.4325034022331238,0.3251229226589203,1.3698207667364982e-05
2529,0.462581604719162,0.42987117171287537,0.32710444927215576,1.3641581689144156e-05
2530,0.4773915410041809,0.44424211978912354,0.3314940631389618,1.3585064425634542e-05
2531,0.44672176241874695,0.41571488976478577,0.31006884574890137,1.3528655947984504e-05
2532,0.47185224294662476,0.4389273524284363,0.3292490541934967,1.3472356327205405e-05
2533,0.44753405451774597,0.4163568913936615,0.31177160143852234,1.341616563417163e-05
2534,0.46472278237342834,0.4320858120918274,0.3263698220252991,1.3360083939620394e-05
2535,0.4494800865650177,0.4180167019367218,0.3146337866783142,1.330411131415169e-05
2536,0.4670875072479248,0.43393179774284363,0.3315570056438446,1.3248247828228245e-05
2537,0.4809155762195587,0.44679245352745056,0.3412311375141144,1.3192493552175366e-05
2538,0.4535874128341675,0.4220985174179077,0.3148888647556305,1.3136848556180892e-05
2539,0.46825194358825684,0.4359648823738098,0.3228706121444702,1.308131291029504e-05
2540,0.46140044927597046,0.4294963479042053,0.31904104351997375,1.3025886684430467e-05
2541,0.4717262387275696,0.4384411573410034,0.33285075426101685,1.2970569948361999e-05
2542,0.43201953172683716,0.40189117193222046,0.30128371715545654,1.291536277172667e-05
2543,0.4257555603981018,0.39606887102127075,0.2968667447566986,1.2860265224023549e-05
2544,0.4701415002346039,0.43689724802970886,0.33244261145591736,1.2805277374613744e-05
2545,0.45142820477485657,0.4197787940502167,0.31649407744407654,1.2750399292720283e-05
2546,0.46988123655319214,0.43660905957221985,0.3327218294143677,1.2695631047427937e-05
2547,0.4731036424636841,0.4400842487812042,0.3301939070224762,1.2640972707683252e-05
2548,0.4418802857398987,0.4112163484096527,0.3066392242908478,1.2586424342294412e-05
2549,0.4512213468551636,0.41974055767059326,0.31480786204338074,1.2531986019931119e-05
2550,0.4630963206291199,0.4303613305091858,0.32734984159469604,1.2477657809124631e-05
2551,0.46209341287612915,0.43019840121269226,0.31895026564598083,1.242343977826752e-05
2552,0.4552433490753174,0.42329293489456177,0.3195042014122009,1.2369331995613653e-05
2553,0.45431822538375854,0.422542542219162,0.31775686144828796,1.2315334529278132e-05
2554,0.4434433877468109,0.4123857319355011,0.31057655811309814,1.2261447447237195e-05
2555,0.45145100355148315,0.4198343753814697,0.31616637110710144,1.2207670817328066e-05
2556,0.4560420513153076,0.4235399067401886,0.3250214159488678,1.2154004707249011e-05
2557,0.4599182605743408,0.4278164505958557,0.3210179805755615,1.2100449184559093e-05
2558,0.44189485907554626,0.41097500920295715,0.3091985583305359,1.2047004316678156e-05
2559,0.435272753238678,0.4047010540962219,0.30571693181991577,1.1993670170886806e-05
2560,0.4511992335319519,0.4195447266101837,0.31654495000839233,1.19404468143262e-05
2561,0.45682063698768616,0.4249090552330017,0.3191157877445221,1.1887334313998066e-05
2562,0.4412967562675476,0.4104437828063965,0.3085297644138336,1.1834332736764554e-05
2563,0.487328439950943,0.453087717294693,0.3424071669578552,1.1781442149348155e-05
2564,0.4890371561050415,0.4545646905899048,0.34472453594207764,1.1728662618331698e-05
2565,0.47407907247543335,0.4401843249797821,0.3389473855495453,1.1675994210158181e-05
2566,0.46345335245132446,0.4311429262161255,0.3231043219566345,1.1623436991130654e-05
2567,0.45777708292007446,0.4258529245853424,0.31924155354499817,1.1570991027412304e-05
2568,0.4812672436237335,0.4477689266204834,0.334983229637146,1.151865638502615e-05
2569,0.514163613319397,0.47783830761909485,0.3632531464099884,1.1466433129855158e-05
2570,0.494183212518692,0.4597664773464203,0.3441673517227173,1.141432132764202e-05
2571,0.49843907356262207,0.46388405561447144,0.3455503284931183,1.1362321043989132e-05
2572,0.45553040504455566,0.42407768964767456,0.3145270347595215,1.1310432344358502e-05
2573,0.45396530628204346,0.42231911420822144,0.3164619505405426,1.1258655294071685e-05
2574,0.433040976524353,0.4029764235019684,0.3006455898284912,1.1206989958309656e-05
2575,0.47237080335617065,0.4395386874675751,0.328321248292923,1.1155436402112785e-05
2576,0.42593273520469666,0.3963707387447357,0.2956198453903198,1.1103994690380681e-05
2577,0.4411129951477051,0.41060492396354675,0.30508074164390564,1.105266488787221e-05
2578,0.4842531085014343,0.4503019452095032,0.3395116925239563,1.1001447059205305e-05
2579,0.46317058801651,0.430488646030426,0.3268193304538727,1.0950341268857e-05
2580,0.4497620165348053,0.41778671741485596,0.319752961397171,1.0899347581163221e-05
2581,0.42916926741600037,0.3993484675884247,0.2982080578804016,1.0848466060318807e-05
2582,0.4398786425590515,0.40945273637771606,0.3042590916156769,1.0797696770377352e-05
2583,0.48243361711502075,0.44881391525268555,0.33619704842567444,1.0747039775251266e-05
2584,0.45529764890670776,0.4234265983104706,0.3187103867530823,1.069649513871147e-05
2585,0.4756728410720825,0.44227731227874756,0.33395519852638245,1.0646062924387512e-05
2586,0.4649062752723694,0.432931512594223,0.3197476267814636,1.0595743195767393e-05
2587,0.4668901264667511,0.4339115023612976,0.32978636026382446,1.0545536016197499e-05
2588,0.4548768997192383,0.42316314578056335,0.3171375095844269,1.0495441448882571e-05
2589,0.4755997061729431,0.4421410858631134,0.3345862925052643,1.0445459556885517e-05
2590,0.4521252512931824,0.4206816256046295,0.31443628668785095,1.0395590403127486e-05
2591,0.46573343873023987,0.43256834149360657,0.33165106177330017,1.0345834050387627e-05
2592,0.4667051434516907,0.4340750277042389,0.3263010084629059,1.0296190561303132e-05
2593,0.4582754075527191,0.4260387718677521,0.322366327047348,1.024665999836909e-05
2594,0.4727013409137726,0.4393925666809082,0.333087682723999,1.0197242423938446e-05
2595,0.4433478116989136,0.4128793478012085,0.30468475818634033,1.0147937900221883e-05
2596,0.45420387387275696,0.4227418005466461,0.3146207630634308,1.0098746489287758e-05
2597,0.4668933153152466,0.43462517857551575,0.3226812779903412,1.0049668253062105e-05
2598,0.4511640667915344,0.4193349778652191,0.3182907998561859,1.0000703253328414e-05
2599,0.4693227708339691,0.43605950474739075,0.33263272047042847,9.95185155172762e-06
2600,0.4769655168056488,0.44346368312835693,0.33501821756362915,9.903113209758096e-06
2601,0.44370612502098083,0.4130971431732178,0.30608972907066345,9.854488288775422e-06
2602,0.47738075256347656,0.44424495100975037,0.3313579857349396,9.805976849992494e-06
2603,0.4726780951023102,0.4396898150444031,0.32988280057907104,9.757578954479262e-06
2604,0.4771035611629486,0.44349801540374756,0.3360555171966553,9.709294663162771e-06
2605,0.4745546877384186,0.4415014684200287,0.33053216338157654,9.661124036827063e-06
2606,0.43559709191322327,0.40502581000328064,0.3057127892971039,9.61306713611304e-06
2607,0.4853942394256592,0.45139968395233154,0.3399457037448883,9.565124021518545e-06
2608,0.45626401901245117,0.4242515563964844,0.32012462615966797,9.517294753398064e-06
2609,0.4633382260799408,0.4310928285121918,0.32245391607284546,9.469579391962813e-06
2610,0.49866411089897156,0.4639338254928589,0.3473028242588043,9.421977997280596e-06
2611,0.44171443581581116,0.410897433757782,0.30816999077796936,9.3744906292758e-06
2612,0.45172783732414246,0.4198918342590332,0.31835994124412537,9.327117347729197e-06
2613,0.4535871148109436,0.42195430397987366,0.316328227519989,9.27985821227798e-06
2614,0.4754193127155304,0.44213712215423584,0.33282190561294556,9.23271328241564e-06
2615,0.45917677879333496,0.4264749586582184,0.32701820135116577,9.185682617491863e-06
2616,0.4468790888786316,0.41549721360206604,0.31381866335868835,9.138766276712552e-06
2617,0.47535204887390137,0.44199761748313904,0.3335442841053009,9.091964319139645e-06
2618,0.4560621678829193,0.4242594242095947,0.318027526140213,9.045276803691094e-06
2619,0.4731578826904297,0.44017791748046875,0.32979950308799744,8.998703789140772e-06
2620,0.482897013425827,0.44924360513687134,0.3365341126918793,8.952245334118414e-06
2621,0.46506690979003906,0.4325931668281555,0.324737548828125,8.905901497109581e-06
2622,0.42244330048561096,0.39291828870773315,0.2952500283718109,8.85967233645547e-06
2623,0.4408523142337799,0.41034218668937683,0.3051011860370636,8.813557910352999e-06
2624,0.4443359673023224,0.4131980240345001,0.3113795518875122,8.76755827685456e-06
2625,0.4484741985797882,0.4164905846118927,0.3198361396789551,8.72167349386811e-06
2626,0.46645587682724,0.43409499526023865,0.3236088156700134,8.675903619156977e-06
2627,0.5055743455886841,0.4699266254901886,0.35647711157798767,8.63024871033985e-06
2628,0.44444096088409424,0.4132712185382843,0.3116975724697113,8.584708824890697e-06
2629,0.44818562269210815,0.41709041595458984,0.3109520673751831,8.539284020138638e-06
2630,0.4627317786216736,0.430639386177063,0.3209238648414612,8.493974353268019e-06
2631,0.46002644300460815,0.4280562400817871,0.31970202922821045,8.448779881318148e-06
2632,0.4772307872772217,0.443917453289032,0.33313336968421936,8.403700661183355e-06
2633,0.45475703477859497,0.4228450059890747,0.3191203474998474,8.358736749612873e-06
2634,0.44473716616630554,0.4135591387748718,0.31178030371665955,8.313888203210774e-06
2635,0.463631272315979,0.43086037039756775,0.3277089595794678,8.269155078435931e-06
2636,0.4703705310821533,0.4380323588848114,0.32338184118270874,8.224537431601886e-06
2637,0.4464823603630066,0.41514724493026733,0.31335121393203735,8.1800353188768e-06
2638,0.47178733348846436,0.43876785039901733,0.3301948606967926,8.135648796283402e-06
2639,0.4960634708404541,0.46129071712493896,0.3477274775505066,8.091377919698895e-06
2640,0.481347918510437,0.44708356261253357,0.3426435887813568,8.047222744854943e-06
2641,0.49034392833709717,0.4555104076862335,0.34833526611328125,8.003183327337504e-06
2642,0.4626172184944153,0.4300898015499115,0.3252742886543274,7.95925972258683e-06
2643,0.47126755118370056,0.4381604492664337,0.3310709595680237,7.915451985897382e-06
2644,0.45021262764930725,0.41876664757728577,0.3144596815109253,7.871760172417763e-06
2645,0.48135116696357727,0.44759678840637207,0.3375438451766968,7.828184337150613e-06
2646,0.4463050067424774,0.4151042401790619,0.3120076656341553,7.784724534952625e-06
2647,0.4943190813064575,0.45972326397895813,0.34595829248428345,7.74138082053436e-06
2648,0.47863128781318665,0.4452502429485321,0.333810418844223,7.698153248460271e-06
2649,0.47899913787841797,0.4449821412563324,0.3401700258255005,7.655041873148605e-06
2650,0.45938143134117126,0.42682576179504395,0.32555681467056274,7.612046748871327e-06
2651,0.4598933756351471,0.42790138721466064,0.3199199438095093,7.56916792975404e-06
2652,0.4717857241630554,0.4387776851654053,0.3300803005695343,7.526405469775955e-06
2653,0.45334571599960327,0.4217030107975006,0.31642717123031616,7.483759422769765e-06
2654,0.4880965054035187,0.4541070759296417,0.33989429473876953,7.441229842421671e-06
2655,0.4684171974658966,0.4354974329471588,0.32919758558273315,7.398816782271223e-06
2656,0.45225971937179565,0.4204959571361542,0.3176375925540924,7.3565202957112555e-06
2657,0.4704959988594055,0.43650007247924805,0.33995914459228516,7.314340435987921e-06
2658,0.4336645305156708,0.40312057733535767,0.3054395318031311,7.272277256200499e-06
2659,0.45748668909072876,0.42573076486587524,0.31755924224853516,7.230330809301411e-06
2660,0.4547363221645355,0.4229803681373596,0.31755945086479187,7.1885011480961164e-06
2661,0.4835691452026367,0.44969451427459717,0.33874624967575073,7.1467883252430364e-06
2662,0.47237417101860046,0.4393808841705322,0.32993292808532715,7.105192393253524e-06
2663,0.46808716654777527,0.43557009100914,0.3251707851886749,7.063713404491812e-06
2664,0.46656709909439087,0.4343149662017822,0.3225213587284088,7.022351411174866e-06
2665,0.4724046289920807,0.4392932057380676,0.33111435174942017,6.981106465372389e-06
2666,0.46759161353111267,0.4344126284122467,0.3317897617816925,6.939978619006737e-06
2667,0.43710002303123474,0.40645283460617065,0.30647194385528564,6.8989679238528395e-06
2668,0.48146456480026245,0.4478781521320343,0.33586418628692627,6.858074431538164e-06
2669,0.4472740590572357,0.41624715924263,0.31026899814605713,6.817298193542643e-06
2670,0.42038512229919434,0.39111876487731934,0.2926635444164276,6.776639261198581e-06
2671,0.44800442457199097,0.41698530316352844,0.31019121408462524,6.736097685690601e-06
2672,0.4767943024635315,0.4434850215911865,0.33309292793273926,6.695673518055579e-06
2673,0.4886360168457031,0.4546656608581543,0.3397035598754883,6.655366809182662e-06
2674,0.4528077244758606,0.4215295612812042,0.3127814829349518,6.615177609813039e-06
2675,0.47746023535728455,0.4440859258174896,0.3337431848049164,6.5751059705400295e-06
2676,0.47558483481407166,0.4422817528247833,0.3330308198928833,6.5351519418089145e-06
2677,0.4761047959327698,0.4427211582660675,0.3338363468647003,6.4953155739169495e-06
2678,0.4480575919151306,0.41721075773239136,0.30846846103668213,6.455596917013273e-06
2679,0.44030526280403137,0.4093422591686249,0.3096299469470978,6.415996021098813e-06
2680,0.44013866782188416,0.40888911485671997,0.3124954402446747,6.37651293602628e-06
2681,0.45052817463874817,0.418636292219162,0.31891894340515137,6.3371477115000466e-06
2682,0.4660472869873047,0.4334585964679718,0.3258868157863617,6.29790039707614e-06
2683,0.461772084236145,0.4297582805156708,0.3201380968093872,6.258771042162137e-06
2684,0.4799084961414337,0.44646552205085754,0.33442962169647217,6.219759696017113e-06
2685,0.4734524190425873,0.4400997757911682,0.3335264027118683,6.180866407751595e-06
2686,0.4790031909942627,0.44552838802337646,0.33474811911582947,6.142091226327484e-06
2687,0.47351187467575073,0.44052058458328247,0.3299129009246826,6.103434200558011e-06
2688,0.47340238094329834,0.4399104118347168,0.3349197506904602,6.06489537910766e-06
2689,0.45927631855010986,0.4271951913833618,0.32081127166748047,6.0264748104920776e-06
2690,0.4683724045753479,0.43605470657348633,0.3231770396232605,5.988172543078097e-06
2691,0.4717887341976166,0.43870845437049866,0.33080270886421204,5.9499886250835805e-06
2692,0.4859538674354553,0.45194771885871887,0.34006139636039734,5.911923104577455e-06
2693,0.4496321678161621,0.4180253744125366,0.3160678446292877,5.8739760294795335e-06
2694,0.4688154458999634,0.43596208095550537,0.3285335898399353,5.8361474475605695e-06
2695,0.4853646457195282,0.4513840079307556,0.3398064374923706,5.7984374064421035e-06
2696,0.4682586193084717,0.4353494942188263,0.3290911316871643,5.760845953596527e-06
2697,0.4505963921546936,0.4185914993286133,0.32004880905151367,5.723373136346854e-06
2698,0.4663286805152893,0.4334312677383423,0.3289741277694702,5.6860190018667934e-06
2699,0.4875516891479492,0.4536861479282379,0.33865538239479065,5.6487835971806515e-06
2700,0.4444103240966797,0.41339898109436035,0.31011343002319336,5.611666969163243e-06
2701,0.45923253893852234,0.4270574450492859,0.3217509686946869,5.574669164539903e-06
2702,0.4690333902835846,0.43648919463157654,0.3254418969154358,5.537790229886319e-06
2703,0.46180519461631775,0.4294707179069519,0.32334479689598083,5.501030211628599e-06
2704,0.47113174200057983,0.4385565221309662,0.3257521390914917,5.464389156043115e-06
2705,0.46309030055999756,0.4309113621711731,0.32178953289985657,5.427867109256457e-06
2706,0.4411280155181885,0.40988677740097046,0.31241244077682495,5.39146411724547e-06
2707,0.43740639090538025,0.4067781865596771,0.3062819540500641,5.355180225837053e-06
2708,0.4634450376033783,0.4310076832771301,0.32437366247177124,5.3190154807082005e-06
2709,0.45742133259773254,0.4254593551158905,0.3196198046207428,5.282969927385906e-06
2710,0.48051437735557556,0.4469168484210968,0.33597517013549805,5.247043611247127e-06
2711,0.4406238794326782,0.4097481369972229,0.30875736474990845,5.211236577518719e-06
2712,0.4371064007282257,0.40615925192832947,0.30947160720825195,5.175548871277358e-06
2713,0.4673697352409363,0.4348178505897522,0.32551896572113037,5.13998053744954e-06
2714,0.43867796659469604,0.40806522965431213,0.30612727999687195,5.104531620811414e-06
2715,0.47829899191856384,0.4447755217552185,0.3352346420288086,5.0692021659888735e-06
2716,0.4731896221637726,0.44020938873291016,0.3298022747039795,5.033992217457395e-06
2717,0.4625336229801178,0.43035897612571716,0.32174649834632874,4.998901819541979e-06
2718,0.4543777406215668,0.4227259159088135,0.31651821732521057,4.963931016417167e-06
2719,0.4617455005645752,0.4294538199901581,0.32291677594184875,4.929079852106933e-06
2720,0.4346410930156708,0.40384072065353394,0.3080037534236908,4.8943483704846475e-06
2721,0.44806474447250366,0.41668108105659485,0.31383660435676575,4.859736615273003e-06
2722,0.41228392720222473,0.38344693183898926,0.28836989402770996,4.825244630043979e-06
2723,0.4465641975402832,0.4158884584903717,0.30675753951072693,4.790872458218754e-06
2724,0.44914430379867554,0.4176895320415497,0.31454765796661377,4.756620143067725e-06
2725,0.4800871014595032,0.4465048611164093,0.33582231402397156,4.722487727710368e-06
2726,0.4837121069431305,0.4495495855808258,0.3416251540184021,4.688475255115244e-06
2727,0.44522786140441895,0.4140397906303406,0.3118806779384613,4.65458276809988e-06
2728,0.4687180817127228,0.4352690279483795,0.334490567445755,4.620810309330803e-06
2729,0.4737725555896759,0.4409633278846741,0.32809239625930786,4.587157921323393e-06
2730,0.4419482350349426,0.4111502468585968,0.3079797625541687,4.553625646441928e-06
2731,0.48869144916534424,0.45452532172203064,0.3416612446308136,4.520213526899431e-06
2732,0.5049482583999634,0.4696013033390045,0.35346972942352295,4.486921604757699e-06
2733,0.4254893660545349,0.3957405090332031,0.2974885404109955,4.453749921927175e-06
2734,0.47516128420829773,0.44162312150001526,0.33538150787353516,4.420698520166988e-06
2735,0.4706951677799225,0.43818217515945435,0.32512980699539185,4.3877674410848e-06
2736,0.4447312355041504,0.4139259159564972,0.30805331468582153,4.35495672613685e-06
2737,0.46589529514312744,0.43361249566078186,0.32282811403274536,4.322266416627785e-06
2738,0.4602207541465759,0.4277949929237366,0.32425764203071594,4.289696553710731e-06
2739,0.4610428512096405,0.4289145767688751,0.3212827146053314,4.257247178387192e-06
2740,0.4707157015800476,0.437578946352005,0.3313674330711365,4.224918331506955e-06
2741,0.46139925718307495,0.4289262592792511,0.3247300088405609,4.19271005376809e-06
2742,0.4700177311897278,0.43734854459762573,0.32669198513031006,4.160622385716895e-06
2743,0.4466468095779419,0.41538408398628235,0.31262728571891785,4.1286553677478136e-06
2744,0.44194725155830383,0.4110954701900482,0.30851781368255615,4.096809040103444e-06
2745,0.4606826901435852,0.4283125102519989,0.3237016499042511,4.065083442874418e-06
2746,0.45861899852752686,0.42627593874931335,0.32343044877052307,4.033478615999376e-06
2747,0.503770649433136,0.46780896186828613,0.35961708426475525,4.001994599264957e-06
2748,0.4653170108795166,0.43264439702033997,0.3267260193824768,3.970631432305694e-06
2749,0.4902590215206146,0.455679714679718,0.34579309821128845,3.93938915460399e-06
2750,0.4881139397621155,0.4539836347103119,0.34130311012268066,3.908267805490051e-06
2751,0.48250463604927063,0.4485643208026886,0.3394032120704651,3.877267424141862e-06
2752,0.46018433570861816,0.4277152121067047,0.32469114661216736,3.8463880495851146e-06
2753,0.4715970456600189,0.4383026957511902,0.33294346928596497,3.815629720693192e-06
2754,0.4761173129081726,0.4429388642311096,0.33178433775901794,3.784992476187066e-06
2755,0.45346441864967346,0.4218383729457855,0.31626051664352417,3.7544763546352834e-06
2756,0.47177577018737793,0.43883296847343445,0.3294280469417572,3.7240813944539153e-06
2757,0.4622071385383606,0.4298049509525299,0.3240219056606293,3.6938076339065207e-06
2758,0.4663423001766205,0.43366438150405884,0.32677924633026123,3.6636551111040475e-06
2759,0.45068246126174927,0.41880953311920166,0.3187291920185089,3.633623864004887e-06
2760,0.4771999418735504,0.44374343752861023,0.33456507325172424,3.6037139304146762e-06
2761,0.47081881761550903,0.4377973973751068,0.33021414279937744,3.573925347986384e-06
2762,0.42281031608581543,0.3930666446685791,0.2974368631839752,3.5442581542201923e-06
2763,0.47781533002853394,0.4444654881954193,0.3334983289241791,3.5147123864634924e-06
2764,0.4678798317909241,0.4353243112564087,0.32555505633354187,3.485288081910798e-06
2765,0.4357258677482605,0.40467095375061035,0.3105492889881134,3.455985277603713e-06
2766,0.4517941474914551,0.41997721791267395,0.3181692361831665,3.426804010430884e-06
2767,0.5004266500473022,0.46499720215797424,0.3542943596839905,3.3977443171279823e-06
2768,0.46860387921333313,0.4360521137714386,0.3255176842212677,3.3688062342776106e-06
2769,0.461368590593338,0.4292866289615631,0.320819616317749,3.339989798309273e-06
2770,0.4588809609413147,0.4265681207180023,0.323128342628479,3.311295045499363e-06
2771,0.45493656396865845,0.42278945446014404,0.3214711844921112,3.282722011971051e-06
2772,0.47549018263816833,0.44244101643562317,0.3304916322231293,3.254270733694331e-06
2773,0.4903399348258972,0.45612335205078125,0.3421657383441925,3.2259412464858753e-06
2774,0.5044376850128174,0.46878665685653687,0.3565104603767395,3.197733586009055e-06
2775,0.4544650912284851,0.42262664437294006,0.3183845281600952,3.169647787773866e-06
2776,0.46685653924942017,0.4343738257884979,0.32482704520225525,3.1416838871368924e-06
2777,0.4632881283760071,0.4312784671783447,0.3200964629650116,3.1138419193012857e-06
2778,0.45696234703063965,0.4253317415714264,0.31630614399909973,3.086121919316698e-06
2779,0.45295780897140503,0.4209170341491699,0.3204076588153839,3.0585239220792037e-06
2780,0.4643474221229553,0.4318544268608093,0.3249300718307495,3.0310479623313127e-06
2781,0.4279463291168213,0.39780768752098083,0.3013865351676941,3.0036940746619224e-06
2782,0.49534183740615845,0.46026691794395447,0.35074910521507263,2.9764622935062438e-06
2783,0.47741544246673584,0.44332820177078247,0.3408724367618561,2.949352653145754e-06
2784,0.43477585911750793,0.4049566686153412,0.29819202423095703,2.922365187708187e-06
2785,0.4554789662361145,0.4236922264099121,0.31786736845970154,2.8954999311674558e-06
2786,0.4431963860988617,0.4122049808502197,0.3099140226840973,2.8687569173436623e-06
2787,0.45947369933128357,0.4272403419017792,0.32233354449272156,2.842136179902988e-06
2788,0.43360814452171326,0.403632789850235,0.2997536063194275,2.8156377523576803e-06
2789,0.45959123969078064,0.4279245138168335,0.3166672885417938,2.7892616680660457e-06
2790,0.4687735438346863,0.4360220730304718,0.3275146484375,2.7630079602323442e-06
2791,0.4339808225631714,0.4039626121520996,0.3001821041107178,2.7368766619067953e-06
2792,0.4795238673686981,0.445891410112381,0.3363245725631714,2.7108678059855065e-06
2793,0.4345718324184418,0.40419021248817444,0.3038161098957062,2.6849814252104754e-06
2794,0.4636150002479553,0.43090566992759705,0.32709330320358276,2.6592175521694795e-06
2795,0.4251646399497986,0.3955703675746918,0.2959427237510681,2.6335762192960743e-06
2796,0.4799410104751587,0.44617605209350586,0.3376496434211731,2.608057458869606e-06
2797,0.4430816173553467,0.4121130406856537,0.309685617685318,2.582661303015066e-06
2798,0.45041462779045105,0.4188045859336853,0.3161003589630127,2.5573877837031137e-06
2799,0.47859635949134827,0.44512540102005005,0.3347095847129822,2.532236932750021e-06
2800,0.4622175991535187,0.42956045269966125,0.32657137513160706,2.5072087818176382e-06
2801,0.4741303324699402,0.44017282128334045,0.3395752012729645,2.482303362413374e-06
2802,0.4471513628959656,0.4160754382610321,0.31075939536094666,2.457520705890093e-06
2803,0.4598313868045807,0.42754024267196655,0.32291150093078613,2.4328608434461276e-06
2804,0.4521174132823944,0.42053768038749695,0.315797358751297,2.4083238061252567e-06
2805,0.449625700712204,0.41806137561798096,0.3156431317329407,2.383909624816616e-06
2806,0.4695250689983368,0.43673956394195557,0.3278551399707794,2.3596183302546647e-06
2807,0.4529901444911957,0.42123958468437195,0.3175055980682373,2.3354499530191975e-06
2808,0.4749203026294708,0.44194766879081726,0.3297264575958252,2.311404523535243e-06
2809,0.4512192904949188,0.4196085035800934,0.31610798835754395,2.2874820720730438e-06
2810,0.4493642747402191,0.41783028841018677,0.3153398334980011,2.2636826287480873e-06
2811,0.45451804995536804,0.4229152500629425,0.31602805852890015,2.240006223520941e-06
2812,0.44121891260147095,0.41064831614494324,0.3057060241699219,2.2164528861973064e-06
2813,0.471781462430954,0.4379770755767822,0.338043749332428,2.193022646427978e-06
2814,0.4787028133869171,0.44535112380981445,0.3335169553756714,2.1697155337087604e-06
2815,0.46801480650901794,0.43502750992774963,0.32987284660339355,2.1465315773804616e-06
2816,0.45781514048576355,0.4260115623474121,0.318035751581192,2.123470806628858e-06
2817,0.4458177387714386,0.4140135645866394,0.31804174184799194,2.1005332504846597e-06
2818,0.4493527412414551,0.4177685081958771,0.3158422112464905,2.0777189378234143e-06
2819,0.4599379003047943,0.42701414227485657,0.329237699508667,2.0550278973656024e-06
2820,0.4711635410785675,0.43776485323905945,0.33398696780204773,2.032460157676452e-06
2821,0.4453211724758148,0.4143085777759552,0.31012606620788574,2.010015747165983e-06
2822,0.4228789508342743,0.39345741271972656,0.2942153215408325,1.9876946940889927e-06
2823,0.46901851892471313,0.43632930517196655,0.32689204812049866,1.965497026544938e-06
2824,0.4771873354911804,0.4441291093826294,0.3305822014808655,1.9434227724779984e-06
2825,0.4509284794330597,0.4191659092903137,0.31762582063674927,1.921471959676957e-06
2826,0.45843133330345154,0.42614850401878357,0.32282817363739014,1.899644615775209e-06
2827,0.4750969111919403,0.44154229760169983,0.3355461061000824,1.8779407682507077e-06
2828,0.44938188791275024,0.41788002848625183,0.3150187134742737,1.856360444425953e-06
2829,0.4399522840976715,0.40922293066978455,0.3072934150695801,1.834903671467958e-06
2830,0.42961740493774414,0.3997540771961212,0.2986331880092621,1.81357047638816e-06
2831,0.4743565618991852,0.4413076937198639,0.3304887115955353,1.7923608860424658e-06
2832,0.45432600378990173,0.42216789722442627,0.3215811252593994,1.771274927131139e-06
2833,0.4389391243457794,0.4080200791358948,0.30919039249420166,1.7503126261988355e-06
2834,0.47506821155548096,0.44135016202926636,0.33718034625053406,1.7294740096345575e-06
2835,0.4792214334011078,0.4455786943435669,0.3364272713661194,1.7087591036715534e-06
2836,0.4637637734413147,0.43177682161331177,0.3198694884777069,1.6881679343873636e-06
2837,0.45914098620414734,0.42742910981178284,0.31711864471435547,1.667700527703775e-06
2838,0.4569966197013855,0.42466384172439575,0.323327898979187,1.6473569093867436e-06
2839,0.46919894218444824,0.4360879063606262,0.33111029863357544,1.6271371050464056e-06
2840,0.47472843527793884,0.44175446033477783,0.32973986864089966,1.6070411401370334e-06
2841,0.46647804975509644,0.43399009108543396,0.3248797357082367,1.58706903995699e-06
2842,0.45313960313796997,0.421764999628067,0.3137461841106415,1.5672208296486969e-06
2843,0.450914204120636,0.4197128713130951,0.3120133876800537,1.5474965341986558e-06
2844,0.4498347342014313,0.41878435015678406,0.31050392985343933,1.5278961784373268e-06
2845,0.4699532687664032,0.43710649013519287,0.32846778631210327,1.5084197870391837e-06
2846,0.4627133309841156,0.4297167956829071,0.32996538281440735,1.4890673845226133e-06
2847,0.4461597204208374,0.4152471423149109,0.30912578105926514,1.469838995249928e-06
2848,0.49577653408050537,0.4607996642589569,0.3497687876224518,1.4507346434273316e-06
2849,0.44814133644104004,0.41688838601112366,0.31252938508987427,1.4317543531048749e-06
2850,0.46341902017593384,0.4314407706260681,0.3197826147079468,1.4128981481764115e-06
2851,0.45451074838638306,0.4224919378757477,0.32018813490867615,1.3941660523796196e-06
2852,0.4626926779747009,0.4306315779685974,0.3206111490726471,1.375558089295914e-06
2853,0.48178282380104065,0.4477725923061371,0.3401023745536804,1.3570742823504567e-06
2854,0.45786339044570923,0.4261736571788788,0.316897451877594,1.3387146548120899e-06
2855,0.4832763373851776,0.4492775797843933,0.3399876654148102,1.3204792297933588e-06
2856,0.44110921025276184,0.41038966178894043,0.3071954846382141,1.3023680302504338e-06
2857,0.43360626697540283,0.4037494361400604,0.29856839776039124,1.2843810789831102e-06
2858,0.468934565782547,0.4364161491394043,0.32518425583839417,1.2665183986347528e-06
2859,0.4862596094608307,0.4526531994342804,0.3360639810562134,1.2487800116922966e-06
2860,0.49984368681907654,0.46507495641708374,0.3476872444152832,1.231165940486234e-06
2861,0.45172634720802307,0.4203007221221924,0.3142561912536621,1.2136762071904838e-06
2862,0.4626632332801819,0.430504709482193,0.32158511877059937,1.1963108338225337e-06
2863,0.48557034134864807,0.4517647922039032,0.33805540204048157,1.1790698422432521e-06
2864,0.49758923053741455,0.46206334233283997,0.3552590310573578,1.1619532541569333e-06
2865,0.4585626721382141,0.4263194501399994,0.3224322199821472,1.1449610911112741e-06
2866,0.45100539922714233,0.4196537137031555,0.3135168254375458,1.128093374497352e-06
2867,0.48130282759666443,0.44788286089897156,0.33419957756996155,1.1113501255495485e-06
2868,0.4340427815914154,0.4038241505622864,0.30218642950057983,1.0947313653455694e-06
2869,0.4663180112838745,0.4335602819919586,0.3275773525238037,1.0782371148064241e-06
2870,0.43105798959732056,0.4006190299987793,0.30438974499702454,1.0618673946963365e-06
2871,0.4684343636035919,0.4355640709400177,0.328702837228775,1.0456222256227999e-06
2872,0.43784675002098083,0.40695464611053467,0.3089209794998169,1.0295016280365112e-06
2873,0.498514324426651,0.46340176463127136,0.35112547874450684,1.0135056222313143e-06
2874,0.47942906618118286,0.4454957842826843,0.3393326699733734,9.976342283442463e-07
2875,0.4410657584667206,0.40992963314056396,0.31136131286621094,9.818874663554357e-07
2876,0.4586278200149536,0.42671412229537964,0.31913694739341736,9.662653560881584e-07
2877,0.44336116313934326,0.41257768869400024,0.3078347146511078,9.50767917208728e-07
2878,0.45645153522491455,0.4247407913208008,0.31710749864578247,9.353951692265383e-07
2879,0.4517282545566559,0.42028936743736267,0.3143889009952545,9.20147131493998e-07
2880,0.4619351029396057,0.4297131299972534,0.3222197890281677,9.0502382320653e-07
2881,0.4788747727870941,0.44502636790275574,0.33848416805267334,8.900252634025274e-07
2882,0.4565218985080719,0.4248497188091278,0.3167218267917633,8.751514709633424e-07
2883,0.47019702196121216,0.4376712441444397,0.3252578377723694,8.604024646132857e-07
2884,0.4530954360961914,0.42108404636383057,0.320113867521286,8.457782629195388e-07
2885,0.4728071987628937,0.43983691930770874,0.3297027349472046,8.31278884292186e-07
2886,0.47341570258140564,0.4406658113002777,0.32749879360198975,8.16904346984193e-07
2887,0.45917266607284546,0.42723628878593445,0.31936386227607727,8.026546690913406e-07
2888,0.45495983958244324,0.42325061559677124,0.31709229946136475,7.885298685522235e-07
2889,0.45549866557121277,0.423425555229187,0.32073113322257996,7.745299631482405e-07
2890,0.4725196361541748,0.43927261233329773,0.3324701488018036,7.606549705035937e-07
2891,0.4867633879184723,0.4528583586215973,0.33905029296875,7.469049080851775e-07
2892,0.42788365483283997,0.3983876705169678,0.2949599325656891,7.332797932026459e-07
2893,0.4504944384098053,0.4192792773246765,0.3121514916419983,7.19779643008367e-07
2894,0.4510091543197632,0.4193767011165619,0.3163244426250458,7.064044744973686e-07
2895,0.45041853189468384,0.41901472210884094,0.31403806805610657,6.931543045073708e-07
2896,0.5047817826271057,0.4687626361846924,0.36019134521484375,6.800291497187083e-07
2897,0.4453980028629303,0.4144471287727356,0.3095088601112366,6.670290266543644e-07
2898,0.4255799353122711,0.3961302638053894,0.29449671506881714,6.541539516799033e-07
2899,0.47078970074653625,0.4379591941833496,0.32830503582954407,6.414039410034489e-07
2900,0.47449642419815063,0.441380113363266,0.3311629891395569,6.287790106757396e-07
2901,0.45525628328323364,0.4236193597316742,0.31636926531791687,6.162791765900177e-07
2902,0.4591621160507202,0.4273231327533722,0.3183898627758026,6.039044544820404e-07
2903,0.44667407870292664,0.41551774740219116,0.31156325340270996,5.916548599300576e-07
2904,0.45655354857444763,0.42484453320503235,0.3170902729034424,5.795304083548559e-07
2905,0.4946334660053253,0.45959925651550293,0.3503420650959015,5.675311150195928e-07
2906,0.46911802887916565,0.43660932779312134,0.32508689165115356,5.556569950299517e-07
2907,0.4706490933895111,0.43756189942359924,0.3308718502521515,5.439080633339866e-07
2908,0.44903913140296936,0.41767647862434387,0.31362658739089966,5.322843347221662e-07
2909,0.47648191452026367,0.4424976408481598,0.33984261751174927,5.207858238273522e-07
2910,0.44096919894218445,0.4103560745716095,0.30613112449645996,5.094125451247655e-07
2911,0.48273566365242004,0.44895926117897034,0.3377641439437866,4.981645129319756e-07
2912,0.4657028913497925,0.43350285291671753,0.32200050354003906,4.870417414088779e-07
2913,0.4849545657634735,0.45054522156715393,0.3440934121608734,4.760442445576829e-07
2914,0.43865761160850525,0.4085147976875305,0.30142804980278015,4.6517203622291615e-07
2915,0.4623717665672302,0.42983877658843994,0.3253299295902252,4.544251300913405e-07
2916,0.42244452238082886,0.39283525943756104,0.2960927188396454,4.438035396920004e-07
2917,0.4552716612815857,0.42339274287223816,0.31878915429115295,4.333072783961889e-07
2918,0.45150917768478394,0.41992130875587463,0.31587880849838257,4.2293635941742517e-07
2919,0.47477078437805176,0.4415343403816223,0.3323644995689392,4.1269079581142124e-07
2920,0.46602705121040344,0.4332725703716278,0.3275447487831116,4.025706004760932e-07
2921,0.4657522737979889,0.4330190122127533,0.3273327350616455,3.925757861515389e-07
2922,0.4680432677268982,0.4353804588317871,0.3266279995441437,3.827063654199936e-07
2923,0.4410967528820038,0.41027042269706726,0.30826321244239807,3.7296235070587435e-07
2924,0.4742697477340698,0.4410424828529358,0.3322727084159851,3.633437542756912e-07
2925,0.4491802155971527,0.4178332984447479,0.3134690523147583,3.5385058823809156e-07
2926,0.4338882565498352,0.4031815826892853,0.3070667088031769,3.444828645438047e-07
2927,0.44319605827331543,0.4122354984283447,0.3096054792404175,3.3524059498565297e-07
2928,0.47955211997032166,0.44568201899528503,0.33870095014572144,3.261237911985404e-07
2929,0.4390743374824524,0.4081816077232361,0.3089272081851959,3.171324646593865e-07
2930,0.4545747637748718,0.4225379228591919,0.3203684389591217,3.0826662668720364e-07
2931,0.43374285101890564,0.4033503234386444,0.30392518639564514,2.99526288442975e-07
2932,0.4540252089500427,0.422611802816391,0.31413406133651733,2.9091146092973254e-07
2933,0.4889333248138428,0.45512521266937256,0.338081032037735,2.8242215499248993e-07
2934,0.4278869926929474,0.3982775807380676,0.29609423875808716,2.740583813182429e-07
2935,0.4724176228046417,0.4395848512649536,0.32832780480384827,2.658201504359803e-07
2936,0.4632672965526581,0.43076178431510925,0.3250550925731659,2.577074727165951e-07
2937,0.4841868281364441,0.45027169585227966,0.33915120363235474,2.497203583729957e-07
2938,0.46438995003700256,0.4317912459373474,0.3259870707988739,2.418588174599612e-07
2939,0.48092806339263916,0.4475551247596741,0.3337293267250061,2.3412285987420847e-07
2940,0.45907557010650635,0.42703935503959656,0.32036206126213074,2.265124953543918e-07
2941,0.4535806477069855,0.4221329987049103,0.3144764304161072,2.1902773348100315e-07
2942,0.4759746789932251,0.44237762689590454,0.33597037196159363,2.1166858367646093e-07
2943,0.4204128384590149,0.39074039459228516,0.2967243194580078,2.0443505520503224e-07
2944,0.45686882734298706,0.4251689612865448,0.31699880957603455,1.973271571728441e-07
2945,0.4991050362586975,0.46339383721351624,0.3571119010448456,1.9034489852787218e-07
2946,0.4588927626609802,0.4270820617675781,0.31810688972473145,1.834882880599409e-07
2947,0.43468549847602844,0.40388649702072144,0.3079899549484253,1.7675733440066789e-07
2948,0.46544286608695984,0.43278542160987854,0.32657432556152344,1.7015204602350843e-07
2949,0.46458470821380615,0.4322972297668457,0.32287466526031494,1.6367243124372212e-07
2950,0.4917600154876709,0.45702579617500305,0.3473421633243561,1.5731849821833954e-07
2951,0.46908071637153625,0.43598514795303345,0.3309556841850281,1.5109025494620677e-07
2952,0.4534071683883667,0.42191004753112793,0.31497108936309814,1.449877092679075e-07
2953,0.457533597946167,0.42558613419532776,0.31947457790374756,1.3901086886580762e-07
2954,0.4649624228477478,0.4325573444366455,0.3240509033203125,1.3315974126401066e-07
2955,0.4484567940235138,0.4170721471309662,0.3138463497161865,1.274343338283801e-07
2956,0.4541128873825073,0.4223156273365021,0.3179726302623749,1.2183465376650605e-07
2957,0.47929391264915466,0.44612762331962585,0.33166301250457764,1.1636070812770516e-07
2958,0.4498063921928406,0.41830453276634216,0.31501856446266174,1.1101250380300965e-07
2959,0.48348522186279297,0.44968119263648987,0.33804017305374146,1.0579004752513389e-07
2960,0.4515434503555298,0.4198020100593567,0.317414253950119,1.0069334586854107e-07
2961,0.4823620319366455,0.44885027408599854,0.33511772751808167,9.572240524933218e-08
2962,0.46411049365997314,0.43172687292099,0.3238362967967987,9.087723192533482e-08
2963,0.4297443628311157,0.3999788165092468,0.2976553440093994,8.615783199602545e-08
2964,0.44728991389274597,0.41610783338546753,0.31182077527046204,8.156421140254056e-08
2965,0.4705876111984253,0.437357634305954,0.33229967951774597,7.709637592770991e-08
2966,0.49369412660598755,0.45890477299690247,0.3478933870792389,7.275433119596776e-08
2967,0.44915246963500977,0.41812652349472046,0.31025952100753784,6.853808267344164e-08
2968,0.4168262183666229,0.38812094926834106,0.2870526611804962,6.444763566786361e-08
2969,0.4607558846473694,0.42860329151153564,0.32152584195137024,6.048299532861457e-08
2970,0.45837193727493286,0.42611780762672424,0.32254141569137573,5.6644166646668826e-08
2971,0.4517301917076111,0.4200703799724579,0.31659814715385437,5.2931154454671783e-08
2972,0.4544380009174347,0.42232537269592285,0.3211262822151184,4.934396342684e-08
2973,0.4411701261997223,0.41061532497406006,0.3055480420589447,4.588259807901674e-08
2974,0.46834737062454224,0.43533486127853394,0.330125093460083,4.254706276862752e-08
2975,0.4408089220523834,0.409710556268692,0.3109837770462036,3.933736169471347e-08
2976,0.47704142332077026,0.44323307275772095,0.3380835950374603,3.6253498897886873e-08
2977,0.4944680333137512,0.4602316915988922,0.342363566160202,3.3295478260364496e-08
2978,0.47533127665519714,0.4420397877693176,0.33291497826576233,3.0463303505934295e-08
2979,0.42005249857902527,0.39075103402137756,0.2930145263671875,2.7756978199944273e-08
2980,0.4458586871623993,0.41481927037239075,0.310394287109375,2.5176505749346936e-08
2981,0.45010650157928467,0.4188973605632782,0.31209129095077515,2.2721889402621545e-08
2982,0.46250489354133606,0.4303349554538727,0.3216993510723114,2.039313224985184e-08
2983,0.44968125224113464,0.4176867604255676,0.3199448585510254,1.8190237222648343e-08
2984,0.47112980484962463,0.4382176399230957,0.3291216492652893,1.6113207094181626e-08
2985,0.45468807220458984,0.42292097210884094,0.31767094135284424,1.4162044479182346e-08
2986,0.4463670253753662,0.4152801036834717,0.31086915731430054,1.2336751833941229e-08
2987,0.46786049008369446,0.43515339493751526,0.32707083225250244,1.0637331456264666e-08
2988,0.4464968144893646,0.41486066579818726,0.3163614571094513,9.063785485508014e-09
2989,0.4575982987880707,0.42498642206192017,0.32611867785453796,7.616115902586707e-09
2990,0.44966939091682434,0.41752055287361145,0.3214883804321289,6.294324529942941e-09
2991,0.4429578185081482,0.41188520193099976,0.3107261657714844,5.098413031534577e-09
2992,0.4759896695613861,0.44251760840415955,0.334720641374588,4.028382912890649e-09
2993,0.44796428084373474,0.4168919622898102,0.31072309613227844,3.0842355210336515e-09
2994,0.49241894483566284,0.45814886689186096,0.3427008092403412,2.2659720445239452e-09
2995,0.47638770937919617,0.4427269995212555,0.3366070091724396,1.5735935134708613e-09
2996,0.47409895062446594,0.4404605031013489,0.3363845944404602,1.0071007994771898e-09
2997,0.45893746614456177,0.42668962478637695,0.32247844338417053,5.664946157168949e-10
2998,0.45844921469688416,0.4263227581977844,0.32126444578170776,2.5177551682409317e-10
2999,0.49795737862586975,0.46242856979370117,0.35528799891471863,6.294389901517761e-11
