step,loss,temporal,spectral,lr
0,0.7403037548065186,0.6919514536857605,0.4835231304168701,1.0000000000000002e-06
1,0.7539556622505188,0.7045630812644958,0.4939255714416504,2.0000000000000003e-06
2,0.7782590389251709,0.7273575663566589,0.5090150237083435,3e-06
3,0.7535760402679443,0.7042918801307678,0.49284183979034424,4.000000000000001e-06
4,0.7572608590126038,0.7072694301605225,0.499914288520813,5e-06
5,0.761933445930481,0.7112072110176086,0.5072625279426575,6e-06
6,0.7712276577949524,0.7197132706642151,0.5151439905166626,7.000000000000001e-06
7,0.7381078600883484,0.6892240047454834,0.4888387620449066,8.000000000000001e-06
8,0.7403387427330017,0.6902156472206116,0.5012307167053223,9e-06
9,0.7451472878456116,0.695126473903656,0.5002080798149109,1e-05
10,0.7120203971862793,0.6646289229393005,0.4739145338535309,1.1000000000000001e-05
11,0.7178807854652405,0.6691392660140991,0.48741504549980164,1.2e-05
12,0.7406099438667297,0.6900503635406494,0.5055959224700928,1.3000000000000001e-05
13,0.6942944526672363,0.6468808054924011,0.47413623332977295,1.4000000000000001e-05
14,0.6710301041603088,0.6245864629745483,0.4644366204738617,1.5e-05
15,0.6643931865692139,0.6187896728515625,0.4560348689556122,1.6000000000000003e-05
16,0.6542383432388306,0.6088042259216309,0.45434096455574036,1.7000000000000003e-05
17,0.6658807396888733,0.6194148659706116,0.4646589159965515,1.8e-05
18,0.6833425164222717,0.6348876357078552,0.4845485985279083,1.9e-05
19,0.6524528861045837,0.6069470643997192,0.45505836606025696,2e-05
20,0.6371781826019287,0.5926077365875244,0.44570428133010864,2.1e-05
21,0.6405810117721558,0.5945899486541748,0.45991042256355286,2.2000000000000003e-05
22,0.6211509704589844,0.577781617641449,0.4336937665939331,2.3000000000000003e-05
23,0.6233156323432922,0.5795033574104309,0.4381229281425476,2.4e-05
24,0.6549009680747986,0.6087923645973206,0.4610860049724579,2.5e-05
25,0.633520245552063,0.5887061357498169,0.4481409788131714,2.6000000000000002e-05
26,0.6021620631217957,0.5590377449989319,0.4312433898448944,2.7000000000000002e-05
27,0.614659309387207,0.5713016390800476,0.4335770010948181,2.8000000000000003e-05
28,0.5885304808616638,0.5473155379295349,0.4121495485305786,2.9e-05
29,0.6030493378639221,0.5610564947128296,0.41992849111557007,3e-05
30,0.5814522504806519,0.5405584573745728,0.4089379608631134,3.1e-05
31,0.619974672794342,0.5757307410240173,0.4424390494823456,3.2000000000000005e-05
32,0.5890661478042603,0.5475179553031921,0.4154821038246155,3.3e-05
33,0.6098086833953857,0.5666280388832092,0.43180644512176514,3.4000000000000007e-05
34,0.5620637536048889,0.5219800472259521,0.4008370339870453,3.5e-05
35,0.5932961106300354,0.5513196587562561,0.41976451873779297,3.6e-05
36,0.5961310267448425,0.5536576509475708,0.42473354935646057,3.7e-05
37,0.585934579372406,0.5441476106643677,0.4178696870803833,3.8e-05
38,0.6115478277206421,0.5683984756469727,0.4314938187599182,3.9000000000000006e-05
39,0.5812860131263733,0.5400725603103638,0.4121342897415161,4e-05
40,0.5692739486694336,0.5291599035263062,0.40114057064056396,4.1e-05
41,0.5597638487815857,0.5201020240783691,0.3966180086135864,4.2e-05
42,0.5666302442550659,0.5264132618904114,0.4021698534488678,4.3e-05
43,0.5679023265838623,0.5274227857589722,0.4047955274581909,4.4000000000000006e-05
44,0.5607906579971313,0.5209225416183472,0.39868128299713135,4.5e-05
45,0.5403963327407837,0.501787543296814,0.38608819246292114,4.600000000000001e-05
46,0.5347120761871338,0.4965468645095825,0.3816521465778351,4.7e-05
47,0.5552126169204712,0.5155303478240967,0.39682239294052124,4.8e-05
48,0.5412380695343018,0.5019177794456482,0.39320269227027893,4.9e-05
49,0.5518127083778381,0.5125280618667603,0.3928462564945221,5e-05
50,0.5572165846824646,0.5169119238853455,0.4030464291572571,5.1000000000000006e-05
51,0.5576138496398926,0.517758846282959,0.39855027198791504,5.2000000000000004e-05
52,0.5232224464416504,0.48448246717453003,0.3873996138572693,5.300000000000001e-05
53,0.534147322177887,0.49564677476882935,0.38500553369522095,5.4000000000000005e-05
54,0.5738022923469543,0.5327900052070618,0.41012293100357056,5.500000000000001e-05
55,0.5395758748054504,0.500648021697998,0.3892783224582672,5.6000000000000006e-05
56,0.5368492603302002,0.49830564856529236,0.38543590903282166,5.6999999999999996e-05
57,0.5464464426040649,0.5078248977661133,0.3862157464027405,5.8e-05
58,0.51692134141922,0.4801257848739624,0.36795568466186523,5.9e-05
59,0.5404865741729736,0.5021451115608215,0.3834143280982971,6e-05
60,0.5277307033538818,0.48964062333106995,0.38090071082115173,6.1e-05
61,0.5094932913780212,0.47254183888435364,0.36951470375061035,6.2e-05
62,0.5244110226631165,0.4869126081466675,0.3749840259552002,6.3e-05
63,0.5308245420455933,0.4926399290561676,0.3818459212779999,6.400000000000001e-05
64,0.5398257970809937,0.5011211633682251,0.3870464563369751,6.500000000000001e-05
65,0.5023237466812134,0.465977281332016,0.36346447467803955,6.6e-05
66,0.5400752425193787,0.5014435052871704,0.3863174021244049,6.7e-05
67,0.5069024562835693,0.47041961550712585,0.3648281395435333,6.800000000000001e-05
68,0.5295236110687256,0.4914155900478363,0.3810800015926361,6.9e-05
69,0.5240796804428101,0.48641321063041687,0.37666454911231995,7e-05
70,0.5136889219284058,0.4769522547721863,0.36736640334129333,7.1e-05
71,0.5047529339790344,0.46947214007377625,0.3528077006340027,7.2e-05
72,0.4990184009075165,0.46355125308036804,0.35467153787612915,7.3e-05
73,0.5186067819595337,0.4821387529373169,0.36468032002449036,7.4e-05
74,0.5036099553108215,0.46730995178222656,0.3630000948905945,7.500000000000001e-05
75,0.5040029883384705,0.46750086545944214,0.3650214374065399,7.6e-05
76,0.4951309859752655,0.46007677912712097,0.35054194927215576,7.7e-05
77,0.5365344882011414,0.4992675483226776,0.372669517993927,7.800000000000001e-05
78,0.5227584838867188,0.48553603887557983,0.37222418189048767,7.900000000000001e-05
79,0.5164825320243835,0.4798486530780792,0.36633896827697754,8e-05
80,0.5284304618835449,0.49049946665763855,0.3793099820613861,8.1e-05
81,0.5047160983085632,0.46906691789627075,0.35649195313453674,8.2e-05
82,0.5113177299499512,0.47515085339546204,0.36166903376579285,8.3e-05
83,0.4876817762851715,0.45322030782699585,0.3446146845817566,8.4e-05
84,0.510467529296875,0.47439923882484436,0.3606829345226288,8.5e-05
85,0.5039169788360596,0.46816375851631165,0.35753223299980164,8.6e-05
86,0.49572426080703735,0.46018072962760925,0.35543546080589294,8.7e-05
87,0.4979540705680847,0.4622255861759186,0.3572847843170166,8.800000000000001e-05
88,0.5208306312561035,0.48346593976020813,0.3736468255519867,8.900000000000001e-05
89,0.4972767233848572,0.4623163938522339,0.3496032655239105,9e-05
90,0.5043717622756958,0.46873316168785095,0.3563862442970276,9.1e-05
91,0.5070805549621582,0.47073712944984436,0.3634343445301056,9.200000000000001e-05
92,0.5123952627182007,0.47571861743927,0.3667665123939514,9.300000000000001e-05
93,0.497333288192749,0.4621678292751312,0.3516545593738556,9.4e-05
94,0.507011890411377,0.4712505042552948,0.3576139509677887,9.5e-05
95,0.5273535251617432,0.4896915853023529,0.3766193985939026,9.6e-05
96,0.5176502466201782,0.48071762919425964,0.3693258762359619,9.7e-05
97,0.4876505732536316,0.4526721239089966,0.34978440403938293,9.8e-05
98,0.49538490176200867,0.4601233899593353,0.3526151478290558,9.900000000000001e-05
99,0.47971370816230774,0.4459577798843384,0.337559312582016,0.0001
100,0.49394968152046204,0.4588499367237091,0.3509973883628845,0.000101
101,0.5141127109527588,0.47736743092536926,0.36745280027389526,0.00010200000000000001
102,0.4983197748661041,0.4628992974758148,0.3542046844959259,0.00010300000000000001
103,0.5153789520263672,0.4788953959941864,0.364835649728775,0.00010400000000000001
104,0.4900687634944916,0.45514294505119324,0.34925830364227295,0.000105
105,0.4850417673587799,0.44997453689575195,0.3506723642349243,0.00010600000000000002
106,0.4984254240989685,0.46270015835762024,0.3572525978088379,0.00010700000000000001
107,0.5070105195045471,0.4708111584186554,0.3619937300682068,0.00010800000000000001
108,0.5202367901802063,0.48364192247390747,0.36594855785369873,0.000109
109,0.49049878120422363,0.4550377428531647,0.3546104431152344,0.00011000000000000002
110,0.4955258369445801,0.45999306440353394,0.3553275763988495,0.00011100000000000001
111,0.49951162934303284,0.4637991189956665,0.3571249842643738,0.00011200000000000001
112,0.4892503321170807,0.45427951216697693,0.34970822930336,0.000113
113,0.5201622247695923,0.48294752836227417,0.3721471130847931,0.00011399999999999999
114,0.5024097561836243,0.46672582626342773,0.3568393588066101,0.00011499999999999999
115,0.4814682602882385,0.446940541267395,0.34527719020843506,0.000116
116,0.49431419372558594,0.45974284410476685,0.3457135260105133,0.000117
117,0.5139334201812744,0.4776630103588104,0.3627040684223175,0.000118
118,0.4987209141254425,0.4630056321620941,0.3571527302265167,0.000119
119,0.4843137562274933,0.44980886578559875,0.34504902362823486,0.00012
120,0.4925244152545929,0.4573895037174225,0.35134899616241455,0.000121
121,0.49639931321144104,0.4613038897514343,0.3509543538093567,0.000122
122,0.4888932406902313,0.45351606607437134,0.3537716865539551,0.000123
123,0.4741392731666565,0.4400101602077484,0.34129124879837036,0.000124
124,0.46951353549957275,0.4362410008907318,0.332725465297699,0.000125
125,0.4935915470123291,0.4583486318588257,0.35242921113967896,0.000126
126,0.4991169571876526,0.4636267423629761,0.3549022376537323,0.000127
127,0.49388378858566284,0.4589429497718811,0.34940826892852783,0.00012800000000000002
128,0.5050490498542786,0.4691358208656311,0.3591320216655731,0.00012900000000000002
129,0.5280077457427979,0.49052694439888,0.3748079240322113,0.00013000000000000002
130,0.4903842806816101,0.455432653427124,0.3495161235332489,0.000131
131,0.4898090362548828,0.4543626308441162,0.35446417331695557,0.000132
132,0.47723111510276794,0.44336289167404175,0.3386821150779724,0.000133
133,0.48518767952919006,0.4505901336669922,0.3459753692150116,0.000134
134,0.46889278292655945,0.43543392419815063,0.3345887064933777,0.00013500000000000003
135,0.48307377099990845,0.44826796650886536,0.34805819392204285,0.00013600000000000003
136,0.47523272037506104,0.44155532121658325,0.336774080991745,0.00013700000000000002
137,0.4935676157474518,0.4588260054588318,0.34741610288619995,0.000138
138,0.5043891668319702,0.4684753715991974,0.359138160943985,0.000139
139,0.4865967333316803,0.4518636167049408,0.3473312258720398,0.00014
140,0.4903719425201416,0.45547282695770264,0.3489912748336792,0.000141
141,0.4742276668548584,0.4403798282146454,0.33847835659980774,0.000142
142,0.49216780066490173,0.45756733417510986,0.34600454568862915,0.000143
143,0.48368769884109497,0.44923391938209534,0.3445378839969635,0.000144
144,0.4977477490901947,0.46202367544174194,0.35724079608917236,0.000145
145,0.4766172170639038,0.4428579807281494,0.3375924527645111,0.000146
146,0.46298494935035706,0.4295164942741394,0.33468466997146606,0.000147
147,0.48118454217910767,0.4471200704574585,0.3406447172164917,0.000148
148,0.5041370987892151,0.4677944481372833,0.3634265065193176,0.00014900000000000002
149,0.4882522225379944,0.4543895125389099,0.3386269509792328,0.00015000000000000001
150,0.49541544914245605,0.46001484990119934,0.3540061414241791,0.000151
151,0.4773698151111603,0.4438021779060364,0.33567625284194946,0.000152
152,0.504172146320343,0.4676045775413513,0.3656754493713379,0.000153
153,0.47890764474868774,0.44493192434310913,0.3397572338581085,0.000154
154,0.5026437640190125,0.4667000472545624,0.35943713784217834,0.000155
155,0.48868149518966675,0.45403674244880676,0.3464474081993103,0.00015600000000000002
156,0.48371532559394836,0.44955599308013916,0.34159329533576965,0.00015700000000000002
157,0.48895472288131714,0.45384183526039124,0.35112884640693665,0.00015800000000000002
158,0.45306867361068726,0.4208206236362457,0.3224804997444153,0.00015900000000000002
159,0.501725971698761,0.466472864151001,0.3525308072566986,0.00016
160,0.4889685809612274,0.45369085669517517,0.352777361869812,0.000161
161,0.48843634128570557,0.4532223343849182,0.3521402180194855,0.000162
162,0.4812922179698944,0.4468151330947876,0.34477078914642334,0.000163
163,0.4791083037853241,0.44488510489463806,0.34223198890686035,0.000164
164,0.4690985679626465,0.4355846345424652,0.3351391851902008,0.000165
165,0.47485050559043884,0.4408070147037506,0.3404349088668823,0.000166
166,0.5048459768295288,0.46889424324035645,0.3595176041126251,0.000167
167,0.48945584893226624,0.4544752538204193,0.3498059809207916,0.000168
168,0.48404619097709656,0.4499949812889099,0.34051206707954407,0.00016900000000000002
169,0.4822319746017456,0.44764232635498047,0.345896452665329,0.00017
170,0.44913825392723083,0.41677117347717285,0.32367071509361267,0.000171
171,0.47106555104255676,0.43772828578948975,0.3333725929260254,0.000172
172,0.46007782220840454,0.4268040657043457,0.3327375650405884,0.000173
173,0.471830278635025,0.4385557174682617,0.33274567127227783,0.000174
174,0.5119934678077698,0.47569382190704346,0.3629964292049408,0.000175
175,0.4695620536804199,0.43525996804237366,0.3430207669734955,0.00017600000000000002
176,0.48063647747039795,0.44540348649024963,0.3523299992084503,0.00017700000000000002
177,0.4692732095718384,0.43600165843963623,0.3327154815196991,0.00017800000000000002
178,0.49109724164009094,0.4559827744960785,0.35114458203315735,0.00017900000000000001
179,0.4848751425743103,0.45035314559936523,0.3452199399471283,0.00018
180,0.45263025164604187,0.4208529591560364,0.3177729547023773,0.000181
181,0.46923649311065674,0.43599623441696167,0.33240267634391785,0.000182
182,0.47707557678222656,0.4424608051776886,0.34614765644073486,0.000183
183,0.46379581093788147,0.4302818775177002,0.3351394236087799,0.00018400000000000003
184,0.4781724512577057,0.44459035992622375,0.3358210325241089,0.00018500000000000002
185,0.479134738445282,0.4452918469905853,0.3384288549423218,0.00018600000000000002
186,0.45467445254325867,0.42212173342704773,0.3255273103713989,0.00018700000000000002
187,0.4646120071411133,0.4314374029636383,0.3317458927631378,0.000188
188,0.46396318078041077,0.4302455186843872,0.33717668056488037,0.00018899999999999999
189,0.48561686277389526,0.4505423605442047,0.35074514150619507,0.00019
190,0.47022131085395813,0.43609902262687683,0.3412227928638458,0.000191
191,0.4593081474304199,0.42633625864982605,0.32971903681755066,0.000192
192,0.45921292901039124,0.425729900598526,0.33483031392097473,0.000193
193,0.46836763620376587,0.4340733289718628,0.3429429829120636,0.000194
194,0.46055904030799866,0.42716577649116516,0.3339327573776245,0.000195
195,0.47949153184890747,0.4457687437534332,0.337228000164032,0.000196
196,0.44381842017173767,0.41135960817337036,0.3245881497859955,0.00019700000000000002
197,0.4485867917537689,0.4162614941596985,0.32325300574302673,0.00019800000000000002
198,0.4720786213874817,0.43850797414779663,0.3357063829898834,0.000199
199,0.47384119033813477,0.4397760331630707,0.3406514525413513,0.0002
200,0.43530118465423584,0.40309861302375793,0.3220258355140686,0.0002
201,0.4627687335014343,0.429815411567688,0.32953327894210815,0.00019999993705610097
202,0.4438415765762329,0.4115804135799408,0.32261165976524353,0.00019999974822448318
203,0.47329357266426086,0.43905046582221985,0.3424310088157654,0.0001999994335053843
204,0.44782301783561707,0.4157470464706421,0.3207598030567169,0.00019999899289920055
205,0.5052024126052856,0.4687981605529785,0.3640424609184265,0.00019999842640648654
206,0.4725863039493561,0.4388432502746582,0.3374304473400116,0.00019999773402795549
207,0.4413021504878998,0.40981048345565796,0.31491661071777344,0.00019999691576447898
208,0.423947811126709,0.39333096146583557,0.30616849660873413,0.00019999597161708712
209,0.4335021674633026,0.40242740511894226,0.31074759364128113,0.00019999490158696846
210,0.43031787872314453,0.39977946877479553,0.30538415908813477,0.00019999370567547008
211,0.44108131527900696,0.4102056920528412,0.3087563216686249,0.00019999238388409744
212,0.4382452070713043,0.40630415081977844,0.3194105625152588,0.0001999909362145145
213,0.4757477939128876,0.4417892396450043,0.33958545327186584,0.00019998936266854377
214,0.4597085416316986,0.426195353269577,0.33513179421424866,0.00019998766324816607
215,0.4729948937892914,0.43966636061668396,0.33328530192375183,0.00019998583795552083
216,0.45958060026168823,0.42695721983909607,0.3262338638305664,0.00019998388679290583
217,0.4445488154888153,0.41258513927459717,0.31963688135147095,0.00019998180976277735
218,0.4481692612171173,0.415436327457428,0.3273294270038605,0.00019997960686775015
219,0.44463154673576355,0.4131736159324646,0.31457942724227905,0.00019997727811059738
220,0.4446079432964325,0.41267868876457214,0.31929248571395874,0.00019997482349425066
221,0.43932053446769714,0.4079791307449341,0.31341397762298584,0.00019997224302180006
222,0.44001662731170654,0.4089617431163788,0.3105488717556,0.0001999695366964941
223,0.44949838519096375,0.4170374274253845,0.32460954785346985,0.00019996670452173966
224,0.44787371158599854,0.41541409492492676,0.3245960474014282,0.0001999637465011021
225,0.4365840554237366,0.4052145183086395,0.31369534134864807,0.00019996066263830531
226,0.4426407814025879,0.41127869486808777,0.31362074613571167,0.00019995745293723138
227,0.4453791379928589,0.4128831923007965,0.3249594569206238,0.000199954117401921
228,0.44789204001426697,0.41519907116889954,0.32692962884902954,0.00019995065603657316
229,0.4386022388935089,0.4068208336830139,0.31781408190727234,0.00019994706884554533
230,0.4694649279117584,0.4353961646556854,0.34068769216537476,0.00019994335583335335
231,0.4497773349285126,0.418048620223999,0.3172871470451355,0.00019993951700467139
232,0.44100821018218994,0.40894827246665955,0.320599228143692,0.00019993555236433213
233,0.42985087633132935,0.39912331104278564,0.30727577209472656,0.00019993146191732658
234,0.44101449847221375,0.4092036783695221,0.3181082010269165,0.00019992724566880404
235,0.41756170988082886,0.3871568441390991,0.3040487766265869,0.0001999229036240723
236,0.4398491680622101,0.4084075391292572,0.3144162893295288,0.00019991843578859747
237,0.4637698829174042,0.4304279386997223,0.333419531583786,0.00019991384216800398
238,0.4132370352745056,0.38329631090164185,0.2994072735309601,0.00019990912276807466
239,0.48001211881637573,0.44569531083106995,0.3431680500507355,0.00019990427759475067
240,0.4568808078765869,0.42446231842041016,0.3241848945617676,0.00019989930665413147
241,0.439571738243103,0.40759363770484924,0.3197808861732483,0.0001998942099524749
242,0.43918123841285706,0.40784409642219543,0.3133714199066162,0.00019988898749619702
243,0.42624959349632263,0.395862340927124,0.3038724660873413,0.0001998836392918723
244,0.4368017613887787,0.4057543873786926,0.31047382950782776,0.00019987816534623352
245,0.42678892612457275,0.3964523375034332,0.3033657670021057,0.00019987256566617162
246,0.43749022483825684,0.4054099917411804,0.3208024799823761,0.00019986684025873598
247,0.4543168544769287,0.42187991738319397,0.3243694305419922,0.0001998609891311342
248,0.4202888011932373,0.3904133141040802,0.2987547218799591,0.0001998550122907321
249,0.4417211711406708,0.40997394919395447,0.3174721300601959,0.00019984890974505381
250,0.4399031698703766,0.40813925862312317,0.3176390528678894,0.00019984268150178167
251,0.4290182292461395,0.398246169090271,0.3077206611633301,0.0001998363275687563
252,0.4429294466972351,0.4113401770591736,0.3158928155899048,0.0001998298479539765
253,0.44767725467681885,0.41549837589263916,0.3217886984348297,0.00019982324266559935
254,0.4736958146095276,0.4401794373989105,0.3351639211177826,0.00019981651171194006
255,0.4543549716472626,0.4212712049484253,0.3308376669883728,0.00019980965510147213
256,0.4307047426700592,0.39974090456962585,0.3096383512020111,0.00019980267284282717
257,0.42267486453056335,0.39271512627601624,0.2995973825454712,0.000199795564944795
258,0.4587118327617645,0.4258939027786255,0.328179270029068,0.00019978833141632354
259,0.43402397632598877,0.402783066034317,0.31240925192832947,0.00019978097226651902
260,0.41471177339553833,0.3849168121814728,0.29794976115226746,0.0001997734875046456
261,0.4491133689880371,0.41640549898147583,0.3270786702632904,0.0001997658771401258
262,0.4351906478404999,0.4040089249610901,0.31181710958480835,0.00019975814118254007
263,0.4328969120979309,0.40170422196388245,0.311926931142807,0.00019975027964162702
264,0.42463141679763794,0.39324602484703064,0.31385400891304016,0.00019974229252728342
265,0.4558907747268677,0.42382577061653137,0.3206499516963959,0.00019973417984956403
266,0.45334845781326294,0.42129459977149963,0.3205385208129883,0.00019972594161868178
267,0.4454612135887146,0.4137871265411377,0.316741019487381,0.00019971757784500752
268,0.423056423664093,0.3926844000816345,0.3037201762199402,0.00019970908853907026
269,0.43235528469085693,0.4014504551887512,0.3090481758117676,0.00019970047371155704
270,0.41679492592811584,0.38733670115470886,0.29458218812942505,0.0001996917333733128
271,0.4250645637512207,0.3952953815460205,0.2976917624473572,0.00019968286753534062
272,0.427858829498291,0.3978460729122162,0.30012744665145874,0.00019967387620880146
273,0.4148055613040924,0.38548946380615234,0.29316091537475586,0.00019966475940501435
274,0.42994436621665955,0.3985863924026489,0.31357985734939575,0.0001996555171354562
275,0.4422897398471832,0.41052350401878357,0.31766238808631897,0.00019964614941176195
276,0.4365346133708954,0.40546438097953796,0.310702383518219,0.00019963665624572432
277,0.4085012376308441,0.37967315316200256,0.2882809042930603,0.00019962703764929413
278,0.44240131974220276,0.4106426239013672,0.31758707761764526,0.00019961729363458003
279,0.40291082859039307,0.37491661310195923,0.279942125082016,0.00019960742421384846
280,0.4316379129886627,0.40085843205451965,0.30779483914375305,0.00019959742939952392
281,0.4057955741882324,0.3766056299209595,0.2918994426727295,0.00019958730920418858
282,0.4322853684425354,0.40121713280677795,0.31068238615989685,0.00019957706364058257
283,0.4041440486907959,0.375171959400177,0.2897208034992218,0.00019956669272160383
284,0.42093947529792786,0.39104899764060974,0.29890477657318115,0.00019955619646030802
285,0.43630218505859375,0.405413419008255,0.308887779712677,0.00019954557486990868
286,0.44096994400024414,0.40930986404418945,0.3166006803512573,0.00019953482796377712
287,0.4130024313926697,0.38361337780952454,0.29389047622680664,0.00019952395575544233
288,0.45782071352005005,0.4248259365558624,0.32994768023490906,0.00019951295825859113
289,0.4202096164226532,0.39027005434036255,0.29939553141593933,0.00019950183548706805
290,0.41785550117492676,0.3876498341560364,0.3020566701889038,0.00019949058745487522
291,0.43328404426574707,0.40243351459503174,0.3085053563117981,0.00019947921417617267
292,0.4333328306674957,0.4018174409866333,0.3151538670063019,0.00019946771566527785
293,0.445800244808197,0.4135564863681793,0.32243767380714417,0.000199456091936666
294,0.40964317321777344,0.38018539547920227,0.29457783699035645,0.00019944434300497006
295,0.4068111777305603,0.3780592679977417,0.28751906752586365,0.00019943246888498041
296,0.44298842549324036,0.41108977794647217,0.3189863860607147,0.00019942046959164515
297,0.4251227378845215,0.394557923078537,0.3056480586528778,0.00019940834514006994
298,0.45449507236480713,0.4223628640174866,0.32132217288017273,0.000199396095545518
299,0.44809895753860474,0.4154912233352661,0.3260772228240967,0.00019938372082341
300,0.43332546949386597,0.4026108682155609,0.3071461617946625,0.00019937122098932428
301,0.4249486029148102,0.3950318992137909,0.29916706681251526,0.00019935859605899655
302,0.4276609718799591,0.3977777063846588,0.29883265495300293,0.00019934584604832013
303,0.43139412999153137,0.4005614221096039,0.30832695960998535,0.00019933297097334565
304,0.4142106771469116,0.38525325059890747,0.28957420587539673,0.00019931997085028132
305,0.4459732174873352,0.41367512941360474,0.3229807913303375,0.00019930684569549264
306,0.41038960218429565,0.38085609674453735,0.2953350245952606,0.00019929359552550265
307,0.42811477184295654,0.39839819073677063,0.29716596007347107,0.00019928022035699166
308,0.43231508135795593,0.4011746644973755,0.31140413880348206,0.00019926672020679736
309,0.42934858798980713,0.3985886871814728,0.3075989782810211,0.00019925309509191482
310,0.42828646302223206,0.3974975049495697,0.3078896701335907,0.00019923934502949644
311,0.4633844196796417,0.43047770857810974,0.32906708121299744,0.00019922547003685176
312,0.43027547001838684,0.39928552508354187,0.3098994791507721,0.0001992114701314478
313,0.43297111988067627,0.4022691249847412,0.30701979994773865,0.00019919734533090867
314,0.4521467983722687,0.419479101896286,0.32667702436447144,0.0001991830956530158
315,0.43546223640441895,0.4046018421649933,0.3086039423942566,0.00019916872111570784
316,0.43884727358818054,0.4079054296016693,0.30941852927207947,0.00019915422173708046
317,0.4192739725112915,0.3889065682888031,0.30367398262023926,0.00019913959753538674
318,0.42872169613838196,0.39880070090293884,0.29920995235443115,0.00019912484852903668
319,0.44228100776672363,0.41086894273757935,0.3141205608844757,0.0001991099747365975
320,0.4332841634750366,0.4023657441139221,0.3091840445995331,0.00019909497617679348
321,0.41021379828453064,0.38095763325691223,0.2925615608692169,0.000199079852868506
322,0.40296992659568787,0.3737105131149292,0.2925942540168762,0.00019906460483077348
323,0.42177069187164307,0.39140185713768005,0.30368828773498535,0.0001990492320827913
324,0.41064760088920593,0.3810645341873169,0.29583054780960083,0.00019903373464391186
325,0.4082571864128113,0.3786830008029938,0.2957417368888855,0.00019901811253364456
326,0.4313383102416992,0.400760293006897,0.3057801425457001,0.00019900236577165576
327,0.39953941106796265,0.37107428908348083,0.28465110063552856,0.0001989864943777687
328,0.4244585633277893,0.39444616436958313,0.30012407898902893,0.0001989704983719635
329,0.4323456287384033,0.40146368741989136,0.3088195323944092,0.0001989543777743772
330,0.4370891749858856,0.405577152967453,0.31512022018432617,0.00019893813260530368
331,0.4314463436603546,0.40084123611450195,0.3060511350631714,0.0001989217628851936
332,0.46482741832733154,0.43184688687324524,0.32980531454086304,0.00019890526863465443
333,0.425661563873291,0.39533090591430664,0.3033066987991333,0.0001988886498744505
334,0.4389050304889679,0.4079260230064392,0.3097901940345764,0.00019887190662550266
335,0.42591309547424316,0.3961923122406006,0.29720792174339294,0.00019885503890888876
336,0.41907501220703125,0.38888660073280334,0.301884263753891,0.0001988380467458431
337,0.4144618511199951,0.384929358959198,0.29532483220100403,0.00019882093015775678
338,0.4180360436439514,0.3885423541069031,0.29493680596351624,0.0001988036891661775
339,0.42268624901771545,0.39227885007858276,0.30407392978668213,0.0001987863237928095
340,0.4091585576534271,0.3797208368778229,0.29437729716300964,0.00019876883405951377
341,0.4255419969558716,0.3950634002685547,0.3047858774662018,0.0001987512199883077
342,0.4565233290195465,0.4240180552005768,0.32505276799201965,0.00019873348160136524
343,0.39883965253829956,0.37065407633781433,0.28185567259788513,0.00019871561892101692
344,0.4222247302532196,0.3920677602291107,0.3015695810317993,0.00019869763196974957
345,0.42917153239250183,0.39838531613349915,0.307862251996994,0.00019867952077020666
346,0.4248144030570984,0.3945343792438507,0.30280038714408875,0.0001986612853451879
347,0.41451600193977356,0.3849765956401825,0.2953941226005554,0.00019864292571764955
348,0.4187887907028198,0.3887957036495209,0.29993095993995667,0.00019862444191070408
349,0.41464316844940186,0.38540640473365784,0.2923677861690521,0.0001986058339476204
350,0.42280104756355286,0.3927721381187439,0.30028921365737915,0.0001985871018518236
351,0.4229612946510315,0.39259111881256104,0.30370160937309265,0.00019856824564689515
352,0.4297560155391693,0.3992685079574585,0.30487513542175293,0.00019854926535657267
353,0.44221600890159607,0.4110255837440491,0.3119043707847595,0.00019853016100475007
354,0.4064728617668152,0.3777274191379547,0.2874545454978943,0.0001985109326154774
355,0.42142051458358765,0.39100074768066406,0.3041976988315582,0.00019849158021296081
356,0.42340531945228577,0.39350512623786926,0.2990020513534546,0.00019847210382156267
357,0.43186071515083313,0.40103965997695923,0.3082105219364166,0.00019845250346580136
358,0.43029889464378357,0.3993239998817444,0.30974897742271423,0.0001984327791703513
359,0.41752830147743225,0.38797739148139954,0.2955091595649719,0.00019841293096004302
360,0.44963711500167847,0.417643666267395,0.3199343681335449,0.00019839295885986296
361,0.443746417760849,0.41154736280441284,0.3219904601573944,0.00019837286289495361
362,0.4336281716823578,0.4028416872024536,0.30786487460136414,0.00019835264309061326
363,0.41045942902565,0.3813995122909546,0.2905992865562439,0.00019833229947229623
364,0.4300258159637451,0.39935481548309326,0.3067101538181305,0.00019831183206561262
365,0.43065011501312256,0.4003745913505554,0.3027551770210266,0.00019829124089632845
366,0.4179544746875763,0.38839828968048096,0.29556185007095337,0.00019827052599036545
367,0.412048876285553,0.38350430130958557,0.2854457199573517,0.00019824968737380117
368,0.436546266078949,0.4057711958885193,0.30775055289268494,0.0001982287250728689
369,0.4467417895793915,0.4147433638572693,0.3199842870235443,0.00019820763911395758
370,0.4112979769706726,0.38262230157852173,0.28675660490989685,0.00019818642952361187
371,0.4356245696544647,0.4049881398677826,0.3063642084598541,0.00019816509632853208
372,0.43244850635528564,0.4022209644317627,0.30227550864219666,0.00019814363955557404
373,0.40426287055015564,0.3757966160774231,0.2846624255180359,0.0001981220592317493
374,0.44656622409820557,0.41537246108055115,0.31193751096725464,0.0001981003553842248
375,0.42256301641464233,0.3925216495990753,0.30041375756263733,0.00019807852804032305
376,0.42150160670280457,0.3916541337966919,0.2984746992588043,0.00019805657722752202
377,0.4103447496891022,0.3803164064884186,0.3002833127975464,0.00019803450297345508
378,0.40968945622444153,0.3804935812950134,0.2919587194919586,0.00019801230530591105
379,0.4332578182220459,0.4024125337600708,0.30845269560813904,0.00019798998425283403
380,0.4337100386619568,0.4027986228466034,0.3091142177581787,0.00019796753984232358
381,0.4072277545928955,0.3781886696815491,0.2903909385204315,0.00019794497210263442
382,0.41126084327697754,0.38267016410827637,0.28590676188468933,0.00019792228106217658
383,0.4127911925315857,0.38411298394203186,0.2867822051048279,0.00019789946674951536
384,0.39229828119277954,0.36412855982780457,0.2816971242427826,0.00019787652919337116
385,0.4264586865901947,0.3960047960281372,0.3045390248298645,0.00019785346842261957
386,0.4287477433681488,0.3985046446323395,0.30243098735809326,0.00019783028446629123
387,0.42732635140419006,0.39703330397605896,0.30293038487434387,0.00019780697735357204
388,0.4276953935623169,0.397217720746994,0.30477678775787354,0.0001977835471138027
389,0.4196377396583557,0.3901386260986328,0.294991135597229,0.0001977599937764791
390,0.45823320746421814,0.4256424605846405,0.32590746879577637,0.00019773631737125192
391,0.4146707057952881,0.3850219249725342,0.2964877486228943,0.00019771251792792698
392,0.4449650049209595,0.4131472706794739,0.318177193403244,0.00019768859547646478
393,0.4191928505897522,0.38936012983322144,0.29832735657691956,0.00019766455004698082
394,0.420071542263031,0.39037102460861206,0.29700523614883423,0.00019764038166974535
395,0.41007140278816223,0.3814447820186615,0.28626614809036255,0.0001976160903751834
396,0.4387998878955841,0.40753647685050964,0.31263411045074463,0.00019759167619387476
397,0.4354288578033447,0.4046950936317444,0.3073377311229706,0.0001975671391565539
398,0.42390990257263184,0.3936290144920349,0.302808940410614,0.00019754247929410995
399,0.4290520250797272,0.3981710970401764,0.30880919098854065,0.00019751769663758665
400,0.4128073453903198,0.38331571221351624,0.2949162721633911,0.00019749279121818235
401,0.39673182368278503,0.3687237799167633,0.28008052706718445,0.00019746776306724998
402,0.43727198243141174,0.40629544854164124,0.30976536870002747,0.0001974426122162969
403,0.43136128783226013,0.4012560248374939,0.3010525107383728,0.00019741733869698495
404,0.41438838839530945,0.3855063319206238,0.2888205945491791,0.0001973919425411304
405,0.41220229864120483,0.38344675302505493,0.28755536675453186,0.00019736642378070392
406,0.4278785288333893,0.39810094237327576,0.2977759838104248,0.00019734078244783054
407,0.40868210792541504,0.38027164340019226,0.2841047942638397,0.00019731501857478954
408,0.43505677580833435,0.4044920802116394,0.30564701557159424,0.0001972891321940145
409,0.3979663550853729,0.3700304627418518,0.2793588638305664,0.00019726312333809322
410,0.42327865958213806,0.3931434154510498,0.3013524115085602,0.00019723699203976766
411,0.4363787770271301,0.40575888752937317,0.3061988949775696,0.00019721073833193397
412,0.4134281873703003,0.3843534290790558,0.2907477021217346,0.00019718436224764233
413,0.4083167314529419,0.3795298933982849,0.2878683805465698,0.00019715786382009705
414,0.4259154796600342,0.39565739035606384,0.3025810420513153,0.00019713124308265635
415,0.43634846806526184,0.4054999351501465,0.3084852397441864,0.00019710450006883256
416,0.4423779547214508,0.4104006290435791,0.3197733461856842,0.00019707763481229183
417,0.39748087525367737,0.3692335784435272,0.28247302770614624,0.00019705064734685425
418,0.4023967981338501,0.3741002678871155,0.28296536207199097,0.00019702353770649378
419,0.4200247526168823,0.39018598198890686,0.298387736082077,0.00019699630592533808
420,0.4213593602180481,0.39202365279197693,0.29335710406303406,0.0001969689520376687
421,0.4068138897418976,0.3782821297645569,0.28531762957572937,0.00019694147607792083
422,0.42247143387794495,0.39248597621917725,0.2998545169830322,0.0001969138780806833
423,0.44516316056251526,0.4138549864292145,0.3130817711353302,0.00019688615808069872
424,0.426140695810318,0.39656126499176025,0.29579418897628784,0.0001968583161128631
425,0.4248366355895996,0.3951854109764099,0.29651233553886414,0.00019683035221222618
426,0.4354182779788971,0.404516339302063,0.3090193271636963,0.00019680226641399096
427,0.43323513865470886,0.40298548340797424,0.30249664187431335,0.00019677405875351414
428,0.4249693751335144,0.3953324258327484,0.2963695526123047,0.00019674572926630567
429,0.4165421426296234,0.387326180934906,0.2921595871448517,0.00019671727798802895
430,0.3990008234977722,0.37058311700820923,0.2841772139072418,0.00019668870495450066
431,0.42768797278404236,0.39786064624786377,0.2982732653617859,0.00019666001020169073
432,0.4160902500152588,0.3866855502128601,0.29404687881469727,0.00019663119376572242
433,0.4009702503681183,0.3725833296775818,0.28386908769607544,0.00019660225568287202
434,0.41694116592407227,0.3875189423561096,0.2942221164703369,0.00019657319598956913
435,0.40893304347991943,0.3800640106201172,0.2886904180049896,0.0001965440147223963
436,0.40406516194343567,0.3759458363056183,0.2811932861804962,0.00019651471191808924
437,0.43628889322280884,0.40503841638565063,0.3125046193599701,0.00019648528761353652
438,0.4264495074748993,0.3964461386203766,0.3000337481498718,0.00019645574184577982
439,0.3966449797153473,0.3692057728767395,0.2743920385837555,0.00019642607465201364
440,0.43791985511779785,0.40747392177581787,0.30445948243141174,0.00019639628606958533
441,0.4077502489089966,0.3790810704231262,0.2866917848587036,0.0001963663761359951
442,0.42490604519844055,0.39561885595321655,0.29287195205688477,0.00019633634488889595
443,0.4148973226547241,0.3857065439224243,0.2919078767299652,0.0001963061923660935
444,0.4104521870613098,0.381185919046402,0.2926628291606903,0.0001962759186055461
445,0.4231070578098297,0.39364710450172424,0.2945995330810547,0.00019624552364536473
446,0.41565993428230286,0.3865334093570709,0.2912653684616089,0.00019621500752381294
447,0.420523077249527,0.3910747170448303,0.29448366165161133,0.00019618437027930683
448,0.4372279942035675,0.406448632478714,0.307793527841568,0.00019615361195041492
449,0.4316408634185791,0.4012276828289032,0.30413177609443665,0.00019612273257585815
450,0.4042520821094513,0.37579745054244995,0.2845461964607239,0.00019609173219450998
451,0.42681634426116943,0.39662790298461914,0.3018842935562134,0.000196060610845396
452,0.4100368022918701,0.3808160424232483,0.2922077178955078,0.0001960293685676943
453,0.39294782280921936,0.3645424544811249,0.2840536832809448,0.00019599800540073505
454,0.40300416946411133,0.3744478225708008,0.2855634391307831,0.00019596652138400064
455,0.42635756731033325,0.39606794714927673,0.30289608240127563,0.0001959349165571256
456,0.4143727421760559,0.38510066270828247,0.2927206754684448,0.0001959031909598966
457,0.4296245574951172,0.39910537004470825,0.3051917552947998,0.0001958713446322522
458,0.41736748814582825,0.3880253732204437,0.29342126846313477,0.00019583937761428314
459,0.4238918721675873,0.3941580653190613,0.2973380982875824,0.00019580728994623195
460,0.4065411686897278,0.37787795066833496,0.28663209080696106,0.00019577508166849304
461,0.4080152213573456,0.37962138652801514,0.2839382588863373,0.00019574275282161283
462,0.4106898307800293,0.38177213072776794,0.2891770601272583,0.00019571030344628926
463,0.4181629717350006,0.38913604617118835,0.2902691662311554,0.00019567773358337222
464,0.4278005063533783,0.3971875011920929,0.306130051612854,0.00019564504327386316
465,0.4067513942718506,0.3784855306148529,0.28265857696533203,0.0001956122325589152
466,0.4238622486591339,0.39384669065475464,0.3001556396484375,0.00019557930147983302
467,0.4139432907104492,0.384389191865921,0.29554083943367004,0.00019554625007807283
468,0.42766934633255005,0.3978438973426819,0.2982543706893921,0.0001955130783952423
469,0.41570618748664856,0.38602131605148315,0.2968485951423645,0.00019547978647310057
470,0.39732125401496887,0.3696584403514862,0.27662816643714905,0.00019544637435355808
471,0.40891891717910767,0.3803781270980835,0.2854079604148865,0.00019541284207867662
472,0.4006933867931366,0.3717363476753235,0.28957033157348633,0.0001953791896906692
473,0.41314002871513367,0.3839888572692871,0.2915117144584656,0.0001953454172319001
474,0.40136900544166565,0.37322595715522766,0.2814304530620575,0.00019531152474488477
475,0.3949175477027893,0.36675822734832764,0.28159332275390625,0.00019527751227228963
476,0.41390261054039,0.38482439517974854,0.29078206419944763,0.0001952433798569323
477,0.4066814184188843,0.3779299855232239,0.287514328956604,0.00019520912754178123
478,0.3979352116584778,0.36994072794914246,0.2799447476863861,0.00019517475536995604
479,0.4185515344142914,0.3890799582004547,0.2947157621383667,0.000195140263384727
480,0.41507694125175476,0.3859558403491974,0.29121097922325134,0.00019510565162951537
481,0.45133692026138306,0.4195129871368408,0.31823939085006714,0.0001950709201478931
482,0.40464165806770325,0.3761425018310547,0.28499165177345276,0.00019503606898358284
483,0.42920032143592834,0.39883488416671753,0.30365443229675293,0.00019500109818045805
484,0.3910139799118042,0.3635255992412567,0.27488380670547485,0.00019496600778254263
485,0.43558087944984436,0.40473672747612,0.30844151973724365,0.00019493079783401113
486,0.39272984862327576,0.36472058296203613,0.28009268641471863,0.0001948954683791886
487,0.4143235385417938,0.3854236900806427,0.2889983654022217,0.00019486001946255046
488,0.4145394265651703,0.38600248098373413,0.2853694558143616,0.00019482445112872264
489,0.42426812648773193,0.39406484365463257,0.30203285813331604,0.00019478876342248128
490,0.4270503520965576,0.39687755703926086,0.3017280101776123,0.0001947529563887529
491,0.3990773558616638,0.37125205993652344,0.27825286984443665,0.00019471703007261412
492,0.37934499979019165,0.3527105450630188,0.26634451746940613,0.00019468098451929183
493,0.3975473642349243,0.36933091282844543,0.2821645736694336,0.00019464481977416297
494,0.4335494339466095,0.4036858379840851,0.2986360788345337,0.00019460853588275454
495,0.4217953085899353,0.3917430341243744,0.30052289366722107,0.00019457213289074355
496,0.41655242443084717,0.3873365819454193,0.2921585738658905,0.00019453561084395687
497,0.4331100881099701,0.402543306350708,0.30566778779029846,0.00019449896978837141
498,0.4166271984577179,0.38722702860832214,0.2940017580986023,0.0001944622097701137
499,0.4163301885128021,0.38730812072753906,0.29022079706192017,0.00019442533083546012
500,0.43333470821380615,0.4024447798728943,0.3088991940021515,0.00019438833303083678
501,0.4374668002128601,0.4068462550640106,0.3062053620815277,0.00019435121640281938
502,0.4222288727760315,0.39231958985328674,0.2990928888320923,0.00019431398099813323
503,0.40770378708839417,0.37956899404525757,0.2813478708267212,0.00019427662686365314
504,0.4235646724700928,0.39370864629745483,0.298560231924057,0.0001942391540464035
505,0.41177457571029663,0.3829261064529419,0.28848475217819214,0.00019420156259355791
506,0.4120011627674103,0.3827168643474579,0.2928428649902344,0.00019416385255243944
507,0.40181630849838257,0.37360018491744995,0.28216132521629333,0.00019412602397052048
508,0.41170451045036316,0.38259223103523254,0.2911228537559509,0.00019408807689542257
509,0.4153687357902527,0.386292040348053,0.290767103433609,0.00019405001137491642
510,0.4172459542751312,0.38762030005455017,0.2962564527988434,0.0001940118274569219
511,0.40726417303085327,0.37936851382255554,0.27895665168762207,0.00019397352518950794
512,0.4241991639137268,0.39462536573410034,0.2957378923892975,0.00019393510462089236
513,0.4032510221004486,0.37511855363845825,0.28132468461990356,0.000193896565799442
514,0.428445965051651,0.39860790967941284,0.2983805537223816,0.00019385790877367255
515,0.3982366621494293,0.3701113164424896,0.2812534272670746,0.00019381913359224842
516,0.4254704415798187,0.39535242319107056,0.30118024349212646,0.0001937802403039829
517,0.4277946352958679,0.397597998380661,0.30196648836135864,0.0001937412289578379
518,0.4325726330280304,0.40209752321243286,0.30475103855133057,0.00019370209960292386
519,0.43212246894836426,0.4015604555606842,0.30562013387680054,0.00019366285228849996
520,0.4346095025539398,0.40405502915382385,0.30554476380348206,0.00019362348706397373
521,0.40615522861480713,0.3776472508907318,0.2850797772407532,0.0001935840039789012
522,0.4113391935825348,0.3825398087501526,0.28799375891685486,0.00019354440308298672
523,0.404826819896698,0.3767842650413513,0.2804256081581116,0.00019350468442608305
524,0.41120049357414246,0.38220149278640747,0.2899898886680603,0.0001934648480581911
525,0.4052477478981018,0.3764374256134033,0.28810322284698486,0.00019342489402945998
526,0.40351375937461853,0.3748822808265686,0.28631487488746643,0.000193384822390187
527,0.41153308749198914,0.38335680961608887,0.28176265954971313,0.00019334463319081735
528,0.425546258687973,0.39609837532043457,0.2944788932800293,0.00019330432648194444
529,0.4088636636734009,0.3803251087665558,0.2853855490684509,0.00019326390231430942
530,0.40884557366371155,0.38031071424484253,0.2853485941886902,0.00019322336073880142
531,0.4015701413154602,0.37345144152641296,0.28118690848350525,0.00019318270180645737
532,0.437440425157547,0.40684688091278076,0.30593550205230713,0.00019314192556846185
533,0.41431498527526855,0.3852701485157013,0.2904483675956726,0.00019310103207614718
534,0.4348272681236267,0.40435150265693665,0.3047577440738678,0.00019306002138099327
535,0.42012640833854675,0.39051106572151184,0.2961534559726715,0.00019301889353462762
536,0.4342857599258423,0.4036901891231537,0.30595582723617554,0.00019297764858882514
537,0.4117569029331207,0.3827913701534271,0.2896554172039032,0.0001929362865955082
538,0.4152097702026367,0.3857620656490326,0.2944768965244293,0.0001928948076067465
539,0.42367762327194214,0.393898606300354,0.2977900207042694,0.00019285321167475698
540,0.42514893412590027,0.3950148820877075,0.3013405203819275,0.0001928114988519039
541,0.3913506865501404,0.3635701537132263,0.2778052091598511,0.00019276966919069862
542,0.41339635848999023,0.38386082649230957,0.2953553795814514,0.0001927277227437995
543,0.4166611433029175,0.3872573971748352,0.2940373122692108,0.00019268565956401208
544,0.4397236108779907,0.4089072644710541,0.30816349387168884,0.00019264347970428876
545,0.40962985157966614,0.3814379572868347,0.28191903233528137,0.0001926011832177288
546,0.41456523537635803,0.3851032853126526,0.29461953043937683,0.00019255877015757835
547,0.3951266407966614,0.3674471378326416,0.2767948806285858,0.00019251624057723023
548,0.41716668009757996,0.3880469799041748,0.29119688272476196,0.00019247359453022407
549,0.4130859673023224,0.3838711380958557,0.2921483516693115,0.00019243083207024598
550,0.41033852100372314,0.3812794089317322,0.29059115052223206,0.0001923879532511287
551,0.4076017141342163,0.37940263748168945,0.28199073672294617,0.0001923449581268514
552,0.42967793345451355,0.39965930581092834,0.3001861572265625,0.00019230184675153976
553,0.4138585031032562,0.38424405455589294,0.29614460468292236,0.00019225861917946565
554,0.42390522360801697,0.3944157361984253,0.2948949933052063,0.0001922152754650474
555,0.42288529872894287,0.39339596033096313,0.2948935329914093,0.0001921718156628494
556,0.3953632712364197,0.3670732080936432,0.28290069103240967,0.00019212823982758226
557,0.4393545389175415,0.40838009119033813,0.30974459648132324,0.00019208454801410266
558,0.4201948046684265,0.39040085673332214,0.29793933033943176,0.0001920407402774132
559,0.4280475080013275,0.3978048861026764,0.30242618918418884,0.00019199681667266252
560,0.4147939682006836,0.3858168423175812,0.28977128863334656,0.0001919527772551451
561,0.4019107520580292,0.37386637926101685,0.28044360876083374,0.0001919086220803011
562,0.4017386734485626,0.3741372525691986,0.27601414918899536,0.0001918643512037166
563,0.40504252910614014,0.376030296087265,0.29012244939804077,0.00019181996468112323
564,0.4241713881492615,0.39468345046043396,0.2948794662952423,0.00019177546256839812
565,0.4041059911251068,0.3759349584579468,0.2817102372646332,0.00019173084492156407
566,0.4522368311882019,0.4208303689956665,0.31406471133232117,0.00019168611179678924
567,0.4377281963825226,0.4069230258464813,0.30805161595344543,0.00019164126325038714
568,0.3969746530056,0.3694193363189697,0.27555328607559204,0.00019159629933881666
569,0.4156315326690674,0.3865456283092499,0.2908588945865631,0.00019155122011868186
570,0.4178432822227478,0.38868486881256104,0.29158398509025574,0.00019150602564673198
571,0.42847394943237305,0.3983950912952423,0.300788551568985,0.00019146071597986138
572,0.4156862795352936,0.3863816559314728,0.29304611682891846,0.00019141529117510932
573,0.40780508518218994,0.3787990212440491,0.29006072878837585,0.00019136975128966017
574,0.418112188577652,0.388298898935318,0.29813289642333984,0.00019132409638084304
575,0.4382934868335724,0.40797388553619385,0.30319589376449585,0.00019127832650613189
576,0.4269656836986542,0.39725783467292786,0.29707852005958557,0.00019123244172314545
577,0.4116710126399994,0.38284337520599365,0.2882764935493469,0.00019118644208964702
578,0.40034377574920654,0.3721228241920471,0.282209575176239,0.00019114032766354453
579,0.42255496978759766,0.39282235503196716,0.29732608795166016,0.00019109409850289044
580,0.393292635679245,0.3655102849006653,0.27782347798347473,0.00019104775466588161
581,0.4105392098426819,0.3818087875843048,0.2873042821884155,0.00019100129621085925
582,0.4442204236984253,0.4136977791786194,0.30522629618644714,0.00019095472319630892
583,0.42887619137763977,0.3985918164253235,0.3028436601161957,0.00019090803568086036
584,0.4184408485889435,0.38922861218452454,0.29212242364883423,0.00019086123372328746
585,0.40748897194862366,0.37888213992118835,0.2860682010650635,0.00019081431738250814
586,0.40349534153938293,0.3747500777244568,0.2874525785446167,0.00019076728671758438
587,0.4053974747657776,0.377201110124588,0.2819637656211853,0.00019072014178772202
588,0.41508474946022034,0.38619062304496765,0.2889412045478821,0.00019067288265227082
589,0.4217339754104614,0.3918425440788269,0.29891443252563477,0.00019062550937072424
590,0.41182979941368103,0.38295575976371765,0.28874051570892334,0.00019057802200271942
591,0.4115535616874695,0.3831562399864197,0.2839733064174652,0.0001905304206080372
592,0.414828360080719,0.38633301854133606,0.28495338559150696,0.00019048270524660196
593,0.4196574091911316,0.39010077714920044,0.29556629061698914,0.0001904348759784815
594,0.412449449300766,0.38350799679756165,0.2894144356250763,0.00019038693286388698
595,0.40228018164634705,0.37456920742988586,0.27710971236228943,0.00019033887596317298
596,0.4126555323600769,0.3835775554180145,0.29077982902526855,0.00019029070533683725
597,0.40699318051338196,0.3785693347454071,0.28423842787742615,0.00019024242104552074
598,0.3954088091850281,0.36752259731292725,0.2788621187210083,0.00019019402315000752
599,0.39435234665870667,0.3670588433742523,0.27293506264686584,0.00019014551171122457
600,0.3975801467895508,0.3695882558822632,0.279918909072876,0.0001900968867902419
601,0.4265103340148926,0.39691391587257385,0.29596421122550964,0.0001900481484482724
602,0.4143267869949341,0.38528287410736084,0.290439248085022,0.0001899992967466716
603,0.4183681011199951,0.3894071877002716,0.2896091341972351,0.0001899503317469379
604,0.4166458547115326,0.38774433732032776,0.28901517391204834,0.00018990125351071226
605,0.43146032094955444,0.4016866683959961,0.29773661494255066,0.00018985206209977813
606,0.40844953060150146,0.37993258237838745,0.2851695716381073,0.00018980275757606157
607,0.4211011230945587,0.3913714587688446,0.2972966432571411,0.00018975334000163093
608,0.39226555824279785,0.36528530716896057,0.2698025703430176,0.00018970380943869687
609,0.40573975443840027,0.3775707483291626,0.28168997168540955,0.00018965416594961238
610,0.42214882373809814,0.3925534784793854,0.29595357179641724,0.00018960440959687254
611,0.44061821699142456,0.409652441740036,0.3096577227115631,0.0001895545404431145
612,0.4085347056388855,0.37997815012931824,0.28556564450263977,0.00018950455855111745
613,0.40126097202301025,0.37295010685920715,0.2831086218357086,0.0001894544639838025
614,0.39666929841041565,0.36863958835601807,0.28029704093933105,0.00018940425680423264
615,0.4113461673259735,0.3821861743927002,0.2916000485420227,0.00018935393707561251
616,0.3877307176589966,0.36035454273223877,0.2737616300582886,0.00018930350486128856
617,0.41251423954963684,0.38396838307380676,0.28545868396759033,0.00018925296022474878
618,0.42018836736679077,0.39075517654418945,0.2943320572376251,0.00018920230322962264
619,0.39397695660591125,0.3662756383419037,0.2770131826400757,0.0001891515339396812
620,0.39977777004241943,0.371847540140152,0.27930232882499695,0.0001891006524188368
621,0.40268105268478394,0.3747273087501526,0.2795375883579254,0.000189049658731143
622,0.38539668917655945,0.3585720360279083,0.2682466208934784,0.00018899855294079472
623,0.4045487940311432,0.3772548735141754,0.2729392349720001,0.00018894733511212782
624,0.4240941107273102,0.3944369852542877,0.29657113552093506,0.00018889600530961934
625,0.41005218029022217,0.3815786838531494,0.2847350835800171,0.00018884456359788724
626,0.4002745449542999,0.37251660227775574,0.2775793671607971,0.00018879301004169036
627,0.41732257604599,0.38829588890075684,0.29026690125465393,0.00018874134470592835
628,0.41060739755630493,0.3820050358772278,0.28602349758148193,0.0001886895676556415
629,0.43177366256713867,0.40122267603874207,0.3055097460746765,0.00018863767895601087
630,0.4053457975387573,0.3763200342655182,0.29025760293006897,0.000188585678672358
631,0.41753703355789185,0.3887728750705719,0.287641704082489,0.00018853356687014485
632,0.41252946853637695,0.38339996337890625,0.2912950813770294,0.00018848134361497385
633,0.39220482110977173,0.36526837944984436,0.2693643569946289,0.0001884290089725877
634,0.40713489055633545,0.37873539328575134,0.2839948832988739,0.00018837656300886937
635,0.39218538999557495,0.36527305841445923,0.26912322640419006,0.00018832400578984183
636,0.40610286593437195,0.3776436746120453,0.284591943025589,0.0001882713373816683
637,0.4175812005996704,0.3886316120624542,0.28949588537216187,0.00018821855785065185
638,0.43783196806907654,0.40723681449890137,0.3059515655040741,0.00018816566726323548
639,0.41488975286483765,0.385508269071579,0.29381483793258667,0.00018811266568600194
640,0.39934268593788147,0.37095752358436584,0.28385165333747864,0.0001880595531856738
641,0.41208702325820923,0.38303518295288086,0.29051846265792847,0.00018800632982911322
642,0.40410229563713074,0.37573403120040894,0.2836826741695404,0.00018795299568332184
643,0.4061197340488434,0.37731805443763733,0.28801676630973816,0.00018789955081544092
644,0.40524476766586304,0.3767859637737274,0.28458788990974426,0.000187845995292751
645,0.4025345742702484,0.3744913935661316,0.28043168783187866,0.00018779232918267195
646,0.4055318832397461,0.3777330815792084,0.27798786759376526,0.00018773855255276283
647,0.40011000633239746,0.37219518423080444,0.2791483402252197,0.00018768466547072188
648,0.4129888117313385,0.3840000331401825,0.2898876965045929,0.00018763066800438636
649,0.3995095491409302,0.371570885181427,0.2793867588043213,0.00018757656022173248
650,0.4004565179347992,0.37212544679641724,0.28331080079078674,0.00018752234219087538
651,0.4114508032798767,0.38211944699287415,0.2933137118816376,0.0001874680139800689
652,0.4008352756500244,0.3728925883769989,0.2794269323348999,0.0001874135756577056
653,0.42092230916023254,0.3913019299507141,0.2962036728858948,0.00018735902729231677
654,0.3829443156719208,0.35599958896636963,0.2694472670555115,0.00018730436895257206
655,0.40265917778015137,0.37460607290267944,0.28053104877471924,0.00018724960070727972
656,0.42296531796455383,0.3930734395980835,0.29891881346702576,0.00018719472262538624
657,0.41392019391059875,0.38556763529777527,0.2835254967212677,0.00018713973477597646
658,0.4158901870250702,0.38658303022384644,0.2930716574192047,0.00018708463722827336
659,0.4167131185531616,0.3874145448207855,0.29298558831214905,0.00018702943005163803
660,0.44526588916778564,0.4146323800086975,0.3063351809978485,0.00018697411331556956
661,0.4378022253513336,0.4078288972377777,0.2997332811355591,0.00018691868708970496
662,0.39153552055358887,0.3638482987880707,0.27687227725982666,0.00018686315144381913
663,0.3996860980987549,0.3720599114894867,0.27626171708106995,0.00018680750644782467
664,0.39485013484954834,0.36677855253219604,0.280715674161911,0.00018675175217177175
665,0.398333340883255,0.3697403073310852,0.2859303951263428,0.0001866958886858483
666,0.3940331041812897,0.3665655553340912,0.27467548847198486,0.0001866399160603796
667,0.4131390452384949,0.3844556212425232,0.28683415055274963,0.0001865838343658284
668,0.42377227544784546,0.3941071033477783,0.2966516613960266,0.00018652764367279461
669,0.40487825870513916,0.3763329088687897,0.28545352816581726,0.0001864713440520155
670,0.4005356431007385,0.37265482544898987,0.2788081765174866,0.0001864149355743655
671,0.4023277759552002,0.3742685616016388,0.28059226274490356,0.00018635841831085586
672,0.40598759055137634,0.3778538107872009,0.2813377380371094,0.00018630179233263504
673,0.42715826630592346,0.39733028411865234,0.2982798218727112,0.00018624505771098817
674,0.4184342622756958,0.389293372631073,0.291408896446228,0.00018618821451733724
675,0.40718409419059753,0.3789326548576355,0.28251445293426514,0.00018613126282324092
676,0.4166527986526489,0.387301504611969,0.29351282119750977,0.0001860742027003944
677,0.4060153365135193,0.37781956791877747,0.28195780515670776,0.0001860170342206294
678,0.41553670167922974,0.3867180645465851,0.2881864607334137,0.0001859597574559141
679,0.42031654715538025,0.39138534665107727,0.2893119752407074,0.00018590237247835293
680,0.4175172746181488,0.38821595907211304,0.29301315546035767,0.00018584487936018661
681,0.41757267713546753,0.38817155361175537,0.29401126503944397,0.00018578727817379195
682,0.39808616042137146,0.3701492249965668,0.2793692350387573,0.0001857295689916818
683,0.43187278509140015,0.4009156823158264,0.30957114696502686,0.00018567175188650498
684,0.41097182035446167,0.3821249306201935,0.2884688377380371,0.00018561382693104615
685,0.4120573103427887,0.3834744095802307,0.285829097032547,0.00018555579419822583
686,0.43470969796180725,0.4044415354728699,0.3026816248893738,0.0001854976537611001
687,0.4220663607120514,0.3925934135913849,0.29472947120666504,0.00018543940569286065
688,0.40129488706588745,0.37323546409606934,0.2805943489074707,0.00018538105006683472
689,0.4020305275917053,0.3743172287940979,0.2771330773830414,0.00018532258695648496
690,0.4038203954696655,0.37603437900543213,0.27786001563072205,0.00018526401643540922
691,0.3875187337398529,0.3599119186401367,0.2760681211948395,0.0001852053385773407
692,0.4226016402244568,0.3931303918361664,0.2947126030921936,0.00018514655345614763
693,0.41319525241851807,0.38430970907211304,0.28885552287101746,0.00018508766114583332
694,0.385576993227005,0.35916757583618164,0.26409420371055603,0.00018502866172053598
695,0.3992368280887604,0.37157556414604187,0.2766125202178955,0.00018496955525452874
696,0.3967488408088684,0.3691789507865906,0.2756987512111664,0.0001849103418222194
697,0.4053923487663269,0.3767494857311249,0.2864285111427307,0.00018485102149815038
698,0.3971134424209595,0.3692523241043091,0.27861106395721436,0.00018479159435699883
699,0.4143178164958954,0.38559383153915405,0.28723976016044617,0.00018473206047357619
700,0.4095582067966461,0.38108980655670166,0.28468409180641174,0.00018467241992282843
701,0.4151601195335388,0.38609567284584045,0.2906443178653717,0.00018461267277983568
702,0.4094395041465759,0.380980521440506,0.28458982706069946,0.0001845528191198123
703,0.4111633598804474,0.3825964033603668,0.2856696844100952,0.00018449285901810675
704,0.4191865622997284,0.38997453451156616,0.2921202778816223,0.00018443279255020152
705,0.39966121315956116,0.3714976906776428,0.2816351652145386,0.0001843726197917129
706,0.403128981590271,0.3748856484889984,0.28243333101272583,0.0001843123408183911
707,0.4291483759880066,0.39881157875061035,0.3033679127693176,0.00018425195570611998
708,0.3972443640232086,0.3696231544017792,0.27621203660964966,0.00018419146453091701
709,0.43005818128585815,0.40014588832855225,0.299123078584671,0.0001841308673689332
710,0.37953802943229675,0.35289856791496277,0.2663944959640503,0.00018407016429645303
711,0.4073866605758667,0.37920448184013367,0.28182175755500793,0.0001840093553898942
712,0.4137479364871979,0.38504526019096375,0.28702670335769653,0.00018394844072580773
713,0.4114189147949219,0.3829668462276459,0.28452068567276,0.00018388742038087777
714,0.4075544476509094,0.37911343574523926,0.2844100296497345,0.00018382629443192144
715,0.4214603900909424,0.39206650853157043,0.29393887519836426,0.00018376506295588886
716,0.397858589887619,0.36986976861953735,0.2798882722854614,0.00018370372602986303
717,0.4012358784675598,0.3728494644165039,0.2838640511035919,0.00018364228373105964
718,0.41398102045059204,0.38526207208633423,0.28718939423561096,0.00018358073613682706
719,0.4121001958847046,0.3834384083747864,0.28661787509918213,0.0001835190833246461
720,0.4279729127883911,0.3980311453342438,0.29941755533218384,0.00018345732537213027
721,0.4009542167186737,0.3733416795730591,0.276125431060791,0.00018339546235702524
722,0.41663914918899536,0.3877802789211273,0.2885887920856476,0.00018333349435720894
723,0.415448397397995,0.3862360119819641,0.2921239137649536,0.0001832714214506916
724,0.38282445073127747,0.35601791739463806,0.2680653929710388,0.0001832092437156154
725,0.40890273451805115,0.38021910190582275,0.28683626651763916,0.00018314696123025454
726,0.4192633032798767,0.3902437090873718,0.29019588232040405,0.00018308457407301503
727,0.4055482745170593,0.37751322984695435,0.2803504467010498,0.00018302208232243473
728,0.4095975160598755,0.38156628608703613,0.2803122103214264,0.00018295948605718314
729,0.42799049615859985,0.39805692434310913,0.2993358373641968,0.00018289678535606126
730,0.4116035997867584,0.38331139087677,0.28292199969291687,0.00018283398029800166
731,0.38853541016578674,0.36156165599823,0.26973757147789,0.00018277107096206826
732,0.38522762060165405,0.35854777693748474,0.2667984068393707,0.00018270805742745617
733,0.4210713803768158,0.3919769525527954,0.29094424843788147,0.00018264493977349184
734,0.4074968099594116,0.378988116979599,0.28508684039115906,0.0001825817180796326
735,0.40370380878448486,0.37611594796180725,0.2758786380290985,0.00018251839242546696
736,0.38625088334083557,0.35953524708747864,0.26715633273124695,0.0001824549628907141
737,0.4083520472049713,0.37996840476989746,0.283836305141449,0.00018239142955522406
738,0.4350873827934265,0.4048933982849121,0.30193981528282166,0.0001823277924989776
739,0.41001296043395996,0.38152918219566345,0.2848378121852875,0.000182264051802086
740,0.39938658475875854,0.37197571992874146,0.27410849928855896,0.00018220020754479102
741,0.42322778701782227,0.3938227891921997,0.2940499782562256,0.00018213625980746475
742,0.40773648023605347,0.37940964102745056,0.28326845169067383,0.00018207220867060966
743,0.4141994118690491,0.385549932718277,0.2864947021007538,0.00018200805421485824
744,0.40746787190437317,0.3790616989135742,0.28406161069869995,0.0001819437965209732
745,0.45831799507141113,0.42584407329559326,0.3247391879558563,0.0001818794356698471
746,0.4513094425201416,0.4196690618991852,0.3164038360118866,0.00018181497174250236
747,0.417019248008728,0.387973815202713,0.2904544770717621,0.0001817504048200912
748,0.43355119228363037,0.4034688174724579,0.30082377791404724,0.00018168573498389564
749,0.4065250754356384,0.3786871135234833,0.2783796787261963,0.00018162096231532694
750,0.39527297019958496,0.367822527885437,0.2745044231414795,0.00018155608689592604
751,0.42124035954475403,0.39212289452552795,0.29117465019226074,0.0001814911088073632
752,0.4268588125705719,0.3974422216415405,0.2941659688949585,0.00018142602813143785
753,0.40400609374046326,0.37581902742385864,0.28187060356140137,0.00018136084495007872
754,0.40551358461380005,0.37781479954719543,0.2769879698753357,0.0001812955593453434
755,0.4230186641216278,0.39342695474624634,0.2959170639514923,0.0001812301713994185
756,0.421647310256958,0.3924364447593689,0.2921087145805359,0.00018116468119461953
757,0.4021534025669098,0.3740880787372589,0.2806532084941864,0.00018109908881339058
758,0.39172857999801636,0.36497625708580017,0.2675233483314514,0.00018103339433830454
759,0.41115710139274597,0.38252249360084534,0.2863460183143616,0.00018096759785206267
760,0.43220528960227966,0.40211302042007446,0.30092257261276245,0.00018090169943749476
761,0.42478054761886597,0.3951135575771332,0.2966698408126831,0.00018083569917755885
762,0.41157621145248413,0.382533460855484,0.29042765498161316,0.00018076959715534124
763,0.420439749956131,0.39153555035591125,0.28904208540916443,0.00018070339345405625
764,0.39852407574653625,0.3708992600440979,0.27624815702438354,0.00018063708815704632
765,0.42051461338996887,0.3909531533718109,0.2956146001815796,0.00018057068134778173
766,0.4088931381702423,0.3805556893348694,0.28337451815605164,0.00018050417310986052
767,0.40121254324913025,0.372993141412735,0.28219401836395264,0.00018043756352700846
768,0.3942679464817047,0.36664626002311707,0.276216983795166,0.00018037085268307889
769,0.41688624024391174,0.387460321187973,0.2942592203617096,0.0001803040406620526
770,0.43176642060279846,0.40178388357162476,0.2998254895210266,0.0001802371275480378
771,0.39801323413848877,0.37012675404548645,0.27886494994163513,0.0001801701134252699
772,0.421107679605484,0.3915730118751526,0.29534676671028137,0.0001801029983781116
773,0.43170759081840515,0.40174463391304016,0.29962968826293945,0.00018003578249105244
774,0.39252468943595886,0.36536699533462524,0.271576851606369,0.00017996846584870908
775,0.39360782504081726,0.3663264214992523,0.2728140354156494,0.00017990104853582493
776,0.40662887692451477,0.37847012281417847,0.28158754110336304,0.00017983353063727016
777,0.42088258266448975,0.39135533571243286,0.2952723801136017,0.00017976591223804161
778,0.40871259570121765,0.38010382652282715,0.28608769178390503,0.00017969819342326254
779,0.4216992259025574,0.3920538127422333,0.2964540123939514,0.00017963037427818268
780,0.40263956785202026,0.37478816509246826,0.27851396799087524,0.00017956245488817812
781,0.4149630665779114,0.3857249617576599,0.2923809885978699,0.000179494435338751
782,0.3953060507774353,0.3678427040576935,0.27463340759277344,0.00017942631571552973
783,0.4234861135482788,0.39413923025131226,0.29346874356269836,0.0001793580961042685
784,0.40628260374069214,0.37788039445877075,0.2840222418308258,0.00017928977659084755
785,0.40455612540245056,0.37657785415649414,0.2797827124595642,0.00017922135726127275
786,0.4222908914089203,0.39264151453971863,0.2964937686920166,0.00017915283820167573
787,0.40465715527534485,0.37637659907341003,0.282805472612381,0.00017908421949831366
788,0.4186597168445587,0.3894655406475067,0.29194170236587524,0.00017901550123756906
789,0.40496373176574707,0.3768921494483948,0.2807159721851349,0.00017894668350594981
790,0.39846935868263245,0.3711835741996765,0.2728577256202698,0.00017887776639008914
791,0.4050273597240448,0.37702152132987976,0.2800583243370056,0.00017880874997674515
792,0.43377041816711426,0.403493732213974,0.30276697874069214,0.00017873963435280121
793,0.39057180285453796,0.3633740246295929,0.2719776928424835,0.00017867041960526535
794,0.3848561644554138,0.35805514454841614,0.26801028847694397,0.0001786011058212706
795,0.4287509322166443,0.39834919571876526,0.3040173649787903,0.00017853169308807448
796,0.39869192242622375,0.37056493759155273,0.28126978874206543,0.0001784621814930592
797,0.39726248383522034,0.3695104122161865,0.2775205969810486,0.00017839257112373132
798,0.41588106751441956,0.3870622217655182,0.28818854689598083,0.00017832286206772186
799,0.3815512955188751,0.35543277859687805,0.2611852288246155,0.00017825305441278598
800,0.4211297631263733,0.39149221777915955,0.2963755130767822,0.000178183148246803
801,0.4318739175796509,0.4018167555332184,0.30057165026664734,0.00017811314365777625
802,0.3914477825164795,0.364731103181839,0.2671669125556946,0.000178043040733833
803,0.39171916246414185,0.3644198775291443,0.2729927599430084,0.0001779728395632242
804,0.3952440023422241,0.36765894293785095,0.27585071325302124,0.00017790254023432466
805,0.40220335125923157,0.3741336762905121,0.2806968688964844,0.00017783214283563262
806,0.4123295247554779,0.38342195749282837,0.28907567262649536,0.00017776164745576976
807,0.4121147394180298,0.38387325406074524,0.2824150025844574,0.00017769105418348122
808,0.40134796500205994,0.3734095096588135,0.279384583234787,0.00017762036310763532
809,0.3976522386074066,0.3697724938392639,0.27879732847213745,0.00017754957431722346
810,0.4196600317955017,0.3905436396598816,0.29116401076316833,0.0001774786879013601
811,0.41198691725730896,0.382993221282959,0.28993701934814453,0.0001774077039492826
812,0.42046624422073364,0.3917640745639801,0.28702181577682495,0.00017733662255035114
813,0.4421277344226837,0.41115570068359375,0.30972033739089966,0.0001772654437940484
814,0.39964842796325684,0.3720903694629669,0.2755807042121887,0.0001771941677699799
815,0.44297707080841064,0.4123723804950714,0.3060470521450043,0.00017712279456787332
816,0.42716699838638306,0.3970595896244049,0.30107396841049194,0.00017705132427757895
817,0.4055624008178711,0.3769684135913849,0.2859399914741516,0.00017697975698906904
818,0.4005226492881775,0.37248489260673523,0.280377596616745,0.00017690809279243813
819,0.42239269614219666,0.39309367537498474,0.2929900884628296,0.00017683633177790272
820,0.41730204224586487,0.3882415294647217,0.2906050980091095,0.0001767644740358011
821,0.4211345314979553,0.3921976387500763,0.28936877846717834,0.0001766925196565935
822,0.42957019805908203,0.39991122484207153,0.296589732170105,0.00017662046873086163
823,0.39518898725509644,0.36759477853775024,0.27594223618507385,0.00017654832134930882
824,0.40237390995025635,0.37411198019981384,0.2826192080974579,0.00017647607760275987
825,0.3935359716415405,0.3660496473312378,0.2748630940914154,0.00017640373758216077
826,0.4108186364173889,0.3819367289543152,0.2888190746307373,0.0001763313013785788
827,0.4063794016838074,0.37800464034080505,0.2837476432323456,0.00017625876908320236
828,0.3903733491897583,0.36320000886917114,0.2717333734035492,0.00017618614078734069
829,0.4338333308696747,0.4036407470703125,0.30192580819129944,0.00017611341658242395
830,0.40136951208114624,0.3741099536418915,0.2725956439971924,0.0001760405965600031
831,0.39072829484939575,0.3638790547847748,0.26849234104156494,0.00017596768081174963
832,0.42766448855400085,0.39749905467033386,0.30165424942970276,0.00017589466942945556
833,0.4200899302959442,0.39022296667099,0.298669695854187,0.00017582156250503335
834,0.4069206118583679,0.3786434233188629,0.2827719449996948,0.00017574836013051562
835,0.40164002776145935,0.37326446175575256,0.28375568985939026,0.0001756750623980553
836,0.38825416564941406,0.36111482977867126,0.2713932693004608,0.00017560166939992528
837,0.435781329870224,0.4050610661506653,0.30720254778862,0.00017552818122851838
838,0.39643359184265137,0.36908960342407227,0.27344003319740295,0.0001754545979763472
839,0.3977125883102417,0.36996889114379883,0.2774370312690735,0.00017538091973604418
840,0.41037517786026,0.3818087875843048,0.2856638431549072,0.00017530714660036112
841,0.41050994396209717,0.38212940096855164,0.2838054597377777,0.00017523327866216944
842,0.39795130491256714,0.3702842593193054,0.27667033672332764,0.00017515931601445986
843,0.3961154520511627,0.36863797903060913,0.2747747004032135,0.00017508525875034237
844,0.4145885407924652,0.38576892018318176,0.288196325302124,0.00017501110696304596
845,0.40072765946388245,0.3731115758419037,0.27616092562675476,0.00017493686074591873
846,0.4196949005126953,0.39069482684135437,0.2900007367134094,0.0001748625201924276
847,0.3704584538936615,0.34520912170410156,0.2524932622909546,0.00017478808539615824
848,0.40561723709106445,0.3774944245815277,0.2812279760837555,0.00017471355645081498
849,0.41151484847068787,0.383083313703537,0.28431522846221924,0.00017463893345022067
850,0.39368385076522827,0.366287499666214,0.27396366000175476,0.00017456421648831655
851,0.3950732946395874,0.3675488829612732,0.2752440571784973,0.00017448940565916222
852,0.40837499499320984,0.3804606795310974,0.27914318442344666,0.0001744145010569353
853,0.43020665645599365,0.4004977345466614,0.2970893383026123,0.00017433950277593162
854,0.42630869150161743,0.39658400416374207,0.2972467839717865,0.0001742644109105648
855,0.3753891587257385,0.349755197763443,0.2563396990299225,0.00017418922555536637
856,0.4009118676185608,0.37308335304260254,0.2782851457595825,0.0001741139468049855
857,0.4104725122451782,0.38197511434555054,0.284974068403244,0.00017403857475418896
858,0.42233651876449585,0.392749547958374,0.2958695590496063,0.000173963109497861
859,0.4258195161819458,0.3960576057434082,0.2976192235946655,0.0001738875511310031
860,0.38731491565704346,0.36042702198028564,0.2688790559768677,0.00017381189974873407
861,0.39669787883758545,0.3697134554386139,0.26984408497810364,0.00017373615544628978
862,0.3941221833229065,0.3669719696044922,0.2715020477771759,0.00017366031831902304
863,0.4085659086704254,0.38036584854125977,0.28200066089630127,0.0001735843884624035
864,0.42546314001083374,0.3956012725830078,0.2986185550689697,0.00017350836597201767
865,0.4098975956439972,0.38127806782722473,0.2861953377723694,0.00017343225094356855
866,0.4008271396160126,0.3734799027442932,0.27347245812416077,0.0001733560434728757
867,0.4138033092021942,0.38481563329696655,0.2898768186569214,0.00017327974365587495
868,0.41691702604293823,0.38839957118034363,0.285174697637558,0.00017320335158861855
869,0.39465218782424927,0.3670452833175659,0.27606913447380066,0.0001731268673672747
870,0.3930407762527466,0.3663691580295563,0.26671624183654785,0.00017305029108812776
871,0.4207035005092621,0.39138978719711304,0.2931370139122009,0.00017297362284757794
872,0.4234670400619507,0.39421477913856506,0.292522668838501,0.00017289686274214118
873,0.4075065851211548,0.37953752279281616,0.27969077229499817,0.00017282001086844906
874,0.38572022318840027,0.35869091749191284,0.27029314637184143,0.00017274306732324872
875,0.4127851724624634,0.38397645950317383,0.28808724880218506,0.0001726660322034027
876,0.40664827823638916,0.3784277141094208,0.2822057902812958,0.00017258890560588888
877,0.38625919818878174,0.3594188690185547,0.26840314269065857,0.00017251168762780013
878,0.41315534710884094,0.38429468870162964,0.28860658407211304,0.0001724343783663445
879,0.4066242575645447,0.3783162534236908,0.28308019042015076,0.00017235697791884494
880,0.39658883213996887,0.36864447593688965,0.2794436812400818,0.00017227948638273916
881,0.4007670283317566,0.37266093492507935,0.2810608744621277,0.00017220190385557955
882,0.39027130603790283,0.3629677891731262,0.2730351686477661,0.00017212423043503301
883,0.41981080174446106,0.39025989174842834,0.29550909996032715,0.00017204646621888096
884,0.41364786028862,0.38507145643234253,0.28576409816741943,0.00017196861130501905
885,0.410293847322464,0.3817182183265686,0.28575626015663147,0.00017189066579145705
886,0.4067537784576416,0.3778543472290039,0.28899431228637695,0.0001718126297763189
887,0.4096011221408844,0.38138633966445923,0.2821478545665741,0.0001717345033578424
888,0.4027840495109558,0.37474629282951355,0.28037741780281067,0.00017165628663437922
889,0.41258400678634644,0.38416963815689087,0.2841435670852661,0.00017157797970439464
890,0.39396822452545166,0.366566002368927,0.27402207255363464,0.00017149958266646754
891,0.39154720306396484,0.3643983006477356,0.2714891731739044,0.00017142109561929023
892,0.4113858938217163,0.3826712965965271,0.2871459722518921,0.00017134251866166827
893,0.4140253961086273,0.38519322872161865,0.2883216142654419,0.00017126385189252053
894,0.42095842957496643,0.3911120593547821,0.2984636425971985,0.00017118509541087887
895,0.413232684135437,0.38409334421157837,0.2913932800292969,0.00017110624931588806
896,0.4203575849533081,0.3910270631313324,0.29330506920814514,0.0001710273137068057
897,0.4167940616607666,0.38769784569740295,0.290962278842926,0.00017094828868300215
898,0.3933508098125458,0.3660009503364563,0.2734985947608948,0.0001708691743439602
899,0.41875654458999634,0.38959020376205444,0.29166340827941895,0.00017078997078927521
900,0.3737891912460327,0.34741052985191345,0.26378652453422546,0.00017071067811865476
901,0.3907526731491089,0.3638451099395752,0.269075483083725,0.00017063129643191864
902,0.398719847202301,0.37113070487976074,0.2758912742137909,0.00017055182582899873
903,0.4205166697502136,0.3909502923488617,0.2956637442111969,0.00017047226640993883
904,0.4006780982017517,0.37259653210639954,0.2808156907558441,0.0001703926182748945
905,0.4094541370868683,0.3810173571109772,0.28436771035194397,0.00017031288152413306
906,0.3985036015510559,0.3708726763725281,0.2763092815876007,0.00017023305625803333
907,0.4119609594345093,0.38344666361808777,0.28514301776885986,0.0001701531425770856
908,0.39097726345062256,0.36359623074531555,0.2738102376461029,0.0001700731405818914
909,0.4156701862812042,0.386959433555603,0.28710758686065674,0.00016999305037316352
910,0.4332091510295868,0.4028317630290985,0.30377376079559326,0.00016991287205172573
911,0.3949696719646454,0.36797288060188293,0.26996782422065735,0.0001698326057185128
912,0.3980509042739868,0.37036868929862976,0.27682211995124817,0.00016975225147457026
913,0.4179847836494446,0.3884638547897339,0.29520925879478455,0.00016967180942105423
914,0.404379665851593,0.3757559061050415,0.2862374484539032,0.00016959127965923142
915,0.40554630756378174,0.37731724977493286,0.2822907269001007,0.0001695106622904791
916,0.40856504440307617,0.38036975264549255,0.2819530665874481,0.0001694299574162846
917,0.40156272053718567,0.3736632466316223,0.27899470925331116,0.0001693491651382455
918,0.3905176520347595,0.36370185017585754,0.2681578993797302,0.0001692682855580695
919,0.40149301290512085,0.3736405670642853,0.2785244286060333,0.00016918731877757406
920,0.4194028973579407,0.39012056589126587,0.29282346367836,0.00016910626489868649
921,0.3844064474105835,0.35762038826942444,0.2678605020046234,0.00016902512402344373
922,0.391328364610672,0.3644707202911377,0.26857641339302063,0.00016894389625399226
923,0.41101863980293274,0.3825896680355072,0.284289687871933,0.0001688625816925879
924,0.41169273853302,0.3824746012687683,0.29218152165412903,0.00016878118044159578
925,0.3873497545719147,0.36058178544044495,0.26767975091934204,0.00016869969260349018
926,0.4097759425640106,0.381390780210495,0.2838515639305115,0.00016861811828085429
927,0.3959819972515106,0.36809229850769043,0.2788970470428467,0.00016853645757638024
928,0.4199928045272827,0.3909100294113159,0.29082778096199036,0.00016845471059286887
929,0.4174538254737854,0.388833612203598,0.28620216250419617,0.00016837287743322975
930,0.4048188328742981,0.3761107921600342,0.28708040714263916,0.00016829095820048072
931,0.4039496183395386,0.3763277530670166,0.27621880173683167,0.00016820895299774814
932,0.4286302328109741,0.3991781771183014,0.29452040791511536,0.00016812686192826663
933,0.4222952127456665,0.39312154054641724,0.29173675179481506,0.00016804468509537874
934,0.4186549186706543,0.3897380828857422,0.28916850686073303,0.00016796242260253512
935,0.4452233612537384,0.41383689641952515,0.3138645589351654,0.0001678800745532942
936,0.4084320664405823,0.3800226151943207,0.28409451246261597,0.0001677976410513221
937,0.4078349173069,0.37999391555786133,0.2784098982810974,0.00016771512220039255
938,0.4211095869541168,0.39224162697792053,0.28867971897125244,0.00016763251810438678
939,0.40394091606140137,0.37553372979164124,0.2840719521045685,0.00016754982886729318
940,0.40040138363838196,0.37239816784858704,0.2800322473049164,0.00016746705459320745
941,0.4164840281009674,0.3878070116043091,0.2867701053619385,0.0001673841953863323
942,0.3921831548213959,0.36492154002189636,0.27261602878570557,0.00016730125135097735
943,0.3946680426597595,0.36725252866744995,0.2741550803184509,0.00016721822259155902
944,0.3931649327278137,0.36564183235168457,0.2752310633659363,0.0001671351092126004
945,0.4130967855453491,0.3839741349220276,0.29122665524482727,0.00016705191131873107
946,0.38980832695961,0.3630780279636383,0.2673029601573944,0.0001669686290146871
947,0.39031296968460083,0.36318379640579224,0.27129167318344116,0.00016688526240531064
948,0.4187377989292145,0.3896518051624298,0.2908598482608795,0.00016680181159555013
949,0.38609570264816284,0.3597164750099182,0.26379215717315674,0.00016671827669045998
950,0.4103003740310669,0.38176843523979187,0.2853195369243622,0.0001666346577952004
951,0.44371333718299866,0.41296377778053284,0.30749571323394775,0.00016655095501503738
952,0.4084765315055847,0.3803243935108185,0.2815212607383728,0.0001664671684553426
953,0.4316013753414154,0.40117207169532776,0.304293155670166,0.00016638329822159296
954,0.4106936454772949,0.38230350613594055,0.28390127420425415,0.00016629934441937097
955,0.40691864490509033,0.3783591091632843,0.28559523820877075,0.00016621530715436414
956,0.38314029574394226,0.35667768120765686,0.2646261751651764,0.00016613118653236518
957,0.4177365303039551,0.3885047435760498,0.29231777787208557,0.00016604698265927173
958,0.4161395728588104,0.387376993894577,0.287625789642334,0.0001659626956410861
959,0.3870188593864441,0.3601176142692566,0.2690124213695526,0.0001658783255839154
960,0.4026334285736084,0.3744793236255646,0.2815411388874054,0.00016579387259397127
961,0.41400450468063354,0.38571396470069885,0.2829054594039917,0.00016570933677756967
962,0.38000771403312683,0.35400721430778503,0.2600048780441284,0.00016562471824113092
963,0.4079396426677704,0.37987080216407776,0.2806883454322815,0.0001655400170911794
964,0.40790560841560364,0.3790678083896637,0.28837811946868896,0.00016545523343434356
965,0.38953888416290283,0.36266306042671204,0.2687583863735199,0.00016537036737735564
966,0.43623048067092896,0.40625646710395813,0.29974013566970825,0.00016528541902705162
967,0.40434539318084717,0.37645620107650757,0.27889177203178406,0.00016520038849037117
968,0.4130673110485077,0.38437044620513916,0.2869687080383301,0.00016511527587435737
969,0.40426957607269287,0.3763229548931122,0.27946609258651733,0.00016503008128615655
970,0.4205324649810791,0.3915356993675232,0.28996750712394714,0.00016494480483301836
971,0.4120261073112488,0.38333022594451904,0.28695881366729736,0.00016485944662229546
972,0.3949648141860962,0.3672696650028229,0.2769516110420227,0.00016477400676144334
973,0.41000574827194214,0.3815819025039673,0.2842383086681366,0.00016468848535802045
974,0.43354272842407227,0.40303632616996765,0.3050639033317566,0.00016460288251968775
975,0.4167676270008087,0.38778939843177795,0.2897823452949524,0.00016451719835420877
976,0.40582728385925293,0.37754517793655396,0.2828209400177002,0.00016443143296944945
977,0.4253315031528473,0.3950851261615753,0.3024637997150421,0.0001643455864733779
978,0.432047039270401,0.40215587615966797,0.2989116907119751,0.0001642596589740644
979,0.42375603318214417,0.39420315623283386,0.2955288290977478,0.00016417365057968123
980,0.3920799493789673,0.3643457889556885,0.2773417532444,0.0001640875613985024
981,0.3769490122795105,0.3509416878223419,0.26007336378097534,0.00016400139153890375
982,0.37921756505966187,0.35332149267196655,0.25896066427230835,0.00016391514110936255
983,0.4230666160583496,0.39390480518341064,0.29161807894706726,0.00016382881021845762
984,0.4110933542251587,0.3829735517501831,0.2811979055404663,0.000163742398974869
985,0.41425812244415283,0.3852129578590393,0.29045170545578003,0.00016365590748737788
986,0.3840310573577881,0.35742074251174927,0.2661031484603882,0.00016356933586486648
987,0.3895735740661621,0.36261144280433655,0.26962119340896606,0.00016348268421631797
988,0.4075383245944977,0.37935659289360046,0.28181734681129456,0.0001633959526508162
989,0.39509934186935425,0.3669389486312866,0.28160393238067627,0.00016330914127754553
990,0.4068375825881958,0.37895044684410095,0.27887141704559326,0.00016322225020579099
991,0.40370693802833557,0.3756009638309479,0.2810596227645874,0.00016313527954493778
992,0.4028319716453552,0.37456199526786804,0.2826998829841614,0.00016304822940447139
993,0.41547155380249023,0.3864102363586426,0.2906132936477661,0.0001629610998939773
994,0.3766278028488159,0.3506442904472351,0.25983521342277527,0.00016287389112314092
995,0.42373907566070557,0.39415931701660156,0.29579755663871765,0.00016278660320174747
996,0.4186153709888458,0.38994234800338745,0.2867303192615509,0.0001626992362396818
997,0.42294180393218994,0.3935477137565613,0.29394102096557617,0.00016261179034692826
998,0.40830913186073303,0.3803485631942749,0.27960559725761414,0.00016252426563357052
999,0.4019733667373657,0.37442171573638916,0.2755163908004761,0.00016243666220979157
1000,0.3943098187446594,0.3669193387031555,0.2739047706127167,0.00016234898018587337
1001,0.4201069474220276,0.39145636558532715,0.286505788564682,0.0001622612196721969
1002,0.40607357025146484,0.3774086534976959,0.28664901852607727,0.000162173380779242
1003,0.43674543499946594,0.4069039225578308,0.2984152138233185,0.00016208546361758707
1004,0.39688172936439514,0.36932840943336487,0.2755332589149475,0.00016199746829790906
1005,0.41645386815071106,0.3875372111797333,0.28916648030281067,0.00016190939493098344
1006,0.3864768445491791,0.3597962558269501,0.2668060064315796,0.00016182124362768368
1007,0.42485594749450684,0.3953128159046173,0.29543137550354004,0.00016173301449898166
1008,0.40513280034065247,0.3771688640117645,0.27963948249816895,0.00016164470765594698
1009,0.42112988233566284,0.39192280173301697,0.2920708656311035,0.00016155632320974728
1010,0.40958264470100403,0.3813776969909668,0.2820494472980499,0.00016146786127164771
1011,0.39765867590904236,0.3701896369457245,0.2746904492378235,0.00016137932195301114
1012,0.40035146474838257,0.37223193049430847,0.28119534254074097,0.00016129070536529766
1013,0.41903120279312134,0.38960227370262146,0.294289231300354,0.00016120201162006482
1014,0.4036061763763428,0.3754892945289612,0.281168669462204,0.0001611132408289672
1015,0.4016992449760437,0.3736826777458191,0.28016558289527893,0.00016102439310375637
1016,0.4072491526603699,0.3791418969631195,0.2810724377632141,0.00016093546855628084
1017,0.4141584038734436,0.38530269265174866,0.2885570824146271,0.00016084646729848568
1018,0.41252440214157104,0.3839072287082672,0.2861715853214264,0.00016075738944241268
1019,0.41932424902915955,0.39020276069641113,0.2912149131298065,0.00016066823510019998
1020,0.41074687242507935,0.38249167799949646,0.282552033662796,0.000160579004384082
1021,0.405033141374588,0.37700220942497253,0.28030940890312195,0.00016048969740638933
1022,0.40113285183906555,0.37344321608543396,0.27689629793167114,0.00016040031427954853
1023,0.3957001864910126,0.36857593059539795,0.271242618560791,0.00016031085511608213
1024,0.40225228667259216,0.37449541687965393,0.27756863832473755,0.00016022132002860824
1025,0.41387784481048584,0.3855432868003845,0.2833455502986908,0.00016013170912984058
1026,0.4050275981426239,0.3772069811820984,0.27820613980293274,0.00016004202253258842
1027,0.42281895875930786,0.39394792914390564,0.28871026635169983,0.00015995226034975617
1028,0.39573076367378235,0.36836451292037964,0.27366238832473755,0.00015986242269434354
1029,0.38976815342903137,0.36265629529953003,0.27111852169036865,0.00015977250967944508
1030,0.4151982367038727,0.38641253113746643,0.2878569960594177,0.00015968252141825037
1031,0.3958475887775421,0.3679210841655731,0.2792649269104004,0.00015959245802404365
1032,0.4089885652065277,0.3810119032859802,0.27976667881011963,0.00015950231961020373
1033,0.42504003643989563,0.3955874741077423,0.294525682926178,0.00015941210629020388
1034,0.40775012969970703,0.37952888011932373,0.2822124660015106,0.00015932181817761163
1035,0.4125847816467285,0.3838178813457489,0.28766900300979614,0.00015923145538608875
1036,0.4139191508293152,0.3853590488433838,0.28560101985931396,0.0001591410180293909
1037,0.39161473512649536,0.36438655853271484,0.2722817361354828,0.00015905050622136777
1038,0.43222329020500183,0.40247637033462524,0.2974691092967987,0.0001589599200759626
1039,0.3978930413722992,0.3709084093570709,0.26984620094299316,0.00015886925970721235
1040,0.40045830607414246,0.3722464442253113,0.28211867809295654,0.00015877852522924732
1041,0.3745475709438324,0.34888049960136414,0.25667059421539307,0.00015868771675629114
1042,0.3827506899833679,0.3564075529575348,0.26343128085136414,0.00015859683440266068
1043,0.39870041608810425,0.3709412217140198,0.2775919437408447,0.00015850587828276564
1044,0.4165809750556946,0.38800862431526184,0.28572365641593933,0.0001584148485111087
1045,0.43069344758987427,0.40032416582107544,0.30369269847869873,0.00015832374520228525
1046,0.408314973115921,0.3796350955963135,0.28679871559143066,0.00015823256847098324
1047,0.41367581486701965,0.38498228788375854,0.28693538904190063,0.00015814131843198308
1048,0.4018346667289734,0.3739722669124603,0.2786238491535187,0.00015804999520015734
1049,0.39465394616127014,0.36755067110061646,0.27103281021118164,0.00015795859889047091
1050,0.40017303824424744,0.3724353313446045,0.2773769795894623,0.0001578671296179806
1051,0.41968613862991333,0.39060473442077637,0.29081404209136963,0.000157775587497835
1052,0.39597439765930176,0.36871492862701416,0.2725945711135864,0.00015768397264527448
1053,0.38046085834503174,0.3542444407939911,0.26216402649879456,0.00015759228517563099
1054,0.39442357420921326,0.3668985068798065,0.27525070309638977,0.00015750052520432787
1055,0.4086647033691406,0.3804456889629364,0.2821902632713318,0.0001574086928468797
1056,0.38825833797454834,0.3615770637989044,0.26681259274482727,0.00015731678821889224
1057,0.40607666969299316,0.37783801555633545,0.28238645195961,0.0001572248114360622
1058,0.4005333483219147,0.37265148758888245,0.27881866693496704,0.00015713276261417706
1059,0.3786156177520752,0.35238930583000183,0.2622629702091217,0.00015704064186911518
1060,0.40198391675949097,0.37449365854263306,0.27490273118019104,0.0001569484493168452
1061,0.42417454719543457,0.394802987575531,0.2937157154083252,0.0001568561850734264
1062,0.39602425694465637,0.368574321269989,0.27449923753738403,0.00015676384925500814
1063,0.40114453434944153,0.373665988445282,0.2747855484485626,0.00015667144197783
1064,0.3848501145839691,0.35827991366386414,0.26570209860801697,0.00015657896335822147
1065,0.42906633019447327,0.3995361924171448,0.29530125856399536,0.00015648641351260177
1066,0.3773254156112671,0.3511681854724884,0.2615721821784973,0.00015639379255747994
1067,0.4252959191799164,0.3959406614303589,0.2935525178909302,0.0001563011006094544
1068,0.3912593424320221,0.3643558621406555,0.26903486251831055,0.00015620833778521307
1069,0.4052766263484955,0.3771841526031494,0.28092479705810547,0.00015611550420153297
1070,0.4173144996166229,0.38824447989463806,0.29070013761520386,0.00015602259997528028
1071,0.39934274554252625,0.37187817692756653,0.27464571595191956,0.0001559296252234101
1072,0.3953894078731537,0.36805132031440735,0.27338093519210815,0.00015583658006296624
1073,0.420612633228302,0.39137110114097595,0.2924152910709381,0.0001557434646110813
1074,0.3838110566139221,0.35744020342826843,0.2637084126472473,0.00015565027898497617
1075,0.41847309470176697,0.3898203670978546,0.2865273654460907,0.00015555702330196023
1076,0.42239776253700256,0.3930351734161377,0.29362601041793823,0.00015546369767943102
1077,0.39679133892059326,0.3693891167640686,0.27402207255363464,0.0001553703022348741
1078,0.41799822449684143,0.3889664113521576,0.29031825065612793,0.0001552768370858629
1079,0.40094175934791565,0.3732036054134369,0.2773814797401428,0.00015518330235005868
1080,0.40353214740753174,0.37589409947395325,0.27638041973114014,0.00015508969814521025
1081,0.4069027602672577,0.37906414270401,0.2783861458301544,0.0001549960245891539
1082,0.4051997661590576,0.37704411149024963,0.28155651688575745,0.0001549022817998132
1083,0.39107853174209595,0.364170104265213,0.2690841555595398,0.00015480846989519885
1084,0.40350204706192017,0.37583503127098083,0.27667003870010376,0.0001547145889934086
1085,0.3970072269439697,0.36974912881851196,0.2725811004638672,0.0001546206392126271
1086,0.41439512372016907,0.3855924904346466,0.28802624344825745,0.0001545266206711256
1087,0.40168148279190063,0.3735458254814148,0.28135666251182556,0.00015443253348726202
1088,0.4284253418445587,0.399073988199234,0.29351359605789185,0.0001543383777794806
1089,0.3855307400226593,0.3591464161872864,0.2638431489467621,0.00015424415366631188
1090,0.40969470143318176,0.38145455718040466,0.28240153193473816,0.00015414986126637258
1091,0.4138666093349457,0.3856801986694336,0.28186407685279846,0.00015405550069836528
1092,0.40875861048698425,0.3805161416530609,0.282424658536911,0.00015396107208107845
1093,0.40199384093284607,0.3741503953933716,0.27843448519706726,0.0001538665755333862
1094,0.4147952198982239,0.38586685061454773,0.28928378224372864,0.00015377201117424812
1095,0.41645264625549316,0.3876470625400543,0.2880557179450989,0.0001536773791227092
1096,0.4202556014060974,0.3907869756221771,0.29468628764152527,0.00015358267949789966
1097,0.3898744285106659,0.362834632396698,0.27039802074432373,0.0001534879124190348
1098,0.401621013879776,0.3733275830745697,0.2829342186450958,0.00015339307800541475
1099,0.41480278968811035,0.3859325349330902,0.28870248794555664,0.00015329817637642454
1100,0.4061260223388672,0.3782913088798523,0.2783472537994385,0.00015320320765153367
1101,0.4057275056838989,0.377841591835022,0.27885907888412476,0.0001531081719502962
1102,0.42625728249549866,0.3965176045894623,0.29739680886268616,0.00015301306939235053
1103,0.41398823261260986,0.38474735617637634,0.29240891337394714,0.00015291790009741907
1104,0.41069260239601135,0.38239437341690063,0.28298237919807434,0.00015282266418530847
1105,0.40197283029556274,0.37438416481018066,0.27588650584220886,0.000152727361775909
1106,0.40059465169906616,0.37296733260154724,0.27627307176589966,0.00015263199298919488
1107,0.40124058723449707,0.37385839223861694,0.2738220691680908,0.00015253655794522368
1108,0.4177337884902954,0.38878780603408813,0.2894596755504608,0.0001524410567641366
1109,0.40801870822906494,0.37995389103889465,0.2806483209133148,0.00015234548956615784
1110,0.4008829593658447,0.37269023060798645,0.281927227973938,0.0001522498564715949
1111,0.3861444294452667,0.35954588651657104,0.26598551869392395,0.0001521541576008382
1112,0.41353410482406616,0.38459983468055725,0.2893427908420563,0.00015205839307436088
1113,0.4039957821369171,0.3759790360927582,0.2801673412322998,0.00015196256301271884
1114,0.4206800162792206,0.39165833592414856,0.29021692276000977,0.0001518666675365504
1115,0.3910577595233917,0.3640410304069519,0.2701673209667206,0.00015177070676657633
1116,0.4052993655204773,0.37747201323509216,0.27827349305152893,0.00015167468082359945
1117,0.39096397161483765,0.3639703392982483,0.2699364125728607,0.00015157858982850475
1118,0.4093242883682251,0.3805953860282898,0.2872889041900635,0.00015148243390225908
1119,0.41462793946266174,0.3862532675266266,0.2837466895580292,0.00015138621316591094
1120,0.38876575231552124,0.3622031509876251,0.2656260132789612,0.00015128992774059063
1121,0.42523080110549927,0.3956926465034485,0.29538166522979736,0.00015119357774750965
1122,0.40079131722450256,0.37294286489486694,0.27848440408706665,0.0001510971633079609
1123,0.41656556725502014,0.38776877522468567,0.2879678010940552,0.00015100068454331836
1124,0.40830716490745544,0.37985533475875854,0.2845182716846466,0.00015090414157503714
1125,0.41774410009384155,0.3891324996948242,0.2861158847808838,0.00015080753452465296
1126,0.39454251527786255,0.367216020822525,0.27326494455337524,0.00015071086351378231
1127,0.40565431118011475,0.3777162432670593,0.279380738735199,0.00015061412866412225
1128,0.40189802646636963,0.374139666557312,0.2775837182998657,0.00015051733009745013
1129,0.39868053793907166,0.3709765672683716,0.27703961730003357,0.00015042046793562348
1130,0.4066044092178345,0.37837499380111694,0.28229430317878723,0.00015032354230058004
1131,0.4126419425010681,0.3840092420578003,0.2863270342350006,0.00015022655331433727
1132,0.3982018828392029,0.370322048664093,0.278798371553421,0.0001501295010989925
1133,0.4012497365474701,0.37378671765327454,0.27463024854660034,0.00015003238577672266
1134,0.4296709895133972,0.4000261127948761,0.2964487373828888,0.00014993520746978405
1135,0.40771299600601196,0.37913480401039124,0.2857820689678192,0.0001498379663005123
1136,0.39931416511535645,0.37192150950431824,0.2739265263080597,0.0001497406623913222
1137,0.4094461500644684,0.38132819533348083,0.28117960691452026,0.00014964329586470752
1138,0.41512054204940796,0.3859822750091553,0.2913828194141388,0.00014954586684324078
1139,0.3966626524925232,0.36918824911117554,0.2747438848018646,0.00014944837544957323
1140,0.37957680225372314,0.3535631000995636,0.2601371109485626,0.0001493508218064347
1141,0.41318583488464355,0.3844565451145172,0.2872928977012634,0.00014925320603663327
1142,0.3954189419746399,0.3679068982601166,0.2751203775405884,0.00014915552826305533
1143,0.3776664435863495,0.351696640253067,0.25969791412353516,0.0001490577886086652
1144,0.4144390821456909,0.385783851146698,0.28655242919921875,0.00014895998719650526
1145,0.38762447237968445,0.3606073260307312,0.27017149329185486,0.00014886212414969553
1146,0.40973275899887085,0.3805617392063141,0.2917102575302124,0.0001487641995914336
1147,0.41568830609321594,0.3862234652042389,0.29464849829673767,0.0001486662136449946
1148,0.4129748046398163,0.38465023040771484,0.28324586153030396,0.00014856816643373083
1149,0.3917396664619446,0.36474913358688354,0.2699051797389984,0.00014847005808107185
1150,0.3950924575328827,0.36780017614364624,0.2729228734970093,0.000148371888710524
1151,0.4131523370742798,0.3845675587654114,0.28584787249565125,0.0001482736584456706
1152,0.40821146965026855,0.3803671896457672,0.2784428894519806,0.00014817536741017152
1153,0.4003686010837555,0.37293460965156555,0.2743399739265442,0.00014807701572776323
1154,0.39262861013412476,0.36519262194633484,0.2743600010871887,0.00014797860352225853
1155,0.4210585951805115,0.3920736014842987,0.2898499667644501,0.00014788013091754628
1156,0.385037362575531,0.3582852780818939,0.2675207257270813,0.00014778159803759158
1157,0.39675068855285645,0.3692457377910614,0.2750493884086609,0.00014768300500643517
1158,0.4188934564590454,0.38968315720558167,0.2921031415462494,0.00014758435194819376
1159,0.39710646867752075,0.3695020079612732,0.27604445815086365,0.00014748563898705946
1160,0.4110090136528015,0.38261711597442627,0.28391900658607483,0.00014738686624729986
1161,0.3931170701980591,0.3654900789260864,0.2762700319290161,0.00014728803385325782
1162,0.4110800623893738,0.3828985393047333,0.28181523084640503,0.0001471891419293512
1163,0.42456674575805664,0.3951261639595032,0.2944059371948242,0.00014709019060007286
1164,0.4186832904815674,0.38985997438430786,0.28823304176330566,0.00014699117998999054
1165,0.3919605612754822,0.36492031812667847,0.27040237188339233,0.00014689211022374645
1166,0.4020277261734009,0.37424585223197937,0.27781882882118225,0.00014679298142605734
1167,0.4125257134437561,0.38405245542526245,0.2847326397895813,0.0001466937937217143
1168,0.39438334107398987,0.3666815757751465,0.27701759338378906,0.00014659454723558248
1169,0.41362646222114563,0.3848837614059448,0.28742697834968567,0.00014649524209260116
1170,0.38456833362579346,0.35772064328193665,0.26847678422927856,0.00014639587841778343
1171,0.4123304486274719,0.3840034008026123,0.28327053785324097,0.0001462964563362159
1172,0.40402817726135254,0.37621399760246277,0.27814173698425293,0.00014619697597305898
1173,0.4213905334472656,0.3924509584903717,0.2893957793712616,0.00014609743745354624
1174,0.41025248169898987,0.38189712166786194,0.2835535705089569,0.0001459978409029845
1175,0.42394039034843445,0.39468538761138916,0.29254990816116333,0.00014589818644675378
1176,0.41100451350212097,0.3821624517440796,0.28842073678970337,0.00014579847421030678
1177,0.416079580783844,0.38737723231315613,0.2870236337184906,0.00014569870431916903
1178,0.41778871417045593,0.38901570439338684,0.2877301275730133,0.0001455988768989387
1179,0.40383410453796387,0.37580475211143494,0.2802935540676117,0.00014549899207528632
1180,0.4095534682273865,0.3818955719470978,0.27657899260520935,0.00014539904997395468
1181,0.3817598819732666,0.3555814325809479,0.2617845833301544,0.00014529905072075872
1182,0.37858542799949646,0.3523757755756378,0.2620964050292969,0.00014519899444158526
1183,0.41940391063690186,0.3904004991054535,0.29003411531448364,0.00014509888126239297
1184,0.4220424294471741,0.3930036127567291,0.2903880178928375,0.00014499871130921213
1185,0.39501339197158813,0.3677830100059509,0.27230367064476013,0.00014489848470814447
1186,0.4053876996040344,0.37703073024749756,0.2835698127746582,0.00014479820158536306
1187,0.38675692677497864,0.3597477376461029,0.2700919508934021,0.00014469786206711214
1188,0.42530784010887146,0.3958427309989929,0.2946511209011078,0.00014459746627970685
1189,0.39097166061401367,0.3636990785598755,0.2727258801460266,0.0001444970143495333
1190,0.42173412442207336,0.39290884137153625,0.28825291991233826,0.00014439650640304822
1191,0.39305979013442993,0.36594218015670776,0.27117598056793213,0.00014429594256677882
1192,0.40407735109329224,0.37586137652397156,0.2821597456932068,0.0001441953229673227
1193,0.43743863701820374,0.40723100304603577,0.30207622051239014,0.00014409464773134764
1194,0.4129188060760498,0.38339921832084656,0.2951960265636444,0.00014399391698559152
1195,0.3961743116378784,0.36819320917129517,0.2798110246658325,0.00014389313085686205
1196,0.3991004228591919,0.37201958894729614,0.2708084285259247,0.00014379228947203665
1197,0.4108450412750244,0.38252073526382446,0.28324294090270996,0.0001436913929580623
1198,0.4090579152107239,0.3804728388786316,0.2858507037162781,0.00014359044144195547
1199,0.3779166340827942,0.3518977165222168,0.2601892948150635,0.00014348943505080173
1200,0.3897019922733307,0.36278238892555237,0.26919591426849365,0.00014338837391175582
1201,0.412432998418808,0.38428574800491333,0.28147250413894653,0.00014328725815204144
1202,0.4024013876914978,0.3746558427810669,0.27745553851127625,0.00014318608789895088
1203,0.40110835433006287,0.3733047544956207,0.2780360281467438,0.00014308486327984523
1204,0.392011433839798,0.3649536371231079,0.27057793736457825,0.00014298358442215388
1205,0.40186789631843567,0.3739456534385681,0.2792223393917084,0.00014288225145337466
1206,0.4158841669559479,0.3868483603000641,0.2903580665588379,0.0001427808645010733
1207,0.37062591314315796,0.3449269235134125,0.25698986649513245,0.00014267942369288364
1208,0.407726526260376,0.37964752316474915,0.28079017996788025,0.00014257792915650728
1209,0.4112318456172943,0.38300415873527527,0.28227698802948,0.00014247638101971344
1210,0.39574551582336426,0.3686188757419586,0.27126654982566833,0.00014237477941033888
1211,0.41861069202423096,0.3895687162876129,0.2904196083545685,0.00014227312445628759
1212,0.39982709288597107,0.37163257598876953,0.2819450795650482,0.00014217141628553078
1213,0.38140982389450073,0.35520634055137634,0.2620348036289215,0.00014206965502610655
1214,0.40577951073646545,0.37820103764533997,0.27578482031822205,0.00014196784080612002
1215,0.4009273648262024,0.37291544675827026,0.2801191806793213,0.0001418659737537428
1216,0.39994439482688904,0.37249523401260376,0.2744915187358856,0.00014176405399721312
1217,0.3975905179977417,0.3702150881290436,0.27375417947769165,0.00014166208166483548
1218,0.3967859745025635,0.3693312704563141,0.2745470106601715,0.00014156005688498063
1219,0.3888339102268219,0.36171844601631165,0.2711547613143921,0.00014145797978608527
1220,0.4230794906616211,0.39356228709220886,0.29517191648483276,0.00014135585049665207
1221,0.4230484068393707,0.3936249315738678,0.29423487186431885,0.00014125366914524934
1222,0.4193572700023651,0.39014720916748047,0.292100727558136,0.00014115143586051088
1223,0.40573588013648987,0.37746942043304443,0.2826647162437439,0.000141049150771136
1224,0.4149176776409149,0.3862352967262268,0.2868238389492035,0.00014094681400588906
1225,0.42794090509414673,0.3982330560684204,0.29707834124565125,0.00014084442569359964
1226,0.4132927358150482,0.38443973660469055,0.2885299623012543,0.00014074198596316205
1227,0.3968967795372009,0.3694427013397217,0.27454087138175964,0.0001406394949435355
1228,0.41383466124534607,0.38460639119148254,0.29228270053863525,0.0001405369527637436
1229,0.417827844619751,0.38905271887779236,0.287751168012619,0.00014043435955287452
1230,0.41907602548599243,0.3898451030254364,0.2923092246055603,0.00014033171544008052
1231,0.41276097297668457,0.38383185863494873,0.2892912030220032,0.00014022902055457802
1232,0.4134055972099304,0.3849111497402191,0.2849443554878235,0.00014012627502564743
1233,0.42010697722435,0.39091527462005615,0.2919171154499054,0.00014002347898263274
1234,0.4149377942085266,0.38600045442581177,0.28937333822250366,0.0001399206325549417
1235,0.4001160264015198,0.3724185526371002,0.27697476744651794,0.00013981773587204535
1236,0.4168879985809326,0.3881879448890686,0.28700047731399536,0.00013971478906347806
1237,0.39565956592559814,0.3682003617286682,0.2745921015739441,0.00013961179225883735
1238,0.4255977272987366,0.3958713114261627,0.29726406931877136,0.00013950874558778362
1239,0.4195628762245178,0.39015865325927734,0.29404217004776,0.00013940564918004004
1240,0.4006030559539795,0.3730338513851166,0.2756921947002411,0.00013930250316539238
1241,0.4138101041316986,0.38510891795158386,0.28701192140579224,0.00013919930767368891
1242,0.3908945322036743,0.363894522190094,0.2700001299381256,0.00013909606283484018
1243,0.3922663629055023,0.3656458854675293,0.2662048041820526,0.00013899276877881884
1244,0.39376285672187805,0.36654847860336304,0.27214381098747253,0.0001388894256356595
1245,0.42371466755867004,0.3947365880012512,0.289780855178833,0.00013878603353545854
1246,0.4127046763896942,0.38412317633628845,0.2858150601387024,0.00013868259260837402
1247,0.4381217062473297,0.4079955816268921,0.30126136541366577,0.00013857910298462544
1248,0.4273083508014679,0.3978519141674042,0.29456445574760437,0.0001384755647944936
1249,0.39092180132865906,0.3635799288749695,0.2734188139438629,0.0001383719781683205
1250,0.4030405580997467,0.3749822676181793,0.28058284521102905,0.000138268343236509
1251,0.4133184850215912,0.38471493124961853,0.2860356569290161,0.00013816466012952285
1252,0.40014374256134033,0.3728025257587433,0.2734123170375824,0.00013806092897788644
1253,0.39499908685684204,0.3680199682712555,0.2697910666465759,0.00013795714991218463
1254,0.42789560556411743,0.3980192542076111,0.2987634837627411,0.00013785332306306259
1255,0.40336984395980835,0.37538018822669983,0.27989670634269714,0.00013774944856122568
1256,0.3952943980693817,0.3678353726863861,0.27459022402763367,0.0001376455265374392
1257,0.3952977955341339,0.3678690493106842,0.27428752183914185,0.00013754155712252832
1258,0.40923023223876953,0.38039088249206543,0.2883935868740082,0.00013743754044737781
1259,0.3858119547367096,0.3591489791870117,0.26662978529930115,0.000137333476642932
1260,0.396292120218277,0.3691157400608063,0.2717638909816742,0.00013722936584019453
1261,0.4081825613975525,0.37981125712394714,0.2837129235267639,0.00013712520817022817
1262,0.40549811720848083,0.37771928310394287,0.277788370847702,0.00013702100376415473
1263,0.4330863058567047,0.40306907892227173,0.300172358751297,0.00013691675275315484
1264,0.3858189284801483,0.3589879870414734,0.26830944418907166,0.00013681245526846783
1265,0.386126846075058,0.3595227301120758,0.2660411596298218,0.00013670811144139144
1266,0.3843821585178375,0.35768818855285645,0.266939640045166,0.00013660372140328187
1267,0.39954036474227905,0.3719003200531006,0.2764005959033966,0.00013649928528555342
1268,0.39761099219322205,0.3701881468296051,0.27422839403152466,0.00013639480321967845
1269,0.40862345695495605,0.3803110420703888,0.28312429785728455,0.0001362902753371871
1270,0.4140634834766388,0.38570958375930786,0.28353893756866455,0.00013618570176966724
1271,0.38740217685699463,0.36047127842903137,0.2693088948726654,0.0001360810826487642
1272,0.4103487432003021,0.3822568356990814,0.2809191048145294,0.00013597641810618073
1273,0.3983774185180664,0.37089887261390686,0.2747853994369507,0.00013587170827367663
1274,0.39696598052978516,0.3699360191822052,0.2702995538711548,0.00013576695328306894
1275,0.40356165170669556,0.37554267048835754,0.2801898419857025,0.0001356621532662313
1276,0.4189850687980652,0.3898753225803375,0.29109737277030945,0.0001355573083550942
1277,0.4120306968688965,0.38284042477607727,0.2919025719165802,0.00013545241868164457
1278,0.4197595417499542,0.39098531007766724,0.2877424359321594,0.00013534748437792573
1279,0.3979315459728241,0.37044429779052734,0.2748725414276123,0.00013524250557603713
1280,0.40121355652809143,0.373482346534729,0.27731215953826904,0.0001351374824081343
1281,0.39024296402931213,0.3628435432910919,0.2739943265914917,0.00013503241500642855
1282,0.39958372712135315,0.3715251088142395,0.280586302280426,0.00013492730350318696
1283,0.3928925096988678,0.3657837212085724,0.2710878849029541,0.00013482214803073209
1284,0.3956727683544159,0.36836904287338257,0.273037314414978,0.00013471694872144188
1285,0.4092271029949188,0.38089194893836975,0.2833516001701355,0.0001346117057077493
1286,0.38677695393562317,0.36024725437164307,0.2652970552444458,0.00013450641912214262
1287,0.40647199749946594,0.37842118740081787,0.2805080711841583,0.00013440108909716468
1288,0.40749889612197876,0.3793664276599884,0.2813247740268707,0.00013429571576541315
1289,0.38995975255966187,0.36319243907928467,0.26767319440841675,0.00013419029925954029
1290,0.4070018231868744,0.3791141211986542,0.2788769602775574,0.0001340848397122525
1291,0.4278455078601837,0.3978866636753082,0.29958853125572205,0.00013397933725631055
1292,0.4252665042877197,0.3955707252025604,0.29695791006088257,0.00013387379202452917
1293,0.3827298581600189,0.3563663065433502,0.26363545656204224,0.00013376820414977685
1294,0.40183788537979126,0.37416142225265503,0.27676451206207275,0.0001336625737649759
1295,0.4009879529476166,0.3733036518096924,0.27684304118156433,0.00013355690100310213
1296,0.3967727720737457,0.36932897567749023,0.27443796396255493,0.00013345118599718457
1297,0.4313488304615021,0.4015563130378723,0.2979251742362976,0.00013334542888030553
1298,0.4168489873409271,0.3880411684513092,0.2880781888961792,0.00013323962978560033
1299,0.3909457325935364,0.36352649331092834,0.27419230341911316,0.0001331337888462571
1300,0.4119842052459717,0.38301369547843933,0.28970494866371155,0.00013302790619551674
1301,0.3862457573413849,0.35971593856811523,0.26529818773269653,0.00013292198196667248
1302,0.4123718738555908,0.3838252127170563,0.28546664118766785,0.00013281601629307007
1303,0.40123432874679565,0.37389418482780457,0.27340149879455566,0.00013271000930810737
1304,0.38693320751190186,0.36049675941467285,0.2643645107746124,0.0001326039611452342
1305,0.3862544894218445,0.3600192964076996,0.2623520493507385,0.00013249787193795226
1306,0.393058180809021,0.3660696744918823,0.2698851525783539,0.00013239174181981495
1307,0.4019254148006439,0.3741365075111389,0.2778891623020172,0.00013228557092442712
1308,0.38240596652030945,0.3560835123062134,0.2632245421409607,0.00013217935938544497
1309,0.396698534488678,0.3688666522502899,0.2783188819885254,0.00013207310733657585
1310,0.3919462263584137,0.36443623900413513,0.2750997841358185,0.00013196681491157818
1311,0.4229733347892761,0.3937637507915497,0.2920958697795868,0.00013186048224426107
1312,0.40527960658073425,0.3773920238018036,0.27887585759162903,0.00013175410946848445
1313,0.4090253710746765,0.3808455765247345,0.2817978262901306,0.00013164769671815862
1314,0.3976425528526306,0.3698948621749878,0.27747681736946106,0.0001315412441272443
1315,0.4016433358192444,0.374101847410202,0.27541476488113403,0.00013143475182975222
1316,0.4083545207977295,0.3800167441368103,0.28337767720222473,0.00013132821995974326
1317,0.41405394673347473,0.3856028914451599,0.28451046347618103,0.00013122164865132807
1318,0.40015125274658203,0.37240898609161377,0.2774227559566498,0.00013111503803866684
1319,0.3956010043621063,0.36821767687797546,0.27383336424827576,0.0001310083882559694
1320,0.411643385887146,0.3831304907798767,0.2851291000843048,0.00013090169943749476
1321,0.4160877466201782,0.38767939805984497,0.28408345580101013,0.00013079497171755112
1322,0.39671647548675537,0.36892178654670715,0.2779468894004822,0.00013068820523049572
1323,0.4137256443500519,0.3852718770503998,0.2845377027988434,0.00013058140011073448
1324,0.4114896357059479,0.3830139636993408,0.2847566306591034,0.00013047455649272207
1325,0.406146764755249,0.3782455325126648,0.27901217341423035,0.00013036767451096148
1326,0.38994300365448,0.36233797669410706,0.2760503888130188,0.00013026075430000417
1327,0.401563435792923,0.37385299801826477,0.2771044671535492,0.00013015379599444957
1328,0.40167108178138733,0.37399759888648987,0.27673470973968506,0.0001300467997289452
1329,0.39139389991760254,0.36446526646614075,0.26928645372390747,0.00012993976563818626
1330,0.3915422856807709,0.3644823729991913,0.27059903740882874,0.0001298326938569156
1331,0.42580920457839966,0.3966183066368103,0.29190897941589355,0.00012972558451992362
1332,0.4007403254508972,0.3728606700897217,0.27879655361175537,0.00012961843776204777
1333,0.4168565571308136,0.3881175220012665,0.28739023208618164,0.00012951125371817281
1334,0.38920414447784424,0.36222314834594727,0.2698100209236145,0.0001294040325232304
1335,0.38902875781059265,0.3618035316467285,0.2722523510456085,0.0001292967743121989
1336,0.4073212742805481,0.37887945771217346,0.2844181954860687,0.00012918947922010336
1337,0.4014626443386078,0.37343212962150574,0.28030523657798767,0.00012908214738201513
1338,0.39225825667381287,0.3652667701244354,0.26991498470306396,0.00012897477893305195
1339,0.3820805549621582,0.3554215133190155,0.2665903568267822,0.00012886737400837758
1340,0.39432770013809204,0.36728334426879883,0.27044352889060974,0.00012875993274320173
1341,0.39125287532806396,0.3644864559173584,0.2676643431186676,0.00012865245527277986
1342,0.413809597492218,0.38553667068481445,0.28272929787635803,0.00012854494173241294
1343,0.40434423089027405,0.3765217959880829,0.27822425961494446,0.0001284373922574474
1344,0.37972065806388855,0.35334116220474243,0.26379504799842834,0.00012832980698327496
1345,0.40169796347618103,0.3738810122013092,0.2781696319580078,0.00012822218604533232
1346,0.4316140413284302,0.4019779860973358,0.29636043310165405,0.00012811452957910109
1347,0.4075467586517334,0.37938782572746277,0.2815893292427063,0.00012800683772010767
1348,0.41185852885246277,0.3834829330444336,0.28375598788261414,0.00012789911060392294
1349,0.4002332091331482,0.3727845251560211,0.2744867205619812,0.00012779134836616218
1350,0.3846139907836914,0.3584877848625183,0.26126202940940857,0.00012768355114248494
1351,0.3998066782951355,0.37224456667900085,0.275621235370636,0.00012757571906859476
1352,0.4143470227718353,0.3860803246498108,0.28266701102256775,0.00012746785228023904
1353,0.3971998393535614,0.36976081132888794,0.27439016103744507,0.00012735995091320892
1354,0.4001163840293884,0.3727460205554962,0.2737036645412445,0.00012725201510333905
1355,0.40324676036834717,0.37507927417755127,0.28167489171028137,0.00012714404498650743
1356,0.40317580103874207,0.37542539834976196,0.277504026889801,0.0001270360406986353
1357,0.43096643686294556,0.40114250779151917,0.29823923110961914,0.00012692800237568686
1358,0.4215366244316101,0.39259305596351624,0.28943565487861633,0.00012681993015366917
1359,0.3875301778316498,0.3610938489437103,0.2643633186817169,0.000126711824168632
1360,0.3862611651420593,0.3598324954509735,0.26428666710853577,0.00012660368455666752
1361,0.41160261631011963,0.3832058608531952,0.2839675545692444,0.00012649551145391035
1362,0.3946855664253235,0.3676242232322693,0.27061355113983154,0.0001263873049965373
1363,0.3953518271446228,0.3679618537425995,0.273899644613266,0.000126279065320767
1364,0.397002637386322,0.37011846899986267,0.2688417434692383,0.00012617079256286
1365,0.4111391007900238,0.3829619288444519,0.28177177906036377,0.00012606248685911853
1366,0.4206855595111847,0.39164999127388,0.29035574197769165,0.00012595414834588626
1367,0.40130242705345154,0.3733709156513214,0.27931511402130127,0.00012584577715954814
1368,0.39814287424087524,0.3703248202800751,0.2781805098056793,0.00012573737343653024
1369,0.4013631343841553,0.3736422657966614,0.27720874547958374,0.00012562893731329967
1370,0.3987252414226532,0.3709438741207123,0.277813583612442,0.00012552046892636427
1371,0.41835278272628784,0.38911399245262146,0.2923879623413086,0.00012541196841227246
1372,0.4019753932952881,0.37397441267967224,0.28000983595848083,0.00012530343590761318
1373,0.39603570103645325,0.36884424090385437,0.27191463112831116,0.00012519487154901562
1374,0.3953637480735779,0.367721289396286,0.2764245867729187,0.0001250862754731491
1375,0.3996967673301697,0.3723301589488983,0.2736659348011017,0.0001249776478167227
1376,0.4073244631290436,0.37900757789611816,0.2831687331199646,0.0001248689887164855
1377,0.3881087899208069,0.361406147480011,0.26702651381492615,0.000124760298309226
1378,0.4026443660259247,0.37475064396858215,0.2789372503757477,0.00012465157673177216
1379,0.4127662479877472,0.383579283952713,0.29186955094337463,0.0001245428241209912
1380,0.4063474237918854,0.37828293442726135,0.2806450128555298,0.0001244340406137894
1381,0.3971417248249054,0.3697332441806793,0.27408474683761597,0.00012432522634711192
1382,0.4029756486415863,0.3751790225505829,0.277966171503067,0.0001242163814579426
1383,0.38040849566459656,0.354033499956131,0.26374998688697815,0.00012410750608330388
1384,0.38495635986328125,0.3586548864841461,0.26301488280296326,0.0001239986003602566
1385,0.40133532881736755,0.37380990386009216,0.27525413036346436,0.0001238896644258998
1386,0.4095035493373871,0.381404846906662,0.2809871435165405,0.00012378069841737044
1387,0.3778867721557617,0.3517012894153595,0.26185470819473267,0.00012367170247184355
1388,0.37620922923088074,0.350504994392395,0.25704237818717957,0.0001235626767265316
1389,0.37986627221107483,0.3534829914569855,0.2638327479362488,0.0001234536213186848
1390,0.40121445059776306,0.37292325496673584,0.28291207551956177,0.00012334453638559057
1391,0.4143171012401581,0.3856425881385803,0.28674525022506714,0.00012323542206457347
1392,0.40060484409332275,0.37237462401390076,0.28230220079421997,0.00012312627849299523
1393,0.3878058195114136,0.3610755503177643,0.26730284094810486,0.00012301710580825423
1394,0.39361387491226196,0.36654403805732727,0.2706983685493469,0.0001229079041477855
1395,0.39822301268577576,0.3702741861343384,0.27948832511901855,0.00012279867364906071
1396,0.41212037205696106,0.38323912024497986,0.28881245851516724,0.00012268941444958765
1397,0.4095175862312317,0.38137784600257874,0.28139728307724,0.0001225801266869104
1398,0.420444130897522,0.39172008633613586,0.28724053502082825,0.00012247081049860883
1399,0.4026931822299957,0.3750838339328766,0.27609342336654663,0.00012236146602229874
1400,0.416241854429245,0.38703683018684387,0.29205024242401123,0.00012225209339563145
1401,0.40266191959381104,0.37497198581695557,0.27689939737319946,0.0001221426927562938
1402,0.38434264063835144,0.35790392756462097,0.2643870711326599,0.00012203326424200778
1403,0.39283064007759094,0.36546510457992554,0.2736552357673645,0.00012192380799053058
1404,0.41728347539901733,0.38800522685050964,0.2927824854850769,0.00012181432413965428
1405,0.4082430303096771,0.37992650270462036,0.2831651568412781,0.00012170481282720563
1406,0.3966033160686493,0.36935922503471375,0.27244094014167786,0.00012159527419104607
1407,0.3976658284664154,0.36993882060050964,0.27727019786834717,0.00012148570836907133
1408,0.4103042781352997,0.3818417489528656,0.28462520241737366,0.00012137611549921146
1409,0.4080313742160797,0.37979382276535034,0.28237563371658325,0.00012126649571943047
1410,0.4001665413379669,0.3726230263710022,0.27543526887893677,0.00012115684916772629
1411,0.41913485527038574,0.389536052942276,0.29598796367645264,0.00012104717598213056
1412,0.40250512957572937,0.37486883997917175,0.276362806558609,0.00012093747630070844
1413,0.40376415848731995,0.3754752576351166,0.28288888931274414,0.00012082775026155846
1414,0.39452606439590454,0.36768585443496704,0.268402099609375,0.00012071799800281231
1415,0.4095918834209442,0.3810959458351135,0.2849593758583069,0.00012060821966263465
1416,0.40068599581718445,0.3731658458709717,0.2752014100551605,0.00012049841537922307
1417,0.3747907876968384,0.34915655851364136,0.25634220242500305,0.00012038858529080768
1418,0.4017432630062103,0.37423965334892273,0.27503618597984314,0.00012027872953565125
1419,0.4207513630390167,0.3917863667011261,0.28964996337890625,0.00012016884825204875
1420,0.41589486598968506,0.38726165890693665,0.2863321006298065,0.00012005894157832729
1421,0.4045458436012268,0.37697774171829224,0.2756810784339905,0.00011994900965284599
1422,0.4164077341556549,0.3874567747116089,0.289509654045105,0.00011983905261399566
1423,0.4219241738319397,0.392619252204895,0.29304927587509155,0.00011972907060019887
1424,0.3778080642223358,0.3519851267337799,0.25822943449020386,0.00011961906374990952
1425,0.42678940296173096,0.39754074811935425,0.2924864888191223,0.00011950903220161285
1426,0.41892799735069275,0.3899277150630951,0.2900029122829437,0.00011939897609382511
1427,0.40901732444763184,0.38066786527633667,0.28349462151527405,0.0001192888955650935
1428,0.3823773264884949,0.35601934790611267,0.26357969641685486,0.000119178790753996
1429,0.39908894896507263,0.37168240547180176,0.2740655243396759,0.00011906866179914116
1430,0.3895118534564972,0.36283648014068604,0.2667536437511444,0.00011895850883916786
1431,0.4058389663696289,0.37807750701904297,0.2776144742965698,0.00011884833201274523
1432,0.40533411502838135,0.3770839273929596,0.282501757144928,0.00011873813145857249
1433,0.40579158067703247,0.3776187002658844,0.2817288041114807,0.00011862790731537865
1434,0.39979037642478943,0.37202659249305725,0.27763786911964417,0.00011851765972192244
1435,0.41434693336486816,0.3857783079147339,0.2856861352920532,0.00011840738881699219
1436,0.3907114863395691,0.36363551020622253,0.2707597017288208,0.00011829709473940547
1437,0.4070948660373688,0.37896639108657837,0.2812848389148712,0.00011818677762800909
1438,0.40921473503112793,0.3807656764984131,0.28449058532714844,0.00011807643762167884
1439,0.42850005626678467,0.3989534378051758,0.29546618461608887,0.00011796607485931928
1440,0.40965521335601807,0.38143986463546753,0.28215348720550537,0.00011785568947986367
1441,0.41168931126594543,0.38347816467285156,0.2821114957332611,0.00011774528162227376
1442,0.4052848815917969,0.37766653299331665,0.27618345618247986,0.00011763485142553959
1443,0.4199833571910858,0.3905352056026459,0.29448139667510986,0.00011752439902867925
1444,0.40858402848243713,0.3804771304130554,0.2810690402984619,0.00011741392457073888
1445,0.397358775138855,0.3698621690273285,0.2749660909175873,0.00011730342819079227
1446,0.39615699648857117,0.3687112033367157,0.2744578421115875,0.00011719291002794096
1447,0.41129475831985474,0.3828941881656647,0.28400564193725586,0.00011708237022131381
1448,0.4178781509399414,0.388909250497818,0.2896890640258789,0.00011697180891006689
1449,0.40440675616264343,0.3766081631183624,0.2779860496520996,0.00011686122623338349
1450,0.44015175104141235,0.4097193479537964,0.30432388186454773,0.00011675062233047364
1451,0.41997596621513367,0.39091283082962036,0.2906314432621002,0.0001166399973405742
1452,0.3753446936607361,0.3493712842464447,0.2597341537475586,0.00011652935140294852
1453,0.394814133644104,0.3678645193576813,0.2694961428642273,0.0001164186846568863
1454,0.3970749080181122,0.3695509731769562,0.2752394676208496,0.00011630799724170353
1455,0.4170924723148346,0.3880462050437927,0.29046279191970825,0.00011619728929674209
1456,0.40042102336883545,0.3726392388343811,0.27781781554222107,0.00011608656096136984
1457,0.4117995500564575,0.38324302434921265,0.2855653762817383,0.0001159758123749802
1458,0.4107726514339447,0.38266175985336304,0.2811088562011719,0.00011586504367699217
1459,0.4215998649597168,0.3924417793750763,0.29158100485801697,0.00011575425500685002
1460,0.4069743752479553,0.37874889373779297,0.2822549045085907,0.0001156434465040231
1461,0.398449569940567,0.3711705505847931,0.2727901339530945,0.00011553261830800586
1462,0.38113316893577576,0.3544548749923706,0.26678282022476196,0.00011542177055831745
1463,0.40209054946899414,0.37425705790519714,0.2783348858356476,0.00011531090339450165
1464,0.42985793948173523,0.39955443143844604,0.30303511023521423,0.00011520001695612674
1465,0.4000544846057892,0.3725489675998688,0.27505508065223694,0.00011508911138278515
1466,0.4048217236995697,0.3763296902179718,0.2849203050136566,0.00011497818681409351
1467,0.371881365776062,0.34625354409217834,0.2562783658504486,0.00011486724338969232
1468,0.39326372742652893,0.36586883664131165,0.2739487886428833,0.00011475628124924577
1469,0.41889819502830505,0.3899555206298828,0.28942662477493286,0.00011464530053244169
1470,0.39354464411735535,0.36628302931785583,0.27261608839035034,0.00011453430137899129
1471,0.3822323977947235,0.3557754158973694,0.2645697295665741,0.00011442328392862891
1472,0.3967737555503845,0.36887627840042114,0.278974711894989,0.00011431224832111196
1473,0.3912845253944397,0.363910436630249,0.2737410068511963,0.00011420119469622077
1474,0.41258156299591064,0.38415950536727905,0.28422072529792786,0.00011409012319375827
1475,0.4196123778820038,0.3903236985206604,0.2928869128227234,0.00011397903395354996
1476,0.4048326313495636,0.3765765130519867,0.28256115317344666,0.0001138679271154436
1477,0.3971116244792938,0.3697980046272278,0.27313631772994995,0.00011375680281930919
1478,0.38155579566955566,0.3550357520580292,0.26520034670829773,0.00011364566120503864
1479,0.4154551923274994,0.3870241045951843,0.2843107581138611,0.0001135345024125456
1480,0.4324599504470825,0.4026764929294586,0.29783451557159424,0.00011342332658176555
1481,0.4012965261936188,0.37362244725227356,0.27674075961112976,0.00011331213385265524
1482,0.4272879660129547,0.3976624011993408,0.29625576734542847,0.00011320092436519276
1483,0.394830584526062,0.36739683151245117,0.274337500333786,0.00011308969825937725
1484,0.38216039538383484,0.3557196855545044,0.26440712809562683,0.00011297845567522886
1485,0.39143791794776917,0.3643929958343506,0.2704492509365082,0.00011286719675278838
1486,0.40109437704086304,0.37328580021858215,0.278085857629776,0.00011275592163211726
1487,0.3923611342906952,0.36495906114578247,0.2740207612514496,0.00011264463045329728
1488,0.405080646276474,0.3768279552459717,0.28252702951431274,0.00011253332335643043
1489,0.42690277099609375,0.3978216052055359,0.29081156849861145,0.00011242200048163882
1490,0.39899811148643494,0.37125614285469055,0.277419775724411,0.0001123106619690643
1491,0.3831111192703247,0.35675138235092163,0.26359736919403076,0.0001121993079588685
1492,0.4047430455684662,0.37675923109054565,0.27983808517456055,0.00011208793859123257
1493,0.4157272279262543,0.38740506768226624,0.2832215130329132,0.00011197655400635689
1494,0.4001959562301636,0.3728973865509033,0.2729855477809906,0.0001118651543444611
1495,0.3884356915950775,0.36179113388061523,0.26644545793533325,0.00011175373974578378
1496,0.4200388789176941,0.39101120829582214,0.2902766168117523,0.00011164231035058228
1497,0.42054226994514465,0.39149802923202515,0.2904425263404846,0.00011153086629913267
1498,0.40188589692115784,0.37395450472831726,0.279313862323761,0.00011141940773172939
1499,0.38786301016807556,0.36145132780075073,0.26411688327789307,0.00011130793478868515
1500,0.39883658289909363,0.371582955121994,0.27253618836402893,0.00011119644761033078
1501,0.406074583530426,0.3779752552509308,0.28099343180656433,0.00011108494633701512
1502,0.40585508942604065,0.3773043155670166,0.2855077385902405,0.00011097343110910452
1503,0.39117151498794556,0.3647608458995819,0.2641065716743469,0.0001108619020669832
1504,0.39605435729026794,0.3686840236186981,0.273703396320343,0.00011075035935105252
1505,0.42735767364501953,0.39752328395843506,0.2983437776565552,0.00011063880310173113
1506,0.39189523458480835,0.3649950921535492,0.2690015435218811,0.00011052723345945483
1507,0.3935270607471466,0.36653977632522583,0.26987284421920776,0.00011041565056467614
1508,0.3838998079299927,0.3575965166091919,0.2630329132080078,0.00011030405455786425
1509,0.4104006886482239,0.3820415437221527,0.28359153866767883,0.000110192445579505
1510,0.42255309224128723,0.39319151639938354,0.2936158776283264,0.00011008082377010045
1511,0.40037041902542114,0.3727007210254669,0.2766968905925751,0.00010996918927016886
1512,0.389538437128067,0.3629263639450073,0.26612064242362976,0.00010985754222024436
1513,0.42459267377853394,0.3955949544906616,0.28997716307640076,0.00010974588276087705
1514,0.4077813923358917,0.3795848488807678,0.28196537494659424,0.00010963421103263252
1515,0.4072505831718445,0.37890496850013733,0.28345629572868347,0.00010952252717609188
1516,0.39813071489334106,0.3708650767803192,0.27265632152557373,0.00010941083133185146
1517,0.3999411165714264,0.37216272950172424,0.27778396010398865,0.00010929912364052268
1518,0.3833681344985962,0.3570560812950134,0.26312056183815,0.00010918740424273191
1519,0.42130398750305176,0.39236021041870117,0.2894376516342163,0.00010907567327912025
1520,0.3794777989387512,0.35330766439437866,0.2617012560367584,0.00010896393089034336
1521,0.405722051858902,0.3777216672897339,0.28000375628471375,0.00010885217721707124
1522,0.40534651279449463,0.3776361644268036,0.2771034240722656,0.00010874041239998816
1523,0.4111611843109131,0.382955938577652,0.28205257654190063,0.00010862863657979237
1524,0.38924264907836914,0.36229097843170166,0.2695167362689972,0.00010851684989719594
1525,0.4230853021144867,0.3935040831565857,0.2958122491836548,0.00010840505249292476
1526,0.3850386142730713,0.3584744334220886,0.2656416893005371,0.00010829324450771806
1527,0.3814259469509125,0.3550417721271515,0.26384174823760986,0.00010818142608232849
1528,0.38409456610679626,0.35790354013442993,0.2619103491306305,0.00010806959735752174
1529,0.3971967399120331,0.36957764625549316,0.2761909067630768,0.00010795775847407659
1530,0.3844729959964752,0.35788118839263916,0.2659180462360382,0.0001078459095727845
1531,0.4200013279914856,0.3909946382045746,0.29006704688072205,0.00010773405079444963
1532,0.402221143245697,0.37460774183273315,0.27613404393196106,0.00010762218227988851
1533,0.4225599765777588,0.3931335508823395,0.29426413774490356,0.00010751030416992996
1534,0.40194034576416016,0.3742567002773285,0.27683642506599426,0.00010739841660541487
1535,0.40646761655807495,0.3784322440624237,0.280353844165802,0.00010728651972719603
1536,0.39914530515670776,0.3713291883468628,0.27816125750541687,0.00010717461367613793
1537,0.4148435592651367,0.38586190342903137,0.2898167073726654,0.00010706269859311669
1538,0.39303886890411377,0.3659520149230957,0.27086856961250305,0.00010695077461901968
1539,0.41836169362068176,0.3896474838256836,0.28714218735694885,0.00010683884189474558
1540,0.4229492247104645,0.39352947473526,0.2941974401473999,0.00010672690056120399
1541,0.41225937008857727,0.3839169144630432,0.2834244966506958,0.00010661495075931539
1542,0.405588835477829,0.3776397705078125,0.2794906497001648,0.00010650299263001097
1543,0.41166192293167114,0.38289952278137207,0.28762397170066833,0.0001063910263142323
1544,0.4160427451133728,0.3872663676738739,0.28776389360427856,0.00010627905195293135
1545,0.39094820618629456,0.364124596118927,0.2682361900806427,0.00010616706968707015
1546,0.3787802755832672,0.35283195972442627,0.2594832181930542,0.00010605507965762074
1547,0.40253928303718567,0.374899685382843,0.2763959765434265,0.00010594308200556483
1548,0.4173227846622467,0.38862237334251404,0.2870040535926819,0.00010583107687189388
1549,0.4009912312030792,0.3732897937297821,0.2770143747329712,0.00010571906439760866
1550,0.3940236568450928,0.36683887243270874,0.27184781432151794,0.00010560704472371919
1551,0.40651828050613403,0.37841030955314636,0.28107962012290955,0.0001054950179912446
1552,0.4332205355167389,0.4033447802066803,0.2987576723098755,0.00010538298434121283
1553,0.4193716049194336,0.39025864005088806,0.2911297082901001,0.00010527094391466061
1554,0.38253331184387207,0.3560390770435333,0.26494234800338745,0.00010515889685263316
1555,0.39598649740219116,0.36852091550827026,0.2746557295322418,0.00010504684329618409
1556,0.3870893716812134,0.3604409396648407,0.26648440957069397,0.00010493478338637512
1557,0.3799784481525421,0.354168176651001,0.2581026554107666,0.00010482271726427598
1558,0.4119298756122589,0.3836832642555237,0.2824661433696747,0.00010471064507096426
1559,0.3820488452911377,0.35579386353492737,0.26254966855049133,0.00010459856694752521
1560,0.38645386695861816,0.36016058921813965,0.2629326581954956,0.00010448648303505151
1561,0.38641446828842163,0.3594612181186676,0.2695324122905731,0.00010437439347464306
1562,0.3776528835296631,0.35138750076293945,0.2626538872718811,0.00010426229840740705
1563,0.41316723823547363,0.3846403956413269,0.2852683365345001,0.00010415019797445738
1564,0.39252740144729614,0.36523178219795227,0.27295616269111633,0.00010403809231691486
1565,0.3899640738964081,0.36317604780197144,0.26788029074668884,0.00010392598157590688
1566,0.4032214283943176,0.37511372566223145,0.28107696771621704,0.0001038138658925671
1567,0.40481996536254883,0.376939594745636,0.2788035571575165,0.00010370174540803556
1568,0.41320544481277466,0.3849022686481476,0.2830316424369812,0.00010358962026345824
1569,0.40051788091659546,0.3728838860988617,0.27633991837501526,0.000103477490599987
1570,0.4107377529144287,0.38210758566856384,0.28630176186561584,0.00010336535655877942
1571,0.4165646731853485,0.38765189051628113,0.28912776708602905,0.00010325321828099854
1572,0.4067646861076355,0.3778846263885498,0.2888006269931793,0.00010314107590781284
1573,0.3945314288139343,0.3675594925880432,0.26971927285194397,0.00010302892958039583
1574,0.40875446796417236,0.38056737184524536,0.2818708121776581,0.00010291677943992608
1575,0.39803606271743774,0.3705669939517975,0.27469080686569214,0.0001028046256275869
1576,0.4097440540790558,0.3817497193813324,0.2799432873725891,0.00010269246828456629
1577,0.39698442816734314,0.36984965205192566,0.27134770154953003,0.00010258030755205665
1578,0.391741007566452,0.36466413736343384,0.2707686126232147,0.00010246814357125463
1579,0.39263713359832764,0.3658226430416107,0.268144816160202,0.00010235597648336104
1580,0.39491409063339233,0.3677048981189728,0.2720920145511627,0.00010224380642958052
1581,0.41506218910217285,0.3861891031265259,0.2887308597564697,0.00010213163355112148
1582,0.39293837547302246,0.36574485898017883,0.2719351053237915,0.00010201945798919593
1583,0.4160865247249603,0.3872319161891937,0.28854596614837646,0.00010190727988501913
1584,0.40874698758125305,0.3803945779800415,0.2835240364074707,0.00010179509937980973
1585,0.4101463854312897,0.38176119327545166,0.28385183215141296,0.00010168291661478923
1586,0.3982582688331604,0.3709772825241089,0.2728097140789032,0.00010157073173118208
1587,0.4415655732154846,0.41162607073783875,0.2993949353694916,0.00010145854487021532
1588,0.4203450381755829,0.3913806080818176,0.28964442014694214,0.00010134635617311853
1589,0.41294777393341064,0.3845263123512268,0.2842145562171936,0.00010123416578112365
1590,0.40481114387512207,0.3773251473903656,0.27486005425453186,0.0001011219738354646
1591,0.3871128261089325,0.3603271543979645,0.26785674691200256,0.00010100978047737741
1592,0.41628843545913696,0.387996107339859,0.2829234004020691,0.00010089758584809979
1593,0.41125813126564026,0.38294175267219543,0.283163845539093,0.00010078539008887114
1594,0.4084818363189697,0.3801449239253998,0.2833689749240875,0.00010067319334093219
1595,0.4052923321723938,0.3772953450679779,0.27996984124183655,0.00010056099574552497
1596,0.3967941105365753,0.36889922618865967,0.27894890308380127,0.00010044879744389257
1597,0.39515215158462524,0.3678801357746124,0.2727201282978058,0.00010033659857727893
1598,0.40368449687957764,0.37624895572662354,0.27435535192489624,0.00010022439928692875
1599,0.4182808995246887,0.3892042934894562,0.29076600074768066,0.00010011219971408725
1600,0.3991205096244812,0.37157532572746277,0.27545174956321716,0.0001
1601,0.4082847237586975,0.3798101246356964,0.2847459316253662,9.988780028591278e-05
1602,0.40645307302474976,0.3783718943595886,0.2808118164539337,9.977560071307129e-05
1603,0.3872316777706146,0.360763818025589,0.2646786868572235,9.96634014227211e-05
1604,0.3818584084510803,0.35568949580192566,0.26168903708457947,9.955120255610746e-05
1605,0.3801361322402954,0.35395047068595886,0.2618566155433655,9.943900425447505e-05
1606,0.39501404762268066,0.3680118918418884,0.2700214684009552,9.932680665906783e-05
1607,0.4019997715950012,0.3742643892765045,0.27735382318496704,9.921460991112891e-05
1608,0.40293604135513306,0.3749183118343353,0.28017738461494446,9.910241415190021e-05
1609,0.3929175138473511,0.36578941345214844,0.27128103375434875,9.89902195226226e-05
1610,0.4101022779941559,0.3817519545555115,0.2835032343864441,9.887802616453542e-05
1611,0.4086785614490509,0.3808386027812958,0.27839961647987366,9.87658342188764e-05
1612,0.39987972378730774,0.372397243976593,0.2748247981071472,9.865364382688145e-05
1613,0.4115202724933624,0.38301563262939453,0.2850462794303894,9.85414551297847e-05
1614,0.3800526261329651,0.35413771867752075,0.2591489255428314,9.842926826881796e-05
1615,0.3977537453174591,0.3699134290218353,0.278403103351593,9.831708338521078e-05
1616,0.3895460367202759,0.36310774087905884,0.26438280940055847,9.820490062019029e-05
1617,0.3976304531097412,0.3705841898918152,0.2704625725746155,9.809272011498085e-05
1618,0.40078818798065186,0.3730655312538147,0.2772264778614044,9.798054201080411e-05
1619,0.39986923336982727,0.37207016348838806,0.2779907286167145,9.786836644887856e-05
1620,0.3996906578540802,0.37212949991226196,0.2756116986274719,9.775619357041952e-05
1621,0.3962976634502411,0.368929922580719,0.27367737889289856,9.764402351663901e-05
1622,0.4150833487510681,0.3861487805843353,0.2893456518650055,9.753185642874537e-05
1623,0.40601295232772827,0.3779661953449249,0.2804677188396454,9.741969244794338e-05
1624,0.37714219093322754,0.351304292678833,0.25837886333465576,9.730753171543374e-05
1625,0.41586020588874817,0.3872101306915283,0.28650063276290894,9.719537437241312e-05
1626,0.4037593603134155,0.37584179639816284,0.27917563915252686,9.708322056007397e-05
1627,0.3775957524776459,0.3516111373901367,0.25984612107276917,9.697107041960417e-05
1628,0.4042677581310272,0.3759283721446991,0.283393919467926,9.685892409218717e-05
1629,0.40626710653305054,0.378280371427536,0.2798672020435333,9.674678171900147e-05
1630,0.40581902861595154,0.3779080808162689,0.27910956740379333,9.663464344122064e-05
1631,0.41346317529678345,0.38479501008987427,0.28668180108070374,9.652250940001302e-05
1632,0.4134908616542816,0.38505446910858154,0.2843640446662903,9.641037973654178e-05
1633,0.3790442645549774,0.35277292132377625,0.26271355152130127,9.629825459196446e-05
1634,0.39230015873908997,0.36513176560401917,0.2716839611530304,9.618613410743291e-05
1635,0.3984775245189667,0.37080270051956177,0.27674826979637146,9.607401842409317e-05
1636,0.4216374158859253,0.39289626479148865,0.28741154074668884,9.596190768308515e-05
1637,0.387961745262146,0.3610929548740387,0.26868775486946106,9.584980202554266e-05
1638,0.4112235903739929,0.3832869827747345,0.2793659567832947,9.573770159259299e-05
1639,0.3876226544380188,0.36095401644706726,0.26668623089790344,9.562560652535695e-05
1640,0.420738160610199,0.39161428809165955,0.2912386655807495,9.551351696494854e-05
1641,0.3841906487941742,0.35775870084762573,0.26431936025619507,9.540143305247478e-05
1642,0.39583075046539307,0.3688807785511017,0.2694997787475586,9.528935492903575e-05
1643,0.4215966761112213,0.39274415373802185,0.2885252833366394,9.517728273572403e-05
1644,0.4030882716178894,0.37502291798591614,0.28065359592437744,9.506521661362493e-05
1645,0.4182024598121643,0.38921231031417847,0.28990158438682556,9.495315670381591e-05
1646,0.4055520296096802,0.3775215446949005,0.2803049087524414,9.484110314736682e-05
1647,0.40890559554100037,0.3807036876678467,0.28201916813850403,9.472905608533941e-05
1648,0.39284348487854004,0.36579471826553345,0.27048778533935547,9.461701565878719e-05
1649,0.40952134132385254,0.3813990354537964,0.2812231183052063,9.450498200875546e-05
1650,0.41703906655311584,0.3883412182331085,0.28697842359542847,9.439295527628081e-05
1651,0.40206605195999146,0.37483587861061096,0.2723016142845154,9.428093560239135e-05
1652,0.3926253318786621,0.36578041315078735,0.2684492766857147,9.416892312810614e-05
1653,0.4139232635498047,0.38519394397735596,0.2872931957244873,9.40569179944352e-05
1654,0.39732474088668823,0.3702559173107147,0.27068811655044556,9.394492034237931e-05
1655,0.40020009875297546,0.3729768693447113,0.2722322642803192,9.383293031292985e-05
1656,0.3794664740562439,0.3533968925476074,0.2606959342956543,9.372094804706867e-05
1657,0.36938950419425964,0.34360018372535706,0.25789329409599304,9.360897368576772e-05
1658,0.40858370065689087,0.38018372654914856,0.28399983048439026,9.349700736998908e-05
1659,0.39511728286743164,0.3680257201194763,0.270915687084198,9.338504924068462e-05
1660,0.3987736701965332,0.3714190423488617,0.2735462188720703,9.327309943879604e-05
1661,0.37867358326911926,0.3528238534927368,0.25849729776382446,9.316115810525446e-05
1662,0.39650359749794006,0.3694867789745331,0.2701682150363922,9.304922538098035e-05
1663,0.4305989444255829,0.40102678537368774,0.2957216203212738,9.293730140688336e-05
1664,0.3810024857521057,0.35466301441192627,0.2633947730064392,9.282538632386207e-05
1665,0.41573256254196167,0.38678061962127686,0.2895195186138153,9.2713480272804e-05
1666,0.3824622333049774,0.3562428653240204,0.2621937394142151,9.260158339458514e-05
1667,0.42148542404174805,0.3924301564693451,0.2905525863170624,9.248969583007005e-05
1668,0.3863723576068878,0.35932445526123047,0.27047914266586304,9.237781772011153e-05
1669,0.4072120487689972,0.37926775217056274,0.27944299578666687,9.226594920555037e-05
1670,0.4107794761657715,0.3822787404060364,0.28500720858573914,9.215409042721552e-05
1671,0.4007469117641449,0.37337398529052734,0.27372920513153076,9.204224152592343e-05
1672,0.40528425574302673,0.3773653507232666,0.2791891396045685,9.193040264247829e-05
1673,0.39206352829933167,0.3648483157157898,0.2721520662307739,9.181857391767157e-05
1674,0.39867305755615234,0.3710048794746399,0.2766818404197693,9.170675549228194e-05
1675,0.4022595286369324,0.3747006952762604,0.27558842301368713,9.159494750707526e-05
1676,0.39283961057662964,0.36559632420539856,0.27243292331695557,9.148315010280408e-05
1677,0.40631070733070374,0.37863054871559143,0.2768016755580902,9.137136342020768e-05
1678,0.3937455415725708,0.3666892647743225,0.2705628573894501,9.125958760001189e-05
1679,0.3913598358631134,0.36466431617736816,0.26695528626441956,9.114782278292876e-05
1680,0.39614415168762207,0.36882808804512024,0.2731607258319855,9.103606910965666e-05
1681,0.3718694746494293,0.3465043306350708,0.2536514103412628,9.092432672087977e-05
1682,0.40590062737464905,0.3781871795654297,0.27713435888290405,9.08125957572681e-05
1683,0.3972235321998596,0.3698550760746002,0.27368465065956116,9.070087635947733e-05
1684,0.3964120149612427,0.36865800619125366,0.2775399386882782,9.058916866814858e-05
1685,0.3990327715873718,0.37143903970718384,0.2759372889995575,9.047747282390815e-05
1686,0.38781046867370605,0.36057573556900024,0.27234724164009094,9.036578896736752e-05
1687,0.39829888939857483,0.37081795930862427,0.2748093903064728,9.025411723912298e-05
1688,0.4067370295524597,0.3787486255168915,0.2798839211463928,9.014245777975565e-05
1689,0.3939024806022644,0.3668130338191986,0.2708946168422699,9.003081072983117e-05
1690,0.38960668444633484,0.36280688643455505,0.26799798011779785,8.991917622989956e-05
1691,0.41626352071762085,0.38723501563072205,0.2902851700782776,8.980755442049502e-05
1692,0.4151003062725067,0.38602402806282043,0.29076287150382996,8.969594544213578e-05
1693,0.3970803916454315,0.3693538010120392,0.2772657871246338,8.95843494353239e-05
1694,0.4029281437397003,0.3751240372657776,0.27804097533226013,8.947276654054518e-05
1695,0.3913075029850006,0.3646039366722107,0.26703575253486633,8.936119689826888e-05
1696,0.4228392243385315,0.3934966027736664,0.2934260666370392,8.924964064894753e-05
1697,0.38510096073150635,0.35858315229415894,0.2651779353618622,8.913809793301681e-05
1698,0.4178940951824188,0.3888639509677887,0.29030153155326843,8.902656889089548e-05
1699,0.400672972202301,0.3730643689632416,0.2760861814022064,8.891505366298492e-05
1700,0.39508894085884094,0.36791253089904785,0.27176421880722046,8.880355238966923e-05
1701,0.4115217626094818,0.38301321864128113,0.2850855588912964,8.869206521131489e-05
1702,0.3926820158958435,0.36554861068725586,0.2713339924812317,8.858059226827062e-05
1703,0.41560304164886475,0.38720500469207764,0.28398042917251587,8.846913370086734e-05
1704,0.38387155532836914,0.3571408987045288,0.2673064172267914,8.835768964941773e-05
1705,0.3884182870388031,0.3619462847709656,0.26472005248069763,8.824626025421626e-05
1706,0.3925803601741791,0.36554110050201416,0.2703924775123596,8.813484565553893e-05
1707,0.40594786405563354,0.377844899892807,0.2810295820236206,8.802344599364312e-05
1708,0.3738875687122345,0.34782296419143677,0.26064595580101013,8.791206140876746e-05
1709,0.3932849168777466,0.3660583198070526,0.27226588129997253,8.780069204113153e-05
1710,0.39216676354408264,0.3651711344718933,0.26995617151260376,8.768933803093573e-05
1711,0.4018893241882324,0.37456685304641724,0.27322474122047424,8.757799951836123e-05
1712,0.4040938913822174,0.3760417103767395,0.2805219292640686,8.746667664356956e-05
1713,0.41051632165908813,0.38232994079589844,0.28186386823654175,8.735536954670275e-05
1714,0.3808956444263458,0.35399049520492554,0.26905158162117004,8.724407836788276e-05
1715,0.40529733896255493,0.3775022327899933,0.2779511511325836,8.713280324721163e-05
1716,0.39087003469467163,0.3636145293712616,0.2725552022457123,8.702154432477115e-05
1717,0.39958706498146057,0.3719364106655121,0.2765064239501953,8.691030174062273e-05
1718,0.39592909812927246,0.36880171298980713,0.2712738811969757,8.679907563480726e-05
1719,0.3946525752544403,0.3673955202102661,0.2725706398487091,8.668786614734478e-05
1720,0.38215431571006775,0.3559570908546448,0.26197224855422974,8.657667341823448e-05
1721,0.40263816714286804,0.374904602766037,0.27733564376831055,8.64654975874544e-05
1722,0.3866053819656372,0.3599596619606018,0.26645734906196594,8.63543387949614e-05
1723,0.39363521337509155,0.3669167757034302,0.2671844959259033,8.624319718069084e-05
1724,0.4054631292819977,0.37747201323509216,0.2799111306667328,8.613207288455643e-05
1725,0.39949938654899597,0.37170717120170593,0.2779220640659332,8.602096604645009e-05
1726,0.39718377590179443,0.37006115913391113,0.27122628688812256,8.590987680624174e-05
1727,0.400995135307312,0.3729982376098633,0.27996888756752014,8.579880530377926e-05
1728,0.38068056106567383,0.35448452830314636,0.2619601786136627,8.568775167888806e-05
1729,0.41105061769485474,0.3828708827495575,0.28179749846458435,8.557671607137114e-05
1730,0.4035964608192444,0.375810444355011,0.2778600752353668,8.546569862100876e-05
1731,0.3904530704021454,0.36339595913887024,0.27057111263275146,8.53546994675583e-05
1732,0.3917905390262604,0.36497196555137634,0.26818567514419556,8.524371875075425e-05
1733,0.409597247838974,0.3814909756183624,0.2810628116130829,8.51327566103077e-05
1734,0.40064290165901184,0.37301620841026306,0.2762669622898102,8.502181318590652e-05
1735,0.4154319167137146,0.38673481345176697,0.28697118163108826,8.491088861721486e-05
1736,0.41219562292099,0.3838009834289551,0.2839464247226715,8.479998304387329e-05
1737,0.42005765438079834,0.39145076274871826,0.2860690653324127,8.468909660549837e-05
1738,0.39653128385543823,0.3685044050216675,0.28026875853538513,8.457822944168257e-05
1739,0.4092220962047577,0.3810849189758301,0.2813718318939209,8.446738169199418e-05
1740,0.4107852578163147,0.3825320899486542,0.2825317084789276,8.435655349597689e-05
1741,0.4063635766506195,0.3784983158111572,0.27865272760391235,8.424574499315e-05
1742,0.40412086248397827,0.37665867805480957,0.27462172508239746,8.413495632300784e-05
1743,0.39060458540916443,0.3633542060852051,0.27250367403030396,8.402418762501982e-05
1744,0.3948426842689514,0.3676477372646332,0.27194949984550476,8.391343903863018e-05
1745,0.38982129096984863,0.36277392506599426,0.27047353982925415,8.380271070325789e-05
1746,0.37739190459251404,0.3515724241733551,0.2581948935985565,8.369200275829649e-05
1747,0.3899536728858948,0.36316344141960144,0.2679024338722229,8.358131534311372e-05
1748,0.4061053693294525,0.3776548206806183,0.2845054566860199,8.347064859705153e-05
1749,0.41791749000549316,0.38905414938926697,0.28863340616226196,8.336000265942581e-05
1750,0.3948822021484375,0.36753302812576294,0.273491770029068,8.324937766952638e-05
1751,0.39089879393577576,0.36387819051742554,0.27020591497421265,8.313877376661652e-05
1752,0.3840036392211914,0.3576239049434662,0.2637973725795746,8.302819108993312e-05
1753,0.3847310245037079,0.3584849536418915,0.2624608278274536,8.291762977868625e-05
1754,0.39065828919410706,0.36354750394821167,0.2711077928543091,8.280708997205904e-05
1755,0.39418691396713257,0.36711329221725464,0.27073636651039124,8.269657180920774e-05
1756,0.42254868149757385,0.3929954171180725,0.29553258419036865,8.258607542926114e-05
1757,0.3739006221294403,0.34806427359580994,0.25836339592933655,8.247560097132076e-05
1758,0.38590437173843384,0.35935935378074646,0.2654503285884857,8.236514857446045e-05
1759,0.3906095027923584,0.36346641182899475,0.2714308798313141,8.225471837772623e-05
1760,0.386600136756897,0.35990628600120544,0.26693859696388245,8.214431052013634e-05
1761,0.3991219699382782,0.37145161628723145,0.276703417301178,8.203392514068074e-05
1762,0.4156876504421234,0.38688793778419495,0.28799721598625183,8.19235623783212e-05
1763,0.43542954325675964,0.4054454565048218,0.29984086751937866,8.181322237199094e-05
1764,0.40598803758621216,0.3778489828109741,0.28139057755470276,8.170290526059452e-05
1765,0.42833802103996277,0.3987433910369873,0.29594624042510986,8.159261118300782e-05
1766,0.3936118185520172,0.36658650636672974,0.27025315165519714,8.14823402780776e-05
1767,0.39907899498939514,0.3716835081577301,0.27395474910736084,8.13720926846214e-05
1768,0.383637398481369,0.3570925295352936,0.26544880867004395,8.126186854142752e-05
1769,0.39253121614456177,0.3656296730041504,0.2690154016017914,8.115166798725478e-05
1770,0.3929876685142517,0.3659482002258301,0.2703947126865387,8.104149116083216e-05
1771,0.40013718605041504,0.3723321855068207,0.2780500650405884,8.093133820085888e-05
1772,0.3761574327945709,0.3501969575881958,0.2596047818660736,8.0821209246004e-05
1773,0.4048702120780945,0.3771216869354248,0.2774851322174072,8.071110443490652e-05
1774,0.38196370005607605,0.35530754923820496,0.2665615379810333,8.060102390617493e-05
1775,0.4162208139896393,0.38724616169929504,0.28974661231040955,8.049096779838719e-05
1776,0.3826318383216858,0.3562344014644623,0.2639743387699127,8.038093625009052e-05
1777,0.40651458501815796,0.37826696038246155,0.2824762463569641,8.027092939980115e-05
1778,0.41694188117980957,0.38795435428619385,0.28987541794776917,8.016094738600435e-05
1779,0.40163183212280273,0.37431150674819946,0.2732033431529999,8.005099034715404e-05
1780,0.42420142889022827,0.3947885036468506,0.2941291034221649,7.994105842167273e-05
1781,0.40572884678840637,0.37761080265045166,0.2811804711818695,7.983115174795128e-05
1782,0.41015928983688354,0.38211095333099365,0.28048330545425415,7.972127046434878e-05
1783,0.3707953989505768,0.34535741806030273,0.25437989830970764,7.961141470919233e-05
1784,0.41945087909698486,0.390340119600296,0.2911076247692108,7.950158462077697e-05
1785,0.43542781472206116,0.4051344692707062,0.30293339490890503,7.939178033736538e-05
1786,0.39264392852783203,0.3661462664604187,0.26497673988342285,7.928200199718774e-05
1787,0.40403828024864197,0.37584158778190613,0.281966894865036,7.917224973844152e-05
1788,0.40605494379997253,0.37803277373313904,0.2802218198776245,7.906252369929154e-05
1789,0.41335979104042053,0.38518744707107544,0.28172335028648376,7.895282401786945e-05
1790,0.41520485281944275,0.38643503189086914,0.28769823908805847,7.884315083227373e-05
1791,0.3959347605705261,0.36851799488067627,0.2741678059101105,7.873350428056957e-05
1792,0.4001792073249817,0.372829794883728,0.27349403500556946,7.862388450078855e-05
1793,0.4070400297641754,0.3790813982486725,0.27958622574806213,7.851429163092868e-05
1794,0.41572320461273193,0.3870108127593994,0.28712382912635803,7.840472580895396e-05
1795,0.4167216122150421,0.3881620466709137,0.28559574484825134,7.829518717279438e-05
1796,0.39506983757019043,0.3677440881729126,0.2732573449611664,7.818567586034577e-05
1797,0.3931144177913666,0.365967333316803,0.27147072553634644,7.807619200946942e-05
1798,0.3936326801776886,0.3663562536239624,0.27276426553726196,7.796673575799224e-05
1799,0.39856570959091187,0.3710516691207886,0.27514025568962097,7.785730724370625e-05
1800,0.4275795519351959,0.39731237292289734,0.3026717007160187,7.774790660436858e-05
1801,0.4131767451763153,0.38450270891189575,0.2867404520511627,7.763853397770131e-05
1802,0.4013972878456116,0.3734951615333557,0.27902141213417053,7.752918950139119e-05
1803,0.4161874055862427,0.3875945508480072,0.2859283983707428,7.741987331308964e-05
1804,0.398574560880661,0.3707239627838135,0.2785060405731201,7.731058555041237e-05
1805,0.389893114566803,0.3626653254032135,0.2722780108451843,7.720132635093934e-05
1806,0.39510825276374817,0.3676100969314575,0.2749815285205841,7.709209585221451e-05
1807,0.3807012438774109,0.35429975390434265,0.2640148401260376,7.69828941917458e-05
1808,0.38518208265304565,0.3584005534648895,0.2678152918815613,7.68737215070048e-05
1809,0.40631628036499023,0.37816667556762695,0.28149592876434326,7.676457793542654e-05
1810,0.4172285199165344,0.3882986307144165,0.2892989218235016,7.66554636144095e-05
1811,0.4079432487487793,0.3800150752067566,0.2792818248271942,7.654637868131521e-05
1812,0.39938855171203613,0.37165749073028564,0.2773105204105377,7.643732327346842e-05
1813,0.4040488004684448,0.37601587176322937,0.2803293764591217,7.63282975281565e-05
1814,0.41594162583351135,0.38724735379219055,0.2869426906108856,7.621930158262958e-05
1815,0.3753417134284973,0.34935683012008667,0.2598489224910736,7.611033557410026e-05
1816,0.38623887300491333,0.3596336543560028,0.2660521864891052,7.600139963974341e-05
1817,0.4001975655555725,0.37240347266197205,0.27794092893600464,7.589249391669616e-05
1818,0.38816821575164795,0.3612685799598694,0.2689964473247528,7.578361854205743e-05
1819,0.42998552322387695,0.40011417865753174,0.2987135350704193,7.567477365288813e-05
1820,0.39680856466293335,0.36923617124557495,0.2757239043712616,7.556595938621058e-05
1821,0.41068235039711,0.38229650259017944,0.28385844826698303,7.545717587900879e-05
1822,0.400715708732605,0.3729291260242462,0.27786585688591003,7.534842326822785e-05
1823,0.39508315920829773,0.36748695373535156,0.27596214413642883,7.523970169077402e-05
1824,0.400033175945282,0.3722461462020874,0.27787017822265625,7.513101128351454e-05
1825,0.38680708408355713,0.36008939146995544,0.2671767771244049,7.502235218327731e-05
1826,0.4155302047729492,0.3868643641471863,0.2866584360599518,7.491372452685094e-05
1827,0.40192165970802307,0.37404754757881165,0.27874109148979187,7.48051284509844e-05
1828,0.38749974966049194,0.36068829894065857,0.26811450719833374,7.469656409238685e-05
1829,0.3943689167499542,0.3668329119682312,0.27536001801490784,7.458803158772758e-05
1830,0.3935641348361969,0.3662295639514923,0.2733456790447235,7.447953107363574e-05
1831,0.39273685216903687,0.36545050144195557,0.27286338806152344,7.437106268670034e-05
1832,0.4005900025367737,0.37279751896858215,0.2779247462749481,7.426262656346978e-05
1833,0.4166528284549713,0.3877256512641907,0.28927168250083923,7.41542228404519e-05
1834,0.41710609197616577,0.3882611095905304,0.2884497344493866,7.404585165411377e-05
1835,0.41588711738586426,0.38722142577171326,0.28665691614151,7.393751314088146e-05
1836,0.3807726800441742,0.35455846786499023,0.26214200258255005,7.382920743713999e-05
1837,0.4188384413719177,0.3899278938770294,0.2891054153442383,7.372093467923302e-05
1838,0.3927796185016632,0.3656754195690155,0.27104198932647705,7.361269500346274e-05
1839,0.40983259677886963,0.38169410824775696,0.28138479590415955,7.350448854608962e-05
1840,0.41071560978889465,0.3822394609451294,0.28476136922836304,7.339631544333249e-05
1841,0.39276865124702454,0.36549729108810425,0.27271363139152527,7.328817583136804e-05
1842,0.3900202214717865,0.3630770444869995,0.2694316804409027,7.318006984633085e-05
1843,0.4147246181964874,0.38622161746025085,0.28502991795539856,7.307199762431319e-05
1844,0.3862456679344177,0.3597676157951355,0.26478061079978943,7.29639593013647e-05
1845,0.385731041431427,0.3591616749763489,0.2656935155391693,7.285595501349258e-05
1846,0.3820450007915497,0.35582029819488525,0.2622470259666443,7.274798489666097e-05
1847,0.43217480182647705,0.402086466550827,0.3008832633495331,7.264004908679112e-05
1848,0.38489001989364624,0.35851556062698364,0.26374444365501404,7.2532147719761e-05
1849,0.40271759033203125,0.37448224425315857,0.28235337138175964,7.242428093140525e-05
1850,0.40069836378097534,0.37309107184410095,0.27607282996177673,7.231644885751507e-05
1851,0.4161754548549652,0.3876824975013733,0.2849296033382416,7.220865163383784e-05
1852,0.4050551652908325,0.3773359954357147,0.27719175815582275,7.210088939607708e-05
1853,0.4041994512081146,0.3763428330421448,0.2785660922527313,7.199316227989236e-05
1854,0.38304370641708374,0.35658931732177734,0.2645437717437744,7.18854704208989e-05
1855,0.39707034826278687,0.36997026205062866,0.2710009515285492,7.177781395466772e-05
1856,0.3889068365097046,0.36192771792411804,0.2697913348674774,7.167019301672509e-05
1857,0.4012643098831177,0.37391728162765503,0.2734702229499817,7.156260774255262e-05
1858,0.40135428309440613,0.37322545051574707,0.2812882959842682,7.145505826758707e-05
1859,0.4088120460510254,0.3801393508911133,0.28672704100608826,7.134754472722017e-05
1860,0.42599576711654663,0.39651817083358765,0.29477599263191223,7.124006725679828e-05
1861,0.42855802178382874,0.39904582500457764,0.2951218783855438,7.113262599162245e-05
1862,0.3885684311389923,0.3614358603954315,0.2713257670402527,7.102522106694808e-05
1863,0.41347965598106384,0.38477978110313416,0.28699880838394165,7.09178526179849e-05
1864,0.41409581899642944,0.38565635681152344,0.28439468145370483,7.081052077989667e-05
1865,0.3960854113101959,0.368794709444046,0.2729070782661438,7.07032256878011e-05
1866,0.38424110412597656,0.35746005177497864,0.2678104341030121,7.059596747676962e-05
1867,0.39016151428222656,0.3627049922943115,0.27456530928611755,7.048874628182722e-05
1868,0.40301916003227234,0.3752562403678894,0.27762922644615173,7.038156223795224e-05
1869,0.4270922839641571,0.39774540066719055,0.2934689521789551,7.027441548007641e-05
1870,0.4006183445453644,0.3729328215122223,0.27685511112213135,7.01673061430844e-05
1871,0.4166269600391388,0.38791441917419434,0.28712543845176697,7.006023436181377e-05
1872,0.3957841396331787,0.36853525042533875,0.27248892188072205,6.995320027105481e-05
1873,0.39382120966911316,0.36671069264411926,0.2711051106452942,6.984620400555044e-05
1874,0.3876555263996124,0.3605818748474121,0.270736426115036,6.973924569999585e-05
1875,0.39754271507263184,0.36967775225639343,0.2786494791507721,6.963232548903853e-05
1876,0.4040372967720032,0.3760542869567871,0.2798299789428711,6.952544350727799e-05
1877,0.4071057140827179,0.3786090314388275,0.28496694564819336,6.94185998892655e-05
1878,0.3983307182788849,0.37109360098838806,0.2723712921142578,6.931179476950429e-05
1879,0.4234444200992584,0.39424437284469604,0.292000412940979,6.920502828244889e-05
1880,0.40699267387390137,0.37917470932006836,0.27817970514297485,6.909830056250527e-05
1881,0.3936418890953064,0.3665841817855835,0.27057695388793945,6.899161174403064e-05
1882,0.3821282386779785,0.3558575212955475,0.2627072334289551,6.888496196133317e-05
1883,0.4026876389980316,0.3746357262134552,0.28051915764808655,6.877835134867196e-05
1884,0.41027069091796875,0.38222864270210266,0.28042057156562805,6.867178004025676e-05
1885,0.40613529086112976,0.37802061438560486,0.28114667534828186,6.85652481702478e-05
1886,0.41900908946990967,0.390079140663147,0.2892996072769165,6.845875587275576e-05
1887,0.38726451992988586,0.3604499101638794,0.2681460678577423,6.835230328184138e-05
1888,0.3959186375141144,0.3683677911758423,0.2755085825920105,6.824589053151558e-05
1889,0.3986193537712097,0.37122318148612976,0.2739618122577667,6.813951775573896e-05
1890,0.4068751335144043,0.3786567747592926,0.28218355774879456,6.803318508842187e-05
1891,0.4213089346885681,0.3926011919975281,0.2870774269104004,6.792689266342416e-05
1892,0.3779604136943817,0.35148242115974426,0.26477986574172974,6.782064061455504e-05
1893,0.3992011547088623,0.371488094329834,0.2771306037902832,6.77144290755729e-05
1894,0.41790518164634705,0.3887954354286194,0.291097491979599,6.760825818018508e-05
1895,0.3986072540283203,0.37117695808410645,0.27430295944213867,6.750212806204777e-05
1896,0.3898497521877289,0.36299067735671997,0.2685908079147339,6.739603885476582e-05
1897,0.3935149908065796,0.3667672574520111,0.26747745275497437,6.728999069189263e-05
1898,0.4140021502971649,0.38542962074279785,0.28572532534599304,6.718398370692993e-05
1899,0.4096561670303345,0.3815213739871979,0.28134793043136597,6.707801803332754e-05
1900,0.4135335087776184,0.3848803639411926,0.2865315079689026,6.697209380448333e-05
1901,0.3918977379798889,0.364925354719162,0.2697238028049469,6.68662111537429e-05
1902,0.4112795293331146,0.3826800286769867,0.28599509596824646,6.676037021439971e-05
1903,0.3924189507961273,0.3651289939880371,0.27289968729019165,6.665457111969451e-05
1904,0.40776634216308594,0.37916097044944763,0.286053866147995,6.654881400281547e-05
1905,0.3793376684188843,0.3530011475086212,0.26336508989334106,6.644309899689793e-05
1906,0.40861213207244873,0.3804608881473541,0.281512588262558,6.63374262350241e-05
1907,0.39395004510879517,0.3667236566543579,0.2722640335559845,6.623179585022316e-05
1908,0.40798503160476685,0.379872590303421,0.2811242938041687,6.612620797547087e-05
1909,0.39741086959838867,0.3700715899467468,0.273392915725708,6.602066274368947e-05
1910,0.3853302597999573,0.35881951451301575,0.26510748267173767,6.59151602877475e-05
1911,0.4200880527496338,0.3909691870212555,0.29118871688842773,6.580970074045975e-05
1912,0.3967069983482361,0.36952170729637146,0.271852970123291,6.570428423458687e-05
1913,0.3894915282726288,0.3627259135246277,0.2676561176776886,6.559891090283537e-05
1914,0.4077003002166748,0.3795052468776703,0.28195053339004517,6.549358087785744e-05
1915,0.3992985486984253,0.3719191551208496,0.2737940847873688,6.538829429225069e-05
1916,0.40842515230178833,0.3799402117729187,0.2848495543003082,6.528305127855816e-05
1917,0.4113934338092804,0.383005827665329,0.2838760316371918,6.517785196926792e-05
1918,0.40550240874290466,0.37739357352256775,0.28108835220336914,6.507269649681307e-05
1919,0.3835430145263672,0.3571661412715912,0.26376858353614807,6.496758499357148e-05
1920,0.40185779333114624,0.3744106888771057,0.2744710147380829,6.486251759186572e-05
1921,0.3948136866092682,0.3676556348800659,0.2715805172920227,6.475749442396289e-05
1922,0.4048210382461548,0.3763536512851715,0.28467392921447754,6.465251562207431e-05
1923,0.41076284646987915,0.3825496435165405,0.28213217854499817,6.454758131835545e-05
1924,0.4050089120864868,0.3762493133544922,0.28759604692459106,6.44426916449058e-05
1925,0.39379438757896423,0.3664460778236389,0.2734830975532532,6.43378467337687e-05
1926,0.3933044672012329,0.36586424708366394,0.2744022309780121,6.423304671693107e-05
1927,0.38760310411453247,0.3613608777523041,0.2624223828315735,6.412829172632338e-05
1928,0.41097062826156616,0.38282790780067444,0.2814270853996277,6.402358189381934e-05
1929,0.398736834526062,0.3706762492656708,0.2806059718132019,6.391891735123582e-05
1930,0.3878452479839325,0.3610769808292389,0.26768264174461365,6.38142982303328e-05
1931,0.40229493379592896,0.37450194358825684,0.27792975306510925,6.370972466281291e-05
1932,0.4059855043888092,0.37810254096984863,0.27882957458496094,6.360519678032157e-05
1933,0.41589733958244324,0.38707220554351807,0.28825142979621887,6.350071471444661e-05
1934,0.4203489422798157,0.39148014783859253,0.28868791460990906,6.339627859671814e-05
1935,0.41985923051834106,0.3907875716686249,0.2907167077064514,6.32918885586086e-05
1936,0.3888109624385834,0.361741840839386,0.2706913352012634,6.318754473153221e-05
1937,0.39121609926223755,0.36414748430252075,0.27068600058555603,6.308324724684518e-05
1938,0.4258323311805725,0.396186888217926,0.29645445942878723,6.297899623584532e-05
1939,0.4174734354019165,0.3885030746459961,0.2897036075592041,6.287479182977184e-05
1940,0.4008023738861084,0.37310951948165894,0.2769284248352051,6.277063415980549e-05
1941,0.40111345052719116,0.3734655976295471,0.27647846937179565,6.266652335706802e-05
1942,0.37498193979263306,0.34922632575035095,0.25755617022514343,6.256245955262221e-05
1943,0.3995361924171448,0.3719105124473572,0.27625665068626404,6.245844287747168e-05
1944,0.40703561902046204,0.3792369067668915,0.277987003326416,6.23544734625608e-05
1945,0.42668387293815613,0.39717206358909607,0.2951180040836334,6.225055143877434e-05
1946,0.39602673053741455,0.3684476315975189,0.2757910192012787,6.214667693693744e-05
1947,0.4180099070072174,0.389496773481369,0.2851312756538391,6.20428500878154e-05
1948,0.402962863445282,0.3756720721721649,0.2729080021381378,6.193907102211358e-05
1949,0.40706107020378113,0.37923339009284973,0.2782767713069916,6.183533987047716e-05
1950,0.3921768069267273,0.3648607134819031,0.27316078543663025,6.173165676349103e-05
1951,0.4067980647087097,0.37874922156333923,0.2804885804653168,6.162802183167954e-05
1952,0.39315903186798096,0.366089403629303,0.2706962823867798,6.152443520550641e-05
1953,0.40362024307250977,0.3757103979587555,0.2790984809398651,6.14208970153746e-05
1954,0.4232206344604492,0.3938246965408325,0.29395946860313416,6.1317407391626e-05
1955,0.3975801169872284,0.37033915519714355,0.2724095582962036,6.121396646454149e-05
1956,0.40033531188964844,0.3729933202266693,0.27341991662979126,6.111057436434056e-05
1957,0.38991138339042664,0.3630737364292145,0.2683763802051544,6.1007231221181206e-05
1958,0.3911154568195343,0.36422404646873474,0.2689141631126404,6.090393716515983e-05
1959,0.3855033218860626,0.3588107228279114,0.2669259309768677,6.0800692326311095e-05
1960,0.4239951968193054,0.394881933927536,0.29113247990608215,6.069749683460765e-05
1961,0.41240644454956055,0.383848637342453,0.2855781614780426,6.059435081996001e-05
1962,0.3968892991542816,0.3695535659790039,0.27335721254348755,6.049125441221639e-05
1963,0.3927704691886902,0.36503708362579346,0.2773338258266449,6.038820774116265e-05
1964,0.40850797295570374,0.38023266196250916,0.282753050327301,6.0285210936521955e-05
1965,0.4071832001209259,0.37923672795295715,0.2794647216796875,6.018226412795469e-05
1966,0.4132251441478729,0.38419675827026367,0.29028379917144775,6.0079367445058354e-05
1967,0.4023030400276184,0.37450140714645386,0.27801623940467834,5.997652101736726e-05
1968,0.4139501452445984,0.3853822648525238,0.2856786847114563,5.9873724974352585e-05
1969,0.37794730067253113,0.35202187299728394,0.2592541575431824,5.977097944542198e-05
1970,0.39412733912467957,0.3672703206539154,0.2685702443122864,5.9668284559919504e-05
1971,0.39701032638549805,0.3693561255931854,0.27654212713241577,5.956564044712551e-05
1972,0.4105604290962219,0.38212063908576965,0.2843979299068451,5.94630472362564e-05
1973,0.4156537652015686,0.387478232383728,0.2817551791667938,5.936050505646452e-05
1974,0.4148358702659607,0.3860883116722107,0.28747573494911194,5.925801403683797e-05
1975,0.4005025029182434,0.37278056144714355,0.2772194445133209,5.9155574306400395e-05
1976,0.4086284339427948,0.38071027398109436,0.2791815996170044,5.9053185994110974e-05
1977,0.4142570495605469,0.38518190383911133,0.29075154662132263,5.8950849228864025e-05
1978,0.406190425157547,0.3779923915863037,0.28198036551475525,5.884856413948913e-05
1979,0.40414950251579285,0.3760484457015991,0.2810106873512268,5.87463308547507e-05
1980,0.4058869779109955,0.37795278429985046,0.2793419659137726,5.864414950334796e-05
1981,0.3828461468219757,0.35684651136398315,0.2599963843822479,5.8542020213914726e-05
1982,0.40547266602516174,0.3770732581615448,0.28399401903152466,5.843994311501939e-05
1983,0.3789137899875641,0.3525860905647278,0.2632770538330078,5.833791833516453e-05
1984,0.41788923740386963,0.38927793502807617,0.2861129641532898,5.82359460027869e-05
1985,0.3769257664680481,0.3509880602359772,0.25937721133232117,5.8134026246257225e-05
1986,0.40546637773513794,0.37737902998924255,0.2808734178543091,5.8032159193879985e-05
1987,0.40406763553619385,0.3764072358608246,0.2766040563583374,5.793034497389345e-05
1988,0.39488935470581055,0.36758551001548767,0.2730385661125183,5.782858371446927e-05
1989,0.3930140435695648,0.36611074209213257,0.2690330743789673,5.772687554371241e-05
1990,0.4021083116531372,0.37430986762046814,0.2779845595359802,5.762522058966113e-05
1991,0.3818627893924713,0.3557935655117035,0.26069220900535583,5.752361898028653e-05
1992,0.41496753692626953,0.3859184682369232,0.2904907763004303,5.7422070843492734e-05
1993,0.3962501883506775,0.36863943934440613,0.2761073708534241,5.732057630711638e-05
1994,0.3970850706100464,0.37004905939102173,0.2703602612018585,5.721913549892674e-05
1995,0.3975065052509308,0.3699418604373932,0.2756463885307312,5.711774854662535e-05
1996,0.4155128598213196,0.38667532801628113,0.2883753180503845,5.701641557784609e-05
1997,0.4152584671974182,0.3865002989768982,0.28758183121681213,5.69151367201548e-05
1998,0.385621577501297,0.3593335747718811,0.2628801465034485,5.681391210104916e-05
1999,0.419318288564682,0.3905550539493561,0.2876323461532593,5.671274184795865e-05
2000,0.3893927037715912,0.36226752400398254,0.2712517976760864,5.6611626088244194e-05
2001,0.3972501754760742,0.36961784958839417,0.2763233184814453,5.651056494919831e-05
2002,0.3986574411392212,0.3714185953140259,0.2723885774612427,5.640955855804455e-05
2003,0.41930902004241943,0.39021173119544983,0.2909727394580841,5.63086070419377e-05
2004,0.3943724036216736,0.36658546328544617,0.2778695523738861,5.620771052796339e-05
2005,0.3904467821121216,0.36370334029197693,0.2674345374107361,5.610686914313796e-05
2006,0.4141453802585602,0.38510647416114807,0.2903890907764435,5.6006083014408484e-05
2007,0.3966890871524811,0.3694547116756439,0.2723437249660492,5.590535226865238e-05
2008,0.3732483386993408,0.347898930311203,0.253493994474411,5.5804677032677354e-05
2009,0.39561793208122253,0.36838120222091675,0.2723671793937683,5.570405743322124e-05
2010,0.39892131090164185,0.3711123764514923,0.27808940410614014,5.560349359695181e-05
2011,0.4193444550037384,0.3902456760406494,0.2909877300262451,5.550298565046672e-05
2012,0.40832391381263733,0.380096971988678,0.28226935863494873,5.540253372029315e-05
2013,0.3981093764305115,0.3702172040939331,0.2789217233657837,5.53021379328879e-05
2014,0.4048928916454315,0.3766976296901703,0.28195255994796753,5.520179841463693e-05
2015,0.39709073305130005,0.3699938952922821,0.2709684669971466,5.510151529185553e-05
2016,0.3982016444206238,0.37078800797462463,0.2741362154483795,5.5001288690787886e-05
2017,0.397879958152771,0.3708132803440094,0.27066677808761597,5.490111873760705e-05
2018,0.389835387468338,0.3629775047302246,0.2685789465904236,5.480100555841478e-05
2019,0.3962559103965759,0.3689916729927063,0.27264249324798584,5.4700949279241295e-05
2020,0.39743682742118835,0.36950892210006714,0.27927902340888977,5.4600950026045326e-05
2021,0.41391992568969727,0.3850184381008148,0.28901493549346924,5.4501007924713707e-05
2022,0.4076997935771942,0.3798997402191162,0.2780004143714905,5.440112310106134e-05
2023,0.40938663482666016,0.38102468848228455,0.28361940383911133,5.4301295680830976e-05
2024,0.3980809152126312,0.37030917406082153,0.2777175009250641,5.420152578969326e-05
2025,0.3974090814590454,0.37010666728019714,0.2730240523815155,5.410181355324622e-05
2026,0.3903414011001587,0.36310383677482605,0.2723756432533264,5.400215909701547e-05
2027,0.40856096148490906,0.3800916075706482,0.2846936583518982,5.390256254645378e-05
2028,0.40063193440437317,0.3730105757713318,0.2762136161327362,5.380302402694104e-05
2029,0.41410988569259644,0.3854095935821533,0.2870030403137207,5.3703543663784074e-05
2030,0.408931165933609,0.38048118352890015,0.28449976444244385,5.36041215822166e-05
2031,0.40878626704216003,0.3805128335952759,0.28273433446884155,5.3504757907398836e-05
2032,0.3983827829360962,0.3706454932689667,0.27737289667129517,5.340545276441755e-05
2033,0.39376574754714966,0.3665619194507599,0.2720382809638977,5.3306206278285734e-05
2034,0.39719638228416443,0.3697410225868225,0.274553507566452,5.320701857394268e-05
2035,0.42828169465065,0.3986392319202423,0.2964247167110443,5.3107889776253536e-05
2036,0.37912309169769287,0.3526163399219513,0.26506754755973816,5.3008820010009464e-05
2037,0.41180866956710815,0.38334956765174866,0.28459101915359497,5.290980939992713e-05
2038,0.3882233202457428,0.3612462878227234,0.2697702646255493,5.281085807064881e-05
2039,0.3952409625053406,0.3678658902645111,0.27375078201293945,5.27119661467422e-05
2040,0.3882668912410736,0.3616257905960083,0.2664109468460083,5.261313375270014e-05
2041,0.40749937295913696,0.3796529769897461,0.27846407890319824,5.251436101294056e-05
2042,0.4051283001899719,0.3773981034755707,0.2773018479347229,5.2415648051806275e-05
2043,0.4035235345363617,0.37592026591300964,0.27603277564048767,5.231699499356484e-05
2044,0.37503713369369507,0.34941738843917847,0.2561975419521332,5.221840196240848e-05
2045,0.407291978597641,0.378769189119339,0.2852279841899872,5.211986908245374e-05
2046,0.3998298645019531,0.37217098474502563,0.2765888571739197,5.202139647774149e-05
2047,0.40720850229263306,0.37932252883911133,0.27885982394218445,5.192298427223676e-05
2048,0.38938504457473755,0.3629327118396759,0.26452338695526123,5.182463258982846e-05
2049,0.36417698860168457,0.33812618255615234,0.2605079710483551,5.172634155432943e-05
2050,0.3938143849372864,0.36689624190330505,0.26918157935142517,5.1628111289476035e-05
2051,0.4195826053619385,0.3906424343585968,0.2894018292427063,5.1529941918928204e-05
2052,0.41110774874687195,0.38243788480758667,0.28669866919517517,5.143183356626916e-05
2053,0.4058306813240051,0.37774786353111267,0.2808281481266022,5.133378635500543e-05
2054,0.3938550353050232,0.36708053946495056,0.2677448093891144,5.123580040856644e-05
2055,0.3922119736671448,0.36527568101882935,0.26936301589012146,5.113787585030454e-05
2056,0.3876982629299164,0.36122480034828186,0.26473468542099,5.1040012803494795e-05
2057,0.40546244382858276,0.3775217533111572,0.2794070541858673,5.0942211391334824e-05
2058,0.4146672785282135,0.386478453874588,0.28188833594322205,5.084447173694469e-05
2059,0.4104197919368744,0.38226479291915894,0.2815500795841217,5.0746793963366744e-05
2060,0.4073840379714966,0.3792060911655426,0.28177955746650696,5.0649178193565314e-05
2061,0.39267557859420776,0.36575403809547424,0.26921549439430237,5.055162455042679e-05
2062,0.39292269945144653,0.365714430809021,0.27208271622657776,5.045413315675924e-05
2063,0.3764016628265381,0.34994441270828247,0.2645723819732666,5.035670413529251e-05
2064,0.39580702781677246,0.36845895648002625,0.2734808623790741,5.025933760867781e-05
2065,0.4266177713871002,0.3970806896686554,0.2953709363937378,5.016203369948773e-05
2066,0.393135130405426,0.3660409450531006,0.2709418833255768,5.006479253021597e-05
2067,0.4007960259914398,0.3731822371482849,0.2761380076408386,4.996761422327737e-05
2068,0.3940930962562561,0.3669593036174774,0.27133792638778687,4.9870498901007524e-05
2069,0.4181040823459625,0.38940152525901794,0.2870256304740906,4.977344668566275e-05
2070,0.3952302932739258,0.36807048320770264,0.27159810066223145,4.967645769942e-05
2071,0.422954261302948,0.39291098713874817,0.3004326820373535,4.957953206437651e-05
2072,0.41845694184303284,0.38973289728164673,0.28724047541618347,4.9482669902549894e-05
2073,0.4179284870624542,0.388974666595459,0.28953811526298523,4.938587133587777e-05
2074,0.4221060276031494,0.3928677439689636,0.29238268733024597,4.92891364862177e-05
2075,0.40146926045417786,0.37379056215286255,0.27678701281547546,4.919246547534708e-05
2076,0.3840280771255493,0.3578363060951233,0.26191771030426025,4.909585842496287e-05
2077,0.42753925919532776,0.39765483140945435,0.29884424805641174,4.899931545668164e-05
2078,0.40853753685951233,0.37986865639686584,0.28668883442878723,4.890283669203915e-05
2079,0.4027731120586395,0.3750123679637909,0.2776075005531311,4.880642225249041e-05
2080,0.39303651452064514,0.3660892844200134,0.26947221159935,4.87100722594094e-05
2081,0.4005310833454132,0.37284430861473083,0.27686771750450134,4.8613786834089024e-05
2082,0.3999459445476532,0.3719310462474823,0.2801488935947418,4.851756609774094e-05
2083,0.394838809967041,0.36777764558792114,0.27061164379119873,4.842141017149526e-05
2084,0.3995220363140106,0.3715936243534088,0.27928411960601807,4.8325319176400576e-05
2085,0.4015330374240875,0.3737349510192871,0.27798086404800415,4.822929323342369e-05
2086,0.40046924352645874,0.3725661337375641,0.27903103828430176,4.81333324634496e-05
2087,0.40399086475372314,0.37573060393333435,0.28260257840156555,4.8037436987281194e-05
2088,0.39371582865715027,0.3662756383419037,0.27440181374549866,4.794160692563917e-05
2089,0.39352652430534363,0.3664727509021759,0.2705378234386444,4.7845842399161874e-05
2090,0.3888303339481354,0.3622067868709564,0.2662355303764343,4.7750143528405126e-05
2091,0.4098505675792694,0.38167187571525574,0.28178703784942627,4.76545104338422e-05
2092,0.3974612355232239,0.370040625333786,0.27420610189437866,4.755894323586342e-05
2093,0.39903464913368225,0.37160786986351013,0.2742677628993988,4.746344205477631e-05
2094,0.4048651456832886,0.3770316541194916,0.27833497524261475,4.736800701080515e-05
2095,0.4091324806213379,0.38105258345603943,0.28079894185066223,4.727263822409099e-05
2096,0.39573052525520325,0.3689100444316864,0.2682046890258789,4.717733581469157e-05
2097,0.3892865777015686,0.36245816946029663,0.2682842016220093,4.708209990258095e-05
2098,0.40064242482185364,0.3728838860988617,0.2775854468345642,4.6986930607649535e-05
2099,0.3830270767211914,0.3567948639392853,0.26232221722602844,4.68918280497038e-05
2100,0.39849042892456055,0.3708915412425995,0.27598875761032104,4.6796792348466356e-05
2101,0.410063773393631,0.3818032741546631,0.2826049029827118,4.67018236235755e-05
2102,0.40183305740356445,0.37448662519454956,0.27346426248550415,4.6606921994585274e-05
2103,0.39319685101509094,0.36634621024131775,0.2685064971446991,4.651208758096521e-05
2104,0.40238282084465027,0.37449944019317627,0.27883392572402954,4.6417320502100316e-05
2105,0.4061910808086395,0.3782082498073578,0.2798282206058502,4.63226208772908e-05
2106,0.3722667098045349,0.3469136953353882,0.2535302937030792,4.62279888257519e-05
2107,0.4001692235469818,0.3727262020111084,0.2744302451610565,4.613342446661383e-05
2108,0.4258944094181061,0.3962790369987488,0.2961536943912506,4.603892791892157e-05
2109,0.4136049449443817,0.3849351108074188,0.28669825196266174,4.594449930163471e-05
2110,0.3908763527870178,0.36414313316345215,0.2673321068286896,4.5850138733627434e-05
2111,0.40638887882232666,0.37859949469566345,0.277893990278244,4.575584633368815e-05
2112,0.39934679865837097,0.3715895712375641,0.27757224440574646,4.566162222051946e-05
2113,0.4029775857925415,0.3753909170627594,0.2758667469024658,4.556746651273802e-05
2114,0.3801582455635071,0.3542034924030304,0.25954750180244446,4.547337932887443e-05
2115,0.40599191188812256,0.37775930762290955,0.2823259234428406,4.537936078737292e-05
2116,0.4183707535266876,0.38933393359184265,0.2903681695461273,4.52854110065914e-05
2117,0.3699818253517151,0.3446996212005615,0.2528221905231476,4.519153010480118e-05
2118,0.3969666659832001,0.369364470243454,0.27602195739746094,4.5097718200186814e-05
2119,0.40114593505859375,0.37361007928848267,0.2753585875034332,4.50039754108461e-05
2120,0.42406052350997925,0.3945806920528412,0.29479825496673584,4.491030185478976e-05
2121,0.39410486817359924,0.36630186438560486,0.27803000807762146,4.481669764994134e-05
2122,0.40876635909080505,0.3804897367954254,0.28276610374450684,4.472316291413715e-05
2123,0.4027249217033386,0.3745502233505249,0.28174683451652527,4.4629697765125934e-05
2124,0.3888615071773529,0.3624913990497589,0.26370105147361755,4.453630232056901e-05
2125,0.4119020104408264,0.3836003839969635,0.2830161154270172,4.444297669803981e-05
2126,0.4161902368068695,0.38745608925819397,0.28734147548675537,4.434972101502385e-05
2127,0.40756213665008545,0.3795000910758972,0.2806204557418823,4.425653538891874e-05
2128,0.4145648181438446,0.38595327734947205,0.2861153781414032,4.416341993703373e-05
2129,0.40538889169692993,0.3772839307785034,0.2810497581958771,4.407037477658992e-05
2130,0.40575316548347473,0.377472460269928,0.282806932926178,4.3977400024719725e-05
2131,0.38449910283088684,0.35811182856559753,0.2638726830482483,4.388449579846705e-05
2132,0.4227840006351471,0.3934903144836426,0.29293692111968994,4.379166221478697e-05
2133,0.4198020100593567,0.39101019501686096,0.2879180312156677,4.36988993905456e-05
2134,0.4339819550514221,0.40419644117355347,0.2978552281856537,4.36062074425201e-05
2135,0.3995375633239746,0.37228909134864807,0.2724846303462982,4.351358648739826e-05
2136,0.3870847225189209,0.36068299412727356,0.26401737332344055,4.3421036641778556e-05
2137,0.3967418968677521,0.36954745650291443,0.2719443738460541,4.332855802217e-05
2138,0.4041847288608551,0.3760717213153839,0.2811300456523895,4.323615074499183e-05
2139,0.399356484413147,0.3716993033885956,0.27657195925712585,4.31438149265736e-05
2140,0.400748610496521,0.3732072710990906,0.275413453578949,4.305155068315481e-05
2141,0.4134942293167114,0.3844538629055023,0.29040372371673584,4.295935813088487e-05
2142,0.40713655948638916,0.3788212239742279,0.28315335512161255,4.2867237385822935e-05
2143,0.39079707860946655,0.36369702219963074,0.2710004448890686,4.2775188563937843e-05
2144,0.4070555567741394,0.37904343008995056,0.2801213264465332,4.268321178110779e-05
2145,0.3973839581012726,0.3700461685657501,0.2733779847621918,4.259130715312033e-05
2146,0.4094681143760681,0.3813260495662689,0.2814205288887024,4.249947479567218e-05
2147,0.3818509578704834,0.35576915740966797,0.26081791520118713,4.2407714824369024e-05
2148,0.40298140048980713,0.37499725818634033,0.27984148263931274,4.231602735472552e-05
2149,0.3864482045173645,0.3598440885543823,0.2660410702228546,4.222441250216502e-05
2150,0.41662272810935974,0.3877181112766266,0.2890462577342987,4.213287038201943e-05
2151,0.37412118911743164,0.348295122385025,0.2582605481147766,4.20414011095291e-05
2152,0.392360121011734,0.36532554030418396,0.2703458368778229,4.195000479984265e-05
2153,0.39082640409469604,0.3639298677444458,0.2689654231071472,4.185868156801694e-05
2154,0.399274617433548,0.37186840176582336,0.2740621268749237,4.1767431529016766e-05
2155,0.41460591554641724,0.3859878182411194,0.2861809730529785,4.1676254797714766e-05
2156,0.3982905447483063,0.37079229950904846,0.2749824821949005,4.1585151488891305e-05
2157,0.4080667793750763,0.3799753189086914,0.2809145450592041,4.149412171723438e-05
2158,0.37651342153549194,0.3506975769996643,0.2581585943698883,4.140316559733935e-05
2159,0.3898722231388092,0.363139271736145,0.26732948422431946,4.1312283243708836e-05
2160,0.42452454566955566,0.3949490487575531,0.295754998922348,4.12214747707527e-05
2161,0.4030688405036926,0.3752765655517578,0.27792271971702576,4.113074029278765e-05
2162,0.4052353799343109,0.37713274359703064,0.2810264527797699,4.1040079924037386e-05
2163,0.39295658469200134,0.3656772971153259,0.27279287576675415,4.0949493778632244e-05
2164,0.41182589530944824,0.3834567964076996,0.28369101881980896,4.085898197060911e-05
2165,0.4096004366874695,0.3812529444694519,0.2834748923778534,4.0768544613911294e-05
2166,0.41060155630111694,0.3823316991329193,0.28269848227500916,4.067818182238838e-05
2167,0.40042954683303833,0.3724397122859955,0.2798982858657837,4.058789370979617e-05
2168,0.3903605341911316,0.3633478283882141,0.27012699842453003,4.049768038979631e-05
2169,0.39564454555511475,0.36838892102241516,0.2725561857223511,4.04075419759564e-05
2170,0.384162575006485,0.3576371371746063,0.26525434851646423,4.031747858174964e-05
2171,0.3820224702358246,0.3556457757949829,0.26376691460609436,4.0227490320554916e-05
2172,0.38934022188186646,0.3621489107608795,0.2719131410121918,4.0137577305656485e-05
2173,0.4021209478378296,0.3745337128639221,0.27587246894836426,4.004773965024383e-05
2174,0.41058775782585144,0.38247233629226685,0.2811543047428131,3.9957977467411615e-05
2175,0.4047946631908417,0.3767088055610657,0.28085848689079285,3.9868290870159405e-05
2176,0.4038642644882202,0.37602514028549194,0.2783910930156708,3.9778679971391785e-05
2177,0.4268789291381836,0.3971395492553711,0.29739367961883545,3.96891448839179e-05
2178,0.39122503995895386,0.3639583885669708,0.2726663649082184,3.959968572045148e-05
2179,0.39568132162094116,0.36839181184768677,0.27289506793022156,3.951030259361072e-05
2180,0.38809722661972046,0.36125466227531433,0.2684256434440613,3.942099561591802e-05
2181,0.39807936549186707,0.3707815408706665,0.2729782164096832,3.933176489980005e-05
2182,0.3849003314971924,0.35879310965538025,0.2610720992088318,3.924261055758731e-05
2183,0.4073983430862427,0.3790535628795624,0.2834477424621582,3.915353270151433e-05
2184,0.40305593609809875,0.3754509389400482,0.276049941778183,3.90645314437192e-05
2185,0.40259695053100586,0.37464094161987305,0.2795599699020386,3.897560689624362e-05
2186,0.4186283051967621,0.3895922005176544,0.2903609573841095,3.888675917103283e-05
2187,0.4147162437438965,0.3858322203159332,0.2888403832912445,3.879798837993521e-05
2188,0.3848472535610199,0.3583984076976776,0.2644883990287781,3.8709294634702376e-05
2189,0.39857977628707886,0.37131887674331665,0.2726091146469116,3.862067804698889e-05
2190,0.4080449938774109,0.37984779477119446,0.28197214007377625,3.853213872835228e-05
2191,0.3900352418422699,0.3632783889770508,0.2675686180591583,3.844367679025274e-05
2192,0.38229015469551086,0.355890154838562,0.2639999985694885,3.8355292344053026e-05
2193,0.4068053364753723,0.37886759638786316,0.279377281665802,3.826698550101836e-05
2194,0.404188871383667,0.3764396607875824,0.277491956949234,3.8178756372316294e-05
2195,0.38187384605407715,0.35524120926856995,0.2663262188434601,3.8090605069016595e-05
2196,0.4080306589603424,0.37978804111480713,0.2824260890483856,3.800253170209094e-05
2197,0.38860735297203064,0.3619542121887207,0.2665313482284546,3.7914536382412956e-05
2198,0.40000152587890625,0.3723669648170471,0.2763455808162689,3.782661922075803e-05
2199,0.40636008977890015,0.37825828790664673,0.28101789951324463,3.773878032780309e-05
2200,0.3805451989173889,0.35425084829330444,0.2629433572292328,3.7651019814126654e-05
2201,0.4019196629524231,0.3740997016429901,0.2781996428966522,3.7563337790208476e-05
2202,0.4039742946624756,0.3757495880126953,0.2822469174861908,3.747573436642951e-05
2203,0.4207761585712433,0.39168378710746765,0.2909236252307892,3.738820965307176e-05
2204,0.4022540748119354,0.3744111955165863,0.278428852558136,3.730076376031821e-05
2205,0.41650158166885376,0.3877732753753662,0.2872830331325531,3.721339679825252e-05
2206,0.38973426818847656,0.3626798093318939,0.2705445885658264,3.712610887685909e-05
2207,0.4116988182067871,0.383379191160202,0.2831961512565613,3.703890010602274e-05
2208,0.40037888288497925,0.3727222681045532,0.27656617760658264,3.695177059552861e-05
2209,0.41982507705688477,0.3906461298465729,0.29178932309150696,3.686472045506223e-05
2210,0.4012039005756378,0.37332090735435486,0.2788298428058624,3.677774979420904e-05
2211,0.40158772468566895,0.37361910939216614,0.2796862721443176,3.66908587224545e-05
2212,0.40574121475219727,0.37771275639533997,0.2802845239639282,3.660404734918387e-05
2213,0.37650325894355774,0.3506564497947693,0.2584681808948517,3.6517315783682036e-05
2214,0.38580167293548584,0.35929104685783386,0.2651061713695526,3.643066413513354e-05
2215,0.4111788272857666,0.3828238844871521,0.28354957699775696,3.634409251262217e-05
2216,0.4029861390590668,0.3756105303764343,0.2737561762332916,3.6257601025131026e-05
2217,0.38677480816841125,0.36002641916275024,0.2674838900566101,3.61711897815424e-05
2218,0.3902619183063507,0.3633228838443756,0.2693902850151062,3.608485889063744e-05
2219,0.4059479832649231,0.37796202301979065,0.2798594832420349,3.599860846109626e-05
2220,0.3997174799442291,0.3722940981388092,0.27423375844955444,3.591243860149759e-05
2221,0.39878126978874207,0.3717155456542969,0.2706572711467743,3.582634942031878e-05
2222,0.39293408393859863,0.3659227788448334,0.27011317014694214,3.574034102593557e-05
2223,0.3860786259174347,0.35940802097320557,0.2667059600353241,3.565441352662211e-05
2224,0.38896462321281433,0.36205431818962097,0.26910296082496643,3.556856703055058e-05
2225,0.389141321182251,0.3623484969139099,0.2679283916950226,3.548280164579126e-05
2226,0.39281120896339417,0.3655909299850464,0.27220287919044495,3.539711748031227e-05
2227,0.40127110481262207,0.37374594807624817,0.27525150775909424,3.531151464197957e-05
2228,0.3798395097255707,0.3538617193698883,0.25977787375450134,3.5225993238556644e-05
2229,0.3805024325847626,0.3542569577693939,0.2624548673629761,3.514055337770455e-05
2230,0.3970166742801666,0.3701501190662384,0.268665611743927,3.5055195166981645e-05
2231,0.38685086369514465,0.3600110709667206,0.26839780807495117,3.496991871384346e-05
2232,0.3968532383441925,0.3691388964653015,0.2771434783935547,3.488472412564264e-05
2233,0.40154409408569336,0.37381479144096375,0.27729296684265137,3.479961150962884e-05
2234,0.41940128803253174,0.39068061113357544,0.28720685839653015,3.4714580972948406e-05
2235,0.40204769372940063,0.3742762506008148,0.277714341878891,3.462963262264444e-05
2236,0.3858085572719574,0.35920870304107666,0.2659986615180969,3.4544766565656505e-05
2237,0.3871094286441803,0.36044368147850037,0.2666575312614441,3.445998290882062e-05
2238,0.3854789137840271,0.3589331805706024,0.2654571831226349,3.4375281758869114e-05
2239,0.4194470942020416,0.3899555206298828,0.29491567611694336,3.429066322243033e-05
2240,0.39807987213134766,0.3704450726509094,0.27634793519973755,3.420612740602875e-05
2241,0.413352906703949,0.38451051712036133,0.2884238064289093,3.4121674416084584e-05
2242,0.39323586225509644,0.36583301424980164,0.274028480052948,3.403730435891391e-05
2243,0.42115893959999084,0.39169520139694214,0.2946375012397766,3.39530173407283e-05
2244,0.41498997807502747,0.3863486051559448,0.28641360998153687,3.386881346763483e-05
2245,0.3941177725791931,0.36719828844070435,0.2691948711872101,3.378469284563589e-05
2246,0.4040779769420624,0.37644898891448975,0.2762899100780487,3.370065558062906e-05
2247,0.40212175250053406,0.3745385706424713,0.27583181858062744,3.3616701778407065e-05
2248,0.4046790599822998,0.37670403718948364,0.2797500789165497,3.353283154465746e-05
2249,0.3794589638710022,0.3537049889564514,0.2575397789478302,3.34490449849626e-05
2250,0.410112202167511,0.3818587362766266,0.28253480792045593,3.336534220479961e-05
2251,0.381997674703598,0.35552501678466797,0.26472651958465576,3.3281723309540025e-05
2252,0.3992561101913452,0.37142667174339294,0.27829447388648987,3.319818840444987e-05
2253,0.4126206934452057,0.38336390256881714,0.29256802797317505,3.311473759468938e-05
2254,0.3912073075771332,0.364047646522522,0.2715967297554016,3.3031370985312934e-05
2255,0.3805209696292877,0.354049414396286,0.26471561193466187,3.294808868126894e-05
2256,0.41299498081207275,0.3844042420387268,0.28590723872184753,3.28648907873996e-05
2257,0.40876030921936035,0.3806014060974121,0.2815891206264496,3.2781777408441e-05
2258,0.41580042243003845,0.38717180490493774,0.28628626465797424,3.269874864902269e-05
2259,0.40760448575019836,0.37924960255622864,0.2835487425327301,3.261580461366776e-05
2260,0.38820573687553406,0.36158323287963867,0.26622506976127625,3.253294540679257e-05
2261,0.39459264278411865,0.3676838278770447,0.2690882682800293,3.245017113270685e-05
2262,0.39802291989326477,0.3700233995914459,0.2799952030181885,3.236748189561324e-05
2263,0.4041694402694702,0.376221626996994,0.2794780135154724,3.228487779960745e-05
2264,0.3759605586528778,0.3500538468360901,0.25906702876091003,3.220235894867794e-05
2265,0.4218727648258209,0.3926832675933838,0.2918950319290161,3.211992544670581e-05
2266,0.4249182939529419,0.39563068747520447,0.2928762137889862,3.203757739746489e-05
2267,0.39976316690444946,0.3722756803035736,0.2748749852180481,3.195531490462128e-05
2268,0.4135677218437195,0.3845451772212982,0.2902252972126007,3.18731380717334e-05
2269,0.39999282360076904,0.37291714549064636,0.2707567811012268,3.1791047002251884e-05
2270,0.4043235778808594,0.3763209879398346,0.28002601861953735,3.1709041799519315e-05
2271,0.39985767006874084,0.3721536099910736,0.2770406901836395,3.162712256677032e-05
2272,0.39807602763175964,0.3706017732620239,0.2747425436973572,3.154528940713113e-05
2273,0.39560091495513916,0.3683550953865051,0.2724582850933075,3.1463542423619794e-05
2274,0.3935195207595825,0.3661055564880371,0.2741396725177765,3.1381881719145724e-05
2275,0.4100681245326996,0.3818308115005493,0.28237318992614746,3.130030739650983e-05
2276,0.3816100060939789,0.3553348481655121,0.26275166869163513,3.121881955840421e-05
2277,0.4026629328727722,0.3750118315219879,0.2765110433101654,3.1137418307412116e-05
2278,0.40356194972991943,0.375529408454895,0.2803252637386322,3.105610374600778e-05
2279,0.39344730973243713,0.366594135761261,0.2685316503047943,3.0974875976556284e-05
2280,0.3839126527309418,0.35758593678474426,0.26326707005500793,3.089373510131355e-05
2281,0.4206095337867737,0.3919644355773926,0.2864510118961334,3.081268122242598e-05
2282,0.3810056149959564,0.3548795282840729,0.2612609267234802,3.073171444193055e-05
2283,0.41965004801750183,0.3906746506690979,0.28975406289100647,3.065083486175451e-05
2284,0.41346174478530884,0.38517749309539795,0.28284236788749695,3.057004258371541e-05
2285,0.38554319739341736,0.35945427417755127,0.26088929176330566,3.0489337709520917e-05
2286,0.4160223603248596,0.3868963420391083,0.29126012325286865,3.0408720340768572e-05
2287,0.40845075249671936,0.3802686631679535,0.2818208634853363,3.0328190578945815e-05
2288,0.4010286331176758,0.37323758006095886,0.277910441160202,3.0247748525429787e-05
2289,0.38727322220802307,0.3605596721172333,0.2671356201171875,3.0167394281487184e-05
2290,0.387006938457489,0.3604116439819336,0.2659529745578766,3.008712794827426e-05
2291,0.3902145028114319,0.36314138770103455,0.2707310914993286,3.00069496268365e-05
2292,0.4189881980419159,0.3898126482963562,0.2917555868625641,2.9926859418108644e-05
2293,0.3839074969291687,0.35694682598114014,0.26960673928260803,2.9846857422914433e-05
2294,0.41674497723579407,0.38800016045570374,0.2874481976032257,2.97669437419667e-05
2295,0.39585524797439575,0.3687064051628113,0.2714885175228119,2.9687118475866947e-05
2296,0.4076715409755707,0.3797115087509155,0.2796003818511963,2.960738172510551e-05
2297,0.4139719307422638,0.38521483540534973,0.2875708341598511,2.952773359006119e-05
2298,0.4288504123687744,0.3994933068752289,0.2935710549354553,2.9448174171001254e-05
2299,0.39448970556259155,0.3671391010284424,0.2735060453414917,2.9368703568081356e-05
2300,0.412251740694046,0.38353753089904785,0.2871420383453369,2.9289321881345254e-05
2301,0.39141565561294556,0.36403515934944153,0.27380505204200745,2.921002921072481e-05
2302,0.3851156234741211,0.35864999890327454,0.2646563649177551,2.913082565603982e-05
2303,0.38768845796585083,0.3610413074493408,0.26647159457206726,2.9051711316997864e-05
2304,0.3834272623062134,0.3569484353065491,0.26478832960128784,2.8972686293194308e-05
2305,0.39531370997428894,0.36801788210868835,0.272958368062973,2.8893750684111975e-05
2306,0.3836153447628021,0.35714444518089294,0.2647089660167694,2.8814904589121137e-05
2307,0.3819471299648285,0.3555675745010376,0.2637955844402313,2.8736148107479478e-05
2308,0.38528865575790405,0.35857006907463074,0.267185777425766,2.8657481338331715e-05
2309,0.39618200063705444,0.3687017261981964,0.2748025953769684,2.8578904380709793e-05
2310,0.3985287845134735,0.3712453246116638,0.2728346586227417,2.850041733353247e-05
2311,0.3936901390552521,0.3664504885673523,0.2723965346813202,2.842202029560538e-05
2312,0.3878978192806244,0.36133691668510437,0.26560893654823303,2.8343713365620772e-05
2313,0.40892475843429565,0.3804168403148651,0.2850790321826935,2.8265496642157597e-05
2314,0.37827250361442566,0.35185620188713074,0.264163076877594,2.8187370223681132e-05
2315,0.39788544178009033,0.37054696679115295,0.27338477969169617,2.8109334208542993e-05
2316,0.38252875208854675,0.3564341068267822,0.2609465718269348,2.803138869498102e-05
2317,0.416434645652771,0.38766583800315857,0.28768816590309143,2.7953533781119055e-05
2318,0.4209247827529907,0.391803115606308,0.29121673107147217,2.7875769564966968e-05
2319,0.3874180018901825,0.36081594228744507,0.2660204768180847,2.779809614442046e-05
2320,0.4007941782474518,0.3730059564113617,0.2778821885585785,2.7720513617260856e-05
2321,0.3866722285747528,0.3601807653903961,0.2649146616458893,2.764302208115509e-05
2322,0.42546454071998596,0.3964488208293915,0.2901571989059448,2.7565621633655502e-05
2323,0.38832494616508484,0.3617341220378876,0.2659083306789398,2.74883123721999e-05
2324,0.4151107966899872,0.38622766733169556,0.28883132338523865,2.741109439411117e-05
2325,0.3979201316833496,0.3704182803630829,0.275018572807312,2.7333967796597315e-05
2326,0.3818797767162323,0.3552694320678711,0.2661035656929016,2.7256932676751323e-05
2327,0.3993549048900604,0.3718584179878235,0.27496474981307983,2.7179989131550977e-05
2328,0.4015006124973297,0.37401410937309265,0.27486497163772583,2.7103137257858868e-05
2329,0.4007461667060852,0.3733697235584259,0.27376440167427063,2.7026377152422067e-05
2330,0.390746533870697,0.363822340965271,0.26924192905426025,2.694970891187224e-05
2331,0.40075063705444336,0.3733852505683899,0.2736540138721466,2.6873132632725297e-05
2332,0.3881532549858093,0.36178112030029297,0.26372119784355164,2.6796648411381485e-05
2333,0.3995377719402313,0.37214896082878113,0.27388811111450195,2.672025634412506e-05
2334,0.4273037016391754,0.3978296220302582,0.29474082589149475,2.6643956527124335e-05
2335,0.4191100299358368,0.39039257168769836,0.2871745824813843,2.6567749056431467e-05
2336,0.4106658697128296,0.38266339898109436,0.2800246775150299,2.6491634027982325e-05
2337,0.3891507387161255,0.3623623251914978,0.2678840458393097,2.6415611537596496e-05
2338,0.39585015177726746,0.36872854828834534,0.27121609449386597,2.6339681680977013e-05
2339,0.4177602529525757,0.38893646001815796,0.2882378399372101,2.6263844553710236e-05
2340,0.4070507884025574,0.37908944487571716,0.27961355447769165,2.6188100251265945e-05
2341,0.394449919462204,0.367288738489151,0.27161186933517456,2.6112448868996897e-05
2342,0.3963456153869629,0.369143545627594,0.2720208168029785,2.6036890502139035e-05
2343,0.40750283002853394,0.3793432414531708,0.2815958857536316,2.5961425245811055e-05
2344,0.38137099146842957,0.3551575839519501,0.2621341049671173,2.5886053195014538e-05
2345,0.4210675060749054,0.3921909034252167,0.28876593708992004,2.5810774444633644e-05
2346,0.42764243483543396,0.3980838358402252,0.2955859303474426,2.573558908943523e-05
2347,0.4110519289970398,0.3826892077922821,0.28362715244293213,2.5660497224068415e-05
2348,0.40309131145477295,0.3752187192440033,0.2787260115146637,2.5585498943064724e-05
2349,0.3865066170692444,0.3600345551967621,0.26472073793411255,2.5510594340837824e-05
2350,0.38278958201408386,0.3562234342098236,0.265661358833313,2.5435783511683443e-05
2351,0.39043331146240234,0.36354997754096985,0.26883336901664734,2.5361066549779356e-05
2352,0.3998764753341675,0.3719461262226105,0.2793034017086029,2.5286443549185036e-05
2353,0.3954005539417267,0.3682023882865906,0.27198168635368347,2.521191460384178e-05
2354,0.4226081669330597,0.39329227805137634,0.29315879940986633,2.5137479807572427e-05
2355,0.38604655861854553,0.35930904746055603,0.26737508177757263,2.506313925408127e-05
2356,0.4012242555618286,0.3734096884727478,0.27814561128616333,2.4988893036954053e-05
2357,0.39477360248565674,0.36788538098335266,0.26888206601142883,2.4914741249657658e-05
2358,0.3822177052497864,0.3556230664253235,0.2659463882446289,2.484068398554016e-05
2359,0.38324880599975586,0.3571242094039917,0.26124584674835205,2.47667213378306e-05
2360,0.40080755949020386,0.37300583720207214,0.27801722288131714,2.4692853399638917e-05
2361,0.40368208289146423,0.37559178471565247,0.2809031009674072,2.4619080263955875e-05
2362,0.40248903632164,0.3747313320636749,0.27757710218429565,2.4545402023652784e-05
2363,0.3921307325363159,0.3650546669960022,0.27076077461242676,2.4471818771481648e-05
2364,0.3794919550418854,0.35341283679008484,0.26079127192497253,2.4398330600074713e-05
2365,0.39773663878440857,0.37013962864875793,0.27597010135650635,2.4324937601944685e-05
2366,0.3869495689868927,0.35982105135917664,0.2712852656841278,2.4251639869484375e-05
2367,0.39612340927124023,0.368946373462677,0.27177026867866516,2.4178437494966688e-05
2368,0.3920413851737976,0.3649105727672577,0.271308034658432,2.410533057054446e-05
2369,0.42570778727531433,0.3963252902030945,0.2938249707221985,2.4032319188250374e-05
2370,0.40389934182167053,0.3761925995349884,0.27706748247146606,2.3959403439996907e-05
2371,0.43048295378685,0.4006136655807495,0.2986929416656494,2.388658341757607e-05
2372,0.41576147079467773,0.3873033821582794,0.28458094596862793,2.381385921265936e-05
2373,0.3996431827545166,0.3722274899482727,0.2741570472717285,2.3741230916797675e-05
2374,0.40750807523727417,0.3794119656085968,0.2809610366821289,2.3668698621421216e-05
2375,0.3948717713356018,0.36761990189552307,0.2725187838077545,2.3596262417839255e-05
2376,0.416059672832489,0.3873724043369293,0.2868727445602417,2.352392239724016e-05
2377,0.38731908798217773,0.36028558015823364,0.2703351676464081,2.345167865069119e-05
2378,0.4012271463871002,0.3734967112541199,0.2773042917251587,2.33795312691384e-05
2379,0.38073763251304626,0.35445746779441833,0.2628016173839569,2.330748034340651e-05
2380,0.38940560817718506,0.3624524474143982,0.26953157782554626,2.323552596419889e-05
2381,0.3878336548805237,0.36124905943870544,0.2658460736274719,2.3163668222097313e-05
2382,0.4098513126373291,0.3814530670642853,0.28398242592811584,2.309190720756189e-05
2383,0.38959798216819763,0.36248451471328735,0.2711346447467804,2.3020243010930975e-05
2384,0.4065133035182953,0.3784506618976593,0.2806262969970703,2.2948675722421086e-05
2385,0.40661877393722534,0.3787164092063904,0.27902352809906006,2.2877205432126657e-05
2386,0.4008132517337799,0.3731597363948822,0.27653515338897705,2.280583223002012e-05
2387,0.3908067047595978,0.3635232150554657,0.27283477783203125,2.2734556205951596e-05
2388,0.38793671131134033,0.361312597990036,0.2662412226200104,2.266337744964888e-05
2389,0.39744019508361816,0.3701198697090149,0.2732031047344208,2.2592296050717388e-05
2390,0.40724122524261475,0.3793449103832245,0.2789630889892578,2.25213120986399e-05
2391,0.39302918314933777,0.36584368348121643,0.27185487747192383,2.2450425682776565e-05
2392,0.4117199182510376,0.38337546586990356,0.28344446420669556,2.237963689236472e-05
2393,0.3670273423194885,0.34163162112236023,0.25395721197128296,2.230894581651879e-05
2394,0.3972629904747009,0.3694417178630829,0.27821269631385803,2.2238352544230255e-05
2395,0.40761372447013855,0.3795221447944641,0.2809158265590668,2.2167857164367422e-05
2396,0.4059583842754364,0.37798288464546204,0.2797551155090332,2.2097459765675342e-05
2397,0.4294049143791199,0.39942729473114014,0.29977625608444214,2.2027160436775794e-05
2398,0.41802969574928284,0.38934481143951416,0.2868487238883972,2.195695926616702e-05
2399,0.4158364534378052,0.3874015510082245,0.28434911370277405,2.188685634222376e-05
2400,0.43262428045272827,0.4027850329875946,0.2983924448490143,2.1816851753197032e-05
2401,0.38941434025764465,0.3626692593097687,0.26745089888572693,2.174694558721405e-05
2402,0.3894220292568207,0.3624429702758789,0.2697906494140625,2.1677137932278147e-05
2403,0.4325583875179291,0.4027835428714752,0.2977485656738281,2.1607428876268675e-05
2404,0.38654282689094543,0.3599230945110321,0.26619744300842285,2.153781850694082e-05
2405,0.4062120020389557,0.37827780842781067,0.2793418765068054,2.146830691192553e-05
2406,0.4163866937160492,0.3877519965171814,0.28634703159332275,2.1398894178729423e-05
2407,0.40884077548980713,0.38083890080451965,0.2800188362598419,2.1329580394734638e-05
2408,0.39399659633636475,0.36644303798675537,0.2755354642868042,2.1260365647198798e-05
2409,0.39595967531204224,0.3690343499183655,0.2692531943321228,2.119125002325485e-05
2410,0.39637845754623413,0.36893242597579956,0.2744603455066681,2.11222336099109e-05
2411,0.4056885242462158,0.3775702714920044,0.2811823785305023,2.1053316494050202e-05
2412,0.3917660117149353,0.36467185616493225,0.27094152569770813,2.098449876243096e-05
2413,0.407047837972641,0.3787413537502289,0.2830648124217987,2.0915780501686355e-05
2414,0.37805232405662537,0.35171225666999817,0.263400673866272,2.0847161798324266e-05
2415,0.40457239747047424,0.3766759932041168,0.27896416187286377,2.0778642738727272e-05
2416,0.41520175337791443,0.38691985607147217,0.28281888365745544,2.0710223409152475e-05
2417,0.4218786954879761,0.3925817310810089,0.29296958446502686,2.064190389573153e-05
2418,0.3790321350097656,0.35304200649261475,0.2599012851715088,2.057368428447032e-05
2419,0.3951123356819153,0.3679448366165161,0.2716750502586365,2.0505564661249e-05
2420,0.3821454644203186,0.35598093271255493,0.2616454064846039,2.043754511182191e-05
2421,0.4164208769798279,0.38735392689704895,0.2906695604324341,2.036962572181731e-05
2422,0.39730048179626465,0.3698386251926422,0.2746184468269348,2.0301806576737482e-05
2423,0.3899528682231903,0.3634919822216034,0.2646089792251587,2.023408776195842e-05
2424,0.4049392342567444,0.3770173192024231,0.2792190909385681,2.016646936272987e-05
2425,0.3842639625072479,0.3577728569507599,0.264911025762558,2.009895146417512e-05
2426,0.3987659215927124,0.3713379204273224,0.27427995204925537,2.0031534151290953e-05
2427,0.41390877962112427,0.38549908995628357,0.28409698605537415,1.996421750894758e-05
2428,0.40913093090057373,0.38042742013931274,0.287035197019577,1.9897001621888434e-05
2429,0.3951553702354431,0.3681119680404663,0.2704339027404785,1.9829886574730093e-05
2430,0.41437143087387085,0.38576433062553406,0.28607115149497986,1.9762872451962212e-05
2431,0.39887887239456177,0.3715067207813263,0.2737216651439667,1.969595933794739e-05
2432,0.39968979358673096,0.37204501032829285,0.27644795179367065,1.9629147316921125e-05
2433,0.3742186427116394,0.3483406603336334,0.25877970457077026,1.9562436472991552e-05
2434,0.4012705683708191,0.37319207191467285,0.28078487515449524,1.9495826890139503e-05
2435,0.39991870522499084,0.37262341380119324,0.27295294404029846,1.9429318652218276e-05
2436,0.393765389919281,0.3670026361942291,0.26762768626213074,1.9362911842953678e-05
2437,0.40627723932266235,0.3779212236404419,0.28356024622917175,1.9296606545943774e-05
2438,0.4012874662876129,0.3736657500267029,0.2762172818183899,1.9230402844658812e-05
2439,0.43604421615600586,0.4060552418231964,0.2998898923397064,1.9164300822441194e-05
2440,0.38581833243370056,0.359483540058136,0.263347864151001,1.9098300562505266e-05
2441,0.4088529646396637,0.3806067705154419,0.2824619710445404,1.9032402147937357e-05
2442,0.3924092948436737,0.3655402362346649,0.26869070529937744,1.896660566169548e-05
2443,0.3758362829685211,0.3501630425453186,0.25673234462738037,1.8900911186609426e-05
2444,0.40420448780059814,0.3764329254627228,0.27771568298339844,1.8835318805380507e-05
2445,0.3979754149913788,0.37054604291915894,0.27429378032684326,1.8769828600581496e-05
2446,0.4110338091850281,0.3822900652885437,0.2874375581741333,1.870444065465662e-05
2447,0.41021600365638733,0.3817545473575592,0.2846145033836365,1.863915504992131e-05
2448,0.39091381430625916,0.363691121339798,0.27222689986228943,1.8573971868562156e-05
2449,0.3837391436100006,0.3572065532207489,0.26532602310180664,1.8508891192636824e-05
2450,0.4140290915966034,0.38557299971580505,0.2845609784126282,1.8443913104073983e-05
2451,0.39862555265426636,0.37110474705696106,0.27520817518234253,1.8379037684673105e-05
2452,0.39516666531562805,0.36787596344947815,0.2729070484638214,1.8314265016104417e-05
2453,0.3915436267852783,0.36443138122558594,0.27112260460853577,1.8249595179908773e-05
2454,0.3984025716781616,0.37057721614837646,0.2782534062862396,1.818502825749764e-05
2455,0.3986451029777527,0.3713359534740448,0.2730914056301117,1.8120564330152923e-05
2456,0.41839244961738586,0.38982635736465454,0.28566083312034607,1.805620347902681e-05
2457,0.397605299949646,0.3699183762073517,0.27686911821365356,1.799194578514176e-05
2458,0.3793545961380005,0.3528503179550171,0.26504287123680115,1.7927791329390375e-05
2459,0.4050600528717041,0.3768979609012604,0.28162097930908203,1.786374019253526e-05
2460,0.40511763095855713,0.37729188799858093,0.2782573103904724,1.7799792455209018e-05
2461,0.395735502243042,0.3685464560985565,0.2718906104564667,1.773594819791403e-05
2462,0.3956742286682129,0.3683464527130127,0.27327778935432434,1.767220750102243e-05
2463,0.3989991843700409,0.37135863304138184,0.27640560269355774,1.760857044477596e-05
2464,0.4083060026168823,0.3797569274902344,0.2854907512664795,1.7545037109285946e-05
2465,0.3973121643066406,0.3700488209724426,0.27263343334198,1.7481607574533044e-05
2466,0.3936832845211029,0.3668099045753479,0.2687339186668396,1.7418281920367373e-05
2467,0.4188886284828186,0.39016270637512207,0.2872593402862549,1.735506022650817e-05
2468,0.38814544677734375,0.36145883798599243,0.26686611771583557,1.7291942572543807e-05
2469,0.3962908089160919,0.3691403269767761,0.27150478959083557,1.722892903793176e-05
2470,0.4069265127182007,0.37875625491142273,0.28170254826545715,1.716601970199836e-05
2471,0.4078187048435211,0.3799750506877899,0.2784365713596344,1.710321464393877e-05
2472,0.3934127688407898,0.3660954236984253,0.27317342162132263,1.7040513942816906e-05
2473,0.4029788672924042,0.37552690505981445,0.27451956272125244,1.697791767756527e-05
2474,0.4218582212924957,0.39316052198410034,0.28697699308395386,1.6915425926984986e-05
2475,0.4175097942352295,0.3888743817806244,0.286354124546051,1.6853038769745467e-05
2476,0.3954426348209381,0.36805471777915955,0.27387914061546326,1.6790756284384612e-05
2477,0.38706979155540466,0.36031782627105713,0.2675195336341858,1.6728578549308416e-05
2478,0.4231758415699005,0.39403605461120605,0.29139789938926697,1.666650564279105e-05
2479,0.4120084047317505,0.3839821517467499,0.2802625894546509,1.6604537642974793e-05
2480,0.38341018557548523,0.3569234311580658,0.2648676037788391,1.6542674627869747e-05
2481,0.39527952671051025,0.36784303188323975,0.2743648290634155,1.6480916675353898e-05
2482,0.4249630272388458,0.39562782645225525,0.29335200786590576,1.6419263863172997e-05
2483,0.4051077961921692,0.37734663486480713,0.2776115834712982,1.6357716268940372e-05
2484,0.3898298442363739,0.3632718324661255,0.26558008790016174,1.6296273970136977e-05
2485,0.4064883887767792,0.37878304719924927,0.2770533859729767,1.6234937044111152e-05
2486,0.3843361735343933,0.3577571213245392,0.2657903730869293,1.6173705568078578e-05
2487,0.40487271547317505,0.3768683075904846,0.28004395961761475,1.611257961912227e-05
2488,0.3904494047164917,0.3630989193916321,0.27350491285324097,1.6051559274192275e-05
2489,0.38388949632644653,0.3575989902019501,0.26290494203567505,1.599064461010581e-05
2490,0.4151144325733185,0.3864835798740387,0.286308616399765,1.5929835703546993e-05
2491,0.4163854718208313,0.3877103626728058,0.2867511510848999,1.5869132631066808e-05
2492,0.40327826142311096,0.3756851255893707,0.27593132853507996,1.5808535469082996e-05
2493,0.40362921357154846,0.3753555417060852,0.28273674845695496,1.574804429388004e-05
2494,0.4134310185909271,0.3851567804813385,0.28274232149124146,1.5687659181608916e-05
2495,0.3962666392326355,0.36872947216033936,0.2753717303276062,1.5627380208287114e-05
2496,0.3964478075504303,0.3693646788597107,0.2708313763141632,1.5567207449798515e-05
2497,0.3980572819709778,0.3702816963195801,0.27775585651397705,1.5507140981893253e-05
2498,0.4083132743835449,0.3804040849208832,0.2790919840335846,1.5447180880187706e-05
2499,0.39237940311431885,0.36540189385414124,0.2697751224040985,1.538732722016434e-05
2500,0.39510107040405273,0.3679042160511017,0.2719685137271881,1.5327580077171587e-05
2501,0.4052458107471466,0.3769243359565735,0.2832146883010864,1.5267939526423824e-05
2502,0.4104948937892914,0.3821980059146881,0.2829688787460327,1.520840564300119e-05
2503,0.3924030363559723,0.36540913581848145,0.2699388861656189,1.5148978501849642e-05
2504,0.40041863918304443,0.37245848774909973,0.27960148453712463,1.5089658177780653e-05
2505,0.3978976607322693,0.37028586864471436,0.27611780166625977,1.5030444745471294e-05
2506,0.4066188633441925,0.3787462115287781,0.27872657775878906,1.4971338279464009e-05
2507,0.3928956389427185,0.36589720845222473,0.2699844539165497,1.4912338854166696e-05
2508,0.4097706079483032,0.3816646933555603,0.2810590863227844,1.485344654385239e-05
2509,0.4021901786327362,0.37451884150505066,0.27671340107917786,1.4794661422659306e-05
2510,0.42048272490501404,0.3914327025413513,0.29050031304359436,1.4735983564590783e-05
2511,0.3884764313697815,0.3619644045829773,0.26512014865875244,1.4677413043515042e-05
2512,0.4093798100948334,0.38111093640327454,0.28268879652023315,1.4618949933165272e-05
2513,0.4105350375175476,0.3827529549598694,0.27782079577445984,1.4560594307139364e-05
2514,0.4013155698776245,0.3735513687133789,0.2776418924331665,1.4502346238899945e-05
2515,0.41808608174324036,0.3892004191875458,0.28885650634765625,1.4444205801774202e-05
2516,0.42025941610336304,0.3911512792110443,0.2910815179347992,1.4386173068953846e-05
2517,0.3937775790691376,0.36623522639274597,0.27542346715927124,1.4328248113495047e-05
2518,0.4037240147590637,0.37565967440605164,0.2806433141231537,1.427043100831823e-05
2519,0.39282146096229553,0.3660246729850769,0.26796796917915344,1.4212721826208086e-05
2520,0.38504788279533386,0.3585527539253235,0.2649513781070709,1.415512063981339e-05
2521,0.4025053381919861,0.3747013509273529,0.27803993225097656,1.4097627521647061e-05
2522,0.4039623439311981,0.37630078196525574,0.27661558985710144,1.4040242544085913e-05
2523,0.392546147108078,0.3655264675617218,0.270196795463562,1.3982965779370626e-05
2524,0.4048958420753479,0.3768081068992615,0.2808772027492523,1.3925797299605647e-05
2525,0.40448904037475586,0.37647363543510437,0.28015395998954773,1.3868737176759094e-05
2526,0.40691938996315,0.37889546155929565,0.2802393436431885,1.3811785482662764e-05
2527,0.42370709776878357,0.39466187357902527,0.2904522120952606,1.375494228901184e-05
2528,0.37351900339126587,0.3475486934185028,0.25970304012298584,1.3698207667364982e-05
2529,0.43341854214668274,0.4031517803668976,0.3026677370071411,1.3641581689144156e-05
2530,0.41217607259750366,0.3831901252269745,0.2898593246936798,1.3585064425634542e-05
2531,0.4044983983039856,0.37669265270233154,0.27805739641189575,1.3528655947984504e-05
2532,0.4115111529827118,0.3831150531768799,0.2839609980583191,1.3472356327205405e-05
2533,0.3901548981666565,0.3630584180355072,0.27096492052078247,1.341616563417163e-05
2534,0.42119890451431274,0.3923357129096985,0.28863203525543213,1.3360083939620394e-05
2535,0.3895131051540375,0.36247944831848145,0.2703365981578827,1.330411131415169e-05
2536,0.39836931228637695,0.37087827920913696,0.2749103307723999,1.3248247828228245e-05
2537,0.39952969551086426,0.37195515632629395,0.2757453918457031,1.3192493552175366e-05
2538,0.4040265381336212,0.376213937997818,0.2781258821487427,1.3136848556180892e-05
2539,0.3956286311149597,0.3684048056602478,0.2722384035587311,1.308131291029504e-05
2540,0.40479928255081177,0.3767045736312866,0.2809469699859619,1.3025886684430467e-05
2541,0.4242195785045624,0.3951278328895569,0.2909175753593445,1.2970569948361999e-05
2542,0.40699467062950134,0.3786476254463196,0.28347036242485046,1.291536277172667e-05
2543,0.3682643473148346,0.3433905243873596,0.24873831868171692,1.2860265224023549e-05
2544,0.3888598680496216,0.3619862198829651,0.26873642206192017,1.2805277374613744e-05
2545,0.4233190417289734,0.3940655291080475,0.2925349771976471,1.2750399292720283e-05
2546,0.3921521008014679,0.36531612277030945,0.2683596611022949,1.2695631047427937e-05
2547,0.3974899351596832,0.36952677369117737,0.279631644487381,1.2640972707683252e-05
2548,0.42111876606941223,0.3922564685344696,0.28862300515174866,1.2586424342294412e-05
2549,0.3886101543903351,0.36168718338012695,0.2692297399044037,1.2531986019931119e-05
2550,0.4137449860572815,0.38561928272247314,0.28125688433647156,1.2477657809124631e-05
2551,0.4093497395515442,0.38091927766799927,0.2843047082424164,1.242343977826752e-05
2552,0.3839530646800995,0.3577442467212677,0.26208826899528503,1.2369331995613653e-05
2553,0.40523603558540344,0.3772505223751068,0.2798551619052887,1.2315334529278132e-05
2554,0.39466962218284607,0.3672693371772766,0.2740028500556946,1.2261447447237195e-05
2555,0.3952920734882355,0.3678755462169647,0.27416518330574036,1.2207670817328066e-05
2556,0.40110430121421814,0.37366652488708496,0.2743776738643646,1.2154004707249011e-05
2557,0.37815654277801514,0.3522370457649231,0.2591950297355652,1.2100449184559093e-05
2558,0.38638836145401,0.3597032129764557,0.26685139536857605,1.2047004316678156e-05
2559,0.38798198103904724,0.3611721694469452,0.2680980861186981,1.1993670170886806e-05
2560,0.3933888375759125,0.3663080334663391,0.2708081603050232,1.19404468143262e-05
2561,0.4026820957660675,0.37483030557632446,0.2785179913043976,1.1887334313998066e-05
2562,0.41189947724342346,0.3839695453643799,0.27929922938346863,1.1834332736764554e-05
2563,0.3727974593639374,0.34698471426963806,0.258127361536026,1.1781442149348155e-05
2564,0.4054304361343384,0.3776196241378784,0.27810797095298767,1.1728662618331698e-05
2565,0.41649553179740906,0.38781359791755676,0.2868193984031677,1.1675994210158181e-05
2566,0.397299587726593,0.36989375948905945,0.27405837178230286,1.1623436991130654e-05
2567,0.39602649211883545,0.36858922243118286,0.27437257766723633,1.1570991027412304e-05
2568,0.39635947346687317,0.3690304458141327,0.2732901871204376,1.151865638502615e-05
2569,0.395306259393692,0.3677019774913788,0.2760429382324219,1.1466433129855158e-05
2570,0.4051094949245453,0.37748590111732483,0.27623581886291504,1.141432132764202e-05
2571,0.39901238679885864,0.3715953528881073,0.2741702198982239,1.1362321043989132e-05
2572,0.387959361076355,0.3609975278377533,0.2696183919906616,1.1310432344358502e-05
2573,0.4267987310886383,0.39694568514823914,0.29853034019470215,1.1258655294071685e-05
2574,0.4237136244773865,0.3944452404975891,0.2926839590072632,1.1206989958309656e-05
2575,0.42156311869621277,0.39238736033439636,0.2917574942111969,1.1155436402112785e-05
2576,0.40687423944473267,0.37872666120529175,0.28147563338279724,1.1103994690380681e-05
2577,0.3904965817928314,0.3632185757160187,0.27278006076812744,1.105266488787221e-05
2578,0.386532723903656,0.3597972095012665,0.2673550248146057,1.1001447059205305e-05
2579,0.38899776339530945,0.3621174991130829,0.2688027620315552,1.0950341268857e-05
2580,0.4120587110519409,0.38362669944763184,0.2843199670314789,1.0899347581163221e-05
2581,0.4140227437019348,0.38536304235458374,0.2865971028804779,1.0848466060318807e-05
2582,0.407909095287323,0.37984275817871094,0.28066346049308777,1.0797696770377352e-05
2583,0.40307003259658813,0.3755381107330322,0.2753191292285919,1.0747039775251266e-05
2584,0.3792204260826111,0.3527551591396332,0.2646526098251343,1.069649513871147e-05
2585,0.4022817015647888,0.37430810928344727,0.279735803604126,1.0646062924387512e-05
2586,0.40022656321525574,0.37281253933906555,0.274140328168869,1.0595743195767393e-05
2587,0.4059356153011322,0.3780270218849182,0.2790858745574951,1.0545536016197499e-05
2588,0.4170180857181549,0.38781818747520447,0.29199904203414917,1.0495441448882571e-05
2589,0.4077061414718628,0.379442036151886,0.28264105319976807,1.0445459556885517e-05
2590,0.38458526134490967,0.35788092017173767,0.26704326272010803,1.0395590403127486e-05
2591,0.42575526237487793,0.39613866806030273,0.29616594314575195,1.0345834050387627e-05
2592,0.3890480101108551,0.3624415695667267,0.26606452465057373,1.0296190561303132e-05
2593,0.38251444697380066,0.3561519682407379,0.2636248469352722,1.024665999836909e-05
2594,0.3742337226867676,0.3486686646938324,0.25565072894096375,1.0197242423938446e-05
2595,0.4189249277114868,0.3900296986103058,0.28895241022109985,1.0147937900221883e-05
2596,0.4098411202430725,0.38150641322135925,0.2833470404148102,1.0098746489287758e-05
2597,0.4134235084056854,0.3848792314529419,0.2854427397251129,1.0049668253062105e-05
2598,0.39348745346069336,0.36644867062568665,0.2703879177570343,1.0000703253328414e-05
2599,0.42680132389068604,0.39703068137168884,0.2977064251899719,9.95185155172762e-06
2600,0.3981053829193115,0.370408833026886,0.2769656479358673,9.903113209758096e-06
2601,0.38097083568573,0.3549170196056366,0.2605383098125458,9.854488288775422e-06
2602,0.39356333017349243,0.3667042553424835,0.2685908079147339,9.805976849992494e-06
2603,0.38452714681625366,0.3584732711315155,0.2605387270450592,9.757578954479262e-06
2604,0.3998948931694031,0.372253954410553,0.2764093279838562,9.709294663162771e-06
2605,0.41183850169181824,0.38323765993118286,0.28600841760635376,9.661124036827063e-06
2606,0.40280047059059143,0.3747425675392151,0.2805789113044739,9.61306713611304e-06
2607,0.3834351599216461,0.3569987118244171,0.26436448097229004,9.565124021518545e-06
2608,0.39122143387794495,0.36402440071105957,0.2719702422618866,9.517294753398064e-06
2609,0.4015873372554779,0.3734752833843231,0.2811206579208374,9.469579391962813e-06
2610,0.411465048789978,0.3829505443572998,0.285145103931427,9.421977997280596e-06
2611,0.3810296654701233,0.3550192713737488,0.26010408997535706,9.3744906292758e-06
2612,0.4204072058200836,0.3912595212459564,0.2914768159389496,9.327117347729197e-06
2613,0.391588032245636,0.3649366497993469,0.2665138840675354,9.27985821227798e-06
2614,0.3964785039424896,0.369193434715271,0.27285078167915344,9.23271328241564e-06
2615,0.3941648602485657,0.36689868569374084,0.27266186475753784,9.185682617491863e-06
2616,0.4019452631473541,0.37423330545425415,0.27711954712867737,9.138766276712552e-06
2617,0.40603190660476685,0.3778272271156311,0.28204694390296936,9.091964319139645e-06
2618,0.39151379466056824,0.36443501710891724,0.2707878351211548,9.045276803691094e-06
2619,0.39314430952072144,0.36583802103996277,0.27306291460990906,8.998703789140772e-06
2620,0.4081845283508301,0.37982770800590515,0.2835680842399597,8.952245334118414e-06
2621,0.40476104617118835,0.3770746886730194,0.27686363458633423,8.905901497109581e-06
2622,0.3996196687221527,0.3719887137413025,0.27630963921546936,8.85967233645547e-06
2623,0.39473235607147217,0.3671477735042572,0.27584585547447205,8.813557910352999e-06
2624,0.4116882383823395,0.3833513557910919,0.2833688259124756,8.76755827685456e-06
2625,0.39132294058799744,0.3643572926521301,0.26965653896331787,8.72167349386811e-06
2626,0.4205532371997833,0.3915380537509918,0.2901519238948822,8.675903619156977e-06
2627,0.38575801253318787,0.3594779968261719,0.26280027627944946,8.63024871033985e-06
2628,0.4095783829689026,0.38100117444992065,0.2857721447944641,8.584708824890697e-06
2629,0.41691067814826965,0.38826674222946167,0.286439448595047,8.539284020138638e-06
2630,0.3876890540122986,0.3611930012702942,0.26496055722236633,8.493974353268019e-06
2631,0.40251657366752625,0.3746357560157776,0.2788080871105194,8.448779881318148e-06
2632,0.39423057436943054,0.3667239546775818,0.2750661075115204,8.403700661183355e-06
2633,0.39351341128349304,0.3666742146015167,0.26839202642440796,8.358736749612873e-06
2634,0.3932408392429352,0.36600518226623535,0.2723565697669983,8.313888203210774e-06
2635,0.40243032574653625,0.37487784028053284,0.2755247950553894,8.269155078435931e-06
2636,0.39048004150390625,0.3635519742965698,0.26928073167800903,8.224537431601886e-06
2637,0.40123918652534485,0.3737817108631134,0.2745746672153473,8.1800353188768e-06
2638,0.39942994713783264,0.37187233567237854,0.2755762040615082,8.135648796283402e-06
2639,0.40422457456588745,0.3766729533672333,0.27551618218421936,8.091377919698895e-06
2640,0.38361552357673645,0.35721898078918457,0.26396533846855164,8.047222744854943e-06
2641,0.39246925711631775,0.36508533358573914,0.27383914589881897,8.003183327337504e-06
2642,0.40849143266677856,0.38052287697792053,0.2796855866909027,7.95925972258683e-06
2643,0.38968104124069214,0.3629259765148163,0.26755067706108093,7.915451985897382e-06
2644,0.41218194365501404,0.383897602558136,0.28284332156181335,7.871760172417763e-06
2645,0.39038577675819397,0.36315497756004333,0.2723079025745392,7.828184337150613e-06
2646,0.39070814847946167,0.36374974250793457,0.26958391070365906,7.784724534952625e-06
2647,0.4089092016220093,0.3808748722076416,0.2803431749343872,7.74138082053436e-06
2648,0.3948274254798889,0.36783409118652344,0.26993340253829956,7.698153248460271e-06
2649,0.3952908515930176,0.3679419159889221,0.27348947525024414,7.655041873148605e-06
2650,0.3746499717235565,0.34855350852012634,0.26096466183662415,7.612046748871327e-06
2651,0.4170302450656891,0.38847610354423523,0.28554147481918335,7.56916792975404e-06
2652,0.3960091471672058,0.36866340041160583,0.2734575867652893,7.526405469775955e-06
2653,0.38700002431869507,0.3604338467121124,0.2656618356704712,7.483759422769765e-06
2654,0.3976375460624695,0.3696691691875458,0.2796837389469147,7.441229842421671e-06
2655,0.4073415696620941,0.3791998028755188,0.281417578458786,7.398816782271223e-06
2656,0.394435852766037,0.3671412765979767,0.2729458212852478,7.3565202957112555e-06
2657,0.3988906741142273,0.37125006318092346,0.2764061391353607,7.314340435987921e-06
2658,0.4013572931289673,0.3735947906970978,0.2776249647140503,7.272277256200499e-06
2659,0.3981335759162903,0.3706018924713135,0.2753168046474457,7.230330809301411e-06
2660,0.4050109386444092,0.376980185508728,0.2803076207637787,7.1885011480961164e-06
2661,0.4177209138870239,0.3889440596103668,0.2877686321735382,7.1467883252430364e-06
2662,0.3975662887096405,0.37051331996917725,0.2705295979976654,7.105192393253524e-06
2663,0.4002455472946167,0.3721780478954315,0.2806750237941742,7.063713404491812e-06
2664,0.3764968812465668,0.3505527377128601,0.2594415545463562,7.022351411174866e-06
2665,0.4045339524745941,0.3767967224121094,0.27737241983413696,6.981106465372389e-06
2666,0.4060777723789215,0.3781445324420929,0.2793324887752533,6.939978619006737e-06
2667,0.38932305574417114,0.3626125454902649,0.26710522174835205,6.8989679238528395e-06
2668,0.4174742102622986,0.3884173035621643,0.2905689477920532,6.858074431538164e-06
2669,0.4092976152896881,0.380836546421051,0.28461071848869324,6.817298193542643e-06
2670,0.3892573416233063,0.36250051856040955,0.26756832003593445,6.776639261198581e-06
2671,0.39066627621650696,0.36360979080200195,0.27056485414505005,6.736097685690601e-06
2672,0.38975927233695984,0.3629738688468933,0.2678539454936981,6.695673518055579e-06
2673,0.4065931737422943,0.37828776240348816,0.2830542325973511,6.655366809182662e-06
2674,0.40332692861557007,0.3757794201374054,0.27547508478164673,6.615177609813039e-06
2675,0.39545169472694397,0.3678142726421356,0.2763741910457611,6.5751059705400295e-06
2676,0.3921094834804535,0.36486169695854187,0.27247774600982666,6.5351519418089145e-06
2677,0.41165730357170105,0.38319864869117737,0.28458666801452637,6.4953155739169495e-06
2678,0.40575480461120605,0.37790748476982117,0.2784731984138489,6.455596917013273e-06
2679,0.390908807516098,0.3641008138656616,0.2680800259113312,6.415996021098813e-06
2680,0.38965216279029846,0.3629198968410492,0.2673225998878479,6.37651293602628e-06
2681,0.40161675214767456,0.3741222321987152,0.2749452292919159,6.3371477115000466e-06
2682,0.40403926372528076,0.3761545717716217,0.2788469195365906,6.29790039707614e-06
2683,0.399505615234375,0.37222713232040405,0.2727847993373871,6.258771042162137e-06
2684,0.4064408242702484,0.37810951471328735,0.2833130955696106,6.219759696017113e-06
2685,0.4139423966407776,0.3853101134300232,0.2863228917121887,6.180866407751595e-06
2686,0.3957667648792267,0.36828091740608215,0.2748584449291229,6.142091226327484e-06
2687,0.40681564807891846,0.378364235162735,0.2845141887664795,6.103434200558011e-06
2688,0.4140974283218384,0.38575053215026855,0.2834691107273102,6.06489537910766e-06
2689,0.3927038908004761,0.3654314875602722,0.27272409200668335,6.0264748104920776e-06
2690,0.4206600487232208,0.3912280797958374,0.29431965947151184,5.988172543078097e-06
2691,0.3891952633857727,0.3623863458633423,0.26808902621269226,5.9499886250835805e-06
2692,0.3941122591495514,0.36673927307128906,0.27372995018959045,5.911923104577455e-06
2693,0.4157189428806305,0.38721075654029846,0.2850818336009979,5.8739760294795335e-06
2694,0.40889662504196167,0.3807846009731293,0.2811201810836792,5.8361474475605695e-06
2695,0.41167399287223816,0.3834860622882843,0.28187939524650574,5.7984374064421035e-06
2696,0.38265058398246765,0.35672202706336975,0.25928544998168945,5.760845953596527e-06
2697,0.374038964509964,0.3482862710952759,0.25752684473991394,5.723373136346854e-06
2698,0.4064529538154602,0.37835556268692017,0.2809738516807556,5.6860190018667934e-06
2699,0.4101560115814209,0.38185521960258484,0.2830079197883606,5.6487835971806515e-06
2700,0.40593481063842773,0.3782007098197937,0.2773408889770508,5.611666969163243e-06
2701,0.3796054422855377,0.35379406809806824,0.25811371207237244,5.574669164539903e-06
2702,0.4079569876194,0.3798116147518158,0.2814536988735199,5.537790229886319e-06
2703,0.387065052986145,0.36026856303215027,0.2679648697376251,5.501030211628599e-06
2704,0.4236472249031067,0.3945736587047577,0.29073578119277954,5.464389156043115e-06
2705,0.4048610031604767,0.3767542839050293,0.2810671329498291,5.427867109256457e-06
2706,0.40856295824050903,0.38038957118988037,0.281733900308609,5.39146411724547e-06
2707,0.40871182084083557,0.3804834187030792,0.28228408098220825,5.355180225837053e-06
2708,0.4069632291793823,0.37843775749206543,0.285254567861557,5.3190154807082005e-06
2709,0.39290231466293335,0.3654397130012512,0.27462607622146606,5.282969927385906e-06
2710,0.40383654832839966,0.37609192728996277,0.27744612097740173,5.247043611247127e-06
2711,0.39824673533439636,0.37077203392982483,0.27474698424339294,5.211236577518719e-06
2712,0.39961084723472595,0.3720957338809967,0.27515101432800293,5.175548871277358e-06
2713,0.38107219338417053,0.35492128133773804,0.2615090310573578,5.13998053744954e-06
2714,0.4083873927593231,0.38021284341812134,0.28174546360969543,5.104531620811414e-06
2715,0.38227975368499756,0.35614728927612305,0.26132461428642273,5.0692021659888735e-06
2716,0.3915146589279175,0.3647206127643585,0.2679404616355896,5.033992217457395e-06
2717,0.4234814941883087,0.39437490701675415,0.2910659909248352,4.998901819541979e-06
2718,0.39017024636268616,0.3636161684989929,0.2655406892299652,4.963931016417167e-06
2719,0.3972975015640259,0.3700888156890869,0.2720867097377777,4.929079852106933e-06
2720,0.38103222846984863,0.3546951115131378,0.2633710503578186,4.8943483704846475e-06
2721,0.40163755416870117,0.3739718496799469,0.27665698528289795,4.859736615273003e-06
2722,0.42598849534988403,0.3966493010520935,0.29339179396629333,4.825244630043979e-06
2723,0.38990214467048645,0.36303216218948364,0.2686998248100281,4.790872458218754e-06
2724,0.3918859362602234,0.3648976981639862,0.26988232135772705,4.756620143067725e-06
2725,0.4068194031715393,0.37836092710494995,0.2845848500728607,4.722487727710368e-06
2726,0.3988010883331299,0.37106576561927795,0.27735328674316406,4.688475255115244e-06
2727,0.4000934362411499,0.3724653124809265,0.27628111839294434,4.65458276809988e-06
2728,0.4029882848262787,0.3752319812774658,0.27756303548812866,4.620810309330803e-06
2729,0.40992870926856995,0.38150298595428467,0.2842571437358856,4.587157921323393e-06
2730,0.41993895173072815,0.39142319560050964,0.2851576507091522,4.553625646441928e-06
2731,0.3957103192806244,0.3684917986392975,0.27218523621559143,4.520213526899431e-06
2732,0.40028753876686096,0.3725818395614624,0.2770569622516632,4.486921604757699e-06
2733,0.4031863212585449,0.37489184737205505,0.28294458985328674,4.453749921927175e-06
2734,0.39609774947166443,0.3689137101173401,0.27184030413627625,4.420698520166988e-06
2735,0.40581512451171875,0.37797337770462036,0.27841752767562866,4.3877674410848e-06
2736,0.4049054980278015,0.3768080770969391,0.28097420930862427,4.35495672613685e-06
2737,0.4210481643676758,0.3919295370578766,0.2911864221096039,4.322266416627785e-06
2738,0.3993842601776123,0.37210819125175476,0.27276068925857544,4.289696553710731e-06
2739,0.41086065769195557,0.38266265392303467,0.28198015689849854,4.257247178387192e-06
2740,0.4015091061592102,0.3731440305709839,0.2836507558822632,4.224918331506955e-06
2741,0.4169633984565735,0.38821396231651306,0.28749439120292664,4.19271005376809e-06
2742,0.41080427169799805,0.3820076882839203,0.2879658639431,4.160622385716895e-06
2743,0.37491264939308167,0.3489605486392975,0.25952109694480896,4.1286553677478136e-06
2744,0.4182626008987427,0.389273077249527,0.289895236492157,4.096809040103444e-06
2745,0.3900604248046875,0.36293408274650574,0.27126336097717285,4.065083442874418e-06
2746,0.41082942485809326,0.38211789727211,0.28711533546447754,4.033478615999376e-06
2747,0.4141964614391327,0.3856981694698334,0.28498291969299316,4.001994599264957e-06
2748,0.40969347953796387,0.38132837414741516,0.2836509346961975,3.970631432305694e-06
2749,0.38848942518234253,0.3615383803844452,0.26951029896736145,3.93938915460399e-06
2750,0.393690824508667,0.36660265922546387,0.27088165283203125,3.908267805490051e-06
2751,0.39416155219078064,0.36680343747138977,0.27358102798461914,3.877267424141862e-06
2752,0.38468825817108154,0.35840916633605957,0.2627909779548645,3.8463880495851146e-06
2753,0.4154491722583771,0.38639169931411743,0.2905747592449188,3.815629720693192e-06
2754,0.36301031708717346,0.33800292015075684,0.25007396936416626,3.784992476187066e-06
2755,0.4089224636554718,0.38072410225868225,0.2819836437702179,3.7544763546352834e-06
2756,0.439056396484375,0.40871551632881165,0.303408682346344,3.7240813944539153e-06
2757,0.3807832896709442,0.35462531447410583,0.26157963275909424,3.6938076339065207e-06
2758,0.4100791811943054,0.3820982277393341,0.2798095643520355,3.6636551111040475e-06
2759,0.40677645802497864,0.37854471802711487,0.28231745958328247,3.633623864004887e-06
2760,0.4094574749469757,0.3812478482723236,0.28209638595581055,3.6037139304146762e-06
2761,0.388007253408432,0.3606756031513214,0.27331656217575073,3.573925347986384e-06
2762,0.41298210620880127,0.38486242294311523,0.2811968922615051,3.5442581542201923e-06
2763,0.4165085554122925,0.3874741494655609,0.29034391045570374,3.5147123864634924e-06
2764,0.428048312664032,0.3983916938304901,0.29656627774238586,3.485288081910798e-06
2765,0.3955157697200775,0.368056982755661,0.27458786964416504,3.455985277603713e-06
2766,0.37494543194770813,0.3491944372653961,0.2575099766254425,3.426804010430884e-06
2767,0.38958245515823364,0.36228621006011963,0.2729625999927521,3.3977443171279823e-06
2768,0.3937512934207916,0.3667300343513489,0.2702125906944275,3.3688062342776106e-06
2769,0.40061670541763306,0.3725169003009796,0.2809981107711792,3.339989798309273e-06
2770,0.39785000681877136,0.37039875984191895,0.27451246976852417,3.311295045499363e-06
2771,0.4277147650718689,0.39830392599105835,0.29410845041275024,3.282722011971051e-06
2772,0.3947276473045349,0.3672090172767639,0.2751864194869995,3.254270733694331e-06
2773,0.39694923162460327,0.36958062648773193,0.27368593215942383,3.2259412464858753e-06
2774,0.4041793942451477,0.3762941062450409,0.2788529098033905,3.197733586009055e-06
2775,0.38236844539642334,0.35601094365119934,0.26357486844062805,3.169647787773866e-06
2776,0.40619808435440063,0.3781900405883789,0.28008031845092773,3.1416838871368924e-06
2777,0.4050382971763611,0.3771313428878784,0.2790696322917938,3.1138419193012857e-06
2778,0.4193234145641327,0.39049896597862244,0.2882445752620697,3.086121919316698e-06
2779,0.3982621431350708,0.3704989552497864,0.27763187885284424,3.0585239220792037e-06
2780,0.4147026240825653,0.3862045705318451,0.28498050570487976,3.0310479623313127e-06
2781,0.4064512252807617,0.3783937990665436,0.2805742621421814,3.0036940746619224e-06
2782,0.4027675986289978,0.3753608167171478,0.2740679085254669,2.9764622935062438e-06
2783,0.3909342288970947,0.36376187205314636,0.27172359824180603,2.949352653145754e-06
2784,0.4281347393989563,0.39849594235420227,0.2963879406452179,2.922365187708187e-06
2785,0.3943166434764862,0.3668299615383148,0.2748667597770691,2.8954999311674558e-06
2786,0.4133225083351135,0.3847493529319763,0.2857314646244049,2.8687569173436623e-06
2787,0.41146421432495117,0.38310590386390686,0.28358304500579834,2.842136179902988e-06
2788,0.39420855045318604,0.3675230145454407,0.26685526967048645,2.8156377523576803e-06
2789,0.38364937901496887,0.35730496048927307,0.26344427466392517,2.7892616680660457e-06
2790,0.3712926506996155,0.3457268178462982,0.25565847754478455,2.7630079602323442e-06
2791,0.4130634665489197,0.3843279480934143,0.28735509514808655,2.7368766619067953e-06
2792,0.41414374113082886,0.3855309784412384,0.2861277461051941,2.7108678059855065e-06
2793,0.4027400016784668,0.3749968707561493,0.27743133902549744,2.6849814252104754e-06
2794,0.41699254512786865,0.38829347491264343,0.28699085116386414,2.6592175521694795e-06
2795,0.4088641405105591,0.3808755874633789,0.2798856496810913,2.6335762192960743e-06
2796,0.38880354166030884,0.3619908094406128,0.2681274116039276,2.608057458869606e-06
2797,0.4230538606643677,0.39340388774871826,0.29649966955184937,2.582661303015066e-06
2798,0.4110508859157562,0.38274312019348145,0.28307774662971497,2.5573877837031137e-06
2799,0.4163537323474884,0.3878450393676758,0.28508681058883667,2.532236932750021e-06
2800,0.42342501878738403,0.3940187990665436,0.2940623164176941,2.5072087818176382e-06
2801,0.40144920349121094,0.3738129734992981,0.27636244893074036,2.482303362413374e-06
2802,0.4008675515651703,0.3728121817111969,0.2805537283420563,2.457520705890093e-06
2803,0.3882656395435333,0.3611017167568207,0.2716391384601593,2.4328608434461276e-06
2804,0.39714962244033813,0.36945706605911255,0.27692553400993347,2.4083238061252567e-06
2805,0.36370009183883667,0.3386404812335968,0.25059622526168823,2.383909624816616e-06
2806,0.38073769211769104,0.3545491099357605,0.26188594102859497,2.3596183302546647e-06
2807,0.38659539818763733,0.35996749997138977,0.2662788927555084,2.3354499530191975e-06
2808,0.4042283296585083,0.3759351670742035,0.28293147683143616,2.311404523535243e-06
2809,0.4207577407360077,0.3913261890411377,0.2943155765533447,2.2874820720730438e-06
2810,0.39536166191101074,0.36804264783859253,0.27319014072418213,2.2636826287480873e-06
2811,0.407404363155365,0.3789409399032593,0.2846342921257019,2.240006223520941e-06
2812,0.3905937373638153,0.3638044595718384,0.2678926885128021,2.2164528861973064e-06
2813,0.38852640986442566,0.36209580302238464,0.26430603861808777,2.193022646427978e-06
2814,0.4038274586200714,0.3757733106613159,0.2805415689945221,2.1697155337087604e-06
2815,0.40646374225616455,0.3780309855937958,0.28432750701904297,2.1465315773804616e-06
2816,0.4161626100540161,0.3876000940799713,0.28562501072883606,2.123470806628858e-06
2817,0.4169325828552246,0.38811224699020386,0.28820350766181946,2.1005332504846597e-06
2818,0.39553216099739075,0.3683090806007385,0.27223074436187744,2.0777189378234143e-06
2819,0.41547125577926636,0.3869059085845947,0.28565332293510437,2.0550278973656024e-06
2820,0.38929200172424316,0.3624202311038971,0.26871761679649353,2.032460157676452e-06
2821,0.4164349436759949,0.3876703381538391,0.28764593601226807,2.010015747165983e-06
2822,0.38983404636383057,0.36311957240104675,0.26714470982551575,1.9876946940889927e-06
2823,0.3785293698310852,0.35239166021347046,0.2613770365715027,1.965497026544938e-06
2824,0.43417444825172424,0.40441572666168213,0.29758721590042114,1.9434227724779984e-06
2825,0.4137782156467438,0.3853839337825775,0.28394290804862976,1.921471959676957e-06
2826,0.42613500356674194,0.3966194987297058,0.2951548993587494,1.899644615775209e-06
2827,0.420942485332489,0.3919137716293335,0.29028698801994324,1.8779407682507077e-06
2828,0.3945021629333496,0.36696386337280273,0.2753829061985016,1.856360444425953e-06
2829,0.4072897434234619,0.37909388542175293,0.28195858001708984,1.834903671467958e-06
2830,0.40758001804351807,0.3791387677192688,0.2844124436378479,1.81357047638816e-06
2831,0.3968919813632965,0.36897382140159607,0.27918151021003723,1.7923608860424658e-06
2832,0.40557682514190674,0.3777405917644501,0.2783624231815338,1.771274927131139e-06
2833,0.40717417001724243,0.3792639970779419,0.2791016101837158,1.7503126261988355e-06
2834,0.4038959741592407,0.3759465515613556,0.27949419617652893,1.7294740096345575e-06
2835,0.41070106625556946,0.38192734122276306,0.28773725032806396,1.7087591036715534e-06
2836,0.3930119276046753,0.3658832311630249,0.27128687500953674,1.6881679343873636e-06
2837,0.3845553994178772,0.3583168387413025,0.26238569617271423,1.667700527703775e-06
2838,0.38984212279319763,0.36304861307144165,0.267935186624527,1.6473569093867436e-06
2839,0.3982822597026825,0.37054765224456787,0.27734601497650146,1.6271371050464056e-06
2840,0.39206933975219727,0.36484330892562866,0.2722603380680084,1.6070411401370334e-06
2841,0.40370580554008484,0.3754897117614746,0.2821608781814575,1.58706903995699e-06
2842,0.416109561920166,0.3877277970314026,0.28381770849227905,1.5672208296486969e-06
2843,0.38329339027404785,0.3566008508205414,0.26692551374435425,1.5474965341986558e-06
2844,0.38817960023880005,0.36143508553504944,0.2674451470375061,1.5278961784373268e-06
2845,0.3719833195209503,0.34626734256744385,0.2571597099304199,1.5084197870391837e-06
2846,0.38441893458366394,0.3579837679862976,0.2643515467643738,1.4890673845226133e-06
2847,0.40331143140792847,0.3750253915786743,0.28286024928092957,1.469838995249928e-06
2848,0.4061874747276306,0.3780306577682495,0.2815682590007782,1.4507346434273316e-06
2849,0.404251366853714,0.37623530626296997,0.28016066551208496,1.4317543531048749e-06
2850,0.4048062860965729,0.3770105838775635,0.27795711159706116,1.4128981481764115e-06
2851,0.3911837935447693,0.3646640181541443,0.26519763469696045,1.3941660523796196e-06
2852,0.3972642123699188,0.37003037333488464,0.27233847975730896,1.375558089295914e-06
2853,0.4022228419780731,0.374055415391922,0.28167423605918884,1.3570742823504567e-06
2854,0.4025796353816986,0.3746027946472168,0.2797683775424957,1.3387146548120899e-06
2855,0.41270557045936584,0.3835618495941162,0.2914371192455292,1.3204792297933588e-06
2856,0.4042493402957916,0.37606415152549744,0.28185194730758667,1.3023680302504338e-06
2857,0.4114281237125397,0.3830883800983429,0.28339749574661255,1.2843810789831102e-06
2858,0.41637247800827026,0.3876681625843048,0.28704315423965454,1.2665183986347528e-06
2859,0.39291828870773315,0.3656402826309204,0.2727801203727722,1.2487800116922966e-06
2860,0.40401867032051086,0.37616515159606934,0.2785350978374481,1.231165940486234e-06
2861,0.3829430937767029,0.3562556207180023,0.2668747901916504,1.2136762071904838e-06
2862,0.4015723764896393,0.374258428812027,0.27313941717147827,1.1963108338225337e-06
2863,0.4176059067249298,0.3890390694141388,0.28566840291023254,1.1790698422432521e-06
2864,0.43085265159606934,0.40119513869285583,0.29657503962516785,1.1619532541569333e-06
2865,0.4138760268688202,0.3850769102573395,0.28799116611480713,1.1449610911112741e-06
2866,0.3859557509422302,0.359050989151001,0.26904773712158203,1.128093374497352e-06
2867,0.3946811556816101,0.3672330975532532,0.2744806408882141,1.1113501255495485e-06
2868,0.39550402760505676,0.36817431449890137,0.27329716086387634,1.0947313653455694e-06
2869,0.39906638860702515,0.371683269739151,0.2738313376903534,1.0782371148064241e-06
2870,0.4031802713871002,0.37557971477508545,0.2760055661201477,1.0618673946963365e-06
2871,0.3964860141277313,0.3690979778766632,0.2738804221153259,1.0456222256227999e-06
2872,0.3797033131122589,0.3534124195575714,0.2629088759422302,1.0295016280365112e-06
2873,0.40099820494651794,0.37338072061538696,0.2761748433113098,1.0135056222313143e-06
2874,0.3922443687915802,0.36538463830947876,0.2685973346233368,9.976342283442463e-07
2875,0.4113849997520447,0.38247016072273254,0.2891482710838318,9.818874663554357e-07
2876,0.4203106760978699,0.3912551701068878,0.2905552089214325,9.662653560881584e-07
2877,0.3974080979824066,0.37016627192497253,0.27241823077201843,9.50767917208728e-07
2878,0.388916015625,0.3624948263168335,0.2642120122909546,9.353951692265383e-07
2879,0.41675707697868347,0.3879844546318054,0.2877262830734253,9.20147131493998e-07
2880,0.41630059480667114,0.3873422145843506,0.28958380222320557,9.0502382320653e-07
2881,0.3845614194869995,0.35816052556037903,0.2640089690685272,8.900252634025274e-07
2882,0.4069335460662842,0.3784618377685547,0.28471723198890686,8.751514709633424e-07
2883,0.41508594155311584,0.38633519411087036,0.2875075042247772,8.604024646132857e-07
2884,0.40904271602630615,0.38065800070762634,0.2838471829891205,8.457782629195388e-07
2885,0.4014894366264343,0.37322452664375305,0.2826489806175232,8.31278884292186e-07
2886,0.41309240460395813,0.38440415263175964,0.2868824005126953,8.16904346984193e-07
2887,0.4129152297973633,0.38464879989624023,0.28266441822052,8.026546690913406e-07
2888,0.404578298330307,0.37683114409446716,0.2774715721607208,7.885298685522235e-07
2889,0.41360485553741455,0.38482582569122314,0.2877901494503021,7.745299631482405e-07
2890,0.4097221791744232,0.38141947984695435,0.2830270230770111,7.606549705035937e-07
2891,0.38753741979599,0.360959529876709,0.265779048204422,7.469049080851775e-07
2892,0.40657684206962585,0.37847650051116943,0.28100332617759705,7.332797932026459e-07
2893,0.41004419326782227,0.3818361759185791,0.28208020329475403,7.19779643008367e-07
2894,0.39010369777679443,0.3631213307380676,0.26982372999191284,7.064044744973686e-07
2895,0.41446298360824585,0.3855297863483429,0.2893320322036743,6.931543045073708e-07
2896,0.38489753007888794,0.35821712017059326,0.2668040990829468,6.800291497187083e-07
2897,0.39674267172813416,0.3694433271884918,0.2729935050010681,6.670290266543644e-07
2898,0.39863279461860657,0.37054386734962463,0.2808893322944641,6.541539516799033e-07
2899,0.3967447578907013,0.36900025606155396,0.27744513750076294,6.414039410034489e-07
2900,0.39663398265838623,0.369070827960968,0.2756316661834717,6.287790106757396e-07
2901,0.40209057927131653,0.37387773394584656,0.28212836384773254,6.162791765900177e-07
2902,0.41146495938301086,0.3831040859222412,0.2836087942123413,6.039044544820404e-07
2903,0.4193260371685028,0.390614777803421,0.28711268305778503,5.916548599300576e-07
2904,0.42995893955230713,0.40011677145957947,0.2984215319156647,5.795304083548559e-07
2905,0.389804482460022,0.36296072602272034,0.2684377133846283,5.675311150195928e-07
2906,0.41140732169151306,0.3832651674747467,0.2814214825630188,5.556569950299517e-07
2907,0.3818313479423523,0.3556058704853058,0.26225462555885315,5.439080633339866e-07
2908,0.39655062556266785,0.36924466490745544,0.2730596661567688,5.322843347221662e-07
2909,0.3830467760562897,0.3567788600921631,0.2626791298389435,5.207858238273522e-07
2910,0.38258489966392517,0.35608845949172974,0.26496443152427673,5.094125451247655e-07
2911,0.38297268748283386,0.35644036531448364,0.26532334089279175,4.981645129319756e-07
2912,0.4105898141860962,0.3823588192462921,0.28231003880500793,4.870417414088779e-07
2913,0.3804367780685425,0.3540792465209961,0.2635754644870758,4.760442445576829e-07
2914,0.3975769281387329,0.36993667483329773,0.27640268206596375,4.6517203622291615e-07
2915,0.41010868549346924,0.3818633556365967,0.2824532687664032,4.544251300913405e-07
2916,0.40086817741394043,0.3734811246395111,0.27387040853500366,4.438035396920004e-07
2917,0.4038774073123932,0.37594178318977356,0.27935630083084106,4.333072783961889e-07
2918,0.39746376872062683,0.3702968657016754,0.271668940782547,4.2293635941742517e-07
2919,0.4083203673362732,0.37975507974624634,0.2856529951095581,4.1269079581142124e-07
2920,0.3990456461906433,0.3714524805545807,0.2759316861629486,4.025706004760932e-07
2921,0.41026565432548523,0.3821752369403839,0.28090429306030273,3.925757861515389e-07
2922,0.39369848370552063,0.3667115867137909,0.26986902952194214,3.827063654199936e-07
2923,0.38826462626457214,0.3615603744983673,0.2670425772666931,3.7296235070587435e-07
2924,0.4053850471973419,0.3771474361419678,0.28237614035606384,3.633437542756912e-07
2925,0.38642963767051697,0.36002781987190247,0.26401814818382263,3.5385058823809156e-07
2926,0.4108349680900574,0.3826291859149933,0.2820579409599304,3.444828645438047e-07
2927,0.4077565670013428,0.37946605682373047,0.28290513157844543,3.3524059498565297e-07
2928,0.4074285626411438,0.3794657289981842,0.2796282470226288,3.261237911985404e-07
2929,0.3883926272392273,0.3616240322589874,0.2676858901977539,3.171324646593865e-07
2930,0.40209513902664185,0.3741391599178314,0.2795597314834595,3.0826662668720364e-07
2931,0.39704272150993347,0.3694891631603241,0.27553558349609375,2.99526288442975e-07
2932,0.403974324464798,0.37587735056877136,0.2809697389602661,2.9091146092973254e-07
2933,0.3886236548423767,0.3618592321872711,0.26764434576034546,2.8242215499248993e-07
2934,0.39170482754707336,0.36476731300354004,0.2693750560283661,2.740583813182429e-07
2935,0.4223122298717499,0.39311474561691284,0.2919747531414032,2.658201504359803e-07
2936,0.3919747471809387,0.365005224943161,0.2696952819824219,2.577074727165951e-07
2937,0.4062007665634155,0.3784525394439697,0.27748242020606995,2.497203583729957e-07
2938,0.40422511100769043,0.37655723094940186,0.2766787111759186,2.418588174599612e-07
2939,0.39404064416885376,0.36699211597442627,0.27048516273498535,2.3412285987420847e-07
2940,0.397594153881073,0.37051862478256226,0.27075526118278503,2.265124953543918e-07
2941,0.4150279760360718,0.38659876585006714,0.28429195284843445,2.1902773348100315e-07
2942,0.39620241522789,0.36925578117370605,0.2694664001464844,2.1166858367646093e-07
2943,0.39509573578834534,0.368012398481369,0.27083346247673035,2.0443505520503224e-07
2944,0.39956220984458923,0.37224307656288147,0.2731913924217224,1.973271571728441e-07
2945,0.3994789719581604,0.37153029441833496,0.27948692440986633,1.9034489852787218e-07
2946,0.3843154311180115,0.35765835642814636,0.26657065749168396,1.834882880599409e-07
2947,0.40050432085990906,0.37270140647888184,0.27802902460098267,1.7675733440066789e-07
2948,0.4033093750476837,0.3755159080028534,0.2779346704483032,1.7015204602350843e-07
2949,0.42267540097236633,0.3936982750892639,0.289771169424057,1.6367243124372212e-07
2950,0.40014326572418213,0.3725019693374634,0.27641284465789795,1.5731849821833954e-07
2951,0.3831087052822113,0.3564448952674866,0.2666380703449249,1.5109025494620677e-07
2952,0.39907553791999817,0.37108689546585083,0.2798863351345062,1.449877092679075e-07
2953,0.38276416063308716,0.35628843307495117,0.2647572159767151,1.3901086886580762e-07
2954,0.38178420066833496,0.3554208278656006,0.26363372802734375,1.3315974126401066e-07
2955,0.37227898836135864,0.34634220600128174,0.2593677341938019,1.274343338283801e-07
2956,0.435813844203949,0.4060177803039551,0.2979605793952942,1.2183465376650605e-07
2957,0.4133046567440033,0.38442620635032654,0.288784384727478,1.1636070812770516e-07
2958,0.389544814825058,0.36231115460395813,0.27233651280403137,1.1101250380300965e-07
2959,0.42589160799980164,0.3962932527065277,0.2959836423397064,1.0579004752513389e-07
2960,0.40525883436203003,0.377500981092453,0.27757853269577026,1.0069334586854107e-07
2961,0.39820802211761475,0.3708072304725647,0.27400797605514526,9.572240524933218e-08
2962,0.4108864367008209,0.3826160430908203,0.28270405530929565,9.087723192533482e-08
2963,0.38487979769706726,0.3582242429256439,0.26655542850494385,8.615783199602545e-08
2964,0.40685632824897766,0.3788958787918091,0.2796044647693634,8.156421140254056e-08
2965,0.38732218742370605,0.3606894314289093,0.26632770895957947,7.709637592770991e-08
2966,0.38901785016059875,0.36241161823272705,0.26606228947639465,7.275433119596776e-08
2967,0.41346973180770874,0.3845739960670471,0.2889572083950043,6.853808267344164e-08
2968,0.41452381014823914,0.38573938608169556,0.28784433007240295,6.444763566786361e-08
2969,0.4166144132614136,0.3874959349632263,0.2911849021911621,6.048299532861457e-08
2970,0.3992953598499298,0.3721291422843933,0.271662175655365,5.6644166646668826e-08
2971,0.3954698145389557,0.3682733178138733,0.2719648778438568,5.2931154454671783e-08
2972,0.39374518394470215,0.36630764603614807,0.2743752896785736,4.934396342684e-08
2973,0.368880033493042,0.34381645917892456,0.2506357431411743,4.588259807901674e-08
2974,0.3940347135066986,0.3669128715991974,0.27121850848197937,4.254706276862752e-08
2975,0.39650070667266846,0.36900463700294495,0.27496060729026794,3.933736169471347e-08
2976,0.4109719693660736,0.38269296288490295,0.28279000520706177,3.6253498897886873e-08
2977,0.3771662712097168,0.3510585427284241,0.26107731461524963,3.3295478260364496e-08
2978,0.4034232497215271,0.37597814202308655,0.27445119619369507,3.0463303505934295e-08
2979,0.4129294455051422,0.38399237394332886,0.289370596408844,2.7756978199944273e-08
2980,0.43542420864105225,0.4053027629852295,0.3012145757675171,2.5176505749346936e-08
2981,0.40096989274024963,0.37364140152931213,0.2732848823070526,2.2721889402621545e-08
2982,0.38812583684921265,0.3616907000541687,0.26435133814811707,2.039313224985184e-08
2983,0.3985617160797119,0.3707921802997589,0.27769535779953003,1.8190237222648343e-08
2984,0.3910568654537201,0.3638416826725006,0.2721518874168396,1.6113207094181626e-08
2985,0.40848231315612793,0.38009384274482727,0.28388458490371704,1.4162044479182346e-08
2986,0.4033373296260834,0.3758677542209625,0.2746957242488861,1.2336751833941229e-08
2987,0.4061669409275055,0.37776538729667664,0.28401556611061096,1.0637331456264666e-08
2988,0.39612624049186707,0.36841481924057007,0.27711421251296997,9.063785485508014e-09
2989,0.4161926507949829,0.38714727759361267,0.29045358300209045,7.616115902586707e-09
2990,0.41702505946159363,0.3884231746196747,0.28601884841918945,6.294324529942941e-09
2991,0.40909770131111145,0.3809220492839813,0.28175660967826843,5.098413031534577e-09
2992,0.40556398034095764,0.37753263115882874,0.2803136110305786,4.028382912890649e-09
2993,0.3948560655117035,0.36756476759910583,0.27291303873062134,3.0842355210336515e-09
2994,0.39762967824935913,0.3703528940677643,0.27276769280433655,2.2659720445239452e-09
2995,0.4045625329017639,0.37682825326919556,0.2773427665233612,1.5735935134708613e-09
2996,0.40390223264694214,0.3757537603378296,0.2814846336841583,1.0071007994771898e-09
2997,0.397114634513855,0.36955365538597107,0.2756098210811615,5.664946157168949e-10
2998,0.40152642130851746,0.373771071434021,0.277553528547287,2.5177551682409317e-10
2999,0.39267972111701965,0.3655531108379364,0.2712661325931549,6.294389901517761e-11
