step,loss,temporal,spectral,lr
0,1.0026317834854126,0.9345622658729553,0.680695116519928,1.0000000000000002e-06
1,0.9662118554115295,0.9009607434272766,0.6525110602378845,2.0000000000000003e-06
2,0.9818928837776184,0.9158726334571838,0.6602024435997009,3e-06
3,0.9491655230522156,0.885710597038269,0.6345490217208862,4.000000000000001e-06
4,0.9516271948814392,0.8867635130882263,0.648637056350708,5e-06
5,0.9457839727401733,0.882317066192627,0.6346693634986877,6e-06
6,1.005157709121704,0.9367777705192566,0.6837990283966064,7.000000000000001e-06
7,0.9515703320503235,0.8867782354354858,0.6479207873344421,8.000000000000001e-06
8,0.9759247303009033,0.9097658395767212,0.661588728427887,9e-06
9,0.9675138592720032,0.9029442071914673,0.6456965804100037,1e-05
10,0.9585729837417603,0.8934868574142456,0.6508610248565674,1.1000000000000001e-05
11,0.9466553926467896,0.8824114203453064,0.6424400210380554,1.2e-05
12,0.9412674307823181,0.8777588605880737,0.6350858211517334,1.3000000000000001e-05
13,0.9272060990333557,0.8646068572998047,0.6259924173355103,1.4000000000000001e-05
14,0.9410256743431091,0.8770779967308044,0.6394765377044678,1.5e-05
15,0.929892361164093,0.8666019439697266,0.6329042911529541,1.6000000000000003e-05
16,0.9141697883605957,0.8521772027015686,0.6199259161949158,1.7000000000000003e-05
17,0.9598827958106995,0.894573450088501,0.6530934572219849,1.8e-05
18,0.91359943151474,0.8510875105857849,0.6251192092895508,1.9e-05
19,0.904898464679718,0.8429646492004395,0.6193379163742065,2e-05
20,0.9018265008926392,0.8403139710426331,0.6151254773139954,2.1e-05
21,0.9018043279647827,0.8407006859779358,0.6110364198684692,2.2000000000000003e-05
22,0.9238764643669128,0.8607960939407349,0.6308035850524902,2.3000000000000003e-05
23,0.8756452798843384,0.8159234523773193,0.59721839427948,2.4e-05
24,0.8753912448883057,0.815342366695404,0.6004887223243713,2.5e-05
25,0.8712658286094666,0.8124566078186035,0.5880920886993408,2.6000000000000002e-05
26,0.8848915696144104,0.8247377872467041,0.6015380620956421,2.7000000000000002e-05
27,0.8716719150543213,0.8111823201179504,0.6048957705497742,2.8000000000000003e-05
28,0.8966110944747925,0.835484504699707,0.6112658381462097,2.9e-05
29,0.8401278257369995,0.7822664380073547,0.5786139369010925,3e-05
30,0.8619544506072998,0.8027604818344116,0.5919396281242371,3.1e-05
31,0.867792546749115,0.8078051209449768,0.5998743176460266,3.2000000000000005e-05
32,0.8148077726364136,0.7594844102859497,0.5532334446907043,3.3e-05
33,0.869577169418335,0.8101940155029297,0.5938313603401184,3.4000000000000007e-05
34,0.845041036605835,0.7871577143669128,0.5788330435752869,3.5e-05
35,0.8595872521400452,0.8002320528030396,0.5935521721839905,3.6e-05
36,0.8377063274383545,0.779951810836792,0.5775451064109802,3.7e-05
37,0.825946033000946,0.7689557671546936,0.5699025988578796,3.8e-05
38,0.7988983988761902,0.7438269853591919,0.5507143139839172,3.9000000000000006e-05
39,0.8447041511535645,0.7861437201499939,0.5856045484542847,4e-05
40,0.8472526669502258,0.7881165146827698,0.5913617014884949,4.1e-05
41,0.8201049566268921,0.7628203630447388,0.5728460550308228,4.2e-05
42,0.8222442269325256,0.7648106813430786,0.5743352174758911,4.3e-05
43,0.7847176790237427,0.7301380038261414,0.5457969307899475,4.4000000000000006e-05
44,0.7751152515411377,0.7207946181297302,0.5432062149047852,4.5e-05
45,0.7671421766281128,0.7140642404556274,0.5307794809341431,4.600000000000001e-05
46,0.7862051129341125,0.731330931186676,0.5487420558929443,4.7e-05
47,0.7848559617996216,0.7294952273368835,0.5536073446273804,4.8e-05
48,0.7365512847900391,0.6849456429481506,0.5160562992095947,4.9e-05
49,0.7849208116531372,0.7295506000518799,0.5537020564079285,5e-05
50,0.7487013339996338,0.696088433265686,0.5261287689208984,5.1000000000000006e-05
51,0.7615973949432373,0.707923948764801,0.5367342829704285,5.2000000000000004e-05
52,0.7946838736534119,0.7376881837844849,0.5699569582939148,5.300000000000001e-05
53,0.7762366533279419,0.7214653491973877,0.5477127432823181,5.4000000000000005e-05
54,0.7373861074447632,0.6851027011871338,0.522834062576294,5.500000000000001e-05
55,0.7626274824142456,0.7082562446594238,0.5437124967575073,5.6000000000000006e-05
56,0.7788194417953491,0.7241062521934509,0.5471318364143372,5.6999999999999996e-05
57,0.7474722266197205,0.69483482837677,0.5263740420341492,5.8e-05
58,0.7809213399887085,0.725970983505249,0.5495034456253052,5.9e-05
59,0.7237934470176697,0.6729677319526672,0.5082573890686035,6e-05
60,0.6941205859184265,0.6449574828147888,0.4916309118270874,6.1e-05
61,0.7465541958808899,0.6934714913368225,0.5308269262313843,6.2e-05
62,0.7365683317184448,0.6837818026542664,0.5278652310371399,6.3e-05
63,0.7208307385444641,0.6703116297721863,0.505190908908844,6.400000000000001e-05
64,0.730901837348938,0.6790028214454651,0.5189902782440186,6.500000000000001e-05
65,0.708961009979248,0.6587634086608887,0.5019757151603699,6.6e-05
66,0.7501056790351868,0.696163535118103,0.5394214391708374,6.7e-05
67,0.7368240356445312,0.6845285892486572,0.5229542851448059,6.800000000000001e-05
68,0.7322110533714294,0.6805821061134338,0.516289472579956,6.9e-05
69,0.7161121964454651,0.6650780439376831,0.5103415250778198,7e-05
70,0.6948055028915405,0.6450939178466797,0.4971160888671875,7.1e-05
71,0.7113264799118042,0.6605864763259888,0.5073999762535095,7.2e-05
72,0.6902607083320618,0.6419817209243774,0.4827899932861328,7.3e-05
73,0.695010244846344,0.6455845832824707,0.4942566454410553,7.4e-05
74,0.7153533101081848,0.663792610168457,0.5156070590019226,7.500000000000001e-05
75,0.6946145296096802,0.645535945892334,0.4907855987548828,7.6e-05
76,0.7286632061004639,0.67631995677948,0.5234326720237732,7.7e-05
77,0.67864990234375,0.6298394799232483,0.48810452222824097,7.800000000000001e-05
78,0.6444701552391052,0.5989416241645813,0.45528513193130493,7.900000000000001e-05
79,0.6827549934387207,0.6335914134979248,0.49163591861724854,8e-05
80,0.675289511680603,0.6269920468330383,0.4829746186733246,8.1e-05
81,0.6840951442718506,0.6343522667884827,0.49742889404296875,8.2e-05
82,0.6690618395805359,0.6211675405502319,0.4789430499076843,8.3e-05
83,0.644850492477417,0.5990777015686035,0.45772796869277954,8.4e-05
84,0.6572608351707458,0.6109367609024048,0.4632408916950226,8.5e-05
85,0.645086407661438,0.5994989275932312,0.4558747708797455,8.6e-05
86,0.6433255076408386,0.5977107882499695,0.45614734292030334,8.7e-05
87,0.6314249038696289,0.5855458378791809,0.4587904214859009,8.800000000000001e-05
88,0.6348792314529419,0.5902740955352783,0.4460516571998596,8.900000000000001e-05
89,0.6536728739738464,0.6073355674743652,0.4633730351924896,9e-05
90,0.6583029627799988,0.6116747856140137,0.4662817418575287,9.1e-05
91,0.655692458152771,0.6093329787254333,0.46359503269195557,9.200000000000001e-05
92,0.6379330158233643,0.5927025675773621,0.45230433344841003,9.300000000000001e-05
93,0.6515434980392456,0.6050459742546082,0.4649752676486969,9.4e-05
94,0.6461018919944763,0.6000918745994568,0.4600999653339386,9.5e-05
95,0.6425708532333374,0.5973671674728394,0.4520367383956909,9.6e-05
96,0.6765384078025818,0.6285112500190735,0.4802713692188263,9.7e-05
97,0.6473135352134705,0.6018138527870178,0.4549967050552368,9.8e-05
98,0.6215102076530457,0.577805757522583,0.43704426288604736,9.900000000000001e-05
99,0.6726219058036804,0.6244651079177856,0.48156821727752686,0.0001
100,0.6482906341552734,0.602645218372345,0.45645445585250854,0.000101
101,0.6378132104873657,0.5931137800216675,0.44699403643608093,0.00010200000000000001
102,0.6376105546951294,0.5923964381217957,0.4521411061286926,0.00010300000000000001
103,0.6693152785301208,0.621611475944519,0.4770379662513733,0.00010400000000000001
104,0.6606983542442322,0.6145862340927124,0.4611211121082306,0.000105
105,0.6380262970924377,0.5937397480010986,0.4428652226924896,0.00010600000000000002
106,0.6323888301849365,0.5870456099510193,0.4534320831298828,0.00010700000000000001
107,0.6575710773468018,0.6110809445381165,0.4649015963077545,0.00010800000000000001
108,0.6270922422409058,0.5822206735610962,0.44871559739112854,0.000109
109,0.6172628998756409,0.573064386844635,0.44198521971702576,0.00011000000000000002
110,0.6361526846885681,0.5914152264595032,0.4473743140697479,0.00011100000000000001
111,0.6245148181915283,0.5804324150085449,0.4408241808414459,0.00011200000000000001
112,0.6268128156661987,0.5820998549461365,0.44712960720062256,0.000113
113,0.652344822883606,0.6057769060134888,0.4656793773174286,0.00011399999999999999
114,0.6353682279586792,0.5893161296844482,0.4605211913585663,0.00011499999999999999
115,0.6199701428413391,0.5751113295555115,0.44858840107917786,0.000116
116,0.6413619518280029,0.5961670875549316,0.45194894075393677,0.000117
117,0.6188711524009705,0.5747876763343811,0.44083502888679504,0.000118
118,0.6238690614700317,0.5798283219337463,0.44040751457214355,0.000119
119,0.6159405708312988,0.5717843770980835,0.44156208634376526,0.00012
120,0.6491730809211731,0.6031924486160278,0.45980608463287354,0.000121
121,0.6325716972351074,0.5869957208633423,0.4557599723339081,0.000122
122,0.6215006709098816,0.5771939158439636,0.44306740164756775,0.000123
123,0.6079534292221069,0.5644612312316895,0.43492209911346436,0.000124
124,0.6166598200798035,0.5718713402748108,0.4478848874568939,0.000125
125,0.6520698666572571,0.6053202748298645,0.46749618649482727,0.000126
126,0.6172909140586853,0.5740048289299011,0.4328605830669403,0.000127
127,0.625312089920044,0.5815550088882446,0.4375709891319275,0.00012800000000000002
128,0.654844343662262,0.6081988215446472,0.4664551019668579,0.00012900000000000002
129,0.6723573803901672,0.6241572499275208,0.48200133442878723,0.00013000000000000002
130,0.6084612011909485,0.5653817057609558,0.4307948350906372,0.000131
131,0.6341124176979065,0.5889329314231873,0.4517950713634491,0.000132
132,0.6162089705467224,0.5719571113586426,0.4425186514854431,0.000133
133,0.6148210763931274,0.5711350440979004,0.43686047196388245,0.000134
134,0.6376088261604309,0.5917642116546631,0.4584461450576782,0.00013500000000000003
135,0.6163187623023987,0.571944534778595,0.4437425136566162,0.00013600000000000003
136,0.6373981237411499,0.5927654504776001,0.44632670283317566,0.00013700000000000002
137,0.6117610931396484,0.5689087510108948,0.4285236597061157,0.000138
138,0.645603597164154,0.5994459986686707,0.46157583594322205,0.000139
139,0.6157246232032776,0.5725654363632202,0.4315917491912842,0.00014
140,0.6465743780136108,0.6008485555648804,0.4572581350803375,0.000141
141,0.6022670269012451,0.5588627457618713,0.4340425729751587,0.000142
142,0.6161362528800964,0.5716524720191956,0.4448380768299103,0.000143
143,0.6168861389160156,0.5721441507339478,0.4474198520183563,0.000144
144,0.6210052967071533,0.5766464471817017,0.4435884356498718,0.000145
145,0.6124327182769775,0.5687440633773804,0.4368863105773926,0.000146
146,0.6162860989570618,0.572566032409668,0.43720072507858276,0.000147
147,0.5797119140625,0.5389562845230103,0.40755632519721985,0.000148
148,0.6136826872825623,0.5699371099472046,0.43745604157447815,0.00014900000000000002
149,0.6063452363014221,0.5634916424751282,0.428536057472229,0.00015000000000000001
150,0.6006298065185547,0.5581247210502625,0.4250510036945343,0.000151
151,0.6079744100570679,0.5644638538360596,0.4351057708263397,0.000152
152,0.6283727884292603,0.5841783285140991,0.44194483757019043,0.000153
153,0.6180670261383057,0.5731577277183533,0.4490929841995239,0.000154
154,0.6067719459533691,0.563373327255249,0.43398597836494446,0.000155
155,0.6290452480316162,0.5834397673606873,0.45605459809303284,0.00015600000000000002
156,0.621405839920044,0.5766655206680298,0.4474030137062073,0.00015700000000000002
157,0.6451037526130676,0.5986940860748291,0.46409639716148376,0.00015800000000000002
158,0.6129833459854126,0.5696690678596497,0.43314266204833984,0.00015900000000000002
159,0.6074896454811096,0.5640658736228943,0.43423783779144287,0.00016
160,0.5840383172035217,0.5423489809036255,0.41689321398735046,0.000161
161,0.6011047959327698,0.5582095384597778,0.4289524555206299,0.000162
162,0.5901094675064087,0.5482721328735352,0.4183735251426697,0.000163
163,0.6122826337814331,0.568452000617981,0.43830606341362,0.000164
164,0.5837159156799316,0.5409933924674988,0.4272254705429077,0.000165
165,0.592902660369873,0.5500375628471375,0.4286511540412903,0.000166
166,0.5808674693107605,0.5385988354682922,0.4226863980293274,0.000167
167,0.5906438827514648,0.5482138395309448,0.42430025339126587,0.000168
168,0.5652720332145691,0.5251339673995972,0.4013805389404297,0.00016900000000000002
169,0.5994669795036316,0.5556250214576721,0.43841975927352905,0.00017
170,0.581395149230957,0.5398542881011963,0.4154089093208313,0.000171
171,0.6002709269523621,0.5571767687797546,0.43094155192375183,0.000172
172,0.5948068499565125,0.551419734954834,0.43387115001678467,0.000173
173,0.6203536987304688,0.5756270289421082,0.4472663998603821,0.000174
174,0.605768084526062,0.5609857439994812,0.4478236138820648,0.000175
175,0.5739418268203735,0.5328783988952637,0.41063401103019714,0.00017600000000000002
176,0.5710537433624268,0.5293148159980774,0.417389452457428,0.00017700000000000002
177,0.6358734369277954,0.5905212759971619,0.4535215198993683,0.00017800000000000002
178,0.590761661529541,0.5494387149810791,0.4132295846939087,0.00017900000000000001
179,0.6027608513832092,0.5602445006370544,0.4251633882522583,0.00018
180,0.5785220265388489,0.5377404093742371,0.4078163206577301,0.000181
181,0.6298983097076416,0.5855898261070251,0.44308483600616455,0.000182
182,0.5950586199760437,0.5522295236587524,0.4282911717891693,0.000183
183,0.5570246577262878,0.5170010328292847,0.4002361297607422,0.00018400000000000003
184,0.5833604335784912,0.5412659645080566,0.4209447503089905,0.00018500000000000002
185,0.5990948677062988,0.5565885901451111,0.4250626266002655,0.00018600000000000002
186,0.5882407426834106,0.5463743805885315,0.41866374015808105,0.00018700000000000002
187,0.587790310382843,0.545771062374115,0.42019274830818176,0.000188
188,0.585017204284668,0.5427792072296143,0.42237982153892517,0.00018899999999999999
189,0.5730137228965759,0.5320854783058167,0.4092826545238495,0.00019
190,0.5551261305809021,0.5154079794883728,0.39718177914619446,0.000191
191,0.5764170289039612,0.5350610613822937,0.41355961561203003,0.000192
192,0.594112753868103,0.5510871410369873,0.43025636672973633,0.000193
193,0.5679247975349426,0.5274280309677124,0.40496739745140076,0.000194
194,0.5839579701423645,0.5426135063171387,0.4134448170661926,0.000195
195,0.5895810127258301,0.5471932291984558,0.4238779544830322,0.000196
196,0.5773251056671143,0.535564124584198,0.4176098108291626,0.00019700000000000002
197,0.5922685265541077,0.5491281151771545,0.43140438199043274,0.00019800000000000002
198,0.557717502117157,0.5186834335327148,0.3903404176235199,0.000199
199,0.5408649444580078,0.5018214583396912,0.3904345631599426,0.0002
200,0.5829963684082031,0.5412700772285461,0.41726282238960266,0.0002
201,0.5622270703315735,0.5224971771240234,0.3972988426685333,0.00019999993705610097
202,0.5760546922683716,0.5351605415344238,0.4089415371417999,0.00019999974822448318
203,0.5623044371604919,0.5224959850311279,0.39808472990989685,0.0001999994335053843
204,0.5476893186569214,0.5087956190109253,0.38893717527389526,0.00019999899289920055
205,0.5789813995361328,0.5382093787193298,0.4077204465866089,0.00019999842640648654
206,0.5837838053703308,0.541822075843811,0.41961753368377686,0.00019999773402795549
207,0.5640500783920288,0.5236628651618958,0.4038718342781067,0.00019999691576447898
208,0.5537087917327881,0.5143080949783325,0.3940066695213318,0.00019999597161708712
209,0.5713302493095398,0.5306637287139893,0.4066651463508606,0.00019999490158696846
210,0.5469561815261841,0.5066390037536621,0.4031718373298645,0.00019999370567547008
211,0.569153368473053,0.528886616230011,0.402667760848999,0.00019999238388409744
212,0.5785923600196838,0.536823034286499,0.41769328713417053,0.0001999909362145145
213,0.5561362504959106,0.5155301094055176,0.4060612916946411,0.00019998936266854377
214,0.5802956223487854,0.5390216708183289,0.41273969411849976,0.00019998766324816607
215,0.5503436326980591,0.5109347701072693,0.39408835768699646,0.00019998583795552083
216,0.5528477430343628,0.5143428444862366,0.3850489854812622,0.00019998388679290583
217,0.5506958365440369,0.5112069845199585,0.39488840103149414,0.00019998180976277735
218,0.5797681212425232,0.5381399989128113,0.4162812829017639,0.00019997960686775015
219,0.5129784345626831,0.4760178327560425,0.3696057200431824,0.00019997727811059738
220,0.5732771158218384,0.53285813331604,0.404189795255661,0.00019997482349425066
221,0.5253691077232361,0.4876594543457031,0.3770962655544281,0.00019997224302180006
222,0.5399805903434753,0.5013359189033508,0.3864468038082123,0.0001999695366964941
223,0.5490521788597107,0.5098692774772644,0.39182913303375244,0.00019996670452173966
224,0.5735353231430054,0.53236323595047,0.4117206633090973,0.0001999637465011021
225,0.5547495484352112,0.5151775479316711,0.3957202434539795,0.00019996066263830531
226,0.6036981344223022,0.5601333975791931,0.4356473982334137,0.00019995745293723138
227,0.5483072400093079,0.5092026591300964,0.39104554057121277,0.000199954117401921
228,0.5742452144622803,0.5338196754455566,0.40425562858581543,0.00019995065603657316
229,0.5719515085220337,0.5313503742218018,0.4060116112232208,0.00019994706884554533
230,0.5352713465690613,0.49693563580513,0.38335713744163513,0.00019994335583335335
231,0.5357310175895691,0.4970402121543884,0.38690799474716187,0.00019993951700467139
232,0.5233536958694458,0.48541170358657837,0.3794199824333191,0.00019993555236433213
233,0.5783809423446655,0.537168025970459,0.41212886571884155,0.00019993146191732658
234,0.5494388341903687,0.5104615092277527,0.38977333903312683,0.00019992724566880404
235,0.5398789644241333,0.5007302761077881,0.391487181186676,0.0001999229036240723
236,0.5341017246246338,0.49657925963401794,0.37522435188293457,0.00019991843578859747
237,0.5319545865058899,0.4944418668746948,0.37512728571891785,0.00019991384216800398
238,0.572780966758728,0.5326544046401978,0.4012657105922699,0.00019990912276807466
239,0.5535821914672852,0.5137320160865784,0.3985019624233246,0.00019990427759475067
240,0.5306990742683411,0.49260464310646057,0.3809443414211273,0.00019989930665413147
241,0.5615683794021606,0.5210580229759216,0.40510350465774536,0.0001998942099524749
242,0.5613090991973877,0.5203282237052917,0.4098086655139923,0.00019988898749619702
243,0.5629045963287354,0.52207350730896,0.40831097960472107,0.0001998836392918723
244,0.5261592864990234,0.48864418268203735,0.3751510679721832,0.00019987816534623352
245,0.5210612416267395,0.48363393545150757,0.37427327036857605,0.00019987256566617162
246,0.5498074293136597,0.5110206604003906,0.38786762952804565,0.00019986684025873598
247,0.5750355124473572,0.5336117148399353,0.4142377972602844,0.0001998609891311342
248,0.5301916599273682,0.49230170249938965,0.37889987230300903,0.0001998550122907321
249,0.5395647883415222,0.5017193555831909,0.3784545361995697,0.00019984890974505381
250,0.5408027768135071,0.5020321011543274,0.38770657777786255,0.00019984268150178167
251,0.5624409914016724,0.5232699513435364,0.3917106091976166,0.0001998363275687563
252,0.5258772969245911,0.48857957124710083,0.37297701835632324,0.0001998298479539765
253,0.5404092669487,0.5027868747711182,0.37622401118278503,0.00019982324266559935
254,0.5640793442726135,0.5234015583992004,0.4067777395248413,0.00019981651171194006
255,0.5695782899856567,0.529384970664978,0.4019331634044647,0.00019980965510147213
256,0.5339016914367676,0.49531906843185425,0.3858262598514557,0.00019980267284282717
257,0.5770689249038696,0.5361368060112,0.4093214273452759,0.000199795564944795
258,0.534332275390625,0.4952467978000641,0.39085498452186584,0.00019978833141632354
259,0.5565572381019592,0.5172699689865112,0.39287272095680237,0.00019978097226651902
260,0.5502568483352661,0.5115325450897217,0.38724327087402344,0.0001997734875046456
261,0.5545207858085632,0.5152510404586792,0.39269742369651794,0.0001997658771401258
262,0.5526692867279053,0.5130197405815125,0.3964954912662506,0.00019975814118254007
263,0.5430085062980652,0.5039475560188293,0.390609472990036,0.00019975027964162702
264,0.5224592685699463,0.4858396649360657,0.36619579792022705,0.00019974229252728342
265,0.555560290813446,0.5165866613388062,0.38973623514175415,0.00019973417984956403
266,0.5335773825645447,0.49510493874549866,0.3847241699695587,0.00019972594161868178
267,0.5543991923332214,0.515417754650116,0.38981443643569946,0.00019971757784500752
268,0.5155088901519775,0.47917476296424866,0.3633415400981903,0.00019970908853907026
269,0.5609409213066101,0.5214370489120483,0.3950384557247162,0.00019970047371155704
270,0.5239152908325195,0.48648300766944885,0.3743226230144501,0.0001996917333733128
271,0.5259771347045898,0.4890412986278534,0.3693583011627197,0.00019968286753534062
272,0.560575008392334,0.521324634552002,0.3925035893917084,0.00019967387620880146
273,0.5616568326950073,0.5223257541656494,0.3933105170726776,0.00019966475940501435
274,0.5380756258964539,0.5005073547363281,0.3756829798221588,0.0001996555171354562
275,0.517167329788208,0.4806191623210907,0.3654819428920746,0.00019964614941176195
276,0.5451118350028992,0.5064535140991211,0.38658326864242554,0.00019963665624572432
277,0.5585800409317017,0.5190297365188599,0.39550286531448364,0.00019962703764929413
278,0.508246660232544,0.4722656309604645,0.359810471534729,0.00019961729363458003
279,0.5347974896430969,0.49736347794532776,0.37433984875679016,0.00019960742421384846
280,0.5286538600921631,0.491580069065094,0.3707379996776581,0.00019959742939952392
281,0.5533562898635864,0.514032781124115,0.3932352662086487,0.00019958730920418858
282,0.5592613220214844,0.51941978931427,0.3984152674674988,0.00019957706364058257
283,0.5253121256828308,0.4880068004131317,0.37305301427841187,0.00019956669272160383
284,0.5571691393852234,0.5179974436759949,0.3917168080806732,0.00019955619646030802
285,0.5556260347366333,0.5168918371200562,0.387342244386673,0.00019954557486990868
286,0.5567531585693359,0.5176299214363098,0.3912326693534851,0.00019953482796377712
287,0.5595380663871765,0.5193782448768616,0.40159833431243896,0.00019952395575544233
288,0.5297210216522217,0.4913727641105652,0.38348278403282166,0.00019951295825859113
289,0.5320689678192139,0.4942827522754669,0.3778623640537262,0.00019950183548706805
290,0.5240561962127686,0.48686543107032776,0.3719077408313751,0.00019949058745487522
291,0.5625694990158081,0.5231209397315979,0.3944856524467468,0.00019947921417617267
292,0.5374258160591125,0.4996437132358551,0.37782108783721924,0.00019946771566527785
293,0.5318626761436462,0.49396681785583496,0.3789586126804352,0.000199456091936666
294,0.5519227385520935,0.5128358602523804,0.3908688426017761,0.00019944434300497006
295,0.5372143387794495,0.4988338351249695,0.38380488753318787,0.00019943246888498041
296,0.5509771704673767,0.5119398236274719,0.3903735280036926,0.00019942046959164515
297,0.5174705386161804,0.4802015721797943,0.3726898729801178,0.00019940834514006994
298,0.5429989099502563,0.5043078660964966,0.38691040873527527,0.000199396095545518
299,0.5408868193626404,0.5027198791503906,0.38166967034339905,0.00019938372082341
300,0.538436233997345,0.5001394152641296,0.3829679787158966,0.00019937122098932428
301,0.5215663313865662,0.4840993285179138,0.37467002868652344,0.00019935859605899655
302,0.5551824569702148,0.5161486268043518,0.3903385102748871,0.00019934584604832013
303,0.5563267469406128,0.5166884064674377,0.39638352394104004,0.00019933297097334565
304,0.5397974252700806,0.5019147992134094,0.37882623076438904,0.00019931997085028132
305,0.5561225414276123,0.5176392197608948,0.3848329782485962,0.00019930684569549264
306,0.5212187767028809,0.485045850276947,0.3617292642593384,0.00019929359552550265
307,0.5353915691375732,0.49785423278808594,0.3753732144832611,0.00019928022035699166
308,0.5513138175010681,0.5125224590301514,0.3879134953022003,0.00019926672020679736
309,0.5927664041519165,0.550300657749176,0.42465740442276,0.00019925309509191482
310,0.5219468474388123,0.4845840036869049,0.3736282289028168,0.00019923934502949644
311,0.5187066197395325,0.4817223846912384,0.36984220147132874,0.00019922547003685176
312,0.5350884199142456,0.49754661321640015,0.37541788816452026,0.0001992114701314478
313,0.5344861149787903,0.49607157707214355,0.38414525985717773,0.00019919734533090867
314,0.5372191667556763,0.49990206956863403,0.3731710910797119,0.0001991830956530158
315,0.5433846712112427,0.5048830509185791,0.38501596450805664,0.00019916872111570784
316,0.5137163996696472,0.47787776589393616,0.35838624835014343,0.00019915422173708046
317,0.533099889755249,0.49557772278785706,0.3752215504646301,0.00019913959753538674
318,0.541071891784668,0.5029039978981018,0.381678968667984,0.00019912484852903668
319,0.5239883065223694,0.4872347414493561,0.36753591895103455,0.0001991099747365975
320,0.5346556901931763,0.4971531629562378,0.37502557039260864,0.00019909497617679348
321,0.5233057141304016,0.48636800050735474,0.369377076625824,0.000199079852868506
322,0.5365990996360779,0.4989142417907715,0.3768484592437744,0.00019906460483077348
323,0.5524130463600159,0.51319819688797,0.39214828610420227,0.0001990492320827913
324,0.5202606320381165,0.4829859435558319,0.3727468252182007,0.00019903373464391186
325,0.5306174159049988,0.4930114150047302,0.3760600984096527,0.00019901811253364456
326,0.524346113204956,0.4877972900867462,0.3654879927635193,0.00019900236577165576
327,0.5391183495521545,0.5015189051628113,0.3759942054748535,0.0001989864943777687
328,0.5368260741233826,0.4990222156047821,0.37803885340690613,0.0001989704983719635
329,0.5118401646614075,0.4748270809650421,0.3701310455799103,0.0001989543777743772
330,0.5227569937705994,0.485075443983078,0.3768155574798584,0.00019893813260530368
331,0.5522695779800415,0.512480616569519,0.3978898525238037,0.0001989217628851936
332,0.5399523973464966,0.502210259437561,0.3774212896823883,0.00019890526863465443
333,0.5348640084266663,0.49703437089920044,0.37829628586769104,0.0001988886498744505
334,0.5025531649589539,0.4667184352874756,0.3583472669124603,0.00019887190662550266
335,0.5330432057380676,0.49586349725723267,0.371797114610672,0.00019885503890888876
336,0.5143267512321472,0.47841697931289673,0.35909783840179443,0.0001988380467458431
337,0.5409703850746155,0.5032541751861572,0.37716200947761536,0.00019882093015775678
338,0.5071829557418823,0.4721470773220062,0.3503589332103729,0.0001988036891661775
339,0.5319045186042786,0.4951085150241852,0.36795979738235474,0.0001987863237928095
340,0.5316376090049744,0.49410200119018555,0.37535592913627625,0.00019876883405951377
341,0.5551380515098572,0.5157512426376343,0.39386826753616333,0.0001987512199883077
342,0.5452703237533569,0.5069077014923096,0.3836262822151184,0.00019873348160136524
343,0.5346202254295349,0.49703389406204224,0.3758634626865387,0.00019871561892101692
344,0.5380812883377075,0.49875587224960327,0.39325404167175293,0.00019869763196974957
345,0.5453488826751709,0.5066868662834167,0.38662028312683105,0.00019867952077020666
346,0.5196609497070312,0.4829191267490387,0.36741822957992554,0.0001986612853451879
347,0.5431968569755554,0.5052410364151001,0.37955835461616516,0.00019864292571764955
348,0.5543991923332214,0.5149524807929993,0.39446720480918884,0.00019862444191070408
349,0.5491019487380981,0.5105170011520386,0.38584959506988525,0.0001986058339476204
350,0.5653954148292542,0.5257226824760437,0.39672720432281494,0.0001985871018518236
351,0.5266268253326416,0.48940882086753845,0.372180312871933,0.00019856824564689515
352,0.5265523791313171,0.48916786909103394,0.37384533882141113,0.00019854926535657267
353,0.5720436573028564,0.5319987535476685,0.4004491865634918,0.00019853016100475007
354,0.5284661054611206,0.4909747838973999,0.37491336464881897,0.0001985109326154774
355,0.524370014667511,0.4875650703907013,0.36804959177970886,0.00019849158021296081
356,0.5538933873176575,0.5153631567955017,0.3853023052215576,0.00019847210382156267
357,0.5498352646827698,0.5115401148796082,0.3829514980316162,0.00019845250346580136
358,0.5490682125091553,0.5109604001045227,0.38107797503471375,0.0001984327791703513
359,0.5310145616531372,0.49338528513908386,0.37629273533821106,0.00019841293096004302
360,0.5121810436248779,0.47647392749786377,0.3570713996887207,0.00019839295885986296
361,0.5584639310836792,0.5188568234443665,0.39607101678848267,0.00019837286289495361
362,0.5494665503501892,0.5113912224769592,0.3807530105113983,0.00019835264309061326
363,0.5180017948150635,0.48179784417152405,0.36203980445861816,0.00019833229947229623
364,0.5216328501701355,0.4845164716243744,0.37116390466690063,0.00019831183206561262
365,0.5488209128379822,0.5105891823768616,0.38231730461120605,0.00019829124089632845
366,0.5533546209335327,0.5142070055007935,0.3914761543273926,0.00019827052599036545
367,0.5521742105484009,0.512639582157135,0.395346462726593,0.00019824968737380117
368,0.539739727973938,0.5021219849586487,0.37617751955986023,0.0001982287250728689
369,0.5435473322868347,0.5048024654388428,0.3874485194683075,0.00019820763911395758
370,0.5492342710494995,0.5106178522109985,0.38616424798965454,0.00019818642952361187
371,0.5148476362228394,0.4787909686565399,0.3605668544769287,0.00019816509632853208
372,0.5111601948738098,0.47544094920158386,0.35719233751296997,0.00019814363955557404
373,0.506943941116333,0.47120901942253113,0.3573489487171173,0.0001981220592317493
374,0.5360955595970154,0.49901214241981506,0.3708344101905823,0.0001981003553842248
375,0.5173021554946899,0.48131808638572693,0.3598405718803406,0.00019807852804032305
376,0.5011929273605347,0.4660586416721344,0.3513428866863251,0.00019805657722752202
377,0.5186655521392822,0.4820609390735626,0.36604610085487366,0.00019803450297345508
378,0.5014623403549194,0.4662649631500244,0.35197386145591736,0.00019801230530591105
379,0.5611436367034912,0.5218355655670166,0.39308077096939087,0.00019798998425283403
380,0.5535562038421631,0.5144324898719788,0.3912370204925537,0.00019796753984232358
381,0.5275363326072693,0.49030444025993347,0.37231874465942383,0.00019794497210263442
382,0.49532026052474976,0.46040138602256775,0.34918877482414246,0.00019792228106217658
383,0.5356950759887695,0.49787601828575134,0.37819042801856995,0.00019789946674951536
384,0.5500866770744324,0.5118773579597473,0.3820934295654297,0.00019787652919337116
385,0.522607684135437,0.4860786497592926,0.3652903735637665,0.00019785346842261957
386,0.506113588809967,0.47064876556396484,0.3546484708786011,0.00019783028446629123
387,0.49328216910362244,0.45901793241500854,0.34264224767684937,0.00019780697735357204
388,0.525698184967041,0.48964038491249084,0.36057785153388977,0.0001977835471138027
389,0.5551382303237915,0.5159702301025391,0.3916800618171692,0.0001977599937764791
390,0.5513810515403748,0.5129182934761047,0.3846275806427002,0.00019773631737125192
391,0.5106262564659119,0.4745652973651886,0.3606094419956207,0.00019771251792792698
392,0.5121620893478394,0.4768992066383362,0.35262876749038696,0.00019768859547646478
393,0.5192747116088867,0.4825228452682495,0.36751890182495117,0.00019766455004698082
394,0.5264496207237244,0.48953893780708313,0.3691067397594452,0.00019764038166974535
395,0.5119127035140991,0.47641295194625854,0.35499730706214905,0.0001976160903751834
396,0.5106862783432007,0.4749020040035248,0.3578425943851471,0.00019759167619387476
397,0.5228850245475769,0.48669669032096863,0.36188334226608276,0.0001975671391565539
398,0.5030865669250488,0.4683479964733124,0.3473854660987854,0.00019754247929410995
399,0.5084322094917297,0.473105251789093,0.3532695770263672,0.00019751769663758665
400,0.5245429873466492,0.4880818724632263,0.36461108922958374,0.00019749279121818235
401,0.5562204718589783,0.5176253914833069,0.38595056533813477,0.00019746776306724998
402,0.5451765060424805,0.5070961117744446,0.3808041214942932,0.0001974426122162969
403,0.5239046216011047,0.4873467981815338,0.3655782639980316,0.00019741733869698495
404,0.565558910369873,0.5256897211074829,0.39869171380996704,0.0001973919425411304
405,0.5413919687271118,0.5036340951919556,0.3775787353515625,0.00019736642378070392
406,0.5018827319145203,0.46744346618652344,0.34439271688461304,0.00019734078244783054
407,0.5194894075393677,0.4829849898815155,0.36504435539245605,0.00019731501857478954
408,0.5377707481384277,0.5002676844596863,0.3750307261943817,0.0001972891321940145
409,0.5335142612457275,0.49556899070739746,0.3794528841972351,0.00019726312333809322
410,0.5255539417266846,0.48917755484580994,0.36376380920410156,0.00019723699203976766
411,0.5147794485092163,0.4784778952598572,0.36301538348197937,0.00019721073833193397
412,0.5299269556999207,0.4933159351348877,0.36611026525497437,0.00019718436224764233
413,0.5165411233901978,0.4808962643146515,0.3564487397670746,0.00019715786382009705
414,0.5339441895484924,0.49612343311309814,0.37820732593536377,0.00019713124308265635
415,0.5333171486854553,0.4954030215740204,0.3791411519050598,0.00019710450006883256
416,0.540134847164154,0.5033145546913147,0.368202805519104,0.00019707763481229183
417,0.5248483419418335,0.48829811811447144,0.3655020594596863,0.00019705064734685425
418,0.5442723035812378,0.5064299702644348,0.37842318415641785,0.00019702353770649378
419,0.5276432037353516,0.4904845654964447,0.37158650159835815,0.00019699630592533808
420,0.5248156785964966,0.4880297780036926,0.36785900592803955,0.0001969689520376687
421,0.5403288006782532,0.5033013820648193,0.3702741861343384,0.00019694147607792083
422,0.5085498094558716,0.47246259450912476,0.36087191104888916,0.0001969138780806833
423,0.5401069521903992,0.5028476715087891,0.3725927174091339,0.00019688615808069872
424,0.5549419522285461,0.516192615032196,0.38749346137046814,0.0001968583161128631
425,0.5299847722053528,0.49291351437568665,0.3707128167152405,0.00019683035221222618
426,0.5444152355194092,0.5058543682098389,0.3856089115142822,0.00019680226641399096
427,0.5339871048927307,0.49699586629867554,0.36991241574287415,0.00019677405875351414
428,0.5442665815353394,0.506680428981781,0.37586134672164917,0.00019674572926630567
429,0.5291265249252319,0.4920751452445984,0.3705140948295593,0.00019671727798802895
430,0.5423064827919006,0.5046741962432861,0.3763228952884674,0.00019668870495450066
431,0.5630121827125549,0.5240303874015808,0.38981789350509644,0.00019666001020169073
432,0.5511583685874939,0.512999951839447,0.3815840184688568,0.00019663119376572242
433,0.5208812952041626,0.48447513580322266,0.36406177282333374,0.00019660225568287202
434,0.5252875089645386,0.48845618963241577,0.368313193321228,0.00019657319598956913
435,0.5023980736732483,0.46790599822998047,0.3449206054210663,0.0001965440147223963
436,0.5388076901435852,0.5015931725502014,0.37214523553848267,0.00019651471191808924
437,0.5254842638969421,0.48819515109062195,0.3728911876678467,0.00019648528761353652
438,0.5326007008552551,0.4954061806201935,0.37194517254829407,0.00019645574184577982
439,0.5050085783004761,0.46946632862091064,0.3554226756095886,0.00019642607465201364
440,0.5225878953933716,0.4863329827785492,0.3625490069389343,0.00019639628606958533
441,0.5406368374824524,0.5022050142288208,0.3843185007572174,0.0001963663761359951
442,0.562717080116272,0.5233332514762878,0.3938382565975189,0.00019633634488889595
443,0.523589015007019,0.48743459582328796,0.36154407262802124,0.0001963061923660935
444,0.5224442481994629,0.48590853810310364,0.36535683274269104,0.0001962759186055461
445,0.5434466600418091,0.5054691433906555,0.37977516651153564,0.00019624552364536473
446,0.513919472694397,0.4781990945339203,0.3572036027908325,0.00019621500752381294
447,0.5150653123855591,0.47907108068466187,0.35994213819503784,0.00019618437027930683
448,0.5168379545211792,0.48108145594596863,0.35756510496139526,0.00019615361195041492
449,0.5161138772964478,0.4807054102420807,0.35408493876457214,0.00019612273257585815
450,0.5201732516288757,0.48387229442596436,0.3630097806453705,0.00019609173219450998
451,0.5324211120605469,0.495336651802063,0.3708447515964508,0.000196060610845396
452,0.5244991779327393,0.4878876209259033,0.36611536145210266,0.0001960293685676943
453,0.5098854303359985,0.4745493233203888,0.3533613383769989,0.00019599800540073505
454,0.5414971709251404,0.5026518702507019,0.38845276832580566,0.00019596652138400064
455,0.5186178088188171,0.48248544335365295,0.36132392287254333,0.0001959349165571256
456,0.5133827924728394,0.47780993580818176,0.3557283282279968,0.0001959031909598966
457,0.5263990163803101,0.48906150460243225,0.37337541580200195,0.0001958713446322522
458,0.528691291809082,0.49186971783638,0.368215948343277,0.00019583937761428314
459,0.5530288219451904,0.51377272605896,0.3925609588623047,0.00019580728994623195
460,0.5037872791290283,0.46851885318756104,0.35268449783325195,0.00019577508166849304
461,0.5423018932342529,0.5043513178825378,0.3795056641101837,0.00019574275282161283
462,0.5078058242797852,0.4723765552043915,0.35429245233535767,0.00019571030344628926
463,0.5192426443099976,0.48350846767425537,0.357341468334198,0.00019567773358337222
464,0.5381092429161072,0.500167191028595,0.379420667886734,0.00019564504327386316
465,0.5278288125991821,0.49095261096954346,0.36876192688941956,0.0001956122325589152
466,0.5498653650283813,0.5116130113601685,0.3825233280658722,0.00019557930147983302
467,0.5320995450019836,0.4952985644340515,0.3680098354816437,0.00019554625007807283
468,0.5234973430633545,0.48755139112472534,0.35945963859558105,0.0001955130783952423
469,0.5409680604934692,0.5033222436904907,0.3764581084251404,0.00019547978647310057
470,0.5407511591911316,0.5035634636878967,0.3718768060207367,0.00019544637435355808
471,0.5072762966156006,0.47205907106399536,0.3521725535392761,0.00019541284207867662
472,0.5383056998252869,0.5006071925163269,0.3769848942756653,0.0001953791896906692
473,0.5300022959709167,0.4932905435562134,0.367117315530777,0.0001953454172319001
474,0.4963373839855194,0.46242356300354004,0.3391382098197937,0.00019531152474488477
475,0.5555355548858643,0.5172516703605652,0.3828388452529907,0.00019527751227228963
476,0.5035037994384766,0.4686838984489441,0.34819892048835754,0.0001952433798569323
477,0.5263553857803345,0.4897609353065491,0.36594435572624207,0.00019520912754178123
478,0.5070642232894897,0.4724685847759247,0.3459564745426178,0.00019517475536995604
479,0.4878353178501129,0.45450565218925476,0.3332967162132263,0.000195140263384727
480,0.5029178261756897,0.46752938628196716,0.35388463735580444,0.00019510565162951537
481,0.5320545434951782,0.49498528242111206,0.3706928491592407,0.0001950709201478931
482,0.5205000042915344,0.4842860996723175,0.3621389865875244,0.00019503606898358284
483,0.5401036143302917,0.5025395750999451,0.37564021348953247,0.00019500109818045805
484,0.4980756938457489,0.46368876099586487,0.34386926889419556,0.00019496600778254263
485,0.5399365425109863,0.5024399161338806,0.3749662935733795,0.00019493079783401113
486,0.5387510061264038,0.5014282464981079,0.37322747707366943,0.0001948954683791886
487,0.5274828672409058,0.4908560514450073,0.3662683665752411,0.00019486001946255046
488,0.5188157558441162,0.48335137963294983,0.3546437919139862,0.00019482445112872264
489,0.5182347297668457,0.48234251141548157,0.35892239212989807,0.00019478876342248128
490,0.5129200220108032,0.4771384298801422,0.3578159213066101,0.0001947529563887529
491,0.5083486437797546,0.4726979434490204,0.35650691390037537,0.00019471703007261412
492,0.5026175379753113,0.467344731092453,0.3527282774448395,0.00019468098451929183
493,0.5216343998908997,0.4854956865310669,0.3613869547843933,0.00019464481977416297
494,0.5170278549194336,0.4815696179866791,0.3545824885368347,0.00019460853588275454
495,0.5154756903648376,0.47960445284843445,0.35871225595474243,0.00019457213289074355
496,0.49646034836769104,0.4618843197822571,0.34576040506362915,0.00019453561084395687
497,0.5221396088600159,0.48583677411079407,0.3630286157131195,0.00019449896978837141
498,0.5303162932395935,0.49336889386177063,0.36947396397590637,0.0001944622097701137
499,0.5194141268730164,0.4829811751842499,0.36432942748069763,0.00019442533083546012
500,0.502390444278717,0.46736764907836914,0.35022813081741333,0.00019438833303083678
501,0.5188045501708984,0.48291468620300293,0.35889843106269836,0.00019435121640281938
502,0.5075141191482544,0.47199711203575134,0.3551698327064514,0.00019431398099813323
503,0.5250645279884338,0.48885396122932434,0.36210575699806213,0.00019427662686365314
504,0.5249026417732239,0.48869451880455017,0.36208099126815796,0.0001942391540464035
505,0.5155519247055054,0.4797634184360504,0.35788479447364807,0.00019420156259355791
506,0.5423734784126282,0.5045856237411499,0.37787866592407227,0.00019416385255243944
507,0.5174975991249084,0.481838583946228,0.35659000277519226,0.00019412602397052048
508,0.5589979290962219,0.5202389359474182,0.3875899016857147,0.00019408807689542257
509,0.53415447473526,0.4969882369041443,0.3716622292995453,0.00019405001137491642
510,0.5297676920890808,0.49227240681648254,0.3749527931213379,0.0001940118274569219
511,0.551737904548645,0.5129750967025757,0.38762837648391724,0.00019397352518950794
512,0.5375341176986694,0.500544548034668,0.3698955476284027,0.00019393510462089236
513,0.4913727045059204,0.4566050171852112,0.3476767838001251,0.000193896565799442
514,0.5234946608543396,0.48670628666877747,0.3678838014602661,0.00019385790877367255
515,0.5208698511123657,0.4849510192871094,0.35918861627578735,0.00019381913359224842
516,0.5385482311248779,0.5004516243934631,0.3809662461280823,0.0001937802403039829
517,0.49933862686157227,0.4645479917526245,0.34790629148483276,0.0001937412289578379
518,0.5460986495018005,0.5077038407325745,0.38394835591316223,0.00019370209960292386
519,0.5324845314025879,0.4958852231502533,0.36599332094192505,0.00019366285228849996
520,0.4906497001647949,0.45639359951019287,0.3425610363483429,0.00019362348706397373
521,0.5290009379386902,0.49238336086273193,0.3661755621433258,0.0001935840039789012
522,0.5407151579856873,0.5034476518630981,0.3726748526096344,0.00019354440308298672
523,0.5334683060646057,0.4962557554244995,0.3721252381801605,0.00019350468442608305
524,0.5130633115768433,0.4781743586063385,0.3488895297050476,0.0001934648480581911
525,0.5129075050354004,0.4777832627296448,0.3512421250343323,0.00019342489402945998
526,0.506801426410675,0.47245219349861145,0.343492329120636,0.000193384822390187
527,0.5100409388542175,0.4747769236564636,0.35263994336128235,0.00019334463319081735
528,0.5516420602798462,0.5134857892990112,0.3815627098083496,0.00019330432648194444
529,0.536026120185852,0.4988822638988495,0.3714384138584137,0.00019326390231430942
530,0.5056313872337341,0.47057658433914185,0.35054782032966614,0.00019322336073880142
531,0.5268632769584656,0.49051475524902344,0.36348503828048706,0.00019318270180645737
532,0.5154796838760376,0.47933825850486755,0.3614144027233124,0.00019314192556846185
533,0.5236822366714478,0.487138032913208,0.3654420077800751,0.00019310103207614718
534,0.5119659900665283,0.4757235646247864,0.3624242842197418,0.00019306002138099327
535,0.5137351751327515,0.4777330756187439,0.3600209057331085,0.00019301889353462762
536,0.5489892959594727,0.5103625059127808,0.38626816868782043,0.00019297764858882514
537,0.5375315546989441,0.5000430941581726,0.3748847544193268,0.0001929362865955082
538,0.5550712943077087,0.5161986947059631,0.3887260854244232,0.0001928948076067465
539,0.48351389169692993,0.44976070523262024,0.3375317454338074,0.00019285321167475698
540,0.5124893188476562,0.4771822690963745,0.3530704081058502,0.0001928114988519039
541,0.5149577856063843,0.47987064719200134,0.3508714735507965,0.00019276966919069862
542,0.5283159613609314,0.49206334352493286,0.3625262379646301,0.0001927277227437995
543,0.554854154586792,0.517089307308197,0.37764862179756165,0.00019268565956401208
544,0.49756354093551636,0.4636611044406891,0.33902451395988464,0.00019264347970428876
545,0.5271273255348206,0.4900458753108978,0.3708142340183258,0.0001926011832177288
546,0.5021539330482483,0.4668552875518799,0.35298654437065125,0.00019255877015757835
547,0.5223206281661987,0.4865245223045349,0.35796093940734863,0.00019251624057723023
548,0.5167660117149353,0.48099014163017273,0.35775870084762573,0.00019247359453022407
549,0.5246402621269226,0.4887827932834625,0.35857492685317993,0.00019243083207024598
550,0.518830418586731,0.48280036449432373,0.3603004813194275,0.0001923879532511287
551,0.5228890776634216,0.48663315176963806,0.3625595271587372,0.0001923449581268514
552,0.5073456764221191,0.4716903567314148,0.3565528988838196,0.00019230184675153976
553,0.5385828018188477,0.501491129398346,0.3709167540073395,0.00019225861917946565
554,0.5124415755271912,0.477346807718277,0.3509475290775299,0.0001922152754650474
555,0.5237048864364624,0.48794302344322205,0.35761868953704834,0.0001921718156628494
556,0.5096052885055542,0.47462165355682373,0.34983623027801514,0.00019212823982758226
557,0.511936366558075,0.4765390157699585,0.3539736866950989,0.00019208454801410266
558,0.49858832359313965,0.46452054381370544,0.3406778573989868,0.0001920407402774132
559,0.5017267465591431,0.4677407443523407,0.3398600220680237,0.00019199681667266252
560,0.5168775916099548,0.48069366812705994,0.3618392050266266,0.0001919527772551451
561,0.4975743889808655,0.46295982599258423,0.3461456298828125,0.0001919086220803011
562,0.5534253716468811,0.5153184533119202,0.381069153547287,0.0001918643512037166
563,0.517379641532898,0.4816150367259979,0.35764625668525696,0.00019181996468112323
564,0.594609260559082,0.5536611080169678,0.40948134660720825,0.00019177546256839812
565,0.49296897649765015,0.4588567316532135,0.3411223292350769,0.00019173084492156407
566,0.5085354447364807,0.47303614020347595,0.3549928069114685,0.00019168611179678924
567,0.5196478366851807,0.48372289538383484,0.3592495322227478,0.00019164126325038714
568,0.5365293025970459,0.4996887445449829,0.3684055209159851,0.00019159629933881666
569,0.5115516185760498,0.47644758224487305,0.35104018449783325,0.00019155122011868186
570,0.5035428404808044,0.4689824879169464,0.34560349583625793,0.00019150602564673198
571,0.48910632729530334,0.4553201198577881,0.3378619849681854,0.00019146071597986138
572,0.5082417130470276,0.4733628034591675,0.3487890362739563,0.00019141529117510932
573,0.49304258823394775,0.45915737748146057,0.3388521075248718,0.00019136975128966017
574,0.5006231069564819,0.465997576713562,0.3462553322315216,0.00019132409638084304
575,0.47891339659690857,0.44649454951286316,0.32418859004974365,0.00019127832650613189
576,0.5270203351974487,0.4914674758911133,0.35552841424942017,0.00019123244172314545
577,0.5027474164962769,0.46825993061065674,0.3448750078678131,0.00019118644208964702
578,0.5026397109031677,0.46741458773612976,0.35225099325180054,0.00019114032766354453
579,0.4946092665195465,0.4604472219944,0.34162038564682007,0.00019109409850289044
580,0.5755478143692017,0.5355097651481628,0.4003806412220001,0.00019104775466588161
581,0.5167105793952942,0.48091375827789307,0.3579680919647217,0.00019100129621085925
582,0.5284335017204285,0.49170050024986267,0.36733004450798035,0.00019095472319630892
583,0.534780740737915,0.49808573722839355,0.36695006489753723,0.00019090803568086036
584,0.5386973023414612,0.501743495464325,0.36953794956207275,0.00019086123372328746
585,0.5133398771286011,0.478124737739563,0.35215139389038086,0.00019081431738250814
586,0.5184020400047302,0.4835064113140106,0.34895607829093933,0.00019076728671758438
587,0.5323891043663025,0.4952576160430908,0.37131473422050476,0.00019072014178772202
588,0.5478745698928833,0.5102255940437317,0.3764899969100952,0.00019067288265227082
589,0.5450819730758667,0.5079736113548279,0.3710835576057434,0.00019062550937072424
590,0.5490337610244751,0.5117840766906738,0.3724968135356903,0.00019057802200271942
591,0.5417108535766602,0.5040473937988281,0.37663471698760986,0.0001905304206080372
592,0.5330962538719177,0.4956337511539459,0.374625027179718,0.00019048270524660196
593,0.5179044008255005,0.48221054673194885,0.3569387197494507,0.0001904348759784815
594,0.5246943235397339,0.4881213903427124,0.36572936177253723,0.00019038693286388698
595,0.5284386873245239,0.4917866885662079,0.3665202856063843,0.00019033887596317298
596,0.5124975442886353,0.47744253277778625,0.35055023431777954,0.00019029070533683725
597,0.5293775200843811,0.4921342432498932,0.37243279814720154,0.00019024242104552074
598,0.5010690093040466,0.4669339656829834,0.3413505256175995,0.00019019402315000752
599,0.4956793487071991,0.46158647537231445,0.34092870354652405,0.00019014551171122457
600,0.5118160247802734,0.47717994451522827,0.3463609516620636,0.0001900968867902419
601,0.4803810715675354,0.4474293291568756,0.32951754331588745,0.0001900481484482724
602,0.5537610054016113,0.5156694650650024,0.380915105342865,0.0001899992967466716
603,0.5211948156356812,0.4855070114135742,0.3568780720233917,0.0001899503317469379
604,0.49087801575660706,0.45684105157852173,0.34036967158317566,0.00018990125351071226
605,0.4832080006599426,0.44953957200050354,0.3366841971874237,0.00018985206209977813
606,0.5216322541236877,0.48525890707969666,0.36373355984687805,0.00018980275757606157
607,0.524560272693634,0.4881056249141693,0.3645465672016144,0.00018975334000163093
608,0.5327087044715881,0.49612662196159363,0.3658210337162018,0.00018970380943869687
609,0.4880988597869873,0.4539496600627899,0.34149205684661865,0.00018965416594961238
610,0.534447431564331,0.49725446105003357,0.3719295263290405,0.00018960440959687254
611,0.5538249015808105,0.5158705711364746,0.3795435428619385,0.0001895545404431145
612,0.5346920490264893,0.4976843595504761,0.37007710337638855,0.00018950455855111745
613,0.5522581338882446,0.5134460926055908,0.38812023401260376,0.0001894544639838025
614,0.5295873284339905,0.4934602379798889,0.36127108335494995,0.00018940425680423264
615,0.47955769300460815,0.4468126595020294,0.3274502754211426,0.00018935393707561251
616,0.559708833694458,0.5205152034759521,0.3919362723827362,0.00018930350486128856
617,0.5298784971237183,0.4933773875236511,0.3650110363960266,0.00018925296022474878
618,0.5214275121688843,0.48526430130004883,0.36163216829299927,0.00018920230322962264
619,0.524911105632782,0.4884417653083801,0.36469343304634094,0.0001891515339396812
620,0.5505231022834778,0.5127962827682495,0.3772684335708618,0.0001891006524188368
621,0.5201011896133423,0.4847804307937622,0.35320767760276794,0.000189049658731143
622,0.49060311913490295,0.4560989737510681,0.34504151344299316,0.00018899855294079472
623,0.5255525708198547,0.4894259572029114,0.36126604676246643,0.00018894733511212782
624,0.48904481530189514,0.45500823855400085,0.34036582708358765,0.00018889600530961934
625,0.5093368887901306,0.4734637439250946,0.35873135924339294,0.00018884456359788724
626,0.503635585308075,0.46868303418159485,0.3495253920555115,0.00018879301004169036
627,0.4958001375198364,0.46205657720565796,0.33743545413017273,0.00018874134470592835
628,0.49496960639953613,0.46040552854537964,0.3456406891345978,0.0001886895676556415
629,0.5289508700370789,0.49232742190361023,0.36623451113700867,0.00018863767895601087
630,0.4917418956756592,0.4574323296546936,0.34309566020965576,0.000188585678672358
631,0.5102320313453674,0.4752526581287384,0.34979385137557983,0.00018853356687014485
632,0.5611751079559326,0.5223119258880615,0.3886319696903229,0.00018848134361497385
633,0.5151712894439697,0.47989144921302795,0.3527987003326416,0.0001884290089725877
634,0.5317200422286987,0.49545225501060486,0.36267799139022827,0.00018837656300886937
635,0.5180897116661072,0.48190537095069885,0.3618433475494385,0.00018832400578984183
636,0.50285404920578,0.46797534823417664,0.34878677129745483,0.0001882713373816683
637,0.5564785003662109,0.5185402631759644,0.37938234210014343,0.00018821855785065185
638,0.5163800120353699,0.480499804019928,0.3588022291660309,0.00018816566726323548
639,0.5064006447792053,0.4715443253517151,0.3485632538795471,0.00018811266568600194
640,0.513755202293396,0.47809234261512756,0.35662877559661865,0.0001880595531856738
641,0.4995593726634979,0.46493425965309143,0.3462511897087097,0.00018800632982911322
642,0.5322929620742798,0.49584734439849854,0.36445629596710205,0.00018795299568332184
643,0.5074408054351807,0.47184136509895325,0.35599440336227417,0.00018789955081544092
644,0.520484447479248,0.48401281237602234,0.3647163212299347,0.000187845995292751
645,0.5152813196182251,0.4795653223991394,0.35715994238853455,0.00018779232918267195
646,0.5132832527160645,0.47788089513778687,0.3540233075618744,0.00018773855255276283
647,0.5373082160949707,0.5006962418556213,0.366119921207428,0.00018768466547072188
648,0.5266466736793518,0.49030613899230957,0.3634052872657776,0.00018763066800438636
649,0.5061668753623962,0.47162190079689026,0.34544992446899414,0.00018757656022173248
650,0.5012536644935608,0.46671348810195923,0.34540167450904846,0.00018752234219087538
651,0.51312255859375,0.47792282700538635,0.3519975244998932,0.0001874680139800689
652,0.5039342641830444,0.468982994556427,0.3495129644870758,0.0001874135756577056
653,0.5362377166748047,0.49970299005508423,0.3653470277786255,0.00018735902729231677
654,0.5205618739128113,0.48416274785995483,0.3639914393424988,0.00018730436895257206
655,0.4857896566390991,0.45200711488723755,0.3378255069255829,0.00018724960070727972
656,0.5310662984848022,0.49394166469573975,0.3712462782859802,0.00018719472262538624
657,0.4906065762042999,0.4575279653072357,0.33078622817993164,0.00018713973477597646
658,0.48195958137512207,0.44921502470970154,0.3274455666542053,0.00018708463722827336
659,0.5285684466362,0.4919603765010834,0.36608073115348816,0.00018702943005163803
660,0.47668519616127014,0.44427505135536194,0.32410135865211487,0.00018697411331556956
661,0.5413984656333923,0.5042077302932739,0.37190762162208557,0.00018691868708970496
662,0.5171464681625366,0.481472373008728,0.35674071311950684,0.00018686315144381913
663,0.4990701675415039,0.46409863233566284,0.3497155010700226,0.00018680750644782467
664,0.5418238043785095,0.5046204328536987,0.37203365564346313,0.00018675175217177175
665,0.5624526739120483,0.523625910282135,0.3882676362991333,0.0001866958886858483
666,0.5254185795783997,0.48899418115615845,0.36424383521080017,0.0001866399160603796
667,0.5204002857208252,0.48374053835868835,0.3665974736213684,0.0001865838343658284
668,0.4911678731441498,0.45674794912338257,0.3441992998123169,0.00018652764367279461
669,0.5279895663261414,0.4919572174549103,0.3603232204914093,0.0001864713440520155
670,0.5002192258834839,0.4659883379936218,0.3423091471195221,0.0001864149355743655
671,0.4967697560787201,0.46264782547950745,0.341219425201416,0.00018635841831085586
672,0.5317433476448059,0.4952192008495331,0.36524173617362976,0.00018630179233263504
673,0.5063184499740601,0.4714493453502655,0.34869131445884705,0.00018624505771098817
674,0.5417187809944153,0.5047227740287781,0.36996015906333923,0.00018618821451733724
675,0.5214040279388428,0.485534131526947,0.35869917273521423,0.00018613126282324092
676,0.5001886487007141,0.46596473455429077,0.3422388732433319,0.0001860742027003944
677,0.5036651492118835,0.46942949295043945,0.3423563838005066,0.0001860170342206294
678,0.5379940271377563,0.5011621117591858,0.36831945180892944,0.0001859597574559141
679,0.49808940291404724,0.46413344144821167,0.33955955505371094,0.00018590237247835293
680,0.5460436940193176,0.5083322525024414,0.37711450457572937,0.00018584487936018661
681,0.500220537185669,0.4654768109321594,0.3474375009536743,0.00018578727817379195
682,0.5136247277259827,0.4787200391292572,0.349046915769577,0.0001857295689916818
683,0.5099319219589233,0.4749286472797394,0.3500330448150635,0.00018567175188650498
684,0.4949987232685089,0.461395800113678,0.33602920174598694,0.00018561382693104615
685,0.5013514757156372,0.46731922030448914,0.34032249450683594,0.00018555579419822583
686,0.5407013893127441,0.5032488703727722,0.3745250105857849,0.0001854976537611001
687,0.51837557554245,0.48266175389289856,0.3571382761001587,0.00018543940569286065
688,0.5092183351516724,0.4745970666408539,0.3462129831314087,0.00018538105006683472
689,0.5077478885650635,0.47312429547309875,0.346235990524292,0.00018532258695648496
690,0.49765628576278687,0.4632716476917267,0.34384629130363464,0.00018526401643540922
691,0.5180807113647461,0.48272642493247986,0.3535428047180176,0.0001852053385773407
692,0.5299244523048401,0.49261316657066345,0.3731127679347992,0.00018514655345614763
693,0.5576658248901367,0.5194360017776489,0.3822984993457794,0.00018508766114583332
694,0.4984434247016907,0.4642176330089569,0.3422580361366272,0.00018502866172053598
695,0.5048301219940186,0.46960559487342834,0.3522452712059021,0.00018496955525452874
696,0.5162168145179749,0.4802676737308502,0.3594914674758911,0.0001849103418222194
697,0.5294064283370972,0.4935401976108551,0.3586622476577759,0.00018485102149815038
698,0.5110809206962585,0.47581350803375244,0.35267385840415955,0.00018479159435699883
699,0.4965308904647827,0.4625205099582672,0.3401036858558655,0.00018473206047357619
700,0.5192713737487793,0.4836661219596863,0.3560524880886078,0.00018467241992282843
701,0.5241726636886597,0.48819291591644287,0.35979774594306946,0.00018461267277983568
702,0.5363855957984924,0.4989686906337738,0.37416887283325195,0.0001845528191198123
703,0.5740396976470947,0.5342744588851929,0.3976523280143738,0.00018449285901810675
704,0.521007776260376,0.4847289025783539,0.3627886474132538,0.00018443279255020152
705,0.4981163740158081,0.46376779675483704,0.34348592162132263,0.0001843726197917129
706,0.5206313729286194,0.4852762818336487,0.35355067253112793,0.0001843123408183911
707,0.5394360423088074,0.501832902431488,0.3760312497615814,0.00018425195570611998
708,0.5049005150794983,0.47074323892593384,0.3415728807449341,0.00018419146453091701
709,0.5184972882270813,0.4831675887107849,0.35329726338386536,0.0001841308673689332
710,0.49636441469192505,0.4617249071598053,0.3463950753211975,0.00018407016429645303
711,0.5297352075576782,0.4932326376438141,0.3650258481502533,0.0001840093553898942
712,0.5127971768379211,0.4771941602230072,0.35603004693984985,0.00018394844072580773
713,0.5067447423934937,0.4720728397369385,0.34671881794929504,0.00018388742038087777
714,0.497270405292511,0.4630119502544403,0.3425845205783844,0.00018382629443192144
715,0.5249945521354675,0.4884374439716339,0.36557111144065857,0.00018376506295588886
716,0.5144223570823669,0.4792892336845398,0.35133111476898193,0.00018370372602986303
717,0.5072526335716248,0.4728713929653168,0.343812495470047,0.00018364228373105964
718,0.5075154304504395,0.4730226397514343,0.34492769837379456,0.00018358073613682706
719,0.5524231195449829,0.5145156383514404,0.3790747821331024,0.0001835190833246461
720,0.533172070980072,0.49607789516448975,0.37094175815582275,0.00018345732537213027
721,0.5160183906555176,0.48063182830810547,0.3538658320903778,0.00018339546235702524
722,0.5104497671127319,0.4749267101287842,0.35523074865341187,0.00018333349435720894
723,0.4973456561565399,0.4633949100971222,0.3395073413848877,0.0001832714214506916
724,0.5123095512390137,0.47742053866386414,0.34889039397239685,0.0001832092437156154
725,0.5020331740379333,0.467614084482193,0.34419071674346924,0.00018314696123025454
726,0.5251302123069763,0.48963433504104614,0.35495850443840027,0.00018308457407301503
727,0.5063579082489014,0.47102081775665283,0.3533706068992615,0.00018302208232243473
728,0.5164272785186768,0.48059603571891785,0.3583124876022339,0.00018295948605718314
729,0.5055831670761108,0.4710027575492859,0.345804363489151,0.00018289678535606126
730,0.5044863224029541,0.4700438380241394,0.3444249927997589,0.00018283398029800166
731,0.5135366916656494,0.4778333902359009,0.3570327162742615,0.00018277107096206826
732,0.5407827496528625,0.5038792490959167,0.36903509497642517,0.00018270805742745617
733,0.5258715152740479,0.48997974395751953,0.3589180111885071,0.00018264493977349184
734,0.5034000873565674,0.4679534435272217,0.3544665277004242,0.0001825817180796326
735,0.5285599827766418,0.4921747148036957,0.36385291814804077,0.00018251839242546696
736,0.5256288051605225,0.48980632424354553,0.35822492837905884,0.0001824549628907141
737,0.5537887811660767,0.5163187384605408,0.3747006058692932,0.00018239142955522406
738,0.4962438941001892,0.46251824498176575,0.337256520986557,0.0001823277924989776
739,0.5432299375534058,0.5058078765869141,0.37422052025794983,0.000182264051802086
740,0.5213861465454102,0.4852955639362335,0.36090579628944397,0.00018220020754479102
741,0.5085848569869995,0.4733326733112335,0.35252177715301514,0.00018213625980746475
742,0.5312435626983643,0.49465322494506836,0.3659036159515381,0.00018207220867060966
743,0.5154326558113098,0.4800085425376892,0.35424113273620605,0.00018200805421485824
744,0.5339111685752869,0.4976034164428711,0.3630772829055786,0.0001819437965209732
745,0.5221906900405884,0.48650118708610535,0.3568952679634094,0.0001818794356698471
746,0.5297009348869324,0.4937059283256531,0.3599501848220825,0.00018181497174250236
747,0.5164363980293274,0.48149925470352173,0.3493713140487671,0.0001817504048200912
748,0.49680235981941223,0.4628114402294159,0.3399091958999634,0.00018168573498389564
749,0.5037071704864502,0.46878528594970703,0.3492191433906555,0.00018162096231532694
750,0.5220397710800171,0.4860348105430603,0.36004990339279175,0.00018155608689592604
751,0.5249828100204468,0.48878559470176697,0.3619719445705414,0.0001814911088073632
752,0.5512005090713501,0.513397216796875,0.37803274393081665,0.00018142602813143785
753,0.5028055310249329,0.4680722653865814,0.3473328948020935,0.00018136084495007872
754,0.5402247905731201,0.5031741261482239,0.37050649523735046,0.0001812955593453434
755,0.5364850163459778,0.4997340738773346,0.3675094544887543,0.0001812301713994185
756,0.5070367455482483,0.47247830033302307,0.34558457136154175,0.00018116468119461953
757,0.5079557299613953,0.47344130277633667,0.34514421224594116,0.00018109908881339058
758,0.5106511116027832,0.47570741176605225,0.34943678975105286,0.00018103339433830454
759,0.521171510219574,0.4853658676147461,0.3580562174320221,0.00018096759785206267
760,0.500762939453125,0.4662669003009796,0.34496036171913147,0.00018090169943749476
761,0.49075964093208313,0.45738914608955383,0.33370500802993774,0.00018083569917755885
762,0.514913022518158,0.4800667464733124,0.3484629988670349,0.00018076959715534124
763,0.5348121523857117,0.49824637174606323,0.3656577467918396,0.00018070339345405625
764,0.5082386136054993,0.4735987186431885,0.3463986814022064,0.00018063708815704632
765,0.4995739459991455,0.46479544043540955,0.3477850556373596,0.00018057068134778173
766,0.5672066807746887,0.5281692147254944,0.39037463068962097,0.00018050417310986052
767,0.5181397199630737,0.4826996624469757,0.3544003367424011,0.00018043756352700846
768,0.5183672904968262,0.483041912317276,0.35325387120246887,0.00018037085268307889
769,0.5099794268608093,0.4749310314655304,0.3504842221736908,0.0001803040406620526
770,0.5141311883926392,0.47857657074928284,0.3555460572242737,0.0001802371275480378
771,0.4935322701931,0.45979148149490356,0.33740800619125366,0.0001801701134252699
772,0.5170543789863586,0.4814911186695099,0.3556325137615204,0.0001801029983781116
773,0.5129317045211792,0.4778127074241638,0.3511897027492523,0.00018003578249105244
774,0.5295841693878174,0.4932323098182678,0.3635188341140747,0.00017996846584870908
775,0.5226539969444275,0.48633986711502075,0.36314138770103455,0.00017990104853582493
776,0.48063182830810547,0.4483112692832947,0.32320547103881836,0.00017983353063727016
777,0.48999351263046265,0.4566307067871094,0.33362817764282227,0.00017976591223804161
778,0.5219063758850098,0.4857645332813263,0.36141833662986755,0.00017969819342326254
779,0.5687376856803894,0.5296200513839722,0.3911762833595276,0.00017963037427818268
780,0.4940679371356964,0.46054911613464355,0.335188090801239,0.00017956245488817812
781,0.5329480171203613,0.4965774416923523,0.3637060225009918,0.000179494435338751
782,0.515332818031311,0.48032739758491516,0.3500540256500244,0.00017942631571552973
783,0.5135038495063782,0.4782785475254059,0.3522530794143677,0.0001793580961042685
784,0.5096038579940796,0.47503671050071716,0.34567129611968994,0.00017928977659084755
785,0.5039747357368469,0.46942996978759766,0.3454474210739136,0.00017922135726127275
786,0.49114736914634705,0.4578915238380432,0.3325585424900055,0.00017915283820167573
787,0.5136480927467346,0.4787423014640808,0.34905776381492615,0.00017908421949831366
788,0.5216600298881531,0.4858267605304718,0.35833290219306946,0.00017901550123756906
789,0.5443205237388611,0.5072485208511353,0.37071990966796875,0.00017894668350594981
790,0.5063386559486389,0.47205281257629395,0.34285834431648254,0.00017887776639008914
791,0.5229068994522095,0.48716044425964355,0.3574642837047577,0.00017880874997674515
792,0.49256378412246704,0.4579991400241852,0.34564656019210815,0.00017873963435280121
793,0.4650970995426178,0.43356361985206604,0.3153347074985504,0.00017867041960526535
794,0.5216082334518433,0.48579859733581543,0.3580964505672455,0.0001786011058212706
795,0.5081737041473389,0.472659170627594,0.35514557361602783,0.00017853169308807448
796,0.5005438923835754,0.4662272036075592,0.3431670665740967,0.0001784621814930592
797,0.4715725779533386,0.4389670193195343,0.326055645942688,0.00017839257112373132
798,0.5241225361824036,0.4879486560821533,0.3617385923862457,0.00017832286206772186
799,0.5072441697120667,0.47274190187454224,0.34502285718917847,0.00017825305441278598
800,0.5284538269042969,0.49218857288360596,0.3626524806022644,0.000178183148246803
801,0.5232232213020325,0.48748940229415894,0.35733819007873535,0.00017811314365777625
802,0.5275407433509827,0.4912814199924469,0.3625931143760681,0.000178043040733833
803,0.5142103433609009,0.478859007358551,0.3535136580467224,0.0001779728395632242
804,0.5293480157852173,0.4929969310760498,0.3635111153125763,0.00017790254023432466
805,0.4928871989250183,0.45913344621658325,0.33753764629364014,0.00017783214283563262
806,0.5576460957527161,0.5189341306686401,0.3871196508407593,0.00017776164745576976
807,0.48167744278907776,0.44887420535087585,0.3280322551727295,0.00017769105418348122
808,0.5367515683174133,0.5000138282775879,0.3673774003982544,0.00017762036310763532
809,0.5150624513626099,0.47995564341545105,0.351068377494812,0.00017754957431722346
810,0.5230615735054016,0.48740771412849426,0.35653847455978394,0.0001774786879013601
811,0.5256062150001526,0.4895857274532318,0.3602046072483063,0.0001774077039492826
812,0.5458359122276306,0.5081055164337158,0.3773041367530823,0.00017733662255035114
813,0.4859427511692047,0.4526427090167999,0.3330003619194031,0.0001772654437940484
814,0.5142427086830139,0.4790808856487274,0.35161834955215454,0.0001771941677699799
815,0.5248806476593018,0.4884629547595978,0.36417683959007263,0.00017712279456787332
816,0.5290973782539368,0.49345919489860535,0.35638171434402466,0.00017705132427757895
817,0.5185965895652771,0.4825468063354492,0.36049771308898926,0.00017697975698906904
818,0.5312153697013855,0.4953388273715973,0.35876551270484924,0.00017690809279243813
819,0.5172274708747864,0.4817515015602112,0.3547598719596863,0.00017683633177790272
820,0.5187128782272339,0.4832650125026703,0.3544789254665375,0.0001767644740358011
821,0.5094416737556458,0.474542498588562,0.3489918112754822,0.0001766925196565935
822,0.4952513873577118,0.4616093635559082,0.3364202380180359,0.00017662046873086163
823,0.4845797121524811,0.45102444291114807,0.3355526924133301,0.00017654832134930882
824,0.557772159576416,0.5195701122283936,0.38202062249183655,0.00017647607760275987
825,0.48297184705734253,0.4498968720436096,0.3307498097419739,0.00017640373758216077
826,0.540421724319458,0.503481924533844,0.3693978488445282,0.0001763313013785788
827,0.5173710584640503,0.4815880060195923,0.3578307628631592,0.00017625876908320236
828,0.5333347320556641,0.49680095911026,0.3653377294540405,0.00017618614078734069
829,0.48106926679611206,0.44827330112457275,0.3279595375061035,0.00017611341658242395
830,0.5149179697036743,0.479989230632782,0.3492872714996338,0.0001760405965600031
831,0.5050739645957947,0.47110864520072937,0.3396529257297516,0.00017596768081174963
832,0.5129085183143616,0.4780205488204956,0.34887951612472534,0.00017589466942945556
833,0.5102265477180481,0.4756890535354614,0.3453746736049652,0.00017582156250503335
834,0.5247476696968079,0.48869526386260986,0.36052414774894714,0.00017574836013051562
835,0.5180757641792297,0.4826991856098175,0.3537660539150238,0.0001756750623980553
836,0.503841757774353,0.46963486075401306,0.34206917881965637,0.00017560166939992528
837,0.5182971358299255,0.48320332169532776,0.350938081741333,0.00017552818122851838
838,0.5156261324882507,0.4804193377494812,0.35206812620162964,0.0001754545979763472
839,0.5352680683135986,0.4986363351345062,0.3663175404071808,0.00017538091973604418
840,0.49605485796928406,0.46177178621292114,0.34283068776130676,0.00017530714660036112
841,0.5461884140968323,0.5081167817115784,0.3807162642478943,0.00017523327866216944
842,0.49891358613967896,0.464856892824173,0.34056687355041504,0.00017515931601445986
843,0.5275578498840332,0.49145495891571045,0.3610287308692932,0.00017508525875034237
844,0.5857388377189636,0.5451987981796265,0.40540024638175964,0.00017501110696304596
845,0.5443122386932373,0.5069454312324524,0.3736683428287506,0.00017493686074591873
846,0.5001705884933472,0.46572935581207275,0.34441205859184265,0.0001748625201924276
847,0.5035672783851624,0.4695361852645874,0.34031105041503906,0.00017478808539615824
848,0.511646568775177,0.4771772623062134,0.34469327330589294,0.00017471355645081498
849,0.48018234968185425,0.4471999406814575,0.32982414960861206,0.00017463893345022067
850,0.5334096550941467,0.49667543172836304,0.3673420250415802,0.00017456421648831655
851,0.525131344795227,0.4894205629825592,0.357107549905777,0.00017448940565916222
852,0.5282956957817078,0.4921782910823822,0.3611738979816437,0.0001744145010569353
853,0.5156418681144714,0.4799618422985077,0.3568003177642822,0.00017433950277593162
854,0.5451340675354004,0.5080675482749939,0.37066492438316345,0.0001742644109105648
855,0.5470242500305176,0.5097183585166931,0.37305885553359985,0.00017418922555536637
856,0.5333405137062073,0.49674171209335327,0.3659880459308624,0.0001741139468049855
857,0.5170904994010925,0.48190614581108093,0.3518434762954712,0.00017403857475418896
858,0.5571609735488892,0.5194498896598816,0.3771110475063324,0.000173963109497861
859,0.5263049006462097,0.4903833270072937,0.35921555757522583,0.0001738875511310031
860,0.5029597282409668,0.4687853455543518,0.3417438864707947,0.00017381189974873407
861,0.5228576064109802,0.4874010384082794,0.35456565022468567,0.00017373615544628978
862,0.5187801718711853,0.4829787313938141,0.35801464319229126,0.00017366031831902304
863,0.48837175965309143,0.45490509271621704,0.33466657996177673,0.0001735843884624035
864,0.5017120838165283,0.4676291346549988,0.34082934260368347,0.00017350836597201767
865,0.49617999792099,0.4615887701511383,0.34591230750083923,0.00017343225094356855
866,0.5386686325073242,0.5019692778587341,0.36699366569519043,0.0001733560434728757
867,0.5107796788215637,0.47540706396102905,0.35372620820999146,0.00017327974365587495
868,0.5215166807174683,0.48578473925590515,0.3573196232318878,0.00017320335158861855
869,0.47167128324508667,0.4393535852432251,0.32317689061164856,0.0001731268673672747
870,0.5487433075904846,0.5113022327423096,0.374410480260849,0.00017305029108812776
871,0.5240243077278137,0.4885927736759186,0.3543151021003723,0.00017297362284757794
872,0.5268040299415588,0.49062854051589966,0.3617546856403351,0.00017289686274214118
873,0.4992944896221161,0.4648709297180176,0.3442356288433075,0.00017282001086844906
874,0.5183264017105103,0.48288968205451965,0.3543669283390045,0.00017274306732324872
875,0.5443062782287598,0.5071865320205688,0.3711974024772644,0.0001726660322034027
876,0.5641834139823914,0.5261582732200623,0.38025128841400146,0.00017258890560588888
877,0.5250869989395142,0.4894488453865051,0.35638174414634705,0.00017251168762780013
878,0.5179358720779419,0.48271071910858154,0.35225123167037964,0.0001724343783663445
879,0.5283506512641907,0.4918614625930786,0.3648916482925415,0.00017235697791884494
880,0.5183272361755371,0.4829285442829132,0.3539872169494629,0.00017227948638273916
881,0.4786728620529175,0.44609948992729187,0.3257337808609009,0.00017220190385557955
882,0.5235317945480347,0.48780080676078796,0.3573101758956909,0.00017212423043503301
883,0.5299309492111206,0.493894100189209,0.36036840081214905,0.00017204646621888096
884,0.5196247100830078,0.48376619815826416,0.35858482122421265,0.00017196861130501905
885,0.5496821999549866,0.511915385723114,0.37766802310943604,0.00017189066579145705
886,0.5121518969535828,0.477139949798584,0.3501192331314087,0.0001718126297763189
887,0.5157615542411804,0.480739563703537,0.3502199053764343,0.0001717345033578424
888,0.5348807573318481,0.49780645966529846,0.3707430958747864,0.00017165628663437922
889,0.5388723015785217,0.5015339255332947,0.37338390946388245,0.00017157797970439464
890,0.5189446210861206,0.48379069566726685,0.3515394926071167,0.00017149958266646754
891,0.5112756490707397,0.4764520227909088,0.34823644161224365,0.00017142109561929023
892,0.5015062689781189,0.4668459892272949,0.34660276770591736,0.00017134251866166827
893,0.49580737948417664,0.46210864186286926,0.3369874060153961,0.00017126385189252053
894,0.5197492241859436,0.48412826657295227,0.35620954632759094,0.00017118509541087887
895,0.5129496455192566,0.4777549207210541,0.3519473671913147,0.00017110624931588806
896,0.5487912893295288,0.5111871361732483,0.3760416507720947,0.0001710273137068057
897,0.507714569568634,0.47342225909233093,0.3429229259490967,0.00017094828868300215
898,0.49701210856437683,0.46307507157325745,0.3393703103065491,0.0001708691743439602
899,0.53326815366745,0.4969748258590698,0.3629334568977356,0.00017078997078927521
900,0.509733259677887,0.47483423352241516,0.34899047017097473,0.00017071067811865476
901,0.4839755594730377,0.45089370012283325,0.3308185338973999,0.00017063129643191864
902,0.5155313014984131,0.479979008436203,0.35552263259887695,0.00017055182582899873
903,0.4982396960258484,0.4645163416862488,0.3372335731983185,0.00017047226640993883
904,0.5045903325080872,0.46997329592704773,0.3461701571941376,0.0001703926182748945
905,0.5149521231651306,0.48025473952293396,0.3469737768173218,0.00017031288152413306
906,0.4887531101703644,0.4549100697040558,0.33843034505844116,0.00017023305625803333
907,0.49871838092803955,0.4642823040485382,0.3443606495857239,0.0001701531425770856
908,0.4826127886772156,0.4495651125907898,0.3304768204689026,0.0001700731405818914
909,0.5154469013214111,0.4801521599292755,0.3529473543167114,0.00016999305037316352
910,0.5208063721656799,0.4850212633609772,0.3578512668609619,0.00016991287205172573
911,0.5111211538314819,0.47682905197143555,0.3429211676120758,0.0001698326057185128
912,0.5023024678230286,0.4682818055152893,0.3402068614959717,0.00016975225147457026
913,0.5110880732536316,0.47603514790534973,0.35052934288978577,0.00016967180942105423
914,0.5642988085746765,0.5261874198913574,0.38111400604248047,0.00016959127965923142
915,0.5137574672698975,0.4785573482513428,0.3520013988018036,0.0001695106622904791
916,0.533794641494751,0.4969327747821808,0.3686188757419586,0.0001694299574162846
917,0.5198265314102173,0.48374587297439575,0.36080649495124817,0.0001693491651382455
918,0.5246356129646301,0.4890679121017456,0.3556770086288452,0.0001692682855580695
919,0.5365682244300842,0.4997078478336334,0.3686038553714752,0.00016918731877757406
920,0.5187813639640808,0.48274481296539307,0.36036545038223267,0.00016910626489868649
921,0.5024585723876953,0.4682583510875702,0.34200233221054077,0.00016902512402344373
922,0.4973037838935852,0.4633644223213196,0.33939358592033386,0.00016894389625399226
923,0.48372477293014526,0.4506557285785675,0.3306905925273895,0.0001688625816925879
924,0.48781445622444153,0.4546942412853241,0.33120208978652954,0.00016878118044159578
925,0.5160745978355408,0.4808422923088074,0.35232314467430115,0.00016869969260349018
926,0.5423879027366638,0.5050252079963684,0.37362706661224365,0.00016861811828085429
927,0.5506201386451721,0.5129292607307434,0.37690863013267517,0.00016853645757638024
928,0.48140043020248413,0.44875434041023254,0.32646092772483826,0.00016845471059286887
929,0.5184488296508789,0.4827575981616974,0.3569120466709137,0.00016837287743322975
930,0.5364648103713989,0.4998660683631897,0.3659871518611908,0.00016829095820048072
931,0.5178638696670532,0.4827675521373749,0.3509634733200073,0.00016820895299774814
932,0.467197060585022,0.4347662627696991,0.32430800795555115,0.00016812686192826663
933,0.5023629069328308,0.46796971559524536,0.3439319133758545,0.00016804468509537874
934,0.49635204672813416,0.46222585439682007,0.34126201272010803,0.00016796242260253512
935,0.5294614434242249,0.49291497468948364,0.365464448928833,0.0001678800745532942
936,0.5004656314849854,0.46649235486984253,0.3397326171398163,0.0001677976410513221
937,0.5386636257171631,0.5021361112594604,0.36527496576309204,0.00016771512220039255
938,0.5309053063392639,0.4933442771434784,0.3756101131439209,0.00016763251810438678
939,0.5194066166877747,0.48370063304901123,0.35705962777137756,0.00016754982886729318
940,0.5221311450004578,0.48654037714004517,0.355907678604126,0.00016746705459320745
941,0.5087041258811951,0.4735454320907593,0.35158678889274597,0.0001673841953863323
942,0.5270209312438965,0.49149689078330994,0.3552403450012207,0.00016730125135097735
943,0.5352153182029724,0.4985796809196472,0.36635643243789673,0.00016721822259155902
944,0.4968234896659851,0.4632057547569275,0.33617737889289856,0.0001671351092126004
945,0.5047362446784973,0.4697822630405426,0.34953969717025757,0.00016705191131873107
946,0.5270995497703552,0.49097734689712524,0.3612218499183655,0.0001669686290146871
947,0.5252068042755127,0.4893299639225006,0.3587682247161865,0.00016688526240531064
948,0.4854653775691986,0.45241081714630127,0.33054569363594055,0.00016680181159555013
949,0.5151462554931641,0.479634165763855,0.35512104630470276,0.00016671827669045998
950,0.5199203491210938,0.48357537388801575,0.36344969272613525,0.0001666346577952004
951,0.5089077353477478,0.47380706667900085,0.3510068953037262,0.00016655095501503738
952,0.5557667016983032,0.5172491669654846,0.3851754069328308,0.0001664671684553426
953,0.5104390382766724,0.47605425119400024,0.3438476324081421,0.00016638329822159296
954,0.4704013168811798,0.43827247619628906,0.3212883770465851,0.00016629934441937097
955,0.5148869156837463,0.4796522855758667,0.3523460328578949,0.00016621530715436414
956,0.48947739601135254,0.45606666803359985,0.3341071605682373,0.00016613118653236518
957,0.5215799808502197,0.4862056374549866,0.35374367237091064,0.00016604698265927173
958,0.48801112174987793,0.4544294774532318,0.335816353559494,0.0001659626956410861
959,0.49858713150024414,0.464248389005661,0.34338727593421936,0.0001658783255839154
960,0.4885416328907013,0.4557894766330719,0.3275216519832611,0.00016579387259397127
961,0.5179044604301453,0.48248788714408875,0.3541660010814667,0.00016570933677756967
962,0.5151454210281372,0.4799617528915405,0.3518366515636444,0.00016562471824113092
963,0.48186853528022766,0.44876283407211304,0.33105698227882385,0.0001655400170911794
964,0.5053843855857849,0.47065800428390503,0.3472638428211212,0.00016545523343434356
965,0.5366408824920654,0.49967315793037415,0.36967700719833374,0.00016537036737735564
966,0.4911171495914459,0.45776382088661194,0.3335331678390503,0.00016528541902705162
967,0.5164859890937805,0.48115164041519165,0.353343665599823,0.00016520038849037117
968,0.5221938490867615,0.4860386848449707,0.36155176162719727,0.00016511527587435737
969,0.5067607164382935,0.47222423553466797,0.3453647792339325,0.00016503008128615655
970,0.5139718651771545,0.4787108302116394,0.35261040925979614,0.00016494480483301836
971,0.5165590047836304,0.48133817315101624,0.3522081971168518,0.00016485944662229546
972,0.5254421830177307,0.4898119866847992,0.3563017249107361,0.00016477400676144334
973,0.4976271390914917,0.4631090462207794,0.3451809287071228,0.00016468848535802045
974,0.5104470252990723,0.4757744371891022,0.34672611951828003,0.00016460288251968775
975,0.5201070308685303,0.4841720461845398,0.35934978723526,0.00016451719835420877
976,0.5313234329223633,0.4948585033416748,0.36464935541152954,0.00016443143296944945
977,0.5041707754135132,0.46998679637908936,0.3418397605419159,0.0001643455864733779
978,0.49641719460487366,0.4628891050815582,0.33528077602386475,0.0001642596589740644
979,0.5028655529022217,0.4686923921108246,0.34173160791397095,0.00016417365057968123
980,0.5008328557014465,0.46647441387176514,0.34358423948287964,0.0001640875613985024
981,0.5280774235725403,0.4920690357685089,0.36008402705192566,0.00016400139153890375
982,0.5250089764595032,0.48905155062675476,0.35957399010658264,0.00016391514110936255
983,0.506591260433197,0.47157758474349976,0.3501368463039398,0.00016382881021845762
984,0.4883534014225006,0.45500123500823975,0.33352160453796387,0.000163742398974869
985,0.5222781300544739,0.48652175068855286,0.3575640618801117,0.00016365590748737788
986,0.5216022729873657,0.48592662811279297,0.35675671696662903,0.00016356933586486648
987,0.532763659954071,0.49587878584861755,0.3688489496707916,0.00016348268421631797
988,0.5104703903198242,0.47495725750923157,0.35513123869895935,0.0001633959526508162
989,0.5154938101768494,0.47999486327171326,0.3549893796443939,0.00016330914127754553
990,0.5403991341590881,0.5032666325569153,0.3713248372077942,0.00016322225020579099
991,0.5068385601043701,0.47190067172050476,0.34937870502471924,0.00016313527954493778
992,0.5224995613098145,0.486307829618454,0.3619172275066376,0.00016304822940447139
993,0.5270893573760986,0.4908667802810669,0.3622255027294159,0.0001629610998939773
994,0.49331822991371155,0.45957937836647034,0.3373885452747345,0.00016287389112314092
995,0.5104097127914429,0.4757262170314789,0.3468348979949951,0.00016278660320174747
996,0.5406928062438965,0.503898561000824,0.367942750453949,0.0001626992362396818
997,0.5151092410087585,0.480297714471817,0.348115473985672,0.00016261179034692826
998,0.5438560247421265,0.5073725581169128,0.3648344874382019,0.00016252426563357052
999,0.486676961183548,0.4534890055656433,0.33187955617904663,0.00016243666220979157
1000,0.5235297083854675,0.4875851571559906,0.3594452440738678,0.00016234898018587337
1001,0.4837401807308197,0.45099306106567383,0.3274710774421692,0.0001622612196721969
1002,0.495430588722229,0.4617374837398529,0.33693090081214905,0.000162173380779242
1003,0.5084022283554077,0.4731013774871826,0.3530086874961853,0.00016208546361758707
1004,0.5272607207298279,0.49151721596717834,0.35743510723114014,0.00016199746829790906
1005,0.46559110283851624,0.4342643916606903,0.3132670223712921,0.00016190939493098344
1006,0.5027621388435364,0.46826431155204773,0.3449785113334656,0.00016182124362768368
1007,0.5057438611984253,0.4710930585861206,0.3465079069137573,0.00016173301449898166
1008,0.5040660500526428,0.4694559872150421,0.346100389957428,0.00016164470765594698
1009,0.5246111750602722,0.4889290928840637,0.35682055354118347,0.00016155632320974728
1010,0.5168502330780029,0.48133453726768494,0.35515692830085754,0.00016146786127164771
1011,0.5106956362724304,0.47581228613853455,0.3488335609436035,0.00016137932195301114
1012,0.5241315364837646,0.48854562640190125,0.3558591306209564,0.00016129070536529766
1013,0.4934605658054352,0.4598642885684967,0.33596277236938477,0.00016120201162006482
1014,0.5297566056251526,0.49398645758628845,0.3577016294002533,0.0001611132408289672
1015,0.5439319610595703,0.5066787004470825,0.3725326657295227,0.00016102439310375637
1016,0.47988787293434143,0.44671139121055603,0.3317648768424988,0.00016093546855628084
1017,0.5211416482925415,0.4851681590080261,0.35973474383354187,0.00016084646729848568
1018,0.522954523563385,0.48732927441596985,0.35625240206718445,0.00016075738944241268
1019,0.5072920918464661,0.47264835238456726,0.3464374542236328,0.00016066823510019998
1020,0.5178027749061584,0.4828416109085083,0.34961146116256714,0.000160579004384082
1021,0.48636117577552795,0.45305123925209045,0.33309927582740784,0.00016048969740638933
1022,0.5076524615287781,0.47285890579223633,0.34793582558631897,0.00016040031427954853
1023,0.5198827385902405,0.4841853380203247,0.3569740653038025,0.00016031085511608213
1024,0.5158949494361877,0.48041975498199463,0.3547517955303192,0.00016022132002860824
1025,0.5041249394416809,0.46974247694015503,0.34382474422454834,0.00016013170912984058
1026,0.5351884961128235,0.4988500475883484,0.3633843660354614,0.00016004202253258842
1027,0.5232347249984741,0.4871872067451477,0.36047497391700745,0.00015995226034975617
1028,0.5027042627334595,0.46843308210372925,0.34271201491355896,0.00015986242269434354
1029,0.5320371985435486,0.495872437953949,0.3616476356983185,0.00015977250967944508
1030,0.5163304805755615,0.4806712865829468,0.35659196972846985,0.00015968252141825037
1031,0.4971177875995636,0.46359583735466003,0.3352195918560028,0.00015959245802404365
1032,0.5212369561195374,0.4849846065044403,0.3625234067440033,0.00015950231961020373
1033,0.5078177452087402,0.4729694426059723,0.3484828472137451,0.00015941210629020388
1034,0.49772366881370544,0.4635257124900818,0.34197959303855896,0.00015932181817761163
1035,0.5333829522132874,0.49713900685310364,0.3624396324157715,0.00015923145538608875
1036,0.476719468832016,0.4436318874359131,0.3308757543563843,0.0001591410180293909
1037,0.5010000467300415,0.4670182168483734,0.3398180305957794,0.00015905050622136777
1038,0.535502552986145,0.49899527430534363,0.36507248878479004,0.0001589599200759626
1039,0.5285533666610718,0.4925139844417572,0.3603936433792114,0.00015886925970721235
1040,0.5277907252311707,0.4920300245285034,0.3576070964336395,0.00015877852522924732
1041,0.5052364468574524,0.4705311954021454,0.3470523953437805,0.00015868771675629114
1042,0.5170343518257141,0.48199379444122314,0.35040557384490967,0.00015859683440266068
1043,0.5277531147003174,0.4914996922016144,0.3625343441963196,0.00015850587828276564
1044,0.5116407871246338,0.4766036868095398,0.3503710925579071,0.0001584148485111087
1045,0.5176908373832703,0.48236435651779175,0.35326483845710754,0.00015832374520228525
1046,0.5088773965835571,0.47432243824005127,0.34554940462112427,0.00015823256847098324
1047,0.5117061138153076,0.47713273763656616,0.3457338511943817,0.00015814131843198308
1048,0.4871353805065155,0.45388203859329224,0.33253341913223267,0.00015804999520015734
1049,0.5117861032485962,0.4770970344543457,0.3468906581401825,0.00015795859889047091
1050,0.5307118892669678,0.4946203827857971,0.36091485619544983,0.0001578671296179806
1051,0.5330730676651001,0.4969000518321991,0.36173027753829956,0.000157775587497835
1052,0.5158014893531799,0.4806441366672516,0.3515735864639282,0.00015768397264527448
1053,0.5063307881355286,0.4717324376106262,0.34598350524902344,0.00015759228517563099
1054,0.5141503214836121,0.4794011116027832,0.3474922180175781,0.00015750052520432787
1055,0.5351869463920593,0.49833881855010986,0.368481308221817,0.0001574086928468797
1056,0.4821379780769348,0.44942885637283325,0.3270912170410156,0.00015731678821889224
1057,0.501932680606842,0.4680143892765045,0.3391828238964081,0.0001572248114360622
1058,0.5357116460800171,0.4982265830039978,0.3748508393764496,0.00015713276261417706
1059,0.5465183258056641,0.5088592171669006,0.3765913248062134,0.00015704064186911518
1060,0.4872095286846161,0.4543212056159973,0.32888326048851013,0.0001569484493168452
1061,0.5141150951385498,0.47905948758125305,0.35055628418922424,0.0001568561850734264
1062,0.47888630628585815,0.446551114320755,0.32335180044174194,0.00015676384925500814
1063,0.5248121023178101,0.4892065227031708,0.3560559153556824,0.00015667144197783
1064,0.4963788390159607,0.4624407887458801,0.3393803834915161,0.00015657896335822147
1065,0.5074412822723389,0.47307154536247253,0.34369736909866333,0.00015648641351260177
1066,0.5249509811401367,0.4887612462043762,0.3618970811367035,0.00015639379255747994
1067,0.5098628997802734,0.47502395510673523,0.3483891785144806,0.0001563011006094544
1068,0.4965561628341675,0.46249762177467346,0.34058547019958496,0.00015620833778521307
1069,0.5116634368896484,0.47692713141441345,0.3473628759384155,0.00015611550420153297
1070,0.5291177034378052,0.4931572675704956,0.3596041798591614,0.00015602259997528028
1071,0.5272287130355835,0.49049562215805054,0.36733120679855347,0.0001559296252234101
1072,0.5225822925567627,0.48678091168403625,0.35801365971565247,0.00015583658006296624
1073,0.544579267501831,0.5070156455039978,0.3756362497806549,0.0001557434646110813
1074,0.54082190990448,0.5037958025932312,0.3702608346939087,0.00015565027898497617
1075,0.5051964521408081,0.4707007110118866,0.34495747089385986,0.00015555702330196023
1076,0.5442492961883545,0.5073269605636597,0.36922362446784973,0.00015546369767943102
1077,0.5008521676063538,0.46657052636146545,0.34281644225120544,0.0001553703022348741
1078,0.527956485748291,0.4914385974407196,0.3651791512966156,0.0001552768370858629
1079,0.5025643706321716,0.4684210419654846,0.341433048248291,0.00015518330235005868
1080,0.5115095376968384,0.4766210615634918,0.3488849997520447,0.00015508969814521025
1081,0.5126973390579224,0.4779025912284851,0.3479476273059845,0.0001549960245891539
1082,0.5264942049980164,0.49076229333877563,0.3573191165924072,0.0001549022817998132
1083,0.5268912315368652,0.49118420481681824,0.3570702373981476,0.00015480846989519885
1084,0.49880826473236084,0.4649953842163086,0.3381287157535553,0.0001547145889934086
1085,0.5067364573478699,0.4722122251987457,0.3452422022819519,0.0001546206392126271
1086,0.5329316258430481,0.4964478015899658,0.36483824253082275,0.0001545266206711256
1087,0.5481163859367371,0.5105035305023193,0.37612831592559814,0.00015443253348726202
1088,0.5081197619438171,0.4736073315143585,0.345124214887619,0.0001543383777794806
1089,0.5209174752235413,0.48498475551605225,0.35932692885398865,0.00015424415366631188
1090,0.48210516571998596,0.44937679171562195,0.32728374004364014,0.00015414986126637258
1091,0.5025911331176758,0.46853816509246826,0.3405296504497528,0.00015405550069836528
1092,0.500381350517273,0.4660615026950836,0.3431984484195709,0.00015396107208107845
1093,0.4747506082057953,0.4422096014022827,0.32541003823280334,0.0001538665755333862
1094,0.509224534034729,0.4744437634944916,0.3478076756000519,0.00015377201117424812
1095,0.5247868895530701,0.4885115921497345,0.36275291442871094,0.0001536773791227092
1096,0.5003948211669922,0.4660159647464752,0.34378868341445923,0.00015358267949789966
1097,0.5160015225410461,0.4808366894721985,0.3516485095024109,0.0001534879124190348
1098,0.5524940490722656,0.5144311785697937,0.38062891364097595,0.00015339307800541475
1099,0.5154950618743896,0.48024502396583557,0.3525003492832184,0.00015329817637642454
1100,0.5151880979537964,0.4802159070968628,0.34972208738327026,0.00015320320765153367
1101,0.534699022769928,0.49826881289482117,0.36430203914642334,0.0001531081719502962
1102,0.5138245820999146,0.4789159893989563,0.3490860164165497,0.00015301306939235053
1103,0.5394256711006165,0.5025409460067749,0.3688473701477051,0.00015291790009741907
1104,0.5345919728279114,0.49837765097618103,0.36214306950569153,0.00015282266418530847
1105,0.5196269750595093,0.48412978649139404,0.35497188568115234,0.000152727361775909
1106,0.5267819166183472,0.4910129904747009,0.3576889932155609,0.00015263199298919488
1107,0.501915454864502,0.4674866199493408,0.34428828954696655,0.00015253655794522368
1108,0.5153363347053528,0.4805954694747925,0.34740883111953735,0.0001524410567641366
1109,0.5261308550834656,0.49037036299705505,0.35760498046875,0.00015234548956615784
1110,0.5247454047203064,0.48866981267929077,0.3607558608055115,0.0001522498564715949
1111,0.5130197405815125,0.4782690107822418,0.3475073575973511,0.0001521541576008382
1112,0.5339483022689819,0.49725162982940674,0.36696672439575195,0.00015205839307436088
1113,0.5233309268951416,0.48742711544036865,0.3590380549430847,0.00015196256301271884
1114,0.5002697706222534,0.46635910868644714,0.3391067087650299,0.0001518666675365504
1115,0.5368255376815796,0.5001101493835449,0.3671538531780243,0.00015177070676657633
1116,0.49021822214126587,0.4572684168815613,0.3294980227947235,0.00015167468082359945
1117,0.5008273124694824,0.46714499592781067,0.336823046207428,0.00015157858982850475
1118,0.5136849284172058,0.4784080386161804,0.3527691066265106,0.00015148243390225908
1119,0.5011121034622192,0.46726980805397034,0.33842313289642334,0.00015138621316591094
1120,0.5149232149124146,0.47982674837112427,0.3509644865989685,0.00015128992774059063
1121,0.49419698119163513,0.46050548553466797,0.336914986371994,0.00015119357774750965
1122,0.5039860606193542,0.4698389768600464,0.341470867395401,0.0001510971633079609
1123,0.5015271306037903,0.46738988161087036,0.34137240052223206,0.00015100068454331836
1124,0.5095795392990112,0.47460198402404785,0.3497754633426666,0.00015090414157503714
1125,0.5578604340553284,0.5194889307022095,0.3837151527404785,0.00015080753452465296
1126,0.5003930926322937,0.46621739864349365,0.3417571783065796,0.00015071086351378231
1127,0.531952977180481,0.49488040804862976,0.3707255423069,0.00015061412866412225
1128,0.4834907352924347,0.4506683051586151,0.32822418212890625,0.00015051733009745013
1129,0.5144469141960144,0.47945159673690796,0.34995341300964355,0.00015042046793562348
1130,0.505493700504303,0.47139471769332886,0.3409900367259979,0.00015032354230058004
1131,0.5082243084907532,0.4734486937522888,0.3477562963962555,0.00015022655331433727
1132,0.49626463651657104,0.4623604118824005,0.3390423357486725,0.0001501295010989925
1133,0.5156606435775757,0.48060858249664307,0.35052070021629333,0.00015003238577672266
1134,0.5210803747177124,0.4855485260486603,0.355318546295166,0.00014993520746978405
1135,0.5075969099998474,0.472919225692749,0.3467770218849182,0.0001498379663005123
1136,0.49640920758247375,0.4624401926994324,0.33969026803970337,0.0001497406623913222
1137,0.5217986106872559,0.48554128408432007,0.36257341504096985,0.00014964329586470752
1138,0.5345126390457153,0.4979386031627655,0.36574047803878784,0.00014954586684324078
1139,0.4792719781398773,0.4470469355583191,0.32225048542022705,0.00014944837544957323
1140,0.49313366413116455,0.4593529999256134,0.33780670166015625,0.0001493508218064347
1141,0.4932759702205658,0.45969638228416443,0.3357957601547241,0.00014925320603663327
1142,0.5161423087120056,0.48084551095962524,0.3529679775238037,0.00014915552826305533
1143,0.4849604368209839,0.45197856426239014,0.3298186659812927,0.0001490577886086652
1144,0.5155592560768127,0.4808041751384735,0.34755071997642517,0.00014895998719650526
1145,0.5156810283660889,0.4806255102157593,0.3505549132823944,0.00014886212414969553
1146,0.5038273334503174,0.4689925014972687,0.34834855794906616,0.0001487641995914336
1147,0.5632283687591553,0.5242187976837158,0.39009594917297363,0.0001486662136449946
1148,0.5353341698646545,0.49841105937957764,0.36923134326934814,0.00014856816643373083
1149,0.508413553237915,0.4737427234649658,0.3467085063457489,0.00014847005808107185
1150,0.5014489889144897,0.46747681498527527,0.3397214710712433,0.000148371888710524
1151,0.5039112567901611,0.46920621395111084,0.34705057740211487,0.0001482736584456706
1152,0.5215842723846436,0.48605605959892273,0.3552822470664978,0.00014817536741017152
1153,0.4946489930152893,0.4606214165687561,0.3402757942676544,0.00014807701572776323
1154,0.4855037033557892,0.4516858458518982,0.3381785750389099,0.00014797860352225853
1155,0.5407485961914062,0.5038361549377441,0.3691242039203644,0.00014788013091754628
1156,0.5412851572036743,0.5045464634895325,0.3673871159553528,0.00014778159803759158
1157,0.534673273563385,0.4980415999889374,0.3663164973258972,0.00014768300500643517
1158,0.540829598903656,0.5036705136299133,0.37159088253974915,0.00014758435194819376
1159,0.49683669209480286,0.46278491616249084,0.34051764011383057,0.00014748563898705946
1160,0.5266006588935852,0.49061205983161926,0.3598857820034027,0.00014738686624729986
1161,0.5510510206222534,0.5132104754447937,0.3784056007862091,0.00014728803385325782
1162,0.5113323330879211,0.4764935076236725,0.3483884632587433,0.0001471891419293512
1163,0.5025847554206848,0.4680994153022766,0.34485337138175964,0.00014709019060007286
1164,0.5117765069007874,0.4769824147224426,0.34794116020202637,0.00014699117998999054
1165,0.5264151096343994,0.49092793464660645,0.35487204790115356,0.00014689211022374645
1166,0.5309203863143921,0.49440261721611023,0.3651775121688843,0.00014679298142605734
1167,0.49288421869277954,0.45887553691864014,0.3400866985321045,0.0001466937937217143
1168,0.49519628286361694,0.4614705443382263,0.33725738525390625,0.00014659454723558248
1169,0.5435596704483032,0.5064272284507751,0.3713241517543793,0.00014649524209260116
1170,0.5019586086273193,0.46739187836647034,0.34566760063171387,0.00014639587841778343
1171,0.48408210277557373,0.45082202553749084,0.33260080218315125,0.0001462964563362159
1172,0.5037251710891724,0.469588965177536,0.3413620591163635,0.00014619697597305898
1173,0.5240527987480164,0.4876132607460022,0.36439549922943115,0.00014609743745354624
1174,0.5153619647026062,0.48044127225875854,0.3492066562175751,0.0001459978409029845
1175,0.4967780113220215,0.4629034698009491,0.33874547481536865,0.00014589818644675378
1176,0.5196323394775391,0.48415249586105347,0.35479873418807983,0.00014579847421030678
1177,0.48631954193115234,0.45299553871154785,0.3332400619983673,0.00014569870431916903
1178,0.5193583369255066,0.48400601744651794,0.3535234034061432,0.0001455988768989387
1179,0.5410276651382446,0.5042582154273987,0.3676947355270386,0.00014549899207528632
1180,0.49083593487739563,0.45781153440475464,0.33024412393569946,0.00014539904997395468
1181,0.5404242277145386,0.5030210018157959,0.37403202056884766,0.00014529905072075872
1182,0.5230568647384644,0.48774105310440063,0.35315829515457153,0.00014519899444158526
1183,0.5035003423690796,0.46910545229911804,0.34394901990890503,0.00014509888126239297
1184,0.5025995373725891,0.46811866760253906,0.3448084592819214,0.00014499871130921213
1185,0.5377098321914673,0.5011479258537292,0.3656190037727356,0.00014489848470814447
1186,0.5334890484809875,0.49673986434936523,0.36749184131622314,0.00014479820158536306
1187,0.5113457441329956,0.47652027010917664,0.34825459122657776,0.00014469786206711214
1188,0.4994305372238159,0.4654645621776581,0.33965978026390076,0.00014459746627970685
1189,0.5112213492393494,0.47641322016716003,0.3480810225009918,0.0001444970143495333
1190,0.4839465320110321,0.4507944583892822,0.33152082562446594,0.00014439650640304822
1191,0.4841565489768982,0.4511752128601074,0.32981348037719727,0.00014429594256677882
1192,0.5095126032829285,0.47478386759757996,0.3472875654697418,0.0001441953229673227
1193,0.4817679226398468,0.4487634599208832,0.3300447165966034,0.00014409464773134764
1194,0.521140456199646,0.48548635840415955,0.3565407395362854,0.00014399391698559152
1195,0.5059375762939453,0.47089844942092896,0.3503913879394531,0.00014389313085686205
1196,0.5147846937179565,0.47973406314849854,0.3505062460899353,0.00014379228947203665
1197,0.5020848512649536,0.467792272567749,0.3429257869720459,0.0001436913929580623
1198,0.4920204281806946,0.4582061469554901,0.33814266324043274,0.00014359044144195547
1199,0.507392168045044,0.4730782210826874,0.3431394696235657,0.00014348943505080173
1200,0.5412365198135376,0.503699004650116,0.3753751516342163,0.00014338837391175582
1201,0.537547767162323,0.5013088583946228,0.36238884925842285,0.00014328725815204144
1202,0.5452334880828857,0.5073316097259521,0.37901848554611206,0.00014318608789895088
1203,0.4964296817779541,0.4627920389175415,0.3363763689994812,0.00014308486327984523
1204,0.5233688354492188,0.48771932721138,0.35649484395980835,0.00014298358442215388
1205,0.5142037868499756,0.47819408774375916,0.3600969612598419,0.00014288225145337466
1206,0.542203426361084,0.5046371817588806,0.37566256523132324,0.0001427808645010733
1207,0.5021907687187195,0.4682359993457794,0.33954742550849915,0.00014267942369288364
1208,0.49827104806900024,0.4640228748321533,0.3424817621707916,0.00014257792915650728
1209,0.5276240706443787,0.4918676018714905,0.3575649559497833,0.00014247638101971344
1210,0.528226912021637,0.49255824089050293,0.35668662190437317,0.00014237477941033888
1211,0.5126736164093018,0.4778294563293457,0.3484414517879486,0.00014227312445628759
1212,0.48050010204315186,0.4479644000530243,0.32535701990127563,0.00014217141628553078
1213,0.5162900686264038,0.48077520728111267,0.3551483154296875,0.00014206965502610655
1214,0.506625235080719,0.47218525409698486,0.34439995884895325,0.00014196784080612002
1215,0.528645396232605,0.49270057678222656,0.359448105096817,0.0001418659737537428
1216,0.5456755757331848,0.5082997679710388,0.37375807762145996,0.00014176405399721312
1217,0.5133158564567566,0.47845566272735596,0.3486018180847168,0.00014166208166483548
1218,0.5201535224914551,0.4848633110523224,0.3529019355773926,0.00014156005688498063
1219,0.4972902536392212,0.4638598561286926,0.33430394530296326,0.00014145797978608527
1220,0.5036912560462952,0.4690101444721222,0.346810907125473,0.00014135585049665207
1221,0.4752184748649597,0.4427109658718109,0.32507503032684326,0.00014125366914524934
1222,0.5347662568092346,0.49842569231987,0.36340582370758057,0.00014115143586051088
1223,0.48574772477149963,0.45308393239974976,0.3266379237174988,0.000141049150771136
1224,0.5414702892303467,0.5042561888694763,0.37214091420173645,0.00014094681400588906
1225,0.4913395643234253,0.45774927735328674,0.33590278029441833,0.00014084442569359964
1226,0.5121166110038757,0.4773363471031189,0.34780240058898926,0.00014074198596316205
1227,0.507570207118988,0.4731253683567047,0.34444862604141235,0.0001406394949435355
1228,0.49736613035202026,0.46345046162605286,0.3391565978527069,0.0001405369527637436
1229,0.5167845487594604,0.4812532365322113,0.355313241481781,0.00014043435955287452
1230,0.505035400390625,0.47078990936279297,0.34245479106903076,0.00014033171544008052
1231,0.5133837461471558,0.4782268702983856,0.3515685796737671,0.00014022902055457802
1232,0.5036160945892334,0.4692116975784302,0.34404417872428894,0.00014012627502564743
1233,0.5150271058082581,0.48005643486976624,0.3497069776058197,0.00014002347898263274
1234,0.4861936867237091,0.45279660820961,0.33397066593170166,0.0001399206325549417
1235,0.49087727069854736,0.4574010670185089,0.33476191759109497,0.00013981773587204535
1236,0.5159327387809753,0.4800797998905182,0.35852959752082825,0.00013971478906347806
1237,0.5154445171356201,0.48030203580856323,0.3514249920845032,0.00013961179225883735
1238,0.4980243146419525,0.46368473768234253,0.34339582920074463,0.00013950874558778362
1239,0.5133010745048523,0.47814905643463135,0.35152021050453186,0.00013940564918004004
1240,0.5235540866851807,0.48799172043800354,0.35562366247177124,0.00013930250316539238
1241,0.5078126788139343,0.47332146763801575,0.34491199254989624,0.00013919930767368891
1242,0.5067883133888245,0.4721236526966095,0.3466465175151825,0.00013909606283484018
1243,0.4924873113632202,0.4587495028972626,0.3373779356479645,0.00013899276877881884
1244,0.49996718764305115,0.46581029891967773,0.3415689468383789,0.0001388894256356595
1245,0.5273878574371338,0.49113062024116516,0.3625721037387848,0.00013878603353545854
1246,0.47737643122673035,0.44481921195983887,0.3255722224712372,0.00013868259260837402
1247,0.5553144812583923,0.5174511671066284,0.37863293290138245,0.00013857910298462544
1248,0.514410138130188,0.4793456494808197,0.3506450057029724,0.0001384755647944936
1249,0.4969474971294403,0.46234753727912903,0.34599971771240234,0.0001383719781683205
1250,0.4820832908153534,0.4494464099407196,0.32636868953704834,0.000138268343236509
1251,0.5095547437667847,0.4749407172203064,0.3461400866508484,0.00013816466012952285
1252,0.4772956669330597,0.4447881281375885,0.3250753879547119,0.00013806092897788644
1253,0.5079640746116638,0.47340476512908936,0.345593124628067,0.00013795714991218463
1254,0.49320006370544434,0.4601230025291443,0.3307705521583557,0.00013785332306306259
1255,0.5193659067153931,0.48358991742134094,0.35775983333587646,0.00013774944856122568
1256,0.5008657574653625,0.46648022532463074,0.34385520219802856,0.0001376455265374392
1257,0.5266472101211548,0.49086639285087585,0.3578081429004669,0.00013754155712252832
1258,0.5172274112701416,0.4820929169654846,0.3513452112674713,0.00013743754044737781
1259,0.5246154069900513,0.4886321723461151,0.3598323166370392,0.000137333476642932
1260,0.5231870412826538,0.4875887930393219,0.3559821844100952,0.00013722936584019453
1261,0.4726545214653015,0.4406541585922241,0.3200037181377411,0.00013712520817022817
1262,0.5139584541320801,0.4788624346256256,0.35096031427383423,0.00013702100376415473
1263,0.4871594309806824,0.4542854130268097,0.32874029874801636,0.00013691675275315484
1264,0.49415338039398193,0.46050623059272766,0.3364714980125427,0.00013681245526846783
1265,0.4927241802215576,0.4590042233467102,0.3371994197368622,0.00013670811144139144
1266,0.5417149662971497,0.5050771236419678,0.3663785457611084,0.00013660372140328187
1267,0.5135356783866882,0.4786744713783264,0.34861189126968384,0.00013649928528555342
1268,0.5056159496307373,0.47119683027267456,0.3441914916038513,0.00013639480321967845
1269,0.5622942447662354,0.5237714052200317,0.3852284848690033,0.0001362902753371871
1270,0.5441794991493225,0.50665682554245,0.3752269148826599,0.00013618570176966724
1271,0.5162203907966614,0.4809054136276245,0.35315003991127014,0.0001360810826487642
1272,0.5033652186393738,0.46947845816612244,0.3388676643371582,0.00013597641810618073
1273,0.5281513929367065,0.4916095435619354,0.36541834473609924,0.00013587170827367663
1274,0.4833415746688843,0.45053353905677795,0.32808035612106323,0.00013576695328306894
1275,0.5255899429321289,0.48990392684936523,0.3568602204322815,0.0001356621532662313
1276,0.521057665348053,0.48606017231941223,0.3499749004840851,0.0001355573083550942
1277,0.4974190294742584,0.46353235840797424,0.3388666808605194,0.00013545241868164457
1278,0.4699583947658539,0.4377688765525818,0.3218953013420105,0.00013534748437792573
1279,0.4948144555091858,0.46123847365379333,0.335759699344635,0.00013524250557603713
1280,0.5039662718772888,0.47010937333106995,0.33856916427612305,0.0001351374824081343
1281,0.5165815353393555,0.4811495542526245,0.3543197810649872,0.00013503241500642855
1282,0.529634416103363,0.4938437044620514,0.35790717601776123,0.00013492730350318696
1283,0.48536306619644165,0.4521295130252838,0.33233559131622314,0.00013482214803073209
1284,0.532612681388855,0.49571776390075684,0.36894890666007996,0.00013471694872144188
1285,0.5022481679916382,0.4680355191230774,0.3421267569065094,0.0001346117057077493
1286,0.5050718784332275,0.47085851430892944,0.34213367104530334,0.00013450641912214262
1287,0.5125045776367188,0.47699910402297974,0.3550548553466797,0.00013440108909716468
1288,0.5289325714111328,0.4931953549385071,0.3573719263076782,0.00013429571576541315
1289,0.533490002155304,0.4968748092651367,0.3661520183086395,0.00013419029925954029
1290,0.5072781443595886,0.47280898690223694,0.34469184279441833,0.0001340848397122525
1291,0.5090318322181702,0.47463950514793396,0.3439231216907501,0.00013397933725631055
1292,0.48551854491233826,0.45250385999679565,0.33014675974845886,0.00013387379202452917
1293,0.5271363258361816,0.4907356798648834,0.36400675773620605,0.00013376820414977685
1294,0.5167375802993774,0.48115023970603943,0.35587355494499207,0.0001336625737649759
1295,0.4890652298927307,0.4560597240924835,0.33005490899086,0.00013355690100310213
1296,0.5007286071777344,0.466827392578125,0.3390122354030609,0.00013345118599718457
1297,0.5161640048027039,0.4809601306915283,0.3520384728908539,0.00013334542888030553
1298,0.5255683064460754,0.48961007595062256,0.3595825135707855,0.00013323962978560033
1299,0.5085654258728027,0.47401344776153564,0.3455195128917694,0.0001331337888462571
1300,0.5286544561386108,0.49262139201164246,0.36033058166503906,0.00013302790619551674
1301,0.5303860306739807,0.4943700432777405,0.360159695148468,0.00013292198196667248
1302,0.5163154602050781,0.48084568977355957,0.35469749569892883,0.00013281601629307007
1303,0.49998238682746887,0.4659648835659027,0.34017500281333923,0.00013271000930810737
1304,0.5124822854995728,0.47774776816368103,0.34734541177749634,0.0001326039611452342
1305,0.49055126309394836,0.45728299021720886,0.3326827585697174,0.00013249787193795226
1306,0.5196118354797363,0.48453614115715027,0.3507569432258606,0.00013239174181981495
1307,0.5050514340400696,0.47096335887908936,0.3408806622028351,0.00013228557092442712
1308,0.5271744132041931,0.4909902811050415,0.3618415594100952,0.00013217935938544497
1309,0.4951476752758026,0.46167832612991333,0.33469340205192566,0.00013207310733657585
1310,0.49395057559013367,0.460207998752594,0.33742576837539673,0.00013196681491157818
1311,0.5231740474700928,0.4875715672969818,0.35602450370788574,0.00013186048224426107
1312,0.5148283839225769,0.4799261689186096,0.3490222692489624,0.00013175410946848445
1313,0.5042709708213806,0.46969717741012573,0.34573811292648315,0.00013164769671815862
1314,0.5269719958305359,0.49123814702033997,0.35733842849731445,0.0001315412441272443
1315,0.5253987312316895,0.4897724688053131,0.35626259446144104,0.00013143475182975222
1316,0.5315319299697876,0.49540457129478455,0.36127349734306335,0.00013132821995974326
1317,0.5073811411857605,0.47268179059028625,0.3469933867454529,0.00013122164865132807
1318,0.5339478254318237,0.4974331855773926,0.3651465177536011,0.00013111503803866684
1319,0.5107770562171936,0.4758550524711609,0.34921994805336,0.0001310083882559694
1320,0.5164141654968262,0.4814883768558502,0.34925785660743713,0.00013090169943749476
1321,0.5074188709259033,0.472957581281662,0.3446129858493805,0.00013079497171755112
1322,0.512251615524292,0.4776603877544403,0.34591248631477356,0.00013068820523049572
1323,0.5382908582687378,0.501701831817627,0.3658899962902069,0.00013058140011073448
1324,0.5014632344245911,0.4674520790576935,0.3401113450527191,0.00013047455649272207
1325,0.5260943174362183,0.490559846162796,0.3553450107574463,0.00013036767451096148
1326,0.511147677898407,0.4762074947357178,0.34940171241760254,0.00013026075430000417
1327,0.49051281809806824,0.45714032649993896,0.3337249755859375,0.00013015379599444957
1328,0.49418169260025024,0.46048370003700256,0.33698001503944397,0.0001300467997289452
1329,0.5213452577590942,0.4857703149318695,0.3557494282722473,0.00012993976563818626
1330,0.5261748433113098,0.4902050793170929,0.3596974015235901,0.0001298326938569156
1331,0.501923143863678,0.4675469994544983,0.34376153349876404,0.00012972558451992362
1332,0.4898640513420105,0.4560891389846802,0.3377491533756256,0.00012961843776204777
1333,0.5024206042289734,0.4681171476840973,0.34303444623947144,0.00012951125371817281
1334,0.5243264436721802,0.4884185194969177,0.35907894372940063,0.0001294040325232304
1335,0.5208362340927124,0.4853008985519409,0.3553534150123596,0.0001292967743121989
1336,0.49845194816589355,0.46452561020851135,0.33926326036453247,0.00012918947922010336
1337,0.5168738961219788,0.4817083477973938,0.3516552448272705,0.00012908214738201513
1338,0.5197371244430542,0.4844133257865906,0.35323774814605713,0.00012897477893305195
1339,0.5302123427391052,0.49405747652053833,0.36154839396476746,0.00012886737400837758
1340,0.4888172745704651,0.45558321475982666,0.33234044909477234,0.00012875993274320173
1341,0.4782196283340454,0.4462762176990509,0.31943413615226746,0.00012865245527277986
1342,0.525221049785614,0.48854756355285645,0.36673465371131897,0.00012854494173241294
1343,0.5143374800682068,0.4791484773159027,0.3518902063369751,0.0001284373922574474
1344,0.516549825668335,0.4808136820793152,0.3573612570762634,0.00012832980698327496
1345,0.5250491499900818,0.48926252126693726,0.3578660488128662,0.00012822218604533232
1346,0.4917532205581665,0.45815959572792053,0.33593639731407166,0.00012811452957910109
1347,0.493985116481781,0.46055445075035095,0.33430662751197815,0.00012800683772010767
1348,0.5172093510627747,0.4819253087043762,0.3528404235839844,0.00012789911060392294
1349,0.5008221864700317,0.4663071930408478,0.3451496660709381,0.00012779134836616218
1350,0.512133777141571,0.477029949426651,0.3510381579399109,0.00012768355114248494
1351,0.47970548272132874,0.4468703866004944,0.3283509910106659,0.00012757571906859476
1352,0.5203009247779846,0.48511120676994324,0.351897269487381,0.00012746785228023904
1353,0.5381019711494446,0.5015557408332825,0.365462064743042,0.00012735995091320892
1354,0.5128100514411926,0.47805458307266235,0.34755465388298035,0.00012725201510333905
1355,0.5112930536270142,0.4767162501811981,0.34576791524887085,0.00012714404498650743
1356,0.5284850597381592,0.4927201569080353,0.35764914751052856,0.0001270360406986353
1357,0.5008639097213745,0.4666637182235718,0.34200218319892883,0.00012692800237568686
1358,0.5247803926467896,0.488930881023407,0.35849490761756897,0.00012681993015366917
1359,0.52269047498703,0.48713815212249756,0.3555234372615814,0.000126711824168632
1360,0.51683509349823,0.4815547466278076,0.352803498506546,0.00012660368455666752
1361,0.5197250247001648,0.4843735098838806,0.3535153567790985,0.00012649551145391035
1362,0.5189444422721863,0.4836748242378235,0.3526962995529175,0.0001263873049965373
1363,0.538359522819519,0.5016384720802307,0.3672105669975281,0.000126279065320767
1364,0.5510204434394836,0.5131373405456543,0.37883099913597107,0.00012617079256286
1365,0.5012549161911011,0.46687644720077515,0.3437846302986145,0.00012606248685911853
1366,0.500300943851471,0.46638914942741394,0.3391180634498596,0.00012595414834588626
1367,0.4662629961967468,0.43470242619514465,0.3156055808067322,0.00012584577715954814
1368,0.5115358829498291,0.47604507207870483,0.3549079895019531,0.00012573737343653024
1369,0.5226965546607971,0.4874763786792755,0.3522014915943146,0.00012562893731329967
1370,0.5499241352081299,0.512332558631897,0.3759158253669739,0.00012552046892636427
1371,0.48714008927345276,0.45384493470191956,0.33295145630836487,0.00012541196841227246
1372,0.5023871660232544,0.4679602086544037,0.34426966309547424,0.00012530343590761318
1373,0.516899585723877,0.4821334183216095,0.34766140580177307,0.00012519487154901562
1374,0.48553383350372314,0.45287036895751953,0.32663455605506897,0.0001250862754731491
1375,0.4817165732383728,0.4492505192756653,0.3246605098247528,0.0001249776478167227
1376,0.5195512175559998,0.4840729832649231,0.3547824025154114,0.0001248689887164855
1377,0.4851294159889221,0.45230066776275635,0.3282873332500458,0.000124760298309226
1378,0.5063700675964355,0.47225698828697205,0.3411305248737335,0.00012465157673177216
1379,0.4948013424873352,0.46124130487442017,0.33560025691986084,0.0001245428241209912
1380,0.48639553785324097,0.45307543873786926,0.33320093154907227,0.0001244340406137894
1381,0.5103802680969238,0.47548285126686096,0.348974347114563,0.00012432522634711192
1382,0.5245392918586731,0.488802969455719,0.35736334323883057,0.0001242163814579426
1383,0.48151353001594543,0.4492641091346741,0.3224942982196808,0.00012410750608330388
1384,0.4663347005844116,0.4346822500228882,0.3165246248245239,0.0001239986003602566
1385,0.5195421576499939,0.4840187430381775,0.3552340865135193,0.0001238896644258998
1386,0.5128905177116394,0.4780914783477783,0.34799015522003174,0.00012378069841737044
1387,0.47746944427490234,0.4450399577617645,0.32429471611976624,0.00012367170247184355
1388,0.5150429010391235,0.48026829957962036,0.34774577617645264,0.0001235626767265316
1389,0.5046660304069519,0.4696338474750519,0.35032159090042114,0.0001234536213186848
1390,0.5213086009025574,0.48541101813316345,0.3589758276939392,0.00012334453638559057
1391,0.48000386357307434,0.44752463698387146,0.32479217648506165,0.00012323542206457347
1392,0.49862802028656006,0.46522000432014465,0.33408018946647644,0.00012312627849299523
1393,0.5041123628616333,0.4697154760360718,0.34396883845329285,0.00012301710580825423
1394,0.5268988609313965,0.4912855923175812,0.3561324179172516,0.0001229079041477855
1395,0.49058839678764343,0.4569934606552124,0.3359494209289551,0.00012279867364906071
1396,0.537445604801178,0.5007858276367188,0.36659786105155945,0.00012268941444958765
1397,0.47671574354171753,0.44435542821884155,0.323603093624115,0.0001225801266869104
1398,0.516747236251831,0.48179149627685547,0.3495572507381439,0.00012247081049860883
1399,0.5124793648719788,0.4771980047225952,0.3528134822845459,0.00012236146602229874
1400,0.4948177635669708,0.46090734004974365,0.3391043543815613,0.00012225209339563145
1401,0.47825881838798523,0.44604089856147766,0.32217922806739807,0.0001221426927562938
1402,0.4971923232078552,0.4639039933681488,0.3328832685947418,0.00012203326424200778
1403,0.5408662557601929,0.5035812854766846,0.37284955382347107,0.00012192380799053058
1404,0.4884079694747925,0.4551578462123871,0.332501083612442,0.00012181432413965428
1405,0.5146163105964661,0.4792845547199249,0.3533177673816681,0.00012170481282720563
1406,0.5399792790412903,0.5036027431488037,0.36376509070396423,0.00012159527419104607
1407,0.529171347618103,0.4934057593345642,0.35765597224235535,0.00012148570836907133
1408,0.5024549961090088,0.46811720728874207,0.3433780372142792,0.00012137611549921146
1409,0.5124312043190002,0.4772924482822418,0.3513876795768738,0.00012126649571943047
1410,0.48100733757019043,0.44832733273506165,0.3268001079559326,0.00012115684916772629
1411,0.4724975526332855,0.4408026933670044,0.3169485032558441,0.00012104717598213056
1412,0.5064045786857605,0.47230038046836853,0.34104183316230774,0.00012093747630070844
1413,0.5183348655700684,0.4827570915222168,0.35577768087387085,0.00012082775026155846
1414,0.4887692928314209,0.45574629306793213,0.33023014664649963,0.00012071799800281231
1415,0.47058770060539246,0.43812495470046997,0.3246273696422577,0.00012060821966263465
1416,0.5174756050109863,0.4821322560310364,0.3534335792064667,0.00012049841537922307
1417,0.48733341693878174,0.4541730582714081,0.3316034972667694,0.00012038858529080768
1418,0.49095410108566284,0.45737648010253906,0.3357762098312378,0.00012027872953565125
1419,0.5306422114372253,0.4947434663772583,0.358987420797348,0.00012016884825204875
1420,0.521454930305481,0.48586031794548035,0.3559458255767822,0.00012005894157832729
1421,0.4873897433280945,0.45404475927352905,0.33344975113868713,0.00011994900965284599
1422,0.5078358054161072,0.4731937348842621,0.3464205265045166,0.00011983905261399566
1423,0.481151282787323,0.4487244486808777,0.3242683708667755,0.00011972907060019887
1424,0.5223035216331482,0.48647207021713257,0.35831448435783386,0.00011961906374990952
1425,0.5043802857398987,0.47033432126045227,0.3404594957828522,0.00011950903220161285
1426,0.49908679723739624,0.4650249481201172,0.3406185209751129,0.00011939897609382511
1427,0.5500584840774536,0.5124185681343079,0.376399427652359,0.0001192888955650935
1428,0.5088207721710205,0.47448796033859253,0.3433280289173126,0.000119178790753996
1429,0.5227574110031128,0.4877709746360779,0.3498646020889282,0.00011906866179914116
1430,0.5430747866630554,0.5058145523071289,0.3726026117801666,0.00011895850883916786
1431,0.5110090374946594,0.4760802090167999,0.34928831458091736,0.00011884833201274523
1432,0.5352178812026978,0.49858734011650085,0.36630555987358093,0.00011873813145857249
1433,0.5275224447250366,0.49142560362815857,0.36096811294555664,0.00011862790731537865
1434,0.4922981262207031,0.45817452669143677,0.3412359356880188,0.00011851765972192244
1435,0.5064471364021301,0.47233709692955017,0.34110045433044434,0.00011840738881699219
1436,0.47930771112442017,0.44682958722114563,0.324781209230423,0.00011829709473940547
1437,0.5269864797592163,0.49086177349090576,0.36124688386917114,0.00011818677762800909
1438,0.5260037183761597,0.4899143576622009,0.3608933091163635,0.00011807643762167884
1439,0.5043162107467651,0.47016528248786926,0.3415095806121826,0.00011796607485931928
1440,0.4947179853916168,0.46119368076324463,0.33524298667907715,0.00011785568947986367
1441,0.5057018995285034,0.47111594676971436,0.3458598256111145,0.00011774528162227376
1442,0.5338708758354187,0.4977473318576813,0.361235648393631,0.00011763485142553959
1443,0.49624088406562805,0.46249523758888245,0.3374563455581665,0.00011752439902867925
1444,0.5419230461120605,0.5049898028373718,0.36933234333992004,0.00011741392457073888
1445,0.5368877649307251,0.500506579875946,0.3638116121292114,0.00011730342819079227
1446,0.49514561891555786,0.4615795612335205,0.3356607258319855,0.00011719291002794096
1447,0.5212929844856262,0.4855872392654419,0.35705724358558655,0.00011708237022131381
1448,0.5210193991661072,0.48541098833084106,0.3560843765735626,0.00011697180891006689
1449,0.5281093716621399,0.49248433113098145,0.35625022649765015,0.00011686122623338349
1450,0.5091996788978577,0.47460857033729553,0.3459111452102661,0.00011675062233047364
1451,0.5327776670455933,0.4970087707042694,0.3576890528202057,0.0001166399973405742
1452,0.5090206265449524,0.4744666814804077,0.34553956985473633,0.00011652935140294852
1453,0.5410268902778625,0.5042474269866943,0.36779457330703735,0.0001164186846568863
1454,0.49856439232826233,0.46460121870040894,0.3396317660808563,0.00011630799724170353
1455,0.512442409992218,0.4773765802383423,0.3506582975387573,0.00011619728929674209
1456,0.5260411500930786,0.49059349298477173,0.35447660088539124,0.00011608656096136984
1457,0.5226935744285583,0.48700574040412903,0.3568781614303589,0.0001159758123749802
1458,0.5057328939437866,0.4715188145637512,0.3421410322189331,0.00011586504367699217
1459,0.5211730003356934,0.48581111431121826,0.3536188006401062,0.00011575425500685002
1460,0.5104470252990723,0.4759615659713745,0.3448543846607208,0.0001156434465040231
1461,0.504267692565918,0.469637930393219,0.34629765152931213,0.00011553261830800586
1462,0.5175003409385681,0.4821109175682068,0.3538943827152252,0.00011542177055831745
1463,0.5006178617477417,0.4668079912662506,0.3380988836288452,0.00011531090339450165
1464,0.519926905632019,0.4844885766506195,0.35438352823257446,0.00011520001695612674
1465,0.5179924368858337,0.4824138581752777,0.3557858467102051,0.00011508911138278515
1466,0.5005112290382385,0.46668297052383423,0.3382824957370758,0.00011497818681409351
1467,0.5046511888504028,0.4708331227302551,0.3381805419921875,0.00011486724338969232
1468,0.4801168441772461,0.4477321207523346,0.3238471746444702,0.00011475628124924577
1469,0.5356751084327698,0.49971267580986023,0.3596245348453522,0.00011464530053244169
1470,0.5076798796653748,0.47259145975112915,0.35088419914245605,0.00011453430137899129
1471,0.5026756525039673,0.46849825978279114,0.34177419543266296,0.00011442328392862891
1472,0.5111634135246277,0.47652187943458557,0.34641557931900024,0.00011431224832111196
1473,0.4935052692890167,0.4598654806613922,0.33639776706695557,0.00011420119469622077
1474,0.5045523643493652,0.4699971377849579,0.3455522060394287,0.00011409012319375827
1475,0.504054605960846,0.4691028892993927,0.34951743483543396,0.00011397903395354996
1476,0.5097842216491699,0.47531449794769287,0.3446972370147705,0.0001138679271154436
1477,0.5039234757423401,0.46969783306121826,0.3422565460205078,0.00011375680281930919
1478,0.49826323986053467,0.4646044075489044,0.3365882635116577,0.00011364566120503864
1479,0.4973541796207428,0.4634507894515991,0.3390338718891144,0.0001135345024125456
1480,0.5195950865745544,0.4844313859939575,0.35163724422454834,0.00011342332658176555
1481,0.5482521653175354,0.511336624622345,0.3691556751728058,0.00011331213385265524
1482,0.4931813180446625,0.45958882570266724,0.33592501282691956,0.00011320092436519276
1483,0.5117913484573364,0.47725409269332886,0.3453724682331085,0.00011308969825937725
1484,0.5130696296691895,0.4779776632785797,0.3509199619293213,0.00011297845567522886
1485,0.49508970975875854,0.4612739384174347,0.3381577730178833,0.00011286719675278838
1486,0.5122637748718262,0.4776662588119507,0.345975399017334,0.00011275592163211726
1487,0.5129953026771545,0.47807440161705017,0.3492089807987213,0.00011264463045329728
1488,0.5469250679016113,0.5100169777870178,0.3690807819366455,0.00011253332335643043
1489,0.502422571182251,0.46837562322616577,0.3404693603515625,0.00011242200048163882
1490,0.5047957301139832,0.4704885482788086,0.3430716395378113,0.0001123106619690643
1491,0.5230534076690674,0.4871203303337097,0.35933056473731995,0.0001121993079588685
1492,0.5155295729637146,0.48032426834106445,0.352053165435791,0.00011208793859123257
1493,0.5030584335327148,0.468766987323761,0.3429144620895386,0.00011197655400635689
1494,0.4866678714752197,0.4532112777233124,0.3345659077167511,0.0001118651543444611
1495,0.5372823476791382,0.5005767941474915,0.3670554459095001,0.00011175373974578378
1496,0.5154033303260803,0.4800955057144165,0.3530779778957367,0.00011164231035058228
1497,0.4810691475868225,0.4483531415462494,0.3271600008010864,0.00011153086629913267
1498,0.48139047622680664,0.448557049036026,0.3283342719078064,0.00011141940773172939
1499,0.5073055028915405,0.4724297821521759,0.3487570285797119,0.00011130793478868515
1500,0.5062698125839233,0.4720250368118286,0.34244757890701294,0.00011119644761033078
1501,0.4758762717247009,0.44401198625564575,0.3186427056789398,0.00011108494633701512
1502,0.5096543431282043,0.4754243791103363,0.3422996699810028,0.00011097343110910452
1503,0.5410066246986389,0.5040868520736694,0.36919745802879333,0.0001108619020669832
1504,0.4796201288700104,0.4470134973526001,0.32606619596481323,0.00011075035935105252
1505,0.507748007774353,0.47318652272224426,0.3456149399280548,0.00011063880310173113
1506,0.5105310082435608,0.47524264454841614,0.35288378596305847,0.00011052723345945483
1507,0.495563268661499,0.46176037192344666,0.33802899718284607,0.00011041565056467614
1508,0.5041665434837341,0.47046995162963867,0.33696603775024414,0.00011030405455786425
1509,0.5176892280578613,0.48219582438468933,0.3549340069293976,0.000110192445579505
1510,0.5063844323158264,0.47123533487319946,0.35149070620536804,0.00011008082377010045
1511,0.44935372471809387,0.4188328981399536,0.3052082657814026,0.00010996918927016886
1512,0.48695024847984314,0.4535124599933624,0.33437788486480713,0.00010985754222024436
1513,0.5148367285728455,0.48017337918281555,0.34663325548171997,0.00010974588276087705
1514,0.4765850603580475,0.44384244084358215,0.3274261951446533,0.00010963421103263252
1515,0.5280272364616394,0.4920218884944916,0.3600533902645111,0.00010952252717609188
1516,0.5115378499031067,0.47673746943473816,0.34800389409065247,0.00010941083133185146
1517,0.520538330078125,0.48489534854888916,0.3564295768737793,0.00010929912364052268
1518,0.48928168416023254,0.4555499255657196,0.33731767535209656,0.00010918740424273191
1519,0.49207383394241333,0.4583238959312439,0.3374992311000824,0.00010907567327912025
1520,0.5080316066741943,0.4734118580818176,0.34619760513305664,0.00010896393089034336
1521,0.5334970355033875,0.4969205856323242,0.36576423048973083,0.00010885217721707124
1522,0.48679119348526,0.45404139161109924,0.3274978995323181,0.00010874041239998816
1523,0.5156463980674744,0.4799991846084595,0.3564720153808594,0.00010862863657979237
1524,0.4801167845726013,0.44743800163269043,0.3267877399921417,0.00010851684989719594
1525,0.5242190957069397,0.4885445833206177,0.35674533247947693,0.00010840505249292476
1526,0.5243234038352966,0.48814547061920166,0.36177948117256165,0.00010829324450771806
1527,0.5049338340759277,0.47081154584884644,0.341222882270813,0.00010818142608232849
1528,0.5298599600791931,0.49385547637939453,0.36004459857940674,0.00010806959735752174
1529,0.5530895590782166,0.5153232216835022,0.37766313552856445,0.00010795775847407659
1530,0.5341811776161194,0.4976661205291748,0.36515045166015625,0.0001078459095727845
1531,0.4838479459285736,0.4509236514568329,0.3292429745197296,0.00010773405079444963
1532,0.5179775357246399,0.48279234766960144,0.35185161232948303,0.00010762218227988851
1533,0.48433253169059753,0.4509611427783966,0.33371391892433167,0.00010751030416992996
1534,0.5218037962913513,0.48600873351097107,0.3579505681991577,0.00010739841660541487
1535,0.48924076557159424,0.4562910497188568,0.32949724793434143,0.00010728651972719603
1536,0.48067834973335266,0.4484480023384094,0.3223034143447876,0.00010717461367613793
1537,0.5531032085418701,0.5151554942131042,0.37947702407836914,0.00010706269859311669
1538,0.5232633352279663,0.4872644543647766,0.3599889874458313,0.00010695077461901968
1539,0.4910566210746765,0.4574408531188965,0.33615759015083313,0.00010683884189474558
1540,0.500227689743042,0.4658760726451874,0.34351643919944763,0.00010672690056120399
1541,0.5324629545211792,0.4964093863964081,0.36053594946861267,0.00010661495075931539
1542,0.5080916881561279,0.47328492999076843,0.3480674624443054,0.00010650299263001097
1543,0.5064014196395874,0.47217994928359985,0.34221476316452026,0.0001063910263142323
1544,0.5320194363594055,0.4960251450538635,0.35994312167167664,0.00010627905195293135
1545,0.4988366365432739,0.4651458263397217,0.336908221244812,0.00010616706968707015
1546,0.5333821773529053,0.49662721157073975,0.36754971742630005,0.00010605507965762074
1547,0.4721367061138153,0.4403819441795349,0.3175475001335144,0.00010594308200556483
1548,0.5002085566520691,0.465801477432251,0.344070702791214,0.00010583107687189388
1549,0.47919121384620667,0.446926087141037,0.3226512372493744,0.00010571906439760866
1550,0.5149354934692383,0.48011383414268494,0.34821635484695435,0.00010560704472371919
1551,0.4919202923774719,0.458661288022995,0.33259010314941406,0.0001054950179912446
1552,0.49796199798583984,0.4642152488231659,0.3374675214290619,0.00010538298434121283
1553,0.4874786138534546,0.45460230112075806,0.3287630081176758,0.00010527094391466061
1554,0.5108489394187927,0.4760518968105316,0.3479703962802887,0.00010515889685263316
1555,0.500767707824707,0.4666440188884735,0.3412368595600128,0.00010504684329618409
1556,0.49955013394355774,0.4657590091228485,0.3379111886024475,0.00010493478338637512
1557,0.515958845615387,0.4808494448661804,0.35109421610832214,0.00010482271726427598
1558,0.5052425265312195,0.47091588377952576,0.3432665169239044,0.00010471064507096426
1559,0.49794095754623413,0.46453410387039185,0.3340685963630676,0.00010459856694752521
1560,0.48309674859046936,0.450305700302124,0.3279106020927429,0.00010448648303505151
1561,0.4980217218399048,0.4637754261493683,0.34246301651000977,0.00010437439347464306
1562,0.5176998972892761,0.4819740653038025,0.35725849866867065,0.00010426229840740705
1563,0.5183082222938538,0.48288553953170776,0.35422685742378235,0.00010415019797445738
1564,0.5188526511192322,0.48364266753196716,0.352099746465683,0.00010403809231691486
1565,0.5060931444168091,0.4715738892555237,0.34519243240356445,0.00010392598157590688
1566,0.49901899695396423,0.4648958742618561,0.34123125672340393,0.0001038138658925671
1567,0.49862784147262573,0.46468666195869446,0.3394116461277008,0.00010370174540803556
1568,0.5034095644950867,0.46927380561828613,0.3413577377796173,0.00010358962026345824
1569,0.5283905267715454,0.49243229627609253,0.3595820367336273,0.000103477490599987
1570,0.5125735402107239,0.47792842984199524,0.3464512228965759,0.00010336535655877942
1571,0.5057024359703064,0.47144126892089844,0.3426114320755005,0.00010325321828099854
1572,0.46723672747612,0.43605831265449524,0.31178414821624756,0.00010314107590781284
1573,0.498399943113327,0.4646128714084625,0.33787062764167786,0.00010302892958039583
1574,0.5277443528175354,0.49207764863967896,0.35666680335998535,0.00010291677943992608
1575,0.5280340313911438,0.4920274615287781,0.3600658178329468,0.0001028046256275869
1576,0.49556660652160645,0.4617392420768738,0.33827367424964905,0.00010269246828456629
1577,0.5479711890220642,0.5106134414672852,0.3735772371292114,0.00010258030755205665
1578,0.5297674536705017,0.4939115345478058,0.35855937004089355,0.00010246814357125463
1579,0.49471741914749146,0.4610903263092041,0.33627083897590637,0.00010235597648336104
1580,0.530119776725769,0.4943148195743561,0.3580494821071625,0.00010224380642958052
1581,0.4992852210998535,0.4650670886039734,0.34218141436576843,0.00010213163355112148
1582,0.522767186164856,0.4873051345348358,0.3546207547187805,0.00010201945798919593
1583,0.5259913802146912,0.490143746137619,0.3584766089916229,0.00010190727988501913
1584,0.5173559188842773,0.48216885328292847,0.3518708348274231,0.00010179509937980973
1585,0.5000460743904114,0.4661312699317932,0.33914807438850403,0.00010168291661478923
1586,0.5194172263145447,0.48407599329948425,0.35341212153434753,0.00010157073173118208
1587,0.5156192779541016,0.48040714859962463,0.35212141275405884,0.00010145854487021532
1588,0.5589662790298462,0.5211313962936401,0.37834861874580383,0.00010134635617311853
1589,0.48989027738571167,0.4562198221683502,0.33670440316200256,0.00010123416578112365
1590,0.5510662794113159,0.5126842260360718,0.3838208019733429,0.0001011219738354646
1591,0.4781099259853363,0.446109801530838,0.3200012743473053,0.00010100978047737741
1592,0.4867328107357025,0.4531083405017853,0.3362448215484619,0.00010089758584809979
1593,0.5111483931541443,0.47670844197273254,0.3443993628025055,0.00010078539008887114
1594,0.49111610651016235,0.45765045285224915,0.334656685590744,0.00010067319334093219
1595,0.49362707138061523,0.4602057933807373,0.33421263098716736,0.00010056099574552497
1596,0.49228471517562866,0.45895805954933167,0.33326658606529236,0.00010044879744389257
1597,0.5159004330635071,0.4804205000400543,0.3547993302345276,0.00010033659857727893
1598,0.5250082612037659,0.48925337195396423,0.35754868388175964,0.00010022439928692875
1599,0.507560670375824,0.47296732664108276,0.3459332585334778,0.00010011219971408725
1600,0.4870089590549469,0.45382267236709595,0.3318628668785095,0.0001
1601,0.535900890827179,0.4988967776298523,0.3700411021709442,9.988780028591278e-05
1602,0.4947240650653839,0.46100330352783203,0.3372076749801636,9.977560071307129e-05
1603,0.5153939723968506,0.4799409806728363,0.35452988743782043,9.96634014227211e-05
1604,0.507145881652832,0.4724651873111725,0.3468070924282074,9.955120255610746e-05
1605,0.5188950896263123,0.48299235105514526,0.3590274751186371,9.943900425447505e-05
1606,0.47653937339782715,0.44450435042381287,0.3203500807285309,9.932680665906783e-05
1607,0.5330520272254944,0.49650290608406067,0.36549124121665955,9.921460991112891e-05
1608,0.5157128572463989,0.4807390570640564,0.34973791241645813,9.910241415190021e-05
1609,0.5214296579360962,0.48622411489486694,0.35205525159835815,9.89902195226226e-05
1610,0.5410138368606567,0.5039260983467102,0.37087753415107727,9.887802616453542e-05
1611,0.5199820399284363,0.48464539647102356,0.3533664643764496,9.87658342188764e-05
1612,0.5297815799713135,0.49336159229278564,0.3641997277736664,9.865364382688145e-05
1613,0.5150557160377502,0.4804868698120117,0.3456885814666748,9.85414551297847e-05
1614,0.5324485301971436,0.4959799647331238,0.36468595266342163,9.842926826881796e-05
1615,0.549100935459137,0.5115390419960022,0.3756187856197357,9.831708338521078e-05
1616,0.5019199848175049,0.46759381890296936,0.3432617783546448,9.820490062019029e-05
1617,0.49832984805107117,0.4636998772621155,0.3462996780872345,9.809272011498085e-05
1618,0.49135565757751465,0.45746520161628723,0.33890441060066223,9.798054201080411e-05
1619,0.5325403213500977,0.49584582448005676,0.3669447600841522,9.786836644887856e-05
1620,0.5454948544502258,0.5086309909820557,0.36863866448402405,9.775619357041952e-05
1621,0.5277992486953735,0.49228811264038086,0.35511133074760437,9.764402351663901e-05
1622,0.52471524477005,0.48899582028388977,0.35719427466392517,9.753185642874537e-05
1623,0.5132112503051758,0.47830259799957275,0.34908637404441833,9.741969244794338e-05
1624,0.5041212439537048,0.47025394439697266,0.3386727273464203,9.730753171543374e-05
1625,0.5034314393997192,0.4691113829612732,0.3432003855705261,9.719537437241312e-05
1626,0.5039862394332886,0.46979182958602905,0.34194415807724,9.708322056007397e-05
1627,0.529262363910675,0.4931516647338867,0.3611072301864624,9.697107041960417e-05
1628,0.48229631781578064,0.4498014450073242,0.3249486982822418,9.685892409218717e-05
1629,0.48287433385849,0.45027288794517517,0.32601457834243774,9.674678171900147e-05
1630,0.49962449073791504,0.4655151069164276,0.34109392762184143,9.663464344122064e-05
1631,0.5045561790466309,0.47018054127693176,0.3437564969062805,9.652250940001302e-05
1632,0.48491549491882324,0.4520677328109741,0.3284776508808136,9.641037973654178e-05
1633,0.5056611895561218,0.4714919328689575,0.34169232845306396,9.629825459196446e-05
1634,0.5117937922477722,0.4770595133304596,0.34734290838241577,9.618613410743291e-05
1635,0.5024880170822144,0.4686300754547119,0.33857911825180054,9.607401842409317e-05
1636,0.5252046585083008,0.48920977115631104,0.35994893312454224,9.596190768308515e-05
1637,0.49976858496665955,0.46605440974235535,0.33714184165000916,9.584980202554266e-05
1638,0.5489490628242493,0.5111991763114929,0.377498596906662,9.573770159259299e-05
1639,0.498018354177475,0.46416422724723816,0.33854132890701294,9.562560652535695e-05
1640,0.5331431031227112,0.49699071049690247,0.36152374744415283,9.551351696494854e-05
1641,0.5112718939781189,0.47635984420776367,0.34912076592445374,9.540143305247478e-05
1642,0.5177726745605469,0.48233211040496826,0.3544057309627533,9.528935492903575e-05
1643,0.5469303727149963,0.5088120698928833,0.3811831772327423,9.517728273572403e-05
1644,0.517745852470398,0.48218029737472534,0.35565561056137085,9.506521661362493e-05
1645,0.536828339099884,0.49985045194625854,0.3697788119316101,9.495315670381591e-05
1646,0.5058725476264954,0.47133827209472656,0.34534284472465515,9.484110314736682e-05
1647,0.5174736380577087,0.4819866418838501,0.3548697233200073,9.472905608533941e-05
1648,0.4980635643005371,0.46418899297714233,0.33874568343162537,9.461701565878719e-05
1649,0.5017512440681458,0.4680268168449402,0.33724445104599,9.450498200875546e-05
1650,0.5087034702301025,0.4740245044231415,0.34678950905799866,9.439295527628081e-05
1651,0.5143197774887085,0.4793117642402649,0.35007983446121216,9.428093560239135e-05
1652,0.5368420481681824,0.5001417398452759,0.3670031726360321,9.416892312810614e-05
1653,0.5087016820907593,0.4741787016391754,0.3452295958995819,9.40569179944352e-05
1654,0.49673470854759216,0.4626736044883728,0.34061115980148315,9.394492034237931e-05
1655,0.5021027326583862,0.46801823377609253,0.34084516763687134,9.383293031292985e-05
1656,0.518974244594574,0.4837249517440796,0.3524930775165558,9.372094804706867e-05
1657,0.510292112827301,0.47548431158065796,0.3480777442455292,9.360897368576772e-05
1658,0.5416654348373413,0.5052914619445801,0.3637399673461914,9.349700736998908e-05
1659,0.5038941502571106,0.4700283706188202,0.33865776658058167,9.338504924068462e-05
1660,0.49149230122566223,0.45794180035591125,0.33550509810447693,9.327309943879604e-05
1661,0.5191169381141663,0.48354557156562805,0.355713427066803,9.316115810525446e-05
1662,0.5038415193557739,0.4699843227863312,0.3385722041130066,9.304922538098035e-05
1663,0.5336229205131531,0.497128963470459,0.36493971943855286,9.293730140688336e-05
1664,0.5107277035713196,0.47609004378318787,0.34637686610221863,9.282538632386207e-05
1665,0.48981958627700806,0.45646435022354126,0.33355244994163513,9.2713480272804e-05
1666,0.5185631513595581,0.4835318922996521,0.3503124415874481,9.260158339458514e-05
1667,0.49769097566604614,0.46392717957496643,0.33763810992240906,9.248969583007005e-05
1668,0.5170463919639587,0.48178163170814514,0.35264745354652405,9.237781772011153e-05
1669,0.49463191628456116,0.46076393127441406,0.3386797606945038,9.226594920555037e-05
1670,0.5002901554107666,0.4665943384170532,0.3369584381580353,9.215409042721552e-05
1671,0.5061526298522949,0.47202765941619873,0.3412494659423828,9.204224152592343e-05
1672,0.49963435530662537,0.46563777327537537,0.33996573090553284,9.193040264247829e-05
1673,0.4912834167480469,0.45808327198028564,0.33200153708457947,9.181857391767157e-05
1674,0.5242003202438354,0.4885432720184326,0.35657018423080444,9.170675549228194e-05
1675,0.5068842768669128,0.47189873456954956,0.3498554527759552,9.159494750707526e-05
1676,0.48962172865867615,0.4562092125415802,0.33412522077560425,9.148315010280408e-05
1677,0.49319592118263245,0.46000292897224426,0.3319300413131714,9.137136342020768e-05
1678,0.5214790105819702,0.4855799973011017,0.3589901924133301,9.125958760001189e-05
1679,0.5017898082733154,0.46781444549560547,0.339753657579422,9.114782278292876e-05
1680,0.4972393214702606,0.4634370505809784,0.3380225896835327,9.103606910965666e-05
1681,0.5060139894485474,0.4712041914463043,0.34809812903404236,9.092432672087977e-05
1682,0.5126221179962158,0.4776940643787384,0.34928032755851746,9.08125957572681e-05
1683,0.5204654932022095,0.4854273796081543,0.35038134455680847,9.070087635947733e-05
1684,0.5335270762443542,0.49738696217536926,0.36140114068984985,9.058916866814858e-05
1685,0.5240044593811035,0.48812049627304077,0.35883939266204834,9.047747282390815e-05
1686,0.5330920219421387,0.4967104494571686,0.36381542682647705,9.036578896736752e-05
1687,0.5186275243759155,0.4832150638103485,0.35412490367889404,9.025411723912298e-05
1688,0.47014206647872925,0.43781155347824097,0.32330501079559326,9.014245777975565e-05
1689,0.5025500059127808,0.46851441264152527,0.3403562009334564,9.003081072983117e-05
1690,0.5048118233680725,0.47040340304374695,0.3440839648246765,8.991917622989956e-05
1691,0.4923240542411804,0.45874032378196716,0.3358372747898102,8.980755442049502e-05
1692,0.5096500515937805,0.47514721751213074,0.3450280725955963,8.969594544213578e-05
1693,0.5066991448402405,0.47193238139152527,0.347667396068573,8.95843494353239e-05
1694,0.5042867064476013,0.46957075595855713,0.34715959429740906,8.947276654054518e-05
1695,0.510361909866333,0.47585970163345337,0.3450223505496979,8.936119689826888e-05
1696,0.5266475677490234,0.4908391237258911,0.35808438062667847,8.924964064894753e-05
1697,0.5183129906654358,0.4832526445388794,0.35060369968414307,8.913809793301681e-05
1698,0.5109596848487854,0.47647854685783386,0.3448113203048706,8.902656889089548e-05
1699,0.516441285610199,0.4816162586212158,0.3482500910758972,8.891505366298492e-05
1700,0.4987342655658722,0.4649178385734558,0.338164359331131,8.880355238966923e-05
1701,0.5126100182533264,0.47712424397468567,0.354857474565506,8.869206521131489e-05
1702,0.500648558139801,0.4667925238609314,0.33856019377708435,8.858059226827062e-05
1703,0.5372393131256104,0.5004677176475525,0.3677159547805786,8.846913370086734e-05
1704,0.5126944184303284,0.47783851623535156,0.34855881333351135,8.835768964941773e-05
1705,0.48863667249679565,0.45527687668800354,0.3335980772972107,8.824626025421626e-05
1706,0.5188242793083191,0.4837665557861328,0.35057738423347473,8.813484565553893e-05
1707,0.49469563364982605,0.461447536945343,0.3324810564517975,8.802344599364312e-05
1708,0.513871431350708,0.4789575934410095,0.34913861751556396,8.791206140876746e-05
1709,0.49805352091789246,0.4641217589378357,0.3393175005912781,8.780069204113153e-05
1710,0.5127654075622559,0.4777967631816864,0.3496861457824707,8.768933803093573e-05
1711,0.499864399433136,0.4663139581680298,0.3355043828487396,8.757799951836123e-05
1712,0.5055012702941895,0.47135066986083984,0.3415059745311737,8.746667664356956e-05
1713,0.5021736025810242,0.4682619571685791,0.33911648392677307,8.735536954670275e-05
1714,0.5604842901229858,0.5221233367919922,0.3836093246936798,8.724407836788276e-05
1715,0.5003551840782166,0.4667818546295166,0.3357332944869995,8.713280324721163e-05
1716,0.5145769715309143,0.4791034758090973,0.3547346889972687,8.702154432477115e-05
1717,0.48523908853530884,0.4522908627986908,0.3294822871685028,8.691030174062273e-05
1718,0.494232714176178,0.46093010902404785,0.33302590250968933,8.679907563480726e-05
1719,0.5178175568580627,0.48271867632865906,0.3509889245033264,8.668786614734478e-05
1720,0.5044854283332825,0.4698749780654907,0.3461046516895294,8.657667341823448e-05
1721,0.49988889694213867,0.4661557376384735,0.33733171224594116,8.64654975874544e-05
1722,0.5067791938781738,0.4726952314376831,0.34083932638168335,8.63543387949614e-05
1723,0.5264945030212402,0.4911070466041565,0.353874534368515,8.624319718069084e-05
1724,0.5097748041152954,0.475055992603302,0.3471878170967102,8.613207288455643e-05
1725,0.5282074213027954,0.4923747181892395,0.3583269417285919,8.602096604645009e-05
1726,0.4903354346752167,0.4570832848548889,0.3325214982032776,8.590987680624174e-05
1727,0.5041486620903015,0.4693572223186493,0.3479141592979431,8.579880530377926e-05
1728,0.4684199392795563,0.43671777844429016,0.3170216381549835,8.568775167888806e-05
1729,0.5249287486076355,0.48902276158332825,0.3590599000453949,8.557671607137114e-05
1730,0.5243939757347107,0.488662451505661,0.35731518268585205,8.546569862100876e-05
1731,0.505678653717041,0.47110727429389954,0.3457138240337372,8.53546994675583e-05
1732,0.5091803669929504,0.47417646646499634,0.3500390946865082,8.524371875075425e-05
1733,0.4972352683544159,0.4635176360607147,0.3371763825416565,8.51327566103077e-05
1734,0.4835469424724579,0.45085111260414124,0.32695817947387695,8.502181318590652e-05
1735,0.5168024301528931,0.48107343912124634,0.3572898209095001,8.491088861721486e-05
1736,0.4976711869239807,0.463975727558136,0.33695459365844727,8.479998304387329e-05
1737,0.5027104616165161,0.46855980157852173,0.34150683879852295,8.468909660549837e-05
1738,0.5050389170646667,0.4702885150909424,0.347504198551178,8.457822944168257e-05
1739,0.4745812714099884,0.442261278629303,0.32319995760917664,8.446738169199418e-05
1740,0.50421541929245,0.46997037529945374,0.34245046973228455,8.435655349597689e-05
1741,0.5265127420425415,0.4901559054851532,0.36356833577156067,8.424574499315e-05
1742,0.5068672895431519,0.47192656993865967,0.34940701723098755,8.413495632300784e-05
1743,0.5325600504875183,0.49615049362182617,0.3640955090522766,8.402418762501982e-05
1744,0.5483183264732361,0.5108963251113892,0.3742198944091797,8.391343903863018e-05
1745,0.49631810188293457,0.46253272891044617,0.33785387873649597,8.380271070325789e-05
1746,0.5027970671653748,0.4684314727783203,0.34365591406822205,8.369200275829649e-05
1747,0.48322972655296326,0.4503205120563507,0.32909220457077026,8.358131534311372e-05
1748,0.514927089214325,0.4797033667564392,0.3522373139858246,8.347064859705153e-05
1749,0.5095147490501404,0.47503551840782166,0.34479206800460815,8.336000265942581e-05
1750,0.5043761134147644,0.4703761637210846,0.339999258518219,8.324937766952638e-05
1751,0.5123915076255798,0.47707822918891907,0.35313284397125244,8.313877376661652e-05
1752,0.49797022342681885,0.46405038237571716,0.3391984701156616,8.302819108993312e-05
1753,0.5217631459236145,0.48594552278518677,0.35817599296569824,8.291762977868625e-05
1754,0.515695333480835,0.4812016785144806,0.3449363708496094,8.280708997205904e-05
1755,0.5288402438163757,0.4928847849369049,0.3595547378063202,8.269657180920774e-05
1756,0.5304911732673645,0.49458131194114685,0.3590986132621765,8.258607542926114e-05
1757,0.525414228439331,0.4898078441619873,0.3560640811920166,8.247560097132076e-05
1758,0.5150709748268127,0.4804310202598572,0.3463994264602661,8.236514857446045e-05
1759,0.5174636840820312,0.48218852281570435,0.35275134444236755,8.225471837772623e-05
1760,0.5345482230186462,0.49835988879203796,0.3618835210800171,8.214431052013634e-05
1761,0.4882296025753021,0.4554271697998047,0.3280242085456848,8.203392514068074e-05
1762,0.5132997035980225,0.4786791205406189,0.34620577096939087,8.19235623783212e-05
1763,0.5022067427635193,0.4674300253391266,0.3477673828601837,8.181322237199094e-05
1764,0.51640784740448,0.4812392294406891,0.35168635845184326,8.170290526059452e-05
1765,0.5106564164161682,0.4762484133243561,0.34408000111579895,8.159261118300782e-05
1766,0.5063819289207458,0.4715474545955658,0.3483445942401886,8.14823402780776e-05
1767,0.5213505625724792,0.4858798384666443,0.3547072112560272,8.13720926846214e-05
1768,0.5275461673736572,0.49201449751853943,0.355316698551178,8.126186854142752e-05
1769,0.5369086265563965,0.5002730488777161,0.36635562777519226,8.115166798725478e-05
1770,0.4729113280773163,0.4408719837665558,0.32039332389831543,8.104149116083216e-05
1771,0.49522706866264343,0.46126216650009155,0.33964893221855164,8.093133820085888e-05
1772,0.4844003915786743,0.4514544606208801,0.3294592797756195,8.0821209246004e-05
1773,0.5163946151733398,0.4817050099372864,0.3468959927558899,8.071110443490652e-05
1774,0.4886607527732849,0.45581135153770447,0.32849398255348206,8.060102390617493e-05
1775,0.52217698097229,0.4870240092277527,0.35152995586395264,8.049096779838719e-05
1776,0.5369962453842163,0.5004757642745972,0.36520472168922424,8.038093625009052e-05
1777,0.5054295659065247,0.47152823209762573,0.3390134871006012,8.027092939980115e-05
1778,0.4913104772567749,0.45809462666511536,0.3321586549282074,8.016094738600435e-05
1779,0.5117177963256836,0.4769754707813263,0.34742334485054016,8.005099034715404e-05
1780,0.5443102717399597,0.5066256523132324,0.3768460750579834,7.994105842167273e-05
1781,0.4892904758453369,0.45634788274765015,0.32942599058151245,7.983115174795128e-05
1782,0.5041294097900391,0.4701579809188843,0.3397141695022583,7.972127046434878e-05
1783,0.5455889105796814,0.5082685351371765,0.3732038736343384,7.961141470919233e-05
1784,0.5127541422843933,0.4780394732952118,0.34714657068252563,7.950158462077697e-05
1785,0.5047716498374939,0.4704830050468445,0.34288641810417175,7.939178033736538e-05
1786,0.5036450624465942,0.46965667605400085,0.3398839831352234,7.928200199718774e-05
1787,0.5142937898635864,0.47948533296585083,0.34808477759361267,7.917224973844152e-05
1788,0.5064167976379395,0.4722001552581787,0.3421662151813507,7.906252369929154e-05
1789,0.5141286253929138,0.47932717204093933,0.3480144143104553,7.895282401786945e-05
1790,0.5134567022323608,0.478643536567688,0.3481316566467285,7.884315083227373e-05
1791,0.5150485634803772,0.4802793562412262,0.34769225120544434,7.873350428056957e-05
1792,0.5321736335754395,0.495819628238678,0.3635399639606476,7.862388450078855e-05
1793,0.5116097927093506,0.4764183759689331,0.35191428661346436,7.851429163092868e-05
1794,0.5108308792114258,0.4760373532772064,0.3479350507259369,7.840472580895396e-05
1795,0.5286422371864319,0.4922058582305908,0.36436378955841064,7.829518717279438e-05
1796,0.5045145153999329,0.4702441692352295,0.342703253030777,7.818567586034577e-05
1797,0.512247622013092,0.47771191596984863,0.3453570008277893,7.807619200946942e-05
1798,0.5259578227996826,0.4902230203151703,0.35734817385673523,7.796673575799224e-05
1799,0.5001735091209412,0.46602392196655273,0.34149569272994995,7.785730724370625e-05
1800,0.5459837913513184,0.5088240504264832,0.3715975284576416,7.774790660436858e-05
1801,0.4913371503353119,0.45774054527282715,0.335966020822525,7.763853397770131e-05
1802,0.5183536410331726,0.4833102524280548,0.3504340946674347,7.752918950139119e-05
1803,0.5111913681030273,0.4769156277179718,0.34275731444358826,7.741987331308964e-05
1804,0.5274848341941833,0.49173274636268616,0.3575209379196167,7.731058555041237e-05
1805,0.4934987723827362,0.459759920835495,0.3373884856700897,7.720132635093934e-05
1806,0.5144371390342712,0.47950318455696106,0.3493395745754242,7.709209585221451e-05
1807,0.5090546011924744,0.4739377200603485,0.3511689603328705,7.69828941917458e-05
1808,0.5387539863586426,0.5023624300956726,0.3639157712459564,7.68737215070048e-05
1809,0.5045913457870483,0.4699924886226654,0.34598836302757263,7.676457793542654e-05
1810,0.5057048201560974,0.4712839722633362,0.34420841932296753,7.66554636144095e-05
1811,0.5445337891578674,0.5073164105415344,0.3721737861633301,7.654637868131521e-05
1812,0.5296692252159119,0.49342748522758484,0.36241745948791504,7.643732327346842e-05
1813,0.5091991424560547,0.4743461310863495,0.34853029251098633,7.63282975281565e-05
1814,0.49556130170822144,0.46214115619659424,0.3342016041278839,7.621930158262958e-05
1815,0.5253427028656006,0.48953479528427124,0.35807934403419495,7.611033557410026e-05
1816,0.5072361826896667,0.47307103872299194,0.3416512906551361,7.600139963974341e-05
1817,0.49162557721138,0.4581954777240753,0.3343008756637573,7.589249391669616e-05
1818,0.51420658826828,0.4790850579738617,0.3512151539325714,7.578361854205743e-05
1819,0.5180143713951111,0.48277708888053894,0.3523728847503662,7.567477365288813e-05
1820,0.5010220408439636,0.4667584002017975,0.3426366448402405,7.556595938621058e-05
1821,0.5349640250205994,0.49843159317970276,0.36532407999038696,7.545717587900879e-05
1822,0.5051348805427551,0.4707084894180298,0.34426406025886536,7.534842326822785e-05
1823,0.48983529210090637,0.4566464126110077,0.33188891410827637,7.523970169077402e-05
1824,0.4922933280467987,0.45902684330940247,0.33266496658325195,7.513101128351454e-05
1825,0.5030977725982666,0.4684947729110718,0.3460298478603363,7.502235218327731e-05
1826,0.5033939480781555,0.4692375361919403,0.3415641188621521,7.491372452685094e-05
1827,0.5318406820297241,0.49582555890083313,0.360151469707489,7.48051284509844e-05
1828,0.5108917355537415,0.4762757420539856,0.34616008400917053,7.469656409238685e-05
1829,0.49747002124786377,0.4638253152370453,0.3364470601081848,7.458803158772758e-05
1830,0.507417619228363,0.47278711199760437,0.3463050425052643,7.447953107363574e-05
1831,0.5035830140113831,0.46910417079925537,0.3447882831096649,7.437106268670034e-05
1832,0.5013099908828735,0.4671785831451416,0.3413143754005432,7.426262656346978e-05
1833,0.5281201004981995,0.49251386523246765,0.3560626208782196,7.41542228404519e-05
1834,0.5105734467506409,0.47619277238845825,0.34380683302879333,7.404585165411377e-05
1835,0.4967152178287506,0.4628874361515045,0.33827775716781616,7.393751314088146e-05
1836,0.5092762112617493,0.47476649284362793,0.34509706497192383,7.382920743713999e-05
1837,0.510092556476593,0.4750521779060364,0.3504039943218231,7.372093467923302e-05
1838,0.5071831345558167,0.4723926782608032,0.34790459275245667,7.361269500346274e-05
1839,0.5051819086074829,0.4707111716270447,0.3447074890136719,7.350448854608962e-05
1840,0.5213353037834167,0.48552849888801575,0.3580680191516876,7.339631544333249e-05
1841,0.5369566082954407,0.49997439980506897,0.3698219656944275,7.328817583136804e-05
1842,0.5307720899581909,0.4945468008518219,0.36225268244743347,7.318006984633085e-05
1843,0.46685752272605896,0.4351860284805298,0.31671497225761414,7.307199762431319e-05
1844,0.49907150864601135,0.46490833163261414,0.34163179993629456,7.29639593013647e-05
1845,0.5145468711853027,0.4793374538421631,0.35209426283836365,7.285595501349258e-05
1846,0.5175352096557617,0.48218998312950134,0.35345208644866943,7.274798489666097e-05
1847,0.49556925892829895,0.46211716532707214,0.3345210552215576,7.264004908679112e-05
1848,0.5014686584472656,0.46755897998809814,0.3390968441963196,7.2532147719761e-05
1849,0.5273662805557251,0.4912603795528412,0.3610592186450958,7.242428093140525e-05
1850,0.5108047723770142,0.47587287425994873,0.34931889176368713,7.231644885751507e-05
1851,0.49674326181411743,0.46308594942092896,0.3365730345249176,7.220865163383784e-05
1852,0.48150399327278137,0.44911661744117737,0.3238738179206848,7.210088939607708e-05
1853,0.5147960186004639,0.479769229888916,0.35026758909225464,7.199316227989236e-05
1854,0.5126744508743286,0.47745800018310547,0.35216447710990906,7.18854704208989e-05
1855,0.5266607403755188,0.49093300104141235,0.35727739334106445,7.177781395466772e-05
1856,0.4983871579170227,0.46459683775901794,0.33790329098701477,7.167019301672509e-05
1857,0.5410511493682861,0.5039805173873901,0.3707064986228943,7.156260774255262e-05
1858,0.5230798125267029,0.48736295104026794,0.3571687936782837,7.145505826758707e-05
1859,0.5157680511474609,0.4810546338558197,0.34713390469551086,7.134754472722017e-05
1860,0.5108083486557007,0.47598350048065186,0.3482484221458435,7.124006725679828e-05
1861,0.4977498948574066,0.4643603265285492,0.3338957726955414,7.113262599162245e-05
1862,0.5257948637008667,0.490146279335022,0.35648614168167114,7.102522106694808e-05
1863,0.5311183929443359,0.4951847493648529,0.35933613777160645,7.09178526179849e-05
1864,0.5105056762695312,0.4758744537830353,0.34631216526031494,7.081052077989667e-05
1865,0.5108920335769653,0.476139098405838,0.3475293219089508,7.07032256878011e-05
1866,0.4892534613609314,0.45580682158470154,0.3344663679599762,7.059596747676962e-05
1867,0.49003705382347107,0.45707717537879944,0.32959869503974915,7.048874628182722e-05
1868,0.5225979685783386,0.48667407035827637,0.3592391312122345,7.038156223795224e-05
1869,0.4911498725414276,0.4575645923614502,0.33585283160209656,7.027441548007641e-05
1870,0.525747537612915,0.490369975566864,0.3537755310535431,7.01673061430844e-05
1871,0.5219912528991699,0.4868626892566681,0.3512856662273407,7.006023436181377e-05
1872,0.5195873975753784,0.48380088806152344,0.35786503553390503,6.995320027105481e-05
1873,0.5008112192153931,0.46657437086105347,0.3423687815666199,6.984620400555044e-05
1874,0.5269822478294373,0.49160704016685486,0.35375213623046875,6.973924569999585e-05
1875,0.49600642919540405,0.4623740613460541,0.3363235890865326,6.963232548903853e-05
1876,0.51378333568573,0.4791979193687439,0.3458540439605713,6.952544350727799e-05
1877,0.5320796370506287,0.4959269165992737,0.3615270256996155,6.94185998892655e-05
1878,0.5163484811782837,0.4812745749950409,0.35073935985565186,6.931179476950429e-05
1879,0.49782198667526245,0.46327030658721924,0.3455169200897217,6.920502828244889e-05
1880,0.4853830635547638,0.452658087015152,0.3272498846054077,6.909830056250527e-05
1881,0.5312445163726807,0.49496275186538696,0.36281782388687134,6.899161174403064e-05
1882,0.4834209084510803,0.45041564106941223,0.3300527334213257,6.888496196133317e-05
1883,0.49446672201156616,0.46069633960723877,0.3377038836479187,6.877835134867196e-05
1884,0.5457640290260315,0.507918119430542,0.3784589469432831,6.867178004025676e-05
1885,0.5002209544181824,0.4663020968437195,0.33918848633766174,6.85652481702478e-05
1886,0.5314022302627563,0.4948486387729645,0.3655358552932739,6.845875587275576e-05
1887,0.4819662868976593,0.4491431415081024,0.3282313644886017,6.835230328184138e-05
1888,0.5222272872924805,0.48696163296699524,0.35265645384788513,6.824589053151558e-05
1889,0.5274487137794495,0.49189281463623047,0.35555922985076904,6.813951775573896e-05
1890,0.5117703080177307,0.4768671989440918,0.34903112053871155,6.803318508842187e-05
1891,0.5307485461235046,0.4947371184825897,0.36011436581611633,6.792689266342416e-05
1892,0.5128582715988159,0.47830674052238464,0.34551501274108887,6.782064061455504e-05
1893,0.5440363883972168,0.507483959197998,0.36552441120147705,6.77144290755729e-05
1894,0.5312913656234741,0.49525344371795654,0.3603794276714325,6.760825818018508e-05
1895,0.5289956331253052,0.49301019310951233,0.3598543703556061,6.750212806204777e-05
1896,0.5369278788566589,0.5003969669342041,0.36530888080596924,6.739603885476582e-05
1897,0.5044408440589905,0.469845175743103,0.3459567129611969,6.728999069189263e-05
1898,0.5350388288497925,0.4986454248428345,0.36393430829048157,6.718398370692993e-05
1899,0.5060165524482727,0.4720078408718109,0.34008708596229553,6.707801803332754e-05
1900,0.5108311176300049,0.47599807381629944,0.3483305275440216,6.697209380448333e-05
1901,0.4935322701931,0.4598458707332611,0.3368641138076782,6.68662111537429e-05
1902,0.4936164915561676,0.46020737290382385,0.33409106731414795,6.676037021439971e-05
1903,0.5192511677742004,0.4841352105140686,0.35115960240364075,6.665457111969451e-05
1904,0.49446046352386475,0.4609828293323517,0.33477646112442017,6.654881400281547e-05
1905,0.5046488046646118,0.47014090418815613,0.34507930278778076,6.644309899689793e-05
1906,0.49290379881858826,0.45958802103996277,0.3331577479839325,6.63374262350241e-05
1907,0.5440511107444763,0.5067061185836792,0.3734501004219055,6.623179585022316e-05
1908,0.5189456343650818,0.48365113139152527,0.3529452383518219,6.612620797547087e-05
1909,0.48490893840789795,0.45168983936309814,0.3321911096572876,6.602066274368947e-05
1910,0.5001377463340759,0.46575331687927246,0.3438442349433899,6.59151602877475e-05
1911,0.5064373016357422,0.47180303931236267,0.3463425040245056,6.580970074045975e-05
1912,0.5124557614326477,0.4776683747768402,0.3478738069534302,6.570428423458687e-05
1913,0.5014570355415344,0.46744388341903687,0.34013131260871887,6.559891090283537e-05
1914,0.510967493057251,0.4761752784252167,0.34792226552963257,6.549358087785744e-05
1915,0.5045033693313599,0.4703867435455322,0.3411664664745331,6.538829429225069e-05
1916,0.4593214690685272,0.4283011853694916,0.310202956199646,6.528305127855816e-05
1917,0.4635447561740875,0.4322267472743988,0.3131800889968872,6.517785196926792e-05
1918,0.4946858286857605,0.4611770808696747,0.3350873589515686,6.507269649681307e-05
1919,0.5086171627044678,0.47389185428619385,0.34725314378738403,6.496758499357148e-05
1920,0.5118126273155212,0.4774480164051056,0.3436463177204132,6.486251759186572e-05
1921,0.52559494972229,0.48987191915512085,0.3572300970554352,6.475749442396289e-05
1922,0.488150954246521,0.4551246166229248,0.33026322722435,6.465251562207431e-05
1923,0.48453009128570557,0.4517863988876343,0.32743704319000244,6.454758131835545e-05
1924,0.5424362421035767,0.5053240060806274,0.3711225688457489,6.44426916449058e-05
1925,0.511690080165863,0.4769974946975708,0.34692612290382385,6.43378467337687e-05
1926,0.4690755605697632,0.43717315793037415,0.3190239667892456,6.423304671693107e-05
1927,0.5399705767631531,0.5029252171516418,0.370453417301178,6.412829172632338e-05
1928,0.49511244893074036,0.46178796887397766,0.3332446813583374,6.402358189381934e-05
1929,0.5209880471229553,0.4853144586086273,0.3567357063293457,6.391891735123582e-05
1930,0.5270481109619141,0.4909629225730896,0.36085158586502075,6.38142982303328e-05
1931,0.5121253728866577,0.4764711856842041,0.35654160380363464,6.370972466281291e-05
1932,0.5233753323554993,0.4874891936779022,0.35886141657829285,6.360519678032157e-05
1933,0.5353547930717468,0.4984741806983948,0.36880600452423096,6.350071471444661e-05
1934,0.5132316946983337,0.478480726480484,0.3475099205970764,6.339627859671814e-05
1935,0.5122090578079224,0.47732123732566833,0.34887850284576416,6.32918885586086e-05
1936,0.5029175877571106,0.4682655930519104,0.3465197682380676,6.318754473153221e-05
1937,0.4848839342594147,0.4522278904914856,0.32656046748161316,6.308324724684518e-05
1938,0.4793296754360199,0.44652655720710754,0.32803109288215637,6.297899623584532e-05
1939,0.5546890497207642,0.5169690251350403,0.37720054388046265,6.287479182977184e-05
1940,0.47846096754074097,0.4462302327156067,0.32230719923973083,6.277063415980549e-05
1941,0.5094398260116577,0.474854052066803,0.34585776925086975,6.266652335706802e-05
1942,0.49231261014938354,0.4588012993335724,0.3351130783557892,6.256245955262221e-05
1943,0.5197541117668152,0.48430135846138,0.35452738404273987,6.245844287747168e-05
1944,0.49481478333473206,0.46098488569259644,0.3382989764213562,6.23544734625608e-05
1945,0.48137176036834717,0.448750764131546,0.3262099623680115,6.225055143877434e-05
1946,0.5078471899032593,0.4736349880695343,0.34212204813957214,6.214667693693744e-05
1947,0.48895198106765747,0.4557560980319977,0.33195871114730835,6.20428500878154e-05
1948,0.5063327550888062,0.4722086489200592,0.3412410318851471,6.193907102211358e-05
1949,0.5266420841217041,0.4906786382198334,0.3596346080303192,6.183533987047716e-05
1950,0.49042263627052307,0.45730656385421753,0.33116069436073303,6.173165676349103e-05
1951,0.5048514008522034,0.47025781869888306,0.34593600034713745,6.162802183167954e-05
1952,0.5018709301948547,0.4670336842536926,0.34837254881858826,6.152443520550641e-05
1953,0.5209267139434814,0.4852476119995117,0.3567909002304077,6.14208970153746e-05
1954,0.5442221760749817,0.5069705843925476,0.37251609563827515,6.1317407391626e-05
1955,0.510076105594635,0.47573530673980713,0.34340786933898926,6.121396646454149e-05
1956,0.519580602645874,0.48467734456062317,0.34903234243392944,6.111057436434056e-05
1957,0.5190648436546326,0.48428672552108765,0.34778138995170593,6.1007231221181206e-05
1958,0.48678746819496155,0.45370379090309143,0.33083686232566833,6.090393716515983e-05
1959,0.49970483779907227,0.46571436524391174,0.3399048149585724,6.0800692326311095e-05
1960,0.49532440304756165,0.4615280032157898,0.3379640281200409,6.069749683460765e-05
1961,0.5013588666915894,0.46738821268081665,0.33970630168914795,6.059435081996001e-05
1962,0.48670706152915955,0.4537641406059265,0.32942917943000793,6.049125441221639e-05
1963,0.5117684602737427,0.4771820306777954,0.34586405754089355,6.038820774116265e-05
1964,0.5064418911933899,0.47172266244888306,0.34719231724739075,6.0285210936521955e-05
1965,0.49343398213386536,0.4594419598579407,0.3399202823638916,6.018226412795469e-05
1966,0.4883943200111389,0.4554084241390228,0.32985883951187134,6.0079367445058354e-05
1967,0.5249168872833252,0.4891141355037689,0.3580274283885956,5.997652101736726e-05
1968,0.5095027685165405,0.4751536548137665,0.3434913158416748,5.9873724974352585e-05
1969,0.5200818777084351,0.4846946597099304,0.35387200117111206,5.977097944542198e-05
1970,0.5157275795936584,0.48084938526153564,0.348781943321228,5.9668284559919504e-05
1971,0.5115219354629517,0.47638192772865295,0.3513999879360199,5.956564044712551e-05
1972,0.4983806610107422,0.4644550085067749,0.33925652503967285,5.94630472362564e-05
1973,0.4920105040073395,0.4585348963737488,0.33475616574287415,5.936050505646452e-05
1974,0.5171589851379395,0.48151490092277527,0.3564407527446747,5.925801403683797e-05
1975,0.4772716164588928,0.44525256752967834,0.32019057869911194,5.9155574306400395e-05
1976,0.5088878273963928,0.47419166564941406,0.3469618558883667,5.9053185994110974e-05
1977,0.5176080465316772,0.48225322365760803,0.3535481095314026,5.8950849228864025e-05
1978,0.4970722794532776,0.46379387378692627,0.33278408646583557,5.884856413948913e-05
1979,0.4864940345287323,0.4530349373817444,0.3345908522605896,5.87463308547507e-05
1980,0.514127254486084,0.47862452268600464,0.35502731800079346,5.864414950334796e-05
1981,0.5380827784538269,0.5016856789588928,0.3639708161354065,5.8542020213914726e-05
1982,0.5162858963012695,0.4810173213481903,0.3526860475540161,5.843994311501939e-05
1983,0.526776909828186,0.49086353182792664,0.3591340482234955,5.833791833516453e-05
1984,0.5268113613128662,0.49115505814552307,0.3565628230571747,5.82359460027869e-05
1985,0.5156655311584473,0.4808230400085449,0.3484249711036682,5.8134026246257225e-05
1986,0.539962112903595,0.5034369230270386,0.3652516305446625,5.8032159193879985e-05
1987,0.513178825378418,0.4784196615219116,0.347591757774353,5.793034497389345e-05
1988,0.5006343722343445,0.4668912887573242,0.3374306261539459,5.782858371446927e-05
1989,0.4961291253566742,0.4625183343887329,0.3361079692840576,5.772687554371241e-05
1990,0.4841805696487427,0.45160195231437683,0.3257860541343689,5.762522058966113e-05
1991,0.49857237935066223,0.4645252227783203,0.34047144651412964,5.752361898028653e-05
1992,0.5225493311882019,0.48736482858657837,0.351844847202301,5.7422070843492734e-05
1993,0.5029101967811584,0.46782130002975464,0.35088902711868286,5.732057630711638e-05
1994,0.48011577129364014,0.44774580001831055,0.32369959354400635,5.721913549892674e-05
1995,0.5204024910926819,0.4852607250213623,0.35141775012016296,5.711774854662535e-05
1996,0.5124477744102478,0.4774637520313263,0.3498404920101166,5.701641557784609e-05
1997,0.4912133812904358,0.45777782797813416,0.3343556225299835,5.69151367201548e-05
1998,0.4914667308330536,0.45751768350601196,0.33949053287506104,5.681391210104916e-05
1999,0.47067421674728394,0.43877339363098145,0.3190082311630249,5.671274184795865e-05
2000,0.48517048358917236,0.4515163004398346,0.3365418612957001,5.6611626088244194e-05
2001,0.5140683650970459,0.4789068102836609,0.3516153395175934,5.651056494919831e-05
2002,0.5176194906234741,0.4825522303581238,0.3506726920604706,5.640955855804455e-05
2003,0.5097594261169434,0.47509101033210754,0.3466840982437134,5.63086070419377e-05
2004,0.5058668255805969,0.47173380851745605,0.3413301408290863,5.620771052796339e-05
2005,0.50059574842453,0.4664527475833893,0.34142985939979553,5.610686914313796e-05
2006,0.5342050194740295,0.4981830418109894,0.3602195084095001,5.6006083014408484e-05
2007,0.5173871517181396,0.482177197933197,0.3520995080471039,5.590535226865238e-05
2008,0.5085502862930298,0.473890483379364,0.3465980589389801,5.5804677032677354e-05
2009,0.5042839646339417,0.4700952470302582,0.3418871760368347,5.570405743322124e-05
2010,0.4777628779411316,0.4456081986427307,0.32154664397239685,5.560349359695181e-05
2011,0.5144748687744141,0.47937753796577454,0.35097354650497437,5.550298565046672e-05
2012,0.5211986899375916,0.486011803150177,0.35186901688575745,5.540253372029315e-05
2013,0.5116360783576965,0.47686636447906494,0.34769728779792786,5.53021379328879e-05
2014,0.5088122487068176,0.47442924976348877,0.3438302278518677,5.520179841463693e-05
2015,0.4681076407432556,0.4360118806362152,0.32095766067504883,5.510151529185553e-05
2016,0.5089510083198547,0.47438114881515503,0.34569844603538513,5.5001288690787886e-05
2017,0.49374839663505554,0.46021467447280884,0.33533716201782227,5.490111873760705e-05
2018,0.5024057626724243,0.4686494767665863,0.337562620639801,5.480100555841478e-05
2019,0.536034882068634,0.4994082450866699,0.3662663698196411,5.4700949279241295e-05
2020,0.4780844449996948,0.44557130336761475,0.32513129711151123,5.4600950026045326e-05
2021,0.48510274291038513,0.4525904655456543,0.32512277364730835,5.4501007924713707e-05
2022,0.49001285433769226,0.4566902220249176,0.3332262337207794,5.440112310106134e-05
2023,0.5183219313621521,0.4830371141433716,0.352848082780838,5.4301295680830976e-05
2024,0.5514033436775208,0.5132684707641602,0.3813488483428955,5.420152578969326e-05
2025,0.5338890552520752,0.4978330135345459,0.3605601191520691,5.410181355324622e-05
2026,0.4951395094394684,0.4614340364933014,0.3370547890663147,5.400215909701547e-05
2027,0.5041454434394836,0.4695541262626648,0.34591296315193176,5.390256254645378e-05
2028,0.5253682732582092,0.48932594060897827,0.36042311787605286,5.380302402694104e-05
2029,0.5293737053871155,0.4932408928871155,0.3613278567790985,5.3703543663784074e-05
2030,0.4944099485874176,0.46030017733573914,0.34109780192375183,5.36041215822166e-05
2031,0.48374396562576294,0.45073947310447693,0.3300449252128601,5.3504757907398836e-05
2032,0.5204090476036072,0.48437264561653137,0.36036422848701477,5.340545276441755e-05
2033,0.4858013689517975,0.4528297185897827,0.32971659302711487,5.3306206278285734e-05
2034,0.5320017337799072,0.4956815838813782,0.363201767206192,5.320701857394268e-05
2035,0.5064314603805542,0.47207480669021606,0.34356626868247986,5.3107889776253536e-05
2036,0.518424391746521,0.4830965995788574,0.3532780706882477,5.3008820010009464e-05
2037,0.4908396005630493,0.45716047286987305,0.33679118752479553,5.290980939992713e-05
2038,0.5173211097717285,0.4819234311580658,0.35397666692733765,5.281085807064881e-05
2039,0.5216399431228638,0.4862522482872009,0.35387715697288513,5.27119661467422e-05
2040,0.4702407419681549,0.4383293092250824,0.3191143572330475,5.261313375270014e-05
2041,0.5105645656585693,0.4759182333946228,0.34646302461624146,5.251436101294056e-05
2042,0.5031003952026367,0.4690764248371124,0.34023982286453247,5.2415648051806275e-05
2043,0.5034204125404358,0.46978187561035156,0.3363851308822632,5.231699499356484e-05
2044,0.5167948007583618,0.4813549220561981,0.3543989658355713,5.221840196240848e-05
2045,0.5078147649765015,0.47337308526039124,0.3444168269634247,5.211986908245374e-05
2046,0.506929874420166,0.4722525477409363,0.3467729687690735,5.202139647774149e-05
2047,0.4832437038421631,0.45015332102775574,0.3309037387371063,5.192298427223676e-05
2048,0.5297449827194214,0.4940309524536133,0.35714006423950195,5.182463258982846e-05
2049,0.4987793564796448,0.4642854630947113,0.3449389934539795,5.172634155432943e-05
2050,0.5353081226348877,0.49887898564338684,0.36429134011268616,5.1628111289476035e-05
2051,0.5467758774757385,0.5094249248504639,0.37350937724113464,5.1529941918928204e-05
2052,0.5029770731925964,0.46901795268058777,0.33959129452705383,5.143183356626916e-05
2053,0.5090234279632568,0.4747433066368103,0.3428013026714325,5.133378635500543e-05
2054,0.5129774808883667,0.47764480113983154,0.3533268868923187,5.123580040856644e-05
2055,0.5205893516540527,0.48523464798927307,0.3535471558570862,5.113787585030454e-05
2056,0.5210575461387634,0.4858083128929138,0.3524925112724304,5.1040012803494795e-05
2057,0.5142602920532227,0.4793688952922821,0.34891390800476074,5.0942211391334824e-05
2058,0.4803045094013214,0.44775307178497314,0.32551437616348267,5.084447173694469e-05
2059,0.48300251364707947,0.4502910375595093,0.32711470127105713,5.0746793963366744e-05
2060,0.48311471939086914,0.4505065083503723,0.3260822296142578,5.0649178193565314e-05
2061,0.503389835357666,0.4690694212913513,0.34320399165153503,5.055162455042679e-05
2062,0.5128859877586365,0.47808927297592163,0.34796738624572754,5.045413315675924e-05
2063,0.5143171548843384,0.47897210717201233,0.35345032811164856,5.035670413529251e-05
2064,0.5101763010025024,0.47547444701194763,0.34701859951019287,5.025933760867781e-05
2065,0.5253487229347229,0.4894426465034485,0.3590608239173889,5.016203369948773e-05
2066,0.5240480899810791,0.48842886090278625,0.3561919927597046,5.006479253021597e-05
2067,0.514833390712738,0.47950470447540283,0.3532869517803192,4.996761422327737e-05
2068,0.5148458480834961,0.4797087013721466,0.35137149691581726,4.9870498901007524e-05
2069,0.5111597776412964,0.4761299788951874,0.3502981662750244,4.977344668566275e-05
2070,0.5054007768630981,0.4714147448539734,0.3398600220680237,4.967645769942e-05
2071,0.5114122033119202,0.47674521803855896,0.3466697633266449,4.957953206437651e-05
2072,0.49682843685150146,0.4633418023586273,0.3348662853240967,4.9482669902549894e-05
2073,0.509331464767456,0.47428861260414124,0.3504284918308258,4.938587133587777e-05
2074,0.5274815559387207,0.49080193042755127,0.3667964041233063,4.92891364862177e-05
2075,0.47200635075569153,0.44029149413108826,0.31714850664138794,4.919246547534708e-05
2076,0.5025931000709534,0.46855372190475464,0.3403938412666321,4.909585842496287e-05
2077,0.5321061611175537,0.495545893907547,0.36560240387916565,4.899931545668164e-05
2078,0.4854665696620941,0.4523497521877289,0.3311682641506195,4.890283669203915e-05
2079,0.477273553609848,0.4450552761554718,0.32218286395072937,4.880642225249041e-05
2080,0.5438281297683716,0.5066571831703186,0.37170925736427307,4.87100722594094e-05
2081,0.5085063576698303,0.4740706980228424,0.34435632824897766,4.8613786834089024e-05
2082,0.5356612205505371,0.4996737539768219,0.3598743975162506,4.851756609774094e-05
2083,0.5380844473838806,0.5009678602218628,0.3711659014225006,4.842141017149526e-05
2084,0.48373809456825256,0.45108240842819214,0.3265567719936371,4.8325319176400576e-05
2085,0.5232001543045044,0.4873422682285309,0.3585785925388336,4.822929323342369e-05
2086,0.49887722730636597,0.4651554226875305,0.3372179865837097,4.81333324634496e-05
2087,0.5179173946380615,0.48275479674339294,0.351625919342041,4.8037436987281194e-05
2088,0.4979011118412018,0.4640427529811859,0.33858370780944824,4.794160692563917e-05
2089,0.5240989923477173,0.4883412718772888,0.35757723450660706,4.7845842399161874e-05
2090,0.4908081293106079,0.45705342292785645,0.3375469744205475,4.7750143528405126e-05
2091,0.505861759185791,0.4716702699661255,0.3419151306152344,4.76545104338422e-05
2092,0.5210496187210083,0.48588016629219055,0.35169458389282227,4.755894323586342e-05
2093,0.5363092422485352,0.4996950924396515,0.3661416172981262,4.746344205477631e-05
2094,0.5520516633987427,0.514032244682312,0.38019394874572754,4.736800701080515e-05
2095,0.5150146484375,0.47902655601501465,0.3598809242248535,4.727263822409099e-05
2096,0.5033995509147644,0.4696771204471588,0.33722442388534546,4.717733581469157e-05
2097,0.49590474367141724,0.4622724652290344,0.3363227844238281,4.708209990258095e-05
2098,0.4890618920326233,0.4560711681842804,0.3299073278903961,4.6986930607649535e-05
2099,0.5319855809211731,0.49577856063842773,0.36207032203674316,4.68918280497038e-05
2100,0.523450493812561,0.48756152391433716,0.35888993740081787,4.6796792348466356e-05
2101,0.5273187160491943,0.4914974570274353,0.3582126796245575,4.67018236235755e-05
2102,0.49635571241378784,0.46208444237709045,0.3427126109600067,4.6606921994585274e-05
2103,0.4792754054069519,0.44665199518203735,0.32623395323753357,4.651208758096521e-05
2104,0.5358493328094482,0.4995095729827881,0.36339765787124634,4.6417320502100316e-05
2105,0.4672926068305969,0.43597808480262756,0.3131452798843384,4.63226208772908e-05
2106,0.5295900106430054,0.4936174154281616,0.35972583293914795,4.62279888257519e-05
2107,0.5241224765777588,0.4885686933994293,0.3555375635623932,4.613342446661383e-05
2108,0.5394648909568787,0.5030178427696228,0.3644702136516571,4.603892791892157e-05
2109,0.4833557605743408,0.4505992829799652,0.3275648355484009,4.594449930163471e-05
2110,0.5060374140739441,0.47122451663017273,0.3481292426586151,4.5850138733627434e-05
2111,0.5291919708251953,0.4931647479534149,0.3602721691131592,4.575584633368815e-05
2112,0.4938746392726898,0.46023425459861755,0.3364037275314331,4.566162222051946e-05
2113,0.5141876935958862,0.47956404089927673,0.34623631834983826,4.556746651273802e-05
2114,0.5001780390739441,0.46655264496803284,0.33625367283821106,4.547337932887443e-05
2115,0.48607543110847473,0.45288175344467163,0.33193686604499817,4.537936078737292e-05
2116,0.5026174783706665,0.4685348570346832,0.34082621335983276,4.52854110065914e-05
2117,0.5230587720870972,0.4872860610485077,0.3577269911766052,4.519153010480118e-05
2118,0.5390451550483704,0.5023704171180725,0.366747111082077,4.5097718200186814e-05
2119,0.5364751219749451,0.4991980791091919,0.3727705478668213,4.50039754108461e-05
2120,0.533613920211792,0.49717116355895996,0.36442747712135315,4.491030185478976e-05
2121,0.5042473077774048,0.46998924016952515,0.34258079528808594,4.481669764994134e-05
2122,0.5115383863449097,0.477042019367218,0.3449637293815613,4.472316291413715e-05
2123,0.5089433789253235,0.4744976758956909,0.34445691108703613,4.4629697765125934e-05
2124,0.5070728659629822,0.4728143811225891,0.34258460998535156,4.453630232056901e-05
2125,0.47076502442359924,0.4387185573577881,0.3204646408557892,4.444297669803981e-05
2126,0.5124608278274536,0.4766916036605835,0.3576923906803131,4.434972101502385e-05
2127,0.48780983686447144,0.4550838768482208,0.32725951075553894,4.425653538891874e-05
2128,0.5214750170707703,0.4863528907299042,0.3512214422225952,4.416341993703373e-05
2129,0.5191137790679932,0.4838746190071106,0.3523915112018585,4.407037477658992e-05
2130,0.48688244819641113,0.4538651704788208,0.33017289638519287,4.3977400024719725e-05
2131,0.528771162033081,0.4924987852573395,0.36272355914115906,4.388449579846705e-05
2132,0.5261024236679077,0.4907367527484894,0.3536566495895386,4.379166221478697e-05
2133,0.48724114894866943,0.45412835478782654,0.3311280310153961,4.36988993905456e-05
2134,0.5381820797920227,0.5012190341949463,0.36963072419166565,4.36062074425201e-05
2135,0.526776909828186,0.4916408658027649,0.3513602614402771,4.351358648739826e-05
2136,0.5064811706542969,0.4717826545238495,0.3469851613044739,4.3421036641778556e-05
2137,0.5015456080436707,0.46724796295166016,0.34297633171081543,4.332855802217e-05
2138,0.5341299772262573,0.4976637661457062,0.3646620512008667,4.323615074499183e-05
2139,0.4791269302368164,0.4468069076538086,0.32320016622543335,4.31438149265736e-05
2140,0.5115163326263428,0.4770123064517975,0.3450400233268738,4.305155068315481e-05
2141,0.5032166838645935,0.4688419699668884,0.343747079372406,4.295935813088487e-05
2142,0.5213115215301514,0.48537448048591614,0.3593704402446747,4.2867237385822935e-05
2143,0.4875813126564026,0.4544919431209564,0.3308936059474945,4.2775188563937843e-05
2144,0.515449583530426,0.4800453186035156,0.3540428876876831,4.268321178110779e-05
2145,0.5056819319725037,0.47120845317840576,0.3447346091270447,4.259130715312033e-05
2146,0.5161539912223816,0.48111283779144287,0.3504115641117096,4.249947479567218e-05
2147,0.48124977946281433,0.4487316906452179,0.32518085837364197,4.2407714824369024e-05
2148,0.4865524470806122,0.453507661819458,0.3304477632045746,4.231602735472552e-05
2149,0.5173063278198242,0.48193079233169556,0.353755384683609,4.222441250216502e-05
2150,0.5093636512756348,0.4747943878173828,0.3456927537918091,4.213287038201943e-05
2151,0.5082006454467773,0.47347018122673035,0.3473046123981476,4.20414011095291e-05
2152,0.5255483984947205,0.4897073209285736,0.35841089487075806,4.195000479984265e-05
2153,0.5184056758880615,0.4831819236278534,0.3522372543811798,4.185868156801694e-05
2154,0.5397948026657104,0.5020657777786255,0.3772902190685272,4.1767431529016766e-05
2155,0.5050614476203918,0.4709368050098419,0.34124642610549927,4.1676254797714766e-05
2156,0.5048490762710571,0.47106918692588806,0.33779895305633545,4.1585151488891305e-05
2157,0.5163647532463074,0.48117920756340027,0.351855605840683,4.149412171723438e-05
2158,0.5059176683425903,0.4714961051940918,0.34421542286872864,4.140316559733935e-05
2159,0.4739922285079956,0.4420415163040161,0.31950700283050537,4.1312283243708836e-05
2160,0.4880082905292511,0.45496273040771484,0.3304556608200073,4.12214747707527e-05
2161,0.5056802034378052,0.4713604152202606,0.3431978225708008,4.113074029278765e-05
2162,0.5003957152366638,0.46615710854530334,0.342385858297348,4.1040079924037386e-05
2163,0.5073724389076233,0.4735158383846283,0.338565856218338,4.0949493778632244e-05
2164,0.5177150964736938,0.48208457231521606,0.35630545020103455,4.085898197060911e-05
2165,0.502432107925415,0.4683797061443329,0.34052371978759766,4.0768544613911294e-05
2166,0.5211871862411499,0.4858319163322449,0.3535527288913727,4.067818182238838e-05
2167,0.48521384596824646,0.452184796333313,0.3302905261516571,4.058789370979617e-05
2168,0.5326588749885559,0.4962877333164215,0.3637116849422455,4.049768038979631e-05
2169,0.5009596943855286,0.4670563340187073,0.33903342485427856,4.04075419759564e-05
2170,0.512948751449585,0.4783599376678467,0.3458883762359619,4.031747858174964e-05
2171,0.4836249053478241,0.4508090019226074,0.32815906405448914,4.0227490320554916e-05
2172,0.5368279218673706,0.49998295307159424,0.36844947934150696,4.0137577305656485e-05
2173,0.4947696924209595,0.46062594652175903,0.34143751859664917,4.004773965024383e-05
2174,0.5157170295715332,0.48077628016471863,0.3494076728820801,3.9957977467411615e-05
2175,0.49768364429473877,0.46359869837760925,0.3408493399620056,3.9868290870159405e-05
2176,0.46569496393203735,0.43364086747169495,0.3205409348011017,3.9778679971391785e-05
2177,0.49149492383003235,0.458313912153244,0.33181002736091614,3.96891448839179e-05
2178,0.5318581461906433,0.49592217803001404,0.35935962200164795,3.959968572045148e-05
2179,0.5270564556121826,0.4910997748374939,0.35956665873527527,3.951030259361072e-05
2180,0.507455587387085,0.4730471968650818,0.3440842032432556,3.942099561591802e-05
2181,0.4916762113571167,0.4585207998752594,0.33155420422554016,3.933176489980005e-05
2182,0.5206265449523926,0.48534584045410156,0.35280701518058777,3.924261055758731e-05
2183,0.5048349499702454,0.4706183075904846,0.34216615557670593,3.915353270151433e-05
2184,0.5281179547309875,0.4922357499599457,0.3588218092918396,3.90645314437192e-05
2185,0.5229290127754211,0.4876667559146881,0.3526224195957184,3.897560689624362e-05
2186,0.5048720836639404,0.47025278210639954,0.3461930453777313,3.888675917103283e-05
2187,0.5341693758964539,0.497653990983963,0.36515378952026367,3.879798837993521e-05
2188,0.4949257969856262,0.46124428510665894,0.3368150293827057,3.8709294634702376e-05
2189,0.5023103952407837,0.46810516715049744,0.3420525789260864,3.862067804698889e-05
2190,0.5272578597068787,0.49141183495521545,0.3584602177143097,3.853213872835228e-05
2191,0.4948118329048157,0.4608243405818939,0.33987486362457275,3.844367679025274e-05
2192,0.51485675573349,0.47979170083999634,0.3506507873535156,3.8355292344053026e-05
2193,0.5168076753616333,0.4812421202659607,0.3556556701660156,3.826698550101836e-05
2194,0.5091150403022766,0.47440212965011597,0.3471292555332184,3.8178756372316294e-05
2195,0.5169151425361633,0.481905460357666,0.35009658336639404,3.8090605069016595e-05
2196,0.5054962038993835,0.4714841842651367,0.3401203751564026,3.800253170209094e-05
2197,0.5160270929336548,0.4804662764072418,0.3556080460548401,3.7914536382412956e-05
2198,0.5080882906913757,0.47321492433547974,0.348733514547348,3.782661922075803e-05
2199,0.5247163772583008,0.4888751804828644,0.3584120273590088,3.773878032780309e-05
2200,0.5157085061073303,0.48027756810188293,0.354309618473053,3.7651019814126654e-05
2201,0.530982255935669,0.4945324957370758,0.3644973337650299,3.7563337790208476e-05
2202,0.5334471464157104,0.49690067768096924,0.3654647171497345,3.747573436642951e-05
2203,0.5054419636726379,0.4707285761833191,0.34713393449783325,3.738820965307176e-05
2204,0.511691153049469,0.47699809074401855,0.34693071246147156,3.730076376031821e-05
2205,0.4888322353363037,0.4553988575935364,0.3343336880207062,3.721339679825252e-05
2206,0.504305899143219,0.46995973587036133,0.34346136450767517,3.712610887685909e-05
2207,0.5015864372253418,0.46779122948646545,0.33795201778411865,3.703890010602274e-05
2208,0.45371413230895996,0.423490434885025,0.3022368550300598,3.695177059552861e-05
2209,0.502385675907135,0.46884238719940186,0.3354330360889435,3.686472045506223e-05
2210,0.5041048526763916,0.4700630307197571,0.3404180407524109,3.677774979420904e-05
2211,0.5405829548835754,0.5037834644317627,0.3679947257041931,3.66908587224545e-05
2212,0.4894523322582245,0.456277996301651,0.3317432999610901,3.660404734918387e-05
2213,0.5096743106842041,0.4751226007938385,0.3455173671245575,3.6517315783682036e-05
2214,0.5013603568077087,0.4675843119621277,0.3377606272697449,3.643066413513354e-05
2215,0.5243058800697327,0.488254189491272,0.3605169355869293,3.634409251262217e-05
2216,0.5158089399337769,0.48084062337875366,0.34968307614326477,3.6257601025131026e-05
2217,0.5150258541107178,0.4802100360393524,0.34815841913223267,3.61711897815424e-05
2218,0.4850546717643738,0.45190826058387756,0.3314639925956726,3.608485889063744e-05
2219,0.5077029466629028,0.4734659790992737,0.3423696756362915,3.599860846109626e-05
2220,0.4913211464881897,0.4581151008605957,0.33206045627593994,3.591243860149759e-05
2221,0.530095100402832,0.49381810426712036,0.36276981234550476,3.582634942031878e-05
2222,0.4926026165485382,0.4587743580341339,0.33828261494636536,3.574034102593557e-05
2223,0.5207244157791138,0.48536962270736694,0.3535478413105011,3.565441352662211e-05
2224,0.5065416693687439,0.47209247946739197,0.3444920778274536,3.556856703055058e-05
2225,0.5210728645324707,0.4853931665420532,0.3567966818809509,3.548280164579126e-05
2226,0.5206779837608337,0.4851149022579193,0.3556306064128876,3.539711748031227e-05
2227,0.5121767520904541,0.47754591703414917,0.3463084101676941,3.531151464197957e-05
2228,0.5073109269142151,0.47279560565948486,0.34515294432640076,3.5225993238556644e-05
2229,0.5149433016777039,0.4798363447189331,0.35106977820396423,3.514055337770455e-05
2230,0.5305989384651184,0.4948942959308624,0.35704630613327026,3.5055195166981645e-05
2231,0.4980219602584839,0.4638957381248474,0.34126225113868713,3.496991871384346e-05
2232,0.5150154829025269,0.4795958995819092,0.3541959822177887,3.488472412564264e-05
2233,0.5189316868782043,0.4832076132297516,0.3572410047054291,3.479961150962884e-05
2234,0.49500083923339844,0.4612138271331787,0.3378700911998749,3.4714580972948406e-05
2235,0.532619833946228,0.49590304493904114,0.3671680986881256,3.462963262264444e-05
2236,0.5257371664047241,0.49022072553634644,0.35516467690467834,3.4544766565656505e-05
2237,0.5523781776428223,0.5147206783294678,0.376575231552124,3.445998290882062e-05
2238,0.5162442922592163,0.4810698330402374,0.35174447298049927,3.4375281758869114e-05
2239,0.5166237950325012,0.48138001561164856,0.35243770480155945,3.429066322243033e-05
2240,0.5207754373550415,0.48531338572502136,0.3546203374862671,3.420612740602875e-05
2241,0.5218554735183716,0.4863930642604828,0.35462433099746704,3.4121674416084584e-05
2242,0.5202693343162537,0.4845740795135498,0.3569526672363281,3.403730435891391e-05
2243,0.4905223846435547,0.4576234221458435,0.3289896249771118,3.39530173407283e-05
2244,0.5118941068649292,0.47740107774734497,0.3449305593967438,3.386881346763483e-05
2245,0.5161756277084351,0.48110678791999817,0.3506886959075928,3.378469284563589e-05
2246,0.4774860143661499,0.4454898536205292,0.31996166706085205,3.370065558062906e-05
2247,0.49641239643096924,0.46207794547080994,0.3433443605899811,3.3616701778407065e-05
2248,0.5054338574409485,0.471340537071228,0.3409334123134613,3.353283154465746e-05
2249,0.529468834400177,0.4933602809906006,0.36108526587486267,3.34490449849626e-05
2250,0.5263432264328003,0.49114900827407837,0.35194239020347595,3.336534220479961e-05
2251,0.5033680200576782,0.46885156631469727,0.34516483545303345,3.3281723309540025e-05
2252,0.4882543683052063,0.4552830159664154,0.329713374376297,3.319818840444987e-05
2253,0.5293630361557007,0.4934282600879669,0.3593476116657257,3.311473759468938e-05
2254,0.5022842884063721,0.46832937002182007,0.3395489752292633,3.3031370985312934e-05
2255,0.5278456807136536,0.49166253209114075,0.361831396818161,3.294808868126894e-05
2256,0.5151205658912659,0.48045650124549866,0.34664055705070496,3.28648907873996e-05
2257,0.498507559299469,0.4644777178764343,0.3402984142303467,3.2781777408441e-05
2258,0.49751582741737366,0.4637593626976013,0.3375646471977234,3.269874864902269e-05
2259,0.5055103898048401,0.47112900018692017,0.3438141644001007,3.261580461366776e-05
2260,0.5093075633049011,0.47485241293907166,0.3445512652397156,3.253294540679257e-05
2261,0.5467140078544617,0.5089548230171204,0.3775915801525116,3.245017113270685e-05
2262,0.5103939771652222,0.4753125011920929,0.3508150577545166,3.236748189561324e-05
2263,0.49680593609809875,0.46264582872390747,0.3416009545326233,3.228487779960745e-05
2264,0.49678000807762146,0.46307384967803955,0.33706146478652954,3.220235894867794e-05
2265,0.49947381019592285,0.46554258465766907,0.3393123149871826,3.211992544670581e-05
2266,0.5263901352882385,0.49094128608703613,0.35448867082595825,3.203757739746489e-05
2267,0.4951898455619812,0.4618738293647766,0.3331601321697235,3.195531490462128e-05
2268,0.5322872996330261,0.4959224462509155,0.36364832520484924,3.18731380717334e-05
2269,0.5255295038223267,0.48933976888656616,0.36189717054367065,3.1791047002251884e-05
2270,0.5389198660850525,0.5023218393325806,0.36598002910614014,3.1709041799519315e-05
2271,0.48995521664619446,0.456900030374527,0.33055195212364197,3.162712256677032e-05
2272,0.4917769134044647,0.45796850323677063,0.3380841910839081,3.154528940713113e-05
2273,0.5170696973800659,0.4818321466445923,0.35237568616867065,3.1463542423619794e-05
2274,0.47992685437202454,0.4475354254245758,0.3239142894744873,3.1381881719145724e-05
2275,0.5016288161277771,0.4677465558052063,0.33882272243499756,3.130030739650983e-05
2276,0.5241560935974121,0.4883790612220764,0.3577703535556793,3.121881955840421e-05
2277,0.5188044309616089,0.48401230573654175,0.3479212522506714,3.1137418307412116e-05
2278,0.5128178000450134,0.4776063561439514,0.3521144986152649,3.105610374600778e-05
2279,0.4979425072669983,0.46419960260391235,0.33742910623550415,3.0974875976556284e-05
2280,0.5162712931632996,0.4809689223766327,0.3530236780643463,3.089373510131355e-05
2281,0.4973386228084564,0.4634019732475281,0.33936643600463867,3.081268122242598e-05
2282,0.5369564890861511,0.5002962946891785,0.366601824760437,3.073171444193055e-05
2283,0.4804933965206146,0.4482629597187042,0.32230427861213684,3.065083486175451e-05
2284,0.5242293477058411,0.4885694086551666,0.35659918189048767,3.057004258371541e-05
2285,0.4988695979118347,0.4653021991252899,0.33567389845848083,3.0489337709520917e-05
2286,0.4868471920490265,0.4537534713745117,0.33093729615211487,3.0408720340768572e-05
2287,0.5176247954368591,0.4828968048095703,0.3472799062728882,3.0328190578945815e-05
2288,0.4962220788002014,0.4628082513809204,0.3341381549835205,3.0247748525429787e-05
2289,0.4872617721557617,0.4538341462612152,0.33427634835243225,3.0167394281487184e-05
2290,0.5274206399917603,0.4916030168533325,0.3581761419773102,3.008712794827426e-05
2291,0.49953410029411316,0.4655105471611023,0.34023553133010864,3.00069496268365e-05
2292,0.4718829095363617,0.43989241123199463,0.31990498304367065,2.9926859418108644e-05
2293,0.509039044380188,0.4745357930660248,0.3450326919555664,2.9846857422914433e-05
2294,0.5136876106262207,0.47844770550727844,0.3523990213871002,2.97669437419667e-05
2295,0.5038267970085144,0.4695020914077759,0.34324681758880615,2.9687118475866947e-05
2296,0.4800688326358795,0.44732582569122314,0.3274300992488861,2.960738172510551e-05
2297,0.5294766426086426,0.4935258626937866,0.35950782895088196,2.952773359006119e-05
2298,0.5018323659896851,0.46823886036872864,0.3359350860118866,2.9448174171001254e-05
2299,0.4888864755630493,0.45594507455825806,0.329414039850235,2.9368703568081356e-05
2300,0.515482485294342,0.4807189106941223,0.34763553738594055,2.9289321881345254e-05
2301,0.4916178584098816,0.457352876663208,0.34264981746673584,2.921002921072481e-05
2302,0.5055512189865112,0.47164398431777954,0.3390726149082184,2.913082565603982e-05
2303,0.4858590066432953,0.45251503586769104,0.33343958854675293,2.9051711316997864e-05
2304,0.5112403035163879,0.4765416383743286,0.3469867706298828,2.8972686293194308e-05
2305,0.4869203269481659,0.453222393989563,0.33697935938835144,2.8893750684111975e-05
2306,0.5165048837661743,0.4807577133178711,0.3574720025062561,2.8814904589121137e-05
2307,0.48887938261032104,0.45550039410591125,0.3337898850440979,2.8736148107479478e-05
2308,0.5252270102500916,0.4898366332054138,0.353903591632843,2.8657481338331715e-05
2309,0.5349950790405273,0.49852192401885986,0.3647313714027405,2.8578904380709793e-05
2310,0.48965132236480713,0.45632222294807434,0.3332911431789398,2.850041733353247e-05
2311,0.49780210852622986,0.46401986479759216,0.3378225266933441,2.842202029560538e-05
2312,0.49114298820495605,0.4572642743587494,0.3387870192527771,2.8343713365620772e-05
2313,0.495232492685318,0.46167510747909546,0.3355739116668701,2.8265496642157597e-05
2314,0.5050362348556519,0.4708685874938965,0.3416764438152313,2.8187370223681132e-05
2315,0.5008634924888611,0.466943621635437,0.33919861912727356,2.8109334208542993e-05
2316,0.503955602645874,0.4696788191795349,0.3427676260471344,2.803138869498102e-05
2317,0.48324283957481384,0.4506734311580658,0.3256940245628357,2.7953533781119055e-05
2318,0.501246452331543,0.46713054180145264,0.34115898609161377,2.7875769564966968e-05
2319,0.5051648020744324,0.4704791009426117,0.34685713052749634,2.779809614442046e-05
2320,0.5037707686424255,0.469680517911911,0.3409023880958557,2.7720513617260856e-05
2321,0.5152695178985596,0.48037320375442505,0.3489631414413452,2.764302208115509e-05
2322,0.49133870005607605,0.45827361941337585,0.33065086603164673,2.7565621633655502e-05
2323,0.4956211447715759,0.46184906363487244,0.337720662355423,2.74883123721999e-05
2324,0.5154451131820679,0.48065152764320374,0.34793615341186523,2.741109439411117e-05
2325,0.5142850875854492,0.47931399941444397,0.3497106432914734,2.7333967796597315e-05
2326,0.5024458169937134,0.46852660179138184,0.33919185400009155,2.7256932676751323e-05
2327,0.5117934942245483,0.47679612040519714,0.3499739170074463,2.7179989131550977e-05
2328,0.5062606930732727,0.47144097089767456,0.34819716215133667,2.7103137257858868e-05
2329,0.520673394203186,0.48537126183509827,0.35302117466926575,2.7026377152422067e-05
2330,0.49295979738235474,0.45967698097229004,0.33282825350761414,2.694970891187224e-05
2331,0.49692076444625854,0.4629371464252472,0.3398362696170807,2.6873132632725297e-05
2332,0.515565812587738,0.48020562529563904,0.35360199213027954,2.6796648411381485e-05
2333,0.5290418863296509,0.49224168062210083,0.3680018186569214,2.672025634412506e-05
2334,0.5055087804794312,0.4709170162677765,0.3459177613258362,2.6643956527124335e-05
2335,0.5054131746292114,0.4711810350418091,0.3423214554786682,2.6567749056431467e-05
2336,0.49774789810180664,0.4636414647102356,0.3410644829273224,2.6491634027982325e-05
2337,0.5183572173118591,0.48315975069999695,0.3519747853279114,2.6415611537596496e-05
2338,0.5190598368644714,0.483327180147171,0.3573264479637146,2.6339681680977013e-05
2339,0.5206129550933838,0.4855528473854065,0.35060086846351624,2.6263844553710236e-05
2340,0.4981261193752289,0.4644380807876587,0.33688032627105713,2.6188100251265945e-05
2341,0.5047243237495422,0.47010335326194763,0.3462095558643341,2.6112448868996897e-05
2342,0.4977276027202606,0.4640326499938965,0.3369496166706085,2.6036890502139035e-05
2343,0.5258675813674927,0.49030575156211853,0.3556183874607086,2.5961425245811055e-05
2344,0.4899199903011322,0.45688724517822266,0.3303273618221283,2.5886053195014538e-05
2345,0.4816754460334778,0.4492266774177551,0.3244878053665161,2.5810774444633644e-05
2346,0.5012090802192688,0.4673803746700287,0.3382871150970459,2.573558908943523e-05
2347,0.528403639793396,0.49253135919570923,0.35872265696525574,2.5660497224068415e-05
2348,0.5174845457077026,0.4825272262096405,0.34957295656204224,2.5585498943064724e-05
2349,0.5249965190887451,0.48937278985977173,0.3562372028827667,2.5510594340837824e-05
2350,0.49169638752937317,0.4585711658000946,0.3312523066997528,2.5435783511683443e-05
2351,0.49923765659332275,0.46562981605529785,0.3360784947872162,2.5361066549779356e-05
2352,0.4938380718231201,0.4607076048851013,0.3313045799732208,2.5286443549185036e-05
2353,0.4977147579193115,0.46419966220855713,0.3351510763168335,2.521191460384178e-05
2354,0.507154643535614,0.4730837941169739,0.34070834517478943,2.5137479807572427e-05
2355,0.49645498394966125,0.463019996881485,0.33434978127479553,2.506313925408127e-05
2356,0.5104761719703674,0.4751770496368408,0.3529911935329437,2.4988893036954053e-05
2357,0.499311238527298,0.46584051847457886,0.3347073197364807,2.4914741249657658e-05
2358,0.4685162901878357,0.43683359026908875,0.3168271481990814,2.484068398554016e-05
2359,0.4915354549884796,0.45827218890190125,0.33263272047042847,2.47667213378306e-05
2360,0.49824056029319763,0.4642620086669922,0.33978554606437683,2.4692853399638917e-05
2361,0.5284146070480347,0.49255549907684326,0.3585908114910126,2.4619080263955875e-05
2362,0.5104990005493164,0.47623687982559204,0.3426213264465332,2.4545402023652784e-05
2363,0.5026749968528748,0.46847838163375854,0.3419661223888397,2.4471818771481648e-05
2364,0.5315402746200562,0.49577048420906067,0.3576980233192444,2.4398330600074713e-05
2365,0.49192893505096436,0.4584619104862213,0.33467039465904236,2.4324937601944685e-05
2366,0.524788498878479,0.4890569746494293,0.35731542110443115,2.4251639869484375e-05
2367,0.5250615477561951,0.488910436630249,0.3615111708641052,2.4178437494966688e-05
2368,0.5208792090415955,0.48539838194847107,0.35480812191963196,2.410533057054446e-05
2369,0.5216969847679138,0.4859141707420349,0.35782840847969055,2.4032319188250374e-05
2370,0.5090273022651672,0.47442132234573364,0.34605953097343445,2.3959403439996907e-05
2371,0.5565714240074158,0.5188060402870178,0.37765389680862427,2.388658341757607e-05
2372,0.5150076150894165,0.4804145097732544,0.3459312617778778,2.381385921265936e-05
2373,0.5105159878730774,0.47594577074050903,0.3457024395465851,2.3741230916797675e-05
2374,0.5331795811653137,0.49682459235191345,0.3635497987270355,2.3668698621421216e-05
2375,0.5095347762107849,0.47482022643089294,0.347145676612854,2.3596262417839255e-05
2376,0.5086989998817444,0.47400206327438354,0.34696924686431885,2.352392239724016e-05
2377,0.4906211197376251,0.4575236737728119,0.3309745192527771,2.345167865069119e-05
2378,0.4976261556148529,0.46374860405921936,0.3387755751609802,2.33795312691384e-05
2379,0.4970680773258209,0.4632647931575775,0.3380328118801117,2.330748034340651e-05
2380,0.49341943860054016,0.46021437644958496,0.332050621509552,2.323552596419889e-05
2381,0.5126552581787109,0.47807472944259644,0.345805287361145,2.3163668222097313e-05
2382,0.5383793711662292,0.5014787316322327,0.3690062463283539,2.309190720756189e-05
2383,0.5424121618270874,0.5056683421134949,0.3674381971359253,2.3020243010930975e-05
2384,0.4950183928012848,0.46140167117118835,0.33616718649864197,2.2948675722421086e-05
2385,0.5497075915336609,0.5120252370834351,0.3768237233161926,2.2877205432126657e-05
2386,0.5326840281486511,0.496830552816391,0.3585345149040222,2.280583223002012e-05
2387,0.5219340324401855,0.48628124594688416,0.3565278649330139,2.2734556205951596e-05
2388,0.5145660638809204,0.47954413294792175,0.3502195179462433,2.266337744964888e-05
2389,0.4832007884979248,0.45012518763542175,0.3307560384273529,2.2592296050717388e-05
2390,0.529574453830719,0.49320998787879944,0.3636448383331299,2.25213120986399e-05
2391,0.519268810749054,0.48373231291770935,0.35536518692970276,2.2450425682776565e-05
2392,0.5148903131484985,0.47951406240463257,0.35376259684562683,2.237963689236472e-05
2393,0.5060850381851196,0.4717773497104645,0.3430766463279724,2.230894581651879e-05
2394,0.517973780632019,0.4831657111644745,0.34808066487312317,2.2238352544230255e-05
2395,0.5068390369415283,0.4721938967704773,0.3464512228965759,2.2167857164367422e-05
2396,0.528352677822113,0.4926009476184845,0.3575172424316406,2.2097459765675342e-05
2397,0.491049200296402,0.45794254541397095,0.33106666803359985,2.2027160436775794e-05
2398,0.4929282069206238,0.4593547284603119,0.33573469519615173,2.195695926616702e-05
2399,0.5105259418487549,0.4755748510360718,0.349511057138443,2.188685634222376e-05
2400,0.507144570350647,0.47246095538139343,0.3468358814716339,2.1816851753197032e-05
2401,0.4782741367816925,0.44624724984169006,0.3202688694000244,2.174694558721405e-05
2402,0.519599974155426,0.48396027088165283,0.35639676451683044,2.1677137932278147e-05
2403,0.5289482474327087,0.49271515011787415,0.3623308837413788,2.1607428876268675e-05
2404,0.5103587508201599,0.4753211438655853,0.3503762483596802,2.153781850694082e-05
2405,0.5371411442756653,0.5004961490631104,0.3664497137069702,2.146830691192553e-05
2406,0.5306881070137024,0.4943493604660034,0.3633876442909241,2.1398894178729423e-05
2407,0.511791467666626,0.4774634838104248,0.34328004717826843,2.1329580394734638e-05
2408,0.493855357170105,0.4605128765106201,0.3334248960018158,2.1260365647198798e-05
2409,0.5016322135925293,0.4671100080013275,0.34522175788879395,2.119125002325485e-05
2410,0.5625195503234863,0.5242824554443359,0.3823712170124054,2.11222336099109e-05
2411,0.4710507392883301,0.43935060501098633,0.3170013129711151,2.1053316494050202e-05
2412,0.5337406992912292,0.4971417486667633,0.3659893274307251,2.098449876243096e-05
2413,0.4788051247596741,0.4461953639984131,0.32609760761260986,2.0915780501686355e-05
2414,0.5178042650222778,0.48234856128692627,0.3545571267604828,2.0847161798324266e-05
2415,0.49466919898986816,0.4614357650279999,0.3323342800140381,2.0778642738727272e-05
2416,0.5212334394454956,0.48599332571029663,0.35240086913108826,2.0710223409152475e-05
2417,0.5211825370788574,0.48561006784439087,0.3557244539260864,2.064190389573153e-05
2418,0.49578729271888733,0.46197450160980225,0.3381279408931732,2.057368428447032e-05
2419,0.5224170684814453,0.48727932572364807,0.3513774275779724,2.0505564661249e-05
2420,0.5008323192596436,0.4666299521923065,0.34202346205711365,2.043754511182191e-05
2421,0.5566680431365967,0.5190750360488892,0.3759298324584961,2.036962572181731e-05
2422,0.5040514469146729,0.46946951746940613,0.34581902623176575,2.0301806576737482e-05
2423,0.49804630875587463,0.4641508460044861,0.3389545679092407,2.023408776195842e-05
2424,0.4872730076313019,0.4539184868335724,0.3335452973842621,2.016646936272987e-05
2425,0.5084995627403259,0.47361963987350464,0.3487992584705353,2.009895146417512e-05
2426,0.49739137291908264,0.4636112451553345,0.3378012776374817,2.0031534151290953e-05
2427,0.4772908687591553,0.4447631537914276,0.3252770006656647,1.996421750894758e-05
2428,0.4975842833518982,0.46359682083129883,0.33987462520599365,1.9897001621888434e-05
2429,0.49628889560699463,0.46302130818367004,0.33267587423324585,1.9829886574730093e-05
2430,0.5222883820533752,0.4861617386341095,0.3612665832042694,1.9762872451962212e-05
2431,0.48068344593048096,0.4486241638660431,0.3205927610397339,1.969595933794739e-05
2432,0.5386895537376404,0.5018798112869263,0.36809760332107544,1.9629147316921125e-05
2433,0.5242776870727539,0.4880830645561218,0.3619462847709656,1.9562436472991552e-05
2434,0.473600834608078,0.4415148198604584,0.32086002826690674,1.9495826890139503e-05
2435,0.5046107769012451,0.4704013168811798,0.34209463000297546,1.9429318652218276e-05
2436,0.4974273443222046,0.46414706110954285,0.3328028619289398,1.9362911842953678e-05
2437,0.5076785087585449,0.47322869300842285,0.3444981575012207,1.9296606545943774e-05
2438,0.5090097784996033,0.47424983978271484,0.3475996255874634,1.9230402844658812e-05
2439,0.5068631172180176,0.4723924398422241,0.3447067141532898,1.9164300822441194e-05
2440,0.5447030067443848,0.5077066421508789,0.36996373534202576,1.9098300562505266e-05
2441,0.4724470376968384,0.44058525562286377,0.3186178207397461,1.9032402147937357e-05
2442,0.525568425655365,0.4898337125778198,0.3573470413684845,1.896660566169548e-05
2443,0.49935677647590637,0.4653203785419464,0.34036386013031006,1.8900911186609426e-05
2444,0.49645480513572693,0.46355751156806946,0.32897287607192993,1.8835318805380507e-05
2445,0.5006574988365173,0.4663558900356293,0.34301602840423584,1.8769828600581496e-05
2446,0.515558660030365,0.48050975799560547,0.3504887819290161,1.870444065465662e-05
2447,0.5076106786727905,0.4730202555656433,0.3459041118621826,1.863915504992131e-05
2448,0.49367785453796387,0.46009010076522827,0.33587750792503357,1.8573971868562156e-05
2449,0.4988061189651489,0.464923232793808,0.3388287425041199,1.8508891192636824e-05
2450,0.5161735415458679,0.4813087284564972,0.3486478626728058,1.8443913104073983e-05
2451,0.530243992805481,0.49430742859840393,0.3593653440475464,1.8379037684673105e-05
2452,0.5043426752090454,0.4701615869998932,0.341810941696167,1.8314265016104417e-05
2453,0.48437660932540894,0.4507297873497009,0.33646807074546814,1.8249595179908773e-05
2454,0.49831080436706543,0.46481940150260925,0.33491405844688416,1.818502825749764e-05
2455,0.48185089230537415,0.44923707842826843,0.32613813877105713,1.8120564330152923e-05
2456,0.4960910379886627,0.46253857016563416,0.3355245888233185,1.805620347902681e-05
2457,0.5538468956947327,0.5161102414131165,0.3773668110370636,1.799194578514176e-05
2458,0.4950900673866272,0.4616105556488037,0.33479511737823486,1.7927791329390375e-05
2459,0.5252435803413391,0.4895298182964325,0.3571377992630005,1.786374019253526e-05
2460,0.5061640739440918,0.4717765152454376,0.3438756465911865,1.7799792455209018e-05
2461,0.4992682933807373,0.46568307280540466,0.33585214614868164,1.773594819791403e-05
2462,0.5194596648216248,0.4844236671924591,0.350359708070755,1.767220750102243e-05
2463,0.496107816696167,0.46224290132522583,0.3386491537094116,1.760857044477596e-05
2464,0.5083386898040771,0.473861426115036,0.34477269649505615,1.7545037109285946e-05
2465,0.5243023633956909,0.4886840283870697,0.35618332028388977,1.7481607574533044e-05
2466,0.5156543850898743,0.48081424832344055,0.34840142726898193,1.7418281920367373e-05
2467,0.5332172513008118,0.49669772386550903,0.36519500613212585,1.735506022650817e-05
2468,0.4849942624568939,0.45254841446876526,0.32445845007896423,1.7291942572543807e-05
2469,0.5294572114944458,0.4934149384498596,0.36042290925979614,1.722892903793176e-05
2470,0.5058166980743408,0.47123926877975464,0.34577441215515137,1.716601970199836e-05
2471,0.5033825635910034,0.4693204164505005,0.3406212329864502,1.710321464393877e-05
2472,0.4868413209915161,0.45417702198028564,0.32664310932159424,1.7040513942816906e-05
2473,0.4991185963153839,0.46530085802078247,0.3381774425506592,1.697791767756527e-05
2474,0.5307446122169495,0.49495676159858704,0.3578786551952362,1.6915425926984986e-05
2475,0.4841039776802063,0.4515369236469269,0.32567065954208374,1.6853038769745467e-05
2476,0.5022865533828735,0.46828195452690125,0.3400461673736572,1.6790756284384612e-05
2477,0.5163951516151428,0.48123952746391296,0.3515563905239105,1.6728578549308416e-05
2478,0.5165166854858398,0.481480211019516,0.3503649830818176,1.666650564279105e-05
2479,0.529698371887207,0.4936869740486145,0.3601137697696686,1.6604537642974793e-05
2480,0.5182458758354187,0.48280707001686096,0.3543883264064789,1.6542674627869747e-05
2481,0.5098852515220642,0.47514140605926514,0.3474385440349579,1.6480916675353898e-05
2482,0.5060628056526184,0.4717894494533539,0.34273362159729004,1.6419263863172997e-05
2483,0.5507827401161194,0.5133718848228455,0.37410882115364075,1.6357716268940372e-05
2484,0.5422959327697754,0.5055771470069885,0.3671880066394806,1.6296273970136977e-05
2485,0.495793879032135,0.4623698592185974,0.3342400789260864,1.6234937044111152e-05
2486,0.5475914478302002,0.5103855729103088,0.3720589876174927,1.6173705568078578e-05
2487,0.503745436668396,0.46995824575424194,0.3378719091415405,1.611257961912227e-05
2488,0.5050086379051208,0.4706813097000122,0.3432733714580536,1.6051559274192275e-05
2489,0.5046639442443848,0.4701267182826996,0.3453720211982727,1.599064461010581e-05
2490,0.5418713092803955,0.5042150616645813,0.37656229734420776,1.5929835703546993e-05
2491,0.5035897493362427,0.46906572580337524,0.3452404737472534,1.5869132631066808e-05
2492,0.5319273471832275,0.4957854151725769,0.3614192008972168,1.5808535469082996e-05
2493,0.49307796359062195,0.459504097700119,0.3357386887073517,1.574804429388004e-05
2494,0.4952179491519928,0.46165239810943604,0.3356556296348572,1.5687659181608916e-05
2495,0.5192418694496155,0.48427435755729675,0.3496752679347992,1.5627380208287114e-05
2496,0.49096906185150146,0.4573276937007904,0.33641377091407776,1.5567207449798515e-05
2497,0.5147578716278076,0.479791522026062,0.34966352581977844,1.5507140981893253e-05
2498,0.5065938234329224,0.4720230996608734,0.34570732712745667,1.5447180880187706e-05
2499,0.519060492515564,0.483829528093338,0.35230937600135803,1.538732722016434e-05
2500,0.4897264540195465,0.4565292000770569,0.33197247982025146,1.5327580077171587e-05
2501,0.5014663934707642,0.4673633277416229,0.341030478477478,1.5267939526423824e-05
2502,0.5279606580734253,0.49232935905456543,0.3563130497932434,1.520840564300119e-05
2503,0.4887130856513977,0.4558233320713043,0.3288975954055786,1.5148978501849642e-05
2504,0.5016142725944519,0.4677041172981262,0.3391015827655792,1.5089658177780653e-05
2505,0.5143901705741882,0.4793667495250702,0.35023409128189087,1.5030444745471294e-05
2506,0.4948793053627014,0.4613145887851715,0.33564719557762146,1.4971338279464009e-05
2507,0.5151567459106445,0.4801819324493408,0.34974798560142517,1.4912338854166696e-05
2508,0.4954662322998047,0.46187591552734375,0.3359033167362213,1.485344654385239e-05
2509,0.5250745415687561,0.4892594516277313,0.3581508994102478,1.4794661422659306e-05
2510,0.542684018611908,0.5056036710739136,0.37080347537994385,1.4735983564590783e-05
2511,0.4891712963581085,0.45632871985435486,0.32842567563056946,1.4677413043515042e-05
2512,0.5237248539924622,0.4883789122104645,0.35345926880836487,1.4618949933165272e-05
2513,0.47886034846305847,0.446427583694458,0.3243277370929718,1.4560594307139364e-05
2514,0.5052182674407959,0.4711158275604248,0.3410242795944214,1.4502346238899945e-05
2515,0.5272420644760132,0.4902859926223755,0.3695606589317322,1.4444205801774202e-05
2516,0.503240704536438,0.4690432548522949,0.34197473526000977,1.4386173068953846e-05
2517,0.4865484833717346,0.4535728991031647,0.32975590229034424,1.4328248113495047e-05
2518,0.5212690234184265,0.4858412444591522,0.3542778193950653,1.427043100831823e-05
2519,0.5047573447227478,0.4701523780822754,0.3460494875907898,1.4212721826208086e-05
2520,0.5085505843162537,0.4744126796722412,0.3413788974285126,1.415512063981339e-05
2521,0.5288823843002319,0.49286240339279175,0.36019963026046753,1.4097627521647061e-05
2522,0.49149399995803833,0.457861065864563,0.33632925152778625,1.4040242544085913e-05
2523,0.4829077422618866,0.4495917558670044,0.3331599831581116,1.3982965779370626e-05
2524,0.5214422345161438,0.4861079752445221,0.3533426523208618,1.3925797299605647e-05
2525,0.49523311853408813,0.46158504486083984,0.3364808261394501,1.3868737176759094e-05
2526,0.4980880618095398,0.46437209844589233,0.337159663438797,1.3811785482662764e-05
2527,0.5136112570762634,0.4785977005958557,0.35013556480407715,1.375494228901184e-05
2528,0.5091966986656189,0.47489288449287415,0.34303808212280273,1.3698207667364982e-05
2529,0.5064055323600769,0.4721302092075348,0.3427533805370331,1.3641581689144156e-05
2530,0.500246524810791,0.4663626551628113,0.33883869647979736,1.3585064425634542e-05
2531,0.5131754875183105,0.4784793257713318,0.3469616174697876,1.3528655947984504e-05
2532,0.5223828554153442,0.48718762397766113,0.3519520163536072,1.3472356327205405e-05
2533,0.4980737268924713,0.46396559476852417,0.341081440448761,1.341616563417163e-05
2534,0.5291916131973267,0.49278607964515686,0.3640555739402771,1.3360083939620394e-05
2535,0.5360064506530762,0.499233216047287,0.36773231625556946,1.330411131415169e-05
2536,0.5210993885993958,0.4856746196746826,0.3542476296424866,1.3248247828228245e-05
2537,0.5112462639808655,0.47670379281044006,0.3454245924949646,1.3192493552175366e-05
2538,0.5219917893409729,0.4867682158946991,0.3522360026836395,1.3136848556180892e-05
2539,0.53021240234375,0.49444839358329773,0.3576402962207794,1.308131291029504e-05
2540,0.515483021736145,0.4800281822681427,0.35454821586608887,1.3025886684430467e-05
2541,0.5064849257469177,0.4720233678817749,0.3446158170700073,1.2970569948361999e-05
2542,0.5240328907966614,0.48850035667419434,0.355325311422348,1.291536277172667e-05
2543,0.4732782244682312,0.44126006960868835,0.3201816976070404,1.2860265224023549e-05
2544,0.5328730940818787,0.4967915415763855,0.3608156442642212,1.2805277374613744e-05
2545,0.5222214460372925,0.4862636923789978,0.35957759618759155,1.2750399292720283e-05
2546,0.49704107642173767,0.46323397755622864,0.3380708694458008,1.2695631047427937e-05
2547,0.5045480728149414,0.47031113505363464,0.34236931800842285,1.2640972707683252e-05
2548,0.4875189960002899,0.4541606307029724,0.33358362317085266,1.2586424342294412e-05
2549,0.5302942395210266,0.49439823627471924,0.35896024107933044,1.2531986019931119e-05
2550,0.5240888595581055,0.4884262979030609,0.35662588477134705,1.2477657809124631e-05
2551,0.5256161689758301,0.49038898944854736,0.3522716164588928,1.242343977826752e-05
2552,0.4988139867782593,0.46498650312423706,0.3382747173309326,1.2369331995613653e-05
2553,0.46645596623420715,0.43494099378585815,0.31514960527420044,1.2315334529278132e-05
2554,0.5332539081573486,0.49697762727737427,0.36276277899742126,1.2261447447237195e-05
2555,0.4882855713367462,0.4552469253540039,0.3303864896297455,1.2207670817328066e-05
2556,0.5047668218612671,0.4706379473209381,0.3412890136241913,1.2154004707249011e-05
2557,0.5423124432563782,0.5051068663597107,0.3720557689666748,1.2100449184559093e-05
2558,0.5073695182800293,0.4728429615497589,0.3452655076980591,1.2047004316678156e-05
2559,0.4832119643688202,0.45014020800590515,0.3307175636291504,1.1993670170886806e-05
2560,0.49417293071746826,0.4609053134918213,0.33267608284950256,1.19404468143262e-05
2561,0.4966389238834381,0.46283331513404846,0.33805596828460693,1.1887334313998066e-05
2562,0.5457654595375061,0.5088780522346497,0.3688739538192749,1.1834332736764554e-05
2563,0.5220564603805542,0.4865952432155609,0.35461196303367615,1.1781442149348155e-05
2564,0.5061452984809875,0.4716489017009735,0.34496423602104187,1.1728662618331698e-05
2565,0.5305861830711365,0.49385085701942444,0.3673534393310547,1.1675994210158181e-05
2566,0.5179504752159119,0.48281222581863403,0.35138261318206787,1.1623436991130654e-05
2567,0.4885386824607849,0.45437657833099365,0.341621071100235,1.1570991027412304e-05
2568,0.514612078666687,0.4800606071949005,0.34551480412483215,1.151865638502615e-05
2569,0.5067014098167419,0.47212523221969604,0.3457620441913605,1.1466433129855158e-05
2570,0.5319974422454834,0.4958588480949402,0.36138594150543213,1.141432132764202e-05
2571,0.5324752926826477,0.49653419852256775,0.35941073298454285,1.1362321043989132e-05
2572,0.4949410557746887,0.4616829752922058,0.33258089423179626,1.1310432344358502e-05
2573,0.48041102290153503,0.447965532541275,0.32445478439331055,1.1258655294071685e-05
2574,0.5131425857543945,0.4781675338745117,0.3497507870197296,1.1206989958309656e-05
2575,0.4798947870731354,0.44662484526634216,0.3326994478702545,1.1155436402112785e-05
2576,0.5016711950302124,0.46758168935775757,0.3408952057361603,1.1103994690380681e-05
2577,0.5488442182540894,0.5112370252609253,0.37607187032699585,1.105266488787221e-05
2578,0.5031696557998657,0.4690128266811371,0.34156811237335205,1.1001447059205305e-05
2579,0.5194259881973267,0.48390576243400574,0.3552025556564331,1.0950341268857e-05
2580,0.5029798746109009,0.4686761796474457,0.34303712844848633,1.0899347581163221e-05
2581,0.4923275113105774,0.4589700400829315,0.3335745632648468,1.0848466060318807e-05
2582,0.4980073571205139,0.4640933573246002,0.33914005756378174,1.0797696770377352e-05
2583,0.5069162249565125,0.4727567434310913,0.3415950834751129,1.0747039775251266e-05
2584,0.5000354051589966,0.46618911623954773,0.3384629189968109,1.069649513871147e-05
2585,0.5131300091743469,0.47851523756980896,0.34614795446395874,1.0646062924387512e-05
2586,0.5456817746162415,0.5084506869316101,0.3723107576370239,1.0595743195767393e-05
2587,0.5150489211082458,0.48013177514076233,0.34917154908180237,1.0545536016197499e-05
2588,0.5190922617912292,0.4838537871837616,0.35238486528396606,1.0495441448882571e-05
2589,0.5031437277793884,0.4694848954677582,0.3365882933139801,1.0445459556885517e-05
2590,0.49138006567955017,0.4578784108161926,0.3350164294242859,1.0395590403127486e-05
2591,0.5228710174560547,0.4873668849468231,0.3550412356853485,1.0345834050387627e-05
2592,0.5034738779067993,0.4696923792362213,0.33781468868255615,1.0296190561303132e-05
2593,0.5357427000999451,0.4997246265411377,0.3601806163787842,1.024665999836909e-05
2594,0.515668511390686,0.4801475405693054,0.3552097678184509,1.0197242423938446e-05
2595,0.5098413825035095,0.4742293059825897,0.35612067580223083,1.0147937900221883e-05
2596,0.49630287289619446,0.46261972188949585,0.33683162927627563,1.0098746489287758e-05
2597,0.4980843961238861,0.46435287594795227,0.33731526136398315,1.0049668253062105e-05
2598,0.5134857892990112,0.47890642285346985,0.3457935154438019,1.0000703253328414e-05
2599,0.487101674079895,0.4542907774448395,0.3281088173389435,9.95185155172762e-06
2600,0.49746963381767273,0.46375539898872375,0.3371422290802002,9.903113209758096e-06
2601,0.5508004426956177,0.5130176544189453,0.37782782316207886,9.854488288775422e-06
2602,0.5064069628715515,0.4722564220428467,0.3415054976940155,9.805976849992494e-06
2603,0.5424926280975342,0.5059962868690491,0.3649633228778839,9.757578954479262e-06
2604,0.49196720123291016,0.4588470757007599,0.3312012553215027,9.709294663162771e-06
2605,0.5034868717193604,0.46902576088905334,0.3446112871170044,9.661124036827063e-06
2606,0.4849882125854492,0.4520934522151947,0.3289475440979004,9.61306713611304e-06
2607,0.5150243639945984,0.47978559136390686,0.3523876368999481,9.565124021518545e-06
2608,0.49062642455101013,0.45752838253974915,0.330980509519577,9.517294753398064e-06
2609,0.506497323513031,0.47178971767425537,0.3470759689807892,9.469579391962813e-06
2610,0.529162585735321,0.4933147430419922,0.35847848653793335,9.421977997280596e-06
2611,0.4941473603248596,0.46071657538414,0.3343077003955841,9.3744906292758e-06
2612,0.4982016980648041,0.46432793140411377,0.3387377858161926,9.327117347729197e-06
2613,0.47613880038261414,0.4439849853515625,0.32153812050819397,9.27985821227798e-06
2614,0.5005005598068237,0.46620526909828186,0.3429527282714844,9.23271328241564e-06
2615,0.5217357277870178,0.4861498177051544,0.3558592200279236,9.185682617491863e-06
2616,0.5177643895149231,0.48262783885002136,0.35136574506759644,9.138766276712552e-06
2617,0.5261078476905823,0.4906795918941498,0.35428234934806824,9.091964319139645e-06
2618,0.4882582724094391,0.4553369879722595,0.3292127847671509,9.045276803691094e-06
2619,0.5226384401321411,0.48711735010147095,0.3552108705043793,8.998703789140772e-06
2620,0.5034705400466919,0.4694548547267914,0.34015676379203796,8.952245334118414e-06
2621,0.5302237272262573,0.49399876594543457,0.3622494339942932,8.905901497109581e-06
2622,0.520203173160553,0.48494285345077515,0.3526030480861664,8.85967233645547e-06
2623,0.5033972263336182,0.4690346121788025,0.3436262607574463,8.813557910352999e-06
2624,0.5244911909103394,0.48887959122657776,0.35611626505851746,8.76755827685456e-06
2625,0.4849221110343933,0.4522552192211151,0.32666876912117004,8.72167349386811e-06
2626,0.5272290110588074,0.49116989970207214,0.3605910837650299,8.675903619156977e-06
2627,0.5099115967750549,0.47520220279693604,0.3470940589904785,8.63024871033985e-06
2628,0.5455386638641357,0.5083317160606384,0.3720693588256836,8.584708824890697e-06
2629,0.4873635172843933,0.454502135515213,0.3286136984825134,8.539284020138638e-06
2630,0.48578497767448425,0.45254451036453247,0.3324047923088074,8.493974353268019e-06
2631,0.480546236038208,0.4478214383125305,0.3272479772567749,8.448779881318148e-06
2632,0.5091151595115662,0.47475868463516235,0.34356459975242615,8.403700661183355e-06
2633,0.49337396025657654,0.45959144830703735,0.337825208902359,8.358736749612873e-06
2634,0.4676823914051056,0.4358728229999542,0.3180956542491913,8.313888203210774e-06
2635,0.4884689450263977,0.4551372528076172,0.33331695199012756,8.269155078435931e-06
2636,0.5146116614341736,0.47966012358665466,0.3495151102542877,8.224537431601886e-06
2637,0.5068731904029846,0.4718484878540039,0.35024726390838623,8.1800353188768e-06
2638,0.5343716144561768,0.49784839153289795,0.3652324378490448,8.135648796283402e-06
2639,0.5180010795593262,0.482925146818161,0.35075920820236206,8.091377919698895e-06
2640,0.5092465281486511,0.4745287597179413,0.3471774160861969,8.047222744854943e-06
2641,0.502776563167572,0.4688687026500702,0.3390783369541168,8.003183327337504e-06
2642,0.4945589005947113,0.4604406952857971,0.3411819338798523,7.95925972258683e-06
2643,0.45835864543914795,0.427507609128952,0.30851027369499207,7.915451985897382e-06
2644,0.5021130442619324,0.4678020775318146,0.34310945868492126,7.871760172417763e-06
2645,0.5138229131698608,0.47916677594184875,0.3465614914894104,7.828184337150613e-06
2646,0.5188427567481995,0.4836677610874176,0.35174980759620667,7.784724534952625e-06
2647,0.5242136716842651,0.4885447323322296,0.3566896915435791,7.74138082053436e-06
2648,0.5113358497619629,0.47666671872138977,0.3466913402080536,7.698153248460271e-06
2649,0.4905039668083191,0.4572361409664154,0.33267825841903687,7.655041873148605e-06
2650,0.5117020010948181,0.4768316447734833,0.3487038314342499,7.612046748871327e-06
2651,0.5362616777420044,0.4999948740005493,0.3626680374145508,7.56916792975404e-06
2652,0.48771345615386963,0.4548494815826416,0.3286397159099579,7.526405469775955e-06
2653,0.5311499238014221,0.49435099959373474,0.3679890036582947,7.483759422769765e-06
2654,0.5018681883811951,0.4676777422428131,0.34190472960472107,7.441229842421671e-06
2655,0.5126645565032959,0.4773278832435608,0.35336652398109436,7.398816782271223e-06
2656,0.4877811670303345,0.4546172022819519,0.33163967728614807,7.3565202957112555e-06
2657,0.4929569959640503,0.4597562849521637,0.3320070207118988,7.314340435987921e-06
2658,0.4900128245353699,0.45642518997192383,0.3358762264251709,7.272277256200499e-06
2659,0.48879173398017883,0.4557749927043915,0.3301674425601959,7.230330809301411e-06
2660,0.5145682692527771,0.47991085052490234,0.3465742766857147,7.1885011480961164e-06
2661,0.5284018516540527,0.4917260706424713,0.3667580187320709,7.1467883252430364e-06
2662,0.49210324883461,0.45858708024024963,0.33516162633895874,7.105192393253524e-06
2663,0.5105005502700806,0.4755660891532898,0.3493443727493286,7.063713404491812e-06
2664,0.48328325152397156,0.4510558247566223,0.32227417826652527,7.022351411174866e-06
2665,0.5138992667198181,0.4791692793369293,0.3472999632358551,6.981106465372389e-06
2666,0.5193948745727539,0.4839632213115692,0.3543163239955902,6.939978619006737e-06
2667,0.4816356301307678,0.4490628242492676,0.3257281482219696,6.8989679238528395e-06
2668,0.5291333198547363,0.49305546283721924,0.3607785403728485,6.858074431538164e-06
2669,0.5341755747795105,0.4980117678642273,0.36163821816444397,6.817298193542643e-06
2670,0.5363955497741699,0.5002174377441406,0.3617812693119049,6.776639261198581e-06
2671,0.5033177733421326,0.46925419569015503,0.34063589572906494,6.736097685690601e-06
2672,0.4984743297100067,0.46446824073791504,0.34006091952323914,6.695673518055579e-06
2673,0.5418475270271301,0.5043701529502869,0.374773770570755,6.655366809182662e-06
2674,0.47499144077301025,0.4429536461830139,0.3203780949115753,6.615177609813039e-06
2675,0.510623574256897,0.47613653540611267,0.34487026929855347,6.5751059705400295e-06
2676,0.48890161514282227,0.4558161199092865,0.3308548331260681,6.5351519418089145e-06
2677,0.5108071565628052,0.4761292338371277,0.3467791974544525,6.4953155739169495e-06
2678,0.4852258265018463,0.45268985629081726,0.32535964250564575,6.455596917013273e-06
2679,0.5342428684234619,0.49772417545318604,0.3651866614818573,6.415996021098813e-06
2680,0.5406936407089233,0.5032947659492493,0.37398868799209595,6.37651293602628e-06
2681,0.5163000822067261,0.4810445308685303,0.35255542397499084,6.3371477115000466e-06
2682,0.4871861934661865,0.4540677070617676,0.331184983253479,6.29790039707614e-06
2683,0.5123170614242554,0.47745612263679504,0.3486095070838928,6.258771042162137e-06
2684,0.5408908128738403,0.5041242837905884,0.3676653802394867,6.219759696017113e-06
2685,0.4843848943710327,0.45164379477500916,0.32741114497184753,6.180866407751595e-06
2686,0.5055325627326965,0.47130388021469116,0.34228697419166565,6.142091226327484e-06
2687,0.5052313208580017,0.470883309841156,0.3434801399707794,6.103434200558011e-06
2688,0.5205971002578735,0.48446884751319885,0.3612828254699707,6.06489537910766e-06
2689,0.5236799120903015,0.4877915680408478,0.3588835597038269,6.0264748104920776e-06
2690,0.47721853852272034,0.44487327337265015,0.32345253229141235,5.988172543078097e-06
2691,0.5059724450111389,0.4714822471141815,0.344901978969574,5.9499886250835805e-06
2692,0.5293532013893127,0.49287649989128113,0.3647667467594147,5.911923104577455e-06
2693,0.4863201975822449,0.4530169665813446,0.3330323398113251,5.8739760294795335e-06
2694,0.49025458097457886,0.4569006562232971,0.33353933691978455,5.8361474475605695e-06
2695,0.5592486262321472,0.520284116268158,0.3896450996398926,5.7984374064421035e-06
2696,0.5204525589942932,0.48457759618759155,0.3587498068809509,5.760845953596527e-06
2697,0.4862763285636902,0.45308443903923035,0.33191877603530884,5.723373136346854e-06
2698,0.535376787185669,0.4987667202949524,0.366100937128067,5.6860190018667934e-06
2699,0.5058836936950684,0.47150111198425293,0.3438260853290558,5.6487835971806515e-06
2700,0.5381321907043457,0.5017597079277039,0.36372488737106323,5.611666969163243e-06
2701,0.4913184940814972,0.4579359292984009,0.3338256776332855,5.574669164539903e-06
2702,0.5158824324607849,0.48115479946136475,0.34727612137794495,5.537790229886319e-06
2703,0.5029563903808594,0.4684944152832031,0.3446195423603058,5.501030211628599e-06
2704,0.5091862678527832,0.47452041506767273,0.34665876626968384,5.464389156043115e-06
2705,0.5057206749916077,0.4711357057094574,0.3458496034145355,5.427867109256457e-06
2706,0.5217103958129883,0.48661667108535767,0.35093745589256287,5.39146411724547e-06
2707,0.47951242327690125,0.44741499423980713,0.32097434997558594,5.355180225837053e-06
2708,0.5366963744163513,0.5004885196685791,0.36207830905914307,5.3190154807082005e-06
2709,0.4795169532299042,0.44727009534835815,0.3224686086177826,5.282969927385906e-06
2710,0.5090437531471252,0.47431305050849915,0.34730687737464905,5.247043611247127e-06
2711,0.5091109275817871,0.47482654452323914,0.3428437411785126,5.211236577518719e-06
2712,0.5073624849319458,0.472810298204422,0.3455219268798828,5.175548871277358e-06
2713,0.46858999133110046,0.43663492798805237,0.31955060362815857,5.13998053744954e-06
2714,0.5407031178474426,0.503611147403717,0.3709196448326111,5.104531620811414e-06
2715,0.5206640958786011,0.4851970076560974,0.35467085242271423,5.0692021659888735e-06
2716,0.49113789200782776,0.45783400535583496,0.3330388069152832,5.033992217457395e-06
2717,0.5082659125328064,0.4736517369747162,0.3461418151855469,4.998901819541979e-06
2718,0.5339367389678955,0.49721765518188477,0.3671908676624298,4.963931016417167e-06
2719,0.5161799788475037,0.4811570644378662,0.35022905468940735,4.929079852106933e-06
2720,0.5218055248260498,0.48640233278274536,0.35403212904930115,4.8943483704846475e-06
2721,0.5075253248214722,0.4731527864933014,0.34372514486312866,4.859736615273003e-06
2722,0.5189205408096313,0.4833281338214874,0.3559240996837616,4.825244630043979e-06
2723,0.49654892086982727,0.4630186855792999,0.33530235290527344,4.790872458218754e-06
2724,0.5118542313575745,0.47662976384162903,0.3522445857524872,4.756620143067725e-06
2725,0.5008681416511536,0.4667145013809204,0.34153616428375244,4.722487727710368e-06
2726,0.5283100008964539,0.4925174117088318,0.3579261004924774,4.688475255115244e-06
2727,0.4983546733856201,0.4644617438316345,0.33892932534217834,4.65458276809988e-06
2728,0.4869842231273651,0.45389610528945923,0.3308812975883484,4.620810309330803e-06
2729,0.4727366268634796,0.4411415755748749,0.3159504532814026,4.587157921323393e-06
2730,0.5165494084358215,0.4814416468143463,0.3510778248310089,4.553625646441928e-06
2731,0.49702706933021545,0.4634563624858856,0.3357071280479431,4.520213526899431e-06
2732,0.533680260181427,0.49741336703300476,0.3626689910888672,4.486921604757699e-06
2733,0.5070714950561523,0.4724193513393402,0.3465215563774109,4.453749921927175e-06
2734,0.5479844212532043,0.5108284950256348,0.3715592324733734,4.420698520166988e-06
2735,0.5029293894767761,0.46875280141830444,0.3417660892009735,4.3877674410848e-06
2736,0.49300944805145264,0.4592799246311188,0.3372952938079834,4.35495672613685e-06
2737,0.5061028599739075,0.4720441699028015,0.34058690071105957,4.322266416627785e-06
2738,0.5018346309661865,0.46742329001426697,0.3441134989261627,4.289696553710731e-06
2739,0.5256092548370361,0.48953068256378174,0.3607858717441559,4.257247178387192e-06
2740,0.5019056797027588,0.467696875333786,0.342087984085083,4.224918331506955e-06
2741,0.4645904302597046,0.43286386132240295,0.3172657787799835,4.19271005376809e-06
2742,0.5111981630325317,0.4767097532749176,0.34488412737846375,4.160622385716895e-06
2743,0.5167461633682251,0.48152196407318115,0.35224223136901855,4.1286553677478136e-06
2744,0.5088564157485962,0.47387343645095825,0.34982967376708984,4.096809040103444e-06
2745,0.516189455986023,0.480374276638031,0.3581516146659851,4.065083442874418e-06
2746,0.4885810315608978,0.45577529072761536,0.3280574679374695,4.033478615999376e-06
2747,0.513529896736145,0.4784163534641266,0.35113537311553955,4.001994599264957e-06
2748,0.5090361833572388,0.47474178671836853,0.34294384717941284,3.970631432305694e-06
2749,0.4978615343570709,0.46375858783721924,0.3410295844078064,3.93938915460399e-06
2750,0.49701446294784546,0.463214248418808,0.3380022644996643,3.908267805490051e-06
2751,0.49147823452949524,0.4580295979976654,0.3344864249229431,3.877267424141862e-06
2752,0.5200561285018921,0.4847908616065979,0.3526526093482971,3.8463880495851146e-06
2753,0.5029954314231873,0.469086617231369,0.33908811211586,3.815629720693192e-06
2754,0.5059752464294434,0.4716432988643646,0.343319296836853,3.784992476187066e-06
2755,0.5416046977043152,0.5052112340927124,0.36393454670906067,3.7544763546352834e-06
2756,0.5127092003822327,0.47735410928726196,0.3535511791706085,3.7240813944539153e-06
2757,0.540298581123352,0.5030596852302551,0.3723889887332916,3.6938076339065207e-06
2758,0.5277935266494751,0.49213871359825134,0.35654783248901367,3.6636551111040475e-06
2759,0.5267952084541321,0.4908793866634369,0.3591580390930176,3.633623864004887e-06
2760,0.5048049688339233,0.46994322538375854,0.3486175239086151,3.6037139304146762e-06
2761,0.5197952389717102,0.48403459787368774,0.3576062023639679,3.573925347986384e-06
2762,0.5450119376182556,0.5072322487831116,0.37779709696769714,3.5442581542201923e-06
2763,0.5351386666297913,0.49934080243110657,0.3579787611961365,3.5147123864634924e-06
2764,0.5276506543159485,0.4917602837085724,0.3589039146900177,3.485288081910798e-06
2765,0.5251101851463318,0.4897072911262512,0.3540290594100952,3.455985277603713e-06
2766,0.49232929944992065,0.45920923352241516,0.3312007486820221,3.426804010430884e-06
2767,0.5245492458343506,0.4894852936267853,0.35063934326171875,3.3977443171279823e-06
2768,0.48073452711105347,0.4485911726951599,0.3214336335659027,3.3688062342776106e-06
2769,0.476421058177948,0.4445226788520813,0.31898388266563416,3.339989798309273e-06
2770,0.48254454135894775,0.4496287703514099,0.32915768027305603,3.311295045499363e-06
2771,0.48822298645973206,0.4548455774784088,0.33377403020858765,3.282722011971051e-06
2772,0.512651801109314,0.47752031683921814,0.35131481289863586,3.254270733694331e-06
2773,0.5182430744171143,0.48312970995903015,0.35113388299942017,3.2259412464858753e-06
2774,0.5205938816070557,0.48522281646728516,0.353710412979126,3.197733586009055e-06
2775,0.5072547793388367,0.4727596640586853,0.34495142102241516,3.169647787773866e-06
2776,0.48943787813186646,0.45610612630844116,0.33331745862960815,3.1416838871368924e-06
2777,0.49560338258743286,0.4616893231868744,0.33914047479629517,3.1138419193012857e-06
2778,0.49655717611312866,0.4627414643764496,0.3381570875644684,3.086121919316698e-06
2779,0.5134989023208618,0.47895726561546326,0.3454166054725647,3.0585239220792037e-06
2780,0.5300834774971008,0.49320369958877563,0.36879804730415344,3.0310479623313127e-06
2781,0.5205898284912109,0.48474183678627014,0.3584800660610199,3.0036940746619224e-06
2782,0.5229952335357666,0.4871046841144562,0.3589057922363281,2.9764622935062438e-06
2783,0.5010396838188171,0.4672333002090454,0.338064044713974,2.949352653145754e-06
2784,0.5230051875114441,0.4877246022224426,0.352806031703949,2.922365187708187e-06
2785,0.5101142525672913,0.47506675124168396,0.3504751920700073,2.8954999311674558e-06
2786,0.47243964672088623,0.4404812455177307,0.3195839524269104,2.8687569173436623e-06
2787,0.5331155061721802,0.49686720967292786,0.36248305439949036,2.842136179902988e-06
2788,0.4835829734802246,0.4509506821632385,0.3263229727745056,2.8156377523576803e-06
2789,0.49511805176734924,0.46178096532821655,0.33337080478668213,2.7892616680660457e-06
2790,0.4655342102050781,0.4338972866535187,0.31636911630630493,2.7630079602323442e-06
2791,0.47033193707466125,0.4389898478984833,0.31342095136642456,2.7368766619067953e-06
2792,0.49175509810447693,0.4582926630973816,0.3346242606639862,2.7108678059855065e-06
2793,0.5029929876327515,0.4687841832637787,0.3420882821083069,2.6849814252104754e-06
2794,0.5054852366447449,0.4710617661476135,0.3442347049713135,2.6592175521694795e-06
2795,0.5002914071083069,0.4663984775543213,0.33892926573753357,2.6335762192960743e-06
2796,0.5276163220405579,0.49204230308532715,0.355739951133728,2.608057458869606e-06
2797,0.5193133354187012,0.4839375615119934,0.35375747084617615,2.582661303015066e-06
2798,0.5281342267990112,0.49243423342704773,0.3569999933242798,2.5573877837031137e-06
2799,0.5190598368644714,0.4838263690471649,0.3523346185684204,2.532236932750021e-06
2800,0.5051854252815247,0.4708489179611206,0.3433648347854614,2.5072087818176382e-06
2801,0.4871376156806946,0.4543744921684265,0.3276313841342926,2.482303362413374e-06
2802,0.4857380986213684,0.45296424627304077,0.32773852348327637,2.457520705890093e-06
2803,0.519764244556427,0.48453882336616516,0.3522539436817169,2.4328608434461276e-06
2804,0.5228949189186096,0.48695245385169983,0.3594249188899994,2.4083238061252567e-06
2805,0.49650976061820984,0.4630625247955322,0.3344723880290985,2.383909624816616e-06
2806,0.5308486819267273,0.49502724409103394,0.35821449756622314,2.3596183302546647e-06
2807,0.49018925428390503,0.45698145031929016,0.3320781886577606,2.3354499530191975e-06
2808,0.5231682658195496,0.4875725507736206,0.3559572696685791,2.311404523535243e-06
2809,0.520469605922699,0.48514440655708313,0.3532518446445465,2.2874820720730438e-06
2810,0.5267267227172852,0.49031946063041687,0.36407241225242615,2.2636826287480873e-06
2811,0.4718164801597595,0.43939176201820374,0.32424724102020264,2.240006223520941e-06
2812,0.5021974444389343,0.4682011008262634,0.33996352553367615,2.2164528861973064e-06
2813,0.5389388799667358,0.502805769443512,0.3613308072090149,2.193022646427978e-06
2814,0.523589551448822,0.487884521484375,0.3570505380630493,2.1697155337087604e-06
2815,0.4956987500190735,0.4620344042778015,0.3366433084011078,2.1465315773804616e-06
2816,0.5083913207054138,0.4737904369831085,0.34600892663002014,2.123470806628858e-06
2817,0.49710243940353394,0.46342965960502625,0.33672794699668884,2.1005332504846597e-06
2818,0.4951147735118866,0.46125632524490356,0.33858445286750793,2.0777189378234143e-06
2819,0.516341507434845,0.4810852110385895,0.35256290435791016,2.0550278973656024e-06
2820,0.5050265192985535,0.4705502688884735,0.34476229548454285,2.032460157676452e-06
2821,0.4915666878223419,0.4579732120037079,0.3359346389770508,2.010015747165983e-06
2822,0.5228913426399231,0.48718440532684326,0.35706931352615356,1.9876946940889927e-06
2823,0.5080384612083435,0.47324907779693604,0.3478940725326538,1.965497026544938e-06
2824,0.5195198059082031,0.4840317666530609,0.35488027334213257,1.9434227724779984e-06
2825,0.5102564096450806,0.47560250759124756,0.3465390205383301,1.921471959676957e-06
2826,0.49774789810180664,0.4644491970539093,0.3329869508743286,1.899644615775209e-06
2827,0.51065993309021,0.47578030824661255,0.3487963378429413,1.8779407682507077e-06
2828,0.5181976556777954,0.4826544523239136,0.35543230175971985,1.856360444425953e-06
2829,0.5103429555892944,0.4759352505207062,0.34407734870910645,1.834903671467958e-06
2830,0.5210628509521484,0.4854855239391327,0.3557731509208679,1.81357047638816e-06
2831,0.46827778220176697,0.43630164861679077,0.3197612762451172,1.7923608860424658e-06
2832,0.4801570475101471,0.4478820264339447,0.3227502107620239,1.771274927131139e-06
2833,0.5263180732727051,0.4902535080909729,0.36064577102661133,1.7503126261988355e-06
2834,0.5012257695198059,0.4671330451965332,0.3409273028373718,1.7294740096345575e-06
2835,0.49463117122650146,0.4611237645149231,0.33507418632507324,1.7087591036715534e-06
2836,0.5123299360275269,0.4776418209075928,0.346881240606308,1.6881679343873636e-06
2837,0.5340836048126221,0.49782928824424744,0.3625430464744568,1.667700527703775e-06
2838,0.49087536334991455,0.4574419856071472,0.33433371782302856,1.6473569093867436e-06
2839,0.5027154088020325,0.4686833322048187,0.34032076597213745,1.6271371050464056e-06
2840,0.49605101346969604,0.4618062376976013,0.3424476385116577,1.6070411401370334e-06
2841,0.5141802430152893,0.4792057275772095,0.34974509477615356,1.58706903995699e-06
2842,0.5207787156105042,0.48512759804725647,0.3565113842487335,1.5672208296486969e-06
2843,0.49487558007240295,0.4611623287200928,0.3371325433254242,1.5474965341986558e-06
2844,0.5087475180625916,0.4742123782634735,0.34535154700279236,1.5278961784373268e-06
2845,0.508092999458313,0.47320762276649475,0.34885385632514954,1.5084197870391837e-06
2846,0.5378373265266418,0.5014556050300598,0.36381736397743225,1.4890673845226133e-06
2847,0.5144282579421997,0.4795374274253845,0.3489081561565399,1.469838995249928e-06
2848,0.5008869171142578,0.46664679050445557,0.34240108728408813,1.4507346434273316e-06
2849,0.48370838165283203,0.4509636163711548,0.32744765281677246,1.4317543531048749e-06
2850,0.49476611614227295,0.4612060785293579,0.3356003761291504,1.4128981481764115e-06
2851,0.4829462170600891,0.45008936524391174,0.32856836915016174,1.3941660523796196e-06
2852,0.5038145184516907,0.46961602568626404,0.3419850766658783,1.375558089295914e-06
2853,0.5221579670906067,0.4864656627178192,0.35692307353019714,1.3570742823504567e-06
2854,0.5175259709358215,0.4820673167705536,0.35458657145500183,1.3387146548120899e-06
2855,0.5267190933227539,0.4913666248321533,0.35352447628974915,1.3204792297933588e-06
2856,0.524461030960083,0.488399863243103,0.3606114983558655,1.3023680302504338e-06
2857,0.5267795324325562,0.49078938364982605,0.35990145802497864,1.2843810789831102e-06
2858,0.539423942565918,0.5030441880226135,0.3637975752353668,1.2665183986347528e-06
2859,0.5045952200889587,0.4703597128391266,0.342354953289032,1.2487800116922966e-06
2860,0.5065364241600037,0.47223296761512756,0.34303462505340576,1.231165940486234e-06
2861,0.5126691460609436,0.4773702621459961,0.35298869013786316,1.2136762071904838e-06
2862,0.47340649366378784,0.44147250056266785,0.3193398714065552,1.1963108338225337e-06
2863,0.5164892673492432,0.4809688925743103,0.3552039861679077,1.1790698422432521e-06
2864,0.4954582452774048,0.4617046117782593,0.33753636479377747,1.1619532541569333e-06
2865,0.5490859746932983,0.511945366859436,0.37140601873397827,1.1449610911112741e-06
2866,0.5133258700370789,0.4786026179790497,0.34723249077796936,1.128093374497352e-06
2867,0.5241994857788086,0.48810380697250366,0.36095675826072693,1.1113501255495485e-06
2868,0.4930342435836792,0.45954856276512146,0.33485692739486694,1.0947313653455694e-06
2869,0.5249543190002441,0.4888039529323578,0.361503541469574,1.0782371148064241e-06
2870,0.5206865668296814,0.48539385199546814,0.352927029132843,1.0618673946963365e-06
2871,0.5079521536827087,0.47304394841194153,0.349081814289093,1.0456222256227999e-06
2872,0.528546929359436,0.49230948090553284,0.362374484539032,1.0295016280365112e-06
2873,0.500454306602478,0.46665602922439575,0.337982714176178,1.0135056222313143e-06
2874,0.5392809510231018,0.5027306079864502,0.36550334095954895,9.976342283442463e-07
2875,0.5342075228691101,0.4979913532733917,0.36216142773628235,9.818874663554357e-07
2876,0.5075897574424744,0.4734823703765869,0.34107401967048645,9.662653560881584e-07
2877,0.5376237630844116,0.5008324980735779,0.3679129481315613,9.50767917208728e-07
2878,0.46607884764671326,0.43440818786621094,0.31670668721199036,9.353951692265383e-07
2879,0.4985203444957733,0.4643329977989197,0.34187352657318115,9.20147131493998e-07
2880,0.4984837472438812,0.46514806151390076,0.3333567976951599,9.0502382320653e-07
2881,0.5113626718521118,0.47677767276763916,0.34585022926330566,8.900252634025274e-07
2882,0.5131980776786804,0.47846242785453796,0.3473564088344574,8.751514709633424e-07
2883,0.49673351645469666,0.46235716342926025,0.34376341104507446,8.604024646132857e-07
2884,0.5063344240188599,0.4717889130115509,0.3454553484916687,8.457782629195388e-07
2885,0.539742648601532,0.5033222436904907,0.3642042279243469,8.31278884292186e-07
2886,0.49064067006111145,0.4573777914047241,0.3326287865638733,8.16904346984193e-07
2887,0.5169490575790405,0.4816038906574249,0.3534516394138336,8.026546690913406e-07
2888,0.5183480381965637,0.48309457302093506,0.3525346517562866,7.885298685522235e-07
2889,0.5407534241676331,0.503917396068573,0.3683605194091797,7.745299631482405e-07
2890,0.5121883749961853,0.4769493341445923,0.3523906171321869,7.606549705035937e-07
2891,0.4982675611972809,0.46465829014778137,0.33609259128570557,7.469049080851775e-07
2892,0.5256705284118652,0.4905775189399719,0.3509298264980316,7.332797932026459e-07
2893,0.4944394528865814,0.46115240454673767,0.33287060260772705,7.19779643008367e-07
2894,0.47735872864723206,0.445209264755249,0.32149454951286316,7.064044744973686e-07
2895,0.49881207942962646,0.46528464555740356,0.33527427911758423,6.931543045073708e-07
2896,0.5521959066390991,0.5138248205184937,0.38371071219444275,6.800291497187083e-07
2897,0.5276917219161987,0.49172690510749817,0.3596479892730713,6.670290266543644e-07
2898,0.4794013202190399,0.44715431332588196,0.3224700689315796,6.541539516799033e-07
2899,0.5242730379104614,0.488620400428772,0.3565266728401184,6.414039410034489e-07
2900,0.5050675868988037,0.470999538898468,0.3406802713871002,6.287790106757396e-07
2901,0.48684579133987427,0.4538702070713043,0.3297559320926666,6.162791765900177e-07
2902,0.513939380645752,0.4788086414337158,0.35130754113197327,6.039044544820404e-07
2903,0.5103960037231445,0.4757591784000397,0.3463679850101471,5.916548599300576e-07
2904,0.4914221167564392,0.4583210051059723,0.331011027097702,5.795304083548559e-07
2905,0.520942211151123,0.4853268265724182,0.35615381598472595,5.675311150195928e-07
2906,0.5201815962791443,0.4847712516784668,0.35410356521606445,5.556569950299517e-07
2907,0.5087882876396179,0.473956435918808,0.34831827878952026,5.439080633339866e-07
2908,0.5178354382514954,0.4822734594345093,0.35561972856521606,5.322843347221662e-07
2909,0.48919302225112915,0.45608535408973694,0.3310765326023102,5.207858238273522e-07
2910,0.5268248915672302,0.4902579188346863,0.36566978693008423,5.094125451247655e-07
2911,0.48331350088119507,0.45025813579559326,0.3305537700653076,4.981645129319756e-07
2912,0.5078355073928833,0.4734126031398773,0.34422892332077026,4.870417414088779e-07
2913,0.5242977738380432,0.4884016811847687,0.35896116495132446,4.760442445576829e-07
2914,0.5061479210853577,0.47214195132255554,0.34005990624427795,4.6517203622291615e-07
2915,0.5346773862838745,0.4982132613658905,0.36464133858680725,4.544251300913405e-07
2916,0.5033041834831238,0.4689248502254486,0.3437933921813965,4.438035396920004e-07
2917,0.5315453410148621,0.49586331844329834,0.3568204939365387,4.333072783961889e-07
2918,0.5070482492446899,0.4729166328907013,0.34131646156311035,4.2293635941742517e-07
2919,0.5303286910057068,0.4946630299091339,0.35665634274482727,4.1269079581142124e-07
2920,0.5173345804214478,0.48246607184410095,0.3486848473548889,4.025706004760932e-07
2921,0.5443275570869446,0.5077046751976013,0.36622869968414307,3.925757861515389e-07
2922,0.49265459179878235,0.4587574601173401,0.338971346616745,3.827063654199936e-07
2923,0.5091845393180847,0.47502458095550537,0.34159937500953674,3.7296235070587435e-07
2924,0.5117290019989014,0.47672513127326965,0.35003870725631714,3.633437542756912e-07
2925,0.49175792932510376,0.45801490545272827,0.33743029832839966,3.5385058823809156e-07
2926,0.5105516314506531,0.47599872946739197,0.3455292284488678,3.444828645438047e-07
2927,0.4868440628051758,0.45359936356544495,0.3324471414089203,3.3524059498565297e-07
2928,0.5050554871559143,0.47082221508026123,0.3423326313495636,3.261237911985404e-07
2929,0.519318699836731,0.4841187596321106,0.3519994020462036,3.171324646593865e-07
2930,0.47198817133903503,0.43989798426628113,0.3209019899368286,3.0826662668720364e-07
2931,0.4782094955444336,0.4452911913394928,0.32918301224708557,2.99526288442975e-07
2932,0.5050265192985535,0.47036615014076233,0.34660372138023376,2.9091146092973254e-07
2933,0.5081055760383606,0.47368085384368896,0.34424740076065063,2.8242215499248993e-07
2934,0.4866977334022522,0.45335111021995544,0.333466112613678,2.740583813182429e-07
2935,0.498510479927063,0.46489042043685913,0.3362007439136505,2.658201504359803e-07
2936,0.4985784888267517,0.46459296345710754,0.3398553133010864,2.577074727165951e-07
2937,0.5053369402885437,0.47048959136009216,0.34847328066825867,2.497203583729957e-07
2938,0.4970342814922333,0.4635990262031555,0.3343524932861328,2.418588174599612e-07
2939,0.4883338510990143,0.4549011290073395,0.33432725071907043,2.3412285987420847e-07
2940,0.5055292844772339,0.4712257385253906,0.34303534030914307,2.265124953543918e-07
2941,0.48796576261520386,0.45450684428215027,0.33458924293518066,2.1902773348100315e-07
2942,0.5053572058677673,0.47108012437820435,0.34277084469795227,2.1166858367646093e-07
2943,0.5038974285125732,0.4697437286376953,0.3415370285511017,2.0443505520503224e-07
2944,0.4825339615345001,0.44942447543144226,0.331094890832901,1.973271571728441e-07
2945,0.5052777528762817,0.47079652547836304,0.34481215476989746,1.9034489852787218e-07
2946,0.4931893050670624,0.4598917067050934,0.3329760432243347,1.834882880599409e-07
2947,0.5207460522651672,0.4854030907154083,0.35342952609062195,1.7675733440066789e-07
2948,0.5072093605995178,0.47249987721443176,0.3470950424671173,1.7015204602350843e-07
2949,0.499845027923584,0.46619439125061035,0.3365062475204468,1.6367243124372212e-07
2950,0.4961094558238983,0.46245354413986206,0.33655914664268494,1.5731849821833954e-07
2951,0.5136486291885376,0.47878652811050415,0.3486209213733673,1.5109025494620677e-07
2952,0.49679693579673767,0.46309614181518555,0.337007999420166,1.449877092679075e-07
2953,0.5158292651176453,0.48064976930618286,0.35179510712623596,1.3901086886580762e-07
2954,0.5123047232627869,0.4775873124599457,0.34717413783073425,1.3315974126401066e-07
2955,0.5087548494338989,0.47422754764556885,0.3452731966972351,1.274343338283801e-07
2956,0.5295077562332153,0.493513286113739,0.3599446415901184,1.2183465376650605e-07
2957,0.49572843313217163,0.46234047412872314,0.333879679441452,1.1636070812770516e-07
2958,0.5270346403121948,0.4912956953048706,0.35738933086395264,1.1101250380300965e-07
2959,0.48188328742980957,0.4491742253303528,0.32709071040153503,1.0579004752513389e-07
2960,0.5376486778259277,0.5009931325912476,0.36655521392822266,1.0069334586854107e-07
2961,0.5253211855888367,0.4897152781486511,0.35605883598327637,9.572240524933218e-08
2962,0.5090621113777161,0.4745450019836426,0.34517085552215576,9.087723192533482e-08
2963,0.5123098492622375,0.47773152589797974,0.34578341245651245,8.615783199602545e-08
2964,0.5315911173820496,0.49518173933029175,0.3640940487384796,8.156421140254056e-08
2965,0.5079131126403809,0.47294777631759644,0.34965360164642334,7.709637592770991e-08
2966,0.5210217237472534,0.485308438539505,0.3571329414844513,7.275433119596776e-08
2967,0.5206823945045471,0.48523932695388794,0.3544304072856903,6.853808267344164e-08
2968,0.5279297232627869,0.4921533763408661,0.357763409614563,6.444763566786361e-08
2969,0.5030698180198669,0.4687540531158447,0.3431575894355774,6.048299532861457e-08
2970,0.5426349639892578,0.5059340596199036,0.36700886487960815,5.6644166646668826e-08
2971,0.4874647259712219,0.45401710271835327,0.33447620272636414,5.2931154454671783e-08
2972,0.4997712969779968,0.4656725227832794,0.3409877419471741,4.934396342684e-08
2973,0.4853830933570862,0.4528403878211975,0.32542717456817627,4.588259807901674e-08
2974,0.5148853659629822,0.4803611636161804,0.3452422022819519,4.254706276862752e-08
2975,0.5098353624343872,0.4751231372356415,0.3471221327781677,3.933736169471347e-08
2976,0.4647899866104126,0.433491975069046,0.31297996640205383,3.6253498897886873e-08
2977,0.5103492140769958,0.47591665387153625,0.3443254232406616,3.3295478260364496e-08
2978,0.544758677482605,0.5075124502182007,0.37246206402778625,3.0463303505934295e-08
2979,0.5075984597206116,0.4735035300254822,0.340949147939682,2.7756978199944273e-08
2980,0.5065490007400513,0.4720781147480011,0.3447085916996002,2.5176505749346936e-08
2981,0.49800410866737366,0.4641341269016266,0.3386997580528259,2.2721889402621545e-08
2982,0.4803519546985626,0.44778770208358765,0.32564255595207214,2.039313224985184e-08
2983,0.538404643535614,0.502145528793335,0.36259108781814575,1.8190237222648343e-08
2984,0.5325324535369873,0.49635687470436096,0.36175552010536194,1.6113207094181626e-08
2985,0.5038300156593323,0.4696506857872009,0.3417934477329254,1.4162044479182346e-08
2986,0.512126088142395,0.47724199295043945,0.34884095191955566,1.2336751833941229e-08
2987,0.5230857729911804,0.48757997155189514,0.35505807399749756,1.0637331456264666e-08
2988,0.4945962131023407,0.4612979292869568,0.3329828083515167,9.063785485508014e-09
2989,0.5152215957641602,0.4800066351890564,0.35214945673942566,7.616115902586707e-09
2990,0.48056650161743164,0.4480762481689453,0.32490256428718567,6.294324529942941e-09
2991,0.5013154745101929,0.4667292535305023,0.3458622694015503,5.098413031534577e-09
2992,0.5423504710197449,0.5053638815879822,0.3698658049106598,4.028382912890649e-09
2993,0.5262487530708313,0.49046897888183594,0.3577979803085327,3.0842355210336515e-09
2994,0.5065348744392395,0.47223347425460815,0.343013733625412,2.2659720445239452e-09
2995,0.5026982426643372,0.46841689944267273,0.3428137004375458,1.5735935134708613e-09
2996,0.5192649960517883,0.4836859405040741,0.3557903468608856,1.0071007994771898e-09
2997,0.480651319026947,0.44817766547203064,0.324736624956131,5.664946157168949e-10
2998,0.5067144632339478,0.47189193964004517,0.34822508692741394,2.5177551682409317e-10
2999,0.5113193392753601,0.47643133997917175,0.34887996315956116,6.294389901517761e-11
