step,loss,temporal,spectral,lr
0,0.8174237012863159,0.762921929359436,0.5450174808502197,1.0000000000000002e-06
1,0.8325104117393494,0.7765838503837585,0.5592658519744873,2.0000000000000003e-06
2,0.8419067859649658,0.7847128510475159,0.57193922996521,3e-06
3,0.8280230760574341,0.7716782689094543,0.5634482502937317,4.000000000000001e-06
4,0.8075162768363953,0.7528864145278931,0.5462983846664429,5e-06
5,0.7903634309768677,0.7373769283294678,0.5298649072647095,6e-06
6,0.8107466101646423,0.7563387155532837,0.5440791249275208,7.000000000000001e-06
7,0.8277463316917419,0.7711091041564941,0.5663720369338989,8.000000000000001e-06
8,0.8067280054092407,0.7520111799240112,0.5471680760383606,9e-06
9,0.805907130241394,0.7506011724472046,0.553059458732605,1e-05
10,0.7960184216499329,0.7415537238121033,0.5446469187736511,1.1000000000000001e-05
11,0.801535427570343,0.7465986609458923,0.5493677854537964,1.2e-05
12,0.7821757793426514,0.7280280590057373,0.5414775013923645,1.3000000000000001e-05
13,0.7937642335891724,0.7393889427185059,0.5437526702880859,1.4000000000000001e-05
14,0.765555202960968,0.7129318118095398,0.5262341499328613,1.5e-05
15,0.7374923229217529,0.6856335401535034,0.5185875296592712,1.6000000000000003e-05
16,0.7536397576332092,0.7008879780769348,0.5275178551673889,1.7000000000000003e-05
17,0.7305327653884888,0.6792584657669067,0.5127430558204651,1.8e-05
18,0.7201007604598999,0.6698544025421143,0.502463698387146,1.9e-05
19,0.7143270373344421,0.6642588973045349,0.5006812214851379,2e-05
20,0.7475823163986206,0.6946403384208679,0.5294198393821716,2.1e-05
21,0.743455708026886,0.6916942000389099,0.5176149010658264,2.2000000000000003e-05
22,0.7292758226394653,0.67823725938797,0.5103858113288879,2.3000000000000003e-05
23,0.6979546546936035,0.6484212279319763,0.4953339993953705,2.4e-05
24,0.7219136953353882,0.6717160940170288,0.5019760727882385,2.5e-05
25,0.7158144116401672,0.6647372245788574,0.5107720494270325,2.6000000000000002e-05
26,0.7188673615455627,0.6681905388832092,0.5067684650421143,2.7000000000000002e-05
27,0.68694007396698,0.6381420493125916,0.48798030614852905,2.8000000000000003e-05
28,0.6887973546981812,0.6408455967903137,0.47951745986938477,2.9e-05
29,0.7244835495948792,0.6730437874794006,0.5143974423408508,3e-05
30,0.767798662185669,0.7136557102203369,0.5414296984672546,3.1e-05
31,0.6903160810470581,0.6412869691848755,0.4902908504009247,3.2000000000000005e-05
32,0.7125315070152283,0.6619713306427002,0.5056016445159912,3.3e-05
33,0.7095854878425598,0.6596029996871948,0.4998251497745514,3.4000000000000007e-05
34,0.6868101954460144,0.6387689709663391,0.48041248321533203,3.5e-05
35,0.6802099943161011,0.6328666806221008,0.4734334349632263,3.6e-05
36,0.686461865901947,0.6381664276123047,0.48295432329177856,3.7e-05
37,0.6701450347900391,0.6232169270515442,0.4692808985710144,3.8e-05
38,0.6826741695404053,0.6338140368461609,0.48860102891921997,3.9000000000000006e-05
39,0.6727713942527771,0.625133216381073,0.476381778717041,4e-05
40,0.6885097622871399,0.6394786238670349,0.4903116524219513,4.1e-05
41,0.6885192394256592,0.6396117806434631,0.48907455801963806,4.2e-05
42,0.6592183113098145,0.6129029989242554,0.4631529152393341,4.3e-05
43,0.6564419269561768,0.6096577644348145,0.4678414762020111,4.4000000000000006e-05
44,0.6749107837677002,0.6270285248756409,0.4788223206996918,4.5e-05
45,0.6786568760871887,0.630716860294342,0.4794003665447235,4.600000000000001e-05
46,0.6412394046783447,0.5948306322097778,0.46408769488334656,4.7e-05
47,0.6439676880836487,0.5978336930274963,0.4613397717475891,4.8e-05
48,0.6349031925201416,0.5897986888885498,0.4510447680950165,4.9e-05
49,0.6552175879478455,0.6085083484649658,0.46709251403808594,5e-05
50,0.6438428163528442,0.597490668296814,0.4635215699672699,5.1000000000000006e-05
51,0.6531457304954529,0.6058060526847839,0.47339698672294617,5.2000000000000004e-05
52,0.6100550293922424,0.5660548210144043,0.4400021433830261,5.300000000000001e-05
53,0.6183565855026245,0.5736597776412964,0.44696786999702454,5.4000000000000005e-05
54,0.6245227456092834,0.5801527500152588,0.4437001049518585,5.500000000000001e-05
55,0.6359469890594482,0.590252697467804,0.4569430947303772,5.6000000000000006e-05
56,0.6262165904045105,0.5812327861785889,0.449837863445282,5.6999999999999996e-05
57,0.6123427152633667,0.5682986974716187,0.44044029712677,5.8e-05
58,0.6499879360198975,0.6042797565460205,0.4570818543434143,5.9e-05
59,0.6366643309593201,0.5909072160720825,0.4575710892677307,6e-05
60,0.5980192422866821,0.5548685789108276,0.431506872177124,6.1e-05
61,0.5839548707008362,0.5427514910697937,0.4120338559150696,6.2e-05
62,0.6312081813812256,0.5856388807296753,0.4556928277015686,6.3e-05
63,0.5935952067375183,0.5511320233345032,0.4246319532394409,6.400000000000001e-05
64,0.6430560946464539,0.5973888039588928,0.4566727876663208,6.500000000000001e-05
65,0.6039474606513977,0.5605902671813965,0.4335719048976898,6.6e-05
66,0.6096382141113281,0.5662034749984741,0.4343473017215729,6.7e-05
67,0.5817652344703674,0.5409552454948425,0.408099889755249,6.800000000000001e-05
68,0.5884003043174744,0.546421229839325,0.4197906255722046,6.9e-05
69,0.6122702360153198,0.5679535865783691,0.44316619634628296,7e-05
70,0.6111628413200378,0.5659330487251282,0.4522978961467743,7.1e-05
71,0.6119409203529358,0.5682734847068787,0.4366741180419922,7.2e-05
72,0.5919147729873657,0.5494330525398254,0.42481729388237,7.3e-05
73,0.5728898048400879,0.5322719216346741,0.40617871284484863,7.4e-05
74,0.5757417678833008,0.5351872444152832,0.4055449366569519,7.500000000000001e-05
75,0.5788808465003967,0.5377700924873352,0.4111075699329376,7.6e-05
76,0.5790446996688843,0.5378162264823914,0.4122847020626068,7.7e-05
77,0.5907508730888367,0.5492268800735474,0.41523995995521545,7.800000000000001e-05
78,0.6060524582862854,0.5632462501525879,0.4280618131160736,7.900000000000001e-05
79,0.5914584994316101,0.5494548678398132,0.42003655433654785,8e-05
80,0.6139031648635864,0.570408821105957,0.43494322896003723,8.1e-05
81,0.5778009295463562,0.5363081097602844,0.41492825746536255,8.2e-05
82,0.5842458605766296,0.5428480505943298,0.4139779806137085,8.3e-05
83,0.5876352190971375,0.5461724996566772,0.4146270155906677,8.4e-05
84,0.5863640308380127,0.5450577735900879,0.41306236386299133,8.5e-05
85,0.5738140344619751,0.5320196747779846,0.41794389486312866,8.6e-05
86,0.5856097936630249,0.5438513159751892,0.4175848960876465,8.7e-05
87,0.5668293833732605,0.5265462398529053,0.40283146500587463,8.800000000000001e-05
88,0.5642520785331726,0.5243204832077026,0.39931580424308777,8.900000000000001e-05
89,0.5792664885520935,0.5377570390701294,0.4150947034358978,9e-05
90,0.5658527612686157,0.5257576107978821,0.4009517431259155,9.1e-05
91,0.589095950126648,0.5464263558387756,0.4266960918903351,9.200000000000001e-05
92,0.5743475556373596,0.5325899124145508,0.4175761640071869,9.300000000000001e-05
93,0.565681517124176,0.525930643081665,0.39750900864601135,9.4e-05
94,0.5823617577552795,0.5407575964927673,0.4160415828227997,9.5e-05
95,0.5703458189964294,0.5298899412155151,0.4045587182044983,9.6e-05
96,0.5910369157791138,0.5489447712898254,0.42092132568359375,9.7e-05
97,0.5739349722862244,0.5331544280052185,0.4078056514263153,9.8e-05
98,0.59248286485672,0.5493239164352417,0.4315892457962036,9.900000000000001e-05
99,0.6065594553947449,0.5628321766853333,0.4372726380825043,0.0001
100,0.571394145488739,0.530536413192749,0.4085775911808014,0.000101
101,0.5829659700393677,0.5411856174468994,0.4178035259246826,0.00010200000000000001
102,0.5851448774337769,0.5439830422401428,0.4116186201572418,0.00010300000000000001
103,0.5944487452507019,0.5517553091049194,0.42693451046943665,0.00010400000000000001
104,0.5567923188209534,0.5170556902885437,0.3973664343357086,0.000105
105,0.5825991630554199,0.540910542011261,0.41688641905784607,0.00010600000000000002
106,0.5534903407096863,0.5140293836593628,0.3946097791194916,0.00010700000000000001
107,0.5551972389221191,0.5153145790100098,0.3988266587257385,0.00010800000000000001
108,0.5783842206001282,0.537220299243927,0.41163918375968933,0.000109
109,0.5448494553565979,0.5065362453460693,0.38313207030296326,0.00011000000000000002
110,0.5733728408813477,0.5330129265785217,0.4035990834236145,0.00011100000000000001
111,0.5361316204071045,0.497725248336792,0.3840634524822235,0.00011200000000000001
112,0.5685665011405945,0.5275915861129761,0.409748911857605,0.000113
113,0.5680890083312988,0.5272378921508789,0.40851131081581116,0.00011399999999999999
114,0.5729957818984985,0.5318201184272766,0.411756694316864,0.00011499999999999999
115,0.5626500248908997,0.5223284959793091,0.4032154679298401,0.000116
116,0.5993365049362183,0.5564475059509277,0.4288899004459381,0.000117
117,0.5657970309257507,0.5251560807228088,0.40640971064567566,0.000118
118,0.5713356733322144,0.529769241809845,0.41566434502601624,0.000119
119,0.5545415282249451,0.5150579810142517,0.3948352336883545,0.00012
120,0.5737841129302979,0.532494068145752,0.4129001498222351,0.000121
121,0.5672640800476074,0.526672899723053,0.40591156482696533,0.000122
122,0.5900752544403076,0.5469745397567749,0.4310070276260376,0.000123
123,0.5652201771736145,0.5247634649276733,0.40456727147102356,0.000124
124,0.5548695921897888,0.5154663920402527,0.39403194189071655,0.000125
125,0.5927749872207642,0.5505275726318359,0.42247408628463745,0.000126
126,0.5266966223716736,0.48910582065582275,0.375907838344574,0.000127
127,0.540377676486969,0.5016164183616638,0.3876126706600189,0.00012800000000000002
128,0.56019526720047,0.5208067893981934,0.3938845098018646,0.00012900000000000002
129,0.5724655985832214,0.5319615602493286,0.40504056215286255,0.00013000000000000002
130,0.5555731654167175,0.5162574648857117,0.39315712451934814,0.000131
131,0.5660433173179626,0.5258791446685791,0.4016416370868683,0.000132
132,0.550200343132019,0.511335015296936,0.3886531889438629,0.000133
133,0.5671396255493164,0.5272313356399536,0.399082750082016,0.000134
134,0.5520759224891663,0.5124992728233337,0.39576664566993713,0.00013500000000000003
135,0.542833149433136,0.5038367509841919,0.38996410369873047,0.00013600000000000003
136,0.541935920715332,0.503450334072113,0.38485613465309143,0.00013700000000000002
137,0.5783966183662415,0.5371353626251221,0.4126127064228058,0.000138
138,0.5585867762565613,0.5185167193412781,0.40070071816444397,0.000139
139,0.5592065453529358,0.5194162726402283,0.39790287613868713,0.00014
140,0.547836184501648,0.5088305473327637,0.3900565803050995,0.000141
141,0.5489032864570618,0.5099842548370361,0.38919007778167725,0.000142
142,0.5665279626846313,0.5254701375961304,0.41057807207107544,0.000143
143,0.5623387694358826,0.5230829119682312,0.3925584852695465,0.000144
144,0.5536510348320007,0.5145362019538879,0.39114853739738464,0.000145
145,0.5349715352058411,0.4966856837272644,0.3828583061695099,0.000146
146,0.5668626427650452,0.5261669158935547,0.4069572985172272,0.000147
147,0.5430454611778259,0.5043227076530457,0.38722744584083557,0.000148
148,0.561897873878479,0.5218005776405334,0.4009731709957123,0.00014900000000000002
149,0.5500487089157104,0.5102705955505371,0.39778101444244385,0.00015000000000000001
150,0.5613322257995605,0.5212835073471069,0.40048739314079285,0.000151
151,0.5643993616104126,0.5231122374534607,0.41287124156951904,0.000152
152,0.5724779963493347,0.5307824611663818,0.4169553816318512,0.000153
153,0.5354262590408325,0.49735313653945923,0.38073137402534485,0.000154
154,0.5451017618179321,0.5061697959899902,0.38931968808174133,0.000155
155,0.5665159225463867,0.5258539915084839,0.40661945939064026,0.00015600000000000002
156,0.5381039381027222,0.5001943111419678,0.37909629940986633,0.00015700000000000002
157,0.534835696220398,0.49636268615722656,0.38473039865493774,0.00015800000000000002
158,0.5416932106018066,0.5023886561393738,0.3930457830429077,0.00015900000000000002
159,0.5345924496650696,0.49526840448379517,0.3932402729988098,0.00016
160,0.5886050462722778,0.546552836894989,0.4205223619937897,0.000161
161,0.5617281794548035,0.5206114649772644,0.4111672043800354,0.000162
162,0.5231108069419861,0.48509037494659424,0.3802041709423065,0.000163
163,0.5672320127487183,0.52585768699646,0.4137433171272278,0.000164
164,0.5519821643829346,0.5122169256210327,0.39765241742134094,0.000165
165,0.5436546206474304,0.5045198798179626,0.39134716987609863,0.000166
166,0.5543308854103088,0.515405535697937,0.38925328850746155,0.000167
167,0.5201283693313599,0.4831748306751251,0.3695356249809265,0.000168
168,0.5330947041511536,0.49500879645347595,0.38085880875587463,0.00016900000000000002
169,0.5145224928855896,0.4777619540691376,0.3676054775714874,0.00017
170,0.5260940194129944,0.48831769824028015,0.37776318192481995,0.000171
171,0.5249444246292114,0.48763972520828247,0.37304726243019104,0.000172
172,0.5191806554794312,0.4824047386646271,0.36775901913642883,0.000173
173,0.5501020550727844,0.5106649398803711,0.3943711817264557,0.000174
174,0.5992096662521362,0.5566544532775879,0.4255524277687073,0.000175
175,0.5472291111946106,0.5074220299720764,0.3980707824230194,0.00017600000000000002
176,0.5339459180831909,0.4956694543361664,0.3827647268772125,0.00017700000000000002
177,0.5316032767295837,0.4943608343601227,0.37242457270622253,0.00017800000000000002
178,0.532136857509613,0.4936383068561554,0.3849853277206421,0.00017900000000000001
179,0.5415303111076355,0.5033659338951111,0.3816435933113098,0.00018
180,0.508919358253479,0.4725417196750641,0.36377665400505066,0.000181
181,0.5491020679473877,0.5097329020500183,0.39369145035743713,0.000182
182,0.5202385783195496,0.48337188363075256,0.36866721510887146,0.000183
183,0.5186078548431396,0.4821798503398895,0.3642798960208893,0.00018400000000000003
184,0.5166282653808594,0.48000895977020264,0.36619284749031067,0.00018500000000000002
185,0.5254086256027222,0.487379789352417,0.38028839230537415,0.00018600000000000002
186,0.5333945751190186,0.49542883038520813,0.3796572983264923,0.00018700000000000002
187,0.5181265473365784,0.4803709387779236,0.3775562644004822,0.000188
188,0.5174522399902344,0.4795377552509308,0.3791446089744568,0.00018899999999999999
189,0.5400059223175049,0.5013977885246277,0.3860812485218048,0.00019
190,0.5319761037826538,0.4930957555770874,0.38880378007888794,0.000191
191,0.49478214979171753,0.45967239141464233,0.3510977029800415,0.000192
192,0.5347878932952881,0.4960649609565735,0.3872292935848236,0.000193
193,0.5092684030532837,0.47269710898399353,0.3657129406929016,0.000194
194,0.5023708939552307,0.46576008200645447,0.3661080002784729,0.000195
195,0.5153487324714661,0.4788597822189331,0.36488938331604004,0.000196
196,0.48756179213523865,0.451597660779953,0.3596412241458893,0.00019700000000000002
197,0.5106361508369446,0.47382852435112,0.36807626485824585,0.00019800000000000002
198,0.5307067632675171,0.4934272766113281,0.372795045375824,0.000199
199,0.482882022857666,0.448680579662323,0.3420143127441406,0.0002
200,0.496218204498291,0.45960840582847595,0.3660980463027954,0.0002
201,0.5580686926841736,0.5176615118980408,0.4040716588497162,0.00019999993705610097
202,0.5266444087028503,0.4880887567996979,0.3855566084384918,0.00019999974822448318
203,0.5042482018470764,0.4682498276233673,0.3599836826324463,0.0001999994335053843
204,0.47550833225250244,0.44112294912338257,0.3438538908958435,0.00019999899289920055
205,0.5174447298049927,0.4798785150051117,0.37566208839416504,0.00019999842640648654
206,0.5085792541503906,0.47168904542922974,0.3689020872116089,0.00019999773402795549
207,0.5012579560279846,0.46490195393562317,0.363560289144516,0.00019999691576447898
208,0.4989859163761139,0.4624524712562561,0.3653343915939331,0.00019999597161708712
209,0.494317889213562,0.4581654369831085,0.36152446269989014,0.00019999490158696846
210,0.5194119811058044,0.48262912034988403,0.3678286075592041,0.00019999370567547008
211,0.4878685772418976,0.4532589912414551,0.3460959792137146,0.00019999238388409744
212,0.5116895437240601,0.4742618799209595,0.37427642941474915,0.0001999909362145145
213,0.5309312343597412,0.49339261651039124,0.37538644671440125,0.00019998936266854377
214,0.5060114860534668,0.4697108268737793,0.3630068004131317,0.00019998766324816607
215,0.5665343403816223,0.5254969596862793,0.4103735387325287,0.00019998583795552083
216,0.5357992053031921,0.49706608057022095,0.3873309791088104,0.00019998388679290583
217,0.5041432976722717,0.4684857130050659,0.3565756678581238,0.00019998180976277735
218,0.5117802023887634,0.475408673286438,0.3637155592441559,0.00019997960686775015
219,0.516319751739502,0.47972074151039124,0.36599040031433105,0.00019997727811059738
220,0.5215648412704468,0.48356637358665466,0.37998440861701965,0.00019997482349425066
221,0.51029372215271,0.47276830673217773,0.3752542734146118,0.00019997224302180006
222,0.4980454444885254,0.4623498022556305,0.356956422328949,0.0001999695366964941
223,0.5125592947006226,0.47541841864585876,0.3714086711406708,0.00019996670452173966
224,0.503040611743927,0.4662497937679291,0.3679080903530121,0.0001999637465011021
225,0.507225751876831,0.4701727032661438,0.37053051590919495,0.00019996066263830531
226,0.480155885219574,0.4456966519355774,0.34459245204925537,0.00019995745293723138
227,0.490368127822876,0.4553241729736328,0.35043954849243164,0.000199954117401921
228,0.49211791157722473,0.4569077789783478,0.35210123658180237,0.00019995065603657316
229,0.4910382032394409,0.4553719460964203,0.35666269063949585,0.00019994706884554533
230,0.5047505497932434,0.46921271085739136,0.35537829995155334,0.00019994335583335335
231,0.49493205547332764,0.4596574306488037,0.35274624824523926,0.00019993951700467139
232,0.4934283494949341,0.45716753602027893,0.3626082241535187,0.00019993555236433213
233,0.4843651056289673,0.4488682746887207,0.354968398809433,0.00019993146191732658
234,0.5004802942276001,0.4646380543708801,0.3584222197532654,0.00019992724566880404
235,0.4978741407394409,0.46187180280685425,0.36002323031425476,0.0001999229036240723
236,0.5046234726905823,0.4677264392375946,0.3689703643321991,0.00019991843578859747
237,0.5196484327316284,0.48256105184555054,0.37087371945381165,0.00019991384216800398
238,0.4606066346168518,0.4277755916118622,0.3283105790615082,0.00019990912276807466
239,0.5377355813980103,0.4994231164455414,0.3831249475479126,0.00019990427759475067
240,0.5272215008735657,0.4896060526371002,0.37615466117858887,0.00019989930665413147
241,0.5097018480300903,0.47261843085289,0.3708341419696808,0.0001998942099524749
242,0.4806004464626312,0.44605597853660583,0.34544461965560913,0.00019988898749619702
243,0.4754789173603058,0.44146424531936646,0.3401467502117157,0.0001998836392918723
244,0.501211941242218,0.465194433927536,0.3601749539375305,0.00019987816534623352
245,0.48602941632270813,0.45150142908096313,0.34527987241744995,0.00019987256566617162
246,0.4932520389556885,0.45779627561569214,0.3545575737953186,0.00019986684025873598
247,0.49778592586517334,0.4627562165260315,0.3502971827983856,0.0001998609891311342
248,0.4770708680152893,0.4427969753742218,0.3427390456199646,0.0001998550122907321
249,0.47475287318229675,0.44116777181625366,0.33585089445114136,0.00019984890974505381
250,0.48420727252960205,0.449400395154953,0.34806883335113525,0.00019984268150178167
251,0.47004151344299316,0.43687042593955994,0.3317109942436218,0.0001998363275687563
252,0.49918627738952637,0.4638690948486328,0.3531719744205475,0.0001998298479539765
253,0.5055528879165649,0.4704350233078003,0.3511783480644226,0.00019982324266559935
254,0.5074127316474915,0.4708347022533417,0.3657800853252411,0.00019981651171194006
255,0.5023471713066101,0.46669042110443115,0.3565676212310791,0.00019980965510147213
256,0.47818487882614136,0.4434903562068939,0.3469453454017639,0.00019980267284282717
257,0.4765740633010864,0.4426936209201813,0.3388044536113739,0.000199795564944795
258,0.46569809317588806,0.4331112802028656,0.32586824893951416,0.00019978833141632354
259,0.4854797124862671,0.45087292790412903,0.3460679054260254,0.00019978097226651902
260,0.48539790511131287,0.45085662603378296,0.3454129099845886,0.0001997734875046456
261,0.49712222814559937,0.462565153837204,0.345570832490921,0.0001997658771401258
262,0.4798060953617096,0.44634589552879333,0.33460208773612976,0.00019975814118254007
263,0.5038869380950928,0.46763354539871216,0.36253392696380615,0.00019975027964162702
264,0.4856894612312317,0.4511721432209015,0.3451732397079468,0.00019974229252728342
265,0.5036829710006714,0.4679126739501953,0.35770317912101746,0.00019973417984956403
266,0.5291869044303894,0.49162787199020386,0.37559032440185547,0.00019972594161868178
267,0.49898481369018555,0.46354979276657104,0.3543502390384674,0.00019971757784500752
268,0.4938713014125824,0.4585916996002197,0.35279592871665955,0.00019970908853907026
269,0.4990014135837555,0.46337300539016724,0.3562840521335602,0.00019970047371155704
270,0.4860154390335083,0.4508000612258911,0.3521537184715271,0.0001996917333733128
271,0.4840034246444702,0.449540913105011,0.3446250557899475,0.00019968286753534062
272,0.48567384481430054,0.4518407881259918,0.3383307158946991,0.00019967387620880146
273,0.4882299304008484,0.4534803330898285,0.347495973110199,0.00019966475940501435
274,0.477456659078598,0.4433251917362213,0.3413145840167999,0.0001996555171354562
275,0.48993155360221863,0.455640971660614,0.342905730009079,0.00019964614941176195
276,0.4955365061759949,0.46072638034820557,0.34810125827789307,0.00019963665624572432
277,0.46244996786117554,0.4299982786178589,0.32451677322387695,0.00019962703764929413
278,0.49706602096557617,0.4619258642196655,0.35140150785446167,0.00019961729363458003
279,0.45802783966064453,0.4261395037174225,0.3188834488391876,0.00019960742421384846
280,0.48224782943725586,0.4482903480529785,0.33957481384277344,0.00019959742939952392
281,0.49392953515052795,0.4587695002555847,0.3516003489494324,0.00019958730920418858
282,0.4697418212890625,0.43647533655166626,0.33266499638557434,0.00019957706364058257
283,0.4761815071105957,0.44241267442703247,0.3376884460449219,0.00019956669272160383
284,0.4794861376285553,0.4452113211154938,0.34274813532829285,0.00019955619646030802
285,0.4683120548725128,0.43500658869743347,0.3330547511577606,0.00019954557486990868
286,0.4627034068107605,0.42965301871299744,0.330503910779953,0.00019953482796377712
287,0.4821661114692688,0.44804495573043823,0.3412114381790161,0.00019952395575544233
288,0.4865167737007141,0.4519447088241577,0.3457205295562744,0.00019951295825859113
289,0.48397475481033325,0.4490678906440735,0.34906870126724243,0.00019950183548706805
290,0.5042909979820251,0.46885567903518677,0.35435324907302856,0.00019949058745487522
291,0.5048806071281433,0.4686010777950287,0.36279505491256714,0.00019947921417617267
292,0.48060208559036255,0.44652223587036133,0.3407984972000122,0.00019946771566527785
293,0.47656914591789246,0.44207391142845154,0.3449523448944092,0.000199456091936666
294,0.4935976564884186,0.4589412212371826,0.3465644121170044,0.00019944434300497006
295,0.49563971161842346,0.4603515863418579,0.35288116335868835,0.00019943246888498041
296,0.48653942346572876,0.4515557587146759,0.3498365581035614,0.00019942046959164515
297,0.47732439637184143,0.44384199380874634,0.3348241448402405,0.00019940834514006994
298,0.4836146831512451,0.44961968064308167,0.3399500846862793,0.000199396095545518
299,0.4947524666786194,0.45976242423057556,0.3499005138874054,0.00019938372082341
300,0.47055134177207947,0.43742161989212036,0.3312973380088806,0.00019937122098932428
301,0.47578662633895874,0.4418085217475891,0.3397809565067291,0.00019935859605899655
302,0.4900207221508026,0.45535561442375183,0.3466510474681854,0.00019934584604832013
303,0.4921901822090149,0.4576636850833893,0.34526488184928894,0.00019933297097334565
304,0.4647708535194397,0.43119215965270996,0.3357868194580078,0.00019931997085028132
305,0.5023301839828491,0.4668378531932831,0.35492345690727234,0.00019930684569549264
306,0.45856335759162903,0.4261077344417572,0.32455623149871826,0.00019929359552550265
307,0.5028850436210632,0.46633902192115784,0.3654603958129883,0.00019928022035699166
308,0.49428990483283997,0.45762407779693604,0.36665818095207214,0.00019926672020679736
309,0.5126211643218994,0.476040244102478,0.3658094108104706,0.00019925309509191482
310,0.47561347484588623,0.4417353570461273,0.3387812674045563,0.00019923934502949644
311,0.5151193141937256,0.47809502482414246,0.37024304270744324,0.00019922547003685176
312,0.5040818452835083,0.46858206391334534,0.35499805212020874,0.0001992114701314478
313,0.47251981496810913,0.4395104646682739,0.3300935626029968,0.00019919734533090867
314,0.501878559589386,0.46575725078582764,0.36121299862861633,0.0001991830956530158
315,0.47495147585868835,0.4411804676055908,0.33771002292633057,0.00019916872111570784
316,0.4885391592979431,0.4542205333709717,0.3431863486766815,0.00019915422173708046
317,0.46545150876045227,0.43190568685531616,0.33545824885368347,0.00019913959753538674
318,0.4819115102291107,0.4476093649864197,0.34302133321762085,0.00019912484852903668
319,0.49535298347473145,0.4604293704032898,0.34923607110977173,0.0001991099747365975
320,0.5038507580757141,0.4679378867149353,0.359128475189209,0.00019909497617679348
321,0.4559246897697449,0.4228469133377075,0.3307776153087616,0.000199079852868506
322,0.45289477705955505,0.42091527581214905,0.3197951316833496,0.00019906460483077348
323,0.48589712381362915,0.4518274962902069,0.34069639444351196,0.0001990492320827913
324,0.47053492069244385,0.4373902380466461,0.33144667744636536,0.00019903373464391186
325,0.4875699281692505,0.4524344801902771,0.35135456919670105,0.00019901811253364456
326,0.48369887471199036,0.4493160843849182,0.3438279330730438,0.00019900236577165576
327,0.46766090393066406,0.43495669960975647,0.32704219222068787,0.0001989864943777687
328,0.4630865454673767,0.4297412931919098,0.333452433347702,0.0001989704983719635
329,0.49472469091415405,0.4600110650062561,0.3471362590789795,0.0001989543777743772
330,0.4588061273097992,0.4265606105327606,0.32245516777038574,0.00019893813260530368
331,0.45271575450897217,0.4205557703971863,0.3215998113155365,0.0001989217628851936
332,0.4614714980125427,0.4285278618335724,0.32943639159202576,0.00019890526863465443
333,0.4899713695049286,0.455454021692276,0.3451733887195587,0.0001988886498744505
334,0.48965543508529663,0.45463991165161133,0.35015538334846497,0.00019887190662550266
335,0.48096656799316406,0.44619378447532654,0.3477279841899872,0.00019885503890888876
336,0.4891050457954407,0.4541795253753662,0.349255234003067,0.0001988380467458431
337,0.47345060110092163,0.4393061101436615,0.34144487977027893,0.00019882093015775678
338,0.49103671312332153,0.45631295442581177,0.3472377061843872,0.0001988036891661775
339,0.48916763067245483,0.4541451334953308,0.35022488236427307,0.0001987863237928095
340,0.46848440170288086,0.4358402192592621,0.32644179463386536,0.00019876883405951377
341,0.4630165100097656,0.4301040768623352,0.32912448048591614,0.0001987512199883077
342,0.5000048279762268,0.4650965929031372,0.3490826189517975,0.00019873348160136524
343,0.4518563151359558,0.419391006231308,0.3246530294418335,0.00019871561892101692
344,0.4528747797012329,0.42028743028640747,0.325873464345932,0.00019869763196974957
345,0.48662298917770386,0.4523502588272095,0.3427272140979767,0.00019867952077020666
346,0.45978018641471863,0.42801377177238464,0.31766411662101746,0.0001986612853451879
347,0.4912716746330261,0.45643705129623413,0.348346084356308,0.00019864292571764955
348,0.4862910509109497,0.45144975185394287,0.3484129011631012,0.00019862444191070408
349,0.48318007588386536,0.4488510191440582,0.34329044818878174,0.0001986058339476204
350,0.4933170676231384,0.45796439051628113,0.35352689027786255,0.0001985871018518236
351,0.49145931005477905,0.4569456875324249,0.34513625502586365,0.00019856824564689515
352,0.4707459807395935,0.4365028142929077,0.34243157505989075,0.00019854926535657267
353,0.4910378158092499,0.45615270733833313,0.34885096549987793,0.00019853016100475007
354,0.4828512668609619,0.44788479804992676,0.349664568901062,0.0001985109326154774
355,0.48449286818504333,0.4502961039543152,0.34196770191192627,0.00019849158021296081
356,0.45676881074905396,0.42420458793640137,0.3256421983242035,0.00019847210382156267
357,0.46197694540023804,0.42911678552627563,0.3286016881465912,0.00019845250346580136
358,0.4763852655887604,0.44348132610321045,0.32903942465782166,0.0001984327791703513
359,0.48176300525665283,0.44791379570961,0.33849215507507324,0.00019841293096004302
360,0.47593197226524353,0.44213366508483887,0.3379831314086914,0.00019839295885986296
361,0.49838364124298096,0.46284201741218567,0.35541611909866333,0.00019837286289495361
362,0.5046753883361816,0.4685470461845398,0.3612832725048065,0.00019835264309061326
363,0.4676995873451233,0.4345395565032959,0.3316003382205963,0.00019833229947229623
364,0.48694682121276855,0.45281124114990234,0.34135591983795166,0.00019831183206561262
365,0.46837592124938965,0.43521013855934143,0.33165788650512695,0.00019829124089632845
366,0.46024277806282043,0.42783546447753906,0.3240732252597809,0.00019827052599036545
367,0.4869039058685303,0.45244482159614563,0.3445906937122345,0.00019824968737380117
368,0.5121670365333557,0.4753830134868622,0.3678400218486786,0.0001982287250728689
369,0.4581524133682251,0.42583250999450684,0.32319897413253784,0.00019820763911395758
370,0.5325306057929993,0.4952211380004883,0.3730948865413666,0.00019818642952361187
371,0.4850277006626129,0.45040765404701233,0.34620043635368347,0.00019816509632853208
372,0.49790388345718384,0.46342214941978455,0.3448173999786377,0.00019814363955557404
373,0.4539852738380432,0.4220423996448517,0.31942880153656006,0.0001981220592317493
374,0.4969685673713684,0.4614342749118805,0.3553428649902344,0.0001981003553842248
375,0.46789804100990295,0.4351775646209717,0.32720470428466797,0.00019807852804032305
376,0.47634994983673096,0.4429364800453186,0.33413463830947876,0.00019805657722752202
377,0.4852999150753021,0.45085135102272034,0.34448570013046265,0.00019803450297345508
378,0.46336856484413147,0.4310707151889801,0.32297858595848083,0.00019801230530591105
379,0.46855735778808594,0.4359854459762573,0.3257192373275757,0.00019798998425283403
380,0.4846406877040863,0.45116108655929565,0.33479592204093933,0.00019796753984232358
381,0.4735111892223358,0.4402879476547241,0.3322325050830841,0.00019794497210263442
382,0.46839261054992676,0.4352409839630127,0.33151617646217346,0.00019792228106217658
383,0.4765812158584595,0.44286876916885376,0.3371243178844452,0.00019789946674951536
384,0.4645307958126068,0.43176329135894775,0.327674925327301,0.00019787652919337116
385,0.48304060101509094,0.44869035482406616,0.3435024619102478,0.00019785346842261957
386,0.4849902391433716,0.44993025064468384,0.35059988498687744,0.00019783028446629123
387,0.46396562457084656,0.4318161904811859,0.3214944303035736,0.00019780697735357204
388,0.4572724401950836,0.4245817959308624,0.3269065022468567,0.0001977835471138027
389,0.4887813627719879,0.4543122351169586,0.3446911871433258,0.0001977599937764791
390,0.48693016171455383,0.45260417461395264,0.3432599902153015,0.00019773631737125192
391,0.5058186054229736,0.4703541398048401,0.3546448349952698,0.00019771251792792698
392,0.4944339096546173,0.45932793617248535,0.3510596454143524,0.00019768859547646478
393,0.4695433974266052,0.4361358880996704,0.334075003862381,0.00019766455004698082
394,0.4919217526912689,0.4573788642883301,0.345429003238678,0.00019764038166974535
395,0.5079089403152466,0.4717022478580475,0.3620670437812805,0.0001976160903751834
396,0.4890359044075012,0.45466911792755127,0.34366777539253235,0.00019759167619387476
397,0.49952641129493713,0.4645916521549225,0.34934762120246887,0.0001975671391565539
398,0.4950845539569855,0.4597279131412506,0.35356631875038147,0.00019754247929410995
399,0.49022623896598816,0.45607390999794006,0.3415233790874481,0.00019751769663758665
400,0.474906861782074,0.44103285670280457,0.33874011039733887,0.00019749279121818235
401,0.4485040307044983,0.4168831408023834,0.3162088990211487,0.00019746776306724998
402,0.4416438043117523,0.410516619682312,0.31127193570137024,0.0001974426122162969
403,0.4712332487106323,0.43839123845100403,0.32842007279396057,0.00019741733869698495
404,0.4844664931297302,0.45030027627944946,0.3416622281074524,0.0001973919425411304
405,0.48248884081840515,0.44784191250801086,0.34646928310394287,0.00019736642378070392
406,0.4842657148838043,0.4504852890968323,0.3378041684627533,0.00019734078244783054
407,0.4770946502685547,0.44297099113464355,0.3412364721298218,0.00019731501857478954
408,0.4768163859844208,0.443480908870697,0.3333547115325928,0.0001972891321940145
409,0.47192367911338806,0.43879491090774536,0.3312877118587494,0.00019726312333809322
410,0.465203195810318,0.43198689818382263,0.33216288685798645,0.00019723699203976766
411,0.5042205452919006,0.46876072883605957,0.35459840297698975,0.00019721073833193397
412,0.4808429479598999,0.4467054009437561,0.34137558937072754,0.00019718436224764233
413,0.47380656003952026,0.44059598445892334,0.3321056663990021,0.00019715786382009705
414,0.4692932665348053,0.4365219473838806,0.3277131915092468,0.00019713124308265635
415,0.48557132482528687,0.45083171129226685,0.3473960757255554,0.00019710450006883256
416,0.4687094986438751,0.4360817074775696,0.32627779245376587,0.00019707763481229183
417,0.4705541729927063,0.43713900446891785,0.33415165543556213,0.00019705064734685425
418,0.46129992604255676,0.42894038558006287,0.3235952854156494,0.00019702353770649378
419,0.46517521142959595,0.43266168236732483,0.3251354396343231,0.00019699630592533808
420,0.4701477885246277,0.43719762563705444,0.3295017182826996,0.0001969689520376687
421,0.4423293173313141,0.4114595651626587,0.30869755148887634,0.00019694147607792083
422,0.48875147104263306,0.4538482129573822,0.34903261065483093,0.0001969138780806833
423,0.5049347877502441,0.46813079714775085,0.36803969740867615,0.00019688615808069872
424,0.476428359746933,0.4431993067264557,0.3322906196117401,0.0001968583161128631
425,0.44782209396362305,0.4164350926876068,0.31387001276016235,0.00019683035221222618
426,0.49520567059516907,0.4605637490749359,0.34641915559768677,0.00019680226641399096
427,0.4905656576156616,0.4560289978981018,0.34536662697792053,0.00019677405875351414
428,0.48065832257270813,0.44705796241760254,0.33600351214408875,0.00019674572926630567
429,0.5079337954521179,0.4725548028945923,0.35378971695899963,0.00019671727798802895
430,0.45787400007247925,0.42594102025032043,0.3193296492099762,0.00019668870495450066
431,0.46959415078163147,0.43669331073760986,0.32900846004486084,0.00019666001020169073
432,0.47990795969963074,0.4465939700603485,0.33313995599746704,0.00019663119376572242
433,0.44062983989715576,0.40973418951034546,0.3089563846588135,0.00019660225568287202
434,0.4774896502494812,0.4440683126449585,0.3342133164405823,0.00019657319598956913
435,0.44935429096221924,0.4177058935165405,0.31648412346839905,0.0001965440147223963
436,0.5155285596847534,0.47884178161621094,0.36686795949935913,0.00019651471191808924
437,0.4729430079460144,0.43939682841300964,0.3354617655277252,0.00019648528761353652
438,0.47591620683670044,0.4426162838935852,0.3329990804195404,0.00019645574184577982
439,0.4641304016113281,0.43145552277565,0.3267488479614258,0.00019642607465201364
440,0.4783717393875122,0.4447571635246277,0.3361457586288452,0.00019639628606958533
441,0.4759962260723114,0.4430818259716034,0.3291438817977905,0.0001963663761359951
442,0.47875821590423584,0.4447851777076721,0.33973023295402527,0.00019633634488889595
443,0.4579629600048065,0.42571187019348145,0.3225109279155731,0.0001963061923660935
444,0.48267480731010437,0.44909924268722534,0.3357555568218231,0.0001962759186055461
445,0.4690893292427063,0.43619510531425476,0.3289423882961273,0.00019624552364536473
446,0.47147852182388306,0.4385855793952942,0.3289295732975006,0.00019621500752381294
447,0.4642346203327179,0.4321676790714264,0.32066938281059265,0.00019618437027930683
448,0.47897741198539734,0.445099800825119,0.33877623081207275,0.00019615361195041492
449,0.4679349660873413,0.43566572666168213,0.3226924240589142,0.00019612273257585815
450,0.45049163699150085,0.41901376843452454,0.31477877497673035,0.00019609173219450998
451,0.4842258095741272,0.44962432980537415,0.34601473808288574,0.000196060610845396
452,0.46127811074256897,0.4281467795372009,0.33131319284439087,0.0001960293685676943
453,0.46416082978248596,0.4309593439102173,0.33201488852500916,0.00019599800540073505
454,0.4526335895061493,0.4209972023963928,0.31636396050453186,0.00019596652138400064
455,0.4857357442378998,0.45124930143356323,0.3448643386363983,0.0001959349165571256
456,0.5024259090423584,0.4661276638507843,0.3629824221134186,0.0001959031909598966
457,0.5026260614395142,0.4672676920890808,0.353583425283432,0.0001958713446322522
458,0.48859071731567383,0.454073429107666,0.3451729416847229,0.00019583937761428314
459,0.4841162860393524,0.4502165615558624,0.3389972448348999,0.00019580728994623195
460,0.4869686961174011,0.4523591697216034,0.3460952341556549,0.00019577508166849304
461,0.465906023979187,0.4331202208995819,0.3278578817844391,0.00019574275282161283
462,0.45756494998931885,0.4257427752017975,0.3182215988636017,0.00019571030344628926
463,0.48316988348960876,0.44914475083351135,0.34025120735168457,0.00019567773358337222
464,0.4917522370815277,0.4575318694114685,0.3422035872936249,0.00019564504327386316
465,0.4644075930118561,0.43224745988845825,0.3216012418270111,0.0001956122325589152
466,0.47114771604537964,0.43797212839126587,0.33175596594810486,0.00019557930147983302
467,0.46555742621421814,0.43213576078414917,0.33421674370765686,0.00019554625007807283
468,0.49843481183052063,0.4634331166744232,0.35001686215400696,0.0001955130783952423
469,0.4747857451438904,0.44168320298194885,0.33102527260780334,0.00019547978647310057
470,0.45880043506622314,0.42660775780677795,0.32192665338516235,0.00019544637435355808
471,0.4746333360671997,0.4412330687046051,0.3340025842189789,0.00019541284207867662
472,0.4806433618068695,0.44626671075820923,0.34376639127731323,0.0001953791896906692
473,0.4839795231819153,0.4501151144504547,0.33864396810531616,0.0001953454172319001
474,0.4804728627204895,0.4464811682701111,0.3399168848991394,0.00019531152474488477
475,0.4822770953178406,0.44842529296875,0.3385181427001953,0.00019527751227228963
476,0.46116700768470764,0.4286659061908722,0.32501089572906494,0.0001952433798569323
477,0.48032453656196594,0.4467082917690277,0.3361625671386719,0.00019520912754178123
478,0.4633479416370392,0.4309907555580139,0.32357195019721985,0.00019517475536995604
479,0.4709920883178711,0.43765389919281006,0.3333818316459656,0.000195140263384727
480,0.46050384640693665,0.4285169243812561,0.3198693096637726,0.00019510565162951537
481,0.5039659142494202,0.46872687339782715,0.35239046812057495,0.0001950709201478931
482,0.4738064110279083,0.44145095348358154,0.32355445623397827,0.00019503606898358284
483,0.4753963053226471,0.4420680105686188,0.33328303694725037,0.00019500109818045805
484,0.45622554421424866,0.42459043860435486,0.316351056098938,0.00019496600778254263
485,0.47199946641921997,0.439272940158844,0.3272654116153717,0.00019493079783401113
486,0.4550797641277313,0.42290419340133667,0.3217558264732361,0.0001948954683791886
487,0.48362404108047485,0.4498325288295746,0.3379150927066803,0.00019486001946255046
488,0.48209989070892334,0.44816553592681885,0.33934348821640015,0.00019482445112872264
489,0.4772592782974243,0.44391462206840515,0.3334464430809021,0.00019478876342248128
490,0.5006514191627502,0.4655807614326477,0.3507068455219269,0.0001947529563887529
491,0.4564860165119171,0.42461374402046204,0.31872260570526123,0.00019471703007261412
492,0.4429929852485657,0.4119715988636017,0.31021401286125183,0.00019468098451929183
493,0.4657838046550751,0.4330964982509613,0.3268730342388153,0.00019464481977416297
494,0.46304750442504883,0.4294813573360443,0.3356615900993347,0.00019460853588275454
495,0.4720522463321686,0.4387293756008148,0.3332286775112152,0.00019457213289074355
496,0.44829052686691284,0.41653409600257874,0.31756436824798584,0.00019453561084395687
497,0.44386792182922363,0.41298049688339233,0.30887410044670105,0.00019449896978837141
498,0.4356613755226135,0.4051699936389923,0.30491384863853455,0.0001944622097701137
499,0.4802960157394409,0.4461050033569336,0.341910183429718,0.00019442533083546012
500,0.502526581287384,0.46742409467697144,0.3510246276855469,0.00019438833303083678
501,0.488897442817688,0.45489081740379333,0.3400661051273346,0.00019435121640281938
502,0.4625488221645355,0.43067246675491333,0.31876349449157715,0.00019431398099813323
503,0.4497305750846863,0.4189305007457733,0.30800071358680725,0.00019427662686365314
504,0.4745311737060547,0.44135022163391113,0.3318093717098236,0.0001942391540464035
505,0.4637921452522278,0.43139025568962097,0.3240188956260681,0.00019420156259355791
506,0.460202157497406,0.4280380308628082,0.32164129614830017,0.00019416385255243944
507,0.48904159665107727,0.45481938123703003,0.3422221839427948,0.00019412602397052048
508,0.437019944190979,0.4065474569797516,0.3047250211238861,0.00019408807689542257
509,0.48841041326522827,0.4542666971683502,0.34143710136413574,0.00019405001137491642
510,0.48417937755584717,0.45053941011428833,0.3363996148109436,0.0001940118274569219
511,0.4883964955806732,0.45382025837898254,0.3457624912261963,0.00019397352518950794
512,0.48678719997406006,0.45311978459358215,0.33667412400245667,0.00019393510462089236
513,0.453110933303833,0.42149171233177185,0.31619223952293396,0.000193896565799442
514,0.46112364530563354,0.4287877082824707,0.32335934042930603,0.00019385790877367255
515,0.45166346430778503,0.41985955834388733,0.3180391490459442,0.00019381913359224842
516,0.4601967930793762,0.4280794560909271,0.3211732506752014,0.0001937802403039829
517,0.4857422113418579,0.45126503705978394,0.3447718322277069,0.0001937412289578379
518,0.4876299202442169,0.45330649614334106,0.3432343304157257,0.00019370209960292386
519,0.4748559594154358,0.44228261709213257,0.3257332742214203,0.00019366285228849996
520,0.482464998960495,0.44873037934303284,0.33734625577926636,0.00019362348706397373
521,0.43774178624153137,0.40733981132507324,0.3040197491645813,0.0001935840039789012
522,0.46804988384246826,0.43559300899505615,0.32456883788108826,0.00019354440308298672
523,0.447284072637558,0.4165402054786682,0.30743855237960815,0.00019350468442608305
524,0.4947359263896942,0.4598239064216614,0.3491201102733612,0.0001934648480581911
525,0.4493658244609833,0.4176023304462433,0.3176349401473999,0.00019342489402945998
526,0.47319328784942627,0.4396623969078064,0.3353089690208435,0.000193384822390187
527,0.4380192160606384,0.40750470757484436,0.30514514446258545,0.00019334463319081735
528,0.47100430727005005,0.4380648136138916,0.32939502596855164,0.00019330432648194444
529,0.47961658239364624,0.44615688920021057,0.3345968425273895,0.00019326390231430942
530,0.4721232056617737,0.4391808807849884,0.329423189163208,0.00019322336073880142
531,0.46813464164733887,0.4354768991470337,0.32657739520072937,0.00019318270180645737
532,0.5185214281082153,0.48257020115852356,0.35951244831085205,0.00019314192556846185
533,0.49838241934776306,0.4634501338005066,0.34932297468185425,0.00019310103207614718
534,0.47024381160736084,0.43759533762931824,0.3264846205711365,0.00019306002138099327
535,0.4678771197795868,0.4355156421661377,0.3236146569252014,0.00019301889353462762
536,0.46965253353118896,0.43672671914100647,0.32925811409950256,0.00019297764858882514
537,0.4621672034263611,0.42945596575737,0.3271123766899109,0.0001929362865955082
538,0.4636126756668091,0.4308176338672638,0.32795047760009766,0.0001928948076067465
539,0.4777917265892029,0.44431883096694946,0.33472907543182373,0.00019285321167475698
540,0.4800679385662079,0.44611093401908875,0.339570015668869,0.0001928114988519039
541,0.4452185034751892,0.41435182094573975,0.3086667060852051,0.00019276966919069862
542,0.5013741254806519,0.4664219319820404,0.3495222330093384,0.0001927277227437995
543,0.46556827425956726,0.43321290612220764,0.3235536813735962,0.00019268565956401208
544,0.48877474665641785,0.4542989730834961,0.34475767612457275,0.00019264347970428876
545,0.45153799653053284,0.4201214015483856,0.3141660690307617,0.0001926011832177288
546,0.46918785572052,0.4365996718406677,0.3258818984031677,0.00019255877015757835
547,0.44861477613449097,0.4166885018348694,0.31926265358924866,0.00019251624057723023
548,0.47755932807922363,0.44419264793395996,0.3336668312549591,0.00019247359453022407
549,0.4665544629096985,0.4337903559207916,0.32764095067977905,0.00019243083207024598
550,0.4449588358402252,0.4136282205581665,0.3133062422275543,0.0001923879532511287
551,0.4458063542842865,0.41451144218444824,0.31294915080070496,0.0001923449581268514
552,0.46285322308540344,0.43069764971733093,0.32155582308769226,0.00019230184675153976
553,0.4713578224182129,0.4382172226905823,0.3314058780670166,0.00019225861917946565
554,0.4674053192138672,0.4348852336406708,0.3252008259296417,0.0001922152754650474
555,0.47733616828918457,0.44474223256111145,0.32593926787376404,0.0001921718156628494
556,0.48863381147384644,0.4544471800327301,0.34186622500419617,0.00019212823982758226
557,0.4983185827732086,0.46282094717025757,0.35497626662254333,0.00019208454801410266
558,0.469408243894577,0.4362572729587555,0.3315095901489258,0.0001920407402774132
559,0.48276498913764954,0.44916826486587524,0.3359673321247101,0.00019199681667266252
560,0.49154672026634216,0.4565044343471527,0.3504228889942169,0.0001919527772551451
561,0.46467384696006775,0.43230393528938293,0.32369914650917053,0.0001919086220803011
562,0.47010454535484314,0.4373921751976013,0.32712364196777344,0.0001918643512037166
563,0.4569379687309265,0.42503461241722107,0.319033682346344,0.00019181996468112323
564,0.5019778609275818,0.46703824400901794,0.3493959903717041,0.00019177546256839812
565,0.4657737910747528,0.4332696497440338,0.32504138350486755,0.00019173084492156407
566,0.4716120958328247,0.43911686539649963,0.3249521553516388,0.00019168611179678924
567,0.471868634223938,0.43914148211479187,0.32727155089378357,0.00019164126325038714
568,0.45844823122024536,0.4265158772468567,0.31932342052459717,0.00019159629933881666
569,0.46820491552352905,0.4356153607368469,0.32589560747146606,0.00019155122011868186
570,0.47580209374427795,0.4427121579647064,0.3308994174003601,0.00019150602564673198
571,0.5048198103904724,0.4695839583873749,0.3523586094379425,0.00019146071597986138
572,0.4659788906574249,0.4333098232746124,0.3266907036304474,0.00019141529117510932
573,0.4570103585720062,0.42510488629341125,0.3190547227859497,0.00019136975128966017
574,0.4839991331100464,0.4508416950702667,0.331574410200119,0.00019132409638084304
575,0.4957195520401001,0.4605836868286133,0.3513585329055786,0.00019127832650613189
576,0.47052252292633057,0.43791744112968445,0.326050728559494,0.00019123244172314545
577,0.4731581211090088,0.4402560889720917,0.32902026176452637,0.00019118644208964702
578,0.47446662187576294,0.4409482777118683,0.33518344163894653,0.00019114032766354453
579,0.5057951807975769,0.47011813521385193,0.3567706048488617,0.00019109409850289044
580,0.457476943731308,0.4260485768318176,0.3142836093902588,0.00019104775466588161
581,0.46841880679130554,0.43560758233070374,0.32811224460601807,0.00019100129621085925
582,0.4814704656600952,0.44752052426338196,0.3394995629787445,0.00019095472319630892
583,0.47231364250183105,0.4393221139907837,0.3299151360988617,0.00019090803568086036
584,0.4994944632053375,0.4639805257320404,0.3551393747329712,0.00019086123372328746
585,0.4613740146160126,0.42966797947883606,0.3170604109764099,0.00019081431738250814
586,0.45894813537597656,0.4271777272224426,0.31770411133766174,0.00019076728671758438
587,0.4562796354293823,0.4246313273906708,0.31648319959640503,0.00019072014178772202
588,0.4628496468067169,0.430950403213501,0.31899240612983704,0.00019067288265227082
589,0.4812629222869873,0.4475710391998291,0.3369186818599701,0.00019062550937072424
590,0.45994076132774353,0.4275589883327484,0.323817640542984,0.00019057802200271942
591,0.4799831509590149,0.44689813256263733,0.33085015416145325,0.0001905304206080372
592,0.4775654077529907,0.4440271854400635,0.3353821337223053,0.00019048270524660196
593,0.46955546736717224,0.4364522397518158,0.3310323655605316,0.0001904348759784815
594,0.4710893929004669,0.4384792447090149,0.32610154151916504,0.00019038693286388698
595,0.4894205331802368,0.45533013343811035,0.34090402722358704,0.00019033887596317298
596,0.4674866795539856,0.4348470866680145,0.3263958990573883,0.00019029070533683725
597,0.46068981289863586,0.4287468194961548,0.31942981481552124,0.00019024242104552074
598,0.43506720662117004,0.4048382043838501,0.302290141582489,0.00019019402315000752
599,0.46905654668807983,0.43597403168678284,0.33082523941993713,0.00019014551171122457
600,0.44902732968330383,0.4183543622493744,0.3067297637462616,0.0001900968867902419
601,0.4736389219760895,0.4406004548072815,0.3303847908973694,0.0001900481484482724
602,0.46961140632629395,0.43694669008255005,0.3266471028327942,0.0001899992967466716
603,0.4679211378097534,0.43557310104370117,0.3234802782535553,0.0001899503317469379
604,0.4608754813671112,0.4286440312862396,0.3223145306110382,0.00018990125351071226
605,0.48291802406311035,0.44927895069122314,0.33639058470726013,0.00018985206209977813
606,0.4700077474117279,0.4368312656879425,0.33176475763320923,0.00018980275757606157
607,0.46533194184303284,0.4328090250492096,0.3252291977405548,0.00018975334000163093
608,0.44089481234550476,0.4104321300983429,0.3046267628669739,0.00018970380943869687
609,0.45499512553215027,0.4231385290622711,0.31856587529182434,0.00018965416594961238
610,0.4583266079425812,0.42674577236175537,0.31580835580825806,0.00018960440959687254
611,0.46436813473701477,0.43234431743621826,0.32023805379867554,0.0001895545404431145
612,0.463026762008667,0.430171936750412,0.3285483121871948,0.00018950455855111745
613,0.4653271734714508,0.43305346369743347,0.32273703813552856,0.0001894544639838025
614,0.46962934732437134,0.43693259358406067,0.3269674777984619,0.00018940425680423264
615,0.4895097017288208,0.456099271774292,0.33410415053367615,0.00018935393707561251
616,0.4299435019493103,0.400180459022522,0.2976304888725281,0.00018930350486128856
617,0.4544244408607483,0.42255300283432007,0.31871429085731506,0.00018925296022474878
618,0.48892146348953247,0.4547930061817169,0.34128451347351074,0.00018920230322962264
619,0.4514123797416687,0.4201582372188568,0.31254157423973083,0.0001891515339396812
620,0.45839545130729675,0.4261842966079712,0.32211166620254517,0.0001891006524188368
621,0.4530447721481323,0.42169302701950073,0.3135175406932831,0.000189049658731143
622,0.4564228951931,0.42513784766197205,0.31285056471824646,0.00018899855294079472
623,0.47457054257392883,0.44206899404525757,0.32501548528671265,0.00018894733511212782
624,0.45307457447052,0.4212360978126526,0.3183848261833191,0.00018889600530961934
625,0.45371153950691223,0.42167821526527405,0.32033324241638184,0.00018884456359788724
626,0.4587593674659729,0.4267632067203522,0.3199615478515625,0.00018879301004169036
627,0.46289482712745667,0.43092435598373413,0.31970474123954773,0.00018874134470592835
628,0.4644022583961487,0.43177545070648193,0.3262680768966675,0.0001886895676556415
629,0.481856107711792,0.4486188292503357,0.33237284421920776,0.00018863767895601087
630,0.4579463601112366,0.4263093173503876,0.31637057662010193,0.000188585678672358
631,0.4740811884403229,0.44139426946640015,0.32686910033226013,0.00018853356687014485
632,0.46605271100997925,0.4338251054286957,0.32227596640586853,0.00018848134361497385
633,0.44324031472206116,0.41227826476097107,0.30962038040161133,0.0001884290089725877
634,0.45230889320373535,0.4209228754043579,0.31386011838912964,0.00018837656300886937
635,0.450618177652359,0.419932097196579,0.30686071515083313,0.00018832400578984183
636,0.4615999460220337,0.42919376492500305,0.32406172156333923,0.0001882713373816683
637,0.4695736765861511,0.43632856011390686,0.3324511647224426,0.00018821855785065185
638,0.4979124665260315,0.46320220828056335,0.34710249304771423,0.00018816566726323548
639,0.4588890075683594,0.4268912971019745,0.3199771046638489,0.00018811266568600194
640,0.44132328033447266,0.41088202595710754,0.3044123947620392,0.0001880595531856738
641,0.4790547788143158,0.44598594307899475,0.3306884467601776,0.00018800632982911322
642,0.4778768718242645,0.4442419707775116,0.33634892106056213,0.00018795299568332184
643,0.46533524990081787,0.43338555097579956,0.31949687004089355,0.00018789955081544092
644,0.4557842016220093,0.4245670437812805,0.3121715188026428,0.000187845995292751
645,0.4568308889865875,0.4251139760017395,0.317169189453125,0.00018779232918267195
646,0.43735700845718384,0.4069655239582062,0.30391499400138855,0.00018773855255276283
647,0.44579583406448364,0.4154060482978821,0.3038977384567261,0.00018768466547072188
648,0.4675673842430115,0.43499648571014404,0.32570886611938477,0.00018763066800438636
649,0.4578890800476074,0.4262959659099579,0.315931111574173,0.00018757656022173248
650,0.43791669607162476,0.40734341740608215,0.3057328760623932,0.00018752234219087538
651,0.48130232095718384,0.44773533940315247,0.33566972613334656,0.0001874680139800689
652,0.471870481967926,0.43877139687538147,0.3309907913208008,0.0001874135756577056
653,0.48223668336868286,0.44760358333587646,0.34633105993270874,0.00018735902729231677
654,0.44491422176361084,0.4138104319572449,0.31103792786598206,0.00018730436895257206
655,0.4407677948474884,0.4101168215274811,0.3065096139907837,0.00018724960070727972
656,0.47270524501800537,0.44007179141044617,0.32633447647094727,0.00018719472262538624
657,0.46480870246887207,0.4329054653644562,0.31903234124183655,0.00018713973477597646
658,0.46896886825561523,0.43698984384536743,0.3197903335094452,0.00018708463722827336
659,0.4744086265563965,0.44158506393432617,0.3282357454299927,0.00018702943005163803
660,0.4652103781700134,0.43276265263557434,0.3244771659374237,0.00018697411331556956
661,0.5180214643478394,0.48198145627975464,0.3603999614715576,0.00018691868708970496
662,0.46815118193626404,0.43536657094955444,0.32784605026245117,0.00018686315144381913
663,0.4519210457801819,0.420777291059494,0.3114376962184906,0.00018680750644782467
664,0.48053085803985596,0.4470764696598053,0.3345438838005066,0.00018675175217177175
665,0.4637816846370697,0.43136274814605713,0.3241894543170929,0.0001866958886858483
666,0.46706947684288025,0.43439245223999023,0.32677021622657776,0.0001866399160603796
667,0.4733133614063263,0.44024208188056946,0.3307127058506012,0.0001865838343658284
668,0.4517539143562317,0.42031919956207275,0.3143472373485565,0.00018652764367279461
669,0.4667946696281433,0.4340057373046875,0.3278892934322357,0.0001864713440520155
670,0.48601096868515015,0.452190637588501,0.33820322155952454,0.0001864149355743655
671,0.4601460099220276,0.4282959997653961,0.3185001313686371,0.00018635841831085586
672,0.4528464078903198,0.4215761721134186,0.31270235776901245,0.00018630179233263504
673,0.45474573969841003,0.4234215021133423,0.3132423758506775,0.00018624505771098817
674,0.4562567472457886,0.4244858920574188,0.3177086412906647,0.00018618821451733724
675,0.45741909742355347,0.42546626925468445,0.31952813267707825,0.00018613126282324092
676,0.4766085147857666,0.444192111492157,0.3241640329360962,0.0001860742027003944
677,0.46217721700668335,0.43006348609924316,0.3211371600627899,0.0001860170342206294
678,0.46990013122558594,0.4371274411678314,0.32772693037986755,0.0001859597574559141
679,0.46015670895576477,0.4283740520477295,0.31782659888267517,0.00018590237247835293
680,0.45568618178367615,0.4243816137313843,0.3130456209182739,0.00018584487936018661
681,0.4784216582775116,0.44558826088905334,0.32833388447761536,0.00018578727817379195
682,0.4518420696258545,0.4204564690589905,0.3138558566570282,0.0001857295689916818
683,0.48462364077568054,0.45126888155937195,0.3335477113723755,0.00018567175188650498
684,0.4545494019985199,0.4228948652744293,0.31654542684555054,0.00018561382693104615
685,0.43724626302719116,0.4069138467311859,0.3033241033554077,0.00018555579419822583
686,0.462470680475235,0.4305881857872009,0.3188250660896301,0.0001854976537611001
687,0.48214566707611084,0.44900354743003845,0.33142122626304626,0.00018543940569286065
688,0.4601813852787018,0.4283040761947632,0.3187730610370636,0.00018538105006683472
689,0.4736681282520294,0.44069239497184753,0.32975730299949646,0.00018532258695648496
690,0.4632198214530945,0.43073713779449463,0.3248269557952881,0.00018526401643540922
691,0.4435666799545288,0.4126654267311096,0.30901268124580383,0.0001852053385773407
692,0.47206053137779236,0.4391959309577942,0.32864612340927124,0.00018514655345614763
693,0.4575948417186737,0.4259762465953827,0.31618595123291016,0.00018508766114583332
694,0.44971704483032227,0.4184284806251526,0.31288576126098633,0.00018502866172053598
695,0.4531790018081665,0.4219528138637543,0.3122619688510895,0.00018496955525452874
696,0.4740171432495117,0.4416497051715851,0.3236745297908783,0.0001849103418222194
697,0.4528959393501282,0.42123934626579285,0.3165658414363861,0.00018485102149815038
698,0.4478236436843872,0.4164871275424957,0.3133651912212372,0.00018479159435699883
699,0.4926507771015167,0.4589066207408905,0.33744165301322937,0.00018473206047357619
700,0.4684356451034546,0.4360960125923157,0.32339635491371155,0.00018467241992282843
701,0.45065033435821533,0.4193388819694519,0.3131144046783447,0.00018461267277983568
702,0.4669030010700226,0.43443143367767334,0.32471558451652527,0.0001845528191198123
703,0.4609874188899994,0.4290732443332672,0.3191416561603546,0.00018449285901810675
704,0.4696587026119232,0.437303751707077,0.3235495388507843,0.00018443279255020152
705,0.4685549736022949,0.43548956513404846,0.3306540250778198,0.0001843726197917129
706,0.465496301651001,0.43394553661346436,0.31550756096839905,0.0001843123408183911
707,0.4774768650531769,0.44463202357292175,0.3284485340118408,0.00018425195570611998
708,0.4442829191684723,0.4132850170135498,0.3099791407585144,0.00018419146453091701
709,0.48384153842926025,0.4499671459197998,0.3387438654899597,0.0001841308673689332
710,0.4359383285045624,0.4061749279499054,0.2976340055465698,0.00018407016429645303
711,0.4785324037075043,0.4454042911529541,0.33128121495246887,0.0001840093553898942
712,0.4777897298336029,0.44474363327026367,0.33046087622642517,0.00018394844072580773
713,0.447079598903656,0.4160686433315277,0.3101094663143158,0.00018388742038087777
714,0.4782539904117584,0.4452057182788849,0.3304828405380249,0.00018382629443192144
715,0.46611762046813965,0.4336419999599457,0.32475605607032776,0.00018376506295588886
716,0.4728155732154846,0.43979012966156006,0.33025431632995605,0.00018370372602986303
717,0.45703327655792236,0.4254756569862366,0.31557634472846985,0.00018364228373105964
718,0.45866042375564575,0.4266568720340729,0.32003548741340637,0.00018358073613682706
719,0.4712173640727997,0.43891435861587524,0.3230299949645996,0.0001835190833246461
720,0.47144171595573425,0.43872854113578796,0.32713162899017334,0.00018345732537213027
721,0.4536376893520355,0.42189598083496094,0.3174170255661011,0.00018339546235702524
722,0.48750174045562744,0.453335702419281,0.34166041016578674,0.00018333349435720894
723,0.45685434341430664,0.42511940002441406,0.31734946370124817,0.0001832714214506916
724,0.46190932393074036,0.4299149215221405,0.3199441134929657,0.0001832092437156154
725,0.4730938971042633,0.44012507796287537,0.32968825101852417,0.00018314696123025454
726,0.48589906096458435,0.452038049697876,0.3386101722717285,0.00018308457407301503
727,0.4633955657482147,0.4316670298576355,0.3172852694988251,0.00018302208232243473
728,0.48146867752075195,0.44812291860580444,0.3334576487541199,0.00018295948605718314
729,0.47188591957092285,0.4389074146747589,0.3297850489616394,0.00018289678535606126
730,0.48265621066093445,0.44904085993766785,0.3361535370349884,0.00018283398029800166
731,0.46645745635032654,0.4345960021018982,0.3186144530773163,0.00018277107096206826
732,0.4359467923641205,0.4060523808002472,0.2989442050457001,0.00018270805742745617
733,0.4500787854194641,0.41914603114128113,0.3093276023864746,0.00018264493977349184
734,0.43214160203933716,0.4024059772491455,0.2973562479019165,0.0001825817180796326
735,0.4732443392276764,0.4400491416454315,0.33195194602012634,0.00018251839242546696
736,0.45107799768447876,0.4193633496761322,0.31714633107185364,0.0001824549628907141
737,0.4585224390029907,0.4270338714122772,0.3148856461048126,0.00018239142955522406
738,0.4568480849266052,0.4252864718437195,0.3156162202358246,0.0001823277924989776
739,0.47506028413772583,0.44208356738090515,0.32976725697517395,0.000182264051802086
740,0.46882757544517517,0.43651083111763,0.32316747307777405,0.00018220020754479102
741,0.4667137861251831,0.43446245789527893,0.3225131928920746,0.00018213625980746475
742,0.47463107109069824,0.4418015778064728,0.32829487323760986,0.00018207220867060966
743,0.4486939311027527,0.4174025356769562,0.3129138946533203,0.00018200805421485824
744,0.4707115888595581,0.43800514936447144,0.3270644545555115,0.0001819437965209732
745,0.47409552335739136,0.44134050607681274,0.32755032181739807,0.0001818794356698471
746,0.46478182077407837,0.43245863914489746,0.32323190569877625,0.00018181497174250236
747,0.4670887887477875,0.43468356132507324,0.32405218482017517,0.0001817504048200912
748,0.47708407044410706,0.4439728260040283,0.3311125338077545,0.00018168573498389564
749,0.4831291735172272,0.44989973306655884,0.3322945237159729,0.00018162096231532694
750,0.4685036838054657,0.4359547793865204,0.3254891335964203,0.00018155608689592604
751,0.48107922077178955,0.44769343733787537,0.33385786414146423,0.0001814911088073632
752,0.462985634803772,0.43088123202323914,0.32104405760765076,0.00018142602813143785
753,0.473349928855896,0.4400912821292877,0.3325863778591156,0.00018136084495007872
754,0.43645381927490234,0.406055748462677,0.30398064851760864,0.0001812955593453434
755,0.4706924259662628,0.4383262097835541,0.32366228103637695,0.0001812301713994185
756,0.4583025872707367,0.4266745448112488,0.3162803649902344,0.00018116468119461953
757,0.4849069118499756,0.45129257440567017,0.33614346385002136,0.00018109908881339058
758,0.47394511103630066,0.4415937066078186,0.3235141336917877,0.00018103339433830454
759,0.4787992835044861,0.44595685601234436,0.3284241557121277,0.00018096759785206267
760,0.46678054332733154,0.43360716104507446,0.3317338228225708,0.00018090169943749476
761,0.454889178276062,0.42359140515327454,0.3129778802394867,0.00018083569917755885
762,0.48547181487083435,0.45204341411590576,0.3342839479446411,0.00018076959715534124
763,0.488558828830719,0.45502394437789917,0.3353487253189087,0.00018070339345405625
764,0.45882174372673035,0.426876425743103,0.3194531798362732,0.00018063708815704632
765,0.431885302066803,0.40190327167510986,0.2998204231262207,0.00018057068134778173
766,0.4577172100543976,0.4260341227054596,0.31683093309402466,0.00018050417310986052
767,0.477445513010025,0.4444369375705719,0.3300856351852417,0.00018043756352700846
768,0.4630260169506073,0.4305327832698822,0.3249322474002838,0.00018037085268307889
769,0.4719330072402954,0.43891802430152893,0.3301498591899872,0.0001803040406620526
770,0.4779846966266632,0.4439108371734619,0.3407386541366577,0.0001802371275480378
771,0.45252525806427,0.42050275206565857,0.32022494077682495,0.0001801701134252699
772,0.45579993724823,0.42375117540359497,0.3204876482486725,0.0001801029983781116
773,0.44870641827583313,0.4176548719406128,0.3105155825614929,0.00018003578249105244
774,0.43846720457077026,0.40840429067611694,0.3006290793418884,0.00017996846584870908
775,0.4615665674209595,0.4298081398010254,0.3175843060016632,0.00017990104853582493
776,0.4566088914871216,0.42502185702323914,0.315870463848114,0.00017983353063727016
777,0.4961589574813843,0.46138760447502136,0.3477134704589844,0.00017976591223804161
778,0.46232521533966064,0.4303306043148041,0.3199462294578552,0.00017969819342326254
779,0.4581369161605835,0.4263933300971985,0.31743597984313965,0.00017963037427818268
780,0.4400794804096222,0.40968456864356995,0.3039490878582001,0.00017956245488817812
781,0.49173465371131897,0.4576314389705658,0.34103211760520935,0.000179494435338751
782,0.45256438851356506,0.42077723145484924,0.31787168979644775,0.00017942631571552973
783,0.4844648540019989,0.4511473476886749,0.33317503333091736,0.0001793580961042685
784,0.46204522252082825,0.43026629090309143,0.31778934597969055,0.00017928977659084755
785,0.451698899269104,0.4209147095680237,0.3078419268131256,0.00017922135726127275
786,0.4689452350139618,0.4370070993900299,0.31938132643699646,0.00017915283820167573
787,0.45052915811538696,0.4194251596927643,0.3110399842262268,0.00017908421949831366
788,0.4642879366874695,0.43179887533187866,0.3248905837535858,0.00017901550123756906
789,0.48014405369758606,0.4474608600139618,0.3268318176269531,0.00017894668350594981
790,0.4571373462677002,0.425529420375824,0.3160792887210846,0.00017887776639008914
791,0.4806573688983917,0.4478071928024292,0.32850170135498047,0.00017880874997674515
792,0.477136492729187,0.4446656405925751,0.3247085511684418,0.00017873963435280121
793,0.4608142375946045,0.4287695586681366,0.32044681906700134,0.00017867041960526535
794,0.46647197008132935,0.4334334135055542,0.3303854167461395,0.0001786011058212706
795,0.4618825316429138,0.43000075221061707,0.3188178837299347,0.00017853169308807448
796,0.42508646845817566,0.3961675763130188,0.28918886184692383,0.0001784621814930592
797,0.4905526041984558,0.4568815529346466,0.3367105722427368,0.00017839257112373132
798,0.4651908278465271,0.43276479840278625,0.3242603540420532,0.00017832286206772186
799,0.4458795189857483,0.41502702236175537,0.30852481722831726,0.00017825305441278598
800,0.45075350999832153,0.41971832513809204,0.3103519380092621,0.000178183148246803
801,0.4662672281265259,0.4342641234397888,0.32003095746040344,0.00017811314365777625
802,0.4567362070083618,0.42506763339042664,0.31668564677238464,0.000178043040733833
803,0.4766581654548645,0.4440758526325226,0.32582324743270874,0.0001779728395632242
804,0.44733256101608276,0.41637322306632996,0.30959352850914,0.00017790254023432466
805,0.46137750148773193,0.42956283688545227,0.31814679503440857,0.00017783214283563262
806,0.4644351601600647,0.43219950795173645,0.3223566710948944,0.00017776164745576976
807,0.4678427577018738,0.43512651324272156,0.32716238498687744,0.00017769105418348122
808,0.4513745903968811,0.4202820062637329,0.31092575192451477,0.00017762036310763532
809,0.4587467908859253,0.4271929860115051,0.3155381977558136,0.00017754957431722346
810,0.46920377016067505,0.43680694699287415,0.32396820187568665,0.0001774786879013601
811,0.47779539227485657,0.4454197883605957,0.32375597953796387,0.0001774077039492826
812,0.46840015053749084,0.4365313649177551,0.31868797540664673,0.00017733662255035114
813,0.5060397386550903,0.4710055887699127,0.35034167766571045,0.0001772654437940484
814,0.4557614326477051,0.4237365424633026,0.32024893164634705,0.0001771941677699799
815,0.494844526052475,0.46015629172325134,0.34688231348991394,0.00017712279456787332
816,0.4577622711658478,0.42611461877822876,0.3164765238761902,0.00017705132427757895
817,0.4658852517604828,0.43430107831954956,0.3158418536186218,0.00017697975698906904
818,0.45966604351997375,0.42819079756736755,0.31475234031677246,0.00017690809279243813
819,0.45678064227104187,0.425251305103302,0.31529343128204346,0.00017683633177790272
820,0.4549025893211365,0.42288342118263245,0.3201915919780731,0.0001767644740358011
821,0.46130332350730896,0.42943570017814636,0.3186761736869812,0.0001766925196565935
822,0.5082103610038757,0.47274503111839294,0.35465338826179504,0.00017662046873086163
823,0.4237130880355835,0.394377201795578,0.29335883259773254,0.00017654832134930882
824,0.466766357421875,0.4348711669445038,0.3189517557621002,0.00017647607760275987
825,0.44400474429130554,0.4131295680999756,0.30875179171562195,0.00017640373758216077
826,0.46682530641555786,0.4341866672039032,0.326386421918869,0.0001763313013785788
827,0.4508219361305237,0.41987332701683044,0.3094860315322876,0.00017625876908320236
828,0.4362945556640625,0.4062412977218628,0.3005325198173523,0.00017618614078734069
829,0.4683976471424103,0.43612349033355713,0.32274144887924194,0.00017611341658242395
830,0.4561697244644165,0.42452624440193176,0.3164348304271698,0.0001760405965600031
831,0.45753639936447144,0.4254666566848755,0.32069751620292664,0.00017596768081174963
832,0.4902645945549011,0.4562976062297821,0.33966973423957825,0.00017589466942945556
833,0.45906513929367065,0.4271630346775055,0.31902095675468445,0.00017582156250503335
834,0.4610283076763153,0.42940452694892883,0.31623783707618713,0.00017574836013051562
835,0.45662635564804077,0.42511019110679626,0.31516167521476746,0.0001756750623980553
836,0.4484320282936096,0.41738682985305786,0.3104519248008728,0.00017560166939992528
837,0.48488444089889526,0.4509594142436981,0.33925026655197144,0.00017552818122851838
838,0.45632824301719666,0.425071120262146,0.3125711679458618,0.0001754545979763472
839,0.47490495443344116,0.4421296715736389,0.3277526795864105,0.00017538091973604418
840,0.46711888909339905,0.43519845604896545,0.3192044198513031,0.00017530714660036112
841,0.4474828839302063,0.4167746603488922,0.3070822060108185,0.00017523327866216944
842,0.43649759888648987,0.40656694769859314,0.2993064522743225,0.00017515931601445986
843,0.4383315443992615,0.4072689712047577,0.31062567234039307,0.00017508525875034237
844,0.4696282148361206,0.4369370937347412,0.3269110918045044,0.00017501110696304596
845,0.4799545109272003,0.4468039572238922,0.3315056264400482,0.00017493686074591873
846,0.47796350717544556,0.4449642300605774,0.3299926519393921,0.0001748625201924276
847,0.4487701654434204,0.4175179600715637,0.3125220537185669,0.00017478808539615824
848,0.45565739274024963,0.4244641661643982,0.3119322955608368,0.00017471355645081498
849,0.47351402044296265,0.44112637639045715,0.32387641072273254,0.00017463893345022067
850,0.47805914282798767,0.4447621703147888,0.33296966552734375,0.00017456421648831655
851,0.43027254939079285,0.40052711963653564,0.2974543273448944,0.00017448940565916222
852,0.4479285776615143,0.4167649745941162,0.31163597106933594,0.0001744145010569353
853,0.4829339385032654,0.44950857758522034,0.33425372838974,0.00017433950277593162
854,0.4892723560333252,0.4552348256111145,0.3403753936290741,0.0001742644109105648
855,0.41833850741386414,0.38936179876327515,0.2897671163082123,0.00017418922555536637
856,0.4667489528656006,0.43419232964515686,0.3255663514137268,0.0001741139468049855
857,0.48556458950042725,0.4522950053215027,0.33269572257995605,0.00017403857475418896
858,0.4705824851989746,0.4377501308917999,0.3283234238624573,0.000173963109497861
859,0.4670585095882416,0.4352860748767853,0.317724347114563,0.0001738875511310031
860,0.474038690328598,0.4413585364818573,0.32680147886276245,0.00017381189974873407
861,0.49223050475120544,0.4580223858356476,0.34208130836486816,0.00017373615544628978
862,0.4385223686695099,0.40814894437789917,0.3037342131137848,0.00017366031831902304
863,0.45091167092323303,0.41908499598503113,0.3182668387889862,0.0001735843884624035
864,0.4744952917098999,0.441449910402298,0.33045387268066406,0.00017350836597201767
865,0.46623533964157104,0.433959037065506,0.3227631747722626,0.00017343225094356855
866,0.48030316829681396,0.44735613465309143,0.3294704854488373,0.0001733560434728757
867,0.44975951313972473,0.4188860058784485,0.3087349534034729,0.00017327974365587495
868,0.48696690797805786,0.4536393880844116,0.33327531814575195,0.00017320335158861855
869,0.46412014961242676,0.4320922791957855,0.32027870416641235,0.0001731268673672747
870,0.4417065382003784,0.4110124707221985,0.3069405257701874,0.00017305029108812776
871,0.47880271077156067,0.4458952248096466,0.3290749192237854,0.00017297362284757794
872,0.4735647737979889,0.44079384207725525,0.32770928740501404,0.00017289686274214118
873,0.4689207375049591,0.4365873634815216,0.32333362102508545,0.00017282001086844906
874,0.45654135942459106,0.424582839012146,0.31958529353141785,0.00017274306732324872
875,0.4729073643684387,0.44060128927230835,0.3230608403682709,0.0001726660322034027
876,0.46352866291999817,0.4319003224372864,0.3162834346294403,0.00017258890560588888
877,0.45762354135513306,0.42595377564430237,0.3166978061199188,0.00017251168762780013
878,0.48706015944480896,0.45367103815078735,0.3338910937309265,0.0001724343783663445
879,0.45229917764663696,0.4215816259384155,0.30717554688453674,0.00017235697791884494
880,0.4328758120536804,0.40277883410453796,0.3009696304798126,0.00017227948638273916
881,0.4471908211708069,0.4161536991596222,0.31037113070487976,0.00017220190385557955
882,0.4689517617225647,0.43590444326400757,0.3304731547832489,0.00017212423043503301
883,0.5004842281341553,0.46570512652397156,0.34779074788093567,0.00017204646621888096
884,0.4664250910282135,0.43426528573036194,0.32159802317619324,0.00017196861130501905
885,0.45922982692718506,0.4275538921356201,0.31675928831100464,0.00017189066579145705
886,0.46303287148475647,0.43121811747550964,0.31814754009246826,0.0001718126297763189
887,0.44707372784614563,0.415798157453537,0.3127555847167969,0.0001717345033578424
888,0.4574412703514099,0.42535871267318726,0.3208255171775818,0.00017165628663437922
889,0.470195472240448,0.4376187324523926,0.32576751708984375,0.00017157797970439464
890,0.4768899977207184,0.4437277615070343,0.3316223621368408,0.00017149958266646754
891,0.4249892234802246,0.3958536386489868,0.29135599732398987,0.00017142109561929023
892,0.46633845567703247,0.43428361415863037,0.32054832577705383,0.00017134251866166827
893,0.4595971405506134,0.4275486171245575,0.32048526406288147,0.00017126385189252053
894,0.4737739562988281,0.4412950873374939,0.3247886598110199,0.00017118509541087887
895,0.45161157846450806,0.42036229372024536,0.31249281764030457,0.00017110624931588806
896,0.44847849011421204,0.41746681928634644,0.31011679768562317,0.0001710273137068057
897,0.47690773010253906,0.44415807723999023,0.3274966776371002,0.00017094828868300215
898,0.46630045771598816,0.43402811884880066,0.32272347807884216,0.0001708691743439602
899,0.4640810489654541,0.43204277753829956,0.32038256525993347,0.00017078997078927521
900,0.4653182029724121,0.4332231283187866,0.3209508955478668,0.00017071067811865476
901,0.4651206433773041,0.4331139624118805,0.3200669288635254,0.00017063129643191864
902,0.4658081829547882,0.43401777744293213,0.3179040551185608,0.00017055182582899873
903,0.45297813415527344,0.42199793457984924,0.3098021447658539,0.00017047226640993883
904,0.45082566142082214,0.4193492829799652,0.31476375460624695,0.0001703926182748945
905,0.4438609480857849,0.4133225679397583,0.30538368225097656,0.00017031288152413306
906,0.44347432255744934,0.4130679666996002,0.304063618183136,0.00017023305625803333
907,0.4684927463531494,0.43600574135780334,0.32487013936042786,0.0001701531425770856
908,0.4524550139904022,0.4216705560684204,0.30784448981285095,0.0001700731405818914
909,0.4652335047721863,0.43356430530548096,0.316692054271698,0.00016999305037316352
910,0.466713547706604,0.4349270462989807,0.31786486506462097,0.00016991287205172573
911,0.46813318133354187,0.4356251657009125,0.32508015632629395,0.0001698326057185128
912,0.45749178528785706,0.425864040851593,0.316277414560318,0.00016975225147457026
913,0.46782293915748596,0.43556228280067444,0.3226065933704376,0.00016967180942105423
914,0.46561506390571594,0.4332507252693176,0.32364338636398315,0.00016959127965923142
915,0.4542880654335022,0.4230263829231262,0.3126169443130493,0.0001695106622904791
916,0.46428182721138,0.4318387806415558,0.32443034648895264,0.0001694299574162846
917,0.4395870268344879,0.4086954593658447,0.3089156448841095,0.0001693491651382455
918,0.46365633606910706,0.4313513934612274,0.3230494260787964,0.0001692682855580695
919,0.46080148220062256,0.4288642406463623,0.3193725049495697,0.00016918731877757406
920,0.45925480127334595,0.4269019365310669,0.3235286474227905,0.00016910626489868649
921,0.4366074502468109,0.40677520632743835,0.29832255840301514,0.00016902512402344373
922,0.45102185010910034,0.4198434352874756,0.3117840588092804,0.00016894389625399226
923,0.4741813838481903,0.441555380821228,0.3262600004673004,0.0001688625816925879
924,0.46613937616348267,0.43384212255477905,0.3229723870754242,0.00016878118044159578
925,0.4561621844768524,0.42481279373168945,0.3134940266609192,0.00016869969260349018
926,0.45738592743873596,0.4257749021053314,0.3161103427410126,0.00016861811828085429
927,0.43640008568763733,0.40651369094848633,0.2988639771938324,0.00016853645757638024
928,0.45272472500801086,0.42134347558021545,0.3138125538825989,0.00016845471059286887
929,0.4876306354999542,0.45365065336227417,0.3397999405860901,0.00016837287743322975
930,0.46237897872924805,0.4301343560218811,0.3224462568759918,0.00016829095820048072
931,0.4528842270374298,0.4217027425765991,0.31181496381759644,0.00016820895299774814
932,0.476451575756073,0.44364774227142334,0.32803818583488464,0.00016812686192826663
933,0.4720497727394104,0.4388943314552307,0.3315543234348297,0.00016804468509537874
934,0.4845008850097656,0.45109325647354126,0.33407625555992126,0.00016796242260253512
935,0.4587266147136688,0.4268617033958435,0.3186490833759308,0.0001678800745532942
936,0.4512581527233124,0.41985180974006653,0.31406348943710327,0.0001677976410513221
937,0.48447734117507935,0.4511026442050934,0.3337469696998596,0.00016771512220039255
938,0.46987539529800415,0.4374300539493561,0.32445353269577026,0.00016763251810438678
939,0.4691011607646942,0.43658769130706787,0.325134813785553,0.00016754982886729318
940,0.4468806982040405,0.4160781800746918,0.3080251216888428,0.00016746705459320745
941,0.45414310693740845,0.4230598211288452,0.31083282828330994,0.0001673841953863323
942,0.46018439531326294,0.4280058443546295,0.3217853903770447,0.00016730125135097735
943,0.43924975395202637,0.40924859046936035,0.30001163482666016,0.00016721822259155902
944,0.4490109384059906,0.41735491156578064,0.31656038761138916,0.0001671351092126004
945,0.46547481417655945,0.43342041969299316,0.32054397463798523,0.00016705191131873107
946,0.44886112213134766,0.41807615756988525,0.30784955620765686,0.0001669686290146871
947,0.46123427152633667,0.4296886622905731,0.31545618176460266,0.00016688526240531064
948,0.4557686448097229,0.4245581328868866,0.3121049702167511,0.00016680181159555013
949,0.4441531002521515,0.41338974237442017,0.3076336681842804,0.00016671827669045998
950,0.46407800912857056,0.4321361780166626,0.31941819190979004,0.0001666346577952004
951,0.47741588950157166,0.44459113478660583,0.32824742794036865,0.00016655095501503738
952,0.4646427035331726,0.43241336941719055,0.32229340076446533,0.0001664671684553426
953,0.4853722155094147,0.45190659165382385,0.3346561789512634,0.00016638329822159296
954,0.47244924306869507,0.4400559365749359,0.32393309473991394,0.00016629934441937097
955,0.48127588629722595,0.44800087809562683,0.3327500820159912,0.00016621530715436414
956,0.45614781975746155,0.42530858516693115,0.30839237570762634,0.00016613118653236518
957,0.46228697896003723,0.430505633354187,0.31781357526779175,0.00016604698265927173
958,0.4579105079174042,0.42657411098480225,0.3133639395236969,0.0001659626956410861
959,0.44732919335365295,0.4167959988117218,0.305331826210022,0.0001658783255839154
960,0.47403964400291443,0.44143936038017273,0.3260028064250946,0.00016579387259397127
961,0.4952756464481354,0.46091702580451965,0.3435860872268677,0.00016570933677756967
962,0.4342849850654602,0.40466874837875366,0.29616251587867737,0.00016562471824113092
963,0.47197049856185913,0.43972623348236084,0.32244250178337097,0.0001655400170911794
964,0.4690791070461273,0.4366445541381836,0.32434555888175964,0.00016545523343434356
965,0.45620518922805786,0.42471274733543396,0.31492435932159424,0.00016537036737735564
966,0.4745294451713562,0.4411711096763611,0.33358338475227356,0.00016528541902705162
967,0.4665570855140686,0.43453407287597656,0.3202301561832428,0.00016520038849037117
968,0.47763991355895996,0.44481128454208374,0.32828614115715027,0.00016511527587435737
969,0.43923434615135193,0.40905559062957764,0.3017875850200653,0.00016503008128615655
970,0.4612792134284973,0.42957592010498047,0.3170330822467804,0.00016494480483301836
971,0.4459725618362427,0.4152776896953583,0.30694887042045593,0.00016485944662229546
972,0.44303539395332336,0.41253960132598877,0.3049580156803131,0.00016477400676144334
973,0.47367990016937256,0.44095897674560547,0.32720932364463806,0.00016468848535802045
974,0.478375107049942,0.4457240700721741,0.32651039958000183,0.00016460288251968775
975,0.4387928247451782,0.4083142876625061,0.3047853112220764,0.00016451719835420877
976,0.4494154751300812,0.4189298152923584,0.3048565983772278,0.00016443143296944945
977,0.4816494584083557,0.4480997622013092,0.3354969620704651,0.0001643455864733779
978,0.4740998446941376,0.44146648049354553,0.32633376121520996,0.0001642596589740644
979,0.4819467067718506,0.44845589995384216,0.3349079191684723,0.00016417365057968123
980,0.4373588562011719,0.4071899950504303,0.30168870091438293,0.0001640875613985024
981,0.4232974350452423,0.3939076364040375,0.2938980758190155,0.00016400139153890375
982,0.4633154273033142,0.43166035413742065,0.3165505826473236,0.00016391514110936255
983,0.47747254371643066,0.4440571367740631,0.33415406942367554,0.00016382881021845762
984,0.447949081659317,0.4172428846359253,0.3070620894432068,0.000163742398974869
985,0.470458984375,0.43778538703918457,0.32673588395118713,0.00016365590748737788
986,0.464127779006958,0.4317845106124878,0.32343271374702454,0.00016356933586486648
987,0.4441448152065277,0.4136087894439697,0.30536019802093506,0.00016348268421631797
988,0.46951866149902344,0.437082976102829,0.3243568241596222,0.0001633959526508162
989,0.45912104845046997,0.4272438585758209,0.31877195835113525,0.00016330914127754553
990,0.4612773656845093,0.4290872812271118,0.3219008147716522,0.00016322225020579099
991,0.4561021625995636,0.42452841997146606,0.3157375156879425,0.00016313527954493778
992,0.45843741297721863,0.4269033968448639,0.31534022092819214,0.00016304822940447139
993,0.45770227909088135,0.4258888363838196,0.3181344270706177,0.0001629610998939773
994,0.44375184178352356,0.41297027468681335,0.3078156113624573,0.00016287389112314092
995,0.47700798511505127,0.4441867768764496,0.3282119929790497,0.00016278660320174747
996,0.4568902254104614,0.42546650767326355,0.31423720717430115,0.0001626992362396818
997,0.486097127199173,0.45279189944267273,0.33305224776268005,0.00016261179034692826
998,0.474877268075943,0.44157102704048157,0.3330623209476471,0.00016252426563357052
999,0.421898752450943,0.3929281234741211,0.2897062599658966,0.00016243666220979157
1000,0.4394179582595825,0.4096231758594513,0.29794782400131226,0.00016234898018587337
1001,0.462043434381485,0.4298909902572632,0.32152435183525085,0.0001622612196721969
1002,0.46278706192970276,0.43107283115386963,0.31714239716529846,0.000162173380779242
1003,0.46396592259407043,0.43190956115722656,0.3205636441707611,0.00016208546361758707
1004,0.45808345079421997,0.4262051582336426,0.3187828063964844,0.00016199746829790906
1005,0.45143628120422363,0.4206700921058655,0.3076620399951935,0.00016190939493098344
1006,0.4538143575191498,0.42210492491722107,0.3170944154262543,0.00016182124362768368
1007,0.49074023962020874,0.4572545289993286,0.33485716581344604,0.00016173301449898166
1008,0.47589027881622314,0.44318920373916626,0.3270108997821808,0.00016164470765594698
1009,0.4774080514907837,0.44459620118141174,0.32811856269836426,0.00016155632320974728
1010,0.44664502143859863,0.415421724319458,0.31223297119140625,0.00016146786127164771
1011,0.4464210271835327,0.4153463542461395,0.3107466399669647,0.00016137932195301114
1012,0.4552432596683502,0.42395105957984924,0.3129218816757202,0.00016129070536529766
1013,0.45730727910995483,0.42554590106010437,0.3176138997077942,0.00016120201162006482
1014,0.46724042296409607,0.4349108040332794,0.3232962489128113,0.0001611132408289672
1015,0.4605700373649597,0.42855051159858704,0.3201952874660492,0.00016102439310375637
1016,0.45298823714256287,0.4218418002128601,0.31146448850631714,0.00016093546855628084
1017,0.4582977294921875,0.4268133342266083,0.31484389305114746,0.00016084646729848568
1018,0.5002580881118774,0.46555981040000916,0.3469826281070709,0.00016075738944241268
1019,0.4643232822418213,0.43277767300605774,0.31545594334602356,0.00016066823510019998
1020,0.4585244357585907,0.4270356297492981,0.3148881196975708,0.000160579004384082
1021,0.4558590352535248,0.4245787560939789,0.3128027617931366,0.00016048969740638933
1022,0.4503611624240875,0.4198048412799835,0.30556321144104004,0.00016040031427954853
1023,0.47548747062683105,0.44274523854255676,0.3274223506450653,0.00016031085511608213
1024,0.47072330117225647,0.43799668550491333,0.3272661566734314,0.00016022132002860824
1025,0.4543435275554657,0.4227254092693329,0.3161811828613281,0.00016013170912984058
1026,0.4660981297492981,0.4338498115539551,0.3224831819534302,0.00016004202253258842
1027,0.46387195587158203,0.4317835569381714,0.3208838701248169,0.00015995226034975617
1028,0.43428462743759155,0.40426409244537354,0.30020543932914734,0.00015986242269434354
1029,0.45693567395210266,0.4259294867515564,0.3100617825984955,0.00015977250967944508
1030,0.46597611904144287,0.43378984928131104,0.3218626081943512,0.00015968252141825037
1031,0.4628457725048065,0.43043485283851624,0.3241092264652252,0.00015959245802404365
1032,0.4944969415664673,0.4602503776550293,0.34246572852134705,0.00015950231961020373
1033,0.4635232090950012,0.43179261684417725,0.3173060715198517,0.00015941210629020388
1034,0.44643718004226685,0.41551437973976135,0.3092280328273773,0.00015932181817761163
1035,0.46445226669311523,0.4325573146343231,0.3189494013786316,0.00015923145538608875
1036,0.4825795292854309,0.4495353400707245,0.33044174313545227,0.0001591410180293909
1037,0.45576056838035583,0.4244876205921173,0.31272953748703003,0.00015905050622136777
1038,0.4455052316188812,0.4147179424762726,0.30787286162376404,0.0001589599200759626
1039,0.4515562355518341,0.42048636078834534,0.3106987178325653,0.00015886925970721235
1040,0.4664468467235565,0.4341142773628235,0.32332560420036316,0.00015877852522924732
1041,0.4194791316986084,0.390730619430542,0.28748518228530884,0.00015868771675629114
1042,0.4655444324016571,0.4336627721786499,0.3188166916370392,0.00015859683440266068
1043,0.4676710367202759,0.43544885516166687,0.3222218453884125,0.00015850587828276564
1044,0.4583576023578644,0.4265322983264923,0.3182530403137207,0.0001584148485111087
1045,0.48110872507095337,0.447970449924469,0.3313828706741333,0.00015832374520228525
1046,0.4740815758705139,0.44198888540267944,0.3209267556667328,0.00015823256847098324
1047,0.46687284111976624,0.43459102511405945,0.32281824946403503,0.00015814131843198308
1048,0.45265451073646545,0.4216936230659485,0.3096088171005249,0.00015804999520015734
1049,0.4549981951713562,0.4240801930427551,0.3091801702976227,0.00015795859889047091
1050,0.4801138937473297,0.4470919370651245,0.33021968603134155,0.0001578671296179806
1051,0.47233134508132935,0.43976208567619324,0.32569268345832825,0.000157775587497835
1052,0.48171553015708923,0.44885456562042236,0.3286095857620239,0.00015768397264527448
1053,0.41944435238838196,0.3899264633655548,0.2951788306236267,0.00015759228517563099
1054,0.49214622378349304,0.45790666341781616,0.34239572286605835,0.00015750052520432787
1055,0.45776426792144775,0.42639705538749695,0.31367215514183044,0.0001574086928468797
1056,0.4597542881965637,0.42807236313819885,0.31681913137435913,0.00015731678821889224
1057,0.49330922961235046,0.45927977561950684,0.3402944505214691,0.0001572248114360622
1058,0.4579887092113495,0.4259229898452759,0.3206571042537689,0.00015713276261417706
1059,0.44232484698295593,0.41231635212898254,0.3000848889350891,0.00015704064186911518
1060,0.456947386264801,0.42584019899368286,0.3110719323158264,0.0001569484493168452
1061,0.46478214859962463,0.432702898979187,0.3207925260066986,0.0001568561850734264
1062,0.45567786693573,0.423875629901886,0.31802231073379517,0.00015676384925500814
1063,0.4573199450969696,0.4257330596446991,0.3158688545227051,0.00015667144197783
1064,0.4318952262401581,0.4020935893058777,0.2980163097381592,0.00015657896335822147
1065,0.4837711751461029,0.4501868486404419,0.3358432352542877,0.00015648641351260177
1066,0.459197074174881,0.4269617199897766,0.3223535418510437,0.00015639379255747994
1067,0.48755666613578796,0.4539507329463959,0.3360592722892761,0.0001563011006094544
1068,0.45897743105888367,0.42749297618865967,0.31484454870224,0.00015620833778521307
1069,0.4502893090248108,0.4195517301559448,0.3073756694793701,0.00015611550420153297
1070,0.495430588722229,0.46117401123046875,0.3425656855106354,0.00015602259997528028
1071,0.466043621301651,0.43396875262260437,0.3207486569881439,0.0001559296252234101
1072,0.48087990283966064,0.4478517472743988,0.3302816152572632,0.00015583658006296624
1073,0.4582211673259735,0.4263855814933777,0.3183557391166687,0.0001557434646110813
1074,0.44704821705818176,0.41655418276786804,0.3049403727054596,0.00015565027898497617
1075,0.45152777433395386,0.4200308620929718,0.3149692714214325,0.00015555702330196023
1076,0.4830581545829773,0.45006895065307617,0.3298921287059784,0.00015546369767943102
1077,0.4524907171726227,0.42139700055122375,0.3109372556209564,0.0001553703022348741
1078,0.46528512239456177,0.4330592155456543,0.3222590982913971,0.0001552768370858629
1079,0.4468076825141907,0.41591328382492065,0.30894407629966736,0.00015518330235005868
1080,0.4675513505935669,0.4354007840156555,0.32150551676750183,0.00015508969814521025
1081,0.46201851963996887,0.4302518665790558,0.3176664412021637,0.0001549960245891539
1082,0.4641333222389221,0.43237775564193726,0.3175557553768158,0.0001549022817998132
1083,0.4912298023700714,0.4577914774417877,0.33438318967819214,0.00015480846989519885
1084,0.4486481547355652,0.41777700185775757,0.308711439371109,0.0001547145889934086
1085,0.4331052899360657,0.40344664454460144,0.29658642411231995,0.0001546206392126271
1086,0.4634432792663574,0.43131396174430847,0.3212931156158447,0.0001545266206711256
1087,0.4512547552585602,0.4205586016178131,0.3069614768028259,0.00015443253348726202
1088,0.4783143103122711,0.4449847340583801,0.3332957625389099,0.0001543383777794806
1089,0.44415149092674255,0.41367581486701965,0.3047567307949066,0.00015424415366631188
1090,0.4750659465789795,0.4419698715209961,0.33096083998680115,0.00015414986126637258
1091,0.45887359976768494,0.42752864956855774,0.3134493827819824,0.00015405550069836528
1092,0.4511307179927826,0.41996631026268005,0.31164419651031494,0.00015396107208107845
1093,0.4451209604740143,0.41439953446388245,0.30721431970596313,0.0001538665755333862
1094,0.44884738326072693,0.4176586866378784,0.31188705563545227,0.00015377201117424812
1095,0.45258021354675293,0.4212549328804016,0.31325265765190125,0.0001536773791227092
1096,0.4722677171230316,0.43937912583351135,0.3288859724998474,0.00015358267949789966
1097,0.44158226251602173,0.4111984670162201,0.3038381040096283,0.0001534879124190348
1098,0.4580000638961792,0.4261784851551056,0.31821581721305847,0.00015339307800541475
1099,0.5008766651153564,0.4665597677230835,0.3431689739227295,0.00015329817637642454
1100,0.4824428856372833,0.44931384921073914,0.33129045367240906,0.00015320320765153367
1101,0.4500467777252197,0.4194175601005554,0.3062920570373535,0.0001531081719502962
1102,0.46272754669189453,0.4310797452926636,0.31647786498069763,0.00015301306939235053
1103,0.461477130651474,0.4295365810394287,0.31940558552742004,0.00015291790009741907
1104,0.47093871235847473,0.43865126371383667,0.32287436723709106,0.00015282266418530847
1105,0.4470321536064148,0.4163774251937866,0.3065473437309265,0.000152727361775909
1106,0.46481844782829285,0.43203112483024597,0.3278732895851135,0.00015263199298919488
1107,0.44915398955345154,0.41833606362342834,0.30817922949790955,0.00015253655794522368
1108,0.4801996350288391,0.4473780393600464,0.32821595668792725,0.0001524410567641366
1109,0.457832008600235,0.4258434474468231,0.3198856711387634,0.00015234548956615784
1110,0.44677630066871643,0.4162675738334656,0.30508729815483093,0.0001522498564715949
1111,0.4386071562767029,0.40849557518959045,0.30111587047576904,0.0001521541576008382
1112,0.4841005504131317,0.45013418793678284,0.33966368436813354,0.00015205839307436088
1113,0.4696715176105499,0.43686753511428833,0.3280397951602936,0.00015196256301271884
1114,0.4399484395980835,0.4096801280975342,0.30268311500549316,0.0001518666675365504
1115,0.4649990200996399,0.4327642023563385,0.3223481774330139,0.00015177070676657633
1116,0.45162439346313477,0.4202587902545929,0.31365615129470825,0.00015167468082359945
1117,0.45448988676071167,0.42277848720550537,0.31711405515670776,0.00015157858982850475
1118,0.45694151520729065,0.42561936378479004,0.3132215738296509,0.00015148243390225908
1119,0.4529222548007965,0.421034574508667,0.3188769221305847,0.00015138621316591094
1120,0.4623141288757324,0.4307527244091034,0.3156141936779022,0.00015128992774059063
1121,0.49008339643478394,0.45616304874420166,0.33920344710350037,0.00015119357774750965
1122,0.48599591851234436,0.452502578496933,0.3349332809448242,0.0001510971633079609
1123,0.4656110405921936,0.4333183169364929,0.3229270875453949,0.00015100068454331836
1124,0.4515047073364258,0.4198963940143585,0.316083163022995,0.00015090414157503714
1125,0.45935845375061035,0.4277220070362091,0.31636449694633484,0.00015080753452465296
1126,0.4674997627735138,0.43512994050979614,0.32369816303253174,0.00015071086351378231
1127,0.44837936758995056,0.4174555540084839,0.3092382252216339,0.00015061412866412225
1128,0.4548175036907196,0.4236963987350464,0.31121110916137695,0.00015051733009745013
1129,0.4483683109283447,0.41763952374458313,0.30728787183761597,0.00015042046793562348
1130,0.4586455523967743,0.4266720712184906,0.31973475217819214,0.00015032354230058004
1131,0.503006637096405,0.46816253662109375,0.3484412133693695,0.00015022655331433727
1132,0.4362437129020691,0.4062020778656006,0.3004162013530731,0.0001501295010989925
1133,0.45844876766204834,0.42701783776283264,0.3143092095851898,0.00015003238577672266
1134,0.4818837344646454,0.44902047514915466,0.328632652759552,0.00014993520746978405
1135,0.47159892320632935,0.43812063336372375,0.33478280901908875,0.0001498379663005123
1136,0.4792541265487671,0.446432888507843,0.32821235060691833,0.0001497406623913222
1137,0.45158684253692627,0.42013952136039734,0.31447333097457886,0.00014964329586470752
1138,0.46576887369155884,0.433330774307251,0.32438093423843384,0.00014954586684324078
1139,0.4644627571105957,0.4324171245098114,0.3204563558101654,0.00014944837544957323
1140,0.41935449838638306,0.39081037044525146,0.2854413688182831,0.0001493508218064347
1141,0.47086116671562195,0.4387601315975189,0.3210103213787079,0.00014925320603663327
1142,0.4537956118583679,0.4223838150501251,0.31411808729171753,0.00014915552826305533
1143,0.4441109597682953,0.41353991627693176,0.3057103157043457,0.0001490577886086652
1144,0.4672794044017792,0.43548059463500977,0.31798797845840454,0.00014895998719650526
1145,0.442616730928421,0.4118964672088623,0.30720260739326477,0.00014886212414969553
1146,0.4779994487762451,0.4446967542171478,0.3330268859863281,0.0001487641995914336
1147,0.46634161472320557,0.4344068169593811,0.3193480372428894,0.0001486662136449946
1148,0.49202221632003784,0.4585510492324829,0.3347116708755493,0.00014856816643373083
1149,0.4879949688911438,0.45433855056762695,0.3365640342235565,0.00014847005808107185
1150,0.45302850008010864,0.4216175079345703,0.31410980224609375,0.000148371888710524
1151,0.47490227222442627,0.44235914945602417,0.32543110847473145,0.0001482736584456706
1152,0.47687506675720215,0.4440479874610901,0.328270822763443,0.00014817536741017152
1153,0.4651850163936615,0.4336499571800232,0.3153505027294159,0.00014807701572776323
1154,0.4543840289115906,0.4235079884529114,0.3087603449821472,0.00014797860352225853
1155,0.485609233379364,0.45229583978652954,0.3331338167190552,0.00014788013091754628
1156,0.4513719975948334,0.4204915761947632,0.3088042140007019,0.00014778159803759158
1157,0.4326614439487457,0.40292707085609436,0.2973437011241913,0.00014768300500643517
1158,0.4669344425201416,0.4351688623428345,0.31765568256378174,0.00014758435194819376
1159,0.46568864583969116,0.4333611726760864,0.32327473163604736,0.00014748563898705946
1160,0.4652119278907776,0.4330471158027649,0.3216480612754822,0.00014738686624729986
1161,0.4732053577899933,0.44053104519844055,0.3267430067062378,0.00014728803385325782
1162,0.47021788358688354,0.43804290890693665,0.32174983620643616,0.0001471891419293512
1163,0.4589488208293915,0.4271481931209564,0.3180061876773834,0.00014709019060007286
1164,0.46102145314216614,0.4293598532676697,0.3166159987449646,0.00014699117998999054
1165,0.46100348234176636,0.4291628897190094,0.3184060752391815,0.00014689211022374645
1166,0.44886672496795654,0.41772326827049255,0.31143465638160706,0.00014679298142605734
1167,0.45957550406455994,0.4284035563468933,0.31171950697898865,0.0001466937937217143
1168,0.47878631949424744,0.44574451446533203,0.33041810989379883,0.00014659454723558248
1169,0.47076132893562317,0.4386468529701233,0.32114464044570923,0.00014649524209260116
1170,0.4701491594314575,0.4375555217266083,0.3259362280368805,0.00014639587841778343
1171,0.4642753303050995,0.43217089772224426,0.3210442364215851,0.0001462964563362159
1172,0.46332377195358276,0.43126150965690613,0.32062265276908875,0.00014619697597305898
1173,0.46177661418914795,0.4300294816493988,0.3174712657928467,0.00014609743745354624
1174,0.48574280738830566,0.45202937722206116,0.3371342122554779,0.0001459978409029845
1175,0.4752209782600403,0.4423813223838806,0.32839664816856384,0.00014589818644675378
1176,0.45504531264305115,0.4235284924507141,0.31516823172569275,0.00014579847421030678
1177,0.46596384048461914,0.4337117373943329,0.32252106070518494,0.00014569870431916903
1178,0.45232170820236206,0.4214785695075989,0.30843135714530945,0.0001455988768989387
1179,0.47135722637176514,0.4386301040649414,0.32727134227752686,0.00014549899207528632
1180,0.4467076063156128,0.41600003838539124,0.3070757985115051,0.00014539904997395468
1181,0.4533050060272217,0.42243778705596924,0.3086720407009125,0.00014529905072075872
1182,0.4552396535873413,0.4240136742591858,0.3122597932815552,0.00014519899444158526
1183,0.4718495011329651,0.4398043751716614,0.32045137882232666,0.00014509888126239297
1184,0.5002196431159973,0.46618932485580444,0.3403032124042511,0.00014499871130921213
1185,0.4838143289089203,0.45100724697113037,0.3280709385871887,0.00014489848470814447
1186,0.4524405300617218,0.4215700030326843,0.30870532989501953,0.00014479820158536306
1187,0.45242828130722046,0.42149731516838074,0.30930960178375244,0.00014469786206711214
1188,0.4898271858692169,0.4559723734855652,0.3385480046272278,0.00014459746627970685
1189,0.4797143042087555,0.44682055711746216,0.3289374113082886,0.0001444970143495333
1190,0.4717133641242981,0.43956729769706726,0.32146066427230835,0.00014439650640304822
1191,0.4726162552833557,0.4399377405643463,0.32678502798080444,0.00014429594256677882
1192,0.48815664649009705,0.4547795355319977,0.33377110958099365,0.0001441953229673227
1193,0.5032045245170593,0.46836450695991516,0.3484000563621521,0.00014409464773134764
1194,0.44251200556755066,0.41222450137138367,0.3028751015663147,0.00014399391698559152
1195,0.4823406934738159,0.44899484515190125,0.3334583640098572,0.00014389313085686205
1196,0.46247926354408264,0.4308229386806488,0.3165631890296936,0.00014379228947203665
1197,0.46981555223464966,0.4375082850456238,0.32307273149490356,0.0001436913929580623
1198,0.4640704095363617,0.4321095049381256,0.3196091651916504,0.00014359044144195547
1199,0.427671879529953,0.3985138237476349,0.2915804982185364,0.00014348943505080173
1200,0.4768237769603729,0.44350048899650574,0.3332327902317047,0.00014338837391175582
1201,0.4471365213394165,0.41612932085990906,0.3100719451904297,0.00014328725815204144
1202,0.4478972256183624,0.4170331656932831,0.3086406886577606,0.00014318608789895088
1203,0.46030324697494507,0.4288957715034485,0.3140747845172882,0.00014308486327984523
1204,0.4704664349555969,0.43735677003860474,0.33109670877456665,0.00014298358442215388
1205,0.4761853814125061,0.4434133470058441,0.32772040367126465,0.00014288225145337466
1206,0.45404452085494995,0.42310792207717896,0.30936598777770996,0.0001427808645010733
1207,0.42579829692840576,0.3964785933494568,0.29319700598716736,0.00014267942369288364
1208,0.46064844727516174,0.42875680327415466,0.31891632080078125,0.00014257792915650728
1209,0.47132617235183716,0.43895405530929565,0.3237212598323822,0.00014247638101971344
1210,0.478281706571579,0.44503137469291687,0.3325032591819763,0.00014237477941033888
1211,0.46438974142074585,0.43225187063217163,0.321378618478775,0.00014227312445628759
1212,0.43928998708724976,0.40901750326156616,0.30272483825683594,0.00014217141628553078
1213,0.46036654710769653,0.42855629324913025,0.31810253858566284,0.00014206965502610655
1214,0.45297151803970337,0.42176714539527893,0.31204381585121155,0.00014196784080612002
1215,0.47245344519615173,0.44026318192481995,0.3219027519226074,0.0001418659737537428
1216,0.4296742081642151,0.40020012855529785,0.2947409152984619,0.00014176405399721312
1217,0.4666869640350342,0.4344548285007477,0.32232150435447693,0.00014166208166483548
1218,0.4527060091495514,0.4215928912162781,0.31113120913505554,0.00014156005688498063
1219,0.44584542512893677,0.41535258293151855,0.30492833256721497,0.00014145797978608527
1220,0.471413254737854,0.4390266537666321,0.32386600971221924,0.00014135585049665207
1221,0.47409144043922424,0.44105252623558044,0.33038902282714844,0.00014125366914524934
1222,0.4484451413154602,0.4177645444869995,0.306805819272995,0.00014115143586051088
1223,0.45678773522377014,0.4251677691936493,0.3161996304988861,0.000141049150771136
1224,0.4756835997104645,0.4428085684776306,0.32875028252601624,0.00014094681400588906
1225,0.4908929467201233,0.4573235809803009,0.3356935381889343,0.00014084442569359964
1226,0.46396270394325256,0.43253323435783386,0.31429460644721985,0.00014074198596316205
1227,0.46560776233673096,0.4333769679069519,0.3223080635070801,0.0001406394949435355
1228,0.4826793074607849,0.44945505261421204,0.33224251866340637,0.0001405369527637436
1229,0.4838929772377014,0.45045411586761475,0.33438876271247864,0.00014043435955287452
1230,0.469931036233902,0.43769025802612305,0.32240772247314453,0.00014033171544008052
1231,0.4616050720214844,0.4297027587890625,0.31902310252189636,0.00014022902055457802
1232,0.45785269141197205,0.42653197050094604,0.31320732831954956,0.00014012627502564743
1233,0.48622220754623413,0.45238274335861206,0.3383946120738983,0.00014002347898263274
1234,0.4603440761566162,0.42881956696510315,0.31524500250816345,0.0001399206325549417
1235,0.44726452231407166,0.4166926443576813,0.30571886897087097,0.00013981773587204535
1236,0.4698905348777771,0.43740880489349365,0.3248172700405121,0.00013971478906347806
1237,0.45537540316581726,0.42451655864715576,0.30858850479125977,0.00013961179225883735
1238,0.4952503740787506,0.4608020782470703,0.3444828987121582,0.00013950874558778362
1239,0.47885602712631226,0.4458608031272888,0.32995232939720154,0.00013940564918004004
1240,0.4626365005970001,0.4306192696094513,0.3201722800731659,0.00013930250316539238
1241,0.441902756690979,0.41143935918807983,0.30463406443595886,0.00013919930767368891
1242,0.4244213104248047,0.3954750895500183,0.2894623577594757,0.00013909606283484018
1243,0.45119062066078186,0.4199037551879883,0.312868595123291,0.00013899276877881884
1244,0.46968549489974976,0.43737202882766724,0.3231346905231476,0.0001388894256356595
1245,0.4855095446109772,0.4521763026714325,0.3333323001861572,0.00013878603353545854
1246,0.4597308933734894,0.4285079538822174,0.3122294247150421,0.00013868259260837402
1247,0.4756700396537781,0.4424304962158203,0.3323954939842224,0.00013857910298462544
1248,0.45528483390808105,0.42388343811035156,0.3140139579772949,0.0001384755647944936
1249,0.4637989401817322,0.4314977824687958,0.3230114281177521,0.0001383719781683205
1250,0.46688589453697205,0.43437910079956055,0.32506799697875977,0.000138268343236509
1251,0.4762105941772461,0.44350460171699524,0.3270599842071533,0.00013816466012952285
1252,0.46252310276031494,0.4308347702026367,0.3168834149837494,0.00013806092897788644
1253,0.459551066160202,0.42837515473365784,0.3117591440677643,0.00013795714991218463
1254,0.4659123718738556,0.43387699127197266,0.32035377621650696,0.00013785332306306259
1255,0.44618090987205505,0.41560861468315125,0.3057228624820709,0.00013774944856122568
1256,0.42915183305740356,0.3998622000217438,0.2928963303565979,0.0001376455265374392
1257,0.4500860571861267,0.41877561807632446,0.3131044805049896,0.00013754155712252832
1258,0.4691901206970215,0.43712902069091797,0.32061100006103516,0.00013743754044737781
1259,0.43172672390937805,0.40208232402801514,0.2964438796043396,0.000137333476642932
1260,0.44254571199417114,0.4119565188884735,0.3058919310569763,0.00013722936584019453
1261,0.44720229506492615,0.416164755821228,0.3103753626346588,0.00013712520817022817
1262,0.45976147055625916,0.4282243549823761,0.3153710961341858,0.00013702100376415473
1263,0.49249765276908875,0.4588877856731415,0.33609873056411743,0.00013691675275315484
1264,0.44544240832328796,0.41445714235305786,0.3098527193069458,0.00013681245526846783
1265,0.4329540431499481,0.40330860018730164,0.2964544892311096,0.00013670811144139144
1266,0.4596961736679077,0.4283982515335083,0.312979131937027,0.00013660372140328187
1267,0.4548265337944031,0.4234391152858734,0.31387412548065186,0.00013649928528555342
1268,0.4631376266479492,0.43089109659194946,0.3224653899669647,0.00013639480321967845
1269,0.4519501328468323,0.42094212770462036,0.31008005142211914,0.0001362902753371871
1270,0.4710181653499603,0.4387630224227905,0.32255133986473083,0.00013618570176966724
1271,0.4447714686393738,0.41415470838546753,0.3061675727367401,0.0001360810826487642
1272,0.4557347893714905,0.4242401123046875,0.31494686007499695,0.00013597641810618073
1273,0.4901370406150818,0.45629623532295227,0.338407963514328,0.00013587170827367663
1274,0.44496384263038635,0.41453883051872253,0.30425018072128296,0.00013576695328306894
1275,0.44503942131996155,0.41438528895378113,0.30654141306877136,0.0001356621532662313
1276,0.47764429450035095,0.44499754905700684,0.32646751403808594,0.0001355573083550942
1277,0.4714330732822418,0.43929094076156616,0.32142141461372375,0.00013545241868164457
1278,0.45609864592552185,0.4247940182685852,0.3130461573600769,0.00013534748437792573
1279,0.4566890597343445,0.4249423146247864,0.317467600107193,0.00013524250557603713
1280,0.4417102336883545,0.4115658402442932,0.3014439046382904,0.0001351374824081343
1281,0.47439607977867126,0.44155874848365784,0.32837343215942383,0.00013503241500642855
1282,0.44512051343917847,0.41425779461860657,0.30862733721733093,0.00013492730350318696
1283,0.47132205963134766,0.4387637674808502,0.32558292150497437,0.00013482214803073209
1284,0.4672236442565918,0.43458878993988037,0.32634854316711426,0.00013471694872144188
1285,0.4991438388824463,0.46513745188713074,0.34006381034851074,0.0001346117057077493
1286,0.4637543261051178,0.43153661489486694,0.3221772015094757,0.00013450641912214262
1287,0.4629877805709839,0.43122607469558716,0.31761690974235535,0.00013440108909716468
1288,0.46267470717430115,0.43083956837654114,0.3183514177799225,0.00013429571576541315
1289,0.44347527623176575,0.4129517376422882,0.3052353858947754,0.00013419029925954029
1290,0.43949899077415466,0.40922513604164124,0.3027384877204895,0.0001340848397122525
1291,0.5109878182411194,0.4759974479675293,0.3499036133289337,0.00013397933725631055
1292,0.47530606389045715,0.4427935481071472,0.3251250386238098,0.00013387379202452917
1293,0.44992977380752563,0.41940972208976746,0.3052005469799042,0.00013376820414977685
1294,0.43622279167175293,0.4066183865070343,0.29604411125183105,0.0001336625737649759
1295,0.4848180413246155,0.4510807991027832,0.33737245202064514,0.00013355690100310213
1296,0.4458276629447937,0.4153323769569397,0.3049529194831848,0.00013345118599718457
1297,0.4658992886543274,0.4342062771320343,0.31693026423454285,0.00013334542888030553
1298,0.4341312646865845,0.4048405885696411,0.29290667176246643,0.00013323962978560033
1299,0.44410064816474915,0.4138766825199127,0.30223968625068665,0.0001331337888462571
1300,0.4872903823852539,0.45377984642982483,0.3351052701473236,0.00013302790619551674
1301,0.45703524351119995,0.425937682390213,0.31097567081451416,0.00013292198196667248
1302,0.46966463327407837,0.4373490512371063,0.3231559097766876,0.00013281601629307007
1303,0.4629468321800232,0.4310474991798401,0.3189931809902191,0.00013271000930810737
1304,0.4314783215522766,0.4017220437526703,0.29756268858909607,0.0001326039611452342
1305,0.4546487629413605,0.42352965474128723,0.31119102239608765,0.00013249787193795226
1306,0.46455761790275574,0.43274569511413574,0.3181191682815552,0.00013239174181981495
1307,0.4649762511253357,0.43276894092559814,0.32207298278808594,0.00013228557092442712
1308,0.4503979980945587,0.4192410111427307,0.31156983971595764,0.00013217935938544497
1309,0.477584570646286,0.44472694396972656,0.3285762071609497,0.00013207310733657585
1310,0.4285416603088379,0.3990703523159027,0.2947130501270294,0.00013196681491157818
1311,0.4715561866760254,0.4393446743488312,0.3221151828765869,0.00013186048224426107
1312,0.49602919816970825,0.46213218569755554,0.3389701247215271,0.00013175410946848445
1313,0.44385039806365967,0.41282087564468384,0.31029537320137024,0.00013164769671815862
1314,0.4510914981365204,0.42014461755752563,0.3094688951969147,0.0001315412441272443
1315,0.45665442943573,0.42537811398506165,0.3127630054950714,0.00013143475182975222
1316,0.4587685465812683,0.4271904230117798,0.3157811164855957,0.00013132821995974326
1317,0.4431166350841522,0.4128477871417999,0.30268847942352295,0.00013122164865132807
1318,0.4253363609313965,0.3958296775817871,0.29506683349609375,0.00013111503803866684
1319,0.47514235973358154,0.44212695956230164,0.3301539421081543,0.0001310083882559694
1320,0.4819291830062866,0.44866958260536194,0.33259594440460205,0.00013090169943749476
1321,0.445956826210022,0.41529375314712524,0.3066306412220001,0.00013079497171755112
1322,0.4293631315231323,0.39977648854255676,0.2958664894104004,0.00013068820523049572
1323,0.48594680428504944,0.4524301290512085,0.3351667821407318,0.00013058140011073448
1324,0.4358365833759308,0.40543776750564575,0.3039882183074951,0.00013047455649272207
1325,0.4519004225730896,0.42088669538497925,0.31013739109039307,0.00013036767451096148
1326,0.45201948285102844,0.4209473431110382,0.31072133779525757,0.00013026075430000417
1327,0.4563991129398346,0.4248628616333008,0.3153623938560486,0.00013015379599444957
1328,0.49191123247146606,0.4580267369747162,0.3388449549674988,0.0001300467997289452
1329,0.45315900444984436,0.4223673343658447,0.30791670083999634,0.00012993976563818626
1330,0.466378390789032,0.43455082178115845,0.3182758390903473,0.0001298326938569156
1331,0.46796438097953796,0.43586835265159607,0.32096025347709656,0.00012972558451992362
1332,0.4464746415615082,0.4160787761211395,0.30395856499671936,0.00012961843776204777
1333,0.4500102698802948,0.419303297996521,0.30706965923309326,0.00012951125371817281
1334,0.4675942063331604,0.4350486993789673,0.3254552185535431,0.0001294040325232304
1335,0.4738077223300934,0.4411860406398773,0.3262169063091278,0.0001292967743121989
1336,0.4335406422615051,0.403441846370697,0.3009880483150482,0.00012918947922010336
1337,0.4639465808868408,0.4320570230484009,0.31889569759368896,0.00012908214738201513
1338,0.4591098129749298,0.42768990993499756,0.3141990303993225,0.00012897477893305195
1339,0.45378348231315613,0.4230709969997406,0.30712494254112244,0.00012886737400837758
1340,0.46650174260139465,0.4343772530555725,0.3212449848651886,0.00012875993274320173
1341,0.4518555998802185,0.42071622610092163,0.3113936185836792,0.00012865245527277986
1342,0.4784107506275177,0.44531434774398804,0.330964058637619,0.00012854494173241294
1343,0.44099095463752747,0.4106203317642212,0.30370619893074036,0.0001284373922574474
1344,0.44152942299842834,0.4117089509963989,0.29820483922958374,0.00012832980698327496
1345,0.4885895252227783,0.455353707075119,0.33235833048820496,0.00012822218604533232
1346,0.4762149453163147,0.4436255097389221,0.3258943557739258,0.00012811452957910109
1347,0.44861823320388794,0.4181608557701111,0.3045738935470581,0.00012800683772010767
1348,0.4755433201789856,0.44275036454200745,0.3279295861721039,0.00012789911060392294
1349,0.4719052016735077,0.43955764174461365,0.32347559928894043,0.00012779134836616218
1350,0.43159788846969604,0.40206870436668396,0.2952919602394104,0.00012768355114248494
1351,0.43869271874427795,0.4083356559276581,0.3035705089569092,0.00012757571906859476
1352,0.4636644423007965,0.43195590376853943,0.317085325717926,0.00012746785228023904
1353,0.45915520191192627,0.4276316165924072,0.3152359426021576,0.00012735995091320892
1354,0.4580884873867035,0.42672520875930786,0.3136328458786011,0.00012725201510333905
1355,0.45292362570762634,0.4217734634876251,0.3115016222000122,0.00012714404498650743
1356,0.48202821612358093,0.44851645827293396,0.33511754870414734,0.0001270360406986353
1357,0.46328064799308777,0.43199393153190613,0.31286725401878357,0.00012692800237568686
1358,0.44570058584213257,0.4155960977077484,0.301044762134552,0.00012681993015366917
1359,0.47744977474212646,0.44468486309051514,0.32764914631843567,0.000126711824168632
1360,0.4564360976219177,0.4248470067977905,0.3158908784389496,0.00012660368455666752
1361,0.4682975709438324,0.43620622158050537,0.3209136128425598,0.00012649551145391035
1362,0.44475817680358887,0.4139730632305145,0.30785128474235535,0.0001263873049965373
1363,0.44742459058761597,0.41658464074134827,0.3083994388580322,0.000126279065320767
1364,0.46433013677597046,0.4322088956832886,0.3212125599384308,0.00012617079256286
1365,0.47862136363983154,0.44613832235336304,0.3248305320739746,0.00012606248685911853
1366,0.4707348048686981,0.43830594420433044,0.3242884874343872,0.00012595414834588626
1367,0.4759511351585388,0.44316962361335754,0.3278152048587799,0.00012584577715954814
1368,0.45289990305900574,0.4216966927051544,0.31203216314315796,0.00012573737343653024
1369,0.447415828704834,0.416988343000412,0.3042747378349304,0.00012562893731329967
1370,0.4477008879184723,0.41707614064216614,0.306247353553772,0.00012552046892636427
1371,0.429094135761261,0.39921680092811584,0.2987731993198395,0.00012541196841227246
1372,0.4503973722457886,0.41912803053855896,0.3126935660839081,0.00012530343590761318
1373,0.45899030566215515,0.42743343114852905,0.31556880474090576,0.00012519487154901562
1374,0.4537806510925293,0.4225004017353058,0.31280234456062317,0.0001250862754731491
1375,0.45522427558898926,0.42408308386802673,0.3114118278026581,0.0001249776478167227
1376,0.4552687406539917,0.4238770604133606,0.3139166831970215,0.0001248689887164855
1377,0.44455647468566895,0.41408947110176086,0.30467015504837036,0.000124760298309226
1378,0.4528645873069763,0.42135167121887207,0.31512928009033203,0.00012465157673177216
1379,0.45868998765945435,0.42725974321365356,0.3143024444580078,0.0001245428241209912
1380,0.47461003065109253,0.4419749975204468,0.32635045051574707,0.0001244340406137894
1381,0.44885891675949097,0.4179862439632416,0.3087267279624939,0.00012432522634711192
1382,0.4677777588367462,0.435401052236557,0.3237670361995697,0.0001242163814579426
1383,0.42443469166755676,0.39539140462875366,0.29043281078338623,0.00012410750608330388
1384,0.46165284514427185,0.4297119379043579,0.31940895318984985,0.0001239986003602566
1385,0.4422385096549988,0.4119621813297272,0.30276334285736084,0.0001238896644258998
1386,0.46156468987464905,0.43049123883247375,0.31073451042175293,0.00012378069841737044
1387,0.45515650510787964,0.42387932538986206,0.3127719461917877,0.00012367170247184355
1388,0.44804808497428894,0.41741135716438293,0.30636724829673767,0.0001235626767265316
1389,0.4459221661090851,0.4151548147201538,0.30767348408699036,0.0001234536213186848
1390,0.4650949239730835,0.43283811211586,0.3225681483745575,0.00012334453638559057
1391,0.45668530464172363,0.42558005452156067,0.3110526502132416,0.00012323542206457347
1392,0.4662787616252899,0.4342012107372284,0.3207755386829376,0.00012312627849299523
1393,0.4409515857696533,0.4107024669647217,0.30249109864234924,0.00012301710580825423
1394,0.4600690007209778,0.42840448021888733,0.31664514541625977,0.0001229079041477855
1395,0.4329088032245636,0.403387188911438,0.2952162027359009,0.00012279867364906071
1396,0.45549601316452026,0.42399007081985474,0.3150595724582672,0.00012268941444958765
1397,0.4462811350822449,0.41582274436950684,0.3045838177204132,0.0001225801266869104
1398,0.4760400056838989,0.44333571195602417,0.327042818069458,0.00012247081049860883
1399,0.4594827890396118,0.4275892972946167,0.3189350664615631,0.00012236146602229874
1400,0.4664360284805298,0.43422356247901917,0.3221246898174286,0.00012225209339563145
1401,0.4836084842681885,0.45024964213371277,0.333588570356369,0.0001221426927562938
1402,0.46513956785202026,0.43342551589012146,0.31714046001434326,0.00012203326424200778
1403,0.43538638949394226,0.4054470658302307,0.2993931174278259,0.00012192380799053058
1404,0.4798542857170105,0.44695398211479187,0.3290030360221863,0.00012181432413965428
1405,0.43914172053337097,0.40878042578697205,0.30361297726631165,0.00012170481282720563
1406,0.44896382093429565,0.41840794682502747,0.30555859208106995,0.00012159527419104607
1407,0.45484599471092224,0.42341992259025574,0.3142608404159546,0.00012148570836907133
1408,0.46312573552131653,0.4312164783477783,0.3190924823284149,0.00012137611549921146
1409,0.4537138342857361,0.4227921962738037,0.30921652913093567,0.00012126649571943047
1410,0.4566130042076111,0.42506951093673706,0.3154348134994507,0.00012115684916772629
1411,0.48361653089523315,0.45069828629493713,0.3291824758052826,0.00012104717598213056
1412,0.45512232184410095,0.42437806725502014,0.30744263529777527,0.00012093747630070844
1413,0.4579814672470093,0.42618685960769653,0.3179461359977722,0.00012082775026155846
1414,0.44718697667121887,0.4165427088737488,0.3064427971839905,0.00012071799800281231
1415,0.48088759183883667,0.4480687081813812,0.32818886637687683,0.00012060821966263465
1416,0.44689297676086426,0.41617000102996826,0.307229608297348,0.00012049841537922307
1417,0.44170403480529785,0.41130226850509644,0.3040176033973694,0.00012038858529080768
1418,0.4614148736000061,0.4291689991950989,0.3224586844444275,0.00012027872953565125
1419,0.4434591233730316,0.4131331741809845,0.30325937271118164,0.00012016884825204875
1420,0.4769517183303833,0.44415244460105896,0.32799288630485535,0.00012005894157832729
1421,0.46338874101638794,0.4312690198421478,0.32119712233543396,0.00011994900965284599
1422,0.46920832991600037,0.43710941076278687,0.32098931074142456,0.00011983905261399566
1423,0.4588196575641632,0.42754489183425903,0.31274768710136414,0.00011972907060019887
1424,0.42403119802474976,0.39447683095932007,0.29554352164268494,0.00011961906374990952
1425,0.46982765197753906,0.43750452995300293,0.32323122024536133,0.00011950903220161285
1426,0.4604024887084961,0.428770512342453,0.31631985306739807,0.00011939897609382511
1427,0.43852680921554565,0.4084746837615967,0.30052119493484497,0.0001192888955650935
1428,0.45942240953445435,0.42793551087379456,0.31486907601356506,0.000119178790753996
1429,0.48105475306510925,0.4474552273750305,0.33599525690078735,0.00011906866179914116
1430,0.4597371518611908,0.4283154308795929,0.31421729922294617,0.00011895850883916786
1431,0.45744457840919495,0.42577192187309265,0.3167264759540558,0.00011884833201274523
1432,0.4811805784702301,0.44796231389045715,0.33218252658843994,0.00011873813145857249
1433,0.4634968042373657,0.4317648112773895,0.31731992959976196,0.00011862790731537865
1434,0.4503612518310547,0.4190361499786377,0.31325092911720276,0.00011851765972192244
1435,0.49811413884162903,0.4639038145542145,0.3421032130718231,0.00011840738881699219
1436,0.43854036927223206,0.4086671769618988,0.29873189330101013,0.00011829709473940547
1437,0.457908034324646,0.4264813959598541,0.3142663240432739,0.00011818677762800909
1438,0.45787903666496277,0.42640814185142517,0.314708948135376,0.00011807643762167884
1439,0.46353521943092346,0.4318796694278717,0.3165554404258728,0.00011796607485931928
1440,0.4658688008785248,0.4339163601398468,0.3195244073867798,0.00011785568947986367
1441,0.43868288397789,0.4085337817668915,0.30149102210998535,0.00011774528162227376
1442,0.45476627349853516,0.42383772134780884,0.30928561091423035,0.00011763485142553959
1443,0.4767819344997406,0.44395145773887634,0.328304648399353,0.00011752439902867925
1444,0.4693382680416107,0.43746888637542725,0.3186938762664795,0.00011741392457073888
1445,0.45234668254852295,0.4213981330394745,0.30948543548583984,0.00011730342819079227
1446,0.4468459188938141,0.41662901639938354,0.30216893553733826,0.00011719291002794096
1447,0.4763055741786957,0.44362398982048035,0.3268158435821533,0.00011708237022131381
1448,0.46617591381073,0.43413296341896057,0.32042935490608215,0.00011697180891006689
1449,0.4691922962665558,0.43727657198905945,0.3191571831703186,0.00011686122623338349
1450,0.46547892689704895,0.43370115756988525,0.31777775287628174,0.00011675062233047364
1451,0.4565543532371521,0.4255279302597046,0.31026437878608704,0.0001166399973405742
1452,0.45006832480430603,0.4194323718547821,0.3063594400882721,0.00011652935140294852
1453,0.45356106758117676,0.4225086569786072,0.3105241656303406,0.0001164186846568863
1454,0.463798850774765,0.43221575021743774,0.31583109498023987,0.00011630799724170353
1455,0.4878547489643097,0.45392724871635437,0.3392750322818756,0.00011619728929674209
1456,0.4663546681404114,0.4340817630290985,0.32272905111312866,0.00011608656096136984
1457,0.47649750113487244,0.44376203417778015,0.3273546099662781,0.0001159758123749802
1458,0.4608395993709564,0.42951032519340515,0.31329286098480225,0.00011586504367699217
1459,0.4668244421482086,0.43463075160980225,0.32193687558174133,0.00011575425500685002
1460,0.44000253081321716,0.4100606441497803,0.2994188666343689,0.0001156434465040231
1461,0.444879412651062,0.41439226269721985,0.30487164855003357,0.00011553261830800586
1462,0.42946362495422363,0.4000455141067505,0.29418107867240906,0.00011542177055831745
1463,0.44237735867500305,0.41194552183151245,0.3043183386325836,0.00011531090339450165
1464,0.46552106738090515,0.433630108833313,0.31890955567359924,0.00011520001695612674
1465,0.4570560157299042,0.4255823493003845,0.3147367537021637,0.00011508911138278515
1466,0.4464322626590729,0.41551241278648376,0.3091985881328583,0.00011497818681409351
1467,0.43372082710266113,0.4039214551448822,0.29799383878707886,0.00011486724338969232
1468,0.4687656760215759,0.43622803688049316,0.32537636160850525,0.00011475628124924577
1469,0.44306477904319763,0.4127243459224701,0.30340439081192017,0.00011464530053244169
1470,0.47823846340179443,0.4451586604118347,0.3307980000972748,0.00011453430137899129
1471,0.42009401321411133,0.39158153533935547,0.28512486815452576,0.00011442328392862891
1472,0.4478985667228699,0.4168233871459961,0.3107517659664154,0.00011431224832111196
1473,0.45905882120132446,0.42768195271492004,0.3137686252593994,0.00011420119469622077
1474,0.42389050126075745,0.3949570655822754,0.2893342673778534,0.00011409012319375827
1475,0.4793664813041687,0.4467054605484009,0.32661035656929016,0.00011397903395354996
1476,0.45019760727882385,0.4190773069858551,0.31120309233665466,0.0001138679271154436
1477,0.4618450403213501,0.42953458428382874,0.3231044113636017,0.00011375680281930919
1478,0.43811434507369995,0.40810585021972656,0.30008506774902344,0.00011364566120503864
1479,0.49825266003608704,0.4639676511287689,0.34285011887550354,0.0001135345024125456
1480,0.4815753400325775,0.4482978284358978,0.3327749967575073,0.00011342332658176555
1481,0.47281742095947266,0.4410424530506134,0.31774964928627014,0.00011331213385265524
1482,0.4916541278362274,0.45850667357444763,0.33147454261779785,0.00011320092436519276
1483,0.46553829312324524,0.43334245681762695,0.3219582736492157,0.00011308969825937725
1484,0.43876492977142334,0.40899887681007385,0.2976606488227844,0.00011297845567522886
1485,0.4623359739780426,0.4308728277683258,0.3146314322948456,0.00011286719675278838
1486,0.4520702064037323,0.4214193820953369,0.30650821328163147,0.00011275592163211726
1487,0.44504642486572266,0.41491571068763733,0.30130723118782043,0.00011264463045329728
1488,0.4620519280433655,0.42989403009414673,0.3215789794921875,0.00011253332335643043
1489,0.444291353225708,0.41344398260116577,0.3084736466407776,0.00011242200048163882
1490,0.4495948553085327,0.4185439646244049,0.3105088472366333,0.0001123106619690643
1491,0.4450673758983612,0.41462579369544983,0.30441588163375854,0.0001121993079588685
1492,0.4706914722919464,0.4381730258464813,0.32518458366394043,0.00011208793859123257
1493,0.4529271125793457,0.42214149236679077,0.30785608291625977,0.00011197655400635689
1494,0.44958624243736267,0.4187796413898468,0.3080660104751587,0.0001118651543444611
1495,0.457980751991272,0.4267401397228241,0.3124060034751892,0.00011175373974578378
1496,0.4479178190231323,0.4170099198818207,0.3090791404247284,0.00011164231035058228
1497,0.48512741923332214,0.45192602276802063,0.3320140838623047,0.00011153086629913267
1498,0.46521082520484924,0.43320074677467346,0.3201008141040802,0.00011141940773172939
1499,0.44619888067245483,0.41526153683662415,0.3093734681606293,0.00011130793478868515
1500,0.46499940752983093,0.4330139458179474,0.31985464692115784,0.00011119644761033078
1501,0.46923917531967163,0.4371093511581421,0.32129815220832825,0.00011108494633701512
1502,0.44993942975997925,0.4191131293773651,0.3082631528377533,0.00011097343110910452
1503,0.4314804673194885,0.4018583595752716,0.2962210774421692,0.0001108619020669832
1504,0.463230699300766,0.43103769421577454,0.3219301402568817,0.00011075035935105252
1505,0.45851829648017883,0.4267675578594208,0.3175073266029358,0.00011063880310173113
1506,0.4421745836734772,0.4123779535293579,0.2979664206504822,0.00011052723345945483
1507,0.4506029188632965,0.41991060972213745,0.30692315101623535,0.00011041565056467614
1508,0.43516382575035095,0.4057125449180603,0.2945128381252289,0.00011030405455786425
1509,0.47161197662353516,0.4388027787208557,0.32809194922447205,0.000110192445579505
1510,0.4690188765525818,0.4367932677268982,0.32225602865219116,0.00011008082377010045
1511,0.45860499143600464,0.4264948070049286,0.3211018145084381,0.00010996918927016886
1512,0.4550434947013855,0.42383572459220886,0.3120776116847992,0.00010985754222024436
1513,0.4712006747722626,0.4383585453033447,0.32842135429382324,0.00010974588276087705
1514,0.445984423160553,0.41484737396240234,0.3113706409931183,0.00010963421103263252
1515,0.46188870072364807,0.43063589930534363,0.3125280737876892,0.00010952252717609188
1516,0.46541863679885864,0.4332228899002075,0.3219575583934784,0.00010941083133185146
1517,0.46884775161743164,0.4364541172981262,0.32393625378608704,0.00010929912364052268
1518,0.4382883906364441,0.40845024585723877,0.29838135838508606,0.00010918740424273191
1519,0.46560660004615784,0.4340578019618988,0.31548792123794556,0.00010907567327912025
1520,0.42463430762290955,0.39527690410614014,0.2935740649700165,0.00010896393089034336
1521,0.4697752594947815,0.4375615119934082,0.3221374452114105,0.00010885217721707124
1522,0.4652217924594879,0.4333062469959259,0.3191554546356201,0.00010874041239998816
1523,0.45310670137405396,0.4219311475753784,0.3117554187774658,0.00010862863657979237
1524,0.45383134484291077,0.4226315915584564,0.31199756264686584,0.00010851684989719594
1525,0.45574212074279785,0.42424604296684265,0.3149607479572296,0.00010840505249292476
1526,0.4491400122642517,0.4184770882129669,0.3066291809082031,0.00010829324450771806
1527,0.42531755566596985,0.3963065445423126,0.2901099920272827,0.00010818142608232849
1528,0.4421444237232208,0.4121686816215515,0.29975754022598267,0.00010806959735752174
1529,0.44979506731033325,0.4187893867492676,0.3100568652153015,0.00010795775847407659
1530,0.4386729896068573,0.4086863398551941,0.29986661672592163,0.0001078459095727845
1531,0.4629458487033844,0.43136006593704224,0.31585776805877686,0.00010773405079444963
1532,0.49230337142944336,0.4581712484359741,0.3413213789463043,0.00010762218227988851
1533,0.4834423065185547,0.45020240545272827,0.33239907026290894,0.00010751030416992996
1534,0.45960700511932373,0.4282307028770447,0.31376296281814575,0.00010739841660541487
1535,0.45900601148605347,0.42755746841430664,0.3144852817058563,0.00010728651972719603
1536,0.45308756828308105,0.4219939112663269,0.31093671917915344,0.00010717461367613793
1537,0.4647999107837677,0.43266287446022034,0.32137027382850647,0.00010706269859311669
1538,0.45693641901016235,0.4256971478462219,0.31239262223243713,0.00010695077461901968
1539,0.46483269333839417,0.43295031785964966,0.31882378458976746,0.00010683884189474558
1540,0.4698796272277832,0.43750327825546265,0.3237634301185608,0.00010672690056120399
1541,0.45073333382606506,0.4196900427341461,0.3104327917098999,0.00010661495075931539
1542,0.4593786895275116,0.42768552899360657,0.3169316351413727,0.00010650299263001097
1543,0.4617336094379425,0.43002384901046753,0.3170976936817169,0.0001063910263142323
1544,0.459866464138031,0.4280013144016266,0.31865158677101135,0.00010627905195293135
1545,0.4571720063686371,0.42595675587654114,0.3121525049209595,0.00010616706968707015
1546,0.437091588973999,0.40721502900123596,0.29876554012298584,0.00010605507965762074
1547,0.47157251834869385,0.4391688108444214,0.32403722405433655,0.00010594308200556483
1548,0.4594033658504486,0.42737817764282227,0.32025185227394104,0.00010583107687189388
1549,0.45828625559806824,0.4264843165874481,0.31801941990852356,0.00010571906439760866
1550,0.44899997115135193,0.4182606339454651,0.3073934018611908,0.00010560704472371919
1551,0.4426020085811615,0.4119877219200134,0.3061428964138031,0.0001054950179912446
1552,0.45926859974861145,0.4273492991924286,0.31919312477111816,0.00010538298434121283
1553,0.48207318782806396,0.44917967915534973,0.3289352357387543,0.00010527094391466061
1554,0.45045205950737,0.4194275140762329,0.31024545431137085,0.00010515889685263316
1555,0.450111985206604,0.41896456480026245,0.311474084854126,0.00010504684329618409
1556,0.44653141498565674,0.4158139228820801,0.3071749210357666,0.00010493478338637512
1557,0.4527953565120697,0.42159077525138855,0.31204572319984436,0.00010482271726427598
1558,0.4472581148147583,0.41655847430229187,0.30699652433395386,0.00010471064507096426
1559,0.43222856521606445,0.4026098847389221,0.2961868643760681,0.00010459856694752521
1560,0.44116175174713135,0.41079628467559814,0.30365464091300964,0.00010448648303505151
1561,0.45588740706443787,0.4241822361946106,0.31705158948898315,0.00010437439347464306
1562,0.44245749711990356,0.41189873218536377,0.3055875301361084,0.00010426229840740705
1563,0.4491400122642517,0.41820162534713745,0.30938398838043213,0.00010415019797445738
1564,0.4439416527748108,0.41324663162231445,0.30695033073425293,0.00010403809231691486
1565,0.46501415967941284,0.43332019448280334,0.31693950295448303,0.00010392598157590688
1566,0.4635828733444214,0.4319455623626709,0.3163731098175049,0.0001038138658925671
1567,0.43069276213645935,0.40088513493537903,0.2980763614177704,0.00010370174540803556
1568,0.4623134732246399,0.4306938946247101,0.31619593501091003,0.00010358962026345824
1569,0.459839403629303,0.42773163318634033,0.321077823638916,0.000103477490599987
1570,0.4528628885746002,0.42171600461006165,0.3114689290523529,0.00010336535655877942
1571,0.45503461360931396,0.42352771759033203,0.31506896018981934,0.00010325321828099854
1572,0.4641651511192322,0.4319448471069336,0.3222029507160187,0.00010314107590781284
1573,0.459768146276474,0.4279053807258606,0.31862765550613403,0.00010302892958039583
1574,0.46649402379989624,0.4340994656085968,0.3239454925060272,0.00010291677943992608
1575,0.45938360691070557,0.42819902300834656,0.3118457794189453,0.0001028046256275869
1576,0.4556373059749603,0.4246551990509033,0.30982106924057007,0.00010269246828456629
1577,0.46844732761383057,0.43621036410331726,0.32236966490745544,0.00010258030755205665
1578,0.443081796169281,0.4129197895526886,0.3016200363636017,0.00010246814357125463
1579,0.45405280590057373,0.42328202724456787,0.30770763754844666,0.00010235597648336104
1580,0.41456565260887146,0.3863455057144165,0.28220146894454956,0.00010224380642958052
1581,0.47390076518058777,0.4411892890930176,0.32711470127105713,0.00010213163355112148
1582,0.4692707359790802,0.43738141655921936,0.318893164396286,0.00010201945798919593
1583,0.46058550477027893,0.42929956316947937,0.31285932660102844,0.00010190727988501913
1584,0.4578079879283905,0.4268301725387573,0.30977821350097656,0.00010179509937980973
1585,0.45962584018707275,0.4282377362251282,0.31388092041015625,0.00010168291661478923
1586,0.45469099283218384,0.42336294054985046,0.31328046321868896,0.00010157073173118208
1587,0.4801296591758728,0.4466436803340912,0.3348599374294281,0.00010145854487021532
1588,0.46745240688323975,0.43526098132133484,0.32191431522369385,0.00010134635617311853
1589,0.4684010446071625,0.43581342697143555,0.32587623596191406,0.00010123416578112365
1590,0.45557892322540283,0.4239763617515564,0.3160257637500763,0.0001011219738354646
1591,0.45108845829963684,0.41980963945388794,0.3127882480621338,0.00010100978047737741
1592,0.45729511976242065,0.42600277066230774,0.3129233419895172,0.00010089758584809979
1593,0.46942588686943054,0.4366554319858551,0.3277045786380768,0.00010078539008887114
1594,0.47616416215896606,0.4432939887046814,0.3287016749382019,0.00010067319334093219
1595,0.4764745831489563,0.4437921643257141,0.32682424783706665,0.00010056099574552497
1596,0.4682554602622986,0.43624502420425415,0.3201042115688324,0.00010044879744389257
1597,0.42807403206825256,0.39885520935058594,0.2921883165836334,0.00010033659857727893
1598,0.4532872140407562,0.4218447804450989,0.3144242763519287,0.00010022439928692875
1599,0.4759264588356018,0.443015456199646,0.32910993695259094,0.00010011219971408725
1600,0.444682776927948,0.4143909215927124,0.30291852355003357,0.0001
1601,0.4781644344329834,0.44539332389831543,0.3277110457420349,9.988780028591278e-05
1602,0.4349483847618103,0.4044571816921234,0.30491212010383606,9.977560071307129e-05
1603,0.44923657178878784,0.41861727833747864,0.30619290471076965,9.96634014227211e-05
1604,0.4303951859474182,0.40066808462142944,0.29727086424827576,9.955120255610746e-05
1605,0.4419039487838745,0.4117194712162018,0.30184489488601685,9.943900425447505e-05
1606,0.4606836438179016,0.4291914999485016,0.31492146849632263,9.932680665906783e-05
1607,0.48017066717147827,0.44725683331489563,0.3291383385658264,9.921460991112891e-05
1608,0.45819199085235596,0.4268527626991272,0.31339243054389954,9.910241415190021e-05
1609,0.449986070394516,0.4189566671848297,0.3102940618991852,9.89902195226226e-05
1610,0.4570208191871643,0.4260409474372864,0.3097986578941345,9.887802616453542e-05
1611,0.4857971966266632,0.4528631865978241,0.32933998107910156,9.87658342188764e-05
1612,0.4685600996017456,0.4364445209503174,0.32115572690963745,9.865364382688145e-05
1613,0.461110919713974,0.42926639318466187,0.3184453248977661,9.85414551297847e-05
1614,0.4460585117340088,0.41557225584983826,0.30486249923706055,9.842926826881796e-05
1615,0.4389028251171112,0.4087521433830261,0.3015068471431732,9.831708338521078e-05
1616,0.45867058634757996,0.4271987974643707,0.31471797823905945,9.820490062019029e-05
1617,0.4536930322647095,0.4229181408882141,0.3077487647533417,9.809272011498085e-05
1618,0.4542226791381836,0.4228743314743042,0.3134836256504059,9.798054201080411e-05
1619,0.47711804509162903,0.44412165880203247,0.3299638330936432,9.786836644887856e-05
1620,0.42742493748664856,0.3982592821121216,0.2916564345359802,9.775619357041952e-05
1621,0.4555237889289856,0.4244045615196228,0.31119218468666077,9.764402351663901e-05
1622,0.46337631344795227,0.4315965175628662,0.31779786944389343,9.753185642874537e-05
1623,0.448816180229187,0.4178323745727539,0.30983802676200867,9.741969244794338e-05
1624,0.4521018862724304,0.42072048783302307,0.31381410360336304,9.730753171543374e-05
1625,0.45023712515830994,0.4192162752151489,0.31020838022232056,9.719537437241312e-05
1626,0.4616377651691437,0.42964306473731995,0.31994691491127014,9.708322056007397e-05
1627,0.43261462450027466,0.40298494696617126,0.2962969243526459,9.697107041960417e-05
1628,0.46987953782081604,0.4376660883426666,0.3221345543861389,9.685892409218717e-05
1629,0.4686913788318634,0.4364667236804962,0.32224658131599426,9.674678171900147e-05
1630,0.4756285846233368,0.44269296526908875,0.32935628294944763,9.663464344122064e-05
1631,0.454917311668396,0.423406720161438,0.3151057958602905,9.652250940001302e-05
1632,0.49000847339630127,0.45667216181755066,0.33336302638053894,9.641037973654178e-05
1633,0.47129300236701965,0.438794881105423,0.32498112320899963,9.629825459196446e-05
1634,0.4186117351055145,0.3900093734264374,0.28602349758148193,9.618613410743291e-05
1635,0.4547732472419739,0.42372992634773254,0.31043335795402527,9.607401842409317e-05
1636,0.46204861998558044,0.43008729815483093,0.31961309909820557,9.596190768308515e-05
1637,0.45290812849998474,0.42149776220321655,0.3141036331653595,9.584980202554266e-05
1638,0.45745036005973816,0.4262121915817261,0.3123816251754761,9.573770159259299e-05
1639,0.45173731446266174,0.4207395017147064,0.30997809767723083,9.562560652535695e-05
1640,0.46014565229415894,0.4284907877445221,0.3165486752986908,9.551351696494854e-05
1641,0.449163556098938,0.41842085123062134,0.30742719769477844,9.540143305247478e-05
1642,0.4680235981941223,0.43563583493232727,0.3238776922225952,9.528935492903575e-05
1643,0.464601069688797,0.4330112636089325,0.31589803099632263,9.517728273572403e-05
1644,0.4442187547683716,0.41374561190605164,0.3047313988208771,9.506521661362493e-05
1645,0.4803515374660492,0.44721782207489014,0.3313370645046234,9.495315670381591e-05
1646,0.46345412731170654,0.43142637610435486,0.3202774226665497,9.484110314736682e-05
1647,0.4467303454875946,0.41619163751602173,0.3053869605064392,9.472905608533941e-05
1648,0.44997745752334595,0.4189320206642151,0.31045445799827576,9.461701565878719e-05
1649,0.44739291071891785,0.4167823791503906,0.30610522627830505,9.450498200875546e-05
1650,0.47397086024284363,0.44125550985336304,0.3271534740924835,9.439295527628081e-05
1651,0.46179336309432983,0.4303073287010193,0.314860463142395,9.428093560239135e-05
1652,0.4285505414009094,0.3992832601070404,0.29267266392707825,9.416892312810614e-05
1653,0.45264026522636414,0.42162826657295227,0.31011995673179626,9.40569179944352e-05
1654,0.4591220021247864,0.4279666543006897,0.3115534484386444,9.394492034237931e-05
1655,0.48755499720573425,0.4541623890399933,0.33392611145973206,9.383293031292985e-05
1656,0.44355353713035583,0.41297203302383423,0.3058151602745056,9.372094804706867e-05
1657,0.4237545132637024,0.39468914270401,0.29065370559692383,9.360897368576772e-05
1658,0.464257150888443,0.43199118971824646,0.32265961170196533,9.349700736998908e-05
1659,0.4664152264595032,0.43440762162208557,0.32007619738578796,9.338504924068462e-05
1660,0.43948715925216675,0.409122109413147,0.30365046858787537,9.327309943879604e-05
1661,0.434906005859375,0.4052189886569977,0.29687029123306274,9.316115810525446e-05
1662,0.4658326804637909,0.43364349007606506,0.3218919336795807,9.304922538098035e-05
1663,0.501061201095581,0.46645113825798035,0.34610044956207275,9.293730140688336e-05
1664,0.4292447566986084,0.3996565043926239,0.2958824932575226,9.282538632386207e-05
1665,0.4523724913597107,0.4211673140525818,0.3120516836643219,9.2713480272804e-05
1666,0.42149507999420166,0.39281174540519714,0.2868332266807556,9.260158339458514e-05
1667,0.461087167263031,0.4294697344303131,0.3161744773387909,9.248969583007005e-05
1668,0.45139625668525696,0.4203606843948364,0.3103557229042053,9.237781772011153e-05
1669,0.4727635085582733,0.4404425323009491,0.32320988178253174,9.226594920555037e-05
1670,0.4639167785644531,0.4315446615219116,0.3237212002277374,9.215409042721552e-05
1671,0.4570431411266327,0.42573440074920654,0.3130873441696167,9.204224152592343e-05
1672,0.45313721895217896,0.4218187630176544,0.3131846487522125,9.193040264247829e-05
1673,0.44712090492248535,0.4164065420627594,0.30714350938796997,9.181857391767157e-05
1674,0.44203439354896545,0.411718487739563,0.3031591475009918,9.170675549228194e-05
1675,0.4537320137023926,0.42266955971717834,0.31062448024749756,9.159494750707526e-05
1676,0.4591987133026123,0.4271368086338043,0.32061901688575745,9.148315010280408e-05
1677,0.46746116876602173,0.43544748425483704,0.3201369047164917,9.137136342020768e-05
1678,0.4654489755630493,0.4333888590335846,0.3206011950969696,9.125958760001189e-05
1679,0.47111913561820984,0.4382930397987366,0.32826095819473267,9.114782278292876e-05
1680,0.4645008146762848,0.43269360065460205,0.318072110414505,9.103606910965666e-05
1681,0.42704886198043823,0.39747998118400574,0.2956889569759369,9.092432672087977e-05
1682,0.46328005194664,0.4319405257701874,0.31339529156684875,9.08125957572681e-05
1683,0.47883838415145874,0.44597524404525757,0.3286314904689789,9.070087635947733e-05
1684,0.4706891179084778,0.43837660551071167,0.3231250047683716,9.058916866814858e-05
1685,0.44767624139785767,0.4172687530517578,0.30407485365867615,9.047747282390815e-05
1686,0.43377646803855896,0.4033397436141968,0.3043673634529114,9.036578896736752e-05
1687,0.4488537013530731,0.4179883897304535,0.30865299701690674,9.025411723912298e-05
1688,0.4524788558483124,0.4214897155761719,0.3098914623260498,9.014245777975565e-05
1689,0.4489068388938904,0.4182010591030121,0.307057648897171,9.003081072983117e-05
1690,0.44448474049568176,0.41411563754081726,0.3036910593509674,8.991917622989956e-05
1691,0.4629230797290802,0.43088048696517944,0.3204258382320404,8.980755442049502e-05
1692,0.4578370153903961,0.4265929162502289,0.3124411106109619,8.969594544213578e-05
1693,0.43287140130996704,0.4034074544906616,0.29463955760002136,8.95843494353239e-05
1694,0.443265825510025,0.41322219371795654,0.3004363477230072,8.947276654054518e-05
1695,0.4256879985332489,0.39651182293891907,0.2917618155479431,8.936119689826888e-05
1696,0.49047228693962097,0.4567539393901825,0.3371834456920624,8.924964064894753e-05
1697,0.44662296772003174,0.41622522473335266,0.3039774000644684,8.913809793301681e-05
1698,0.4957781434059143,0.4615294337272644,0.34248703718185425,8.902656889089548e-05
1699,0.43629151582717896,0.40651795268058777,0.29773569107055664,8.891505366298492e-05
1700,0.4731940031051636,0.440995454788208,0.3219853639602661,8.880355238966923e-05
1701,0.4415470361709595,0.4112423360347748,0.3030470907688141,8.869206521131489e-05
1702,0.44934701919555664,0.418067067861557,0.3127993941307068,8.858059226827062e-05
1703,0.45967864990234375,0.42821696400642395,0.31461673974990845,8.846913370086734e-05
1704,0.44114717841148376,0.4109014570713043,0.3024572432041168,8.835768964941773e-05
1705,0.4482114911079407,0.41733816266059875,0.30873316526412964,8.824626025421626e-05
1706,0.45314010977745056,0.4216855466365814,0.31454572081565857,8.813484565553893e-05
1707,0.46279019117355347,0.4309592843055725,0.31830891966819763,8.802344599364312e-05
1708,0.42530062794685364,0.39640331268310547,0.28897321224212646,8.791206140876746e-05
1709,0.45512494444847107,0.42431095242500305,0.3081398606300354,8.780069204113153e-05
1710,0.4476698040962219,0.41696345806121826,0.30706343054771423,8.768933803093573e-05
1711,0.46330830454826355,0.431491881608963,0.31816422939300537,8.757799951836123e-05
1712,0.45421627163887024,0.42342609167099,0.30790191888809204,8.746667664356956e-05
1713,0.4975447654724121,0.46322309970855713,0.3432167172431946,8.735536954670275e-05
1714,0.4207366704940796,0.3920166492462158,0.28720006346702576,8.724407836788276e-05
1715,0.4690871834754944,0.436874657869339,0.32212522625923157,8.713280324721163e-05
1716,0.4649413228034973,0.43303561210632324,0.31905725598335266,8.702154432477115e-05
1717,0.46782994270324707,0.43558719754219055,0.32242754101753235,8.691030174062273e-05
1718,0.4678713083267212,0.43643972277641296,0.31431591510772705,8.679907563480726e-05
1719,0.46490490436553955,0.432818740606308,0.3208617568016052,8.668786614734478e-05
1720,0.44043946266174316,0.41032952070236206,0.3010995090007782,8.657667341823448e-05
1721,0.47760388255119324,0.44482457637786865,0.3277931809425354,8.64654975874544e-05
1722,0.45812517404556274,0.4269827902317047,0.3114238679409027,8.63543387949614e-05
1723,0.46447646617889404,0.4328005015850067,0.31675979495048523,8.624319718069084e-05
1724,0.4578016996383667,0.4266819357872009,0.3111976981163025,8.613207288455643e-05
1725,0.4731443524360657,0.4406459927558899,0.32498374581336975,8.602096604645009e-05
1726,0.44028156995773315,0.41030481457710266,0.29976746439933777,8.590987680624174e-05
1727,0.4616577625274658,0.43018171191215515,0.31476038694381714,8.579880530377926e-05
1728,0.4432607591152191,0.41267305612564087,0.30587711930274963,8.568775167888806e-05
1729,0.4571526050567627,0.4258510172367096,0.31301581859588623,8.557671607137114e-05
1730,0.4538675546646118,0.42253240942955017,0.3133513629436493,8.546569862100876e-05
1731,0.4309989809989929,0.40172460675239563,0.29274362325668335,8.53546994675583e-05
1732,0.45588794350624084,0.42490154504776,0.3098639249801636,8.524371875075425e-05
1733,0.4581277668476105,0.4270859658718109,0.31041809916496277,8.51327566103077e-05
1734,0.4500405192375183,0.41935139894485474,0.30689120292663574,8.502181318590652e-05
1735,0.4676755964756012,0.4355764091014862,0.32099178433418274,8.491088861721486e-05
1736,0.4624061584472656,0.43090054392814636,0.3150562345981598,8.479998304387329e-05
1737,0.4508451223373413,0.42005112767219543,0.30793991684913635,8.468909660549837e-05
1738,0.42721110582351685,0.3981403112411499,0.2907077968120575,8.457822944168257e-05
1739,0.4744955599308014,0.44192734360694885,0.3256821632385254,8.446738169199418e-05
1740,0.46423524618148804,0.43255937099456787,0.3167587220668793,8.435655349597689e-05
1741,0.47549980878829956,0.4429521858692169,0.3254762589931488,8.424574499315e-05
1742,0.45239558815956116,0.4212830662727356,0.31112515926361084,8.413495632300784e-05
1743,0.4596167802810669,0.42785531282424927,0.31761473417282104,8.402418762501982e-05
1744,0.4431283473968506,0.412649542093277,0.3047880232334137,8.391343903863018e-05
1745,0.43416011333465576,0.40441709756851196,0.29743021726608276,8.380271070325789e-05
1746,0.4456479251384735,0.41524365544319153,0.3040428161621094,8.369200275829649e-05
1747,0.4348964989185333,0.4052772521972656,0.29619234800338745,8.358131534311372e-05
1748,0.47178545594215393,0.4394269585609436,0.32358497381210327,8.347064859705153e-05
1749,0.46094417572021484,0.4289982318878174,0.3194595277309418,8.336000265942581e-05
1750,0.4567851722240448,0.4255618751049042,0.3122329115867615,8.324937766952638e-05
1751,0.46640822291374207,0.43443918228149414,0.3196904957294464,8.313877376661652e-05
1752,0.45730018615722656,0.4259369969367981,0.3136318624019623,8.302819108993312e-05
1753,0.44087904691696167,0.4107283055782318,0.3015073537826538,8.291762977868625e-05
1754,0.44540655612945557,0.4145051836967468,0.3090137839317322,8.280708997205904e-05
1755,0.4343917965888977,0.40435218811035156,0.3003961741924286,8.269657180920774e-05
1756,0.4629811942577362,0.43089744448661804,0.32083743810653687,8.258607542926114e-05
1757,0.4381970167160034,0.4079539477825165,0.3024307191371918,8.247560097132076e-05
1758,0.4612874686717987,0.42990484833717346,0.31382620334625244,8.236514857446045e-05
1759,0.45992082357406616,0.4285537600517273,0.3136706054210663,8.225471837772623e-05
1760,0.4309118688106537,0.4012078642845154,0.29704010486602783,8.214431052013634e-05
1761,0.48919451236724854,0.45555397868156433,0.33640533685684204,8.203392514068074e-05
1762,0.4695976674556732,0.4372454881668091,0.3235218822956085,8.19235623783212e-05
1763,0.4816715121269226,0.4483090043067932,0.333624929189682,8.181322237199094e-05
1764,0.4895036220550537,0.45516663789749146,0.34336981177330017,8.170290526059452e-05
1765,0.4714798331260681,0.43916842341423035,0.32311397790908813,8.159261118300782e-05
1766,0.4413337707519531,0.4108135998249054,0.3052017390727997,8.14823402780776e-05
1767,0.4516642391681671,0.4205385744571686,0.3112567663192749,8.13720926846214e-05
1768,0.4544391334056854,0.42334693670272827,0.31092193722724915,8.126186854142752e-05
1769,0.43882110714912415,0.40880516171455383,0.3001594543457031,8.115166798725478e-05
1770,0.4498005211353302,0.41895830631256104,0.3084222078323364,8.104149116083216e-05
1771,0.4601503908634186,0.42872297763824463,0.31427425146102905,8.093133820085888e-05
1772,0.44369322061538696,0.41351789236068726,0.30175334215164185,8.0821209246004e-05
1773,0.45949798822402954,0.4276663064956665,0.31831684708595276,8.071110443490652e-05
1774,0.4541342556476593,0.4227347671985626,0.31399476528167725,8.060102390617493e-05
1775,0.4768276512622833,0.4439404308795929,0.32887211441993713,8.049096779838719e-05
1776,0.47422662377357483,0.44171491265296936,0.3251171410083771,8.038093625009052e-05
1777,0.4302981197834015,0.4009192883968353,0.29378819465637207,8.027092939980115e-05
1778,0.4815436005592346,0.44841915369033813,0.3312443494796753,8.016094738600435e-05
1779,0.45509910583496094,0.42389190196990967,0.3120719790458679,8.005099034715404e-05
1780,0.4614965319633484,0.4297627806663513,0.31733763217926025,7.994105842167273e-05
1781,0.4902642071247101,0.4567745327949524,0.3348968029022217,7.983115174795128e-05
1782,0.4231143295764923,0.39442873001098633,0.286856085062027,7.972127046434878e-05
1783,0.44120877981185913,0.4105835556983948,0.3062521517276764,7.961141470919233e-05
1784,0.4596424102783203,0.4286060929298401,0.3103632628917694,7.950158462077697e-05
1785,0.48921769857406616,0.4560452997684479,0.3317238986492157,7.939178033736538e-05
1786,0.45186296105384827,0.4211543798446655,0.30708590149879456,7.928200199718774e-05
1787,0.4892653226852417,0.455696702003479,0.3356862962245941,7.917224973844152e-05
1788,0.45375439524650574,0.4228505492210388,0.3090384006500244,7.906252369929154e-05
1789,0.46732228994369507,0.43555349111557007,0.31768798828125,7.895282401786945e-05
1790,0.47396916151046753,0.4417326748371124,0.322364866733551,7.884315083227373e-05
1791,0.4649792015552521,0.43273061513900757,0.3224857747554779,7.873350428056957e-05
1792,0.4413241147994995,0.41100233793258667,0.3032177984714508,7.862388450078855e-05
1793,0.4684837758541107,0.4364510178565979,0.3203274607658386,7.851429163092868e-05
1794,0.4839710593223572,0.45065221190452576,0.33318856358528137,7.840472580895396e-05
1795,0.4711543023586273,0.4383814334869385,0.3277287483215332,7.829518717279438e-05
1796,0.43155571818351746,0.40178653597831726,0.29769182205200195,7.818567586034577e-05
1797,0.45006489753723145,0.4193999171257019,0.30664995312690735,7.807619200946942e-05
1798,0.4516712725162506,0.420585036277771,0.31086239218711853,7.796673575799224e-05
1799,0.43801116943359375,0.4082048833370209,0.29806286096572876,7.785730724370625e-05
1800,0.45041853189468384,0.419786274433136,0.3063225746154785,7.774790660436858e-05
1801,0.45895636081695557,0.42752009630203247,0.314362496137619,7.763853397770131e-05
1802,0.4480963945388794,0.4171200692653656,0.30976319313049316,7.752918950139119e-05
1803,0.4551413655281067,0.4239962100982666,0.31145143508911133,7.741987331308964e-05
1804,0.43091943860054016,0.40144088864326477,0.2947855293750763,7.731058555041237e-05
1805,0.461807519197464,0.4301051199436188,0.31702399253845215,7.720132635093934e-05
1806,0.4537409245967865,0.4222346544265747,0.3150627315044403,7.709209585221451e-05
1807,0.4763302206993103,0.4437146484851837,0.32615557312965393,7.69828941917458e-05
1808,0.4454459249973297,0.41527530550956726,0.3017061948776245,7.68737215070048e-05
1809,0.477125346660614,0.44402918219566345,0.3309614956378937,7.676457793542654e-05
1810,0.4573599398136139,0.4257052540779114,0.31654682755470276,7.66554636144095e-05
1811,0.45102956891059875,0.419746071100235,0.31283506751060486,7.654637868131521e-05
1812,0.45098838210105896,0.42000311613082886,0.3098527193069458,7.643732327346842e-05
1813,0.4631001949310303,0.4312213063240051,0.31878897547721863,7.63282975281565e-05
1814,0.45241454243659973,0.42151346802711487,0.30901068449020386,7.621930158262958e-05
1815,0.447549968957901,0.41682568192481995,0.3072429299354553,7.611033557410026e-05
1816,0.4390155076980591,0.40896910429000854,0.30046409368515015,7.600139963974341e-05
1817,0.44658252596855164,0.4158804416656494,0.3070208430290222,7.589249391669616e-05
1818,0.4317490756511688,0.4021468758583069,0.29602208733558655,7.578361854205743e-05
1819,0.48462802171707153,0.45119377970695496,0.33434227108955383,7.567477365288813e-05
1820,0.468618243932724,0.43645262718200684,0.3216562867164612,7.556595938621058e-05
1821,0.4396663308143616,0.4095136821269989,0.30152663588523865,7.545717587900879e-05
1822,0.439836323261261,0.40935206413269043,0.30484244227409363,7.534842326822785e-05
1823,0.4453376531600952,0.4146900773048401,0.3064758777618408,7.523970169077402e-05
1824,0.44448721408843994,0.4139314293861389,0.3055577874183655,7.513101128351454e-05
1825,0.44760793447494507,0.41679811477661133,0.30809807777404785,7.502235218327731e-05
1826,0.4638283848762512,0.4321080446243286,0.3172033131122589,7.491372452685094e-05
1827,0.45941075682640076,0.427873432636261,0.31537333130836487,7.48051284509844e-05
1828,0.469734787940979,0.4375516176223755,0.3218315541744232,7.469656409238685e-05
1829,0.46930986642837524,0.43705305457115173,0.32256796956062317,7.458803158772758e-05
1830,0.4427031874656677,0.4120435118675232,0.3065968155860901,7.447953107363574e-05
1831,0.45418035984039307,0.42329272627830505,0.3088763654232025,7.437106268670034e-05
1832,0.4505026340484619,0.4199802577495575,0.3052237927913666,7.426262656346978e-05
1833,0.48199930787086487,0.44897767901420593,0.3302161991596222,7.41542228404519e-05
1834,0.47712135314941406,0.444444864988327,0.32676494121551514,7.404585165411377e-05
1835,0.4473554193973541,0.41670018434524536,0.30655232071876526,7.393751314088146e-05
1836,0.4487231373786926,0.4180808663368225,0.3064226806163788,7.382920743713999e-05
1837,0.4472218453884125,0.41700243949890137,0.30219414830207825,7.372093467923302e-05
1838,0.4843158423900604,0.45090413093566895,0.33411717414855957,7.361269500346274e-05
1839,0.4582972228527069,0.4268636405467987,0.31433573365211487,7.350448854608962e-05
1840,0.44624313712120056,0.4152592122554779,0.30983930826187134,7.339631544333249e-05
1841,0.4478917717933655,0.4170394539833069,0.30852317810058594,7.328817583136804e-05
1842,0.43329501152038574,0.40376341342926025,0.2953158915042877,7.318006984633085e-05
1843,0.460944265127182,0.42946362495422363,0.3148062825202942,7.307199762431319e-05
1844,0.44393420219421387,0.41362497210502625,0.30309244990348816,7.29639593013647e-05
1845,0.4513006806373596,0.42036765813827515,0.30933016538619995,7.285595501349258e-05
1846,0.45217210054397583,0.4209865927696228,0.3118551969528198,7.274798489666097e-05
1847,0.488374799489975,0.45421361923217773,0.34161174297332764,7.264004908679112e-05
1848,0.44773298501968384,0.41660940647125244,0.31123584508895874,7.2532147719761e-05
1849,0.44911158084869385,0.41816815733909607,0.30943426489830017,7.242428093140525e-05
1850,0.4381867051124573,0.4078907370567322,0.3029597997665405,7.231644885751507e-05
1851,0.43954697251319885,0.4093407988548279,0.30206161737442017,7.220865163383784e-05
1852,0.4575197696685791,0.42612022161483765,0.31399548053741455,7.210088939607708e-05
1853,0.4688863158226013,0.43615928292274475,0.3272704482078552,7.199316227989236e-05
1854,0.4247033894062042,0.39570707082748413,0.2899631857872009,7.18854704208989e-05
1855,0.46101295948028564,0.4295908808708191,0.31422075629234314,7.177781395466772e-05
1856,0.4612026512622833,0.4297908842563629,0.3141176700592041,7.167019301672509e-05
1857,0.4667215347290039,0.43433332443237305,0.323882132768631,7.156260774255262e-05
1858,0.4397708475589752,0.40958234667778015,0.30188506841659546,7.145505826758707e-05
1859,0.460737943649292,0.42918631434440613,0.3155164122581482,7.134754472722017e-05
1860,0.47214892506599426,0.4401492476463318,0.3199966847896576,7.124006725679828e-05
1861,0.4881347715854645,0.4547417163848877,0.3339306712150574,7.113262599162245e-05
1862,0.4419110119342804,0.4119457006454468,0.299653023481369,7.102522106694808e-05
1863,0.4481067955493927,0.4167327582836151,0.31374043226242065,7.09178526179849e-05
1864,0.4488440155982971,0.4177526533603668,0.3109135925769806,7.081052077989667e-05
1865,0.45839494466781616,0.4267171323299408,0.3167780637741089,7.07032256878011e-05
1866,0.45975756645202637,0.4278608560562134,0.3189670145511627,7.059596747676962e-05
1867,0.45480602979660034,0.42327553033828735,0.3153049051761627,7.048874628182722e-05
1868,0.4637411832809448,0.4320433437824249,0.3169783353805542,7.038156223795224e-05
1869,0.5013102293014526,0.46685460209846497,0.3445565700531006,7.027441548007641e-05
1870,0.4555269777774811,0.42454269528388977,0.3098427951335907,7.01673061430844e-05
1871,0.48434963822364807,0.4508220851421356,0.33527565002441406,7.006023436181377e-05
1872,0.4661770761013031,0.4345219135284424,0.31655168533325195,6.995320027105481e-05
1873,0.43843334913253784,0.40818139910697937,0.30251944065093994,6.984620400555044e-05
1874,0.4561978578567505,0.4248270094394684,0.3137085437774658,6.973924569999585e-05
1875,0.4703710675239563,0.4376056492328644,0.3276541233062744,6.963232548903853e-05
1876,0.44554266333580017,0.4150644540786743,0.3047820031642914,6.952544350727799e-05
1877,0.4615525007247925,0.43021926283836365,0.31333252787590027,6.94185998892655e-05
1878,0.46398141980171204,0.43237757682800293,0.3160383999347687,6.931179476950429e-05
1879,0.4906778037548065,0.457147479057312,0.33530330657958984,6.920502828244889e-05
1880,0.4523397982120514,0.4209471046924591,0.3139268755912781,6.909830056250527e-05
1881,0.44031646847724915,0.41031625866889954,0.30000197887420654,6.899161174403064e-05
1882,0.46836239099502563,0.436101496219635,0.322609007358551,6.888496196133317e-05
1883,0.4478909969329834,0.41767334938049316,0.3021763861179352,6.877835134867196e-05
1884,0.4732738733291626,0.4411270320415497,0.3214682936668396,6.867178004025676e-05
1885,0.45480453968048096,0.42387446761131287,0.30930086970329285,6.85652481702478e-05
1886,0.4961625337600708,0.46171918511390686,0.34443342685699463,6.845875587275576e-05
1887,0.4608989357948303,0.4292912483215332,0.31607672572135925,6.835230328184138e-05
1888,0.4507048726081848,0.4195995628833771,0.31105324625968933,6.824589053151558e-05
1889,0.46874120831489563,0.43651118874549866,0.3223000764846802,6.813951775573896e-05
1890,0.4490986764431,0.4180821180343628,0.3101656138896942,6.803318508842187e-05
1891,0.4590528607368469,0.4273563325405121,0.3169652223587036,6.792689266342416e-05
1892,0.4568725824356079,0.4253194034099579,0.31553176045417786,6.782064061455504e-05
1893,0.45559602975845337,0.42480120062828064,0.30794838070869446,6.77144290755729e-05
1894,0.46691814064979553,0.4348721504211426,0.3204600214958191,6.760825818018508e-05
1895,0.47088801860809326,0.43894684314727783,0.31941190361976624,6.750212806204777e-05
1896,0.4551251530647278,0.4239300787448883,0.31195083260536194,6.739603885476582e-05
1897,0.4544947147369385,0.42349517345428467,0.3099953234195709,6.728999069189263e-05
1898,0.4618898630142212,0.4304763078689575,0.31413543224334717,6.718398370692993e-05
1899,0.4464905261993408,0.41585731506347656,0.30633220076560974,6.707801803332754e-05
1900,0.45850688219070435,0.42752301692962646,0.30983856320381165,6.697209380448333e-05
1901,0.44751599431037903,0.41665127873420715,0.30864715576171875,6.68662111537429e-05
1902,0.46680647134780884,0.4348745346069336,0.31931930780410767,6.676037021439971e-05
1903,0.44561031460762024,0.41512542963027954,0.3048487603664398,6.665457111969451e-05
1904,0.4375491142272949,0.4071098268032074,0.30439284443855286,6.654881400281547e-05
1905,0.4239017963409424,0.3942834734916687,0.2961832880973816,6.644309899689793e-05
1906,0.45605722069740295,0.42462146282196045,0.3143576383590698,6.63374262350241e-05
1907,0.4537651538848877,0.42275750637054443,0.31007638573646545,6.623179585022316e-05
1908,0.4636353552341461,0.43124130368232727,0.323940634727478,6.612620797547087e-05
1909,0.45777490735054016,0.4264362156391144,0.3133869469165802,6.602066274368947e-05
1910,0.4435611665248871,0.41333261132240295,0.3022855818271637,6.59151602877475e-05
1911,0.45926907658576965,0.4276336133480072,0.3163546919822693,6.580970074045975e-05
1912,0.467006653547287,0.4350391626358032,0.31967493891716003,6.570428423458687e-05
1913,0.4432123303413391,0.4129283130168915,0.3028402626514435,6.559891090283537e-05
1914,0.4806085526943207,0.4468993842601776,0.3370915651321411,6.549358087785744e-05
1915,0.4452684223651886,0.4148549437522888,0.30413469672203064,6.538829429225069e-05
1916,0.47489380836486816,0.44217467308044434,0.32719120383262634,6.528305127855816e-05
1917,0.4789831340312958,0.4463220536708832,0.3266107439994812,6.517785196926792e-05
1918,0.4794299006462097,0.44658559560775757,0.3284430205821991,6.507269649681307e-05
1919,0.4621940851211548,0.4304214119911194,0.31772667169570923,6.496758499357148e-05
1920,0.4655086398124695,0.4334307014942169,0.3207795321941376,6.486251759186572e-05
1921,0.4637773931026459,0.4322926998138428,0.3148469626903534,6.475749442396289e-05
1922,0.4655672609806061,0.4333480894565582,0.3221918046474457,6.465251562207431e-05
1923,0.46166810393333435,0.4304862916469574,0.31181806325912476,6.454758131835545e-05
1924,0.47144168615341187,0.43887922167778015,0.3256245255470276,6.44426916449058e-05
1925,0.45732197165489197,0.4260319471359253,0.3129001557826996,6.43378467337687e-05
1926,0.4760248363018036,0.44328299164772034,0.3274184763431549,6.423304671693107e-05
1927,0.45953041315078735,0.4276103079319,0.31920111179351807,6.412829172632338e-05
1928,0.46389713883399963,0.43250659108161926,0.31390559673309326,6.402358189381934e-05
1929,0.44278043508529663,0.41249752044677734,0.30282923579216003,6.391891735123582e-05
1930,0.45232707262039185,0.4212527573108673,0.3107430040836334,6.38142982303328e-05
1931,0.4563564658164978,0.42448559403419495,0.318708598613739,6.370972466281291e-05
1932,0.45091208815574646,0.4198067784309387,0.31105315685272217,6.360519678032157e-05
1933,0.4814586937427521,0.44888836145401,0.3257032632827759,6.350071471444661e-05
1934,0.4460097551345825,0.4153846204280853,0.30625149607658386,6.339627859671814e-05
1935,0.4522159993648529,0.4209725260734558,0.3124348521232605,6.32918885586086e-05
1936,0.44705644249916077,0.4163336455821991,0.30722784996032715,6.318754473153221e-05
1937,0.4530162215232849,0.4219168424606323,0.31099367141723633,6.308324724684518e-05
1938,0.45790693163871765,0.42670008540153503,0.3120684027671814,6.297899623584532e-05
1939,0.4522474706172943,0.4207782745361328,0.3146919012069702,6.287479182977184e-05
1940,0.44305410981178284,0.41252565383911133,0.30528444051742554,6.277063415980549e-05
1941,0.4716653525829315,0.4396587610244751,0.3200659453868866,6.266652335706802e-05
1942,0.43173468112945557,0.4020809531211853,0.2965373992919922,6.256245955262221e-05
1943,0.4766523838043213,0.44406643509864807,0.3258593678474426,6.245844287747168e-05
1944,0.44219550490379333,0.4127208888530731,0.29474613070487976,6.23544734625608e-05
1945,0.49962225556373596,0.4654538929462433,0.34168368577957153,6.225055143877434e-05
1946,0.4529078006744385,0.4218331575393677,0.31074652075767517,6.214667693693744e-05
1947,0.4664750099182129,0.4342271089553833,0.3224790394306183,6.20428500878154e-05
1948,0.4857075810432434,0.4523252546787262,0.33382314443588257,6.193907102211358e-05
1949,0.43640586733818054,0.40628495812416077,0.3012092113494873,6.183533987047716e-05
1950,0.46389859914779663,0.43230798840522766,0.31590625643730164,6.173165676349103e-05
1951,0.4520474076271057,0.42143601179122925,0.3061138689517975,6.162802183167954e-05
1952,0.43578338623046875,0.4059767723083496,0.2980661988258362,6.152443520550641e-05
1953,0.47000887989997864,0.43723535537719727,0.32773518562316895,6.14208970153746e-05
1954,0.46820688247680664,0.43533092737197876,0.32875946164131165,6.1317407391626e-05
1955,0.44856518507003784,0.4176636040210724,0.30901581048965454,6.121396646454149e-05
1956,0.43779894709587097,0.4076463580131531,0.30152592062950134,6.111057436434056e-05
1957,0.4402279853820801,0.40993422269821167,0.30293774604797363,6.1007231221181206e-05
1958,0.46136757731437683,0.429850697517395,0.31516870856285095,6.090393716515983e-05
1959,0.4043594300746918,0.37693384289741516,0.27425599098205566,6.0800692326311095e-05
1960,0.48425570130348206,0.45118072628974915,0.3307496905326843,6.069749683460765e-05
1961,0.4634949564933777,0.4317255914211273,0.3176935017108917,6.059435081996001e-05
1962,0.44879624247550964,0.4178726077079773,0.3092362880706787,6.049125441221639e-05
1963,0.4705052375793457,0.4378949701786041,0.3261025846004486,6.038820774116265e-05
1964,0.4603990316390991,0.4287261962890625,0.3167283833026886,6.0285210936521955e-05
1965,0.4454527497291565,0.4146478474140167,0.30804896354675293,6.018226412795469e-05
1966,0.4514542520046234,0.4207583963871002,0.30695852637290955,6.0079367445058354e-05
1967,0.46190646290779114,0.43010014295578003,0.3180631101131439,5.997652101736726e-05
1968,0.49236059188842773,0.4589868485927582,0.33373746275901794,5.9873724974352585e-05
1969,0.4206792116165161,0.3919034004211426,0.2877582311630249,5.977097944542198e-05
1970,0.4561696946620941,0.42506036162376404,0.31109341979026794,5.9668284559919504e-05
1971,0.45989173650741577,0.4286152720451355,0.31276464462280273,5.956564044712551e-05
1972,0.4766453802585602,0.44380873441696167,0.32836633920669556,5.94630472362564e-05
1973,0.45700812339782715,0.4259694218635559,0.31038686633110046,5.936050505646452e-05
1974,0.4744133949279785,0.4416920840740204,0.32721295952796936,5.925801403683797e-05
1975,0.47560572624206543,0.4429890215396881,0.32616719603538513,5.9155574306400395e-05
1976,0.45638370513916016,0.4250792860984802,0.31304413080215454,5.9053185994110974e-05
1977,0.46810048818588257,0.43618613481521606,0.31914350390434265,5.8950849228864025e-05
1978,0.4458262622356415,0.4151518642902374,0.3067440390586853,5.884856413948913e-05
1979,0.46274515986442566,0.4307330250740051,0.3201213479042053,5.87463308547507e-05
1980,0.4886205792427063,0.4551354944705963,0.33485087752342224,5.864414950334796e-05
1981,0.4373553991317749,0.4077231287956238,0.29632267355918884,5.8542020213914726e-05
1982,0.44233015179634094,0.41216304898262024,0.30167096853256226,5.843994311501939e-05
1983,0.4213726818561554,0.3923492133617401,0.2902348041534424,5.833791833516453e-05
1984,0.4440345764160156,0.4135415852069855,0.3049299120903015,5.82359460027869e-05
1985,0.42957431077957153,0.3999846875667572,0.29589635133743286,5.8134026246257225e-05
1986,0.4460015892982483,0.4155098497867584,0.30491724610328674,5.8032159193879985e-05
1987,0.46180540323257446,0.4305776059627533,0.3122781217098236,5.793034497389345e-05
1988,0.4852522015571594,0.45221519470214844,0.3303700089454651,5.782858371446927e-05
1989,0.4175298810005188,0.389282763004303,0.28247126936912537,5.772687554371241e-05
1990,0.45196571946144104,0.42048972845077515,0.3147599399089813,5.762522058966113e-05
1991,0.42975327372550964,0.4005781412124634,0.2917512357234955,5.752361898028653e-05
1992,0.46740585565567017,0.4351445436477661,0.3226132392883301,5.7422070843492734e-05
1993,0.4576471447944641,0.426288366317749,0.3135877847671509,5.732057630711638e-05
1994,0.45071807503700256,0.41988709568977356,0.30830979347229004,5.721913549892674e-05
1995,0.4655033051967621,0.43354544043540955,0.3195786476135254,5.711774854662535e-05
1996,0.48990240693092346,0.45596590638160706,0.33936500549316406,5.701641557784609e-05
1997,0.4506835639476776,0.41932493448257446,0.31358617544174194,5.69151367201548e-05
1998,0.4683989882469177,0.43623772263526917,0.32161250710487366,5.681391210104916e-05
1999,0.47381556034088135,0.441169410943985,0.3264615535736084,5.671274184795865e-05
2000,0.4609983563423157,0.4292982816696167,0.3170008957386017,5.6611626088244194e-05
2001,0.46794822812080383,0.4357844889163971,0.3216373920440674,5.651056494919831e-05
2002,0.43671971559524536,0.40701133012771606,0.2970838248729706,5.640955855804455e-05
2003,0.4722514748573303,0.4402014911174774,0.3204997479915619,5.63086070419377e-05
2004,0.4591609835624695,0.42741191387176514,0.31749075651168823,5.620771052796339e-05
2005,0.4306944012641907,0.4014025330543518,0.29291868209838867,5.610686914313796e-05
2006,0.4790874123573303,0.4461447596549988,0.32942667603492737,5.6006083014408484e-05
2007,0.44573140144348145,0.415194571018219,0.30536845326423645,5.590535226865238e-05
2008,0.4328773617744446,0.4033330976963043,0.2954426109790802,5.5804677032677354e-05
2009,0.4523942470550537,0.42046746611595154,0.3192679286003113,5.570405743322124e-05
2010,0.4559252858161926,0.4247203767299652,0.312049001455307,5.560349359695181e-05
2011,0.4557158350944519,0.424297571182251,0.3141825199127197,5.550298565046672e-05
2012,0.44577059149742126,0.4155272841453552,0.3024330139160156,5.540253372029315e-05
2013,0.4594101905822754,0.4281095564365387,0.3130064606666565,5.53021379328879e-05
2014,0.4435042142868042,0.41307005286216736,0.30434152483940125,5.520179841463693e-05
2015,0.4738311171531677,0.4414856433868408,0.32345470786094666,5.510151529185553e-05
2016,0.4428163170814514,0.41262707114219666,0.3018925189971924,5.5001288690787886e-05
2017,0.4462907314300537,0.4157892167568207,0.30501508712768555,5.490111873760705e-05
2018,0.4430496394634247,0.41273027658462524,0.3031936585903168,5.480100555841478e-05
2019,0.45444831252098083,0.42287054657936096,0.31577762961387634,5.4700949279241295e-05
2020,0.4714282155036926,0.43924078345298767,0.3218744695186615,5.4600950026045326e-05
2021,0.46427854895591736,0.43272414803504944,0.31554409861564636,5.4501007924713707e-05
2022,0.45707955956459045,0.4260144829750061,0.31065067648887634,5.440112310106134e-05
2023,0.5007625818252563,0.46672314405441284,0.3403942883014679,5.4301295680830976e-05
2024,0.45119309425354004,0.41952699422836304,0.31666097044944763,5.420152578969326e-05
2025,0.46268603205680847,0.4311680197715759,0.3151800036430359,5.410181355324622e-05
2026,0.4680705964565277,0.4362891614437103,0.3178142309188843,5.400215909701547e-05
2027,0.44593262672424316,0.41519421339035034,0.3073841631412506,5.390256254645378e-05
2028,0.4579271376132965,0.42650043964385986,0.3142668604850769,5.380302402694104e-05
2029,0.45802944898605347,0.42640259861946106,0.3162684142589569,5.3703543663784074e-05
2030,0.4804958999156952,0.4473068118095398,0.3318908214569092,5.36041215822166e-05
2031,0.48010027408599854,0.4473100006580353,0.32790273427963257,5.3504757907398836e-05
2032,0.4425261318683624,0.4118289649486542,0.30697160959243774,5.340545276441755e-05
2033,0.4514771103858948,0.4208119213581085,0.3066520392894745,5.3306206278285734e-05
2034,0.45417454838752747,0.42341285943984985,0.3076169788837433,5.320701857394268e-05
2035,0.491701602935791,0.4579101800918579,0.3379143178462982,5.3107889776253536e-05
2036,0.43997830152511597,0.4094327688217163,0.3054554760456085,5.3008820010009464e-05
2037,0.4907383620738983,0.4571710526943207,0.3356730043888092,5.290980939992713e-05
2038,0.4585740864276886,0.42726150155067444,0.31312572956085205,5.281085807064881e-05
2039,0.44322898983955383,0.4130328297615051,0.3019615113735199,5.27119661467422e-05
2040,0.4238620698451996,0.3946983516216278,0.2916373014450073,5.261313375270014e-05
2041,0.46262505650520325,0.43106359243392944,0.3156147003173828,5.251436101294056e-05
2042,0.4628983736038208,0.43126118183135986,0.3163720369338989,5.2415648051806275e-05
2043,0.45986324548721313,0.42848634719848633,0.31376904249191284,5.231699499356484e-05
2044,0.4455018639564514,0.41530081629753113,0.30201059579849243,5.221840196240848e-05
2045,0.46500152349472046,0.43295818567276,0.3204333186149597,5.211986908245374e-05
2046,0.43303871154785156,0.4031127095222473,0.29926010966300964,5.202139647774149e-05
2047,0.4533764123916626,0.42230483889579773,0.31071558594703674,5.192298427223676e-05
2048,0.4542374312877655,0.4231311082839966,0.3110632002353668,5.182463258982846e-05
2049,0.43842968344688416,0.4085100591182709,0.29919618368148804,5.172634155432943e-05
2050,0.45200562477111816,0.4207477569580078,0.31257864832878113,5.1628111289476035e-05
2051,0.44940659403800964,0.4184003174304962,0.31006288528442383,5.1529941918928204e-05
2052,0.44604066014289856,0.41569647192955017,0.3034418821334839,5.143183356626916e-05
2053,0.443828821182251,0.41355976462364197,0.302690714597702,5.133378635500543e-05
2054,0.45311954617500305,0.4223935902118683,0.30725961923599243,5.123580040856644e-05
2055,0.449033260345459,0.4183706045150757,0.30662664771080017,5.113787585030454e-05
2056,0.43326398730278015,0.40380752086639404,0.2945646345615387,5.1040012803494795e-05
2057,0.4493410289287567,0.41859784722328186,0.3074318766593933,5.0942211391334824e-05
2058,0.4689966142177582,0.43710118532180786,0.31895434856414795,5.084447173694469e-05
2059,0.46166637539863586,0.42999953031539917,0.31666848063468933,5.0746793963366744e-05
2060,0.4616268277168274,0.43022316694259644,0.31403669714927673,5.0649178193565314e-05
2061,0.45963138341903687,0.42793533205986023,0.31696057319641113,5.055162455042679e-05
2062,0.4367882013320923,0.4065479636192322,0.30240222811698914,5.045413315675924e-05
2063,0.4470728039741516,0.4161544442176819,0.3091835677623749,5.035670413529251e-05
2064,0.4672550559043884,0.4350363314151764,0.3221873939037323,5.025933760867781e-05
2065,0.4688296616077423,0.4366576075553894,0.32172060012817383,5.016203369948773e-05
2066,0.4523940682411194,0.4218096137046814,0.30584466457366943,5.006479253021597e-05
2067,0.4512777626514435,0.4202888011932373,0.309889554977417,4.996761422327737e-05
2068,0.4613136053085327,0.42958998680114746,0.31723618507385254,4.9870498901007524e-05
2069,0.4749044179916382,0.4419560730457306,0.3294834494590759,4.977344668566275e-05
2070,0.478075236082077,0.4451899528503418,0.3288528025150299,4.967645769942e-05
2071,0.47437721490859985,0.4415581524372101,0.32819077372550964,4.957953206437651e-05
2072,0.459207147359848,0.42783409357070923,0.3137305974960327,4.9482669902549894e-05
2073,0.48593172430992126,0.4523586928844452,0.3357301950454712,4.938587133587777e-05
2074,0.4839964210987091,0.4512261748313904,0.32770249247550964,4.92891364862177e-05
2075,0.45784929394721985,0.42621421813964844,0.31635087728500366,4.919246547534708e-05
2076,0.4416077733039856,0.4110987186431885,0.3050905168056488,4.909585842496287e-05
2077,0.4645949602127075,0.43193450570106506,0.32660457491874695,4.899931545668164e-05
2078,0.4766615629196167,0.4438673257827759,0.32794225215911865,4.890283669203915e-05
2079,0.4721020758152008,0.4398391842842102,0.32262900471687317,4.880642225249041e-05
2080,0.44834238290786743,0.4175226390361786,0.3081974387168884,4.87100722594094e-05
2081,0.4734945297241211,0.4408823549747467,0.32612189650535583,4.8613786834089024e-05
2082,0.4482128322124481,0.4172363877296448,0.3097643554210663,4.851756609774094e-05
2083,0.4468023180961609,0.4161853492259979,0.30616968870162964,4.842141017149526e-05
2084,0.4414333701133728,0.4111599624156952,0.3027340769767761,4.8325319176400576e-05
2085,0.44697079062461853,0.4165423512458801,0.30428436398506165,4.822929323342369e-05
2086,0.45457062125205994,0.4235597550868988,0.31010857224464417,4.81333324634496e-05
2087,0.479422003030777,0.44671860337257385,0.32703399658203125,4.8037436987281194e-05
2088,0.42983049154281616,0.40005314350128174,0.2977733612060547,4.794160692563917e-05
2089,0.4813166558742523,0.44827961921691895,0.3303704857826233,4.7845842399161874e-05
2090,0.44620198011398315,0.4152078926563263,0.3099408745765686,4.7750143528405126e-05
2091,0.4860134422779083,0.4527325928211212,0.3328084349632263,4.76545104338422e-05
2092,0.43805602192878723,0.40757137537002563,0.3048464059829712,4.755894323586342e-05
2093,0.4430851340293884,0.41250526905059814,0.3057985305786133,4.746344205477631e-05
2094,0.45973092317581177,0.4281077980995178,0.3162313997745514,4.736800701080515e-05
2095,0.47905316948890686,0.44641467928886414,0.3263848125934601,4.727263822409099e-05
2096,0.46649789810180664,0.4346061646938324,0.3189174234867096,4.717733581469157e-05
2097,0.4760361313819885,0.44359681010246277,0.3243931829929352,4.708209990258095e-05
2098,0.4615698456764221,0.42966389656066895,0.3190595805644989,4.6986930607649535e-05
2099,0.47917866706848145,0.4463306963443756,0.32847970724105835,4.68918280497038e-05
2100,0.4551597535610199,0.4238707721233368,0.3128897547721863,4.6796792348466356e-05
2101,0.4594254195690155,0.42758896946907043,0.31836459040641785,4.67018236235755e-05
2102,0.4599464237689972,0.42816248536109924,0.31783926486968994,4.6606921994585274e-05
2103,0.4535265266895294,0.42242440581321716,0.3110213279724121,4.651208758096521e-05
2104,0.4672727584838867,0.4349808394908905,0.32291924953460693,4.6417320502100316e-05
2105,0.45492637157440186,0.42383748292922974,0.31088903546333313,4.63226208772908e-05
2106,0.4439241886138916,0.4132331311702728,0.3069106638431549,4.62279888257519e-05
2107,0.4794293940067291,0.44636270403862,0.33066684007644653,4.613342446661383e-05
2108,0.46499621868133545,0.4332581162452698,0.3173811435699463,4.603892791892157e-05
2109,0.45103758573532104,0.4194014370441437,0.3163616359233856,4.594449930163471e-05
2110,0.43869397044181824,0.40868014097213745,0.3001382052898407,4.5850138733627434e-05
2111,0.46784570813179016,0.4353869557380676,0.32458749413490295,4.575584633368815e-05
2112,0.4562036991119385,0.42493048310279846,0.3127320110797882,4.566162222051946e-05
2113,0.44770312309265137,0.41703662276268005,0.30666500329971313,4.556746651273802e-05
2114,0.4501785337924957,0.41945207118988037,0.30726468563079834,4.547337932887443e-05
2115,0.4792039394378662,0.4460734724998474,0.3313046097755432,4.537936078737292e-05
2116,0.4871692359447479,0.4534153640270233,0.3375387489795685,4.52854110065914e-05
2117,0.41299957036972046,0.385176420211792,0.27823150157928467,4.519153010480118e-05
2118,0.4540184736251831,0.4227946698665619,0.312237948179245,4.5097718200186814e-05
2119,0.4549751281738281,0.42390865087509155,0.31066468358039856,4.50039754108461e-05
2120,0.4535147547721863,0.4224034547805786,0.3111131489276886,4.491030185478976e-05
2121,0.44429904222488403,0.41337162256240845,0.3092740476131439,4.481669764994134e-05
2122,0.4955253601074219,0.4614841938018799,0.34041163325309753,4.472316291413715e-05
2123,0.43458327651023865,0.4044468104839325,0.30136457085609436,4.4629697765125934e-05
2124,0.44795888662338257,0.4173409342765808,0.3061795234680176,4.453630232056901e-05
2125,0.45932331681251526,0.42785418033599854,0.31469133496284485,4.444297669803981e-05
2126,0.466220885515213,0.434661328792572,0.3155955970287323,4.434972101502385e-05
2127,0.45470696687698364,0.42382654547691345,0.30880430340766907,4.425653538891874e-05
2128,0.4709307551383972,0.438747763633728,0.3218299150466919,4.416341993703373e-05
2129,0.4639914333820343,0.43239516019821167,0.31596270203590393,4.407037477658992e-05
2130,0.4830440580844879,0.44998666644096375,0.3305739164352417,4.3977400024719725e-05
2131,0.45726466178894043,0.42554938793182373,0.3171526789665222,4.388449579846705e-05
2132,0.4586449861526489,0.42709672451019287,0.3154824674129486,4.379166221478697e-05
2133,0.4705432057380676,0.43856582045555115,0.31977400183677673,4.36988993905456e-05
2134,0.46191227436065674,0.43037158250808716,0.3154068887233734,4.36062074425201e-05
2135,0.46181678771972656,0.4298742115497589,0.3194257915019989,4.351358648739826e-05
2136,0.4619303345680237,0.43042609095573425,0.31504228711128235,4.3421036641778556e-05
2137,0.44507259130477905,0.41459766030311584,0.304749459028244,4.332855802217e-05
2138,0.43298283219337463,0.40335342288017273,0.29629412293434143,4.323615074499183e-05
2139,0.45295250415802,0.4222175180912018,0.30734995007514954,4.31438149265736e-05
2140,0.4470060467720032,0.41631484031677246,0.30691200494766235,4.305155068315481e-05
2141,0.46270039677619934,0.4309045076370239,0.3179589509963989,4.295935813088487e-05
2142,0.46178898215293884,0.4303196668624878,0.3146930932998657,4.2867237385822935e-05
2143,0.4478870630264282,0.41713887453079224,0.3074817359447479,4.2775188563937843e-05
2144,0.4621998071670532,0.43061521649360657,0.31584590673446655,4.268321178110779e-05
2145,0.46139755845069885,0.42993855476379395,0.3145899176597595,4.259130715312033e-05
2146,0.45188021659851074,0.42097190022468567,0.3090830147266388,4.249947479567218e-05
2147,0.44231730699539185,0.41183239221572876,0.3048490583896637,4.2407714824369024e-05
2148,0.45949238538742065,0.4281149208545685,0.3137745261192322,4.231602735472552e-05
2149,0.43962520360946655,0.40988534688949585,0.29739850759506226,4.222441250216502e-05
2150,0.44726139307022095,0.4164218306541443,0.3083956837654114,4.213287038201943e-05
2151,0.4226395785808563,0.39372318983078003,0.2891639769077301,4.20414011095291e-05
2152,0.46525534987449646,0.4333304464817047,0.31924906373023987,4.195000479984265e-05
2153,0.4367732107639313,0.40716680884361267,0.29606398940086365,4.185868156801694e-05
2154,0.4508700668811798,0.4202619194984436,0.3060815930366516,4.1767431529016766e-05
2155,0.4653661847114563,0.43323180079460144,0.32134392857551575,4.1676254797714766e-05
2156,0.48670119047164917,0.45317259430885315,0.3352859914302826,4.1585151488891305e-05
2157,0.4791746437549591,0.4456879794597626,0.33486661314964294,4.149412171723438e-05
2158,0.43187257647514343,0.4025576114654541,0.2931496798992157,4.140316559733935e-05
2159,0.4484688937664032,0.4178817868232727,0.30587098002433777,4.1312283243708836e-05
2160,0.4519556760787964,0.42080095410346985,0.31154724955558777,4.12214747707527e-05
2161,0.47269150614738464,0.4403715133666992,0.32319995760917664,4.113074029278765e-05
2162,0.4702453911304474,0.43779876828193665,0.3244662880897522,4.1040079924037386e-05
2163,0.4547061324119568,0.4233189523220062,0.3138717710971832,4.0949493778632244e-05
2164,0.462539941072464,0.43084201216697693,0.316979318857193,4.085898197060911e-05
2165,0.4488457143306732,0.4180953800678253,0.30750346183776855,4.0768544613911294e-05
2166,0.4645237922668457,0.4325109124183655,0.3201287090778351,4.067818182238838e-05
2167,0.43859511613845825,0.4082202613353729,0.3037484586238861,4.058789370979617e-05
2168,0.45211851596832275,0.42111995816230774,0.30998560786247253,4.049768038979631e-05
2169,0.4525645077228546,0.421421080827713,0.31143420934677124,4.04075419759564e-05
2170,0.4420088529586792,0.41203615069389343,0.29972702264785767,4.031747858174964e-05
2171,0.44750410318374634,0.41677749156951904,0.30726614594459534,4.0227490320554916e-05
2172,0.4655974507331848,0.43381550908088684,0.3178195059299469,4.0137577305656485e-05
2173,0.4402303695678711,0.4099440276622772,0.3028632700443268,4.004773965024383e-05
2174,0.46061891317367554,0.4286317229270935,0.31987184286117554,3.9957977467411615e-05
2175,0.49016356468200684,0.4567546844482422,0.3340889513492584,3.9868290870159405e-05
2176,0.4471646547317505,0.4168037474155426,0.30360913276672363,3.9778679971391785e-05
2177,0.4713137149810791,0.438963383436203,0.3235032558441162,3.96891448839179e-05
2178,0.4518832564353943,0.4208793342113495,0.31003931164741516,3.959968572045148e-05
2179,0.45731595158576965,0.4259851574897766,0.31330791115760803,3.951030259361072e-05
2180,0.44452786445617676,0.4137982130050659,0.30729666352272034,3.942099561591802e-05
2181,0.45038822293281555,0.4194890856742859,0.30899137258529663,3.933176489980005e-05
2182,0.4341115951538086,0.4039369523525238,0.3017464876174927,3.924261055758731e-05
2183,0.43971002101898193,0.4095545709133148,0.3015546202659607,3.915353270151433e-05
2184,0.4596751034259796,0.4278167486190796,0.3185836374759674,3.90645314437192e-05
2185,0.4339231252670288,0.4041811525821686,0.2974196970462799,3.897560689624362e-05
2186,0.44067877531051636,0.41017016768455505,0.30508601665496826,3.888675917103283e-05
2187,0.4632469415664673,0.43118777871131897,0.32059159874916077,3.879798837993521e-05
2188,0.42767319083213806,0.3978620171546936,0.29811185598373413,3.8709294634702376e-05
2189,0.4497055411338806,0.41901764273643494,0.30687910318374634,3.862067804698889e-05
2190,0.45056429505348206,0.41955476999282837,0.3100952208042145,3.853213872835228e-05
2191,0.43834078311920166,0.4083326458930969,0.3000815212726593,3.844367679025274e-05
2192,0.44908440113067627,0.41796642541885376,0.3111797273159027,3.8355292344053026e-05
2193,0.4692465662956238,0.43736565113067627,0.31880924105644226,3.826698550101836e-05
2194,0.46309518814086914,0.43132907152175903,0.31766125559806824,3.8178756372316294e-05
2195,0.4453383982181549,0.41489163041114807,0.30446770787239075,3.8090605069016595e-05
2196,0.459853857755661,0.4284360408782959,0.3141781985759735,3.800253170209094e-05
2197,0.41994360089302063,0.3912414610385895,0.28702130913734436,3.7914536382412956e-05
2198,0.49030834436416626,0.45692434906959534,0.333840012550354,3.782661922075803e-05
2199,0.45203328132629395,0.42130300402641296,0.30730289220809937,3.773878032780309e-05
2200,0.4389803111553192,0.40897679328918457,0.3000350892543793,3.7651019814126654e-05
2201,0.4512562155723572,0.4204917550086975,0.30764469504356384,3.7563337790208476e-05
2202,0.4656728208065033,0.43342527747154236,0.32247549295425415,3.747573436642951e-05
2203,0.4688127040863037,0.43690818548202515,0.3190452754497528,3.738820965307176e-05
2204,0.4666856825351715,0.434692919254303,0.3199276030063629,3.730076376031821e-05
2205,0.46959465742111206,0.43717071413993835,0.32423943281173706,3.721339679825252e-05
2206,0.4388633966445923,0.4082326889038086,0.3063071668148041,3.712610887685909e-05
2207,0.4698235094547272,0.4371657967567444,0.32657724618911743,3.703890010602274e-05
2208,0.46074795722961426,0.4291727542877197,0.31575191020965576,3.695177059552861e-05
2209,0.46484631299972534,0.43308937549591064,0.31756946444511414,3.686472045506223e-05
2210,0.4600486159324646,0.4280449151992798,0.3200370669364929,3.677774979420904e-05
2211,0.45486462116241455,0.42372429370880127,0.31140321493148804,3.66908587224545e-05
2212,0.44499072432518005,0.4144066572189331,0.3058406412601471,3.660404734918387e-05
2213,0.43203091621398926,0.40236228704452515,0.2966863811016083,3.6517315783682036e-05
2214,0.46155789494514465,0.4298314154148102,0.3172647953033447,3.643066413513354e-05
2215,0.48465782403945923,0.45193910598754883,0.327187180519104,3.634409251262217e-05
2216,0.44964662194252014,0.4190387427806854,0.3060787320137024,3.6257601025131026e-05
2217,0.4515000581741333,0.4204329550266266,0.31067103147506714,3.61711897815424e-05
2218,0.46103301644325256,0.42944082617759705,0.31592196226119995,3.608485889063744e-05
2219,0.45419543981552124,0.4230528175830841,0.3114262521266937,3.599860846109626e-05
2220,0.43420299887657166,0.40446415543556213,0.29738831520080566,3.591243860149759e-05
2221,0.44776400923728943,0.4172604978084564,0.3050350248813629,3.582634942031878e-05
2222,0.4579238295555115,0.42673927545547485,0.3118456304073334,3.574034102593557e-05
2223,0.4356628656387329,0.4060792326927185,0.29583626985549927,3.565441352662211e-05
2224,0.4370800852775574,0.40673089027404785,0.30349189043045044,3.556856703055058e-05
2225,0.44932323694229126,0.4188057780265808,0.3051745891571045,3.548280164579126e-05
2226,0.45063316822052,0.4196262061595917,0.31006956100463867,3.539711748031227e-05
2227,0.4504193663597107,0.42014890909194946,0.30270451307296753,3.531151464197957e-05
2228,0.46659141778945923,0.4343335032463074,0.32257917523384094,3.5225993238556644e-05
2229,0.46393510699272156,0.4319813549518585,0.31953752040863037,3.514055337770455e-05
2230,0.45496657490730286,0.423872172832489,0.310944139957428,3.5055195166981645e-05
2231,0.44452762603759766,0.4142373204231262,0.3029031753540039,3.496991871384346e-05
2232,0.4749707877635956,0.4422423243522644,0.32728466391563416,3.488472412564264e-05
2233,0.4607416093349457,0.4289407730102539,0.31800830364227295,3.479961150962884e-05
2234,0.46630045771598816,0.4339858889579773,0.3231455683708191,3.4714580972948406e-05
2235,0.47451937198638916,0.4413408637046814,0.3317849338054657,3.462963262264444e-05
2236,0.4254744052886963,0.39659225940704346,0.28882160782814026,3.4544766565656505e-05
2237,0.4449974596500397,0.41422027349472046,0.3077719509601593,3.445998290882062e-05
2238,0.4493463635444641,0.4187060296535492,0.3064033091068268,3.4375281758869114e-05
2239,0.4656621813774109,0.43342456221580505,0.32237619161605835,3.429066322243033e-05
2240,0.45681968331336975,0.4259754419326782,0.3084423243999481,3.420612740602875e-05
2241,0.46918004751205444,0.43715378642082214,0.3202625811100006,3.4121674416084584e-05
2242,0.4639623761177063,0.43233445286750793,0.3162793219089508,3.403730435891391e-05
2243,0.47804176807403564,0.4453284740447998,0.3271329700946808,3.39530173407283e-05
2244,0.4475864768028259,0.41655731201171875,0.31029170751571655,3.386881346763483e-05
2245,0.46198874711990356,0.4301714301109314,0.3181731104850769,3.378469284563589e-05
2246,0.44944676756858826,0.41882675886154175,0.30619996786117554,3.370065558062906e-05
2247,0.4561101198196411,0.42463168501853943,0.31478437781333923,3.3616701778407065e-05
2248,0.4355407655239105,0.4056258201599121,0.2991494834423065,3.353283154465746e-05
2249,0.45174065232276917,0.42064058780670166,0.3110007047653198,3.34490449849626e-05
2250,0.44940176606178284,0.41806334257125854,0.3133843243122101,3.336534220479961e-05
2251,0.45139724016189575,0.42063990235328674,0.30757343769073486,3.3281723309540025e-05
2252,0.45115265250205994,0.4198637008666992,0.31288942694664,3.319818840444987e-05
2253,0.46317219734191895,0.4316035211086273,0.3156866133213043,3.311473759468938e-05
2254,0.4470805823802948,0.4165966212749481,0.3048396408557892,3.3031370985312934e-05
2255,0.4551663398742676,0.42356789112091064,0.3159843981266022,3.294808868126894e-05
2256,0.47788023948669434,0.44509103894233704,0.327892005443573,3.28648907873996e-05
2257,0.4589940905570984,0.4273659586906433,0.3162812292575836,3.2781777408441e-05
2258,0.4623732268810272,0.4305376410484314,0.31835585832595825,3.269874864902269e-05
2259,0.4423534572124481,0.4115395247936249,0.3081394135951996,3.261580461366776e-05
2260,0.4551183879375458,0.4240594208240509,0.3105895519256592,3.253294540679257e-05
2261,0.4517666697502136,0.42062050104141235,0.3114617168903351,3.245017113270685e-05
2262,0.4471888542175293,0.41598013043403625,0.31208738684654236,3.236748189561324e-05
2263,0.4427854120731354,0.41281643509864807,0.29968973994255066,3.228487779960745e-05
2264,0.4180348515510559,0.389406681060791,0.2862815856933594,3.220235894867794e-05
2265,0.4713321328163147,0.43871966004371643,0.3261248469352722,3.211992544670581e-05
2266,0.45156240463256836,0.42065730690956116,0.30905085802078247,3.203757739746489e-05
2267,0.46706756949424744,0.43553978204727173,0.3152778148651123,3.195531490462128e-05
2268,0.46626800298690796,0.43386614322662354,0.32401853799819946,3.18731380717334e-05
2269,0.46059057116508484,0.4293643832206726,0.31226181983947754,3.1791047002251884e-05
2270,0.4626620411872864,0.43105942010879517,0.3160263001918793,3.1709041799519315e-05
2271,0.4370986819267273,0.4066353440284729,0.30463340878486633,3.162712256677032e-05
2272,0.4751157760620117,0.4423263370990753,0.32789433002471924,3.154528940713113e-05
2273,0.459116667509079,0.4274652600288391,0.31651410460472107,3.1463542423619794e-05
2274,0.4539944529533386,0.42335838079452515,0.30636066198349,3.1381881719145724e-05
2275,0.45506709814071655,0.424186646938324,0.308804452419281,3.130030739650983e-05
2276,0.4418603479862213,0.4115859270095825,0.3027442693710327,3.121881955840421e-05
2277,0.4455450773239136,0.4147656559944153,0.30779436230659485,3.1137418307412116e-05
2278,0.443829208612442,0.4132184088230133,0.3061080873012543,3.105610374600778e-05
2279,0.44849300384521484,0.4181009829044342,0.30392012000083923,3.0974875976556284e-05
2280,0.4444843530654907,0.41415974497795105,0.30324608087539673,3.089373510131355e-05
2281,0.4461301565170288,0.41557976603507996,0.3055040240287781,3.081268122242598e-05
2282,0.40868693590164185,0.3805483281612396,0.281386137008667,3.073171444193055e-05
2283,0.4749927520751953,0.4422493875026703,0.3274335563182831,3.065083486175451e-05
2284,0.46625369787216187,0.4338405430316925,0.32413148880004883,3.057004258371541e-05
2285,0.4487302005290985,0.4185154438018799,0.30214744806289673,3.0489337709520917e-05
2286,0.4700334668159485,0.4380929470062256,0.31940507888793945,3.0408720340768572e-05
2287,0.47281017899513245,0.4404228925704956,0.3238728940486908,3.0328190578945815e-05
2288,0.45393064618110657,0.4227293133735657,0.31201329827308655,3.0247748525429787e-05
2289,0.4667927324771881,0.4349960684776306,0.3179667294025421,3.0167394281487184e-05
2290,0.4566296339035034,0.4252353608608246,0.31394267082214355,3.008712794827426e-05
2291,0.4177798926830292,0.3892570734024048,0.28522825241088867,3.00069496268365e-05
2292,0.4639100432395935,0.4322337508201599,0.3167630136013031,2.9926859418108644e-05
2293,0.4276887774467468,0.39836055040359497,0.2932824194431305,2.9846857422914433e-05
2294,0.47789934277534485,0.4448738098144531,0.3302552402019501,2.97669437419667e-05
2295,0.4794447124004364,0.44692960381507874,0.32515111565589905,2.9687118475866947e-05
2296,0.47498080134391785,0.44241926074028015,0.3256153464317322,2.960738172510551e-05
2297,0.48032090067863464,0.4473491609096527,0.3297173082828522,2.952773359006119e-05
2298,0.4791297912597656,0.44633880257606506,0.3279098868370056,2.9448174171001254e-05
2299,0.4505511224269867,0.42004749178886414,0.30503642559051514,2.9368703568081356e-05
2300,0.46294406056404114,0.4313918948173523,0.31552159786224365,2.9289321881345254e-05
2301,0.45217373967170715,0.42116788029670715,0.3100585639476776,2.921002921072481e-05
2302,0.4545154571533203,0.42358657717704773,0.3092888295650482,2.913082565603982e-05
2303,0.44772836565971375,0.41709625720977783,0.3063211739063263,2.9051711316997864e-05
2304,0.48090416193008423,0.44821110367774963,0.32693058252334595,2.8972686293194308e-05
2305,0.44503238797187805,0.41455575823783875,0.30476638674736023,2.8893750684111975e-05
2306,0.4376205503940582,0.4074811637401581,0.3013937473297119,2.8814904589121137e-05
2307,0.4352804720401764,0.4053278863430023,0.2995259463787079,2.8736148107479478e-05
2308,0.4382935166358948,0.40812647342681885,0.30167055130004883,2.8657481338331715e-05
2309,0.45808935165405273,0.42672860622406006,0.31360742449760437,2.8578904380709793e-05
2310,0.45814329385757446,0.42682477831840515,0.31318503618240356,2.850041733353247e-05
2311,0.45873695611953735,0.4272991716861725,0.3143778145313263,2.842202029560538e-05
2312,0.44551458954811096,0.4145638346672058,0.3095075786113739,2.8343713365620772e-05
2313,0.46904152631759644,0.4365219175815582,0.32519611716270447,2.8265496642157597e-05
2314,0.45438361167907715,0.42336568236351013,0.3101791739463806,2.8187370223681132e-05
2315,0.46269193291664124,0.43114519119262695,0.31546750664711,2.8109334208542993e-05
2316,0.44936972856521606,0.41912615299224854,0.30243563652038574,2.803138869498102e-05
2317,0.4957066774368286,0.46145665645599365,0.34250012040138245,2.7953533781119055e-05
2318,0.4631379544734955,0.4312194287776947,0.31918519735336304,2.7875769564966968e-05
2319,0.4612502157688141,0.42955905199050903,0.3169117271900177,2.779809614442046e-05
2320,0.4477924704551697,0.4169478118419647,0.30844661593437195,2.7720513617260856e-05
2321,0.4525550603866577,0.4216059148311615,0.3094913065433502,2.764302208115509e-05
2322,0.4665948152542114,0.43475341796875,0.31841394305229187,2.7565621633655502e-05
2323,0.46454039216041565,0.43261346220970154,0.31926941871643066,2.74883123721999e-05
2324,0.4815421402454376,0.4487670660018921,0.3277507722377777,2.741109439411117e-05
2325,0.43507692217826843,0.4049162268638611,0.3016069829463959,2.7333967796597315e-05
2326,0.4733671545982361,0.4413342773914337,0.3203287422657013,2.7256932676751323e-05
2327,0.4378979206085205,0.40790119767189026,0.2999672293663025,2.7179989131550977e-05
2328,0.4437030255794525,0.4133095145225525,0.30393511056900024,2.7103137257858868e-05
2329,0.45294517278671265,0.42195603251457214,0.30989134311676025,2.7026377152422067e-05
2330,0.45730602741241455,0.42624717950820923,0.31058844923973083,2.694970891187224e-05
2331,0.45759904384613037,0.42615777254104614,0.3144126832485199,2.6873132632725297e-05
2332,0.4438045024871826,0.4129006564617157,0.3090384304523468,2.6796648411381485e-05
2333,0.4667800962924957,0.43491125106811523,0.3186884820461273,2.672025634412506e-05
2334,0.4598422348499298,0.4284293055534363,0.3141292333602905,2.6643956527124335e-05
2335,0.45984354615211487,0.4283299148082733,0.315136194229126,2.6567749056431467e-05
2336,0.4750515818595886,0.4424746334552765,0.3257695138454437,2.6491634027982325e-05
2337,0.44508495926856995,0.4146624505519867,0.3042251169681549,2.6415611537596496e-05
2338,0.4364166557788849,0.4068449139595032,0.29571741819381714,2.6339681680977013e-05
2339,0.4412817060947418,0.4110569953918457,0.302247017621994,2.6263844553710236e-05
2340,0.4540594518184662,0.4231460392475128,0.30913418531417847,2.6188100251265945e-05
2341,0.4545867443084717,0.42308303713798523,0.3150370717048645,2.6112448868996897e-05
2342,0.4927294850349426,0.4588516354560852,0.33877840638160706,2.6036890502139035e-05
2343,0.4816015064716339,0.4487937390804291,0.3280777931213379,2.5961425245811055e-05
2344,0.41549447178840637,0.3871939480304718,0.2830052971839905,2.5886053195014538e-05
2345,0.460567831993103,0.429237961769104,0.31329867243766785,2.5810774444633644e-05
2346,0.48436224460601807,0.45119965076446533,0.3316258490085602,2.573558908943523e-05
2347,0.4479956328868866,0.4172866940498352,0.30708926916122437,2.5660497224068415e-05
2348,0.4712146818637848,0.4387277364730835,0.32486945390701294,2.5585498943064724e-05
2349,0.4360910654067993,0.40632057189941406,0.2977050244808197,2.5510594340837824e-05
2350,0.4523516595363617,0.4218900799751282,0.30461588501930237,2.5435783511683443e-05
2351,0.47248879075050354,0.44053778052330017,0.31951022148132324,2.5361066549779356e-05
2352,0.4655751883983612,0.4333139955997467,0.32261189818382263,2.5286443549185036e-05
2353,0.43585824966430664,0.4061807692050934,0.2967747151851654,2.521191460384178e-05
2354,0.463096559047699,0.4312426745891571,0.31853869557380676,2.5137479807572427e-05
2355,0.4453622102737427,0.4150618016719818,0.30300402641296387,2.506313925408127e-05
2356,0.4543849527835846,0.42331382632255554,0.310711145401001,2.4988893036954053e-05
2357,0.45689845085144043,0.4248296916484833,0.32068750262260437,2.4914741249657658e-05
2358,0.45080268383026123,0.41956034302711487,0.31242331862449646,2.484068398554016e-05
2359,0.44731906056404114,0.41630861163139343,0.3101044297218323,2.47667213378306e-05
2360,0.46003055572509766,0.428408682346344,0.3162188231945038,2.4692853399638917e-05
2361,0.4451930522918701,0.4146702289581299,0.30522820353507996,2.4619080263955875e-05
2362,0.4616508185863495,0.4299304485321045,0.3172037601470947,2.4545402023652784e-05
2363,0.472871333360672,0.44056829810142517,0.3230303227901459,2.4471818771481648e-05
2364,0.43599218130111694,0.4064455032348633,0.295466810464859,2.4398330600074713e-05
2365,0.4642304480075836,0.4325144290924072,0.31716030836105347,2.4324937601944685e-05
2366,0.4368397295475006,0.40716731548309326,0.2967240512371063,2.4251639869484375e-05
2367,0.47256630659103394,0.44053128361701965,0.32035037875175476,2.4178437494966688e-05
2368,0.4561361074447632,0.4246234595775604,0.31512656807899475,2.410533057054446e-05
2369,0.47090309858322144,0.43864691257476807,0.32256191968917847,2.4032319188250374e-05
2370,0.48205694556236267,0.4488515257835388,0.3320542871952057,2.3959403439996907e-05
2371,0.44373515248298645,0.4134916365146637,0.3024352192878723,2.388658341757607e-05
2372,0.46131056547164917,0.42978477478027344,0.3152579665184021,2.381385921265936e-05
2373,0.4689311683177948,0.4372243285179138,0.31706827878952026,2.3741230916797675e-05
2374,0.459716796875,0.42830944061279297,0.31407368183135986,2.3668698621421216e-05
2375,0.4734368920326233,0.4409143924713135,0.325224906206131,2.3596262417839255e-05
2376,0.449023574590683,0.4180845320224762,0.30939048528671265,2.352392239724016e-05
2377,0.44207531213760376,0.41174229979515076,0.3033299744129181,2.345167865069119e-05
2378,0.4229011833667755,0.39371228218078613,0.29188892245292664,2.33795312691384e-05
2379,0.4399940073490143,0.40924495458602905,0.3074905574321747,2.330748034340651e-05
2380,0.44058138132095337,0.41015803813934326,0.3042334318161011,2.323552596419889e-05
2381,0.4550221264362335,0.4238981604576111,0.3112396001815796,2.3163668222097313e-05
2382,0.46251046657562256,0.43066298961639404,0.3184748888015747,2.309190720756189e-05
2383,0.4462037682533264,0.41573280096054077,0.3047098219394684,2.3020243010930975e-05
2384,0.4647938311100006,0.43273887038230896,0.3205496668815613,2.2948675722421086e-05
2385,0.4800214171409607,0.447101891040802,0.3291952610015869,2.2877205432126657e-05
2386,0.44762110710144043,0.41669005155563354,0.3093107044696808,2.280583223002012e-05
2387,0.4333643913269043,0.40378135442733765,0.2958303391933441,2.2734556205951596e-05
2388,0.4523819088935852,0.4209621548652649,0.3141976594924927,2.266337744964888e-05
2389,0.45246386528015137,0.421608567237854,0.30855312943458557,2.2592296050717388e-05
2390,0.4652416408061981,0.4332484304904938,0.3199319839477539,2.25213120986399e-05
2391,0.4588278830051422,0.4274442791938782,0.31383609771728516,2.2450425682776565e-05
2392,0.48025214672088623,0.44719693064689636,0.33055222034454346,2.237963689236472e-05
2393,0.43174195289611816,0.4020998775959015,0.2964206635951996,2.230894581651879e-05
2394,0.44330480694770813,0.4133095145225525,0.2999529242515564,2.2238352544230255e-05
2395,0.4568469524383545,0.4259929656982422,0.308540016412735,2.2167857164367422e-05
2396,0.47502467036247253,0.4422420263290405,0.3278264105319977,2.2097459765675342e-05
2397,0.45902135968208313,0.42731568217277527,0.31705689430236816,2.2027160436775794e-05
2398,0.45348989963531494,0.4224438965320587,0.3104601204395294,2.195695926616702e-05
2399,0.46280795335769653,0.43075186014175415,0.3205609619617462,2.188685634222376e-05
2400,0.47557079792022705,0.4425009489059448,0.3306986093521118,2.1816851753197032e-05
2401,0.43682149052619934,0.4070729911327362,0.29748496413230896,2.174694558721405e-05
2402,0.47369417548179626,0.4411746561527252,0.32519516348838806,2.1677137932278147e-05
2403,0.4744400084018707,0.44165587425231934,0.32784146070480347,2.1607428876268675e-05
2404,0.4485195279121399,0.4176929295063019,0.3082661032676697,2.153781850694082e-05
2405,0.44969478249549866,0.4186825752258301,0.31012198328971863,2.146830691192553e-05
2406,0.4695229232311249,0.43769872188568115,0.31824204325675964,2.1398894178729423e-05
2407,0.45359542965888977,0.42218759655952454,0.31407836079597473,2.1329580394734638e-05
2408,0.45022326707839966,0.41958239674568176,0.3064088523387909,2.1260365647198798e-05
2409,0.450748085975647,0.41991767287254333,0.3083040118217468,2.119125002325485e-05
2410,0.44062134623527527,0.41003793478012085,0.30583420395851135,2.11222336099109e-05
2411,0.4672323763370514,0.43528202176094055,0.319503515958786,2.1053316494050202e-05
2412,0.43514901399612427,0.4057124853134155,0.2943652272224426,2.098449876243096e-05
2413,0.4718596041202545,0.4395904839038849,0.3226911425590515,2.0915780501686355e-05
2414,0.43759071826934814,0.407328337430954,0.3026239275932312,2.0847161798324266e-05
2415,0.4734900891780853,0.4413266181945801,0.32163476943969727,2.0778642738727272e-05
2416,0.4800412952899933,0.4472281336784363,0.32813170552253723,2.0710223409152475e-05
2417,0.49321672320365906,0.45912131667137146,0.34095409512519836,2.064190389573153e-05
2418,0.44444331526756287,0.4143053889274597,0.30137917399406433,2.057368428447032e-05
2419,0.43403664231300354,0.40408387780189514,0.2995276153087616,2.0505564661249e-05
2420,0.44294309616088867,0.4122619330883026,0.306811660528183,2.043754511182191e-05
2421,0.4697393476963043,0.4373798966407776,0.32359448075294495,2.036962572181731e-05
2422,0.443126916885376,0.41286373138427734,0.3026319742202759,2.0301806576737482e-05
2423,0.4223059117794037,0.3928477466106415,0.2945815622806549,2.023408776195842e-05
2424,0.4734770953655243,0.44074997305870056,0.3272712528705597,2.016646936272987e-05
2425,0.4485836923122406,0.41819581389427185,0.30387887358665466,2.009895146417512e-05
2426,0.437759131193161,0.4078492522239685,0.2990987002849579,2.0031534151290953e-05
2427,0.4606349468231201,0.4288848042488098,0.3175014853477478,1.996421750894758e-05
2428,0.4818309545516968,0.4494417607784271,0.32389184832572937,1.9897001621888434e-05
2429,0.4550739824771881,0.4235435128211975,0.31530481576919556,1.9829886574730093e-05
2430,0.4720270037651062,0.440021812915802,0.32005205750465393,1.9762872451962212e-05
2431,0.4659915268421173,0.43378353118896484,0.3220798671245575,1.969595933794739e-05
2432,0.43911871314048767,0.4090020954608917,0.3011660873889923,1.9629147316921125e-05
2433,0.4471227824687958,0.41660597920417786,0.30516812205314636,1.9562436472991552e-05
2434,0.43641406297683716,0.40644845366477966,0.29965609312057495,1.9495826890139503e-05
2435,0.4719648063182831,0.43996670842170715,0.3199809193611145,1.9429318652218276e-05
2436,0.4420831799507141,0.4117218255996704,0.30361366271972656,1.9362911842953678e-05
2437,0.47686874866485596,0.44392284750938416,0.32945913076400757,1.9296606545943774e-05
2438,0.47204020619392395,0.4398631751537323,0.3217703104019165,1.9230402844658812e-05
2439,0.47263476252555847,0.44024893641471863,0.32385823130607605,1.9164300822441194e-05
2440,0.44915610551834106,0.4178239703178406,0.31332120299339294,1.9098300562505266e-05
2441,0.4754491150379181,0.4431760013103485,0.3227311372756958,1.9032402147937357e-05
2442,0.4527277946472168,0.4217735230922699,0.3095426559448242,1.896660566169548e-05
2443,0.471571683883667,0.4394085109233856,0.3216317594051361,1.8900911186609426e-05
2444,0.4683043956756592,0.4360602796077728,0.3224411904811859,1.8835318805380507e-05
2445,0.45437631011009216,0.4230474531650543,0.3132885992527008,1.8769828600581496e-05
2446,0.4473804533481598,0.4170074462890625,0.30373018980026245,1.870444065465662e-05
2447,0.45967811346054077,0.4282607138156891,0.3141739070415497,1.863915504992131e-05
2448,0.4504474401473999,0.4196665585041046,0.30780887603759766,1.8573971868562156e-05
2449,0.4434833228588104,0.41311946511268616,0.3036384582519531,1.8508891192636824e-05
2450,0.48045411705970764,0.44778552651405334,0.3266860246658325,1.8443913104073983e-05
2451,0.44331586360931396,0.41341590881347656,0.2989996075630188,1.8379037684673105e-05
2452,0.4552859961986542,0.42416539788246155,0.3112058639526367,1.8314265016104417e-05
2453,0.46210336685180664,0.4301750063896179,0.319283664226532,1.8249595179908773e-05
2454,0.46976831555366516,0.43734031915664673,0.3242799937725067,1.818502825749764e-05
2455,0.446981817483902,0.4161480665206909,0.3083374500274658,1.8120564330152923e-05
2456,0.47380590438842773,0.440662682056427,0.3314322829246521,1.805620347902681e-05
2457,0.4493826925754547,0.41875115036964417,0.3063153326511383,1.799194578514176e-05
2458,0.45094794034957886,0.42041337490081787,0.3053456246852875,1.7927791329390375e-05
2459,0.44805124402046204,0.4166305661201477,0.3142068684101105,1.786374019253526e-05
2460,0.46850326657295227,0.43663865327835083,0.31864607334136963,1.7799792455209018e-05
2461,0.42825233936309814,0.39920303225517273,0.2904931604862213,1.773594819791403e-05
2462,0.4432295858860016,0.4130685031414032,0.3016108274459839,1.767220750102243e-05
2463,0.4661671817302704,0.43424665927886963,0.31920531392097473,1.760857044477596e-05
2464,0.5026965141296387,0.4679625928401947,0.34733930230140686,1.7545037109285946e-05
2465,0.44728824496269226,0.4167427122592926,0.3054552376270294,1.7481607574533044e-05
2466,0.43630361557006836,0.4065793752670288,0.29724228382110596,1.7418281920367373e-05
2467,0.5000826716423035,0.4657610058784485,0.3432166278362274,1.735506022650817e-05
2468,0.4490307867527008,0.41794973611831665,0.310810387134552,1.7291942572543807e-05
2469,0.45192021131515503,0.42113280296325684,0.30787399411201477,1.722892903793176e-05
2470,0.4672043025493622,0.4352508783340454,0.3195343017578125,1.716601970199836e-05
2471,0.4694591164588928,0.43733489513397217,0.3212422728538513,1.710321464393877e-05
2472,0.44839930534362793,0.4177381694316864,0.3066115081310272,1.7040513942816906e-05
2473,0.44240257143974304,0.411723256111145,0.30679309368133545,1.697791767756527e-05
2474,0.4782441258430481,0.4454275071620941,0.328166127204895,1.6915425926984986e-05
2475,0.47738656401634216,0.44478046894073486,0.32606104016304016,1.6853038769745467e-05
2476,0.440011203289032,0.41013941168785095,0.2987179458141327,1.6790756284384612e-05
2477,0.44762295484542847,0.4168691039085388,0.30753839015960693,1.6728578549308416e-05
2478,0.46035438776016235,0.4288111627101898,0.31543225049972534,1.666650564279105e-05
2479,0.47624674439430237,0.4435540437698364,0.326927125453949,1.6604537642974793e-05
2480,0.44290775060653687,0.41254425048828125,0.303634911775589,1.6542674627869747e-05
2481,0.46697884798049927,0.4348159432411194,0.32162901759147644,1.6480916675353898e-05
2482,0.4856361746788025,0.4518532156944275,0.33782958984375,1.6419263863172997e-05
2483,0.43933597207069397,0.409279465675354,0.30056506395339966,1.6357716268940372e-05
2484,0.469186395406723,0.4364017844200134,0.32784605026245117,1.6296273970136977e-05
2485,0.4698824882507324,0.43756499886512756,0.3231750428676605,1.6234937044111152e-05
2486,0.4344347417354584,0.4047534763813019,0.2968127131462097,1.6173705568078578e-05
2487,0.43207430839538574,0.4027230143547058,0.2935129404067993,1.611257961912227e-05
2488,0.46262258291244507,0.4306143820285797,0.3200818598270416,1.6051559274192275e-05
2489,0.46229448914527893,0.43089547753334045,0.31399011611938477,1.599064461010581e-05
2490,0.4751358926296234,0.44262266159057617,0.3251323699951172,1.5929835703546993e-05
2491,0.4814263582229614,0.44829949736595154,0.3312684893608093,1.5869132631066808e-05
2492,0.459771990776062,0.42842385172843933,0.3134813606739044,1.5808535469082996e-05
2493,0.4480903744697571,0.41742172837257385,0.30668652057647705,1.574804429388004e-05
2494,0.454444020986557,0.423356831073761,0.31087198853492737,1.5687659181608916e-05
2495,0.46532970666885376,0.43359923362731934,0.31730467081069946,1.5627380208287114e-05
2496,0.4469880759716034,0.41590985655784607,0.31078219413757324,1.5567207449798515e-05
2497,0.4487329125404358,0.4181228280067444,0.30610090494155884,1.5507140981893253e-05
2498,0.4621787667274475,0.4306558668613434,0.3152289390563965,1.5447180880187706e-05
2499,0.45686185359954834,0.4256965219974518,0.31165337562561035,1.538732722016434e-05
2500,0.4505918622016907,0.41953301429748535,0.3105885088443756,1.5327580077171587e-05
2501,0.4644038677215576,0.43191155791282654,0.32492294907569885,1.5267939526423824e-05
2502,0.4658137559890747,0.4337072968482971,0.3210645914077759,1.520840564300119e-05
2503,0.4567519724369049,0.42539793252944946,0.31354039907455444,1.5148978501849642e-05
2504,0.4595440626144409,0.4275784492492676,0.3196560740470886,1.5089658177780653e-05
2505,0.4386255145072937,0.4085993468761444,0.300261527299881,1.5030444745471294e-05
2506,0.4422004222869873,0.41198137402534485,0.30219051241874695,1.4971338279464009e-05
2507,0.4369434714317322,0.40669679641723633,0.3024666905403137,1.4912338854166696e-05
2508,0.4797077775001526,0.446722149848938,0.32985636591911316,1.485344654385239e-05
2509,0.4628249406814575,0.4311177134513855,0.31707239151000977,1.4794661422659306e-05
2510,0.46439504623413086,0.43247777223587036,0.3191726505756378,1.4735983564590783e-05
2511,0.4438115954399109,0.41356614232063293,0.3024544417858124,1.4677413043515042e-05
2512,0.4549241065979004,0.42377781867980957,0.311462938785553,1.4618949933165272e-05
2513,0.47801655530929565,0.445100873708725,0.32915687561035156,1.4560594307139364e-05
2514,0.46512866020202637,0.43350672721862793,0.3162193298339844,1.4502346238899945e-05
2515,0.47510287165641785,0.44216665625572205,0.32936224341392517,1.4444205801774202e-05
2516,0.4500373601913452,0.41880232095718384,0.3123503625392914,1.4386173068953846e-05
2517,0.46429216861724854,0.43268492817878723,0.3160724937915802,1.4328248113495047e-05
2518,0.4606781303882599,0.4291212856769562,0.3155685365200043,1.427043100831823e-05
2519,0.4630983769893646,0.431380033493042,0.31718334555625916,1.4212721826208086e-05
2520,0.4383902847766876,0.4084183871746063,0.29971903562545776,1.415512063981339e-05
2521,0.4717019498348236,0.4393071234226227,0.32394829392433167,1.4097627521647061e-05
2522,0.45787110924720764,0.4262254238128662,0.31645676493644714,1.4040242544085913e-05
2523,0.4572898745536804,0.4261833429336548,0.31106534600257874,1.3982965779370626e-05
2524,0.4568410813808441,0.4254438877105713,0.3139718472957611,1.3925797299605647e-05
2525,0.4786945879459381,0.4453764855861664,0.3331809937953949,1.3868737176759094e-05
2526,0.4456566274166107,0.4152047336101532,0.30451884865760803,1.3811785482662764e-05
2527,0.46094533801078796,0.4294643700122833,0.31480973958969116,1.375494228901184e-05
2528,0.4445810914039612,0.4143216013908386,0.30259475111961365,1.3698207667364982e-05
2529,0.49143120646476746,0.4570125937461853,0.344186007976532,1.3641581689144156e-05
2530,0.43686172366142273,0.4070581793785095,0.29803553223609924,1.3585064425634542e-05
2531,0.43964317440986633,0.4098356068134308,0.29807567596435547,1.3528655947984504e-05
2532,0.46513447165489197,0.43296393752098083,0.32170528173446655,1.3472356327205405e-05
2533,0.4509279727935791,0.4200150668621063,0.3091292083263397,1.341616563417163e-05
2534,0.4588848650455475,0.42759644985198975,0.31288403272628784,1.3360083939620394e-05
2535,0.47212791442871094,0.43930745124816895,0.3282046616077423,1.330411131415169e-05
2536,0.4656052589416504,0.43412673473358154,0.31478533148765564,1.3248247828228245e-05
2537,0.4769670367240906,0.4445350766181946,0.324319452047348,1.3192493552175366e-05
2538,0.46767130494117737,0.43532636761665344,0.3234494626522064,1.3136848556180892e-05
2539,0.42923811078071594,0.39987123012542725,0.2936686873435974,1.308131291029504e-05
2540,0.4619661271572113,0.4302169382572174,0.3174918591976166,1.3025886684430467e-05
2541,0.47376295924186707,0.44117873907089233,0.32584208250045776,1.2970569948361999e-05
2542,0.45695656538009644,0.42593130469322205,0.31025275588035583,1.291536277172667e-05
2543,0.4332205355167389,0.4038263261318207,0.2939421236515045,1.2860265224023549e-05
2544,0.4522196650505066,0.4211033880710602,0.3111628592014313,1.2805277374613744e-05
2545,0.47480660676956177,0.44211822748184204,0.3268836736679077,1.2750399292720283e-05
2546,0.46084362268447876,0.42885535955429077,0.3198825418949127,1.2695631047427937e-05
2547,0.43492984771728516,0.4048643112182617,0.3006552755832672,1.2640972707683252e-05
2548,0.4795270264148712,0.446534126996994,0.3299291133880615,1.2586424342294412e-05
2549,0.45579636096954346,0.42458704113960266,0.3120931088924408,1.2531986019931119e-05
2550,0.45678651332855225,0.4254463315010071,0.3134017884731293,1.2477657809124631e-05
2551,0.48645931482315063,0.45312267541885376,0.33336642384529114,1.242343977826752e-05
2552,0.43414270877838135,0.404573917388916,0.29568788409233093,1.2369331995613653e-05
2553,0.4534655213356018,0.42226120829582214,0.31204313039779663,1.2315334529278132e-05
2554,0.46320241689682007,0.43143022060394287,0.31772205233573914,1.2261447447237195e-05
2555,0.44168320298194885,0.4108545780181885,0.30828627943992615,1.2207670817328066e-05
2556,0.4785972237586975,0.4463745653629303,0.32222673296928406,1.2154004707249011e-05
2557,0.43415364623069763,0.40443673729896545,0.29716911911964417,1.2100449184559093e-05
2558,0.4478486478328705,0.41715988516807556,0.3068876564502716,1.2047004316678156e-05
2559,0.4310563802719116,0.4017210006713867,0.29335373640060425,1.1993670170886806e-05
2560,0.48127883672714233,0.44833314418792725,0.32945704460144043,1.19404468143262e-05
2561,0.44021403789520264,0.4098954498767853,0.3031858503818512,1.1887334313998066e-05
2562,0.4384976625442505,0.4086574912071228,0.2984018623828888,1.1834332736764554e-05
2563,0.44574132561683655,0.41485676169395447,0.3088456988334656,1.1781442149348155e-05
2564,0.43987491726875305,0.40993258357048035,0.2994233965873718,1.1728662618331698e-05
2565,0.4808158278465271,0.44731366634368896,0.3350215554237366,1.1675994210158181e-05
2566,0.4621513783931732,0.4305172562599182,0.3163413405418396,1.1623436991130654e-05
2567,0.46082693338394165,0.42933645844459534,0.3149047791957855,1.1570991027412304e-05
2568,0.41400986909866333,0.3851449191570282,0.28864964842796326,1.151865638502615e-05
2569,0.4570032060146332,0.4251421391963959,0.31861069798469543,1.1466433129855158e-05
2570,0.43879982829093933,0.4089238941669464,0.2987593114376068,1.141432132764202e-05
2571,0.4659975469112396,0.43437573313713074,0.3162181079387665,1.1362321043989132e-05
2572,0.43379509449005127,0.403754860162735,0.3004022240638733,1.1310432344358502e-05
2573,0.47025197744369507,0.43801528215408325,0.3223668932914734,1.1258655294071685e-05
2574,0.47086483240127563,0.438238263130188,0.32626575231552124,1.1206989958309656e-05
2575,0.47425544261932373,0.4419589638710022,0.32296493649482727,1.1155436402112785e-05
2576,0.46252161264419556,0.43049564957618713,0.32025954127311707,1.1103994690380681e-05
2577,0.47174009680747986,0.4392891228199005,0.32450976967811584,1.105266488787221e-05
2578,0.420281320810318,0.3914737105369568,0.28807613253593445,1.1001447059205305e-05
2579,0.4405791163444519,0.4102100729942322,0.3036905527114868,1.0950341268857e-05
2580,0.47016775608062744,0.43814951181411743,0.32018235325813293,1.0899347581163221e-05
2581,0.4423336386680603,0.411834180355072,0.3049946129322052,1.0848466060318807e-05
2582,0.48022571206092834,0.4471745789051056,0.330511212348938,1.0797696770377352e-05
2583,0.4717215895652771,0.43960443139076233,0.32117152214050293,1.0747039775251266e-05
2584,0.46105119585990906,0.42908382415771484,0.3196737766265869,1.069649513871147e-05
2585,0.47183987498283386,0.43941569328308105,0.32424187660217285,1.0646062924387512e-05
2586,0.4552960991859436,0.4233452379703522,0.3195086419582367,1.0595743195767393e-05
2587,0.42720460891723633,0.39776015281677246,0.2944445312023163,1.0545536016197499e-05
2588,0.4553649425506592,0.4238917827606201,0.3147316575050354,1.0495441448882571e-05
2589,0.47959771752357483,0.4468076527118683,0.327900767326355,1.0445459556885517e-05
2590,0.4543064534664154,0.4229365885257721,0.3136986196041107,1.0395590403127486e-05
2591,0.46247801184654236,0.4305557310581207,0.3192227780818939,1.0345834050387627e-05
2592,0.46407532691955566,0.43233412504196167,0.3174121081829071,1.0296190561303132e-05
2593,0.4463983476161957,0.4158356785774231,0.3056265711784363,1.024665999836909e-05
2594,0.4484323561191559,0.41790175437927246,0.305306077003479,1.0197242423938446e-05
2595,0.4778790771961212,0.4454360604286194,0.3244301378726959,1.0147937900221883e-05
2596,0.46686166524887085,0.4349488317966461,0.31912845373153687,1.0098746489287758e-05
2597,0.48001229763031006,0.4469412565231323,0.33071041107177734,1.0049668253062105e-05
2598,0.4673541784286499,0.4353652596473694,0.31988924741744995,1.0000703253328414e-05
2599,0.46448859572410583,0.4328058958053589,0.3168269395828247,9.95185155172762e-06
2600,0.4622938632965088,0.43031591176986694,0.3197794258594513,9.903113209758096e-06
2601,0.4421493709087372,0.41166120767593384,0.30488157272338867,9.854488288775422e-06
2602,0.43625348806381226,0.4067336618900299,0.29519811272621155,9.805976849992494e-06
2603,0.4425487518310547,0.41245201230049133,0.3009675443172455,9.757578954479262e-06
2604,0.4586871266365051,0.4274640679359436,0.3122307360172272,9.709294663162771e-06
2605,0.46663835644721985,0.4345262944698334,0.3211206793785095,9.661124036827063e-06
2606,0.45747146010398865,0.42649680376052856,0.309746652841568,9.61306713611304e-06
2607,0.46574386954307556,0.4337148666381836,0.32029014825820923,9.565124021518545e-06
2608,0.4557502269744873,0.42450404167175293,0.3124617338180542,9.517294753398064e-06
2609,0.46573176980018616,0.4339372217655182,0.31794559955596924,9.469579391962813e-06
2610,0.4467812180519104,0.41617944836616516,0.30601754784584045,9.421977997280596e-06
2611,0.43867748975753784,0.4088606536388397,0.2981683015823364,9.3744906292758e-06
2612,0.4725017547607422,0.4401112496852875,0.32390499114990234,9.327117347729197e-06
2613,0.44230395555496216,0.41206640005111694,0.3023757040500641,9.27985821227798e-06
2614,0.4395550489425659,0.40951791405677795,0.30037128925323486,9.23271328241564e-06
2615,0.44952231645584106,0.41906124353408813,0.30461058020591736,9.185682617491863e-06
2616,0.44405412673950195,0.4136970341205597,0.3035708963871002,9.138766276712552e-06
2617,0.4612176716327667,0.42963021993637085,0.3158743977546692,9.091964319139645e-06
2618,0.45236340165138245,0.4212499260902405,0.31113481521606445,9.045276803691094e-06
2619,0.4883463978767395,0.45445218682289124,0.33894219994544983,8.998703789140772e-06
2620,0.44447198510169983,0.41413000226020813,0.30341988801956177,8.952245334118414e-06
2621,0.47226688265800476,0.4400576949119568,0.3220919966697693,8.905901497109581e-06
2622,0.46133869886398315,0.42971768975257874,0.316210001707077,8.85967233645547e-06
2623,0.4578344523906708,0.4265211522579193,0.3131331205368042,8.813557910352999e-06
2624,0.45866966247558594,0.4275433123111725,0.3112635612487793,8.76755827685456e-06
2625,0.4608384668827057,0.4288683831691742,0.31970083713531494,8.72167349386811e-06
2626,0.4656064510345459,0.4338294267654419,0.3177703022956848,8.675903619156977e-06
2627,0.4455125629901886,0.4149952530860901,0.3051731288433075,8.63024871033985e-06
2628,0.4922100901603699,0.45834881067276,0.338612824678421,8.584708824890697e-06
2629,0.45683738589286804,0.4255540370941162,0.3128335773944855,8.539284020138638e-06
2630,0.4407025873661041,0.4105077087879181,0.30194878578186035,8.493974353268019e-06
2631,0.46422886848449707,0.43238264322280884,0.3184623122215271,8.448779881318148e-06
2632,0.440348744392395,0.4106035530567169,0.2974519729614258,8.403700661183355e-06
2633,0.46073654294013977,0.4291798770427704,0.31556668877601624,8.358736749612873e-06
2634,0.46079838275909424,0.4289829432964325,0.3181542456150055,8.313888203210774e-06
2635,0.45126718282699585,0.42049816250801086,0.30769026279449463,8.269155078435931e-06
2636,0.44382184743881226,0.41361674666404724,0.3020511567592621,8.224537431601886e-06
2637,0.46476688981056213,0.43288180232048035,0.3188508450984955,8.1800353188768e-06
2638,0.4459366202354431,0.4156162142753601,0.30320414900779724,8.135648796283402e-06
2639,0.470072865486145,0.43773871660232544,0.32334133982658386,8.091377919698895e-06
2640,0.4466577470302582,0.4160303771495819,0.30627378821372986,8.047222744854943e-06
2641,0.4493744969367981,0.4186657965183258,0.30708712339401245,8.003183327337504e-06
2642,0.4395209848880768,0.4094583988189697,0.30062583088874817,7.95925972258683e-06
2643,0.4709715247154236,0.4386550784111023,0.3231644630432129,7.915451985897382e-06
2644,0.4727385342121124,0.4401860237121582,0.3255250155925751,7.871760172417763e-06
2645,0.4522381126880646,0.421109139919281,0.3112897574901581,7.828184337150613e-06
2646,0.4555828273296356,0.42438554763793945,0.31197288632392883,7.784724534952625e-06
2647,0.4687505066394806,0.43599557876586914,0.32754915952682495,7.74138082053436e-06
2648,0.4593939781188965,0.4278627932071686,0.31531190872192383,7.698153248460271e-06
2649,0.46196699142456055,0.429814875125885,0.32152125239372253,7.655041873148605e-06
2650,0.42999300360679626,0.39995408058166504,0.3003891408443451,7.612046748871327e-06
2651,0.49751049280166626,0.46315881609916687,0.34351691603660583,7.56916792975404e-06
2652,0.45224255323410034,0.42122548818588257,0.31017062067985535,7.526405469775955e-06
2653,0.43671298027038574,0.40656784176826477,0.30145135521888733,7.483759422769765e-06
2654,0.44413068890571594,0.41369637846946716,0.3043431043624878,7.441229842421671e-06
2655,0.47042137384414673,0.438128262758255,0.322931170463562,7.398816782271223e-06
2656,0.45580217242240906,0.42478108406066895,0.3102109730243683,7.3565202957112555e-06
2657,0.46966612339019775,0.4370706081390381,0.3259551525115967,7.314340435987921e-06
2658,0.4419602155685425,0.41133826971054077,0.30621933937072754,7.272277256200499e-06
2659,0.44632744789123535,0.41595813632011414,0.3036929965019226,7.230330809301411e-06
2660,0.486319899559021,0.45296210050582886,0.33357805013656616,7.1885011480961164e-06
2661,0.46715253591537476,0.43466922640800476,0.3248331844806671,7.1467883252430364e-06
2662,0.47357890009880066,0.4410962462425232,0.32482659816741943,7.105192393253524e-06
2663,0.4498690068721771,0.4187825620174408,0.3108643591403961,7.063713404491812e-06
2664,0.42737114429473877,0.3985116183757782,0.28859519958496094,7.022351411174866e-06
2665,0.4447668790817261,0.41437289118766785,0.3039397597312927,6.981106465372389e-06
2666,0.43869295716285706,0.40837588906288147,0.3031705915927887,6.939978619006737e-06
2667,0.4408685564994812,0.4108603298664093,0.30008235573768616,6.8989679238528395e-06
2668,0.4491255283355713,0.41865673661231995,0.304688036441803,6.858074431538164e-06
2669,0.46563318371772766,0.43365806341171265,0.3197512924671173,6.817298193542643e-06
2670,0.43375852704048157,0.4038544297218323,0.29904085397720337,6.776639261198581e-06
2671,0.45217692852020264,0.42161452770233154,0.3056238889694214,6.736097685690601e-06
2672,0.4608359932899475,0.4289993345737457,0.3183666169643402,6.695673518055579e-06
2673,0.47913771867752075,0.44624125957489014,0.3289644420146942,6.655366809182662e-06
2674,0.4354932904243469,0.40565675497055054,0.2983655035495758,6.615177609813039e-06
2675,0.4188297688961029,0.3898649513721466,0.289648175239563,6.5751059705400295e-06
2676,0.44466763734817505,0.4142284393310547,0.3043919801712036,6.5351519418089145e-06
2677,0.4694930911064148,0.43716853857040405,0.3232453763484955,6.4953155739169495e-06
2678,0.44436731934547424,0.41409677267074585,0.3027055859565735,6.455596917013273e-06
2679,0.4794931709766388,0.44675618410110474,0.3273698389530182,6.415996021098813e-06
2680,0.4369702935218811,0.4073142111301422,0.29656076431274414,6.37651293602628e-06
2681,0.4654916524887085,0.43292686343193054,0.32564789056777954,6.3371477115000466e-06
2682,0.45591387152671814,0.424974262714386,0.3093961179256439,6.29790039707614e-06
2683,0.4379956126213074,0.4076526463031769,0.3034296929836273,6.258771042162137e-06
2684,0.4646378457546234,0.43326929211616516,0.31368541717529297,6.219759696017113e-06
2685,0.46172818541526794,0.42984506487846375,0.3188311755657196,6.180866407751595e-06
2686,0.4484724700450897,0.41802623867988586,0.3044623136520386,6.142091226327484e-06
2687,0.4648584723472595,0.43310487270355225,0.3175361156463623,6.103434200558011e-06
2688,0.4656337797641754,0.43324387073516846,0.32389897108078003,6.06489537910766e-06
2689,0.45155081152915955,0.4204622805118561,0.31088533997535706,6.0264748104920776e-06
2690,0.4646656811237335,0.4329492151737213,0.3171647787094116,5.988172543078097e-06
2691,0.4501452147960663,0.4192919135093689,0.3085331320762634,5.9499886250835805e-06
2692,0.4608552157878876,0.4291574954986572,0.3169770836830139,5.911923104577455e-06
2693,0.4939417839050293,0.4599462151527405,0.33995580673217773,5.8739760294795335e-06
2694,0.4535506069660187,0.4226350784301758,0.3091551661491394,5.8361474475605695e-06
2695,0.4699734151363373,0.4375818967819214,0.32391515374183655,5.7984374064421035e-06
2696,0.4474610984325409,0.41686397790908813,0.3059711456298828,5.760845953596527e-06
2697,0.4189382493495941,0.39025720953941345,0.2868102788925171,5.723373136346854e-06
2698,0.45527610182762146,0.42389389872550964,0.31382209062576294,5.6860190018667934e-06
2699,0.4636862277984619,0.43182235956192017,0.31863871216773987,5.6487835971806515e-06
2700,0.45087236166000366,0.41990625858306885,0.3096611499786377,5.611666969163243e-06
2701,0.4475201964378357,0.4170341193675995,0.30486080050468445,5.574669164539903e-06
2702,0.4928542673587799,0.4590388834476471,0.3381538987159729,5.537790229886319e-06
2703,0.4446762502193451,0.41430801153182983,0.3036823570728302,5.501030211628599e-06
2704,0.46943461894989014,0.4371855556964874,0.3224905729293823,5.464389156043115e-06
2705,0.4476799964904785,0.41700854897499084,0.3067145347595215,5.427867109256457e-06
2706,0.43610572814941406,0.4060913920402527,0.30014336109161377,5.39146411724547e-06
2707,0.44852110743522644,0.41772139072418213,0.30799710750579834,5.355180225837053e-06
2708,0.4657730162143707,0.4334510862827301,0.3232191801071167,5.3190154807082005e-06
2709,0.44840356707572937,0.4173886477947235,0.31014928221702576,5.282969927385906e-06
2710,0.48328495025634766,0.4494153559207916,0.3386959433555603,5.247043611247127e-06
2711,0.4585041403770447,0.42711949348449707,0.3138464391231537,5.211236577518719e-06
2712,0.438152939081192,0.4082150459289551,0.299378901720047,5.175548871277358e-06
2713,0.44590649008750916,0.41546279191970825,0.3044370710849762,5.13998053744954e-06
2714,0.4683827757835388,0.43628615140914917,0.3209661841392517,5.104531620811414e-06
2715,0.43250536918640137,0.40284910798072815,0.2965625822544098,5.0692021659888735e-06
2716,0.45603644847869873,0.42486268281936646,0.3117377758026123,5.033992217457395e-06
2717,0.44539162516593933,0.41515034437179565,0.3024126887321472,4.998901819541979e-06
2718,0.45411917567253113,0.42308205366134644,0.3103712797164917,4.963931016417167e-06
2719,0.4723643660545349,0.4401997923851013,0.3216457664966583,4.929079852106933e-06
2720,0.4414590895175934,0.41142258048057556,0.30036506056785583,4.8943483704846475e-06
2721,0.46870478987693787,0.4361408054828644,0.3256397843360901,4.859736615273003e-06
2722,0.4693809449672699,0.4371556043624878,0.3222534954547882,4.825244630043979e-06
2723,0.4691460132598877,0.4366471767425537,0.324988454580307,4.790872458218754e-06
2724,0.4480339586734772,0.4171444773674011,0.30889472365379333,4.756620143067725e-06
2725,0.45769429206848145,0.42664700746536255,0.3104729652404785,4.722487727710368e-06
2726,0.46855616569519043,0.4366109371185303,0.31945234537124634,4.688475255115244e-06
2727,0.458795428276062,0.427582323551178,0.31213101744651794,4.65458276809988e-06
2728,0.4551052451133728,0.42412954568862915,0.3097569942474365,4.620810309330803e-06
2729,0.46126407384872437,0.4297199249267578,0.3154414892196655,4.587157921323393e-06
2730,0.46601009368896484,0.4343149960041046,0.3169510066509247,4.553625646441928e-06
2731,0.47612741589546204,0.4435751736164093,0.32552242279052734,4.520213526899431e-06
2732,0.4619385600090027,0.43053144216537476,0.31407129764556885,4.486921604757699e-06
2733,0.4664406478404999,0.4345099925994873,0.31930652260780334,4.453749921927175e-06
2734,0.4892072379589081,0.4556466341018677,0.33560603857040405,4.420698520166988e-06
2735,0.45024314522743225,0.4191683232784271,0.3107481002807617,4.3877674410848e-06
2736,0.44613975286483765,0.41594088077545166,0.30198872089385986,4.35495672613685e-06
2737,0.48298409581184387,0.4496106803417206,0.33373409509658813,4.322266416627785e-06
2738,0.43881043791770935,0.4082438051700592,0.30566641688346863,4.289696553710731e-06
2739,0.46405625343322754,0.4320600628852844,0.3199619948863983,4.257247178387192e-06
2740,0.5080560445785522,0.47298434376716614,0.3507167398929596,4.224918331506955e-06
2741,0.45068055391311646,0.4199211597442627,0.3075939416885376,4.19271005376809e-06
2742,0.47375163435935974,0.44096893072128296,0.32782700657844543,4.160622385716895e-06
2743,0.4277990460395813,0.39831119775772095,0.2948783338069916,4.1286553677478136e-06
2744,0.49531611800193787,0.4612463414669037,0.3406977653503418,4.096809040103444e-06
2745,0.44336041808128357,0.4133111834526062,0.30049237608909607,4.065083442874418e-06
2746,0.46933120489120483,0.4366181492805481,0.32713064551353455,4.033478615999376e-06
2747,0.47276005148887634,0.4403211772441864,0.3243887424468994,4.001994599264957e-06
2748,0.45884475111961365,0.4277588725090027,0.3108588755130768,3.970631432305694e-06
2749,0.4425080418586731,0.41164132952690125,0.30866697430610657,3.93938915460399e-06
2750,0.4624825417995453,0.43059560656547546,0.3188692331314087,3.908267805490051e-06
2751,0.4558931589126587,0.42464345693588257,0.31249698996543884,3.877267424141862e-06
2752,0.42693087458610535,0.3977977931499481,0.2913307547569275,3.8463880495851146e-06
2753,0.4695643484592438,0.43697860836982727,0.32585737109184265,3.815629720693192e-06
2754,0.4069708287715912,0.3795338273048401,0.2743699252605438,3.784992476187066e-06
2755,0.45483148097991943,0.4240586757659912,0.30772796273231506,3.7544763546352834e-06
2756,0.4636017084121704,0.4321115016937256,0.3149021565914154,3.7240813944539153e-06
2757,0.43205830454826355,0.4021901786327362,0.298681378364563,3.6938076339065207e-06
2758,0.43700307607650757,0.40691274404525757,0.30090317130088806,3.6636551111040475e-06
2759,0.4471317231655121,0.41655880212783813,0.3057292699813843,3.633623864004887e-06
2760,0.449518620967865,0.4187777638435364,0.3074086606502533,3.6037139304146762e-06
2761,0.4387858510017395,0.4083714485168457,0.30414408445358276,3.573925347986384e-06
2762,0.47440654039382935,0.4421491026878357,0.32257428765296936,3.5442581542201923e-06
2763,0.47960904240608215,0.44589176774024963,0.33717283606529236,3.5147123864634924e-06
2764,0.47796618938446045,0.4452967345714569,0.32669445872306824,3.485288081910798e-06
2765,0.4617132246494293,0.4302767813205719,0.31436434388160706,3.455985277603713e-06
2766,0.42905738949775696,0.39937564730644226,0.29681751132011414,3.426804010430884e-06
2767,0.41431158781051636,0.3862123191356659,0.2809928357601166,3.3977443171279823e-06
2768,0.44329726696014404,0.4127461612224579,0.3055112063884735,3.3688062342776106e-06
2769,0.4448864161968231,0.4142948091030121,0.3059159517288208,3.339989798309273e-06
2770,0.43277332186698914,0.402940958738327,0.2983235716819763,3.311295045499363e-06
2771,0.46911367774009705,0.437148779630661,0.3196488916873932,3.282722011971051e-06
2772,0.4729273021221161,0.44037917256355286,0.3254812955856323,3.254270733694331e-06
2773,0.44591134786605835,0.41564568877220154,0.30265647172927856,3.2259412464858753e-06
2774,0.44229257106781006,0.4123268723487854,0.29965707659721375,3.197733586009055e-06
2775,0.4219033420085907,0.39327272772789,0.28630611300468445,3.169647787773866e-06
2776,0.4646487832069397,0.43282604217529297,0.31822729110717773,3.1416838871368924e-06
2777,0.4408442974090576,0.41055530309677124,0.3028898239135742,3.1138419193012857e-06
2778,0.48307090997695923,0.4502478539943695,0.3282305896282196,3.086121919316698e-06
2779,0.44467055797576904,0.4140525460243225,0.3061802387237549,3.0585239220792037e-06
2780,0.4764935374259949,0.4438951015472412,0.3259842097759247,3.0310479623313127e-06
2781,0.4707334041595459,0.4377151429653168,0.33018258213996887,3.0036940746619224e-06
2782,0.4499990940093994,0.4191398322582245,0.3085924983024597,2.9764622935062438e-06
2783,0.43747684359550476,0.407703161239624,0.297736793756485,2.949352653145754e-06
2784,0.4917124807834625,0.4577465355396271,0.3396593928337097,2.922365187708187e-06
2785,0.45366668701171875,0.4227295517921448,0.3093712627887726,2.8954999311674558e-06
2786,0.45062482357025146,0.41969454288482666,0.30930277705192566,2.8687569173436623e-06
2787,0.45173168182373047,0.42073294520378113,0.30998727679252625,2.842136179902988e-06
2788,0.463265061378479,0.4317164719104767,0.31548604369163513,2.8156377523576803e-06
2789,0.4565621614456177,0.4259372055530548,0.3062497079372406,2.7892616680660457e-06
2790,0.45477741956710815,0.42360299825668335,0.3117443025112152,2.7630079602323442e-06
2791,0.4743174910545349,0.4417460262775421,0.32571476697921753,2.7368766619067953e-06
2792,0.4566097557544708,0.4252339005470276,0.31375852227211,2.7108678059855065e-06
2793,0.44323423504829407,0.41259750723838806,0.30636733770370483,2.6849814252104754e-06
2794,0.46219268441200256,0.4306478202342987,0.31544870138168335,2.6592175521694795e-06
2795,0.4525907635688782,0.42160627245903015,0.30984488129615784,2.6335762192960743e-06
2796,0.43368348479270935,0.4038356840610504,0.29847803711891174,2.608057458869606e-06
2797,0.458722859621048,0.42695650458335876,0.3176634609699249,2.582661303015066e-06
2798,0.48486995697021484,0.4517427384853363,0.3312721252441406,2.5573877837031137e-06
2799,0.47852498292922974,0.44586819410324097,0.32656773924827576,2.532236932750021e-06
2800,0.479449987411499,0.4469108581542969,0.32539117336273193,2.5072087818176382e-06
2801,0.4616239666938782,0.4299311339855194,0.3169282078742981,2.482303362413374e-06
2802,0.47297972440719604,0.4407769739627838,0.3220275938510895,2.457520705890093e-06
2803,0.41672107577323914,0.38802531361579895,0.28695765137672424,2.4328608434461276e-06
2804,0.46259012818336487,0.43121325969696045,0.31376880407333374,2.4083238061252567e-06
2805,0.42616453766822815,0.3970851004123688,0.2907944917678833,2.383909624816616e-06
2806,0.43164607882499695,0.40240776538848877,0.2923831045627594,2.3596183302546647e-06
2807,0.45070314407348633,0.41980868577957153,0.308944433927536,2.3354499530191975e-06
2808,0.46621543169021606,0.43420514464378357,0.3201030194759369,2.311404523535243e-06
2809,0.5232254266738892,0.48731645941734314,0.3590898811817169,2.2874820720730438e-06
2810,0.4505839943885803,0.41941189765930176,0.3117210566997528,2.2636826287480873e-06
2811,0.45868176221847534,0.4274260401725769,0.31255707144737244,2.240006223520941e-06
2812,0.43639516830444336,0.40619826316833496,0.30196893215179443,2.2164528861973064e-06
2813,0.4469020664691925,0.41636601090431213,0.3053606152534485,2.193022646427978e-06
2814,0.434182733297348,0.40444034337997437,0.2974238693714142,2.1697155337087604e-06
2815,0.4546397030353546,0.42382073402404785,0.3081897795200348,2.1465315773804616e-06
2816,0.4785324037075043,0.4453306794166565,0.33201730251312256,2.123470806628858e-06
2817,0.461150586605072,0.42974036931991577,0.3141022026538849,2.1005332504846597e-06
2818,0.4557209014892578,0.42447733879089355,0.3124356269836426,2.0777189378234143e-06
2819,0.46147915720939636,0.4299262464046478,0.3155292272567749,2.0550278973656024e-06
2820,0.4537794888019562,0.42289042472839355,0.30889061093330383,2.032460157676452e-06
2821,0.4524455964565277,0.421590119600296,0.3085547387599945,2.010015747165983e-06
2822,0.4472253620624542,0.4162767231464386,0.30948638916015625,1.9876946940889927e-06
2823,0.4686538875102997,0.4363678991794586,0.32285982370376587,1.965497026544938e-06
2824,0.4751577079296112,0.442666620016098,0.32491084933280945,1.9434227724779984e-06
2825,0.4514293670654297,0.4201192259788513,0.3131013512611389,1.921471959676957e-06
2826,0.4729819893836975,0.44093796610832214,0.3204401731491089,1.899644615775209e-06
2827,0.4846191108226776,0.4511226415634155,0.33496469259262085,1.8779407682507077e-06
2828,0.4657953381538391,0.4337214231491089,0.3207392394542694,1.856360444425953e-06
2829,0.46946996450424194,0.4376419186592102,0.3182803690433502,1.834903671467958e-06
2830,0.4598804712295532,0.42785823345184326,0.32022225856781006,1.81357047638816e-06
2831,0.46098005771636963,0.42959916591644287,0.31380897760391235,1.7923608860424658e-06
2832,0.4547904431819916,0.42388489842414856,0.3090555667877197,1.771274927131139e-06
2833,0.48036038875579834,0.4475730061531067,0.32787367701530457,1.7503126261988355e-06
2834,0.48014408349990845,0.4467940926551819,0.33349984884262085,1.7294740096345575e-06
2835,0.46357807517051697,0.43167442083358765,0.31903648376464844,1.7087591036715534e-06
2836,0.4663006663322449,0.43441858887672424,0.3188208043575287,1.6881679343873636e-06
2837,0.4466571807861328,0.41586610674858093,0.30791085958480835,1.667700527703775e-06
2838,0.46081244945526123,0.42878270149230957,0.32029739022254944,1.6473569093867436e-06
2839,0.46737945079803467,0.43524885177612305,0.32130590081214905,1.6271371050464056e-06
2840,0.4433794617652893,0.4126075804233551,0.307718962430954,1.6070411401370334e-06
2841,0.461017370223999,0.42945465445518494,0.31562718749046326,1.58706903995699e-06
2842,0.4693751037120819,0.4371369779109955,0.3223811984062195,1.5672208296486969e-06
2843,0.42093798518180847,0.39153075218200684,0.29407235980033875,1.5474965341986558e-06
2844,0.46130532026290894,0.4297402501106262,0.31565073132514954,1.5278961784373268e-06
2845,0.41301780939102173,0.38458743691444397,0.2843036651611328,1.5084197870391837e-06
2846,0.44245055317878723,0.4120524823665619,0.3039807975292206,1.4890673845226133e-06
2847,0.4369129538536072,0.40699243545532227,0.29920509457588196,1.469838995249928e-06
2848,0.4686902165412903,0.43628373742103577,0.32406485080718994,1.4507346434273316e-06
2849,0.4605870246887207,0.4290541112422943,0.31532925367355347,1.4317543531048749e-06
2850,0.4379993677139282,0.4080892503261566,0.2991010248661041,1.4128981481764115e-06
2851,0.4396568834781647,0.4096652567386627,0.29991620779037476,1.3941660523796196e-06
2852,0.4497261941432953,0.41887250542640686,0.30853694677352905,1.375558089295914e-06
2853,0.447909414768219,0.41762006282806396,0.30289340019226074,1.3570742823504567e-06
2854,0.4443303942680359,0.41353103518486023,0.3079935312271118,1.3387146548120899e-06
2855,0.4359990358352661,0.40587204694747925,0.30126988887786865,1.3204792297933588e-06
2856,0.45124420523643494,0.42014017701148987,0.3110402822494507,1.3023680302504338e-06
2857,0.48992568254470825,0.45638856291770935,0.3353712856769562,1.2843810789831102e-06
2858,0.4774092733860016,0.44495266675949097,0.32456594705581665,1.2665183986347528e-06
2859,0.441891074180603,0.4117278456687927,0.3016324043273926,1.2487800116922966e-06
2860,0.4656990170478821,0.43369728326797485,0.3200171887874603,1.231165940486234e-06
2861,0.4552554488182068,0.42379042506217957,0.31465038657188416,1.2136762071904838e-06
2862,0.4714392423629761,0.4389900863170624,0.3244916796684265,1.1963108338225337e-06
2863,0.45230787992477417,0.42161864042282104,0.30689242482185364,1.1790698422432521e-06
2864,0.4887283444404602,0.4548789858818054,0.3384935259819031,1.1619532541569333e-06
2865,0.48175686597824097,0.4489574134349823,0.32799461483955383,1.1449610911112741e-06
2866,0.46415629982948303,0.43255773186683655,0.3159855902194977,1.128093374497352e-06
2867,0.46505165100097656,0.433633029460907,0.314186155796051,1.1113501255495485e-06
2868,0.467547208070755,0.43529748916625977,0.3224971294403076,1.0947313653455694e-06
2869,0.44612085819244385,0.41597795486450195,0.30142906308174133,1.0782371148064241e-06
2870,0.45025691390037537,0.41986775398254395,0.3038915693759918,1.0618673946963365e-06
2871,0.44880884885787964,0.4181937575340271,0.30615103244781494,1.0456222256227999e-06
2872,0.4407694339752197,0.4105822741985321,0.3018715977668762,1.0295016280365112e-06
2873,0.4745325446128845,0.44197919964790344,0.32553333044052124,1.0135056222313143e-06
2874,0.44569697976112366,0.41556212306022644,0.30134865641593933,9.976342283442463e-07
2875,0.47025078535079956,0.43808451294898987,0.3216627836227417,9.818874663554357e-07
2876,0.4681737422943115,0.43610769510269165,0.3206605613231659,9.662653560881584e-07
2877,0.4682531952857971,0.4362592101097107,0.3199397325515747,9.50767917208728e-07
2878,0.43709316849708557,0.40702465176582336,0.30068516731262207,9.353951692265383e-07
2879,0.47818461060523987,0.44503775238990784,0.3314686715602875,9.20147131493998e-07
2880,0.47009003162384033,0.4379277229309082,0.3216230273246765,9.0502382320653e-07
2881,0.45546191930770874,0.4243709146976471,0.3109099566936493,8.900252634025274e-07
2882,0.45654088258743286,0.42542803287506104,0.3111286163330078,8.751514709633424e-07
2883,0.47973528504371643,0.4468063414096832,0.3292895555496216,8.604024646132857e-07
2884,0.44893878698349,0.41765570640563965,0.3128308355808258,8.457782629195388e-07
2885,0.44276392459869385,0.4122777283191681,0.30486199259757996,8.31278884292186e-07
2886,0.45548081398010254,0.4238244891166687,0.31656336784362793,8.16904346984193e-07
2887,0.456452876329422,0.42483675479888916,0.316161185503006,8.026546690913406e-07
2888,0.4652717411518097,0.4335567355155945,0.3171499967575073,7.885298685522235e-07
2889,0.4730271100997925,0.4402000308036804,0.32827067375183105,7.745299631482405e-07
2890,0.44693371653556824,0.4163118898868561,0.30621814727783203,7.606549705035937e-07
2891,0.44336602091789246,0.41307637095451355,0.3028964698314667,7.469049080851775e-07
2892,0.47283247113227844,0.44052132964134216,0.32311147451400757,7.332797932026459e-07
2893,0.4557359218597412,0.42428234219551086,0.3145357370376587,7.19779643008367e-07
2894,0.4335566461086273,0.4040949046611786,0.29461750388145447,7.064044744973686e-07
2895,0.4912014901638031,0.4570193290710449,0.34182167053222656,6.931543045073708e-07
2896,0.45209556818008423,0.4210202991962433,0.3107525408267975,6.800291497187083e-07
2897,0.4351866841316223,0.405404657125473,0.29782024025917053,6.670290266543644e-07
2898,0.4554326832294464,0.4242107570171356,0.3122192621231079,6.541539516799033e-07
2899,0.45819196105003357,0.4268021881580353,0.3138978183269501,6.414039410034489e-07
2900,0.4738902151584625,0.4414762556552887,0.32413968443870544,6.287790106757396e-07
2901,0.46087974309921265,0.42890408635139465,0.31975653767585754,6.162791765900177e-07
2902,0.45706015825271606,0.4258185625076294,0.3124159574508667,6.039044544820404e-07
2903,0.44582071900367737,0.41541343927383423,0.3040727972984314,5.916548599300576e-07
2904,0.5077431797981262,0.47319546341896057,0.34547701478004456,5.795304083548559e-07
2905,0.47244197130203247,0.4393429160118103,0.33099043369293213,5.675311150195928e-07
2906,0.4771347939968109,0.4448322057723999,0.3230258524417877,5.556569950299517e-07
2907,0.45996299386024475,0.4280816316604614,0.3188137412071228,5.439080633339866e-07
2908,0.4459790587425232,0.4155076742172241,0.3047138452529907,5.322843347221662e-07
2909,0.45223239064216614,0.42102670669555664,0.31205689907073975,5.207858238273522e-07
2910,0.4392938017845154,0.40952426195144653,0.2976952791213989,5.094125451247655e-07
2911,0.44601935148239136,0.4157702624797821,0.30249086022377014,4.981645129319756e-07
2912,0.49543678760528564,0.4617170989513397,0.337196946144104,4.870417414088779e-07
2913,0.4522489011287689,0.4213227331638336,0.3092615604400635,4.760442445576829e-07
2914,0.4455035924911499,0.41535621881484985,0.3014737367630005,4.6517203622291615e-07
2915,0.47821497917175293,0.4458830952644348,0.3233187794685364,4.544251300913405e-07
2916,0.4632059633731842,0.43165189027786255,0.315540611743927,4.438035396920004e-07
2917,0.4680994749069214,0.43572044372558594,0.32379019260406494,4.333072783961889e-07
2918,0.4545542001724243,0.4232659339904785,0.3128826916217804,4.2293635941742517e-07
2919,0.4707449972629547,0.43857234716415405,0.3217264413833618,4.1269079581142124e-07
2920,0.4638785719871521,0.4317825436592102,0.3209604322910309,4.025706004760932e-07
2921,0.464033842086792,0.43179914355278015,0.32234692573547363,3.925757861515389e-07
2922,0.4511380195617676,0.4200098514556885,0.31128162145614624,3.827063654199936e-07
2923,0.4532194137573242,0.4221571385860443,0.3106227219104767,3.7296235070587435e-07
2924,0.41692084074020386,0.38847848773002625,0.2844235301017761,3.633437542756912e-07
2925,0.436160683631897,0.4065535366535187,0.2960715591907501,3.5385058823809156e-07
2926,0.43171584606170654,0.40207645297050476,0.29639407992362976,3.444828645438047e-07
2927,0.4559824466705322,0.4246603548526764,0.3132210373878479,3.3524059498565297e-07
2928,0.45055603981018066,0.4196516275405884,0.3090442717075348,3.261237911985404e-07
2929,0.4471610188484192,0.41624829173088074,0.30912724137306213,3.171324646593865e-07
2930,0.4494327902793884,0.4185650944709778,0.3086768090724945,3.0826662668720364e-07
2931,0.4597708284854889,0.42846739292144775,0.3130342960357666,2.99526288442975e-07
2932,0.4605409502983093,0.4286053478717804,0.3193560838699341,2.9091146092973254e-07
2933,0.4562408924102783,0.4251120686531067,0.3112882673740387,2.8242215499248993e-07
2934,0.43926340341567993,0.40916717052459717,0.3009621798992157,2.740583813182429e-07
2935,0.46755045652389526,0.43553054332733154,0.32019928097724915,2.658201504359803e-07
2936,0.4433388411998749,0.4130541980266571,0.3028464913368225,2.577074727165951e-07
2937,0.46878841519355774,0.43663033843040466,0.3215808570384979,2.497203583729957e-07
2938,0.45840978622436523,0.42706289887428284,0.313468873500824,2.418588174599612e-07
2939,0.4670112133026123,0.43506813049316406,0.31943079829216003,2.3412285987420847e-07
2940,0.43222877383232117,0.40238961577415466,0.29839158058166504,2.265124953543918e-07
2941,0.4580227732658386,0.42683145403862,0.3119131922721863,2.1902773348100315e-07
2942,0.4495636522769928,0.41913288831710815,0.304307758808136,2.1166858367646093e-07
2943,0.46770092844963074,0.43564727902412415,0.32053637504577637,2.0443505520503224e-07
2944,0.4305928647518158,0.40102291107177734,0.29569944739341736,1.973271571728441e-07
2945,0.44081783294677734,0.41083505749702454,0.2998277246952057,1.9034489852787218e-07
2946,0.4344484210014343,0.40473347902297974,0.2971493601799011,1.834882880599409e-07
2947,0.45147421956062317,0.4203411638736725,0.311330646276474,1.7675733440066789e-07
2948,0.4529004991054535,0.4222642779350281,0.30636221170425415,1.7015204602350843e-07
2949,0.46268942952156067,0.4312964379787445,0.31392985582351685,1.6367243124372212e-07
2950,0.4231190085411072,0.3942395746707916,0.2887943685054779,1.5731849821833954e-07
2951,0.4366595447063446,0.406703919172287,0.29955634474754333,1.5109025494620677e-07
2952,0.4360446035861969,0.40593716502189636,0.30107441544532776,1.449877092679075e-07
2953,0.45653825998306274,0.42522159218788147,0.3131667971611023,1.3901086886580762e-07
2954,0.43811577558517456,0.4080808460712433,0.30034923553466797,1.3315974126401066e-07
2955,0.43260061740875244,0.4025719165802002,0.3002871572971344,1.274343338283801e-07
2956,0.4718449115753174,0.4392227828502655,0.32622113823890686,1.2183465376650605e-07
2957,0.4677666127681732,0.43516936898231506,0.3259725570678711,1.1636070812770516e-07
2958,0.46000662446022034,0.42833009362220764,0.3167652487754822,1.1101250380300965e-07
2959,0.45458537340164185,0.42360764741897583,0.3097771108150482,1.0579004752513389e-07
2960,0.44050300121307373,0.41055646538734436,0.2994652986526489,1.0069334586854107e-07
2961,0.45512962341308594,0.42375531792640686,0.3137430250644684,9.572240524933218e-08
2962,0.46976006031036377,0.43732282519340515,0.3243723213672638,9.087723192533482e-08
2963,0.4515749216079712,0.42098283767700195,0.30592069029808044,8.615783199602545e-08
2964,0.45411840081214905,0.4232737123966217,0.308447003364563,8.156421140254056e-08
2965,0.4400878846645355,0.41029611229896545,0.2979176342487335,7.709637592770991e-08
2966,0.4761603772640228,0.4429931044578552,0.3316727876663208,7.275433119596776e-08
2967,0.4625089168548584,0.43023884296417236,0.32270073890686035,6.853808267344164e-08
2968,0.4545905590057373,0.42347273230552673,0.31117838621139526,6.444763566786361e-08
2969,0.48599711060523987,0.4527795910835266,0.3321751058101654,6.048299532861457e-08
2970,0.4510038197040558,0.41951024532318115,0.3149357736110687,5.6644166646668826e-08
2971,0.46484994888305664,0.4328370690345764,0.320128858089447,5.2931154454671783e-08
2972,0.4664302170276642,0.43394938111305237,0.3248083293437958,4.934396342684e-08
2973,0.4361058473587036,0.40616118907928467,0.299446702003479,4.588259807901674e-08
2974,0.466339111328125,0.4340454339981079,0.3229367434978485,4.254706276862752e-08
2975,0.44098100066185,0.41054674983024597,0.3043426275253296,3.933736169471347e-08
2976,0.45427438616752625,0.4234575629234314,0.3081682026386261,3.6253498897886873e-08
2977,0.4333699941635132,0.4036919176578522,0.29678061604499817,3.3295478260364496e-08
2978,0.4609640836715698,0.4292391538619995,0.3172492980957031,3.0463303505934295e-08
2979,0.4738541841506958,0.44163259863853455,0.322215735912323,2.7756978199944273e-08
2980,0.48533540964126587,0.45170408487319946,0.3363131284713745,2.5176505749346936e-08
2981,0.4496631920337677,0.4188174307346344,0.30845755338668823,2.2721889402621545e-08
2982,0.460602730512619,0.429223895072937,0.3137882649898529,2.039313224985184e-08
2983,0.44382691383361816,0.4135167598724365,0.303101509809494,1.8190237222648343e-08
2984,0.45710650086402893,0.4259263575077057,0.3118014335632324,1.6113207094181626e-08
2985,0.4548037350177765,0.4235190451145172,0.312846839427948,1.4162044479182346e-08
2986,0.4575221836566925,0.4260633885860443,0.3145879805088043,1.2336751833941229e-08
2987,0.46610862016677856,0.43397200107574463,0.3213663399219513,1.0637331456264666e-08
2988,0.441523939371109,0.41160517930984497,0.299187570810318,9.063785485508014e-09
2989,0.45274627208709717,0.42166584730148315,0.3108043670654297,7.616115902586707e-09
2990,0.46256476640701294,0.4307715892791748,0.3179316818714142,6.294324529942941e-09
2991,0.4898033142089844,0.45599982142448425,0.3380350172519684,5.098413031534577e-09
2992,0.44421762228012085,0.41366878151893616,0.3054884076118469,4.028382912890649e-09
2993,0.44950130581855774,0.41869986057281494,0.3080143332481384,3.0842355210336515e-09
2994,0.4539293944835663,0.4227398633956909,0.31189531087875366,2.2659720445239452e-09
2995,0.45545798540115356,0.424437940120697,0.3102003037929535,1.5735935134708613e-09
2996,0.47767382860183716,0.4451468288898468,0.3252701163291931,1.0071007994771898e-09
2997,0.45633846521377563,0.424765020608902,0.3157344460487366,5.664946157168949e-10
2998,0.47014522552490234,0.4381377696990967,0.3200746178627014,2.5177551682409317e-10
2999,0.4561312794685364,0.42487776279449463,0.31253501772880554,6.294389901517761e-11
