step,loss,temporal,spectral,lr
0,1.1344302892684937,1.0586488246917725,0.757814347743988,1.0000000000000002e-06
1,1.082666277885437,1.0096267461776733,0.7303953766822815,2.0000000000000003e-06
2,1.0564579963684082,0.9851941466331482,0.7126390933990479,3e-06
3,1.147302508354187,1.0682532787322998,0.790492832660675,4.000000000000001e-06
4,1.1159312725067139,1.0401824712753296,0.757488489151001,5e-06
5,1.0785468816757202,1.0058146715164185,0.7273222208023071,6e-06
6,1.1487925052642822,1.071606159210205,0.7718637585639954,7.000000000000001e-06
7,1.0955164432525635,1.0214239358901978,0.740925133228302,8.000000000000001e-06
8,1.1521822214126587,1.0739755630493164,0.7820664644241333,9e-06
9,1.043892502784729,0.9737461805343628,0.7014628648757935,1e-05
10,1.0576854944229126,0.986365556716919,0.7131996154785156,1.1000000000000001e-05
11,1.0532619953155518,0.9831849932670593,0.7007701992988586,1.2e-05
12,0.9931231737136841,0.9260036945343018,0.6711944937705994,1.3000000000000001e-05
13,1.064836025238037,0.9926333427429199,0.7220269441604614,1.4000000000000001e-05
14,1.0441203117370605,0.9737521409988403,0.7036821842193604,1.5e-05
15,1.055578589439392,0.9839094281196594,0.7166913747787476,1.6000000000000003e-05
16,1.0241479873657227,0.9546669125556946,0.6948110461235046,1.7000000000000003e-05
17,0.9806464314460754,0.9140519499778748,0.6659449934959412,1.8e-05
18,1.0284074544906616,0.9586434960365295,0.697639524936676,1.9e-05
19,1.037476897239685,0.9671619534492493,0.7031494379043579,2e-05
20,1.077765703201294,1.0044951438903809,0.7327049970626831,2.1e-05
21,1.0710691213607788,0.9986782073974609,0.7239086031913757,2.2000000000000003e-05
22,1.019484043121338,0.9497419595718384,0.6974211931228638,2.3000000000000003e-05
23,1.0467851161956787,0.9742434620857239,0.7254164814949036,2.4e-05
24,0.9875902533531189,0.9206209182739258,0.6696933507919312,2.5e-05
25,0.9970991015434265,0.9294808506965637,0.6761826872825623,2.6000000000000002e-05
26,0.9903696179389954,0.9218747019767761,0.6849489212036133,2.7000000000000002e-05
27,0.9659139513969421,0.8999732732772827,0.6594067215919495,2.8000000000000003e-05
28,0.9680377840995789,0.9016302227973938,0.6640754342079163,2.9e-05
29,0.9600895643234253,0.8941892385482788,0.6590030789375305,3e-05
30,1.067496657371521,0.9936904311180115,0.7380626797676086,3.1e-05
31,0.9982218742370605,0.9300200939178467,0.6820180416107178,3.2000000000000005e-05
32,1.039534568786621,0.9681411981582642,0.7139338850975037,3.3e-05
33,0.9806081652641296,0.9127622246742249,0.6784594655036926,3.4000000000000007e-05
34,0.9458825588226318,0.8797363042831421,0.6614626049995422,3.5e-05
35,0.9997159242630005,0.930728018283844,0.6898793578147888,3.6e-05
36,0.9940382838249207,0.9249762892723083,0.6906200051307678,3.7e-05
37,1.0396151542663574,0.9665982127189636,0.7301688194274902,3.8e-05
38,0.9595779180526733,0.8927522897720337,0.6682560443878174,3.9000000000000006e-05
39,1.0556812286376953,0.9821218848228455,0.7355931997299194,4e-05
40,0.9756832718849182,0.9064884781837463,0.6919476985931396,4.1e-05
41,0.9029161334037781,0.8391857147216797,0.6373040080070496,4.2e-05
42,0.9475172162055969,0.880481481552124,0.6703571081161499,4.3e-05
43,0.9165005087852478,0.8526416420936584,0.6385887861251831,4.4000000000000006e-05
44,0.9519721865653992,0.8849164247512817,0.6705573797225952,4.5e-05
45,0.8996424674987793,0.8364415168762207,0.6320094466209412,4.600000000000001e-05
46,0.8843209743499756,0.8224509358406067,0.6187004446983337,4.7e-05
47,0.8511457443237305,0.7902749180793762,0.6087080836296082,4.8e-05
48,0.8897662162780762,0.8271717429161072,0.625944972038269,4.9e-05
49,0.8300830125808716,0.7713597416877747,0.5872330069541931,5e-05
50,0.9316282868385315,0.866058349609375,0.6556993126869202,5.1000000000000006e-05
51,0.8507335186004639,0.7905823588371277,0.6015112996101379,5.2000000000000004e-05
52,0.8894144296646118,0.8267411589622498,0.6267328262329102,5.300000000000001e-05
53,0.8164845108985901,0.7574637532234192,0.5902073383331299,5.4000000000000005e-05
54,0.8916730880737305,0.8266445994377136,0.650285005569458,5.500000000000001e-05
55,0.8339791297912598,0.7747721076011658,0.5920699238777161,5.6000000000000006e-05
56,0.8334701061248779,0.7735024690628052,0.5996763110160828,5.6999999999999996e-05
57,0.8866215348243713,0.8230972290039062,0.6352429986000061,5.8e-05
58,0.8991884589195251,0.8348445892333984,0.6434387564659119,5.9e-05
59,0.8122065663337708,0.754212498664856,0.5799407362937927,6e-05
60,0.8636198043823242,0.8003216981887817,0.63298100233078,6.1e-05
61,0.7770483493804932,0.7210747003555298,0.5597363710403442,6.2e-05
62,0.881188690662384,0.8172098994255066,0.6397879719734192,6.3e-05
63,0.8636831045150757,0.8012934923171997,0.6238958835601807,6.400000000000001e-05
64,0.8487462997436523,0.7868043184280396,0.6194197535514832,6.500000000000001e-05
65,0.7825045585632324,0.7261714339256287,0.5633314847946167,6.6e-05
66,0.8166040778160095,0.7574565410614014,0.5914753675460815,6.7e-05
67,0.8124110102653503,0.7539065480232239,0.5850448608398438,6.800000000000001e-05
68,0.7963629364967346,0.7390897870063782,0.5727313756942749,6.9e-05
69,0.8996292352676392,0.8347817659378052,0.648474395275116,7e-05
70,0.8337390422821045,0.7737540006637573,0.5998502969741821,7.1e-05
71,0.7912214994430542,0.7337923645973206,0.5742912292480469,7.2e-05
72,0.7770521640777588,0.7203842401504517,0.5666793584823608,7.3e-05
73,0.8018555045127869,0.7430856823921204,0.5876984596252441,7.4e-05
74,0.7941467761993408,0.736305296421051,0.5784146785736084,7.500000000000001e-05
75,0.8446148037910461,0.783155620098114,0.6145918965339661,7.6e-05
76,0.762619137763977,0.7071213722229004,0.5549777746200562,7.7e-05
77,0.8014827370643616,0.742973268032074,0.5850948691368103,7.800000000000001e-05
78,0.7311415076255798,0.6777746677398682,0.5336686372756958,7.900000000000001e-05
79,0.7813733816146851,0.7244536280632019,0.5691978335380554,8e-05
80,0.7441588044166565,0.6897842884063721,0.5437450408935547,8.1e-05
81,0.7448348999023438,0.6902623176574707,0.5457260012626648,8.2e-05
82,0.7220208644866943,0.669880747795105,0.5214012861251831,8.3e-05
83,0.7673344016075134,0.7125912308692932,0.5474318265914917,8.4e-05
84,0.7402637600898743,0.6863588094711304,0.539049506187439,8.5e-05
85,0.763960063457489,0.7083000540733337,0.5566002130508423,8.6e-05
86,0.8255652189254761,0.7656246423721313,0.5994060635566711,8.7e-05
87,0.71895432472229,0.6661800742149353,0.5277426838874817,8.800000000000001e-05
88,0.7228032350540161,0.6699730157852173,0.5283024907112122,8.900000000000001e-05
89,0.7304590344429016,0.6762915849685669,0.5416746139526367,9e-05
90,0.7750435471534729,0.7176194190979004,0.5742412805557251,9.1e-05
91,0.7601330876350403,0.7049314975738525,0.5520159602165222,9.200000000000001e-05
92,0.6991790533065796,0.64752596616745,0.5165308117866516,9.300000000000001e-05
93,0.8117426633834839,0.7507058382034302,0.6103680729866028,9.4e-05
94,0.7459964156150818,0.691960334777832,0.5403608679771423,9.5e-05
95,0.8042118549346924,0.7454813718795776,0.5873048901557922,9.6e-05
96,0.7437950372695923,0.6896467208862305,0.5414831042289734,9.7e-05
97,0.7617044448852539,0.7063639163970947,0.553405225276947,9.8e-05
98,0.716113269329071,0.6641530990600586,0.5196015238761902,9.900000000000001e-05
99,0.7068341374397278,0.6546603441238403,0.5217381119728088,0.0001
100,0.7126655578613281,0.6604368686676025,0.5222869515419006,0.000101
101,0.7316029071807861,0.6786578893661499,0.5294501185417175,0.00010200000000000001
102,0.814918577671051,0.7551572918891907,0.5976126790046692,0.00010300000000000001
103,0.8005142211914062,0.7424010038375854,0.5811322331428528,0.00010400000000000001
104,0.7070643901824951,0.6563547253608704,0.5070966482162476,0.000105
105,0.7459467649459839,0.6905695199966431,0.5537724494934082,0.00010600000000000002
106,0.7427250742912292,0.689001202583313,0.5372389554977417,0.00010700000000000001
107,0.7338333129882812,0.6798220276832581,0.5401128530502319,0.00010800000000000001
108,0.6930736303329468,0.6426647901535034,0.5040883421897888,0.000109
109,0.8293060064315796,0.7678373456001282,0.614686906337738,0.00011000000000000002
110,0.7479263544082642,0.6934798955917358,0.544464647769928,0.00011100000000000001
111,0.657384991645813,0.6094333529472351,0.4795161783695221,0.00011200000000000001
112,0.7701561450958252,0.713434636592865,0.5672147870063782,0.000113
113,0.7079192996025085,0.6567192673683167,0.5120002627372742,0.00011399999999999999
114,0.8041149377822876,0.7445564270019531,0.5955849885940552,0.00011499999999999999
115,0.7429500818252563,0.6881521344184875,0.5479797720909119,0.000116
116,0.7044935822486877,0.6535118818283081,0.5098169445991516,0.000117
117,0.7769619226455688,0.7204291820526123,0.5653277039527893,0.000118
118,0.7688284516334534,0.7118996977806091,0.5692874193191528,0.000119
119,0.7197937369346619,0.6676487326622009,0.5214498043060303,0.00012
120,0.6912734508514404,0.6404623985290527,0.5081108212471008,0.000121
121,0.7174943685531616,0.6640825271606445,0.534118115901947,0.000122
122,0.7189993858337402,0.6659724116325378,0.5302698016166687,0.000123
123,0.737786591053009,0.6835877895355225,0.5419880151748657,0.000124
124,0.7473835945129395,0.6932088732719421,0.541747510433197,0.000125
125,0.7154269814491272,0.6625913381576538,0.5283563137054443,0.000126
126,0.7588381767272949,0.703036904335022,0.5580125451087952,0.000127
127,0.7852661609649658,0.7279613614082336,0.5730479955673218,0.00012800000000000002
128,0.6685532927513123,0.6185915470123291,0.499617338180542,0.00012900000000000002
129,0.718220055103302,0.6654754281044006,0.5274463891983032,0.00013000000000000002
130,0.7168422341346741,0.664728581905365,0.5211365818977356,0.000131
131,0.7108816504478455,0.6584707498550415,0.52410888671875,0.000132
132,0.7285357117652893,0.6754928231239319,0.530428946018219,0.000133
133,0.7522357702255249,0.6976556181907654,0.5458018183708191,0.000134
134,0.6581320762634277,0.6099517345428467,0.48180344700813293,0.00013500000000000003
135,0.7051807045936584,0.6522576808929443,0.5292301177978516,0.00013600000000000003
136,0.6779118776321411,0.6277565360069275,0.5015536546707153,0.00013700000000000002
137,0.7154649496078491,0.664451539516449,0.5101339817047119,0.000138
138,0.6775534749031067,0.6267255544662476,0.5082792639732361,0.000139
139,0.6937988996505737,0.6415205001831055,0.5227840542793274,0.00014
140,0.7053964734077454,0.6532648205757141,0.521316647529602,0.000141
141,0.7502853274345398,0.6951386332511902,0.5514671802520752,0.000142
142,0.7432205080986023,0.6891669631004333,0.540535569190979,0.000143
143,0.7773643136024475,0.7198782563209534,0.5748604536056519,0.000144
144,0.6987348794937134,0.6465096473693848,0.5222524404525757,0.000145
145,0.6565127968788147,0.6060106754302979,0.5050213932991028,0.000146
146,0.7206598520278931,0.6681419610977173,0.5251789093017578,0.000147
147,0.6988118290901184,0.6477162837982178,0.510955274105072,0.000148
148,0.7146267294883728,0.6615712642669678,0.5305548310279846,0.00014900000000000002
149,0.6892815828323364,0.638426661491394,0.508549153804779,0.00015000000000000001
150,0.7589028477668762,0.7024454474449158,0.5645741820335388,0.000151
151,0.6396441459655762,0.5918021202087402,0.4784204661846161,0.000152
152,0.6895477771759033,0.6393625736236572,0.50185227394104,0.000153
153,0.6811304688453674,0.629460334777832,0.5167011022567749,0.000154
154,0.6628012657165527,0.6123433113098145,0.5045793056488037,0.000155
155,0.6383233666419983,0.5908905267715454,0.47432824969291687,0.00015600000000000002
156,0.6854760050773621,0.635074257850647,0.5040175318717957,0.00015700000000000002
157,0.6925073862075806,0.6412122845649719,0.5129507184028625,0.00015800000000000002
158,0.6829375624656677,0.6332184672355652,0.49719077348709106,0.00015900000000000002
159,0.6643189191818237,0.6144188642501831,0.49900031089782715,0.00016
160,0.693463921546936,0.6418876051902771,0.5157631039619446,0.000161
161,0.7554931640625,0.699646532535553,0.558466374874115,0.000162
162,0.6699423789978027,0.6195961236953735,0.5034628510475159,0.000163
163,0.64045649766922,0.5930723547935486,0.47384145855903625,0.000164
164,0.6838271021842957,0.6329233050346375,0.5090380907058716,0.000165
165,0.6982120275497437,0.6464958190917969,0.5171620845794678,0.000166
166,0.6522886157035828,0.6041076183319092,0.481810063123703,0.000167
167,0.6835947036743164,0.6323264241218567,0.5126824975013733,0.000168
168,0.6666922569274902,0.6173306107521057,0.4936161935329437,0.00016900000000000002
169,0.6419709920883179,0.5950897336006165,0.46881237626075745,0.00017
170,0.6796678900718689,0.6301866173744202,0.4948127865791321,0.000171
171,0.6080318689346313,0.5631673336029053,0.44864508509635925,0.000172
172,0.6649622321128845,0.6153973340988159,0.49564871191978455,0.000173
173,0.6643603444099426,0.6154783964157104,0.4888192117214203,0.000174
174,0.6027145981788635,0.5582090020179749,0.4450558125972748,0.000175
175,0.6327159404754639,0.5850708484649658,0.4764508306980133,0.00017600000000000002
176,0.699485182762146,0.6475719809532166,0.5191318988800049,0.00017700000000000002
177,0.6311400532722473,0.5840945243835449,0.4704553782939911,0.00017800000000000002
178,0.6248940229415894,0.5793153047561646,0.4557870626449585,0.00017900000000000001
179,0.6556825637817383,0.6069010496139526,0.4878149926662445,0.00018
180,0.6665544509887695,0.6179760694503784,0.4857839047908783,0.000181
181,0.6438808441162109,0.5954837799072266,0.48397067189216614,0.000182
182,0.6295239925384521,0.5836364030838013,0.4588758945465088,0.000183
183,0.6956361532211304,0.6443607807159424,0.5127537250518799,0.00018400000000000003
184,0.7007681131362915,0.6480302214622498,0.5273791551589966,0.00018500000000000002
185,0.6822762489318848,0.6322190761566162,0.5005716681480408,0.00018600000000000002
186,0.6769365072250366,0.6257153153419495,0.5122121572494507,0.00018700000000000002
187,0.7198379635810852,0.6645715832710266,0.5526639819145203,0.000188
188,0.6967995166778564,0.6454813480377197,0.5131814479827881,0.00018899999999999999
189,0.6973990797996521,0.6450251340866089,0.5237393975257874,0.00019
190,0.6083020567893982,0.5626312494277954,0.4567081332206726,0.000191
191,0.6500726938247681,0.6019362807273865,0.48136386275291443,0.000192
192,0.6499764323234558,0.6018999218940735,0.48076534271240234,0.000193
193,0.6161109805107117,0.5699048638343811,0.4620612859725952,0.000194
194,0.6577246785163879,0.6084898114204407,0.4923485219478607,0.000195
195,0.643727719783783,0.5963950753211975,0.4733266234397888,0.000196
196,0.7118517160415649,0.660042405128479,0.5180934071540833,0.00019700000000000002
197,0.6561172604560852,0.6069660782814026,0.49151191115379333,0.00019800000000000002
198,0.5943150520324707,0.5507504940032959,0.43564537167549133,0.000199
199,0.6454299688339233,0.5975239872932434,0.4790598154067993,0.0002
200,0.6695380210876465,0.620489239692688,0.49048760533332825,0.0002
201,0.6253157258033752,0.5790866613388062,0.4622907340526581,0.00019999993705610097
202,0.6215476989746094,0.5748410224914551,0.4670668840408325,0.00019999974822448318
203,0.6147106289863586,0.5692813992500305,0.4542924761772156,0.0001999994335053843
204,0.621616780757904,0.5742415189743042,0.47375237941741943,0.00019999899289920055
205,0.6490853428840637,0.6012334823608398,0.4785187542438507,0.00019999842640648654
206,0.692335307598114,0.640214204788208,0.521210789680481,0.00019999773402795549
207,0.6272944808006287,0.5800419449806213,0.47252562642097473,0.00019999691576447898
208,0.6265778541564941,0.5801326036453247,0.4644523561000824,0.00019999597161708712
209,0.6302450895309448,0.5834507346153259,0.4679432511329651,0.00019999490158696846
210,0.6835325360298157,0.6325464248657227,0.5098610520362854,0.00019999370567547008
211,0.6423667073249817,0.5944809317588806,0.47885793447494507,0.00019999238388409744
212,0.5714784860610962,0.5298481583595276,0.4163031280040741,0.0001999909362145145
213,0.6187528371810913,0.5732687711715698,0.45484068989753723,0.00019998936266854377
214,0.5752283334732056,0.5327779650688171,0.4245038628578186,0.00019998766324816607
215,0.613409698009491,0.5677081942558289,0.45701491832733154,0.00019998583795552083
216,0.5745878219604492,0.5321159958839417,0.42471835017204285,0.00019998388679290583
217,0.6255744695663452,0.5789570808410645,0.46617379784584045,0.00019998180976277735
218,0.6879114508628845,0.6374197602272034,0.5049169659614563,0.00019997960686775015
219,0.6222054958343506,0.5761715769767761,0.46033936738967896,0.00019997727811059738
220,0.6055874824523926,0.5602441430091858,0.45343345403671265,0.00019997482349425066
221,0.628908634185791,0.5827460289001465,0.4616260528564453,0.00019997224302180006
222,0.5944559574127197,0.5503913760185242,0.4406457543373108,0.0001999695366964941
223,0.5908586382865906,0.5469317436218262,0.43926894664764404,0.00019996670452173966
224,0.5964697599411011,0.5522254705429077,0.4424426257610321,0.0001999637465011021
225,0.5708667635917664,0.5279597043991089,0.42907074093818665,0.00019996066263830531
226,0.5987606048583984,0.5554831027984619,0.43277475237846375,0.00019995745293723138
227,0.6229069828987122,0.5752827525138855,0.47624239325523376,0.000199954117401921
228,0.5953850746154785,0.5503289103507996,0.45056164264678955,0.00019995065603657316
229,0.5896364450454712,0.5456291437149048,0.44007307291030884,0.00019994706884554533
230,0.6142135262489319,0.5693737268447876,0.4483979642391205,0.00019994335583335335
231,0.5556531548500061,0.5142713785171509,0.4138176739215851,0.00019993951700467139
232,0.6121599078178406,0.5664043426513672,0.457555890083313,0.00019993555236433213
233,0.5795491337776184,0.5356079936027527,0.4394114017486572,0.00019993146191732658
234,0.6202360987663269,0.5743239521980286,0.4591214954853058,0.00019992724566880404
235,0.5955720543861389,0.5524724721908569,0.43099600076675415,0.0001999229036240723
236,0.5259173512458801,0.48734092712402344,0.385764479637146,0.00019991843578859747
237,0.6369808316230774,0.5894942879676819,0.47486552596092224,0.00019991384216800398
238,0.6262847781181335,0.5805002450942993,0.4578453004360199,0.00019990912276807466
239,0.5517295598983765,0.5104790329933167,0.412505567073822,0.00019990427759475067
240,0.5654034614562988,0.5236827731132507,0.41720664501190186,0.00019989930665413147
241,0.5895710587501526,0.5459189414978027,0.436521053314209,0.0001998942099524749
242,0.591884195804596,0.5479400753974915,0.4394412338733673,0.00019988898749619702
243,0.5970144867897034,0.5543721914291382,0.42642322182655334,0.0001998836392918723
244,0.5855965614318848,0.5425620675086975,0.4303450584411621,0.00019987816534623352
245,0.634244978427887,0.5881215333938599,0.46123433113098145,0.00019987256566617162
246,0.5226722359657288,0.4841703772544861,0.38501885533332825,0.00019986684025873598
247,0.5771744847297668,0.5341488122940063,0.43025657534599304,0.0001998609891311342
248,0.5787144899368286,0.5358617305755615,0.4285275638103485,0.0001998550122907321
249,0.6044755578041077,0.5597993731498718,0.4467615783214569,0.00019984890974505381
250,0.607856035232544,0.5625151991844177,0.45340827107429504,0.00019984268150178167
251,0.5354106426239014,0.49619820713996887,0.3921245336532593,0.0001998363275687563
252,0.5742226839065552,0.5323551297187805,0.41867539286613464,0.0001998298479539765
253,0.587521493434906,0.5444539785385132,0.4306752383708954,0.00019982324266559935
254,0.6015968918800354,0.5571957230567932,0.44401177763938904,0.00019981651171194006
255,0.5793468356132507,0.5361438989639282,0.43202921748161316,0.00019980965510147213
256,0.5751591324806213,0.5326737761497498,0.42485377192497253,0.00019980267284282717
257,0.5839622616767883,0.5407947301864624,0.4316752552986145,0.000199795564944795
258,0.5867025852203369,0.5438662767410278,0.42836305499076843,0.00019978833141632354
259,0.5678123831748962,0.5263861417770386,0.41426214575767517,0.00019978097226651902
260,0.6093563437461853,0.5649648308753967,0.44391512870788574,0.0001997734875046456
261,0.5700677633285522,0.5277679562568665,0.4229980707168579,0.0001997658771401258
262,0.5815413594245911,0.5389860272407532,0.42555341124534607,0.00019975814118254007
263,0.6043267250061035,0.5604541897773743,0.4387255311012268,0.00019975027964162702
264,0.5945308208465576,0.551223635673523,0.4330716133117676,0.00019974229252728342
265,0.5811285376548767,0.5384028553962708,0.42725688219070435,0.00019973417984956403
266,0.5915578007698059,0.5481001734733582,0.43457621335983276,0.00019972594161868178
267,0.5287584662437439,0.4902632534503937,0.38495197892189026,0.00019971757784500752
268,0.5420179963111877,0.502581000328064,0.39436984062194824,0.00019970908853907026
269,0.5500524640083313,0.5094090104103088,0.40643471479415894,0.00019970047371155704
270,0.5568650364875793,0.5157443284988403,0.4112068712711334,0.0001996917333733128
271,0.571955144405365,0.5299517512321472,0.4200340807437897,0.00019968286753534062
272,0.5515841245651245,0.5111777186393738,0.40406402945518494,0.00019967387620880146
273,0.5849549174308777,0.5413622856140137,0.43592604994773865,0.00019966475940501435
274,0.6412349343299866,0.5935174822807312,0.4771742522716522,0.0001996555171354562
275,0.5753430724143982,0.5331045389175415,0.42238548398017883,0.00019964614941176195
276,0.5397594571113586,0.5002500414848328,0.3950943946838379,0.00019963665624572432
277,0.5976067781448364,0.5528479218482971,0.44758865237236023,0.00019962703764929413
278,0.600090503692627,0.5553288459777832,0.4476163685321808,0.00019961729363458003
279,0.5871846079826355,0.5448230504989624,0.42361563444137573,0.00019960742421384846
280,0.5547324419021606,0.5145095586776733,0.40222904086112976,0.00019959742939952392
281,0.6099254488945007,0.5648646950721741,0.45060738921165466,0.00019958730920418858
282,0.5083781480789185,0.4714850187301636,0.3689314126968384,0.00019957706364058257
283,0.5533513426780701,0.512523889541626,0.4082743227481842,0.00019956669272160383
284,0.5853533744812012,0.542754590511322,0.4259880781173706,0.00019955619646030802
285,0.5414091348648071,0.5018659234046936,0.3954322934150696,0.00019954557486990868
286,0.583093523979187,0.541535496711731,0.415580153465271,0.00019953482796377712
287,0.5938402414321899,0.550343930721283,0.4349628984928131,0.00019952395575544233
288,0.5786949396133423,0.5362839698791504,0.42410948872566223,0.00019951295825859113
289,0.5546596050262451,0.5139973759651184,0.40662235021591187,0.00019950183548706805
290,0.5740693211555481,0.5328781008720398,0.4119124114513397,0.00019949058745487522
291,0.5716389417648315,0.5298522114753723,0.417867511510849,0.00019947921417617267
292,0.5715344548225403,0.5290349721908569,0.42499491572380066,0.00019946771566527785
293,0.570591926574707,0.5283327698707581,0.4225914776325226,0.000199456091936666
294,0.5785192847251892,0.5352158546447754,0.4330342710018158,0.00019944434300497006
295,0.5529053211212158,0.5129894018173218,0.39915934205055237,0.00019943246888498041
296,0.5718058347702026,0.5302121639251709,0.41593700647354126,0.00019942046959164515
297,0.5205793380737305,0.48306289315223694,0.3751647174358368,0.00019940834514006994
298,0.526941180229187,0.48920494318008423,0.3773621916770935,0.000199396095545518
299,0.5880438685417175,0.5447216033935547,0.43322286009788513,0.00019938372082341
300,0.530534565448761,0.49259090423583984,0.37943676114082336,0.00019937122098932428
301,0.5478924512863159,0.5077328681945801,0.40159568190574646,0.00019935859605899655
302,0.5012576580047607,0.46402493119239807,0.37232705950737,0.00019934584604832013
303,0.5133439302444458,0.4760805666446686,0.37263378500938416,0.00019933297097334565
304,0.5710497498512268,0.5290010571479797,0.4204868674278259,0.00019931997085028132
305,0.5312166213989258,0.492816299200058,0.3840029835700989,0.00019930684569549264
306,0.5899330973625183,0.5469949245452881,0.42938169836997986,0.00019929359552550265
307,0.5310523509979248,0.49107977747917175,0.3997258245944977,0.00019928022035699166
308,0.5989996194839478,0.5568242073059082,0.4217538833618164,0.00019926672020679736
309,0.5122655630111694,0.47549036145210266,0.36775174736976624,0.00019925309509191482
310,0.5739715099334717,0.5309147834777832,0.4305673837661743,0.00019923934502949644
311,0.5721214413642883,0.5309317111968994,0.4118975102901459,0.00019922547003685176
312,0.5546903014183044,0.5144621729850769,0.4022814631462097,0.0001992114701314478
313,0.6162278652191162,0.5723536610603333,0.43874192237854004,0.00019919734533090867
314,0.5410058498382568,0.5020006895065308,0.3900515139102936,0.0001991830956530158
315,0.5070681571960449,0.47024738788604736,0.36820799112319946,0.00019916872111570784
316,0.5401036143302917,0.5013139843940735,0.38789603114128113,0.00019915422173708046
317,0.5929239392280579,0.5489111542701721,0.4401278495788574,0.00019913959753538674
318,0.5206326246261597,0.48324668407440186,0.3738591969013214,0.00019912484852903668
319,0.6177341341972351,0.5737461447715759,0.43988004326820374,0.0001991099747365975
320,0.5484949946403503,0.5093363523483276,0.3915863633155823,0.00019909497617679348
321,0.5715250372886658,0.5301696062088013,0.4135545492172241,0.000199079852868506
322,0.5838432908058167,0.5408052206039429,0.4303807020187378,0.00019906460483077348
323,0.5384027361869812,0.49973705410957336,0.38665667176246643,0.0001990492320827913
324,0.5576061606407166,0.5176020264625549,0.4000411331653595,0.00019903373464391186
325,0.5205492973327637,0.48369044065475464,0.36858826875686646,0.00019901811253364456
326,0.49471738934516907,0.4576122462749481,0.3710513114929199,0.00019900236577165576
327,0.5379364490509033,0.49887263774871826,0.3906380236148834,0.0001989864943777687
328,0.5195726156234741,0.4827454090118408,0.36827218532562256,0.0001989704983719635
329,0.5446906089782715,0.5052205324172974,0.3947005569934845,0.0001989543777743772
330,0.544377326965332,0.504389226436615,0.3998807370662689,0.00019893813260530368
331,0.5107712745666504,0.47491130232810974,0.3585997521877289,0.0001989217628851936
332,0.5636895298957825,0.523259699344635,0.40429845452308655,0.00019890526863465443
333,0.5204481482505798,0.48345887660980225,0.36989259719848633,0.0001988886498744505
334,0.5787672996520996,0.5377686619758606,0.4099864363670349,0.00019887190662550266
335,0.5621611475944519,0.5202696323394775,0.4189152717590332,0.00019885503890888876
336,0.5619873404502869,0.521499514579773,0.4048784673213959,0.0001988380467458431
337,0.5836062431335449,0.5420320630073547,0.41574200987815857,0.00019882093015775678
338,0.5559758543968201,0.5153175592422485,0.4065832197666168,0.0001988036891661775
339,0.5710833668708801,0.5288084745407104,0.42274895310401917,0.0001987863237928095
340,0.5553815364837646,0.5150955319404602,0.40286025404930115,0.00019876883405951377
341,0.5537213087081909,0.5141610503196716,0.39560285210609436,0.0001987512199883077
342,0.5730394721031189,0.5314328074455261,0.41606658697128296,0.00019873348160136524
343,0.552685558795929,0.5130809545516968,0.39604616165161133,0.00019871561892101692
344,0.54697585105896,0.5080687999725342,0.3890705108642578,0.00019869763196974957
345,0.5531743764877319,0.513656735420227,0.3951762318611145,0.00019867952077020666
346,0.5764234066009521,0.5349941253662109,0.41429296135902405,0.0001986612853451879
347,0.546814501285553,0.5069851279258728,0.39829400181770325,0.00019864292571764955
348,0.5498536229133606,0.5090013146400452,0.4085230827331543,0.00019862444191070408
349,0.5502281188964844,0.508897602558136,0.4133054316043854,0.0001986058339476204
350,0.5374852418899536,0.4983132481575012,0.3917202353477478,0.0001985871018518236
351,0.5158101320266724,0.4787170886993408,0.3709307312965393,0.00019856824564689515
352,0.5854719281196594,0.5438793301582336,0.4159260392189026,0.00019854926535657267
353,0.5168054103851318,0.47919395565986633,0.3761145770549774,0.00019853016100475007
354,0.4944792091846466,0.45796626806259155,0.3651294708251953,0.0001985109326154774
355,0.5546990633010864,0.5144401788711548,0.4025885760784149,0.00019849158021296081
356,0.5175437927246094,0.4799223244190216,0.3762144446372986,0.00019847210382156267
357,0.511413037776947,0.47405585646629333,0.37357163429260254,0.00019845250346580136
358,0.5635417103767395,0.5226680636405945,0.4087362587451935,0.0001984327791703513
359,0.5350412130355835,0.4960406422615051,0.39000576734542847,0.00019841293096004302
360,0.5534083843231201,0.5133794546127319,0.40028923749923706,0.00019839295885986296
361,0.5822939276695251,0.5404742956161499,0.4181961417198181,0.00019837286289495361
362,0.5606604814529419,0.5203934907913208,0.40266990661621094,0.00019835264309061326
363,0.5515239238739014,0.5122837424278259,0.39240187406539917,0.00019833229947229623
364,0.6128420829772949,0.5684850215911865,0.44357070326805115,0.00019831183206561262
365,0.5369237065315247,0.49907755851745605,0.3784615695476532,0.00019829124089632845
366,0.4981071949005127,0.46160098910331726,0.3650619387626648,0.00019827052599036545
367,0.5314822196960449,0.4925786852836609,0.3890354037284851,0.00019824968737380117
368,0.5628930330276489,0.5221415162086487,0.40751534700393677,0.0001982287250728689
369,0.5735461711883545,0.5315801501274109,0.419660359621048,0.00019820763911395758
370,0.5513904094696045,0.5117302536964417,0.39660125970840454,0.00019818642952361187
371,0.5321497321128845,0.49314889311790466,0.3900086283683777,0.00019816509632853208
372,0.5372346639633179,0.49813902378082275,0.39095640182495117,0.00019814363955557404
373,0.5556036233901978,0.515504777431488,0.40098851919174194,0.0001981220592317493
374,0.535301148891449,0.4964293837547302,0.38871750235557556,0.0001981003553842248
375,0.5253661274909973,0.48674505949020386,0.3862104117870331,0.00019807852804032305
376,0.5603363513946533,0.5199580788612366,0.40378251671791077,0.00019805657722752202
377,0.5265675783157349,0.4887228012084961,0.37844768166542053,0.00019803450297345508
378,0.5347620248794556,0.4962003827095032,0.38561636209487915,0.00019801230530591105
379,0.5204343795776367,0.48335590958595276,0.3707848787307739,0.00019798998425283403
380,0.543127715587616,0.5044851899147034,0.3864254951477051,0.00019796753984232358
381,0.5819763541221619,0.5408877730369568,0.41088560223579407,0.00019794497210263442
382,0.5317744612693787,0.49289390444755554,0.38880547881126404,0.00019792228106217658
383,0.5189816951751709,0.4795723259449005,0.3940935432910919,0.00019789946674951536
384,0.5641622543334961,0.5234721899032593,0.4069003462791443,0.00019787652919337116
385,0.5859615802764893,0.5444439053535461,0.41517674922943115,0.00019785346842261957
386,0.5045695304870605,0.46809864044189453,0.36470887064933777,0.00019783028446629123
387,0.5258116126060486,0.4875096082687378,0.3830202519893646,0.00019780697735357204
388,0.5606401562690735,0.5203819870948792,0.40258195996284485,0.0001977835471138027
389,0.5192777514457703,0.48073893785476685,0.38538840413093567,0.0001977599937764791
390,0.5478998422622681,0.5078218579292297,0.4007797837257385,0.00019773631737125192
391,0.5526965260505676,0.513403594493866,0.3929295539855957,0.00019771251792792698
392,0.5414960980415344,0.5034156441688538,0.38080447912216187,0.00019768859547646478
393,0.5990729928016663,0.5564202070236206,0.4265280067920685,0.00019766455004698082
394,0.5183713436126709,0.48081308603286743,0.37558263540267944,0.00019764038166974535
395,0.4857129156589508,0.4513729512691498,0.3433995842933655,0.0001976160903751834
396,0.49279725551605225,0.457599937915802,0.35197311639785767,0.00019759167619387476
397,0.5281307697296143,0.49107250571250916,0.3705824613571167,0.0001975671391565539
398,0.5835171937942505,0.5409570336341858,0.4256017804145813,0.00019754247929410995
399,0.5290024876594543,0.4910151958465576,0.3798728883266449,0.00019751769663758665
400,0.5270655155181885,0.4893682301044464,0.37697312235832214,0.00019749279121818235
401,0.5075685977935791,0.4712452292442322,0.363233745098114,0.00019746776306724998
402,0.4730127453804016,0.43904027342796326,0.33972468972206116,0.0001974426122162969
403,0.6093374490737915,0.56500643491745,0.44330987334251404,0.00019741733869698495
404,0.5210813879966736,0.48392295837402344,0.3715840280056,0.0001973919425411304
405,0.5590548515319824,0.5187605023384094,0.40294337272644043,0.00019736642378070392
406,0.526394248008728,0.4886510372161865,0.3774322271347046,0.00019734078244783054
407,0.5185667276382446,0.48054248094558716,0.380242258310318,0.00019731501857478954
408,0.5548925995826721,0.5149577260017395,0.3993487060070038,0.0001972891321940145
409,0.569715678691864,0.5293363928794861,0.40379294753074646,0.00019726312333809322
410,0.5475004315376282,0.5081812739372253,0.39319178462028503,0.00019723699203976766
411,0.5207421779632568,0.48384514451026917,0.3689703345298767,0.00019721073833193397
412,0.5345930457115173,0.4969352185726166,0.3765783905982971,0.00019718436224764233
413,0.5372217893600464,0.4980524778366089,0.39169320464134216,0.00019715786382009705
414,0.5807071328163147,0.5389590263366699,0.41748082637786865,0.00019713124308265635
415,0.5206114649772644,0.48261183500289917,0.37999653816223145,0.00019710450006883256
416,0.5344505906105042,0.49677056074142456,0.37680020928382874,0.00019707763481229183
417,0.541848361492157,0.5031349658966064,0.3871338665485382,0.00019705064734685425
418,0.5449064373970032,0.5053132772445679,0.39593175053596497,0.00019702353770649378
419,0.5521263480186462,0.5123804211616516,0.39745914936065674,0.00019699630592533808
420,0.5105523467063904,0.4735966920852661,0.3695566654205322,0.0001969689520376687
421,0.5843638777732849,0.5422952771186829,0.42068591713905334,0.00019694147607792083
422,0.4681106507778168,0.43523213267326355,0.32878512144088745,0.0001969138780806833
423,0.5241569876670837,0.4860556423664093,0.38101330399513245,0.00019688615808069872
424,0.5351783633232117,0.49626943469047546,0.3890894949436188,0.0001968583161128631
425,0.5614871978759766,0.521912693977356,0.39574509859085083,0.00019683035221222618
426,0.5175790190696716,0.4801170229911804,0.3746202290058136,0.00019680226641399096
427,0.5382838845252991,0.5001994371414185,0.3808444142341614,0.00019677405875351414
428,0.5777287483215332,0.5353571772575378,0.42371541261672974,0.00019674572926630567
429,0.5538811087608337,0.5142419338226318,0.3963916301727295,0.00019671727798802895
430,0.5482013821601868,0.5087782740592957,0.39423102140426636,0.00019668870495450066
431,0.5418863892555237,0.5033672451972961,0.385191410779953,0.00019666001020169073
432,0.5431770086288452,0.5037404298782349,0.39436572790145874,0.00019663119376572242
433,0.5286025404930115,0.4909074306488037,0.37695083022117615,0.00019660225568287202
434,0.5098076462745667,0.4732581377029419,0.3654952347278595,0.00019657319598956913
435,0.5159451365470886,0.4791826605796814,0.36762458086013794,0.0001965440147223963
436,0.5554638504981995,0.515453577041626,0.4001029431819916,0.00019651471191808924
437,0.5195493698120117,0.482363224029541,0.3718615472316742,0.00019648528761353652
438,0.5351245403289795,0.4970848560333252,0.3803965747356415,0.00019645574184577982
439,0.4847765862941742,0.45039045810699463,0.3438611626625061,0.00019642607465201364
440,0.5836026668548584,0.5424560308456421,0.4114663302898407,0.00019639628606958533
441,0.5532795786857605,0.5131478309631348,0.40131720900535583,0.0001963663761359951
442,0.570560872554779,0.5298454165458679,0.40715479850769043,0.00019633634488889595
443,0.5463372468948364,0.5081362724304199,0.38201001286506653,0.0001963061923660935
444,0.5992351770401001,0.5567238926887512,0.4251128137111664,0.0001962759186055461
445,0.5000770688056946,0.46480807662010193,0.3526899814605713,0.00019624552364536473
446,0.5547290444374084,0.5157225728034973,0.39006495475769043,0.00019621500752381294
447,0.5538449883460999,0.5141926407814026,0.39652344584465027,0.00019618437027930683
448,0.5396131277084351,0.5007779598236084,0.3883519470691681,0.00019615361195041492
449,0.518441915512085,0.48169928789138794,0.36742639541625977,0.00019612273257585815
450,0.5575650930404663,0.5172926187515259,0.40272489190101624,0.00019609173219450998
451,0.5217429995536804,0.4849696457386017,0.3677336275577545,0.000196060610845396
452,0.4896945655345917,0.4549819827079773,0.34712570905685425,0.0001960293685676943
453,0.5487996935844421,0.5099114179611206,0.38888290524482727,0.00019599800540073505
454,0.546575129032135,0.507883608341217,0.386914998292923,0.00019596652138400064
455,0.528671383857727,0.49157536029815674,0.37096044421195984,0.0001959349165571256
456,0.5172407627105713,0.48091307282447815,0.36327698826789856,0.0001959031909598966
457,0.4876094162464142,0.45348256826400757,0.3412685990333557,0.0001958713446322522
458,0.5272999405860901,0.49024906754493713,0.3705088496208191,0.00019583937761428314
459,0.5977180004119873,0.5550515055656433,0.42666491866111755,0.00019580728994623195
460,0.5016620755195618,0.4669243395328522,0.34737733006477356,0.00019577508166849304
461,0.5256407856941223,0.48791852593421936,0.37722286581993103,0.00019574275282161283
462,0.5416309833526611,0.5025100708007812,0.3912088871002197,0.00019571030344628926
463,0.5428160429000854,0.5040975213050842,0.38718530535697937,0.00019567773358337222
464,0.5339010953903198,0.49614593386650085,0.37755143642425537,0.00019564504327386316
465,0.5359615683555603,0.4979008138179779,0.3806075155735016,0.0001956122325589152
466,0.5318225622177124,0.49334609508514404,0.3847644329071045,0.00019557930147983302
467,0.5413402318954468,0.5026783347129822,0.3866189420223236,0.00019554625007807283
468,0.5120308995246887,0.4764130711555481,0.35617825388908386,0.0001955130783952423
469,0.5864309072494507,0.5450732111930847,0.41357725858688354,0.00019547978647310057
470,0.5878949761390686,0.5460689067840576,0.4182608425617218,0.00019544637435355808
471,0.4986202120780945,0.46403762698173523,0.34582579135894775,0.00019541284207867662
472,0.5259027481079102,0.4887523949146271,0.3715032637119293,0.0001953791896906692
473,0.5616634488105774,0.5211449265480042,0.40518495440483093,0.0001953454172319001
474,0.5151425004005432,0.4789120852947235,0.36230435967445374,0.00019531152474488477
475,0.5245633125305176,0.4872437119483948,0.373196005821228,0.00019527751227228963
476,0.5410318374633789,0.5027309060096741,0.383009135723114,0.0001952433798569323
477,0.5042191743850708,0.46861451864242554,0.35604628920555115,0.00019520912754178123
478,0.5285600423812866,0.49109721183776855,0.37462830543518066,0.00019517475536995604
479,0.52894526720047,0.4904669225215912,0.3847835063934326,0.000195140263384727
480,0.5576769709587097,0.518145740032196,0.3953125774860382,0.00019510565162951537
481,0.5298207402229309,0.49289610981941223,0.3692464232444763,0.0001950709201478931
482,0.49608147144317627,0.46066418290138245,0.354172945022583,0.00019503606898358284
483,0.5455014109611511,0.5070109963417053,0.3849043548107147,0.00019500109818045805
484,0.5424865484237671,0.5045477151870728,0.37938833236694336,0.00019496600778254263
485,0.578835666179657,0.5374555587768555,0.41380125284194946,0.00019493079783401113
486,0.5469065308570862,0.5078434944152832,0.390630304813385,0.0001948954683791886
487,0.4915245473384857,0.4567687511444092,0.3475579023361206,0.00019486001946255046
488,0.5277916789054871,0.49008598923683167,0.37705686688423157,0.00019482445112872264
489,0.538626492023468,0.5006459355354309,0.37980538606643677,0.00019478876342248128
490,0.5429829955101013,0.504149317741394,0.38833680748939514,0.0001947529563887529
491,0.5443232655525208,0.5059266686439514,0.3839661777019501,0.00019471703007261412
492,0.5225256681442261,0.4858887791633606,0.36636894941329956,0.00019468098451929183
493,0.5196324586868286,0.4823881983757019,0.37244290113449097,0.00019464481977416297
494,0.5632280707359314,0.5234149694442749,0.39813119173049927,0.00019460853588275454
495,0.518380880355835,0.4816237986087799,0.36757099628448486,0.00019457213289074355
496,0.5166876316070557,0.48016172647476196,0.36525899171829224,0.00019453561084395687
497,0.5541099309921265,0.5145425200462341,0.39567428827285767,0.00019449896978837141
498,0.5261296629905701,0.4890934228897095,0.37036237120628357,0.0001944622097701137
499,0.5363337397575378,0.498479962348938,0.3785378038883209,0.00019442533083546012
500,0.596359133720398,0.5544862151145935,0.41872888803482056,0.00019438833303083678
501,0.5723088383674622,0.5315566658973694,0.40752196311950684,0.00019435121640281938
502,0.47485873103141785,0.4414464235305786,0.3341231048107147,0.00019431398099813323
503,0.5720852017402649,0.531834602355957,0.4025062024593353,0.00019427662686365314
504,0.5259784460067749,0.48861008882522583,0.37368354201316833,0.0001942391540464035
505,0.5543373823165894,0.5153454542160034,0.38991907238960266,0.00019420156259355791
506,0.5287253856658936,0.4912506937980652,0.37474700808525085,0.00019416385255243944
507,0.5441882014274597,0.5055835247039795,0.38604655861854553,0.00019412602397052048
508,0.5376044511795044,0.49920734763145447,0.38397103548049927,0.00019408807689542257
509,0.5442878007888794,0.5060624480247498,0.38225382566452026,0.00019405001137491642
510,0.4955140948295593,0.46058154106140137,0.3493255376815796,0.0001940118274569219
511,0.5353757739067078,0.4975150227546692,0.3786073327064514,0.00019397352518950794
512,0.517829418182373,0.4815465211868286,0.3628290891647339,0.00019393510462089236
513,0.5037046074867249,0.4684043824672699,0.3530021607875824,0.000193896565799442
514,0.5437213778495789,0.5049492716789246,0.3877207934856415,0.00019385790877367255
515,0.5646902918815613,0.5250083804130554,0.39681902527809143,0.00019381913359224842
516,0.5503559708595276,0.5124461650848389,0.379098117351532,0.0001937802403039829
517,0.5330469608306885,0.49574464559555054,0.373023122549057,0.0001937412289578379
518,0.501448392868042,0.46527671813964844,0.36171647906303406,0.00019370209960292386
519,0.49592679738998413,0.46117278933525085,0.3475401997566223,0.00019366285228849996
520,0.4972497820854187,0.462350070476532,0.3489970564842224,0.00019362348706397373
521,0.5314879417419434,0.4944429099559784,0.37045052647590637,0.0001935840039789012
522,0.5240296721458435,0.4870899021625519,0.36939793825149536,0.00019354440308298672
523,0.5309930443763733,0.4924603998661041,0.3853265643119812,0.00019350468442608305
524,0.5101383924484253,0.4739173650741577,0.3622100353240967,0.0001934648480581911
525,0.5197815895080566,0.48252928256988525,0.37252289056777954,0.00019342489402945998
526,0.5311585664749146,0.4938993453979492,0.37259194254875183,0.000193384822390187
527,0.566024899482727,0.5260065793991089,0.40018290281295776,0.00019334463319081735
528,0.5346458554267883,0.4967978298664093,0.3784802556037903,0.00019330432648194444
529,0.5068861842155457,0.47195738554000854,0.34928813576698303,0.00019326390231430942
530,0.5885474681854248,0.5470184683799744,0.4152900278568268,0.00019322336073880142
531,0.5033402442932129,0.4679083526134491,0.35431864857673645,0.00019318270180645737
532,0.5107472538948059,0.47466856241226196,0.3607868552207947,0.00019314192556846185
533,0.5154604315757751,0.47896623611450195,0.36494180560112,0.00019310103207614718
534,0.563801646232605,0.5240852236747742,0.39716431498527527,0.00019306002138099327
535,0.5483420491218567,0.5092030167579651,0.39139029383659363,0.00019301889353462762
536,0.495959997177124,0.46097636222839355,0.3498364984989166,0.00019297764858882514
537,0.5576245188713074,0.5188118815422058,0.38812652230262756,0.0001929362865955082
538,0.5085345506668091,0.47238412499427795,0.3615044951438904,0.0001928948076067465
539,0.51380455493927,0.47776827216148376,0.3603629469871521,0.00019285321167475698
540,0.5488290786743164,0.5095914006233215,0.3923768103122711,0.0001928114988519039
541,0.4844265878200531,0.449844092130661,0.3458249866962433,0.00019276966919069862
542,0.5267592072486877,0.48960697650909424,0.371522456407547,0.0001927277227437995
543,0.5375575423240662,0.49956583976745605,0.37991708517074585,0.00019268565956401208
544,0.5334819555282593,0.49565577507019043,0.378261923789978,0.00019264347970428876
545,0.526187539100647,0.4885486960411072,0.37638819217681885,0.0001926011832177288
546,0.5020523071289062,0.4668385982513428,0.3521369397640228,0.00019255877015757835
547,0.5190625190734863,0.4818827211856842,0.3717982769012451,0.00019251624057723023
548,0.4776225686073303,0.44367143511772156,0.3395111858844757,0.00019247359453022407
549,0.499289333820343,0.46333763003349304,0.3595171868801117,0.00019243083207024598
550,0.5329011678695679,0.4958551824092865,0.3704596757888794,0.0001923879532511287
551,0.5300648212432861,0.4930272102355957,0.3703764081001282,0.0001923449581268514
552,0.5376086831092834,0.49949193000793457,0.38116756081581116,0.00019230184675153976
553,0.5430745482444763,0.5037598609924316,0.3931470811367035,0.00019225861917946565
554,0.566007673740387,0.5264644622802734,0.39543190598487854,0.0001922152754650474
555,0.5075363516807556,0.4718005955219269,0.3573576807975769,0.0001921718156628494
556,0.5251584649085999,0.4879685938358307,0.37189871072769165,0.00019212823982758226
557,0.5384336113929749,0.500244677066803,0.3818891942501068,0.00019208454801410266
558,0.5299794673919678,0.4929381012916565,0.37041372060775757,0.0001920407402774132
559,0.559354305267334,0.5198326706886292,0.39521610736846924,0.00019199681667266252
560,0.5535769462585449,0.5140174627304077,0.39559462666511536,0.0001919527772551451
561,0.5412748456001282,0.503410279750824,0.37864547967910767,0.0001919086220803011
562,0.48891282081604004,0.4546431601047516,0.34269651770591736,0.0001918643512037166
563,0.48009923100471497,0.4462433159351349,0.33855918049812317,0.00019181996468112323
564,0.5226520895957947,0.4864586293697357,0.36193445324897766,0.00019177546256839812
565,0.544102668762207,0.5055591464042664,0.38543495535850525,0.00019173084492156407
566,0.507729709148407,0.47221365571022034,0.3551604151725769,0.00019168611179678924
567,0.5205295085906982,0.48439499735832214,0.36134493350982666,0.00019164126325038714
568,0.5508689284324646,0.5121375918388367,0.38731345534324646,0.00019159629933881666
569,0.5192646384239197,0.48250651359558105,0.36758118867874146,0.00019155122011868186
570,0.48145660758018494,0.4467831552028656,0.3467346131801605,0.00019150602564673198
571,0.51765376329422,0.4804908335208893,0.37162914872169495,0.00019146071597986138
572,0.4928605258464813,0.45797768235206604,0.3488284647464752,0.00019141529117510932
573,0.539844274520874,0.5012956261634827,0.38548657298088074,0.00019136975128966017
574,0.5186750888824463,0.4820961356163025,0.3657897710800171,0.00019132409638084304
575,0.5324738621711731,0.49434828758239746,0.3812558054924011,0.00019127832650613189
576,0.5317918062210083,0.49447324872016907,0.3731858432292938,0.00019123244172314545
577,0.5286620855331421,0.49197667837142944,0.3668537735939026,0.00019118644208964702
578,0.5413237810134888,0.5024625658988953,0.38861212134361267,0.00019114032766354453
579,0.5324917435646057,0.49519121646881104,0.37300539016723633,0.00019109409850289044
580,0.5035464763641357,0.4684719443321228,0.3507450222969055,0.00019104775466588161
581,0.5440782904624939,0.5058661103248596,0.38212183117866516,0.00019100129621085925
582,0.5512092113494873,0.5113154649734497,0.39893752336502075,0.00019095472319630892
583,0.5769067406654358,0.5359327793121338,0.4097393751144409,0.00019090803568086036
584,0.5384964346885681,0.500709056854248,0.37787356972694397,0.00019086123372328746
585,0.5365897417068481,0.49903011322021484,0.3755963146686554,0.00019081431738250814
586,0.5238656401634216,0.48716849088668823,0.36697158217430115,0.00019076728671758438
587,0.501754105091095,0.46693453192710876,0.3481957018375397,0.00019072014178772202
588,0.5202836394309998,0.4840683043003082,0.3621532917022705,0.00019067288265227082
589,0.552341103553772,0.513719379901886,0.3862169682979584,0.00019062550937072424
590,0.5209563374519348,0.48470792174339294,0.3624840974807739,0.00019057802200271942
591,0.4943283498287201,0.45936673879623413,0.34961608052253723,0.0001905304206080372
592,0.5446584820747375,0.5068578124046326,0.37800678610801697,0.00019048270524660196
593,0.5353764891624451,0.49733588099479675,0.38040614128112793,0.0001904348759784815
594,0.5089250802993774,0.4725489616394043,0.3637613356113434,0.00019038693286388698
595,0.4969509541988373,0.4621469974517822,0.3480396270751953,0.00019033887596317298
596,0.5240321159362793,0.4863646328449249,0.37667471170425415,0.00019029070533683725
597,0.5638086795806885,0.5245575904846191,0.39251092076301575,0.00019024242104552074
598,0.5198902487754822,0.48430538177490234,0.35584887862205505,0.00019019402315000752
599,0.5217516422271729,0.48541808128356934,0.3633353114128113,0.00019014551171122457
600,0.5541754364967346,0.5158851742744446,0.3829026222229004,0.0001900968867902419
601,0.5308279991149902,0.49318093061447144,0.37647074460983276,0.0001900481484482724
602,0.47685715556144714,0.4437199831008911,0.33137184381484985,0.0001899992967466716
603,0.5011902451515198,0.4660930633544922,0.35097169876098633,0.0001899503317469379
604,0.5359064340591431,0.4986245930194855,0.37281864881515503,0.00018990125351071226
605,0.5296472311019897,0.4929851293563843,0.3666212558746338,0.00018985206209977813
606,0.5125559568405151,0.475669801235199,0.3688613474369049,0.00018980275757606157
607,0.5210354328155518,0.48443251848220825,0.36602911353111267,0.00018975334000163093
608,0.49150514602661133,0.4574720859527588,0.3403306007385254,0.00018970380943869687
609,0.540463924407959,0.5023649334907532,0.3809899687767029,0.00018965416594961238
610,0.5158327221870422,0.4793756604194641,0.36457061767578125,0.00018960440959687254
611,0.5283121466636658,0.4911583662033081,0.37153759598731995,0.0001895545404431145
612,0.49122828245162964,0.456466406583786,0.34761887788772583,0.00018950455855111745
613,0.5385383367538452,0.5006426572799683,0.37895670533180237,0.0001894544639838025
614,0.5383517146110535,0.5009551048278809,0.3739662766456604,0.00018940425680423264
615,0.5204147100448608,0.4843306839466095,0.36083996295928955,0.00018935393707561251
616,0.5181373357772827,0.48194000124931335,0.3619733452796936,0.00018930350486128856
617,0.6114135980606079,0.568694531917572,0.4271905720233917,0.00018925296022474878
618,0.5595923066139221,0.5200585126876831,0.3953379988670349,0.00018920230322962264
619,0.5315788388252258,0.49424538016319275,0.373334676027298,0.0001891515339396812
620,0.5217910408973694,0.48526397347450256,0.3652704954147339,0.0001891006524188368
621,0.5186216831207275,0.48300206661224365,0.3561961054801941,0.000189049658731143
622,0.534392774105072,0.496538907289505,0.37853845953941345,0.00018899855294079472
623,0.5047575235366821,0.470306932926178,0.34450578689575195,0.00018894733511212782
624,0.5169872045516968,0.4804554283618927,0.3653179705142975,0.00018889600530961934
625,0.4997710883617401,0.46487316489219666,0.3489791452884674,0.00018884456359788724
626,0.5153362154960632,0.4792989194393158,0.36037299036979675,0.00018879301004169036
627,0.4888567328453064,0.4552699625492096,0.3358677625656128,0.00018874134470592835
628,0.5389344096183777,0.5009411573410034,0.379932701587677,0.0001886895676556415
629,0.5652164220809937,0.5256718993186951,0.39544549584388733,0.00018863767895601087
630,0.48668864369392395,0.45240330696105957,0.3428534269332886,0.000188585678672358
631,0.5222292542457581,0.4862769544124603,0.3595232367515564,0.00018853356687014485
632,0.567592442035675,0.5277500748634338,0.3984238803386688,0.00018848134361497385
633,0.4893891513347626,0.45472660660743713,0.34662553668022156,0.0001884290089725877
634,0.515163004398346,0.47878536581993103,0.36377647519111633,0.00018837656300886937
635,0.501803457736969,0.4663693606853485,0.35434088110923767,0.00018832400578984183
636,0.5211522579193115,0.48536980152130127,0.35782483220100403,0.0001882713373816683
637,0.5170598030090332,0.48139092326164246,0.356688529253006,0.00018821855785065185
638,0.5224409699440002,0.48590248823165894,0.3653849959373474,0.00018816566726323548
639,0.5642082691192627,0.5252729058265686,0.3893536627292633,0.00018811266568600194
640,0.5556661486625671,0.5164926648139954,0.39173486828804016,0.0001880595531856738
641,0.5177955627441406,0.4820210337638855,0.3577454388141632,0.00018800632982911322
642,0.5291553735733032,0.49236583709716797,0.3678952753543854,0.00018795299568332184
643,0.49024564027786255,0.45577093958854675,0.3447468876838684,0.00018789955081544092
644,0.547822892665863,0.5090256929397583,0.3879717290401459,0.000187845995292751
645,0.5433274507522583,0.50489741563797,0.3843001425266266,0.00018779232918267195
646,0.5162610411643982,0.4798550009727478,0.3640604615211487,0.00018773855255276283
647,0.48779380321502686,0.45356693863868713,0.34226861596107483,0.00018768466547072188
648,0.5034798979759216,0.46777015924453735,0.3570975959300995,0.00018763066800438636
649,0.5037622451782227,0.4673657715320587,0.3639647960662842,0.00018757656022173248
650,0.5107854008674622,0.47527769207954407,0.3550773561000824,0.00018752234219087538
651,0.5582687854766846,0.519234836101532,0.3903396725654602,0.0001874680139800689
652,0.47212475538253784,0.4383707046508789,0.3375404179096222,0.0001874135756577056
653,0.480453222990036,0.44700223207473755,0.33450987935066223,0.00018735902729231677
654,0.5088964104652405,0.47394245862960815,0.34953930974006653,0.00018730436895257206
655,0.5211718082427979,0.48549583554267883,0.3567599952220917,0.00018724960070727972
656,0.5048826932907104,0.46942517161369324,0.35457518696784973,0.00018719472262538624
657,0.49854591488838196,0.46314024925231934,0.354056715965271,0.00018713973477597646
658,0.5101812481880188,0.47462958097457886,0.35551688075065613,0.00018708463722827336
659,0.540276825428009,0.5028539896011353,0.37422841787338257,0.00018702943005163803
660,0.5432302951812744,0.5056286454200745,0.37601667642593384,0.00018697411331556956
661,0.5346798300743103,0.497225821018219,0.37453994154930115,0.00018691868708970496
662,0.5067334175109863,0.47109031677246094,0.3564307689666748,0.00018686315144381913
663,0.500403106212616,0.46491849422454834,0.354846328496933,0.00018680750644782467
664,0.50132817029953,0.4664725959300995,0.3485559821128845,0.00018675175217177175
665,0.5145535469055176,0.47818318009376526,0.3637033700942993,0.0001866958886858483
666,0.5020545721054077,0.46703362464904785,0.350209504365921,0.0001866399160603796
667,0.47456929087638855,0.44081202149391174,0.3375726044178009,0.0001865838343658284
668,0.5033936500549316,0.46767452359199524,0.3571913242340088,0.00018652764367279461
669,0.5202640891075134,0.48363402485847473,0.36630088090896606,0.0001864713440520155
670,0.5190839767456055,0.4821758568286896,0.3690809905529022,0.0001864149355743655
671,0.4857809245586395,0.4513070583343506,0.344738632440567,0.00018635841831085586
672,0.5223273038864136,0.48622772097587585,0.3609958589076996,0.00018630179233263504
673,0.5374709963798523,0.49957624077796936,0.37894782423973083,0.00018624505771098817
674,0.5397359132766724,0.5025533437728882,0.3718259036540985,0.00018618821451733724
675,0.4671177566051483,0.43445146083831787,0.32666298747062683,0.00018613126282324092
676,0.48660367727279663,0.4521462023258209,0.34457483887672424,0.0001860742027003944
677,0.5054246783256531,0.47009414434432983,0.353305459022522,0.0001860170342206294
678,0.5517439842224121,0.513468861579895,0.38275107741355896,0.0001859597574559141
679,0.4816293716430664,0.4477020800113678,0.3392729163169861,0.00018590237247835293
680,0.5531595349311829,0.5146787166595459,0.38480809330940247,0.00018584487936018661
681,0.513054370880127,0.4764416515827179,0.3661269545555115,0.00018578727817379195
682,0.5269914269447327,0.49060848355293274,0.36382943391799927,0.0001857295689916818
683,0.5343906879425049,0.49733036756515503,0.37060344219207764,0.00018567175188650498
684,0.5820335149765015,0.5416743755340576,0.40359169244766235,0.00018561382693104615
685,0.5409876704216003,0.502683162689209,0.38304513692855835,0.00018555579419822583
686,0.5374990701675415,0.49914416670799255,0.383548766374588,0.0001854976537611001
687,0.5142308473587036,0.4785585105419159,0.35672327876091003,0.00018543940569286065
688,0.5315351486206055,0.4944591820240021,0.3707599639892578,0.00018538105006683472
689,0.5376875996589661,0.4993434250354767,0.3834419846534729,0.00018532258695648496
690,0.5094853639602661,0.4737132787704468,0.35772088170051575,0.00018526401643540922
691,0.5166865587234497,0.48098546266555786,0.3570110499858856,0.0001852053385773407
692,0.5262802839279175,0.4890362024307251,0.3724411129951477,0.00018514655345614763
693,0.539307177066803,0.5016134977340698,0.37693697214126587,0.00018508766114583332
694,0.520428478717804,0.4835992455482483,0.36829257011413574,0.00018502866172053598
695,0.5190880298614502,0.4828623831272125,0.3622567355632782,0.00018496955525452874
696,0.556374192237854,0.5167624950408936,0.3961166739463806,0.0001849103418222194
697,0.5092241764068604,0.47323837876319885,0.3598579168319702,0.00018485102149815038
698,0.5235933065414429,0.487295001745224,0.36298316717147827,0.00018479159435699883
699,0.46957314014434814,0.43670138716697693,0.3287173807621002,0.00018473206047357619
700,0.5259107351303101,0.48884254693984985,0.3706817328929901,0.00018467241992282843
701,0.5539292097091675,0.5154080390930176,0.38521143794059753,0.00018461267277983568
702,0.5114562511444092,0.4757317006587982,0.3572453558444977,0.0001845528191198123
703,0.5489724278450012,0.5103110074996948,0.38661426305770874,0.00018449285901810675
704,0.5395272374153137,0.5013712644577026,0.3815597593784332,0.00018443279255020152
705,0.4735037684440613,0.4406839907169342,0.328197717666626,0.0001843726197917129
706,0.500038743019104,0.46506693959236145,0.34971800446510315,0.0001843123408183911
707,0.48799896240234375,0.4541556239128113,0.3384333550930023,0.00018425195570611998
708,0.5483053922653198,0.5092705488204956,0.3903486430644989,0.00018419146453091701
709,0.5126798152923584,0.47677260637283325,0.35907208919525146,0.0001841308673689332
710,0.5151389241218567,0.47914570569992065,0.3599322438240051,0.00018407016429645303
711,0.5197033286094666,0.4833342730998993,0.36369046568870544,0.0001840093553898942
712,0.5129255652427673,0.4771273732185364,0.3579820394515991,0.00018394844072580773
713,0.5202498435974121,0.48346900939941406,0.36780834197998047,0.00018388742038087777
714,0.5408174991607666,0.5032470226287842,0.37570491433143616,0.00018382629443192144
715,0.49332407116889954,0.4585813879966736,0.34742674231529236,0.00018376506295588886
716,0.49105286598205566,0.4568753242492676,0.3417752981185913,0.00018370372602986303
717,0.5352019667625427,0.4981090724468231,0.37092888355255127,0.00018364228373105964
718,0.4955907464027405,0.46135738492012024,0.3423335552215576,0.00018358073613682706
719,0.5255579948425293,0.4891918897628784,0.36366090178489685,0.0001835190833246461
720,0.507652759552002,0.47158706188201904,0.3606571555137634,0.00018345732537213027
721,0.49894747138023376,0.4634952247142792,0.35452237725257874,0.00018339546235702524
722,0.4707756042480469,0.43772223591804504,0.33053353428840637,0.00018333349435720894
723,0.46620285511016846,0.43324965238571167,0.3295319974422455,0.0001832714214506916
724,0.5426605343818665,0.5047194361686707,0.37941113114356995,0.0001832092437156154
725,0.4937480688095093,0.45950427651405334,0.3424380421638489,0.00018314696123025454
726,0.5457406044006348,0.5077906250953674,0.37949997186660767,0.00018308457407301503
727,0.5578600764274597,0.5184884667396545,0.39371588826179504,0.00018302208232243473
728,0.5474870800971985,0.5097708106040955,0.377162903547287,0.00018295948605718314
729,0.5243034362792969,0.4880252480506897,0.3627821207046509,0.00018289678535606126
730,0.5197189450263977,0.48362287878990173,0.3609609305858612,0.00018283398029800166
731,0.4899108111858368,0.45534664392471313,0.34564176201820374,0.00018277107096206826
732,0.46638888120651245,0.43400031328201294,0.3238857686519623,0.00018270805742745617
733,0.5209506750106812,0.4840583801269531,0.36892297863960266,0.00018264493977349184
734,0.4869687557220459,0.45280516147613525,0.34163591265678406,0.0001825817180796326
735,0.5196182727813721,0.48374900221824646,0.3586924970149994,0.00018251839242546696
736,0.48392024636268616,0.4501058757305145,0.3381437361240387,0.0001824549628907141
737,0.5139417052268982,0.4776345193386078,0.36307212710380554,0.00018239142955522406
738,0.5276398658752441,0.49060940742492676,0.3703047037124634,0.0001823277924989776
739,0.4904811382293701,0.4559398293495178,0.345412939786911,0.000182264051802086
740,0.5358112454414368,0.4981789290904999,0.3763234317302704,0.00018220020754479102
741,0.5537571907043457,0.5149601101875305,0.38797083497047424,0.00018213625980746475
742,0.508483350276947,0.47317320108413696,0.3531012237071991,0.00018207220867060966
743,0.5043429136276245,0.46918007731437683,0.35162848234176636,0.00018200805421485824
744,0.5053743720054626,0.4702499210834503,0.3512446880340576,0.0001819437965209732
745,0.5184148550033569,0.4827318489551544,0.356829971075058,0.0001818794356698471
746,0.5285882949829102,0.490641713142395,0.37946557998657227,0.00018181497174250236
747,0.5197891592979431,0.48442593216896057,0.3536321222782135,0.0001817504048200912
748,0.550896406173706,0.512369692325592,0.3852672278881073,0.00018168573498389564
749,0.46075454354286194,0.42784109711647034,0.3291344940662384,0.00018162096231532694
750,0.5021812915802002,0.46768343448638916,0.34497880935668945,0.00018155608689592604
751,0.5378127098083496,0.5007212162017822,0.37091493606567383,0.0001814911088073632
752,0.5102217793464661,0.4747973084449768,0.35424450039863586,0.00018142602813143785
753,0.5188714861869812,0.4825379550457001,0.3633353114128113,0.00018136084495007872
754,0.5419245362281799,0.5040642619132996,0.3786029815673828,0.0001812955593453434
755,0.4990338385105133,0.46444475650787354,0.3458907902240753,0.0001812301713994185
756,0.5394025444984436,0.5017613768577576,0.37641164660453796,0.00018116468119461953
757,0.5304187536239624,0.4938388466835022,0.3657992482185364,0.00018109908881339058
758,0.5337774157524109,0.4967952370643616,0.3698216676712036,0.00018103339433830454
759,0.4951325058937073,0.46080729365348816,0.3432519733905792,0.00018096759785206267
760,0.48298490047454834,0.44899842143058777,0.3398646414279938,0.00018090169943749476
761,0.4985749423503876,0.4634926915168762,0.35082244873046875,0.00018083569917755885
762,0.5179319977760315,0.48170462250709534,0.36227360367774963,0.00018076959715534124
763,0.5012049674987793,0.46660730242729187,0.34597641229629517,0.00018070339345405625
764,0.5057544112205505,0.47080957889556885,0.3494481146335602,0.00018063708815704632
765,0.4966069757938385,0.46251457929611206,0.34092384576797485,0.00018057068134778173
766,0.5121559500694275,0.47662317752838135,0.3553275167942047,0.00018050417310986052
767,0.5206198692321777,0.48391538858413696,0.3670448362827301,0.00018043756352700846
768,0.4823262691497803,0.4485158920288086,0.3381037414073944,0.00018037085268307889
769,0.5422849655151367,0.503690242767334,0.3859473764896393,0.0001803040406620526
770,0.5137941241264343,0.4781351685523987,0.3565896451473236,0.0001802371275480378
771,0.4802071452140808,0.4461499750614166,0.3405718505382538,0.0001801701134252699
772,0.5052763223648071,0.4700596034526825,0.3521673381328583,0.0001801029983781116
773,0.5170699954032898,0.48047566413879395,0.3659433424472809,0.00018003578249105244
774,0.5159003138542175,0.480096697807312,0.3580363988876343,0.00017996846584870908
775,0.48745477199554443,0.45385345816612244,0.33601322770118713,0.00017990104853582493
776,0.5047177672386169,0.4693750739097595,0.3534272015094757,0.00017983353063727016
777,0.5350302457809448,0.49732595682144165,0.37704312801361084,0.00017976591223804161
778,0.48385921120643616,0.45061296224594116,0.3324624001979828,0.00017969819342326254
779,0.48984938859939575,0.45576149225234985,0.34087881445884705,0.00017963037427818268
780,0.5425443649291992,0.5046296119689941,0.3791472911834717,0.00017956245488817812
781,0.5010073781013489,0.466030478477478,0.34976884722709656,0.000179494435338751
782,0.5356613397598267,0.4977656304836273,0.3789573013782501,0.00017942631571552973
783,0.526114821434021,0.48955047130584717,0.3656434714794159,0.0001793580961042685
784,0.5181249976158142,0.4817578196525574,0.36367177963256836,0.00017928977659084755
785,0.48658013343811035,0.4526561498641968,0.33923977613449097,0.00017922135726127275
786,0.5216624736785889,0.48510250449180603,0.3655996024608612,0.00017915283820167573
787,0.5286106467247009,0.491852343082428,0.36758291721343994,0.00017908421949831366
788,0.4614099860191345,0.42937836050987244,0.3203163743019104,0.00017901550123756906
789,0.5408156514167786,0.5037314295768738,0.37084242701530457,0.00017894668350594981
790,0.5190277099609375,0.48257678747177124,0.36450931429862976,0.00017887776639008914
791,0.5072672963142395,0.47122901678085327,0.3603827953338623,0.00017880874997674515
792,0.45658090710639954,0.42504194378852844,0.3153895139694214,0.00017873963435280121
793,0.5507393479347229,0.5122236013412476,0.3851575255393982,0.00017867041960526535
794,0.4632093906402588,0.43145036697387695,0.3175903260707855,0.0001786011058212706
795,0.5377210378646851,0.49966275691986084,0.380582720041275,0.00017853169308807448
796,0.492570698261261,0.45831620693206787,0.3425447940826416,0.0001784621814930592
797,0.49540749192237854,0.4610196053981781,0.3438788652420044,0.00017839257112373132
798,0.533931314945221,0.49654948711395264,0.3738182485103607,0.00017832286206772186
799,0.5212543606758118,0.4850262999534607,0.36228078603744507,0.00017825305441278598
800,0.5181346535682678,0.48246288299560547,0.3567174971103668,0.000178183148246803
801,0.523471474647522,0.4865819811820984,0.36889517307281494,0.00017811314365777625
802,0.52271968126297,0.4862428605556488,0.3647680878639221,0.000178043040733833
803,0.48528432846069336,0.45148414373397827,0.33800187706947327,0.0001779728395632242
804,0.5256620645523071,0.4889649748802185,0.3669707775115967,0.00017790254023432466
805,0.48961004614830017,0.4552263617515564,0.34383681416511536,0.00017783214283563262
806,0.5333823561668396,0.4960722029209137,0.37310144305229187,0.00017776164745576976
807,0.5595726370811462,0.5205193758010864,0.39053240418434143,0.00017769105418348122
808,0.5343087315559387,0.4967890679836273,0.37519657611846924,0.00017762036310763532
809,0.4685140550136566,0.4360412061214447,0.3247285485267639,0.00017754957431722346
810,0.5009509325027466,0.46517592668533325,0.3577497601509094,0.0001774786879013601
811,0.46046358346939087,0.42856231331825256,0.31901273131370544,0.0001774077039492826
812,0.5016849637031555,0.4670073091983795,0.3467763364315033,0.00017733662255035114
813,0.4787537157535553,0.4447495937347412,0.34004130959510803,0.0001772654437940484
814,0.5098803043365479,0.47429606318473816,0.3558422029018402,0.0001771941677699799
815,0.5060346722602844,0.47046220302581787,0.3557244539260864,0.00017712279456787332
816,0.47963759303092957,0.44599649310112,0.33641111850738525,0.00017705132427757895
817,0.5484102964401245,0.5099502801895142,0.38460013270378113,0.00017697975698906904
818,0.488824725151062,0.45455121994018555,0.34273508191108704,0.00017690809279243813
819,0.5200735330581665,0.4836825132369995,0.36391040682792664,0.00017683633177790272
820,0.476578950881958,0.44350025057792664,0.3307870328426361,0.0001767644740358011
821,0.49637719988822937,0.4613376557826996,0.35039544105529785,0.0001766925196565935
822,0.5280196070671082,0.490777850151062,0.3724178075790405,0.00017662046873086163
823,0.5097717046737671,0.4740258455276489,0.3574587106704712,0.00017654832134930882
824,0.5572533011436462,0.5178887248039246,0.3936457931995392,0.00017647607760275987
825,0.48136886954307556,0.4481830596923828,0.33185797929763794,0.00017640373758216077
826,0.5303119421005249,0.4930679202079773,0.37244051694869995,0.0001763313013785788
827,0.5282109975814819,0.4912867844104767,0.3692421317100525,0.00017625876908320236
828,0.49773502349853516,0.4624437689781189,0.35291263461112976,0.00017618614078734069
829,0.5002991557121277,0.46554961800575256,0.3474956452846527,0.00017611341658242395
830,0.5573543310165405,0.5186960101127625,0.38658297061920166,0.0001760405965600031
831,0.5422875285148621,0.5043595433235168,0.3792797327041626,0.00017596768081174963
832,0.5254048109054565,0.48885196447372437,0.3655286431312561,0.00017589466942945556
833,0.49695998430252075,0.46261462569236755,0.34345367550849915,0.00017582156250503335
834,0.4843660891056061,0.4500802457332611,0.34285852313041687,0.00017574836013051562
835,0.48440122604370117,0.4504382312297821,0.3396300971508026,0.0001756750623980553
836,0.504045844078064,0.4688291847705841,0.3521665036678314,0.00017560166939992528
837,0.5418624877929688,0.5040069222450256,0.37855586409568787,0.00017552818122851838
838,0.49813926219940186,0.46380412578582764,0.3433513045310974,0.0001754545979763472
839,0.5278876423835754,0.4917429983615875,0.361446350812912,0.00017538091973604418
840,0.5282284617424011,0.491621196269989,0.3660728633403778,0.00017530714660036112
841,0.4931235909461975,0.45893001556396484,0.3419356644153595,0.00017523327866216944
842,0.5484046936035156,0.5099884867668152,0.38416197896003723,0.00017515931601445986
843,0.4915439784526825,0.45716965198516846,0.34374314546585083,0.00017508525875034237
844,0.4969988763332367,0.46260738372802734,0.3439149558544159,0.00017501110696304596
845,0.48089098930358887,0.44685474038124084,0.34036263823509216,0.00017493686074591873
846,0.5255289077758789,0.4889554977416992,0.36573392152786255,0.0001748625201924276
847,0.5586645007133484,0.5191941857337952,0.39470309019088745,0.00017478808539615824
848,0.5309622883796692,0.49432581663131714,0.36636486649513245,0.00017471355645081498
849,0.4814993739128113,0.44800084829330444,0.33498522639274597,0.00017463893345022067
850,0.4887855052947998,0.45407164096832275,0.3471386134624481,0.00017456421648831655
851,0.5233650207519531,0.4872916340827942,0.3607337474822998,0.00017448940565916222
852,0.5293466448783875,0.4925430417060852,0.368036150932312,0.0001744145010569353
853,0.5172600150108337,0.48079046607017517,0.3646954596042633,0.00017433950277593162
854,0.5274229645729065,0.4911312460899353,0.36291706562042236,0.0001742644109105648
855,0.5393118262290955,0.50157231092453,0.3773953318595886,0.00017418922555536637
856,0.5126608610153198,0.4770074784755707,0.3565339744091034,0.0001741139468049855
857,0.49242910742759705,0.4579472541809082,0.34481847286224365,0.00017403857475418896
858,0.525905191898346,0.4893544912338257,0.3655070662498474,0.000173963109497861
859,0.49761369824409485,0.4630715847015381,0.34542116522789,0.0001738875511310031
860,0.5087196230888367,0.47261983156204224,0.3609980344772339,0.00017381189974873407
861,0.4858331084251404,0.45155075192451477,0.34282365441322327,0.00017373615544628978
862,0.5150399804115295,0.47919991612434387,0.35840073227882385,0.00017366031831902304
863,0.5062561631202698,0.4712643027305603,0.3499186635017395,0.0001735843884624035
864,0.5082361102104187,0.47279974818229675,0.35436347126960754,0.00017350836597201767
865,0.49470651149749756,0.459600567817688,0.3510594666004181,0.00017343225094356855
866,0.5367341637611389,0.4989224076271057,0.3781178295612335,0.0001733560434728757
867,0.5491578578948975,0.5108253955841064,0.3833248019218445,0.00017327974365587495
868,0.5026167035102844,0.46725061535835266,0.3536608815193176,0.00017320335158861855
869,0.5424707531929016,0.5048927664756775,0.37577977776527405,0.0001731268673672747
870,0.5017496943473816,0.4667781591415405,0.3497152626514435,0.00017305029108812776
871,0.4914522171020508,0.45714324712753296,0.34308961033821106,0.00017297362284757794
872,0.4928305149078369,0.45794478058815,0.34885722398757935,0.00017289686274214118
873,0.5208619236946106,0.4848923683166504,0.3596954941749573,0.00017282001086844906
874,0.5289604067802429,0.4921048581600189,0.36855560541152954,0.00017274306732324872
875,0.501822829246521,0.46702685952186584,0.3479599356651306,0.0001726660322034027
876,0.48636582493782043,0.4525474011898041,0.3381842374801636,0.00017258890560588888
877,0.5258490443229675,0.48937734961509705,0.3647172152996063,0.00017251168762780013
878,0.5028436183929443,0.4679570198059082,0.34886568784713745,0.0001724343783663445
879,0.5528590679168701,0.5146716237068176,0.3818744719028473,0.00017235697791884494
880,0.5210085511207581,0.4849964678287506,0.3601207137107849,0.00017227948638273916
881,0.5034063458442688,0.46844905614852905,0.3495730757713318,0.00017220190385557955
882,0.544957160949707,0.5069880485534668,0.37969088554382324,0.00017212423043503301
883,0.5278328657150269,0.49020206928253174,0.3763081729412079,0.00017204646621888096
884,0.517611563205719,0.4817031919956207,0.3590838313102722,0.00017196861130501905
885,0.5049923658370972,0.46982839703559875,0.35163968801498413,0.00017189066579145705
886,0.5478455424308777,0.509655773639679,0.38189786672592163,0.0001718126297763189
887,0.5259754657745361,0.48955851793289185,0.36416947841644287,0.0001717345033578424
888,0.6108777523040771,0.5684471726417542,0.42430588603019714,0.00017165628663437922
889,0.5139681100845337,0.4781641364097595,0.3580400347709656,0.00017157797970439464
890,0.5182813405990601,0.4819794297218323,0.3630189299583435,0.00017149958266646754
891,0.5072481036186218,0.47255778312683105,0.3469032049179077,0.00017142109561929023
892,0.5178025364875793,0.48068639636039734,0.371161550283432,0.00017134251866166827
893,0.5405234098434448,0.5032787322998047,0.37244704365730286,0.00017126385189252053
894,0.5459951758384705,0.5078780651092529,0.3811712861061096,0.00017118509541087887
895,0.4947242736816406,0.460269957780838,0.34454306960105896,0.00017110624931588806
896,0.4654009938240051,0.4333164691925049,0.32084524631500244,0.0001710273137068057
897,0.5107274055480957,0.4744165539741516,0.36310866475105286,0.00017094828868300215
898,0.5485348105430603,0.5101051926612854,0.3842960298061371,0.0001708691743439602
899,0.49633240699768066,0.4622349143028259,0.34097492694854736,0.00017078997078927521
900,0.48388081789016724,0.45048952102661133,0.333913117647171,0.00017071067811865476
901,0.49607762694358826,0.4613511264324188,0.3472649157047272,0.00017063129643191864
902,0.5194386839866638,0.4827651083469391,0.36673569679260254,0.00017055182582899873
903,0.47938716411590576,0.44621577858924866,0.33171382546424866,0.00017047226640993883
904,0.5257064700126648,0.48894354701042175,0.36762896180152893,0.0001703926182748945
905,0.47235748171806335,0.4396906793117523,0.32666805386543274,0.00017031288152413306
906,0.5250883102416992,0.4887843728065491,0.36303913593292236,0.00017023305625803333
907,0.5076051950454712,0.47246819734573364,0.35136982798576355,0.0001701531425770856
908,0.5047587752342224,0.46913576126098633,0.35623031854629517,0.0001700731405818914
909,0.5275283455848694,0.4908749461174011,0.36653411388397217,0.00016999305037316352
910,0.5349172949790955,0.49736371636390686,0.3755359351634979,0.00016991287205172573
911,0.5254331231117249,0.4892137944698334,0.36219313740730286,0.0001698326057185128
912,0.5206356048583984,0.4848371148109436,0.3579851984977722,0.00016975225147457026
913,0.48827511072158813,0.45422986149787903,0.34045255184173584,0.00016967180942105423
914,0.5275683999061584,0.49063950777053833,0.3692891299724579,0.00016959127965923142
915,0.49947234988212585,0.46482381224632263,0.3464853763580322,0.0001695106622904791
916,0.4966132640838623,0.46170228719711304,0.3491097092628479,0.0001694299574162846
917,0.525882363319397,0.48949724435806274,0.3638514280319214,0.0001693491651382455
918,0.5408133268356323,0.5035150647163391,0.3729828894138336,0.0001692682855580695
919,0.49343714118003845,0.4593643248081207,0.34072810411453247,0.00016918731877757406
920,0.5157926678657532,0.47954949736595154,0.36243167519569397,0.00016910626489868649
921,0.4961910545825958,0.4612395167350769,0.34951528906822205,0.00016902512402344373
922,0.4918314516544342,0.45714226365089417,0.34689176082611084,0.00016894389625399226
923,0.556593120098114,0.5183431506156921,0.3824998140335083,0.0001688625816925879
924,0.5288442373275757,0.49209144711494446,0.36752814054489136,0.00016878118044159578
925,0.5055225491523743,0.4700281023979187,0.35494422912597656,0.00016869969260349018
926,0.47279462218284607,0.44025474786758423,0.325398713350296,0.00016861811828085429
927,0.5306873917579651,0.49340203404426575,0.37285372614860535,0.00016853645757638024
928,0.528333306312561,0.490644246339798,0.37689051032066345,0.00016845471059286887
929,0.5277698636054993,0.4914274215698242,0.36342447996139526,0.00016837287743322975
930,0.5227925181388855,0.4863545596599579,0.3643798232078552,0.00016829095820048072
931,0.5167637467384338,0.48086997866630554,0.3589377701282501,0.00016820895299774814
932,0.5335509181022644,0.4969909191131592,0.3656001091003418,0.00016812686192826663
933,0.5062451958656311,0.4709359109401703,0.3530929684638977,0.00016804468509537874
934,0.49454572796821594,0.46036699414253235,0.3417872190475464,0.00016796242260253512
935,0.5266070365905762,0.4901532530784607,0.3645378649234772,0.0001678800745532942
936,0.513773500919342,0.47776147723197937,0.36012038588523865,0.0001677976410513221
937,0.5202001333236694,0.48374414443969727,0.36455973982810974,0.00016771512220039255
938,0.4838501513004303,0.4503815174102783,0.3346864581108093,0.00016763251810438678
939,0.48502427339553833,0.45138776302337646,0.3363651633262634,0.00016754982886729318
940,0.4908657670021057,0.45607003569602966,0.34795716404914856,0.00016746705459320745
941,0.4830614924430847,0.44977736473083496,0.332841157913208,0.0001673841953863323
942,0.5013329982757568,0.46644309163093567,0.34889933466911316,0.00016730125135097735
943,0.46518009901046753,0.43282550573349,0.3235458731651306,0.00016721822259155902
944,0.49827536940574646,0.46365272998809814,0.3462263345718384,0.0001671351092126004
945,0.5245457291603088,0.4880702793598175,0.36475464701652527,0.00016705191131873107
946,0.4738788604736328,0.4414311647415161,0.32447704672813416,0.0001669686290146871
947,0.5325192213058472,0.4956921339035034,0.36827099323272705,0.00016688526240531064
948,0.5110777616500854,0.47544941306114197,0.3562835156917572,0.00016680181159555013
949,0.5398759841918945,0.5025803446769714,0.37295666337013245,0.00016671827669045998
950,0.5483425259590149,0.5105440616607666,0.3779844045639038,0.0001666346577952004
951,0.5268334746360779,0.4903099834918976,0.3652348816394806,0.00016655095501503738
952,0.49412813782691956,0.45958223938941956,0.3454590141773224,0.0001664671684553426
953,0.48063868284225464,0.447085440158844,0.33553239703178406,0.00016638329822159296
954,0.4976518154144287,0.4631998538970947,0.34451961517333984,0.00016629934441937097
955,0.48650553822517395,0.4529924690723419,0.33513081073760986,0.00016621530715436414
956,0.5540745854377747,0.5155967473983765,0.38477811217308044,0.00016613118653236518
957,0.49201586842536926,0.45793595910072327,0.3407990634441376,0.00016604698265927173
958,0.46199989318847656,0.4301528334617615,0.31847065687179565,0.0001659626956410861
959,0.5115780234336853,0.47565194964408875,0.3592604696750641,0.0001658783255839154
960,0.4551253616809845,0.4230608642101288,0.32064497470855713,0.00016579387259397127
961,0.49540239572525024,0.4608933925628662,0.34509018063545227,0.00016570933677756967
962,0.4875749945640564,0.45368093252182007,0.33894065022468567,0.00016562471824113092
963,0.49829739332199097,0.46352502703666687,0.34772375226020813,0.0001655400170911794
964,0.5258596539497375,0.48913663625717163,0.3672301173210144,0.00016545523343434356
965,0.47846466302871704,0.44546112418174744,0.33003535866737366,0.00016537036737735564
966,0.48830199241638184,0.45406925678253174,0.3423273265361786,0.00016528541902705162
967,0.4788782596588135,0.44542771577835083,0.33450543880462646,0.00016520038849037117
968,0.4839860200881958,0.4506016969680786,0.3338431119918823,0.00016511527587435737
969,0.4964604377746582,0.46198171377182007,0.3447870910167694,0.00016503008128615655
970,0.49913719296455383,0.4643649160861969,0.3477227985858917,0.00016494480483301836
971,0.49256038665771484,0.45847219228744507,0.3408818542957306,0.00016485944662229546
972,0.5191453695297241,0.4830448627471924,0.3610047996044159,0.00016477400676144334
973,0.5118243098258972,0.4763007164001465,0.3552361726760864,0.00016468848535802045
974,0.4764341115951538,0.4429890215396881,0.33445093035697937,0.00016460288251968775
975,0.4753877818584442,0.4421811103820801,0.33206668496131897,0.00016451719835420877
976,0.5124998092651367,0.47609102725982666,0.3640877902507782,0.00016443143296944945
977,0.5272655487060547,0.4900057911872864,0.37259751558303833,0.0001643455864733779
978,0.49974653124809265,0.46471747756004333,0.3502904176712036,0.0001642596589740644
979,0.5261912941932678,0.4902535080909729,0.35937801003456116,0.00016417365057968123
980,0.5061020851135254,0.4707130789756775,0.35389015078544617,0.0001640875613985024
981,0.5138189792633057,0.4775128662586212,0.36306098103523254,0.00016400139153890375
982,0.5059463381767273,0.4703880846500397,0.3555825650691986,0.00016391514110936255
983,0.5309264659881592,0.49383634328842163,0.37090104818344116,0.00016382881021845762
984,0.4846430718898773,0.45153963565826416,0.33103424310684204,0.000163742398974869
985,0.49348774552345276,0.45852378010749817,0.3496397137641907,0.00016365590748737788
986,0.555931806564331,0.5170646905899048,0.38867130875587463,0.00016356933586486648
987,0.5740723013877869,0.534041702747345,0.4003060758113861,0.00016348268421631797
988,0.5248962640762329,0.48807424306869507,0.3682200312614441,0.0001633959526508162
989,0.4914006292819977,0.4572337865829468,0.3416684567928314,0.00016330914127754553
990,0.49862027168273926,0.4641202986240387,0.3449998199939728,0.00016322225020579099
991,0.5152953267097473,0.478579044342041,0.3671627938747406,0.00016313527954493778
992,0.47899186611175537,0.44547319412231445,0.33518680930137634,0.00016304822940447139
993,0.5235434174537659,0.4869626462459564,0.36580750346183777,0.0001629610998939773
994,0.5185713171958923,0.48241543769836426,0.3615589737892151,0.00016287389112314092
995,0.5466823577880859,0.5087996125221252,0.37882715463638306,0.00016278660320174747
996,0.5500800609588623,0.512056827545166,0.38023221492767334,0.0001626992362396818
997,0.513405442237854,0.477946400642395,0.35459041595458984,0.00016261179034692826
998,0.5176395177841187,0.4816228747367859,0.36016660928726196,0.00016252426563357052
999,0.5190374851226807,0.48255786299705505,0.3647959232330322,0.00016243666220979157
1000,0.526733934879303,0.49036964774131775,0.36364293098449707,0.00016234898018587337
1001,0.533616304397583,0.4960968494415283,0.3751945197582245,0.0001622612196721969
1002,0.5307182669639587,0.49390482902526855,0.368134468793869,0.000162173380779242
1003,0.496031254529953,0.4617120325565338,0.3431921601295471,0.00016208546361758707
1004,0.5446580648422241,0.5072168707847595,0.3744116723537445,0.00016199746829790906
1005,0.5119447708129883,0.47593098878860474,0.36013808846473694,0.00016190939493098344
1006,0.5542103052139282,0.5155856013298035,0.3862471580505371,0.00016182124362768368
1007,0.4857437312602997,0.45214539766311646,0.33598339557647705,0.00016173301449898166
1008,0.4957646131515503,0.4616197943687439,0.34144818782806396,0.00016164470765594698
1009,0.5041455030441284,0.4687499403953552,0.35395535826683044,0.00016155632320974728
1010,0.4846734404563904,0.45080506801605225,0.3386838734149933,0.00016146786127164771
1011,0.49497225880622864,0.46052268147468567,0.34449583292007446,0.00016137932195301114
1012,0.4975750148296356,0.4629937410354614,0.34581273794174194,0.00016129070536529766
1013,0.5052645802497864,0.47028815746307373,0.3497641682624817,0.00016120201162006482
1014,0.48878851532936096,0.4551491141319275,0.33639389276504517,0.0001611132408289672
1015,0.5281305313110352,0.49105507135391235,0.37075430154800415,0.00016102439310375637
1016,0.4691133201122284,0.436350554227829,0.327627569437027,0.00016093546855628084
1017,0.5217261910438538,0.48562297224998474,0.36103227734565735,0.00016084646729848568
1018,0.5180598497390747,0.48178204894065857,0.3627781271934509,0.00016075738944241268
1019,0.5409916639328003,0.5034286975860596,0.37562990188598633,0.00016066823510019998
1020,0.48000577092170715,0.4468669891357422,0.3313879072666168,0.000160579004384082
1021,0.5254710912704468,0.4894648492336273,0.3600626289844513,0.00016048969740638933
1022,0.5069167613983154,0.47151437401771545,0.35402417182922363,0.00016040031427954853
1023,0.5209208726882935,0.4851135313510895,0.35807350277900696,0.00016031085511608213
1024,0.48589348793029785,0.45198482275009155,0.33908671140670776,0.00016022132002860824
1025,0.5335754752159119,0.49665573239326477,0.3691974878311157,0.00016013170912984058
1026,0.5151998996734619,0.47968605160713196,0.3551386594772339,0.00016004202253258842
1027,0.5426226854324341,0.505361795425415,0.3726087808609009,0.00015995226034975617
1028,0.4755016565322876,0.4421946406364441,0.33307012915611267,0.00015986242269434354
1029,0.5586159825325012,0.5201680064201355,0.3844798505306244,0.00015977250967944508
1030,0.5568617582321167,0.5180323719978333,0.3882938325405121,0.00015968252141825037
1031,0.5158931016921997,0.48035532236099243,0.35537755489349365,0.00015959245802404365
1032,0.5117267370223999,0.47612980008125305,0.3559693992137909,0.00015950231961020373
1033,0.4947283864021301,0.4597738981246948,0.3495449423789978,0.00015941210629020388
1034,0.5139957070350647,0.4785352647304535,0.35460415482521057,0.00015932181817761163
1035,0.48774245381355286,0.45319586992263794,0.3454657196998596,0.00015923145538608875
1036,0.5260149240493774,0.4892651438713074,0.36749759316444397,0.0001591410180293909
1037,0.4734911620616913,0.4401789903640747,0.3331216275691986,0.00015905050622136777
1038,0.478353351354599,0.44487854838371277,0.33474797010421753,0.0001589599200759626
1039,0.5250951051712036,0.4888326823711395,0.3626241087913513,0.00015886925970721235
1040,0.5119413733482361,0.47591227293014526,0.3602909445762634,0.00015877852522924732
1041,0.48626473546028137,0.45266371965408325,0.3360101878643036,0.00015868771675629114
1042,0.5044751763343811,0.4691050946712494,0.3537006378173828,0.00015859683440266068
1043,0.46310731768608093,0.43079182505607605,0.3231550455093384,0.00015850587828276564
1044,0.5158268809318542,0.48036760091781616,0.3545930087566376,0.0001584148485111087
1045,0.48603057861328125,0.45236554741859436,0.3366502821445465,0.00015832374520228525
1046,0.47346439957618713,0.4405723214149475,0.32892078161239624,0.00015823256847098324
1047,0.5225527286529541,0.4864780604839325,0.36074650287628174,0.00015814131843198308
1048,0.48223403096199036,0.44892704486846924,0.33306998014450073,0.00015804999520015734
1049,0.5363698601722717,0.49836257100105286,0.38007307052612305,0.00015795859889047091
1050,0.5094132423400879,0.4734093248844147,0.3600391447544098,0.0001578671296179806
1051,0.531406044960022,0.4941317141056061,0.37274330854415894,0.000157775587497835
1052,0.5184876322746277,0.4829990565776825,0.35488587617874146,0.00015768397264527448
1053,0.5397893190383911,0.5022801160812378,0.37509217858314514,0.00015759228517563099
1054,0.5032786130905151,0.4681413769721985,0.3513721227645874,0.00015750052520432787
1055,0.5063809752464294,0.471567839384079,0.34813129901885986,0.0001574086928468797
1056,0.4966171085834503,0.4622017741203308,0.34415334463119507,0.00015731678821889224
1057,0.5355895161628723,0.49879181385040283,0.36797675490379333,0.0001572248114360622
1058,0.4824768006801605,0.44816723465919495,0.34309569001197815,0.00015713276261417706
1059,0.48532983660697937,0.45180565118789673,0.33524176478385925,0.00015704064186911518
1060,0.519801139831543,0.4833385646343231,0.3646256625652313,0.0001569484493168452
1061,0.5200968980789185,0.48416975140571594,0.3592715859413147,0.0001568561850734264
1062,0.5447810292243958,0.5068746209144592,0.37906429171562195,0.00015676384925500814
1063,0.4716914892196655,0.4385954737663269,0.3309600353240967,0.00015667144197783
1064,0.4983742833137512,0.4640492796897888,0.3432500660419464,0.00015657896335822147
1065,0.5395400524139404,0.5021519064903259,0.3738812506198883,0.00015648641351260177
1066,0.5149950385093689,0.4784388542175293,0.3655620515346527,0.00015639379255747994
1067,0.5128436088562012,0.47727149724960327,0.3557209372520447,0.0001563011006094544
1068,0.5185016989707947,0.4817473590373993,0.367543488740921,0.00015620833778521307
1069,0.5047346949577332,0.4697708785533905,0.34963810443878174,0.00015611550420153297
1070,0.509260892868042,0.4745755195617676,0.3468537926673889,0.00015602259997528028
1071,0.5239582657814026,0.48732396960258484,0.36634302139282227,0.0001559296252234101
1072,0.49163487553596497,0.4575165808200836,0.34118297696113586,0.00015583658006296624
1073,0.5022734999656677,0.4677368402481079,0.34536686539649963,0.0001557434646110813
1074,0.5158042907714844,0.480438232421875,0.35366037487983704,0.00015565027898497617
1075,0.4773235321044922,0.44395583868026733,0.3336767852306366,0.00015555702330196023
1076,0.4929843246936798,0.45881858468055725,0.341657429933548,0.00015546369767943102
1077,0.5099210739135742,0.4743857681751251,0.3553532361984253,0.0001553703022348741
1078,0.5399700999259949,0.5017169117927551,0.3825317621231079,0.0001552768370858629
1079,0.4894416630268097,0.45607781410217285,0.3336385488510132,0.00015518330235005868
1080,0.47326356172561646,0.44039538502693176,0.3286818265914917,0.00015508969814521025
1081,0.56745445728302,0.5281748175621033,0.39279621839523315,0.0001549960245891539
1082,0.5115315914154053,0.4757949113845825,0.3573669195175171,0.0001549022817998132
1083,0.4691571593284607,0.4367632269859314,0.3239392340183258,0.00015480846989519885
1084,0.4989040493965149,0.4643547832965851,0.34549275040626526,0.0001547145889934086
1085,0.48256444931030273,0.44903281331062317,0.3353163003921509,0.0001546206392126271
1086,0.49527794122695923,0.4600677192211151,0.3521023392677307,0.0001545266206711256
1087,0.47672656178474426,0.44369232654571533,0.33034226298332214,0.00015443253348726202
1088,0.5119653940200806,0.4766818583011627,0.3528350591659546,0.0001543383777794806
1089,0.48665565252304077,0.45319825410842896,0.33457404375076294,0.00015424415366631188
1090,0.5088470578193665,0.47347959876060486,0.35367465019226074,0.00015414986126637258
1091,0.530938446521759,0.4942457377910614,0.3669268488883972,0.00015405550069836528
1092,0.5232331156730652,0.487064003944397,0.36169102787971497,0.00015396107208107845
1093,0.5114536285400391,0.4760925769805908,0.3536102771759033,0.0001538665755333862
1094,0.5489935278892517,0.5111672878265381,0.3782622218132019,0.00015377201117424812
1095,0.5430142879486084,0.5049792528152466,0.3803502917289734,0.0001536773791227092
1096,0.4743066430091858,0.4416092038154602,0.32697442173957825,0.00015358267949789966
1097,0.4861578047275543,0.45223045349121094,0.3392736315727234,0.0001534879124190348
1098,0.48805269598960876,0.4546593725681305,0.3339332342147827,0.00015339307800541475
1099,0.5128355026245117,0.4767940938472748,0.360414057970047,0.00015329817637642454
1100,0.5234827399253845,0.4871715307235718,0.3631119728088379,0.00015320320765153367
1101,0.5191224813461304,0.48322585225105286,0.3589664697647095,0.0001531081719502962
1102,0.5491346120834351,0.5113999843597412,0.3773464560508728,0.00015301306939235053
1103,0.5051215887069702,0.47000569105148315,0.35115867853164673,0.00015291790009741907
1104,0.5096269845962524,0.47412288188934326,0.35504117608070374,0.00015282266418530847
1105,0.5156074166297913,0.48001205921173096,0.3559536933898926,0.000152727361775909
1106,0.4671953320503235,0.43490055203437805,0.3229479491710663,0.00015263199298919488
1107,0.5105831623077393,0.4753470718860626,0.35236063599586487,0.00015253655794522368
1108,0.5248942375183105,0.4888537526130676,0.36040470004081726,0.0001524410567641366
1109,0.5136811137199402,0.4777565896511078,0.3592449724674225,0.00015234548956615784
1110,0.5799590945243835,0.5397307276725769,0.4022834897041321,0.0001522498564715949
1111,0.5245137214660645,0.4882534444332123,0.36260300874710083,0.0001521541576008382
1112,0.5341017842292786,0.49668389558792114,0.3741786479949951,0.00015205839307436088
1113,0.4569437503814697,0.42487049102783203,0.320732444524765,0.00015196256301271884
1114,0.47931233048439026,0.44546669721603394,0.33845624327659607,0.0001518666675365504
1115,0.49443793296813965,0.4600355923175812,0.34402328729629517,0.00015177070676657633
1116,0.458553671836853,0.42702558636665344,0.31528088450431824,0.00015167468082359945
1117,0.5371116399765015,0.500123918056488,0.3698771893978119,0.00015157858982850475
1118,0.5362459421157837,0.49900707602500916,0.37238866090774536,0.00015148243390225908
1119,0.48900479078292847,0.4543004333972931,0.347043514251709,0.00015138621316591094
1120,0.4756618142127991,0.4428606331348419,0.32801181077957153,0.00015128992774059063
1121,0.518772542476654,0.48295465111732483,0.35817915201187134,0.00015119357774750965
1122,0.5242920517921448,0.4882364571094513,0.3605559468269348,0.0001510971633079609
1123,0.5174976587295532,0.48140591382980347,0.36091744899749756,0.00015100068454331836
1124,0.5225450396537781,0.48612532019615173,0.3641970157623291,0.00015090414157503714
1125,0.5096100568771362,0.47440192103385925,0.35208141803741455,0.00015080753452465296
1126,0.5054839849472046,0.4703902304172516,0.3509373962879181,0.00015071086351378231
1127,0.48374247550964355,0.4500799775123596,0.33662495017051697,0.00015061412866412225
1128,0.43317824602127075,0.4026417136192322,0.3053652346134186,0.00015051733009745013
1129,0.491197794675827,0.4565841853618622,0.34613609313964844,0.00015042046793562348
1130,0.5316519141197205,0.49471479654312134,0.36937108635902405,0.00015032354230058004
1131,0.5424189567565918,0.5041266679763794,0.38292306661605835,0.00015022655331433727
1132,0.5283655524253845,0.49163395166397095,0.3673161566257477,0.0001501295010989925
1133,0.5232412219047546,0.486934095621109,0.36307135224342346,0.00015003238577672266
1134,0.4830150306224823,0.44923096895217896,0.33784055709838867,0.00014993520746978405
1135,0.48833566904067993,0.45461776852607727,0.3371789753437042,0.0001498379663005123
1136,0.49633052945137024,0.46194255352020264,0.3438796401023865,0.0001497406623913222
1137,0.4918757975101471,0.45741838216781616,0.3445741534233093,0.00014964329586470752
1138,0.5077736377716064,0.47268831729888916,0.35085350275039673,0.00014954586684324078
1139,0.5366376638412476,0.49894818663597107,0.37689507007598877,0.00014944837544957323
1140,0.47766730189323425,0.44404035806655884,0.3362693190574646,0.0001493508218064347
1141,0.5117786526679993,0.47590216994285583,0.35876476764678955,0.00014925320603663327
1142,0.5533406734466553,0.514328122138977,0.3901252746582031,0.00014915552826305533
1143,0.48618149757385254,0.4525706171989441,0.33610883355140686,0.0001490577886086652
1144,0.46158793568611145,0.42971915006637573,0.31868794560432434,0.00014895998719650526
1145,0.49447160959243774,0.46030837297439575,0.34163227677345276,0.00014886212414969553
1146,0.4765608608722687,0.4437468945980072,0.32813966274261475,0.0001487641995914336
1147,0.5218268632888794,0.48499369621276855,0.368331640958786,0.0001486662136449946
1148,0.5046678781509399,0.4689754247665405,0.35692429542541504,0.00014856816643373083
1149,0.4775996804237366,0.4447002410888672,0.3289945423603058,0.00014847005808107185
1150,0.552217423915863,0.5138189196586609,0.383985310792923,0.000148371888710524
1151,0.5049123764038086,0.469828724861145,0.35083678364753723,0.0001482736584456706
1152,0.5134886503219604,0.4782155752182007,0.3527309000492096,0.00014817536741017152
1153,0.5463185906410217,0.5081923604011536,0.38126248121261597,0.00014807701572776323
1154,0.4917631447315216,0.45768654346466064,0.34076598286628723,0.00014797860352225853
1155,0.535473644733429,0.4984133541584015,0.3706030547618866,0.00014788013091754628
1156,0.5416468977928162,0.5037209391593933,0.3792596459388733,0.00014778159803759158
1157,0.48860427737236023,0.4545626640319824,0.34041616320610046,0.00014768300500643517
1158,0.46640077233314514,0.433599591255188,0.3280118405818939,0.00014758435194819376
1159,0.5545653104782104,0.5155512690544128,0.3901403844356537,0.00014748563898705946
1160,0.4703883230686188,0.4381836950778961,0.322046160697937,0.00014738686624729986
1161,0.500311553478241,0.46594980359077454,0.34361734986305237,0.00014728803385325782
1162,0.4903225600719452,0.4565677046775818,0.3375484347343445,0.0001471891419293512
1163,0.4759118854999542,0.4434148967266083,0.324970006942749,0.00014709019060007286
1164,0.532566487789154,0.4960978925228119,0.364685982465744,0.00014699117998999054
1165,0.504780113697052,0.46991071105003357,0.34869417548179626,0.00014689211022374645
1166,0.49874594807624817,0.4637136161327362,0.3503232002258301,0.00014679298142605734
1167,0.5429964661598206,0.5053614377975464,0.3763503134250641,0.0001466937937217143
1168,0.5166401267051697,0.48068541288375854,0.35954686999320984,0.00014659454723558248
1169,0.5004775524139404,0.466088205575943,0.3438935875892639,0.00014649524209260116
1170,0.48572614789009094,0.4525609612464905,0.33165183663368225,0.00014639587841778343
1171,0.4863453209400177,0.45274972915649414,0.33595582842826843,0.0001462964563362159
1172,0.522113561630249,0.4857819378376007,0.3633163273334503,0.00014619697597305898
1173,0.5129631161689758,0.4775601625442505,0.35402941703796387,0.00014609743745354624
1174,0.5162313580513,0.47996360063552856,0.3626776337623596,0.0001459978409029845
1175,0.5414116978645325,0.5037786364555359,0.3763308823108673,0.00014589818644675378
1176,0.4801981747150421,0.4470653533935547,0.33132830262184143,0.00014579847421030678
1177,0.4655483365058899,0.4331989884376526,0.3234933912754059,0.00014569870431916903
1178,0.4866413474082947,0.4531286060810089,0.3351273536682129,0.0001455988768989387
1179,0.5369012951850891,0.4997499883174896,0.37151309847831726,0.00014549899207528632
1180,0.5231568813323975,0.48709022998809814,0.3606666326522827,0.00014539904997395468
1181,0.47481340169906616,0.44213518500328064,0.3267822265625,0.00014529905072075872
1182,0.4951026439666748,0.4607856869697571,0.3431697189807892,0.00014519899444158526
1183,0.5305440425872803,0.4936961531639099,0.3684791922569275,0.00014509888126239297
1184,0.4898083806037903,0.4561724066734314,0.3363596498966217,0.00014499871130921213
1185,0.5102331042289734,0.4752136468887329,0.35019436478614807,0.00014489848470814447
1186,0.5246200561523438,0.4882507026195526,0.3636934757232666,0.00014479820158536306
1187,0.5319235324859619,0.49570611119270325,0.36217400431632996,0.00014469786206711214
1188,0.4707786440849304,0.43789592385292053,0.3288272023200989,0.00014459746627970685
1189,0.5279321670532227,0.49127280712127686,0.3665938377380371,0.0001444970143495333
1190,0.5418812036514282,0.504814863204956,0.3706631660461426,0.00014439650640304822
1191,0.5164838433265686,0.48067769408226013,0.3580617606639862,0.00014429594256677882
1192,0.5166917443275452,0.48079171776771545,0.3590002954006195,0.0001441953229673227
1193,0.48700153827667236,0.4532855749130249,0.33715954422950745,0.00014409464773134764
1194,0.49246931076049805,0.45861488580703735,0.3385443687438965,0.00014399391698559152
1195,0.5130670666694641,0.47731679677963257,0.35750290751457214,0.00014389313085686205
1196,0.5208040475845337,0.4850844740867615,0.3571954667568207,0.00014379228947203665
1197,0.499065101146698,0.46437403559684753,0.34691065549850464,0.0001436913929580623
1198,0.5934775471687317,0.5517491102218628,0.4172844886779785,0.00014359044144195547
1199,0.48196205496788025,0.44845423102378845,0.33507829904556274,0.00014348943505080173
1200,0.5549864768981934,0.5170430541038513,0.37943416833877563,0.00014338837391175582
1201,0.5136091709136963,0.4783557951450348,0.3525335192680359,0.00014328725815204144
1202,0.5074547529220581,0.47191616892814636,0.35538560152053833,0.00014318608789895088
1203,0.5320453643798828,0.49483680725097656,0.3720855116844177,0.00014308486327984523
1204,0.5217944383621216,0.485263854265213,0.36530566215515137,0.00014298358442215388
1205,0.5402258634567261,0.5031818151473999,0.3704407513141632,0.00014288225145337466
1206,0.5095136761665344,0.47432994842529297,0.35183754563331604,0.0001427808645010733
1207,0.5172006487846375,0.4811624586582184,0.3603821396827698,0.00014267942369288364
1208,0.49273961782455444,0.4588225781917572,0.33917027711868286,0.00014257792915650728
1209,0.511372447013855,0.47657257318496704,0.347998708486557,0.00014247638101971344
1210,0.45930391550064087,0.42729446291923523,0.32009458541870117,0.00014237477941033888
1211,0.48172372579574585,0.4480727016925812,0.3365101218223572,0.00014227312445628759
1212,0.5287742614746094,0.4913800060749054,0.37394264340400696,0.00014217141628553078
1213,0.4682372510433197,0.4358545243740082,0.32382723689079285,0.00014206965502610655
1214,0.4758729338645935,0.4430696964263916,0.32803237438201904,0.00014196784080612002
1215,0.5258107781410217,0.48943138122558594,0.3637937605381012,0.0001418659737537428
1216,0.5264685153961182,0.4896283447742462,0.36840155720710754,0.00014176405399721312
1217,0.4762340188026428,0.4434126913547516,0.32821324467658997,0.00014166208166483548
1218,0.5747503638267517,0.5345106720924377,0.402397096157074,0.00014156005688498063
1219,0.5242913961410522,0.48695147037506104,0.37339919805526733,0.00014145797978608527
1220,0.5453817844390869,0.5077193975448608,0.3766240179538727,0.00014135585049665207
1221,0.5197328329086304,0.4835042655467987,0.362285852432251,0.00014125366914524934
1222,0.5129164457321167,0.47739341855049133,0.3552303612232208,0.00014115143586051088
1223,0.54050213098526,0.5032442212104797,0.3725789487361908,0.000141049150771136
1224,0.45924392342567444,0.4277119040489197,0.31532031297683716,0.00014094681400588906
1225,0.48238566517829895,0.4483819603919983,0.34003710746765137,0.00014084442569359964
1226,0.505254328250885,0.4703684151172638,0.34885939955711365,0.00014074198596316205
1227,0.49639081954956055,0.4616880416870117,0.34702783823013306,0.0001406394949435355
1228,0.46349939703941345,0.4309033155441284,0.32596078515052795,0.0001405369527637436
1229,0.4858666658401489,0.45213183760643005,0.3373483717441559,0.00014043435955287452
1230,0.5129712820053101,0.4766509532928467,0.36320316791534424,0.00014033171544008052
1231,0.5051596760749817,0.4703393280506134,0.34820330142974854,0.00014022902055457802
1232,0.5132209062576294,0.47680729627609253,0.36413612961769104,0.00014012627502564743
1233,0.4907715916633606,0.45678722858428955,0.3398434817790985,0.00014002347898263274
1234,0.51868736743927,0.48291894793510437,0.35768431425094604,0.0001399206325549417
1235,0.5127493739128113,0.47733765840530396,0.35411733388900757,0.00013981773587204535
1236,0.4910362958908081,0.4572652280330658,0.33771052956581116,0.00013971478906347806
1237,0.49835556745529175,0.4634305238723755,0.34925052523612976,0.00013961179225883735
1238,0.49155354499816895,0.458108514547348,0.3344504237174988,0.00013950874558778362
1239,0.5436331033706665,0.5059863328933716,0.3764675557613373,0.00013940564918004004
1240,0.512226402759552,0.476983904838562,0.352425217628479,0.00013930250316539238
1241,0.5136198997497559,0.4776183068752289,0.36001598834991455,0.00013919930767368891
1242,0.5037662982940674,0.46888267993927,0.3488362431526184,0.00013909606283484018
1243,0.5008435249328613,0.46660980582237244,0.34233689308166504,0.00013899276877881884
1244,0.5071994662284851,0.4719967544078827,0.35202693939208984,0.0001388894256356595
1245,0.5057259798049927,0.4704750180244446,0.35250991582870483,0.00013878603353545854
1246,0.46876034140586853,0.4357052147388458,0.33055126667022705,0.00013868259260837402
1247,0.5148278474807739,0.478781133890152,0.36046725511550903,0.00013857910298462544
1248,0.5093169212341309,0.4736837148666382,0.3563319742679596,0.0001384755647944936
1249,0.4948424696922302,0.4603869616985321,0.344555139541626,0.0001383719781683205
1250,0.5006397366523743,0.4663395881652832,0.34300151467323303,0.000138268343236509
1251,0.49926578998565674,0.46509894728660583,0.3416684567928314,0.00013816466012952285
1252,0.5320378541946411,0.49534088373184204,0.3669700026512146,0.00013806092897788644
1253,0.47665056586265564,0.44342097640037537,0.3322959244251251,0.00013795714991218463
1254,0.4859808385372162,0.45185592770576477,0.34124910831451416,0.00013785332306306259
1255,0.5045633316040039,0.46966007351875305,0.34903237223625183,0.00013774944856122568
1256,0.49055370688438416,0.456400990486145,0.3415270745754242,0.0001376455265374392
1257,0.5194975137710571,0.4829696714878082,0.36527854204177856,0.00013754155712252832
1258,0.47318053245544434,0.4404742419719696,0.3270629644393921,0.00013743754044737781
1259,0.464609831571579,0.4326687753200531,0.3194105923175812,0.000137333476642932
1260,0.49811604619026184,0.4634367525577545,0.34679290652275085,0.00013722936584019453
1261,0.48438936471939087,0.45123085379600525,0.3315851390361786,0.00013712520817022817
1262,0.559386134147644,0.5206893682479858,0.38696786761283875,0.00013702100376415473
1263,0.5026068687438965,0.4677186906337738,0.3488818109035492,0.00013691675275315484
1264,0.5131589770317078,0.4781389534473419,0.3502000570297241,0.00013681245526846783
1265,0.4711015820503235,0.4383186399936676,0.3278295397758484,0.00013670811144139144
1266,0.5021193027496338,0.4678111970424652,0.3430812358856201,0.00013660372140328187
1267,0.5294514894485474,0.4927498698234558,0.3670164942741394,0.00013649928528555342
1268,0.45700424909591675,0.4255450367927551,0.31459203362464905,0.00013639480321967845
1269,0.4727987051010132,0.4401232898235321,0.32675421237945557,0.0001362902753371871
1270,0.4796863794326782,0.446212500333786,0.3347388803958893,0.00013618570176966724
1271,0.501871645450592,0.4671018123626709,0.347698450088501,0.0001360810826487642
1272,0.49859729409217834,0.4638751149177551,0.3472216725349426,0.00013597641810618073
1273,0.5285664200782776,0.4921014904975891,0.36464953422546387,0.00013587170827367663
1274,0.49172499775886536,0.4580160677433014,0.33708930015563965,0.00013576695328306894
1275,0.5128603577613831,0.4774118661880493,0.35448509454727173,0.0001356621532662313
1276,0.5086584091186523,0.47380542755126953,0.34852951765060425,0.0001355573083550942
1277,0.525594174861908,0.48905953764915466,0.36534610390663147,0.00013545241868164457
1278,0.5020652413368225,0.46707332134246826,0.34991902112960815,0.00013534748437792573
1279,0.48139700293540955,0.4481087625026703,0.33288246393203735,0.00013524250557603713
1280,0.45148468017578125,0.42022958397865295,0.3125511109828949,0.0001351374824081343
1281,0.4987933039665222,0.4640500545501709,0.34743258357048035,0.00013503241500642855
1282,0.5010355710983276,0.4665840268135071,0.3445156216621399,0.00013492730350318696
1283,0.47518089413642883,0.44263944029808044,0.32541459798812866,0.00013482214803073209
1284,0.49738478660583496,0.4624943137168884,0.34890466928482056,0.00013471694872144188
1285,0.5090972781181335,0.4743189215660095,0.34778377413749695,0.0001346117057077493
1286,0.4798400104045868,0.44684386253356934,0.3299615681171417,0.00013450641912214262
1287,0.5037069320678711,0.46884071826934814,0.34866201877593994,0.00013440108909716468
1288,0.5177145600318909,0.4818401336669922,0.3587440252304077,0.00013429571576541315
1289,0.4998590350151062,0.46494051814079285,0.3491850197315216,0.00013419029925954029
1290,0.4894167184829712,0.45560112595558167,0.3381558060646057,0.0001340848397122525
1291,0.5119130611419678,0.47608810663223267,0.35824939608573914,0.00013397933725631055
1292,0.49962013959884644,0.4647287130355835,0.3489142954349518,0.00013387379202452917
1293,0.5383251309394836,0.5008580088615417,0.37467095255851746,0.00013376820414977685
1294,0.5131582021713257,0.4779568314552307,0.352013498544693,0.0001336625737649759
1295,0.4992544651031494,0.46434882283210754,0.3490563929080963,0.00013355690100310213
1296,0.5126215219497681,0.47749683260917664,0.3512471914291382,0.00013345118599718457
1297,0.4874758720397949,0.45362573862075806,0.33850133419036865,0.00013334542888030553
1298,0.447503000497818,0.4162883162498474,0.3121468424797058,0.00013323962978560033
1299,0.49616315960884094,0.46183574199676514,0.34327420592308044,0.0001331337888462571
1300,0.49266523122787476,0.4587371051311493,0.339281290769577,0.00013302790619551674
1301,0.500036895275116,0.46582916378974915,0.3420773148536682,0.00013292198196667248
1302,0.4771839380264282,0.4441392719745636,0.33044666051864624,0.00013281601629307007
1303,0.5754550099372864,0.535677433013916,0.3977759778499603,0.00013271000930810737
1304,0.5362401008605957,0.4991031289100647,0.37136948108673096,0.0001326039611452342
1305,0.4851556122303009,0.4512278437614441,0.3392777442932129,0.00013249787193795226
1306,0.49980878829956055,0.46446576714515686,0.3534301519393921,0.00013239174181981495
1307,0.5334975123405457,0.49676528573036194,0.36732232570648193,0.00013228557092442712
1308,0.5011166334152222,0.4669334292411804,0.341831773519516,0.00013217935938544497
1309,0.5050193071365356,0.47031286358833313,0.34706416726112366,0.00013207310733657585
1310,0.47174346446990967,0.43930208683013916,0.32441383600234985,0.00013196681491157818
1311,0.4965532720088959,0.46251076459884644,0.34042495489120483,0.00013186048224426107
1312,0.4909522235393524,0.45689520239830017,0.3405701220035553,0.00013175410946848445
1313,0.5101736783981323,0.47484472393989563,0.3532894253730774,0.00013164769671815862
1314,0.5051222443580627,0.47006186842918396,0.35060349106788635,0.0001315412441272443
1315,0.5317186117172241,0.4948482811450958,0.3687035143375397,0.00013143475182975222
1316,0.48606836795806885,0.45290660858154297,0.33161765336990356,0.00013132821995974326
1317,0.4743555784225464,0.44106900691986084,0.3328656554222107,0.00013122164865132807
1318,0.5080652832984924,0.47241270542144775,0.3565260171890259,0.00013111503803866684
1319,0.5183368921279907,0.4829700291156769,0.35366833209991455,0.0001310083882559694
1320,0.5060365200042725,0.4700339138507843,0.3600258529186249,0.00013090169943749476
1321,0.4946848154067993,0.4604209065437317,0.3426389992237091,0.00013079497171755112
1322,0.49313226342201233,0.4588874876499176,0.3424476981163025,0.00013068820523049572
1323,0.5356774926185608,0.49891147017478943,0.36766040325164795,0.00013058140011073448
1324,0.5047281980514526,0.46976980566978455,0.3495839536190033,0.00013047455649272207
1325,0.49798938632011414,0.4636462926864624,0.3434308171272278,0.00013036767451096148
1326,0.5136429667472839,0.4774564206600189,0.3618653416633606,0.00013026075430000417
1327,0.5442622900009155,0.506602942943573,0.376593679189682,0.00013015379599444957
1328,0.5008848309516907,0.4661184847354889,0.34766343235969543,0.0001300467997289452
1329,0.5156206488609314,0.4791443943977356,0.3647623360157013,0.00012993976563818626
1330,0.5738430023193359,0.5344494581222534,0.3939351737499237,0.0001298326938569156
1331,0.5967454314231873,0.5556468367576599,0.41098588705062866,0.00012972558451992362
1332,0.5488274097442627,0.5109190344810486,0.37908393144607544,0.00012961843776204777
1333,0.5243788361549377,0.48826873302459717,0.36110082268714905,0.00012951125371817281
1334,0.5027223825454712,0.4682094156742096,0.3451296091079712,0.0001294040325232304
1335,0.48067623376846313,0.4478532075881958,0.3282303214073181,0.0001292967743121989
1336,0.5036598443984985,0.46806252002716064,0.3559732437133789,0.00012918947922010336
1337,0.5639042854309082,0.525010883808136,0.3889339566230774,0.00012908214738201513
1338,0.47532880306243896,0.44243812561035156,0.32890668511390686,0.00012897477893305195
1339,0.4945612847805023,0.4606582522392273,0.33903035521507263,0.00012886737400837758
1340,0.47191816568374634,0.43910664319992065,0.3281153440475464,0.00012875993274320173
1341,0.48137080669403076,0.4478464424610138,0.33524370193481445,0.00012865245527277986
1342,0.515811562538147,0.4796099066734314,0.36201682686805725,0.00012854494173241294
1343,0.5027788281440735,0.46789780259132385,0.34880998730659485,0.0001284373922574474
1344,0.474148154258728,0.4410080909729004,0.33140048384666443,0.00012832980698327496
1345,0.4938357472419739,0.4591599106788635,0.34675824642181396,0.00012822218604533232
1346,0.4817162752151489,0.44865742325782776,0.33058854937553406,0.00012811452957910109
1347,0.5208346247673035,0.48429885506629944,0.3653576076030731,0.00012800683772010767
1348,0.4623967111110687,0.4305136203765869,0.31883078813552856,0.00012789911060392294
1349,0.5298441648483276,0.4925050437450409,0.3733915090560913,0.00012779134836616218
1350,0.5157137513160706,0.47996148467063904,0.35752245783805847,0.00012768355114248494
1351,0.5067753791809082,0.4717268645763397,0.3504854440689087,0.00012757571906859476
1352,0.5161815881729126,0.48001381754875183,0.36167752742767334,0.00012746785228023904
1353,0.4797152280807495,0.4462859034538269,0.33429309725761414,0.00012735995091320892
1354,0.5014934539794922,0.4669663608074188,0.34527072310447693,0.00012725201510333905
1355,0.47881799936294556,0.44594627618789673,0.3287171423435211,0.00012714404498650743
1356,0.5068050026893616,0.47180962562561035,0.34995388984680176,0.0001270360406986353
1357,0.5364142656326294,0.49964645504951477,0.36767783761024475,0.00012692800237568686
1358,0.4879164397716522,0.4542209208011627,0.33695515990257263,0.00012681993015366917
1359,0.5493333339691162,0.5110437870025635,0.382895290851593,0.000126711824168632
1360,0.5294018387794495,0.4932343363761902,0.3616751432418823,0.00012660368455666752
1361,0.5272737145423889,0.49066323041915894,0.36610496044158936,0.00012649551145391035
1362,0.523285448551178,0.4871204197406769,0.36165010929107666,0.0001263873049965373
1363,0.5101875066757202,0.47457611560821533,0.35611361265182495,0.000126279065320767
1364,0.48951444029808044,0.45519113540649414,0.34323298931121826,0.00012617079256286
1365,0.4965973496437073,0.4622352719306946,0.34362074732780457,0.00012606248685911853
1366,0.4856027364730835,0.4523780345916748,0.33224716782569885,0.00012595414834588626
1367,0.4824386239051819,0.448792427778244,0.33646196126937866,0.00012584577715954814
1368,0.5063143968582153,0.47140640020370483,0.3490796685218811,0.00012573737343653024
1369,0.49038898944854736,0.45655515789985657,0.33833837509155273,0.00012562893731329967
1370,0.5172277092933655,0.4813731610774994,0.35854572057724,0.00012552046892636427
1371,0.5569849014282227,0.5190975666046143,0.37887337803840637,0.00012541196841227246
1372,0.5903534293174744,0.5491355061531067,0.41217923164367676,0.00012530343590761318
1373,0.44420725107192993,0.4135790765285492,0.30628177523612976,0.00012519487154901562
1374,0.48290741443634033,0.44945472478866577,0.3345268666744232,0.0001250862754731491
1375,0.511520504951477,0.47631484270095825,0.3520568013191223,0.0001249776478167227
1376,0.4671710133552551,0.4350549876689911,0.3211601674556732,0.0001248689887164855
1377,0.53031325340271,0.49375829100608826,0.36554956436157227,0.000124760298309226
1378,0.4949178993701935,0.4607408046722412,0.34177082777023315,0.00012465157673177216
1379,0.4872637391090393,0.45346182584762573,0.33801907300949097,0.0001245428241209912
1380,0.5139365196228027,0.4782150387763977,0.3572145104408264,0.0001244340406137894
1381,0.5251590013504028,0.4887559413909912,0.3640306293964386,0.00012432522634711192
1382,0.5270488858222961,0.4902174770832062,0.36831414699554443,0.0001242163814579426
1383,0.4758662283420563,0.4430758059024811,0.32790428400039673,0.00012410750608330388
1384,0.4891104996204376,0.45506396889686584,0.3404654264450073,0.0001239986003602566
1385,0.516579270362854,0.48115575313568115,0.3542349934577942,0.0001238896644258998
1386,0.4735516309738159,0.4405369162559509,0.3301471173763275,0.00012378069841737044
1387,0.4800855219364166,0.44707393646240234,0.3301159143447876,0.00012367170247184355
1388,0.5239583253860474,0.48760345578193665,0.36354881525039673,0.0001235626767265316
1389,0.47826316952705383,0.44501662254333496,0.33246538043022156,0.0001234536213186848
1390,0.4800834655761719,0.4464832842350006,0.3360016942024231,0.00012334453638559057
1391,0.5298749804496765,0.4926115870475769,0.3726339638233185,0.00012323542206457347
1392,0.4937739074230194,0.45912542939186096,0.3464846611022949,0.00012312627849299523
1393,0.550809383392334,0.5122697353363037,0.38539618253707886,0.00012301710580825423
1394,0.48979708552360535,0.45579132437705994,0.3400576710700989,0.0001229079041477855
1395,0.5238368511199951,0.48729565739631653,0.3654119074344635,0.00012279867364906071
1396,0.510235607624054,0.4746844470500946,0.35551175475120544,0.00012268941444958765
1397,0.5270249247550964,0.49063435196876526,0.36390581727027893,0.0001225801266869104
1398,0.5202683210372925,0.4842015504837036,0.3606679141521454,0.00012247081049860883
1399,0.47556567192077637,0.44292792677879333,0.32637760043144226,0.00012236146602229874
1400,0.5319393873214722,0.4955127537250519,0.3642663359642029,0.00012225209339563145
1401,0.49501100182533264,0.46074923872947693,0.34261754155158997,0.0001221426927562938
1402,0.5056086182594299,0.4705686867237091,0.3503992557525635,0.00012203326424200778
1403,0.5194275379180908,0.4836581349372864,0.3576941192150116,0.00012192380799053058
1404,0.5118001103401184,0.4762681722640991,0.3553194999694824,0.00012181432413965428
1405,0.5057673454284668,0.47033530473709106,0.3543206453323364,0.00012170481282720563
1406,0.5311626195907593,0.49433454871177673,0.36828070878982544,0.00012159527419104607
1407,0.48560112714767456,0.451956570148468,0.3364454507827759,0.00012148570836907133
1408,0.517300546169281,0.48157021403312683,0.35730355978012085,0.00012137611549921146
1409,0.5189223289489746,0.4824865162372589,0.36435818672180176,0.00012126649571943047
1410,0.47803330421447754,0.44488292932510376,0.33150386810302734,0.00012115684916772629
1411,0.4899888038635254,0.45586949586868286,0.3411931097507477,0.00012104717598213056
1412,0.4820874035358429,0.4489055871963501,0.33181819319725037,0.00012093747630070844
1413,0.5188733339309692,0.4827592372894287,0.3611406981945038,0.00012082775026155846
1414,0.49158424139022827,0.4577026963233948,0.3388155996799469,0.00012071799800281231
1415,0.5370813608169556,0.50016188621521,0.36919495463371277,0.00012060821966263465
1416,0.4907192289829254,0.4567950665950775,0.33924156427383423,0.00012049841537922307
1417,0.528369665145874,0.4919429421424866,0.3642670810222626,0.00012038858529080768
1418,0.5421344637870789,0.5042619109153748,0.37872570753097534,0.00012027872953565125
1419,0.5062482357025146,0.4713989496231079,0.3484930396080017,0.00012016884825204875
1420,0.5104004144668579,0.4750779867172241,0.35322436690330505,0.00012005894157832729
1421,0.5152027606964111,0.47931554913520813,0.35887235403060913,0.00011994900965284599
1422,0.515120267868042,0.4791707396507263,0.3594953417778015,0.00011983905261399566
1423,0.4928434193134308,0.45938220620155334,0.33461207151412964,0.00011972907060019887
1424,0.4986709952354431,0.4642767012119293,0.34394288063049316,0.00011961906374990952
1425,0.5269695520401001,0.49055835604667664,0.36411190032958984,0.00011950903220161285
1426,0.4854828417301178,0.45173320174217224,0.337496280670166,0.00011939897609382511
1427,0.4954955577850342,0.46111470460891724,0.34380868077278137,0.0001192888955650935
1428,0.4977419376373291,0.46335268020629883,0.34389251470565796,0.000119178790753996
1429,0.45903778076171875,0.42723098397254944,0.3180680274963379,0.00011906866179914116
1430,0.47743797302246094,0.444485068321228,0.32952895760536194,0.00011895850883916786
1431,0.5255635976791382,0.4890536069869995,0.36509960889816284,0.00011884833201274523
1432,0.4716872572898865,0.43924760818481445,0.32439643144607544,0.00011873813145857249
1433,0.4910690486431122,0.4565356969833374,0.345333456993103,0.00011862790731537865
1434,0.49101272225379944,0.45695042610168457,0.3406229317188263,0.00011851765972192244
1435,0.5399541854858398,0.5026635527610779,0.37290653586387634,0.00011840738881699219
1436,0.4766274094581604,0.44432389736175537,0.32303518056869507,0.00011829709473940547
1437,0.4734332859516144,0.4405963718891144,0.32836905121803284,0.00011818677762800909
1438,0.49356597661972046,0.4593920111656189,0.34173959493637085,0.00011807643762167884
1439,0.4912842810153961,0.45757150650024414,0.3371276259422302,0.00011796607485931928
1440,0.5114521980285645,0.4759618639945984,0.35490304231643677,0.00011785568947986367
1441,0.5386786460876465,0.501406729221344,0.3727189302444458,0.00011774528162227376
1442,0.4686960279941559,0.43587741255760193,0.3281860947608948,0.00011763485142553959
1443,0.47476616501808167,0.4420006275177002,0.32765549421310425,0.00011752439902867925
1444,0.5607947707176208,0.5218014717102051,0.3899328112602234,0.00011741392457073888
1445,0.4981003999710083,0.4632422924041748,0.3485811948776245,0.00011730342819079227
1446,0.5020855665206909,0.46748822927474976,0.3459732234477997,0.00011719291002794096
1447,0.5229260921478271,0.48684701323509216,0.36079055070877075,0.00011708237022131381
1448,0.50100177526474,0.4659344255924225,0.3506736755371094,0.00011697180891006689
1449,0.5112005472183228,0.47537270188331604,0.35827839374542236,0.00011686122623338349
1450,0.5215219855308533,0.4853643774986267,0.3615758419036865,0.00011675062233047364
1451,0.49562573432922363,0.4614012539386749,0.3422448933124542,0.0001166399973405742
1452,0.5400998592376709,0.502618134021759,0.3748171627521515,0.00011652935140294852
1453,0.5139193534851074,0.47787022590637207,0.3604915142059326,0.0001164186846568863
1454,0.49650001525878906,0.461830198764801,0.346698135137558,0.00011630799724170353
1455,0.5249391198158264,0.48863449692726135,0.36304646730422974,0.00011619728929674209
1456,0.5023308396339417,0.4676397144794464,0.34691140055656433,0.00011608656096136984
1457,0.4693373441696167,0.43634384870529175,0.3299350142478943,0.0001159758123749802
1458,0.49348586797714233,0.4591788351535797,0.3430703282356262,0.00011586504367699217
1459,0.48666292428970337,0.4529407322406769,0.33722206950187683,0.00011575425500685002
1460,0.4682629108428955,0.4359115660190582,0.3235134482383728,0.0001156434465040231
1461,0.5112542510032654,0.47596049308776855,0.35293784737586975,0.00011553261830800586
1462,0.521169900894165,0.48536917567253113,0.3580075204372406,0.00011542177055831745
1463,0.48719316720962524,0.45320138335227966,0.3399178087711334,0.00011531090339450165
1464,0.4543866217136383,0.4230915904045105,0.3129503130912781,0.00011520001695612674
1465,0.5345532894134521,0.4973611533641815,0.3719216585159302,0.00011508911138278515
1466,0.4793930649757385,0.4460148513317108,0.3337821364402771,0.00011497818681409351
1467,0.4930873513221741,0.4590325653553009,0.3405478894710541,0.00011486724338969232
1468,0.48324164748191833,0.4497884213924408,0.33453238010406494,0.00011475628124924577
1469,0.5164016485214233,0.4803251624107361,0.3607647120952606,0.00011464530053244169
1470,0.4878464341163635,0.4541413486003876,0.3370507061481476,0.00011453430137899129
1471,0.4700785279273987,0.4375801980495453,0.3249832093715668,0.00011442328392862891
1472,0.5138887763023376,0.47793588042259216,0.3595287501811981,0.00011431224832111196
1473,0.46027636528015137,0.4283551573753357,0.31921201944351196,0.00011420119469622077
1474,0.4676806926727295,0.43532636761665344,0.32354310154914856,0.00011409012319375827
1475,0.5406972169876099,0.5030882954597473,0.37608933448791504,0.00011397903395354996
1476,0.5654151439666748,0.5263414978981018,0.3907366394996643,0.0001138679271154436
1477,0.5005140900611877,0.4662187397480011,0.34295323491096497,0.00011375680281930919
1478,0.5088836550712585,0.47341978549957275,0.35463884472846985,0.00011364566120503864
1479,0.49741166830062866,0.4631098508834839,0.3430180549621582,0.0001135345024125456
1480,0.5116684436798096,0.47650638222694397,0.3516206443309784,0.00011342332658176555
1481,0.4916943907737732,0.4578794836997986,0.33814916014671326,0.00011331213385265524
1482,0.5228442549705505,0.48633456230163574,0.36509671807289124,0.00011320092436519276
1483,0.5224748849868774,0.48582035303115845,0.36654549837112427,0.00011308969825937725
1484,0.5255411863327026,0.4894256293773651,0.3611554205417633,0.00011297845567522886
1485,0.5355181694030762,0.4986126720905304,0.36905476450920105,0.00011286719675278838
1486,0.4910202920436859,0.4566640555858612,0.34356245398521423,0.00011275592163211726
1487,0.49530741572380066,0.4608839452266693,0.344234824180603,0.00011264463045329728
1488,0.5052974224090576,0.47012776136398315,0.35169678926467896,0.00011253332335643043
1489,0.48054561018943787,0.4470313787460327,0.33514243364334106,0.00011242200048163882
1490,0.4918373227119446,0.4578283727169037,0.340089350938797,0.0001123106619690643
1491,0.4778737723827362,0.44457554817199707,0.3329823315143585,0.0001121993079588685
1492,0.44473588466644287,0.4133634865283966,0.3137238919734955,0.00011208793859123257
1493,0.483287513256073,0.4496814012527466,0.33606117963790894,0.00011197655400635689
1494,0.46323806047439575,0.4309256970882416,0.32312366366386414,0.0001118651543444611
1495,0.4849316477775574,0.45144832134246826,0.3348332643508911,0.00011175373974578378
1496,0.5056275725364685,0.47027894854545593,0.35348615050315857,0.00011164231035058228
1497,0.4711303412914276,0.4381258189678192,0.33004528284072876,0.00011153086629913267
1498,0.5341581106185913,0.4971630871295929,0.3699503242969513,0.00011141940773172939
1499,0.5504074692726135,0.5118709206581116,0.3853656053543091,0.00011130793478868515
1500,0.5231968760490417,0.4872850775718689,0.35911786556243896,0.00011119644761033078
1501,0.51692134141922,0.48075929284095764,0.3616204261779785,0.00011108494633701512
1502,0.4929805099964142,0.4590998589992523,0.3388064503669739,0.00011097343110910452
1503,0.5133976340293884,0.4780455231666565,0.35352134704589844,0.0001108619020669832
1504,0.49131301045417786,0.4575289487838745,0.337840735912323,0.00011075035935105252
1505,0.47195276618003845,0.4390890896320343,0.3286367654800415,0.00011063880310173113
1506,0.5224071145057678,0.4860697388648987,0.363373726606369,0.00011052723345945483
1507,0.49725741147994995,0.4628998339176178,0.34357574582099915,0.00011041565056467614
1508,0.47529664635658264,0.4420301616191864,0.33266496658325195,0.00011030405455786425
1509,0.48941224813461304,0.4555455446243286,0.3386668860912323,0.000110192445579505
1510,0.5330158472061157,0.49580350518226624,0.37212345004081726,0.00011008082377010045
1511,0.5147078633308411,0.47950586676597595,0.3520202040672302,0.00010996918927016886
1512,0.4850738048553467,0.4514051675796509,0.33668652176856995,0.00010985754222024436
1513,0.4623584449291229,0.4299471378326416,0.3241131603717804,0.00010974588276087705
1514,0.5204810500144958,0.4842180609703064,0.36262980103492737,0.00010963421103263252
1515,0.4940088391304016,0.4602731764316559,0.3373565673828125,0.00010952252717609188
1516,0.48813626170158386,0.4540324807167053,0.34103769063949585,0.00010941083133185146
1517,0.5090043544769287,0.47345709800720215,0.3554726839065552,0.00010929912364052268
1518,0.5209268927574158,0.4839867353439331,0.3694015443325043,0.00010918740424273191
1519,0.48076170682907104,0.44727399945259094,0.33487698435783386,0.00010907567327912025
1520,0.48533546924591064,0.45119673013687134,0.3413872718811035,0.00010896393089034336
1521,0.4969756603240967,0.46258699893951416,0.3438865840435028,0.00010885217721707124
1522,0.5178959369659424,0.48211759328842163,0.3577835261821747,0.00010874041239998816
1523,0.46638673543930054,0.4343477189540863,0.32039013504981995,0.00010862863657979237
1524,0.4525701403617859,0.4213275909423828,0.3124256134033203,0.00010851684989719594
1525,0.5173378586769104,0.48143938183784485,0.35898473858833313,0.00010840505249292476
1526,0.5231022834777832,0.4866744577884674,0.3642784655094147,0.00010829324450771806
1527,0.4548054337501526,0.42285284399986267,0.3195258677005768,0.00010818142608232849
1528,0.5013085603713989,0.4665551781654358,0.3475338816642761,0.00010806959735752174
1529,0.49525320529937744,0.46090012788772583,0.34353068470954895,0.00010795775847407659
1530,0.5085970163345337,0.47370532155036926,0.3489166796207428,0.0001078459095727845
1531,0.4827449321746826,0.4493098855018616,0.3343503475189209,0.00010773405079444963
1532,0.5317517518997192,0.49449217319488525,0.37259551882743835,0.00010762218227988851
1533,0.5317338705062866,0.49503737688064575,0.36696481704711914,0.00010751030416992996
1534,0.48255419731140137,0.44900497794151306,0.3354922831058502,0.00010739841660541487
1535,0.4852451682090759,0.4517897069454193,0.3345547318458557,0.00010728651972719603
1536,0.505270779132843,0.4699633717536926,0.3530742824077606,0.00010717461367613793
1537,0.46321865916252136,0.4316222071647644,0.31596460938453674,0.00010706269859311669
1538,0.5136070847511292,0.47820499539375305,0.3540206253528595,0.00010695077461901968
1539,0.4829424023628235,0.44940581917762756,0.3353657126426697,0.00010683884189474558
1540,0.5197536945343018,0.48382577300071716,0.3592792749404907,0.00010672690056120399
1541,0.5040400624275208,0.4686511158943176,0.3538895845413208,0.00010661495075931539
1542,0.507297158241272,0.47281745076179504,0.3447973132133484,0.00010650299263001097
1543,0.519129753112793,0.48340335488319397,0.3572638928890228,0.0001063910263142323
1544,0.4977113604545593,0.4630677103996277,0.3464365005493164,0.00010627905195293135
1545,0.5098657011985779,0.4746166169643402,0.3524905741214752,0.00010616706968707015
1546,0.48569461703300476,0.45208775997161865,0.33606866002082825,0.00010605507965762074
1547,0.45661020278930664,0.424888014793396,0.31722190976142883,0.00010594308200556483
1548,0.48318615555763245,0.4497614800930023,0.33424678444862366,0.00010583107687189388
1549,0.4628041982650757,0.43064045906066895,0.32163724303245544,0.00010571906439760866
1550,0.5289971232414246,0.492181658744812,0.3681548833847046,0.00010560704472371919
1551,0.5533297657966614,0.5146070122718811,0.3872278034687042,0.0001054950179912446
1552,0.5040662884712219,0.4693969190120697,0.3466934561729431,0.00010538298434121283
1553,0.5033960938453674,0.46820196509361267,0.3519410789012909,0.00010527094391466061
1554,0.46267837285995483,0.43069255352020264,0.3198580741882324,0.00010515889685263316
1555,0.4993854761123657,0.46446672081947327,0.3491874635219574,0.00010504684329618409
1556,0.5284304022789001,0.4918053448200226,0.36625030636787415,0.00010493478338637512
1557,0.4696602523326874,0.4375566840171814,0.3210357427597046,0.00010482271726427598
1558,0.5137394070625305,0.47821560502052307,0.3552379608154297,0.00010471064507096426
1559,0.5184641480445862,0.4826280176639557,0.35836145281791687,0.00010459856694752521
1560,0.4663166403770447,0.43436622619628906,0.3195042312145233,0.00010448648303505151
1561,0.5281277298927307,0.49115732312202454,0.36970388889312744,0.00010437439347464306
1562,0.5144632458686829,0.4789264500141144,0.35536783933639526,0.00010426229840740705
1563,0.47641995549201965,0.4436083137989044,0.3281162977218628,0.00010415019797445738
1564,0.5834997296333313,0.5426290035247803,0.4087073802947998,0.00010403809231691486
1565,0.4940636456012726,0.45999473333358765,0.3406890034675598,0.00010392598157590688
1566,0.5358684659004211,0.49799221754074097,0.37876221537590027,0.0001038138658925671
1567,0.5064855813980103,0.4709864854812622,0.35499125719070435,0.00010370174540803556
1568,0.5463869571685791,0.5086030960083008,0.3778383731842041,0.00010358962026345824
1569,0.5018864274024963,0.46708986163139343,0.3479655385017395,0.000103477490599987
1570,0.5252805352210999,0.4888349771499634,0.36445584893226624,0.00010336535655877942
1571,0.5012011528015137,0.4662192165851593,0.3498196005821228,0.00010325321828099854
1572,0.5613281726837158,0.5225221514701843,0.3880600333213806,0.00010314107590781284
1573,0.5544242858886719,0.5161275267601013,0.3829677402973175,0.00010302892958039583
1574,0.519802987575531,0.4832797944545746,0.36523178219795227,0.00010291677943992608
1575,0.480777770280838,0.4471289813518524,0.3364879786968231,0.0001028046256275869
1576,0.45569512248039246,0.42380866408348083,0.3188646733760834,0.00010269246828456629
1577,0.5011442303657532,0.46657130122184753,0.3457290232181549,0.00010258030755205665
1578,0.49704915285110474,0.46279042959213257,0.34258729219436646,0.00010246814357125463
1579,0.48499634861946106,0.4510035514831543,0.3399278521537781,0.00010235597648336104
1580,0.5124878287315369,0.4771076738834381,0.353801429271698,0.00010224380642958052
1581,0.505957305431366,0.4710243344306946,0.34932953119277954,0.00010213163355112148
1582,0.506912112236023,0.4713773727416992,0.355347216129303,0.00010201945798919593
1583,0.48626551032066345,0.45235636830329895,0.339091420173645,0.00010190727988501913
1584,0.4866667091846466,0.4530852138996124,0.3358149230480194,0.00010179509937980973
1585,0.5126736164093018,0.4771517515182495,0.355218768119812,0.00010168291661478923
1586,0.5497679710388184,0.512126088142395,0.37641891837120056,0.00010157073173118208
1587,0.48030513525009155,0.44731593132019043,0.3298919200897217,0.00010145854487021532
1588,0.49232861399650574,0.4582095146179199,0.3411910831928253,0.00010134635617311853
1589,0.5056333541870117,0.4698185920715332,0.3581473231315613,0.00010123416578112365
1590,0.4810769557952881,0.44754624366760254,0.3353072702884674,0.0001011219738354646
1591,0.4750753939151764,0.44228285551071167,0.3279253840446472,0.00010100978047737741
1592,0.5078527331352234,0.4724089205265045,0.35443830490112305,0.00010089758584809979
1593,0.48134645819664,0.44800883531570435,0.3333762288093567,0.00010078539008887114
1594,0.4912247359752655,0.4570954144001007,0.3412931561470032,0.00010067319334093219
1595,0.4857292175292969,0.4522608518600464,0.33468350768089294,0.00010056099574552497
1596,0.5261867046356201,0.489371657371521,0.3681504428386688,0.00010044879744389257
1597,0.508341372013092,0.4728727638721466,0.3546859323978424,0.00010033659857727893
1598,0.49404120445251465,0.45929408073425293,0.3474712371826172,0.00010022439928692875
1599,0.4810140132904053,0.4476369321346283,0.333770751953125,0.00010011219971408725
1600,0.5182793736457825,0.48220303654670715,0.3607636094093323,0.0001
1601,0.47461777925491333,0.44226768612861633,0.3235010504722595,9.988780028591278e-05
1602,0.500902533531189,0.46646982431411743,0.344326913356781,9.977560071307129e-05
1603,0.5472554564476013,0.5091411471366882,0.3811432421207428,9.96634014227211e-05
1604,0.4721212387084961,0.4395318925380707,0.32589346170425415,9.955120255610746e-05
1605,0.49649590253829956,0.4613626003265381,0.3513329327106476,9.943900425447505e-05
1606,0.5114704370498657,0.47546496987342834,0.36005479097366333,9.932680665906783e-05
1607,0.4735676050186157,0.4404321014881134,0.33135518431663513,9.921460991112891e-05
1608,0.46880337595939636,0.43604812026023865,0.32755252718925476,9.910241415190021e-05
1609,0.5494115948677063,0.5118988156318665,0.37512797117233276,9.89902195226226e-05
1610,0.5167853832244873,0.480610728263855,0.36174654960632324,9.887802616453542e-05
1611,0.47738561034202576,0.4443635046482086,0.3302209675312042,9.87658342188764e-05
1612,0.4963173568248749,0.4619482159614563,0.34369152784347534,9.865364382688145e-05
1613,0.48460233211517334,0.4508678615093231,0.33734485507011414,9.85414551297847e-05
1614,0.5162638425827026,0.4809490740299225,0.3531474471092224,9.842926826881796e-05
1615,0.5010050535202026,0.46614977717399597,0.3485528826713562,9.831708338521078e-05
1616,0.5414597988128662,0.5039320588111877,0.37527716159820557,9.820490062019029e-05
1617,0.4974767863750458,0.4632313847541809,0.3424540162086487,9.809272011498085e-05
1618,0.49451693892478943,0.4599422812461853,0.3457466661930084,9.798054201080411e-05
1619,0.5137592554092407,0.4784824550151825,0.35276827216148376,9.786836644887856e-05
1620,0.4650898575782776,0.4329148232936859,0.32175034284591675,9.775619357041952e-05
1621,0.496496319770813,0.4621669352054596,0.3432938754558563,9.764402351663901e-05
1622,0.5419167280197144,0.5038565397262573,0.380601704120636,9.753185642874537e-05
1623,0.5376109480857849,0.5003315210342407,0.3727945387363434,9.741969244794338e-05
1624,0.5266452431678772,0.4901025891304016,0.3654266893863678,9.730753171543374e-05
1625,0.49354201555252075,0.4595067799091339,0.34035220742225647,9.719537437241312e-05
1626,0.4932510256767273,0.45931416749954224,0.3393685817718506,9.708322056007397e-05
1627,0.518334686756134,0.48214423656463623,0.361904501914978,9.697107041960417e-05
1628,0.47959691286087036,0.44625669717788696,0.33340200781822205,9.685892409218717e-05
1629,0.5290457606315613,0.4928072392940521,0.36238545179367065,9.674678171900147e-05
1630,0.5749945044517517,0.5345556139945984,0.4043886661529541,9.663464344122064e-05
1631,0.5075209736824036,0.47225794196128845,0.3526304066181183,9.652250940001302e-05
1632,0.513565182685852,0.47826921939849854,0.35295966267585754,9.641037973654178e-05
1633,0.5364727973937988,0.4991641044616699,0.3730866611003876,9.629825459196446e-05
1634,0.5504606366157532,0.5124565362930298,0.3800412118434906,9.618613410743291e-05
1635,0.49526771903038025,0.4608071446418762,0.34460562467575073,9.607401842409317e-05
1636,0.49721449613571167,0.46271759271621704,0.3449689745903015,9.596190768308515e-05
1637,0.5039223432540894,0.46877288818359375,0.3514944911003113,9.584980202554266e-05
1638,0.49941715598106384,0.46492111682891846,0.344960480928421,9.573770159259299e-05
1639,0.4870567321777344,0.4529609978199005,0.3409574329853058,9.562560652535695e-05
1640,0.5470216870307922,0.5088908076286316,0.38130903244018555,9.551351696494854e-05
1641,0.5161977410316467,0.47996848821640015,0.3622925579547882,9.540143305247478e-05
1642,0.4577167332172394,0.4258803129196167,0.3183641731739044,9.528935492903575e-05
1643,0.4739210307598114,0.4413679540157318,0.3255307376384735,9.517728273572403e-05
1644,0.5301823616027832,0.49325087666511536,0.36931484937667847,9.506521661362493e-05
1645,0.5097755193710327,0.4743479788303375,0.3542756736278534,9.495315670381591e-05
1646,0.5099315643310547,0.4749304950237274,0.35001039505004883,9.484110314736682e-05
1647,0.4892977178096771,0.45574572682380676,0.33551985025405884,9.472905608533941e-05
1648,0.5393748879432678,0.5012314915657043,0.38143405318260193,9.461701565878719e-05
1649,0.5304516553878784,0.494159072637558,0.3629259467124939,9.450498200875546e-05
1650,0.5434954762458801,0.5059487819671631,0.37546685338020325,9.439295527628081e-05
1651,0.49099239706993103,0.45667195320129395,0.34320446848869324,9.428093560239135e-05
1652,0.48210498690605164,0.4488968551158905,0.33208131790161133,9.416892312810614e-05
1653,0.48983731865882874,0.4559909999370575,0.3384632468223572,9.40569179944352e-05
1654,0.5483803749084473,0.5101729035377502,0.38207486271858215,9.394492034237931e-05
1655,0.4563451111316681,0.42527997493743896,0.31065133213996887,9.383293031292985e-05
1656,0.48906269669532776,0.455194890499115,0.3386780917644501,9.372094804706867e-05
1657,0.5025331974029541,0.46801072359085083,0.3452244997024536,9.360897368576772e-05
1658,0.5089707374572754,0.473926842212677,0.3504388630390167,9.349700736998908e-05
1659,0.49327701330184937,0.45914599299430847,0.34131017327308655,9.338504924068462e-05
1660,0.5333275198936462,0.496583491563797,0.36744025349617004,9.327309943879604e-05
1661,0.5609166026115417,0.5225723385810852,0.38344284892082214,9.316115810525446e-05
1662,0.4897078573703766,0.45578521490097046,0.33922648429870605,9.304922538098035e-05
1663,0.4927200973033905,0.45800578594207764,0.3471430540084839,9.293730140688336e-05
1664,0.48394620418548584,0.45044398307800293,0.33502233028411865,9.282538632386207e-05
1665,0.5147544145584106,0.478942334651947,0.3581208884716034,9.2713480272804e-05
1666,0.49507200717926025,0.4609619677066803,0.3411003053188324,9.260158339458514e-05
1667,0.4800148010253906,0.44669145345687866,0.33323338627815247,9.248969583007005e-05
1668,0.5378111004829407,0.5005787014961243,0.3723237216472626,9.237781772011153e-05
1669,0.5485855937004089,0.510666012763977,0.3791959583759308,9.226594920555037e-05
1670,0.5266584157943726,0.48966366052627563,0.36994755268096924,9.215409042721552e-05
1671,0.5184757113456726,0.4824662506580353,0.3600946068763733,9.204224152592343e-05
1672,0.49516892433166504,0.4611130952835083,0.34055837988853455,9.193040264247829e-05
1673,0.5297080874443054,0.4928252100944519,0.36882904171943665,9.181857391767157e-05
1674,0.5324204564094543,0.49548739194869995,0.36933061480522156,9.170675549228194e-05
1675,0.45639321208000183,0.42488908767700195,0.315041184425354,9.159494750707526e-05
1676,0.49216023087501526,0.45789065957069397,0.3426956534385681,9.148315010280408e-05
1677,0.4735969007015228,0.44109421968460083,0.32502683997154236,9.137136342020768e-05
1678,0.5022939443588257,0.46746760606765747,0.3482635021209717,9.125958760001189e-05
1679,0.49199753999710083,0.45790714025497437,0.3409041166305542,9.114782278292876e-05
1680,0.4986684322357178,0.4641313850879669,0.3453705906867981,9.103606910965666e-05
1681,0.5433040857315063,0.5059698820114136,0.3733421564102173,9.092432672087977e-05
1682,0.4691770076751709,0.4370017945766449,0.3217522203922272,9.08125957572681e-05
1683,0.4975082278251648,0.46280544996261597,0.34702783823013306,9.070087635947733e-05
1684,0.46791526675224304,0.435068815946579,0.3284645080566406,9.058916866814858e-05
1685,0.5392841696739197,0.5020667314529419,0.37217411398887634,9.047747282390815e-05
1686,0.5630367994308472,0.5244452357292175,0.3859153687953949,9.036578896736752e-05
1687,0.5277507305145264,0.49134814739227295,0.3640255630016327,9.025411723912298e-05
1688,0.492134690284729,0.4582032263278961,0.3393145501613617,9.014245777975565e-05
1689,0.5120841860771179,0.47672292590141296,0.3536125123500824,9.003081072983117e-05
1690,0.5159934759140015,0.4797315001487732,0.3626200556755066,8.991917622989956e-05
1691,0.5117455720901489,0.47651737928390503,0.3522818088531494,8.980755442049502e-05
1692,0.5340654850006104,0.4969884157180786,0.370770663022995,8.969594544213578e-05
1693,0.48960429430007935,0.4557572901248932,0.3384701907634735,8.95843494353239e-05
1694,0.4905520975589752,0.45679688453674316,0.3375522494316101,8.947276654054518e-05
1695,0.5048132538795471,0.4689119756221771,0.35901254415512085,8.936119689826888e-05
1696,0.4775410592556,0.44454753398895264,0.3299351930618286,8.924964064894753e-05
1697,0.4686191976070404,0.4361124336719513,0.3250676989555359,8.913809793301681e-05
1698,0.5387169122695923,0.5012401342391968,0.37476789951324463,8.902656889089548e-05
1699,0.5281813740730286,0.491332471370697,0.3684892952442169,8.891505366298492e-05
1700,0.5093460083007812,0.47394120693206787,0.35404810309410095,8.880355238966923e-05
1701,0.5033778548240662,0.4687749743461609,0.34602856636047363,8.869206521131489e-05
1702,0.4736021161079407,0.44059309363365173,0.33009007573127747,8.858059226827062e-05
1703,0.5044794082641602,0.469219446182251,0.35259947180747986,8.846913370086734e-05
1704,0.5086135864257812,0.4735751152038574,0.3503848612308502,8.835768964941773e-05
1705,0.4941023290157318,0.4600818455219269,0.3402048647403717,8.824626025421626e-05
1706,0.48181259632110596,0.4484182894229889,0.3339429795742035,8.813484565553893e-05
1707,0.4866105020046234,0.4530106484889984,0.3359984755516052,8.802344599364312e-05
1708,0.5104173421859741,0.47529035806655884,0.35126954317092896,8.791206140876746e-05
1709,0.5356866717338562,0.49911344051361084,0.3657325804233551,8.780069204113153e-05
1710,0.48728126287460327,0.4533427953720093,0.33938461542129517,8.768933803093573e-05
1711,0.49299314618110657,0.4588851034641266,0.3410804271697998,8.757799951836123e-05
1712,0.4946300983428955,0.4601672291755676,0.34462884068489075,8.746667664356956e-05
1713,0.47182291746139526,0.43912020325660706,0.32702726125717163,8.735536954670275e-05
1714,0.4850548803806305,0.45133447647094727,0.33720409870147705,8.724407836788276e-05
1715,0.48673176765441895,0.45282623171806335,0.3390553891658783,8.713280324721163e-05
1716,0.5322163105010986,0.4951384961605072,0.3707781434059143,8.702154432477115e-05
1717,0.47694000601768494,0.4442223012447357,0.3271770477294922,8.691030174062273e-05
1718,0.5293251276016235,0.49195596575737,0.3736917972564697,8.679907563480726e-05
1719,0.4697006344795227,0.43657225370407104,0.33128392696380615,8.668786614734478e-05
1720,0.513748049736023,0.4780867397785187,0.3566131591796875,8.657667341823448e-05
1721,0.504600465297699,0.4692443907260895,0.35356053709983826,8.64654975874544e-05
1722,0.4455740749835968,0.41511043906211853,0.30463624000549316,8.63543387949614e-05
1723,0.5296503305435181,0.4925200045108795,0.3713034689426422,8.624319718069084e-05
1724,0.4837104082107544,0.4501390755176544,0.3357134163379669,8.613207288455643e-05
1725,0.49483540654182434,0.4604988694190979,0.34336525201797485,8.602096604645009e-05
1726,0.5282273292541504,0.4917946755886078,0.364326536655426,8.590987680624174e-05
1727,0.4832352101802826,0.44971445202827454,0.33520764112472534,8.579880530377926e-05
1728,0.5109531283378601,0.47603780031204224,0.3491530120372772,8.568775167888806e-05
1729,0.510825514793396,0.4753707945346832,0.3545472323894501,8.557671607137114e-05
1730,0.5292588472366333,0.4927302300930023,0.3652864396572113,8.546569862100876e-05
1731,0.47735488414764404,0.44473081827163696,0.326240599155426,8.53546994675583e-05
1732,0.529605507850647,0.49219799041748047,0.3740749955177307,8.524371875075425e-05
1733,0.5297964811325073,0.4927876889705658,0.37008801102638245,8.51327566103077e-05
1734,0.4964553415775299,0.46214550733566284,0.3430982828140259,8.502181318590652e-05
1735,0.4691524803638458,0.4369448125362396,0.3220767676830292,8.491088861721486e-05
1736,0.5048536658287048,0.4697330594062805,0.3512062728404999,8.479998304387329e-05
1737,0.4891396164894104,0.45534294843673706,0.3379667103290558,8.468909660549837e-05
1738,0.5146656036376953,0.47874417901039124,0.3592143952846527,8.457822944168257e-05
1739,0.49175405502319336,0.4576495885848999,0.3410448133945465,8.446738169199418e-05
1740,0.4729546308517456,0.440279483795166,0.32675158977508545,8.435655349597689e-05
1741,0.510644793510437,0.47508594393730164,0.3555887043476105,8.424574499315e-05
1742,0.47372525930404663,0.44073477387428284,0.32990479469299316,8.413495632300784e-05
1743,0.5050259828567505,0.4699269235134125,0.350990891456604,8.402418762501982e-05
1744,0.5345659852027893,0.4979691803455353,0.365968257188797,8.391343903863018e-05
1745,0.4636138379573822,0.43133828043937683,0.32275548577308655,8.380271070325789e-05
1746,0.5079447031021118,0.4721958339214325,0.35748863220214844,8.369200275829649e-05
1747,0.48348382115364075,0.4498750865459442,0.3360874056816101,8.358131534311372e-05
1748,0.4859994053840637,0.4523003101348877,0.3369908928871155,8.347064859705153e-05
1749,0.4870058596134186,0.45334404706954956,0.3366180956363678,8.336000265942581e-05
1750,0.4905604124069214,0.45674970746040344,0.3381071984767914,8.324937766952638e-05
1751,0.5225284695625305,0.48652026057243347,0.36008220911026,8.313877376661652e-05
1752,0.4485512375831604,0.41749006509780884,0.3106116056442261,8.302819108993312e-05
1753,0.4743119478225708,0.4406091272830963,0.33702829480171204,8.291762977868625e-05
1754,0.5081644654273987,0.47273939847946167,0.3542509377002716,8.280708997205904e-05
1755,0.5016586780548096,0.46734383702278137,0.3431483805179596,8.269657180920774e-05
1756,0.5229430198669434,0.4869355857372284,0.36007431149482727,8.258607542926114e-05
1757,0.5112436413764954,0.47577083110809326,0.3547283709049225,8.247560097132076e-05
1758,0.4974955916404724,0.4624592959880829,0.35036295652389526,8.236514857446045e-05
1759,0.5001854300498962,0.4656457006931305,0.34539714455604553,8.225471837772623e-05
1760,0.4913341999053955,0.4577285647392273,0.33605635166168213,8.214431052013634e-05
1761,0.4782719612121582,0.44516244530677795,0.3310951888561249,8.203392514068074e-05
1762,0.5405945777893066,0.5030086040496826,0.3758595287799835,8.19235623783212e-05
1763,0.5179789662361145,0.4819566607475281,0.3602231442928314,8.181322237199094e-05
1764,0.48712801933288574,0.45353543758392334,0.3359259068965912,8.170290526059452e-05
1765,0.546328067779541,0.5081599950790405,0.38168081641197205,8.159261118300782e-05
1766,0.49813181161880493,0.4631962478160858,0.3493554890155792,8.14823402780776e-05
1767,0.5380891561508179,0.501017689704895,0.37071436643600464,8.13720926846214e-05
1768,0.5056161880493164,0.4705536365509033,0.3506254255771637,8.126186854142752e-05
1769,0.4798452854156494,0.4463391900062561,0.33506083488464355,8.115166798725478e-05
1770,0.45321956276893616,0.42233729362487793,0.3088225722312927,8.104149116083216e-05
1771,0.487606018781662,0.45339977741241455,0.34206247329711914,8.093133820085888e-05
1772,0.5027208924293518,0.4672544002532959,0.3546648323535919,8.0821209246004e-05
1773,0.5374084115028381,0.5002975463867188,0.37110841274261475,8.071110443490652e-05
1774,0.43395599722862244,0.40392637252807617,0.3002963364124298,8.060102390617493e-05
1775,0.4889838695526123,0.4552532136440277,0.33730652928352356,8.049096779838719e-05
1776,0.5017499327659607,0.46773087978363037,0.34019041061401367,8.038093625009052e-05
1777,0.5017033815383911,0.4673982560634613,0.3430514633655548,8.027092939980115e-05
1778,0.5153642296791077,0.4798915982246399,0.3547264635562897,8.016094738600435e-05
1779,0.5280076861381531,0.49179068207740784,0.3621702492237091,8.005099034715404e-05
1780,0.5393600463867188,0.502402126789093,0.36957913637161255,7.994105842167273e-05
1781,0.5222785472869873,0.4860953390598297,0.36183226108551025,7.983115174795128e-05
1782,0.48626646399497986,0.4530235230922699,0.33242931962013245,7.972127046434878e-05
1783,0.4839138984680176,0.4502032399177551,0.33710646629333496,7.961141470919233e-05
1784,0.5232217311859131,0.4872356951236725,0.35986006259918213,7.950158462077697e-05
1785,0.4788409173488617,0.4452459514141083,0.33594954013824463,7.939178033736538e-05
1786,0.5130709409713745,0.47749602794647217,0.3557494282722473,7.928200199718774e-05
1787,0.5219860672950745,0.4861690104007721,0.35817065834999084,7.917224973844152e-05
1788,0.49809935688972473,0.46386340260505676,0.3423594534397125,7.906252369929154e-05
1789,0.5306143164634705,0.49383869767189026,0.36775633692741394,7.895282401786945e-05
1790,0.4836583733558655,0.4502199590206146,0.3343840539455414,7.884315083227373e-05
1791,0.5305036902427673,0.49380820989608765,0.3669549822807312,7.873350428056957e-05
1792,0.5218695402145386,0.48545345664024353,0.36416059732437134,7.862388450078855e-05
1793,0.5422950983047485,0.5048926472663879,0.37402448058128357,7.851429163092868e-05
1794,0.5222678184509277,0.4860175549983978,0.36250248551368713,7.840472580895396e-05
1795,0.5113943219184875,0.47605201601982117,0.35342302918434143,7.829518717279438e-05
1796,0.5212694406509399,0.48542720079421997,0.3584222197532654,7.818567586034577e-05
1797,0.48134639859199524,0.44784802198410034,0.33498382568359375,7.807619200946942e-05
1798,0.46135061979293823,0.42954108119010925,0.3180954158306122,7.796673575799224e-05
1799,0.4829263985157013,0.4489143490791321,0.3401205241680145,7.785730724370625e-05
1800,0.48033350706100464,0.44765275716781616,0.32680755853652954,7.774790660436858e-05
1801,0.5226914286613464,0.48649224638938904,0.36199167370796204,7.763853397770131e-05
1802,0.5085921287536621,0.4735400676727295,0.35052070021629333,7.752918950139119e-05
1803,0.5233132839202881,0.4870685338973999,0.3624475300312042,7.741987331308964e-05
1804,0.5151644349098206,0.47989171743392944,0.3527272641658783,7.731058555041237e-05
1805,0.47720664739608765,0.4441240429878235,0.33082595467567444,7.720132635093934e-05
1806,0.496496319770813,0.46178528666496277,0.3471102714538574,7.709209585221451e-05
1807,0.5080885887145996,0.4729389548301697,0.3514963686466217,7.69828941917458e-05
1808,0.44807136058807373,0.41719570755958557,0.3087564706802368,7.68737215070048e-05
1809,0.49117717146873474,0.4573248326778412,0.3385235071182251,7.676457793542654e-05
1810,0.48236024379730225,0.4487024247646332,0.3365781605243683,7.66554636144095e-05
1811,0.49379390478134155,0.4592032730579376,0.34590619802474976,7.654637868131521e-05
1812,0.5209702253341675,0.4850713610649109,0.358988881111145,7.643732327346842e-05
1813,0.5175895094871521,0.48175787925720215,0.3583165407180786,7.63282975281565e-05
1814,0.5018808245658875,0.4671953618526459,0.34685441851615906,7.621930158262958e-05
1815,0.48733535408973694,0.45333629846572876,0.3399905562400818,7.611033557410026e-05
1816,0.47211965918540955,0.43965965509414673,0.3246000111103058,7.600139963974341e-05
1817,0.4813176393508911,0.4481520354747772,0.3316561281681061,7.589249391669616e-05
1818,0.4791738986968994,0.4461393356323242,0.3303457200527191,7.578361854205743e-05
1819,0.49794459342956543,0.46340733766555786,0.3453724682331085,7.567477365288813e-05
1820,0.5086048245429993,0.4738031327724457,0.3480168581008911,7.556595938621058e-05
1821,0.5608850121498108,0.5208314657211304,0.4005356431007385,7.545717587900879e-05
1822,0.5132954120635986,0.47791993618011475,0.35375455021858215,7.534842326822785e-05
1823,0.4783358871936798,0.44541266560554504,0.3292323052883148,7.523970169077402e-05
1824,0.5261962413787842,0.49009373784065247,0.3610250949859619,7.513101128351454e-05
1825,0.4853089451789856,0.4519629180431366,0.33346027135849,7.502235218327731e-05
1826,0.5001593828201294,0.4658191204071045,0.3434026837348938,7.491372452685094e-05
1827,0.48378047347068787,0.4498387575149536,0.3394172787666321,7.48051284509844e-05
1828,0.526702344417572,0.4904511570930481,0.36251208186149597,7.469656409238685e-05
1829,0.4951002597808838,0.4606689512729645,0.3443130850791931,7.458803158772758e-05
1830,0.4850856363773346,0.45118775963783264,0.33897876739501953,7.447953107363574e-05
1831,0.4693624973297119,0.43710362911224365,0.32258862257003784,7.437106268670034e-05
1832,0.5248951315879822,0.4886164665222168,0.3627869188785553,7.426262656346978e-05
1833,0.4767734408378601,0.4436268210411072,0.33146631717681885,7.41542228404519e-05
1834,0.515289843082428,0.4800497591495514,0.35240069031715393,7.404585165411377e-05
1835,0.5016145706176758,0.46713584661483765,0.3447872996330261,7.393751314088146e-05
1836,0.4924219846725464,0.4589094817638397,0.3351249694824219,7.382920743713999e-05
1837,0.5244736671447754,0.48789694905281067,0.365767240524292,7.372093467923302e-05
1838,0.5070724487304688,0.47239863872528076,0.34673812985420227,7.361269500346274e-05
1839,0.5218121409416199,0.48578131198883057,0.36030808091163635,7.350448854608962e-05
1840,0.49918437004089355,0.4642799496650696,0.3490442633628845,7.339631544333249e-05
1841,0.5166917443275452,0.4808182418346405,0.3587352931499481,7.328817583136804e-05
1842,0.48592129349708557,0.4516218900680542,0.3429940640926361,7.318006984633085e-05
1843,0.5033514499664307,0.46869537234306335,0.3465609848499298,7.307199762431319e-05
1844,0.5023241639137268,0.4682850241661072,0.34039121866226196,7.29639593013647e-05
1845,0.5407357811927795,0.5033158659934998,0.3741992115974426,7.285595501349258e-05
1846,0.5231677293777466,0.4869159758090973,0.3625175356864929,7.274798489666097e-05
1847,0.5151030421257019,0.47980237007141113,0.35300660133361816,7.264004908679112e-05
1848,0.4889293313026428,0.45510298013687134,0.3382634222507477,7.2532147719761e-05
1849,0.5260288119316101,0.48994699120521545,0.36081793904304504,7.242428093140525e-05
1850,0.5358768701553345,0.4987610876560211,0.37115779519081116,7.231644885751507e-05
1851,0.5240515470504761,0.4881367087364197,0.3591482639312744,7.220865163383784e-05
1852,0.4919871389865875,0.45776423811912537,0.34222888946533203,7.210088939607708e-05
1853,0.49015477299690247,0.45575836300849915,0.3439640402793884,7.199316227989236e-05
1854,0.5183783769607544,0.48258084058761597,0.35797521471977234,7.18854704208989e-05
1855,0.46780622005462646,0.43498727679252625,0.32818934321403503,7.177781395466772e-05
1856,0.4627659320831299,0.4308319091796875,0.31934013962745667,7.167019301672509e-05
1857,0.566950798034668,0.5275243520736694,0.3942643404006958,7.156260774255262e-05
1858,0.4960428476333618,0.4616374671459198,0.34405380487442017,7.145505826758707e-05
1859,0.5333553552627563,0.4967871904373169,0.36568155884742737,7.134754472722017e-05
1860,0.4812619686126709,0.44767820835113525,0.3358376920223236,7.124006725679828e-05
1861,0.47192928194999695,0.43896663188934326,0.3296263813972473,7.113262599162245e-05
1862,0.5216264724731445,0.48582330346107483,0.35803189873695374,7.102522106694808e-05
1863,0.5069094896316528,0.47203031182289124,0.3487918972969055,7.09178526179849e-05
1864,0.5137451887130737,0.4776644706726074,0.360807329416275,7.081052077989667e-05
1865,0.5220966339111328,0.4851265847682953,0.3697003722190857,7.07032256878011e-05
1866,0.496446430683136,0.46218252182006836,0.3426389992237091,7.059596747676962e-05
1867,0.4764053225517273,0.4439888894557953,0.32416418194770813,7.048874628182722e-05
1868,0.4863884449005127,0.4526369571685791,0.3375147581100464,7.038156223795224e-05
1869,0.5229989290237427,0.4863947629928589,0.3660416007041931,7.027441548007641e-05
1870,0.5106859803199768,0.4755416214466095,0.35144343972206116,7.01673061430844e-05
1871,0.5299892425537109,0.49366331100463867,0.36325958371162415,7.006023436181377e-05
1872,0.490800678730011,0.4571986198425293,0.3360205888748169,6.995320027105481e-05
1873,0.47100698947906494,0.438397616147995,0.3260937035083771,6.984620400555044e-05
1874,0.489511638879776,0.455491840839386,0.340197890996933,6.973924569999585e-05
1875,0.44981300830841064,0.4184974730014801,0.31315529346466064,6.963232548903853e-05
1876,0.5232557058334351,0.48685377836227417,0.3640190362930298,6.952544350727799e-05
1877,0.5090429186820984,0.47404736280441284,0.34995558857917786,6.94185998892655e-05
1878,0.5270168781280518,0.49051281809806824,0.3650408387184143,6.931179476950429e-05
1879,0.5093428492546082,0.47372138500213623,0.35621464252471924,6.920502828244889e-05
1880,0.49145230650901794,0.457348495721817,0.3410381078720093,6.909830056250527e-05
1881,0.5276558995246887,0.48994776606559753,0.37708142399787903,6.899161174403064e-05
1882,0.5262489318847656,0.48991966247558594,0.3632926940917969,6.888496196133317e-05
1883,0.5016583800315857,0.46678656339645386,0.3487180471420288,6.877835134867196e-05
1884,0.501227080821991,0.4664887487888336,0.3473832309246063,6.867178004025676e-05
1885,0.48342132568359375,0.4500957131385803,0.33325624465942383,6.85652481702478e-05
1886,0.5304620862007141,0.4935022294521332,0.369598388671875,6.845875587275576e-05
1887,0.5266237258911133,0.4901237189769745,0.36500000953674316,6.835230328184138e-05
1888,0.5234410762786865,0.48691892623901367,0.3652213215827942,6.824589053151558e-05
1889,0.5380555391311646,0.5009962320327759,0.3705928325653076,6.813951775573896e-05
1890,0.5686655640602112,0.5298452973365784,0.38820257782936096,6.803318508842187e-05
1891,0.48832541704177856,0.4547063112258911,0.3361910879611969,6.792689266342416e-05
1892,0.4803582727909088,0.4475046694278717,0.32853591442108154,6.782064061455504e-05
1893,0.5094733834266663,0.47398704290390015,0.3548634946346283,6.77144290755729e-05
1894,0.48666736483573914,0.45321184396743774,0.33455508947372437,6.760825818018508e-05
1895,0.5351840257644653,0.498407244682312,0.3677675724029541,6.750212806204777e-05
1896,0.5050526261329651,0.47055813670158386,0.34494471549987793,6.739603885476582e-05
1897,0.5492650270462036,0.511285126209259,0.37979912757873535,6.728999069189263e-05
1898,0.49989965558052063,0.46483635902404785,0.35063305497169495,6.718398370692993e-05
1899,0.48395538330078125,0.450672447681427,0.33282941579818726,6.707801803332754e-05
1900,0.5252315402030945,0.4886690080165863,0.3656253516674042,6.697209380448333e-05
1901,0.48480743169784546,0.45095980167388916,0.33847641944885254,6.68662111537429e-05
1902,0.49263134598731995,0.45829257369041443,0.34338778257369995,6.676037021439971e-05
1903,0.46960583329200745,0.43718528747558594,0.32420554757118225,6.665457111969451e-05
1904,0.5095015168190002,0.4735157787799835,0.3598572611808777,6.654881400281547e-05
1905,0.4955924451351166,0.4609878659248352,0.3460458815097809,6.644309899689793e-05
1906,0.48004648089408875,0.4468461573123932,0.33200323581695557,6.63374262350241e-05
1907,0.4892277121543884,0.45491838455200195,0.34309330582618713,6.623179585022316e-05
1908,0.47970131039619446,0.446907639503479,0.3279367685317993,6.612620797547087e-05
1909,0.562366783618927,0.5237149596214294,0.3865179717540741,6.602066274368947e-05
1910,0.4981350004673004,0.46305349469184875,0.35081493854522705,6.59151602877475e-05
1911,0.4851950407028198,0.4516676366329193,0.3352739214897156,6.580970074045975e-05
1912,0.5014727711677551,0.4673711359500885,0.3410162031650543,6.570428423458687e-05
1913,0.5005239248275757,0.46611520648002625,0.34408706426620483,6.559891090283537e-05
1914,0.5199718475341797,0.4841535985469818,0.3581826090812683,6.549358087785744e-05
1915,0.5039395689964294,0.46869713068008423,0.3524245619773865,6.538829429225069e-05
1916,0.4742159843444824,0.4414042830467224,0.3281170427799225,6.528305127855816e-05
1917,0.5293505787849426,0.4923323690891266,0.3701821565628052,6.517785196926792e-05
1918,0.5105260610580444,0.47512444853782654,0.35401588678359985,6.507269649681307e-05
1919,0.48618239164352417,0.45250916481018066,0.3367323577404022,6.496758499357148e-05
1920,0.5204641222953796,0.4847521185874939,0.35712018609046936,6.486251759186572e-05
1921,0.5010533332824707,0.46580445766448975,0.3524889647960663,6.475749442396289e-05
1922,0.48812270164489746,0.4538840353488922,0.34238678216934204,6.465251562207431e-05
1923,0.478744775056839,0.4455307126045227,0.33214062452316284,6.454758131835545e-05
1924,0.5337247848510742,0.49666887521743774,0.37055906653404236,6.44426916449058e-05
1925,0.46751368045806885,0.43510904908180237,0.32404622435569763,6.43378467337687e-05
1926,0.5020278692245483,0.4672092795372009,0.3481859862804413,6.423304671693107e-05
1927,0.5125964283943176,0.4773178994655609,0.35278552770614624,6.412829172632338e-05
1928,0.480925977230072,0.4479517340660095,0.32974231243133545,6.402358189381934e-05
1929,0.4742601811885834,0.44119617342948914,0.3306400775909424,6.391891735123582e-05
1930,0.5253665447235107,0.4889218509197235,0.3644467294216156,6.38142982303328e-05
1931,0.5010507702827454,0.46668168902397156,0.34369054436683655,6.370972466281291e-05
1932,0.5286476016044617,0.4918056130409241,0.3684201240539551,6.360519678032157e-05
1933,0.4833609461784363,0.45049816370010376,0.32862767577171326,6.350071471444661e-05
1934,0.48279517889022827,0.4496348798274994,0.3316030204296112,6.339627859671814e-05
1935,0.5285321474075317,0.49180150032043457,0.3673066794872284,6.32918885586086e-05
1936,0.5127114653587341,0.47713372111320496,0.3557772934436798,6.318754473153221e-05
1937,0.49438467621803284,0.45997241139411926,0.3441225290298462,6.308324724684518e-05
1938,0.4832160472869873,0.4499565064907074,0.332595556974411,6.297899623584532e-05
1939,0.5171541571617126,0.480873167514801,0.3628101646900177,6.287479182977184e-05
1940,0.5082552433013916,0.4731603264808655,0.3509492874145508,6.277063415980549e-05
1941,0.5249123573303223,0.48844605684280396,0.3646630346775055,6.266652335706802e-05
1942,0.5243503451347351,0.4885471761226654,0.3580319285392761,6.256245955262221e-05
1943,0.49354609847068787,0.4598534405231476,0.33692654967308044,6.245844287747168e-05
1944,0.5427819490432739,0.5044455528259277,0.3833637833595276,6.23544734625608e-05
1945,0.5420224070549011,0.5051775574684143,0.3684484660625458,6.225055143877434e-05
1946,0.4785136282444,0.4454752206802368,0.33038416504859924,6.214667693693744e-05
1947,0.48689648509025574,0.45326781272888184,0.33628660440444946,6.20428500878154e-05
1948,0.5095975995063782,0.47376078367233276,0.3583681583404541,6.193907102211358e-05
1949,0.49930137395858765,0.465179979801178,0.3412138819694519,6.183533987047716e-05
1950,0.50718754529953,0.47221413254737854,0.3497340679168701,6.173165676349103e-05
1951,0.49369677901268005,0.459311842918396,0.3438493013381958,6.162802183167954e-05
1952,0.4577380120754242,0.42599278688430786,0.3174522817134857,6.152443520550641e-05
1953,0.5001785755157471,0.4654121994972229,0.3476635813713074,6.14208970153746e-05
1954,0.5148632526397705,0.47895941138267517,0.3590383529663086,6.1317407391626e-05
1955,0.5184075832366943,0.48244786262512207,0.35959726572036743,6.121396646454149e-05
1956,0.5145070552825928,0.478829950094223,0.3567712604999542,6.111057436434056e-05
1957,0.4824981093406677,0.4492132365703583,0.3328488767147064,6.1007231221181206e-05
1958,0.46608373522758484,0.4334283471107483,0.3265538215637207,6.090393716515983e-05
1959,0.48515987396240234,0.4515104591846466,0.3364940881729126,6.0800692326311095e-05
1960,0.5026317834854126,0.46778151392936707,0.34850242733955383,6.069749683460765e-05
1961,0.5403043627738953,0.5021263360977173,0.3817802369594574,6.059435081996001e-05
1962,0.48518458008766174,0.45070990920066833,0.3447466194629669,6.049125441221639e-05
1963,0.4839300811290741,0.45087191462516785,0.33058154582977295,6.038820774116265e-05
1964,0.5077621936798096,0.47224462032318115,0.3551757335662842,6.0285210936521955e-05
1965,0.4931719899177551,0.4593890309333801,0.3378295600414276,6.018226412795469e-05
1966,0.4970792531967163,0.46219325065612793,0.348859965801239,6.0079367445058354e-05
1967,0.4863418638706207,0.4528459310531616,0.3349594473838806,5.997652101736726e-05
1968,0.538312554359436,0.5009684562683105,0.37344086170196533,5.9873724974352585e-05
1969,0.524170994758606,0.48769620060920715,0.36474817991256714,5.977097944542198e-05
1970,0.46461012959480286,0.43283811211586,0.3177201449871063,5.9668284559919504e-05
1971,0.5037882328033447,0.46894571185112,0.34842538833618164,5.956564044712551e-05
1972,0.48231977224349976,0.4491736590862274,0.3314610719680786,5.94630472362564e-05
1973,0.48906928300857544,0.4553065001964569,0.3376278877258301,5.936050505646452e-05
1974,0.5068139433860779,0.4716448187828064,0.35169121623039246,5.925801403683797e-05
1975,0.5250309705734253,0.48937562108039856,0.3565533459186554,5.9155574306400395e-05
1976,0.4962072968482971,0.4616594612598419,0.34547850489616394,5.9053185994110974e-05
1977,0.515543520450592,0.4800158739089966,0.3552766442298889,5.8950849228864025e-05
1978,0.4876745045185089,0.45406240224838257,0.336121141910553,5.884856413948913e-05
1979,0.5251227021217346,0.48877474665641785,0.3634794354438782,5.87463308547507e-05
1980,0.47428035736083984,0.44126570224761963,0.3301466703414917,5.864414950334796e-05
1981,0.49121689796447754,0.4575606882572174,0.33656200766563416,5.8542020213914726e-05
1982,0.5252353549003601,0.48844411969184875,0.3679123520851135,5.843994311501939e-05
1983,0.5103868246078491,0.47501686215400696,0.35369986295700073,5.833791833516453e-05
1984,0.4775835871696472,0.4451272189617157,0.32456353306770325,5.82359460027869e-05
1985,0.4584595263004303,0.42671725153923035,0.31742265820503235,5.8134026246257225e-05
1986,0.5030754804611206,0.4681398272514343,0.34935641288757324,5.8032159193879985e-05
1987,0.51034015417099,0.4744853377342224,0.3585481345653534,5.793034497389345e-05
1988,0.48019033670425415,0.4469444751739502,0.33245849609375,5.782858371446927e-05
1989,0.49093523621559143,0.45726925134658813,0.3366599678993225,5.772687554371241e-05
1990,0.5283789038658142,0.49155187606811523,0.3682701587677002,5.762522058966113e-05
1991,0.5026319026947021,0.46764078736305237,0.3499108552932739,5.752361898028653e-05
1992,0.47149378061294556,0.4384404420852661,0.3305332362651825,5.7422070843492734e-05
1993,0.4715956747531891,0.43904343247413635,0.3255225121974945,5.732057630711638e-05
1994,0.516528844833374,0.4811152517795563,0.3541356325149536,5.721913549892674e-05
1995,0.535705029964447,0.4987928569316864,0.3691214919090271,5.711774854662535e-05
1996,0.5114467144012451,0.4764910042285919,0.349557101726532,5.701641557784609e-05
1997,0.5238562822341919,0.4875338673591614,0.36322420835494995,5.69151367201548e-05
1998,0.4920137822628021,0.45786985754966736,0.34143921732902527,5.681391210104916e-05
1999,0.5176286101341248,0.48152798414230347,0.3610064685344696,5.671274184795865e-05
2000,0.4647008776664734,0.4326757490634918,0.3202514350414276,5.6611626088244194e-05
2001,0.5117332339286804,0.47610437870025635,0.3562885820865631,5.651056494919831e-05
2002,0.5309357047080994,0.49440962076187134,0.3652605712413788,5.640955855804455e-05
2003,0.4883609414100647,0.454141229391098,0.3421972393989563,5.63086070419377e-05
2004,0.4936506152153015,0.4597766101360321,0.3387399911880493,5.620771052796339e-05
2005,0.5513595938682556,0.5131577849388123,0.3820180594921112,5.610686914313796e-05
2006,0.5237985849380493,0.4873242974281311,0.3647429943084717,5.6006083014408484e-05
2007,0.4635178744792938,0.43190959095954895,0.3160829544067383,5.590535226865238e-05
2008,0.5046751499176025,0.4692920446395874,0.35383081436157227,5.5804677032677354e-05
2009,0.5374388098716736,0.4998423159122467,0.3759651780128479,5.570405743322124e-05
2010,0.5271506309509277,0.4905509054660797,0.3659973740577698,5.560349359695181e-05
2011,0.4899466335773468,0.4556334316730499,0.3431319296360016,5.550298565046672e-05
2012,0.4635384976863861,0.43158119916915894,0.3195731043815613,5.540253372029315e-05
2013,0.5087733864784241,0.4736695885658264,0.35103824734687805,5.53021379328879e-05
2014,0.49793991446495056,0.4637680649757385,0.34171855449676514,5.520179841463693e-05
2015,0.5004541277885437,0.4658568799495697,0.3459727466106415,5.510151529185553e-05
2016,0.4635237455368042,0.4311472773551941,0.323764830827713,5.5001288690787886e-05
2017,0.5335027575492859,0.496503621339798,0.36999136209487915,5.490111873760705e-05
2018,0.5400632619857788,0.5019245147705078,0.38138747215270996,5.480100555841478e-05
2019,0.5085309743881226,0.47310760617256165,0.35423365235328674,5.4700949279241295e-05
2020,0.5020856857299805,0.4670037627220154,0.35081934928894043,5.4600950026045326e-05
2021,0.4690728485584259,0.43708693981170654,0.31985899806022644,5.4501007924713707e-05
2022,0.49245479702949524,0.4588441252708435,0.33610662817955017,5.440112310106134e-05
2023,0.5476630926132202,0.5104228854179382,0.37240225076675415,5.4301295680830976e-05
2024,0.46701985597610474,0.4348272979259491,0.3219256103038788,5.420152578969326e-05
2025,0.5337317585945129,0.4968617856502533,0.36869996786117554,5.410181355324622e-05
2026,0.4909604489803314,0.4574548602104187,0.33505576848983765,5.400215909701547e-05
2027,0.5076654553413391,0.47250112891197205,0.3516432046890259,5.390256254645378e-05
2028,0.4952181279659271,0.4609968662261963,0.3422127366065979,5.380302402694104e-05
2029,0.5089190602302551,0.47383126616477966,0.35087820887565613,5.3703543663784074e-05
2030,0.5488424897193909,0.5114096403121948,0.37432828545570374,5.36041215822166e-05
2031,0.5255718231201172,0.4893907904624939,0.3618104159832001,5.3504757907398836e-05
2032,0.5580982565879822,0.5192378759384155,0.3886036276817322,5.340545276441755e-05
2033,0.5016661882400513,0.46740487217903137,0.34261301159858704,5.3306206278285734e-05
2034,0.5194549560546875,0.48369526863098145,0.3575970232486725,5.320701857394268e-05
2035,0.5288256406784058,0.49173134565353394,0.3709430694580078,5.3107889776253536e-05
2036,0.4627552032470703,0.4306671619415283,0.32088056206703186,5.3008820010009464e-05
2037,0.4539599120616913,0.42258062958717346,0.3137928545475006,5.290980939992713e-05
2038,0.5159012079238892,0.48019370436668396,0.3570747971534729,5.281085807064881e-05
2039,0.5332576632499695,0.4963515102863312,0.3690616190433502,5.27119661467422e-05
2040,0.46593722701072693,0.4335700273513794,0.32367199659347534,5.261313375270014e-05
2041,0.4750659465789795,0.4428817629814148,0.3218417167663574,5.251436101294056e-05
2042,0.5149667859077454,0.479518860578537,0.3544790744781494,5.2415648051806275e-05
2043,0.49903130531311035,0.46491408348083496,0.3411722183227539,5.231699499356484e-05
2044,0.501577615737915,0.46625077724456787,0.3532683849334717,5.221840196240848e-05
2045,0.5347488522529602,0.49778681993484497,0.3696202337741852,5.211986908245374e-05
2046,0.5074613094329834,0.4722210168838501,0.35240277647972107,5.202139647774149e-05
2047,0.4924459457397461,0.4581356346607208,0.34310317039489746,5.192298427223676e-05
2048,0.513970136642456,0.47814956307411194,0.3582056760787964,5.182463258982846e-05
2049,0.5036172270774841,0.46827489137649536,0.35342350602149963,5.172634155432943e-05
2050,0.5081995129585266,0.4732877016067505,0.349118173122406,5.1628111289476035e-05
2051,0.5281417369842529,0.4909173846244812,0.37224340438842773,5.1529941918928204e-05
2052,0.5133470296859741,0.47808837890625,0.35258641839027405,5.143183356626916e-05
2053,0.5238432288169861,0.4876742362976074,0.3616899251937866,5.133378635500543e-05
2054,0.500774621963501,0.46599769592285156,0.34776949882507324,5.123580040856644e-05
2055,0.5066347718238831,0.47156110405921936,0.3507367968559265,5.113787585030454e-05
2056,0.5088918209075928,0.47322726249694824,0.3566455543041229,5.1040012803494795e-05
2057,0.5403172373771667,0.5028756856918335,0.3744153678417206,5.0942211391334824e-05
2058,0.5027503967285156,0.4677852392196655,0.3496518135070801,5.084447173694469e-05
2059,0.5609291791915894,0.5224102735519409,0.3851892352104187,5.0746793963366744e-05
2060,0.5125975608825684,0.47731727361679077,0.35280293226242065,5.0649178193565314e-05
2061,0.49041539430618286,0.4568016529083252,0.3361375629901886,5.055162455042679e-05
2062,0.48529675602912903,0.4518027901649475,0.334939569234848,5.045413315675924e-05
2063,0.513484537601471,0.478076696395874,0.354078471660614,5.035670413529251e-05
2064,0.504255473613739,0.46959683299064636,0.3465864658355713,5.025933760867781e-05
2065,0.506751537322998,0.47148430347442627,0.3526723384857178,5.016203369948773e-05
2066,0.49885275959968567,0.4637768566608429,0.3507591187953949,5.006479253021597e-05
2067,0.5018472075462341,0.46641620993614197,0.35431015491485596,4.996761422327737e-05
2068,0.48666417598724365,0.4530947506427765,0.33569416403770447,4.9870498901007524e-05
2069,0.5087945461273193,0.47359275817871094,0.3520180284976959,4.977344668566275e-05
2070,0.5163297653198242,0.4799911379814148,0.3633861541748047,4.967645769942e-05
2071,0.4952099621295929,0.4603021442890167,0.3490782678127289,4.957953206437651e-05
2072,0.5112901926040649,0.47586360573768616,0.3542657792568207,4.9482669902549894e-05
2073,0.475965678691864,0.4431886374950409,0.3277703821659088,4.938587133587777e-05
2074,0.5467643737792969,0.509136438369751,0.3762795329093933,4.92891364862177e-05
2075,0.48405641317367554,0.45022881031036377,0.3382759094238281,4.919246547534708e-05
2076,0.5000694990158081,0.4654619097709656,0.3460756540298462,4.909585842496287e-05
2077,0.5184280872344971,0.4824908971786499,0.35937169194221497,4.899931545668164e-05
2078,0.5287978649139404,0.4918205142021179,0.3697735667228699,4.890283669203915e-05
2079,0.46938347816467285,0.43710681796073914,0.3227667510509491,4.880642225249041e-05
2080,0.5034809112548828,0.46789321303367615,0.3558769226074219,4.87100722594094e-05
2081,0.47120970487594604,0.4382776618003845,0.32932040095329285,4.8613786834089024e-05
2082,0.5500330328941345,0.511667788028717,0.3836522102355957,4.851756609774094e-05
2083,0.48186981678009033,0.44839951395988464,0.3347029983997345,4.842141017149526e-05
2084,0.5239605903625488,0.48780253529548645,0.361580491065979,4.8325319176400576e-05
2085,0.5145308971405029,0.47910276055336,0.35428163409233093,4.822929323342369e-05
2086,0.4763232171535492,0.4428049325942993,0.3351827561855316,4.81333324634496e-05
2087,0.4994957745075226,0.4652782380580902,0.34217530488967896,4.8037436987281194e-05
2088,0.4978392422199249,0.46313542127609253,0.34703823924064636,4.794160692563917e-05
2089,0.4867653548717499,0.4534832835197449,0.3328205943107605,4.7845842399161874e-05
2090,0.5321953892707825,0.4949939548969269,0.3720144033432007,4.7750143528405126e-05
2091,0.4995904564857483,0.4647464454174042,0.3484402596950531,4.76545104338422e-05
2092,0.5124852061271667,0.47715869545936584,0.35326525568962097,4.755894323586342e-05
2093,0.5236102342605591,0.4873390793800354,0.3627115488052368,4.746344205477631e-05
2094,0.5127821564674377,0.4769633412361145,0.35818812251091003,4.736800701080515e-05
2095,0.4827916622161865,0.44953304529190063,0.33258628845214844,4.727263822409099e-05
2096,0.5094285011291504,0.4742843508720398,0.35144156217575073,4.717733581469157e-05
2097,0.5134982466697693,0.4778324067592621,0.3566581904888153,4.708209990258095e-05
2098,0.5117150545120239,0.4756072461605072,0.36107826232910156,4.6986930607649535e-05
2099,0.5502241849899292,0.5119718909263611,0.3825230896472931,4.68918280497038e-05
2100,0.5150938034057617,0.4794501066207886,0.35643675923347473,4.6796792348466356e-05
2101,0.4946806728839874,0.4602281153202057,0.344525545835495,4.67018236235755e-05
2102,0.48407241702079773,0.45067939162254333,0.3339301645755768,4.6606921994585274e-05
2103,0.5396925806999207,0.5028506517410278,0.3684191405773163,4.651208758096521e-05
2104,0.5022541880607605,0.46768316626548767,0.34571000933647156,4.6417320502100316e-05
2105,0.47586917877197266,0.44239166378974915,0.33477523922920227,4.63226208772908e-05
2106,0.5135711431503296,0.47851359844207764,0.350575715303421,4.62279888257519e-05
2107,0.48458847403526306,0.450968474149704,0.33619996905326843,4.613342446661383e-05
2108,0.5170465707778931,0.48184454441070557,0.3520205318927765,4.603892791892157e-05
2109,0.5051881074905396,0.46936389803886414,0.358242005109787,4.594449930163471e-05
2110,0.5261454582214355,0.48964086174964905,0.3650456666946411,4.5850138733627434e-05
2111,0.5274810791015625,0.49087172746658325,0.3660932779312134,4.575584633368815e-05
2112,0.48817142844200134,0.4540247321128845,0.3414669930934906,4.566162222051946e-05
2113,0.5131648182868958,0.4776240885257721,0.35540732741355896,4.556746651273802e-05
2114,0.5097113847732544,0.4742288291454315,0.35482552647590637,4.547337932887443e-05
2115,0.5131416320800781,0.47772902250289917,0.3541261553764343,4.537936078737292e-05
2116,0.5150249600410461,0.47937360405921936,0.35651329159736633,4.52854110065914e-05
2117,0.5404900908470154,0.5029619336128235,0.37528178095817566,4.519153010480118e-05
2118,0.5086108446121216,0.47281181812286377,0.3579903244972229,4.5097718200186814e-05
2119,0.492697149515152,0.4586712419986725,0.3402591645717621,4.50039754108461e-05
2120,0.4948939085006714,0.4606391489505768,0.3425474762916565,4.491030185478976e-05
2121,0.49445274472236633,0.4602675139904022,0.3418523073196411,4.481669764994134e-05
2122,0.5113759636878967,0.47583886981010437,0.35537099838256836,4.472316291413715e-05
2123,0.5038139224052429,0.4692828357219696,0.34531110525131226,4.4629697765125934e-05
2124,0.5026566982269287,0.467975378036499,0.34681326150894165,4.453630232056901e-05
2125,0.5269350409507751,0.4902477264404297,0.3668730556964874,4.444297669803981e-05
2126,0.4885714054107666,0.45456594228744507,0.34005460143089294,4.434972101502385e-05
2127,0.4815661311149597,0.4481852352619171,0.333808958530426,4.425653538891874e-05
2128,0.5091977715492249,0.47386592626571655,0.35331857204437256,4.416341993703373e-05
2129,0.4952681064605713,0.4607747495174408,0.3449336588382721,4.407037477658992e-05
2130,0.4545263648033142,0.4231517016887665,0.31374654173851013,4.3977400024719725e-05
2131,0.5396922826766968,0.5023168325424194,0.3737545907497406,4.388449579846705e-05
2132,0.5354303121566772,0.49816423654556274,0.3726610243320465,4.379166221478697e-05
2133,0.5268329381942749,0.48980748653411865,0.37025466561317444,4.36988993905456e-05
2134,0.5058096647262573,0.470522403717041,0.3528725504875183,4.36062074425201e-05
2135,0.5382533073425293,0.501224160194397,0.3702913820743561,4.351358648739826e-05
2136,0.49112898111343384,0.4574412703514099,0.33687713742256165,4.3421036641778556e-05
2137,0.49064791202545166,0.45656895637512207,0.3407895863056183,4.332855802217e-05
2138,0.49033084511756897,0.4564957916736603,0.33835047483444214,4.323615074499183e-05
2139,0.4827388525009155,0.44946902990341187,0.33269819617271423,4.31438149265736e-05
2140,0.5045251250267029,0.4695149064064026,0.3501020669937134,4.305155068315481e-05
2141,0.5145813226699829,0.4789116084575653,0.356697142124176,4.295935813088487e-05
2142,0.5176342129707336,0.48164328932762146,0.35990917682647705,4.2867237385822935e-05
2143,0.472369521856308,0.4398626387119293,0.3250688314437866,4.2775188563937843e-05
2144,0.45879796147346497,0.4278028607368469,0.30995091795921326,4.268321178110779e-05
2145,0.49935150146484375,0.4640107750892639,0.3534074127674103,4.259130715312033e-05
2146,0.540605902671814,0.5031490325927734,0.37456879019737244,4.249947479567218e-05
2147,0.5286206603050232,0.49163782596588135,0.3698282539844513,4.2407714824369024e-05
2148,0.49527183175086975,0.4610944092273712,0.3417742848396301,4.231602735472552e-05
2149,0.48699527978897095,0.4531766176223755,0.33818674087524414,4.222441250216502e-05
2150,0.48761072754859924,0.45408210158348083,0.33528634905815125,4.213287038201943e-05
2151,0.4998295307159424,0.4653368294239044,0.3449271321296692,4.20414011095291e-05
2152,0.5085991621017456,0.4734160602092743,0.351831316947937,4.195000479984265e-05
2153,0.49017706513404846,0.4561237692832947,0.34053298830986023,4.185868156801694e-05
2154,0.5094948410987854,0.4744197130203247,0.35075148940086365,4.1767431529016766e-05
2155,0.49015429615974426,0.4562346637248993,0.3391963839530945,4.1676254797714766e-05
2156,0.5390527844429016,0.5017794966697693,0.37273263931274414,4.1585151488891305e-05
2157,0.4903915822505951,0.45706212520599365,0.33329445123672485,4.149412171723438e-05
2158,0.4852142632007599,0.4518462121486664,0.3336804509162903,4.140316559733935e-05
2159,0.48183345794677734,0.4486640393733978,0.33169427514076233,4.1312283243708836e-05
2160,0.5094866752624512,0.4742710292339325,0.35215646028518677,4.12214747707527e-05
2161,0.4928816556930542,0.4592975974082947,0.33584052324295044,4.113074029278765e-05
2162,0.4829394817352295,0.44986164569854736,0.33077844977378845,4.1040079924037386e-05
2163,0.5036333203315735,0.468685120344162,0.34948211908340454,4.0949493778632244e-05
2164,0.4627971649169922,0.430843710899353,0.31953442096710205,4.085898197060911e-05
2165,0.5550861954689026,0.5165317058563232,0.38554486632347107,4.0768544613911294e-05
2166,0.5209280252456665,0.4849918782711029,0.35936158895492554,4.067818182238838e-05
2167,0.5095498561859131,0.4736919403076172,0.3585791289806366,4.058789370979617e-05
2168,0.5223215222358704,0.4863405227661133,0.35981008410453796,4.049768038979631e-05
2169,0.5231471061706543,0.48690542578697205,0.362416535615921,4.04075419759564e-05
2170,0.48000356554985046,0.4470483958721161,0.3295518159866333,4.031747858174964e-05
2171,0.5176403522491455,0.48251423239707947,0.35126107931137085,4.0227490320554916e-05
2172,0.5070604681968689,0.47230100631713867,0.34759461879730225,4.0137577305656485e-05
2173,0.5192112326622009,0.4835294783115387,0.3568175733089447,4.004773965024383e-05
2174,0.5130666494369507,0.4774874448776245,0.35579219460487366,3.9957977467411615e-05
2175,0.46932172775268555,0.4367871880531311,0.3253454267978668,3.9868290870159405e-05
2176,0.455797016620636,0.42474761605262756,0.310494065284729,3.9778679971391785e-05
2177,0.516864538192749,0.4804634153842926,0.36401137709617615,3.96891448839179e-05
2178,0.5038455724716187,0.46869325637817383,0.35152342915534973,3.959968572045148e-05
2179,0.5197179913520813,0.4832819700241089,0.36436012387275696,3.951030259361072e-05
2180,0.48694607615470886,0.45317187905311584,0.337741881608963,3.942099561591802e-05
2181,0.5047639012336731,0.46955162286758423,0.3521229922771454,3.933176489980005e-05
2182,0.504487156867981,0.4694763422012329,0.3501083552837372,3.924261055758731e-05
2183,0.5209489464759827,0.4850241541862488,0.35924819111824036,3.915353270151433e-05
2184,0.5102717876434326,0.4746796190738678,0.35592180490493774,3.90645314437192e-05
2185,0.47766852378845215,0.4444435238838196,0.33225008845329285,3.897560689624362e-05
2186,0.5203335285186768,0.4840584993362427,0.3627501130104065,3.888675917103283e-05
2187,0.4911476671695709,0.4572952389717102,0.3385241627693176,3.879798837993521e-05
2188,0.4898298680782318,0.4563111662864685,0.3351869285106659,3.8709294634702376e-05
2189,0.5022346377372742,0.46787527203559875,0.3435938358306885,3.862067804698889e-05
2190,0.4804304242134094,0.44733646512031555,0.3309396803379059,3.853213872835228e-05
2191,0.48379769921302795,0.45054587721824646,0.3325182795524597,3.844367679025274e-05
2192,0.49545568227767944,0.4608592689037323,0.34596410393714905,3.8355292344053026e-05
2193,0.48127928376197815,0.4483238160610199,0.32955461740493774,3.826698550101836e-05
2194,0.5063708424568176,0.471137136220932,0.3523370623588562,3.8178756372316294e-05
2195,0.4964357614517212,0.4623747169971466,0.34061044454574585,3.8090605069016595e-05
2196,0.5147938132286072,0.4787270426750183,0.36066752672195435,3.800253170209094e-05
2197,0.47518327832221985,0.4419831931591034,0.3320007920265198,3.7914536382412956e-05
2198,0.5109567046165466,0.47527915239334106,0.35677576065063477,3.782661922075803e-05
2199,0.525422990322113,0.4892420768737793,0.36180898547172546,3.773878032780309e-05
2200,0.4538569152355194,0.4224722385406494,0.3138467073440552,3.7651019814126654e-05
2201,0.5236783623695374,0.4877854883670807,0.3589285910129547,3.7563337790208476e-05
2202,0.4799753725528717,0.44730573892593384,0.3266964554786682,3.747573436642951e-05
2203,0.5028666853904724,0.46740275621414185,0.35463929176330566,3.738820965307176e-05
2204,0.4735356271266937,0.4407072365283966,0.3282838463783264,3.730076376031821e-05
2205,0.5075191855430603,0.472384512424469,0.3513469994068146,3.721339679825252e-05
2206,0.47246062755584717,0.4393145442008972,0.33146098256111145,3.712610887685909e-05
2207,0.476331502199173,0.4435119330883026,0.3281957507133484,3.703890010602274e-05
2208,0.5121815204620361,0.47639256715774536,0.3578895330429077,3.695177059552861e-05
2209,0.4905100464820862,0.45681658387184143,0.3369347155094147,3.686472045506223e-05
2210,0.5381025075912476,0.5010532736778259,0.3704926073551178,3.677774979420904e-05
2211,0.5086901187896729,0.47351163625717163,0.3517846167087555,3.66908587224545e-05
2212,0.48018378019332886,0.44655197858810425,0.3363180458545685,3.660404734918387e-05
2213,0.47834035754203796,0.44515669345855713,0.3318367004394531,3.6517315783682036e-05
2214,0.5062259435653687,0.4716986119747162,0.3452730178833008,3.643066413513354e-05
2215,0.4739043712615967,0.4412720203399658,0.3263234794139862,3.634409251262217e-05
2216,0.5196200609207153,0.48403361439704895,0.355864554643631,3.6257601025131026e-05
2217,0.51178377866745,0.47629785537719727,0.35485926270484924,3.61711897815424e-05
2218,0.4709796905517578,0.43863239884376526,0.3234730660915375,3.608485889063744e-05
2219,0.49370554089546204,0.4598363935947418,0.3386915922164917,3.599860846109626e-05
2220,0.4453928768634796,0.4146397113800049,0.30753156542778015,3.591243860149759e-05
2221,0.4669959545135498,0.43439531326293945,0.32600638270378113,3.582634942031878e-05
2222,0.45334434509277344,0.4218089282512665,0.31535425782203674,3.574034102593557e-05
2223,0.5306817293167114,0.49449747800827026,0.36184266209602356,3.565441352662211e-05
2224,0.5160441398620605,0.48032283782958984,0.3572131097316742,3.556856703055058e-05
2225,0.46904659271240234,0.436675488948822,0.3237108886241913,3.548280164579126e-05
2226,0.552236795425415,0.5140276551246643,0.38209161162376404,3.539711748031227e-05
2227,0.46683791279792786,0.4345320165157318,0.3230590224266052,3.531151464197957e-05
2228,0.4810052812099457,0.44734588265419006,0.33659398555755615,3.5225993238556644e-05
2229,0.5725087523460388,0.5328854322433472,0.39623332023620605,3.514055337770455e-05
2230,0.5322651267051697,0.4950614273548126,0.37203675508499146,3.5055195166981645e-05
2231,0.4934804439544678,0.45932167768478394,0.34158772230148315,3.496991871384346e-05
2232,0.5485674142837524,0.5109553337097168,0.3761206269264221,3.488472412564264e-05
2233,0.5188996195793152,0.4830116331577301,0.358879953622818,3.479961150962884e-05
2234,0.5017825365066528,0.466913104057312,0.3486942648887634,3.4714580972948406e-05
2235,0.5236467719078064,0.4870927929878235,0.3655400276184082,3.462963262264444e-05
2236,0.501094400882721,0.46629199385643005,0.34802427887916565,3.4544766565656505e-05
2237,0.5108300447463989,0.4761444926261902,0.346855491399765,3.445998290882062e-05
2238,0.49564406275749207,0.4611481726169586,0.3449588716030121,3.4375281758869114e-05
2239,0.4962233901023865,0.46171724796295166,0.3450615108013153,3.429066322243033e-05
2240,0.5041207671165466,0.46853771805763245,0.35583025217056274,3.420612740602875e-05
2241,0.5084866881370544,0.4732099771499634,0.3527669310569763,3.4121674416084584e-05
2242,0.46558651328086853,0.43353718519210815,0.3204934000968933,3.403730435891391e-05
2243,0.5017540454864502,0.4667079746723175,0.35046088695526123,3.39530173407283e-05
2244,0.5090926885604858,0.4732609987258911,0.3583168685436249,3.386881346763483e-05
2245,0.5283861756324768,0.49148043990135193,0.36905717849731445,3.378469284563589e-05
2246,0.5333020091056824,0.4962632358074188,0.3703874945640564,3.370065558062906e-05
2247,0.49999308586120605,0.4656011462211609,0.3439193665981293,3.3616701778407065e-05
2248,0.5008052587509155,0.46591371297836304,0.34891536831855774,3.353283154465746e-05
2249,0.4772806465625763,0.4440594017505646,0.33221256732940674,3.34490449849626e-05
2250,0.45736074447631836,0.4258318841457367,0.31528857350349426,3.336534220479961e-05
2251,0.5259812474250793,0.4890267550945282,0.3695451617240906,3.3281723309540025e-05
2252,0.5055298805236816,0.4707464277744293,0.3478342890739441,3.319818840444987e-05
2253,0.4850490987300873,0.45171886682510376,0.3333023488521576,3.311473759468938e-05
2254,0.5094736814498901,0.47405365109443665,0.35420024394989014,3.3031370985312934e-05
2255,0.5074893832206726,0.4726036489009857,0.34885722398757935,3.294808868126894e-05
2256,0.4876444935798645,0.45419996976852417,0.3344452977180481,3.28648907873996e-05
2257,0.43671315908432007,0.40655946731567383,0.3015369772911072,3.2781777408441e-05
2258,0.47197991609573364,0.4396197199821472,0.3236021101474762,3.269874864902269e-05
2259,0.5221166014671326,0.48607325553894043,0.3604332506656647,3.261580461366776e-05
2260,0.5203331112861633,0.4838390350341797,0.36494094133377075,3.253294540679257e-05
2261,0.4859163463115692,0.4526144862174988,0.3330186903476715,3.245017113270685e-05
2262,0.5211597681045532,0.48520445823669434,0.3595532476902008,3.236748189561324e-05
2263,0.508066713809967,0.4726908206939697,0.35375913977622986,3.228487779960745e-05
2264,0.46081870794296265,0.42889344692230225,0.31925255060195923,3.220235894867794e-05
2265,0.5118285417556763,0.4765167236328125,0.3531183898448944,3.211992544670581e-05
2266,0.48842230439186096,0.45475390553474426,0.336683988571167,3.203757739746489e-05
2267,0.49181434512138367,0.45739904046058655,0.3441530466079712,3.195531490462128e-05
2268,0.5312504768371582,0.4939955770969391,0.37254929542541504,3.18731380717334e-05
2269,0.5464718341827393,0.508776843547821,0.37694990634918213,3.1791047002251884e-05
2270,0.4572742283344269,0.4256680905818939,0.316061407327652,3.1709041799519315e-05
2271,0.5097283124923706,0.47487977147102356,0.3484853208065033,3.162712256677032e-05
2272,0.5094577074050903,0.4742085933685303,0.3524908423423767,3.154528940713113e-05
2273,0.5406110286712646,0.5029393434524536,0.37671715021133423,3.1463542423619794e-05
2274,0.4809679388999939,0.4474351406097412,0.3353281319141388,3.1381881719145724e-05
2275,0.48608747124671936,0.45239222049713135,0.3369525671005249,3.130030739650983e-05
2276,0.4826858937740326,0.44961103796958923,0.3307485282421112,3.121881955840421e-05
2277,0.5184773802757263,0.48290225863456726,0.3557511270046234,3.1137418307412116e-05
2278,0.5124607086181641,0.47629600763320923,0.361646831035614,3.105610374600778e-05
2279,0.49177709221839905,0.4572668671607971,0.34510231018066406,3.0974875976556284e-05
2280,0.47276145219802856,0.4406813085079193,0.32080134749412537,3.089373510131355e-05
2281,0.5082164406776428,0.4727896451950073,0.3542678952217102,3.081268122242598e-05
2282,0.5097553730010986,0.4744345545768738,0.35320809483528137,3.073171444193055e-05
2283,0.5067017674446106,0.47185686230659485,0.3484492599964142,3.065083486175451e-05
2284,0.48827365040779114,0.45472434163093567,0.33549296855926514,3.057004258371541e-05
2285,0.5040111541748047,0.46873337030410767,0.3527775704860687,3.0489337709520917e-05
2286,0.4843751788139343,0.4510538578033447,0.33321326971054077,3.0408720340768572e-05
2287,0.4873887300491333,0.4535096287727356,0.3387911319732666,3.0328190578945815e-05
2288,0.4855917692184448,0.4518817365169525,0.3371003270149231,3.0247748525429787e-05
2289,0.485706627368927,0.45237666368484497,0.33329954743385315,3.0167394281487184e-05
2290,0.4786405861377716,0.44631829857826233,0.32322290539741516,3.008712794827426e-05
2291,0.5211718678474426,0.48499587178230286,0.3617597222328186,3.00069496268365e-05
2292,0.4696485996246338,0.4366846978664398,0.3296390175819397,2.9926859418108644e-05
2293,0.5000501275062561,0.46479490399360657,0.352552205324173,2.9846857422914433e-05
2294,0.5488735437393188,0.510725200176239,0.3814833164215088,2.97669437419667e-05
2295,0.5074412822723389,0.47257354855537415,0.34867754578590393,2.9687118475866947e-05
2296,0.4874959886074066,0.45368003845214844,0.338159441947937,2.960738172510551e-05
2297,0.4302218556404114,0.40062522888183594,0.2959662973880768,2.952773359006119e-05
2298,0.48316630721092224,0.45015856623649597,0.33007749915122986,2.9448174171001254e-05
2299,0.4887189269065857,0.4542124271392822,0.3450651168823242,2.9368703568081356e-05
2300,0.533807635307312,0.49676987528800964,0.3703776001930237,2.9289321881345254e-05
2301,0.5234387516975403,0.4874700605869293,0.3596866726875305,2.921002921072481e-05
2302,0.5089665651321411,0.4729880690574646,0.35978519916534424,2.913082565603982e-05
2303,0.5037760138511658,0.46944400668144226,0.34331998229026794,2.9051711316997864e-05
2304,0.48912355303764343,0.45538440346717834,0.33739155530929565,2.8972686293194308e-05
2305,0.504905104637146,0.46988657116889954,0.35018518567085266,2.8893750684111975e-05
2306,0.49904248118400574,0.4641416370868683,0.3490085005760193,2.8814904589121137e-05
2307,0.5614656805992126,0.5223839282989502,0.39081743359565735,2.8736148107479478e-05
2308,0.5249140858650208,0.48821699619293213,0.3669707179069519,2.8657481338331715e-05
2309,0.4746185541152954,0.4422619640827179,0.3235660493373871,2.8578904380709793e-05
2310,0.490303635597229,0.45647501945495605,0.33828604221343994,2.850041733353247e-05
2311,0.4867144823074341,0.4531087577342987,0.33605727553367615,2.842202029560538e-05
2312,0.5267038941383362,0.4900176525115967,0.3668622672557831,2.8343713365620772e-05
2313,0.5116494297981262,0.4766020178794861,0.3504743278026581,2.8265496642157597e-05
2314,0.44348135590553284,0.41302794218063354,0.3045342266559601,2.8187370223681132e-05
2315,0.5304646492004395,0.49410974979400635,0.36354878544807434,2.8109334208542993e-05
2316,0.4879690110683441,0.4543116092681885,0.33657413721084595,2.803138869498102e-05
2317,0.5131921768188477,0.4768803119659424,0.36311861872673035,2.7953533781119055e-05
2318,0.5251880288124084,0.4885563254356384,0.3663167953491211,2.7875769564966968e-05
2319,0.5167146325111389,0.48103824257850647,0.3567638397216797,2.779809614442046e-05
2320,0.5010830760002136,0.4667195677757263,0.34363505244255066,2.7720513617260856e-05
2321,0.5155319571495056,0.4799949526786804,0.35537001490592957,2.764302208115509e-05
2322,0.5190901756286621,0.48266324400901794,0.36426952481269836,2.7565621633655502e-05
2323,0.5095854997634888,0.47463512420654297,0.3495040535926819,2.74883123721999e-05
2324,0.5030743479728699,0.46767476201057434,0.35399603843688965,2.741109439411117e-05
2325,0.4999682307243347,0.4649200439453125,0.3504820168018341,2.7333967796597315e-05
2326,0.4932248890399933,0.4592200517654419,0.34004849195480347,2.7256932676751323e-05
2327,0.5419325828552246,0.5038537383079529,0.38078850507736206,2.7179989131550977e-05
2328,0.5440985560417175,0.5056357979774475,0.38462772965431213,2.7103137257858868e-05
2329,0.4705422520637512,0.4375860393047333,0.3295620381832123,2.7026377152422067e-05
2330,0.5123873353004456,0.47706320881843567,0.35324132442474365,2.694970891187224e-05
2331,0.5145654678344727,0.479081928730011,0.35483530163764954,2.6873132632725297e-05
2332,0.477068692445755,0.4438548982143402,0.3321378529071808,2.6796648411381485e-05
2333,0.5175780653953552,0.4818412661552429,0.3573681116104126,2.672025634412506e-05
2334,0.4804803729057312,0.4473651051521301,0.3311528265476227,2.6643956527124335e-05
2335,0.5066319704055786,0.47162044048309326,0.350115567445755,2.6567749056431467e-05
2336,0.49750396609306335,0.4627983570098877,0.3470560312271118,2.6491634027982325e-05
2337,0.5037076473236084,0.46871623396873474,0.3499141037464142,2.6415611537596496e-05
2338,0.4745664894580841,0.44223085045814514,0.32335638999938965,2.6339681680977013e-05
2339,0.4471866190433502,0.41641753911972046,0.30769091844558716,2.6263844553710236e-05
2340,0.48215872049331665,0.44868555665016174,0.3347316086292267,2.6188100251265945e-05
2341,0.4941255450248718,0.4601937234401703,0.3393181562423706,2.6112448868996897e-05
2342,0.4861753582954407,0.4523703455924988,0.338049978017807,2.6036890502139035e-05
2343,0.5058014392852783,0.47057223320007324,0.3522918224334717,2.5961425245811055e-05
2344,0.4468323886394501,0.41611164808273315,0.3072074353694916,2.5886053195014538e-05
2345,0.4854307174682617,0.45221394300460815,0.3321676254272461,2.5810774444633644e-05
2346,0.5057169795036316,0.47119787335395813,0.34519121050834656,2.573558908943523e-05
2347,0.5391684174537659,0.5020620822906494,0.3710635304450989,2.5660497224068415e-05
2348,0.4990662932395935,0.46462735533714294,0.34438949823379517,2.5585498943064724e-05
2349,0.48014119267463684,0.44660860300064087,0.3353259265422821,2.5510594340837824e-05
2350,0.4706279933452606,0.4381106495857239,0.3251734673976898,2.5435783511683443e-05
2351,0.4871436655521393,0.45374026894569397,0.33403390645980835,2.5361066549779356e-05
2352,0.48681241273880005,0.4528336822986603,0.33978724479675293,2.5286443549185036e-05
2353,0.48842358589172363,0.45419129729270935,0.3423227369785309,2.521191460384178e-05
2354,0.5033912062644958,0.4692463278770447,0.3414490222930908,2.5137479807572427e-05
2355,0.5188835263252258,0.4828200042247772,0.36063534021377563,2.506313925408127e-05
2356,0.4770815670490265,0.4442146420478821,0.3286691904067993,2.4988893036954053e-05
2357,0.5090887546539307,0.4737592339515686,0.35329508781433105,2.4914741249657658e-05
2358,0.5336012840270996,0.4956692159175873,0.37932083010673523,2.484068398554016e-05
2359,0.4711861312389374,0.4384404122829437,0.3274571895599365,2.47667213378306e-05
2360,0.5039132833480835,0.4692549407482147,0.34658318758010864,2.4692853399638917e-05
2361,0.471429705619812,0.439423531293869,0.3200617730617523,2.4619080263955875e-05
2362,0.519102156162262,0.48311999440193176,0.3598214089870453,2.4545402023652784e-05
2363,0.5131333470344543,0.47710761427879333,0.360257089138031,2.4471818771481648e-05
2364,0.47696080803871155,0.4439762532711029,0.3298456072807312,2.4398330600074713e-05
2365,0.47139209508895874,0.43889278173446655,0.32499319314956665,2.4324937601944685e-05
2366,0.504597544670105,0.4699860215187073,0.34611499309539795,2.4251639869484375e-05
2367,0.47751548886299133,0.4445725381374359,0.32942959666252136,2.4178437494966688e-05
2368,0.5036957859992981,0.46899178624153137,0.34704023599624634,2.410533057054446e-05
2369,0.47666361927986145,0.4437705874443054,0.3289303183555603,2.4032319188250374e-05
2370,0.48853635787963867,0.454782098531723,0.33754244446754456,2.3959403439996907e-05
2371,0.4775660037994385,0.44438594579696655,0.3318006992340088,2.388658341757607e-05
2372,0.5239482522010803,0.4880455732345581,0.35902658104896545,2.381385921265936e-05
2373,0.5072210431098938,0.4724719822406769,0.347490519285202,2.3741230916797675e-05
2374,0.4844529330730438,0.4511480927467346,0.3330484926700592,2.3668698621421216e-05
2375,0.4845747947692871,0.4510249197483063,0.3354986011981964,2.3596262417839255e-05
2376,0.5019791722297668,0.4668036103248596,0.3517555296421051,2.352392239724016e-05
2377,0.5067367553710938,0.4715350866317749,0.3520163893699646,2.345167865069119e-05
2378,0.4838733673095703,0.45046600699424744,0.3340736925601959,2.33795312691384e-05
2379,0.5143292546272278,0.4793426990509033,0.3498656153678894,2.330748034340651e-05
2380,0.5214457511901855,0.4856228828430176,0.3582286238670349,2.323552596419889e-05
2381,0.5131835341453552,0.4777955412864685,0.3538801372051239,2.3163668222097313e-05
2382,0.5082234740257263,0.473209410905838,0.35014083981513977,2.309190720756189e-05
2383,0.4954276978969574,0.4611763060092926,0.34251391887664795,2.3020243010930975e-05
2384,0.49359646439552307,0.4592399299144745,0.34356531500816345,2.2948675722421086e-05
2385,0.4791392385959625,0.4462442100048065,0.32895025610923767,2.2877205432126657e-05
2386,0.5263897180557251,0.48994874954223633,0.364409476518631,2.280583223002012e-05
2387,0.466884970664978,0.4345162808895111,0.3236869275569916,2.2734556205951596e-05
2388,0.5342731475830078,0.49702712893486023,0.3724600672721863,2.266337744964888e-05
2389,0.4987569749355316,0.4639762341976166,0.34780746698379517,2.2592296050717388e-05
2390,0.5051722526550293,0.47000259160995483,0.3516966700553894,2.25213120986399e-05
2391,0.4940270185470581,0.4597492814064026,0.3427773714065552,2.2450425682776565e-05
2392,0.5047327876091003,0.4698956310749054,0.348371684551239,2.237963689236472e-05
2393,0.48025721311569214,0.44703277945518494,0.332244336605072,2.230894581651879e-05
2394,0.5389033555984497,0.5017091631889343,0.3719419538974762,2.2238352544230255e-05
2395,0.49602943658828735,0.4619132876396179,0.34116142988204956,2.2167857164367422e-05
2396,0.5010557770729065,0.46642693877220154,0.34628841280937195,2.2097459765675342e-05
2397,0.5182979702949524,0.48248785734176636,0.35810139775276184,2.2027160436775794e-05
2398,0.48953571915626526,0.4557780623435974,0.33757659792900085,2.195695926616702e-05
2399,0.4892220199108124,0.45528969168663025,0.33932340145111084,2.188685634222376e-05
2400,0.5011196136474609,0.46680596470832825,0.3431365489959717,2.1816851753197032e-05
2401,0.5072656869888306,0.4718583822250366,0.35407328605651855,2.174694558721405e-05
2402,0.48812025785446167,0.45455607771873474,0.33564186096191406,2.1677137932278147e-05
2403,0.49342742562294006,0.45945924520492554,0.33968183398246765,2.1607428876268675e-05
2404,0.46767622232437134,0.4353979825973511,0.3227822780609131,2.153781850694082e-05
2405,0.5058132410049438,0.47100797295570374,0.3480527997016907,2.146830691192553e-05
2406,0.5119686722755432,0.476685494184494,0.35283204913139343,2.1398894178729423e-05
2407,0.5122047662734985,0.47681325674057007,0.3539152145385742,2.1329580394734638e-05
2408,0.5132607817649841,0.4773678183555603,0.3589296042919159,2.1260365647198798e-05
2409,0.5046370029449463,0.4696369171142578,0.35000064969062805,2.119125002325485e-05
2410,0.5286182761192322,0.4917393922805786,0.36878859996795654,2.11222336099109e-05
2411,0.4900514483451843,0.45563483238220215,0.3441661596298218,2.1053316494050202e-05
2412,0.5325528383255005,0.4951665699481964,0.3738624155521393,2.098449876243096e-05
2413,0.48981139063835144,0.45604053139686584,0.33770856261253357,2.0915780501686355e-05
2414,0.5010552406311035,0.46621012687683105,0.34845083951950073,2.0847161798324266e-05
2415,0.5129403471946716,0.4774082601070404,0.35532107949256897,2.0778642738727272e-05
2416,0.47320279479026794,0.4404030442237854,0.32799750566482544,2.0710223409152475e-05
2417,0.47522011399269104,0.44241654872894287,0.32803577184677124,2.064190389573153e-05
2418,0.5075283646583557,0.4728582799434662,0.34670111536979675,2.057368428447032e-05
2419,0.5231736302375793,0.4866594672203064,0.3651416301727295,2.0505564661249e-05
2420,0.5048019289970398,0.4699605405330658,0.3484141230583191,2.043754511182191e-05
2421,0.5399569272994995,0.502529501914978,0.37427422404289246,2.036962572181731e-05
2422,0.49735769629478455,0.4630100131034851,0.34347695112228394,2.0301806576737482e-05
2423,0.48595017194747925,0.4519983232021332,0.33951857686042786,2.023408776195842e-05
2424,0.5228326916694641,0.48681896924972534,0.3601371943950653,2.016646936272987e-05
2425,0.5016769766807556,0.4670400321483612,0.34636926651000977,2.009895146417512e-05
2426,0.5084033608436584,0.4730355739593506,0.35367780923843384,2.0031534151290953e-05
2427,0.48973846435546875,0.4556037187576294,0.34134745597839355,1.996421750894758e-05
2428,0.4871131479740143,0.45379573106765747,0.3331741690635681,1.9897001621888434e-05
2429,0.4736563265323639,0.44123080372810364,0.3242551386356354,1.9829886574730093e-05
2430,0.5095961689949036,0.47403964400291443,0.3555651307106018,1.9762872451962212e-05
2431,0.48654159903526306,0.45254120230674744,0.34000399708747864,1.969595933794739e-05
2432,0.5140239596366882,0.4783421754837036,0.35681766271591187,1.9629147316921125e-05
2433,0.5098462104797363,0.4747311770915985,0.3511502742767334,1.9562436472991552e-05
2434,0.458612322807312,0.42652440071105957,0.3208792209625244,1.9495826890139503e-05
2435,0.5462779402732849,0.5087827444076538,0.37495169043540955,1.9429318652218276e-05
2436,0.5217864513397217,0.48550763726234436,0.3627878427505493,1.9362911842953678e-05
2437,0.4682006239891052,0.43599390983581543,0.3220672905445099,1.9296606545943774e-05
2438,0.5221571922302246,0.4863693118095398,0.35787859559059143,1.9230402844658812e-05
2439,0.46265652775764465,0.43096330761909485,0.31693223118782043,1.9164300822441194e-05
2440,0.48720550537109375,0.4540116786956787,0.3319382667541504,1.9098300562505266e-05
2441,0.5071304440498352,0.47225499153137207,0.3487544357776642,1.9032402147937357e-05
2442,0.49874696135520935,0.464039146900177,0.34707826375961304,1.896660566169548e-05
2443,0.46527189016342163,0.4324319362640381,0.3283993899822235,1.8900911186609426e-05
2444,0.45716673135757446,0.425792396068573,0.3137434720993042,1.8835318805380507e-05
2445,0.48950326442718506,0.4554797410964966,0.3402351438999176,1.8769828600581496e-05
2446,0.465596467256546,0.43336379528045654,0.32232680916786194,1.870444065465662e-05
2447,0.5219665169715881,0.4862596392631531,0.3570685386657715,1.863915504992131e-05
2448,0.4763869047164917,0.4432539641857147,0.3313294053077698,1.8573971868562156e-05
2449,0.5199874043464661,0.4840845465660095,0.35902833938598633,1.8508891192636824e-05
2450,0.5429863333702087,0.5058713555335999,0.37114980816841125,1.8443913104073983e-05
2451,0.5133333206176758,0.47821924090385437,0.351141095161438,1.8379037684673105e-05
2452,0.46116241812705994,0.42941927909851074,0.3174313008785248,1.8314265016104417e-05
2453,0.4808330833911896,0.44778552651405334,0.3304755389690399,1.8249595179908773e-05
2454,0.5312557220458984,0.49465638399124146,0.3659934401512146,1.818502825749764e-05
2455,0.5043748021125793,0.46970057487487793,0.34674206376075745,1.8120564330152923e-05
2456,0.47217023372650146,0.4391583800315857,0.33011865615844727,1.805620347902681e-05
2457,0.47404560446739197,0.4413825273513794,0.3266308605670929,1.799194578514176e-05
2458,0.45245063304901123,0.42101970314979553,0.31430938839912415,1.7927791329390375e-05
2459,0.4539368748664856,0.42246943712234497,0.3146742582321167,1.786374019253526e-05
2460,0.5038290023803711,0.46882590651512146,0.3500312566757202,1.7799792455209018e-05
2461,0.48960548639297485,0.45567700266838074,0.33928489685058594,1.773594819791403e-05
2462,0.4650990962982178,0.4326998293399811,0.32399269938468933,1.767220750102243e-05
2463,0.48781561851501465,0.4543546140193939,0.3346101939678192,1.760857044477596e-05
2464,0.5088571906089783,0.4739321768283844,0.3492501676082611,1.7545037109285946e-05
2465,0.4775328040122986,0.4446643590927124,0.3286845088005066,1.7481607574533044e-05
2466,0.48856139183044434,0.4548856019973755,0.336758017539978,1.7418281920367373e-05
2467,0.4555334448814392,0.42401716113090515,0.31516289710998535,1.735506022650817e-05
2468,0.5400515794754028,0.5031639337539673,0.3688763976097107,1.7291942572543807e-05
2469,0.48908039927482605,0.45539143681526184,0.3368896245956421,1.722892903793176e-05
2470,0.4925903379917145,0.4581267833709717,0.3446355164051056,1.716601970199836e-05
2471,0.5298590660095215,0.4929709732532501,0.3688811957836151,1.710321464393877e-05
2472,0.5274906754493713,0.49052873253822327,0.36961957812309265,1.7040513942816906e-05
2473,0.44969668984413147,0.4188269376754761,0.3086974322795868,1.697791767756527e-05
2474,0.5110775828361511,0.47575458884239197,0.3532301187515259,1.6915425926984986e-05
2475,0.5209304094314575,0.4845848083496094,0.3634558618068695,1.6853038769745467e-05
2476,0.4921613931655884,0.45865699648857117,0.3350440263748169,1.6790756284384612e-05
2477,0.454211562871933,0.4225897490978241,0.31621816754341125,1.6728578549308416e-05
2478,0.4823470711708069,0.4483188986778259,0.3402816653251648,1.666650564279105e-05
2479,0.4823734760284424,0.44923266768455505,0.33140820264816284,1.6604537642974793e-05
2480,0.49395668506622314,0.460075318813324,0.33881357312202454,1.6542674627869747e-05
2481,0.5510001182556152,0.5126159191131592,0.38384172320365906,1.6480916675353898e-05
2482,0.5088173747062683,0.47392702102661133,0.3489032983779907,1.6419263863172997e-05
2483,0.5023093223571777,0.467853844165802,0.3445547819137573,1.6357716268940372e-05
2484,0.4932945966720581,0.4593966603279114,0.3389795124530792,1.6296273970136977e-05
2485,0.4999125301837921,0.46523845195770264,0.3467407822608948,1.6234937044111152e-05
2486,0.4989564120769501,0.46420910954475403,0.34747314453125,1.6173705568078578e-05
2487,0.48483797907829285,0.45073240995407104,0.3410557806491852,1.611257961912227e-05
2488,0.4826456308364868,0.449447363615036,0.3319825232028961,1.6051559274192275e-05
2489,0.4697417914867401,0.4376277029514313,0.3211408257484436,1.599064461010581e-05
2490,0.4918387830257416,0.45818376541137695,0.33655017614364624,1.5929835703546993e-05
2491,0.513518214225769,0.47766488790512085,0.3585330545902252,1.5869132631066808e-05
2492,0.48727139830589294,0.4533987045288086,0.3387269973754883,1.5808535469082996e-05
2493,0.5156965851783752,0.4797283113002777,0.3596827983856201,1.574804429388004e-05
2494,0.47652170062065125,0.4436984956264496,0.3282319903373718,1.5687659181608916e-05
2495,0.4657678008079529,0.43372493982315063,0.3204285800457001,1.5627380208287114e-05
2496,0.49258750677108765,0.45860743522644043,0.339800626039505,1.5567207449798515e-05
2497,0.5152009129524231,0.47944313287734985,0.35757777094841003,1.5507140981893253e-05
2498,0.46320950984954834,0.43101736903190613,0.32192152738571167,1.5447180880187706e-05
2499,0.44820621609687805,0.4175223410129547,0.30683887004852295,1.538732722016434e-05
2500,0.49504485726356506,0.46093979477882385,0.34105053544044495,1.5327580077171587e-05
2501,0.4819566309452057,0.44859692454338074,0.3335970640182495,1.5267939526423824e-05
2502,0.5535822510719299,0.5152724385261536,0.38309797644615173,1.520840564300119e-05
2503,0.4734672009944916,0.441130131483078,0.3233705759048462,1.5148978501849642e-05
2504,0.5222887396812439,0.48594361543655396,0.3634513020515442,1.5089658177780653e-05
2505,0.5319120287895203,0.49526074528694153,0.3665129542350769,1.5030444745471294e-05
2506,0.4974879324436188,0.46338769793510437,0.34100237488746643,1.4971338279464009e-05
2507,0.5220006108283997,0.48614925146102905,0.3585137724876404,1.4912338854166696e-05
2508,0.48827695846557617,0.4543944001197815,0.338825523853302,1.485344654385239e-05
2509,0.4822845160961151,0.4483213424682617,0.3396316468715668,1.4794661422659306e-05
2510,0.5108007192611694,0.47584155201911926,0.3495917022228241,1.4735983564590783e-05
2511,0.5390312075614929,0.5019240379333496,0.37107178568840027,1.4677413043515042e-05
2512,0.48378899693489075,0.4506039023399353,0.33185088634490967,1.4618949933165272e-05
2513,0.5130060315132141,0.4765959084033966,0.36410146951675415,1.4560594307139364e-05
2514,0.49634307622909546,0.46191492676734924,0.3442813456058502,1.4502346238899945e-05
2515,0.49058786034584045,0.4560886323451996,0.34499236941337585,1.4444205801774202e-05
2516,0.5233637690544128,0.48671701550483704,0.36646729707717896,1.4386173068953846e-05
2517,0.522445559501648,0.48671406507492065,0.3573152422904968,1.4328248113495047e-05
2518,0.48712465167045593,0.45352038741111755,0.336042582988739,1.427043100831823e-05
2519,0.47027742862701416,0.43798601627349854,0.3229140639305115,1.4212721826208086e-05
2520,0.5432411432266235,0.5050843358039856,0.38156816363334656,1.415512063981339e-05
2521,0.5225526094436646,0.4868355691432953,0.3571705222129822,1.4097627521647061e-05
2522,0.5250411033630371,0.48781639337539673,0.3722473680973053,1.4040242544085913e-05
2523,0.46938085556030273,0.43711620569229126,0.3226465582847595,1.3982965779370626e-05
2524,0.5054910778999329,0.4705885350704193,0.34902530908584595,1.3925797299605647e-05
2525,0.5082274675369263,0.47317153215408325,0.3505591154098511,1.3868737176759094e-05
2526,0.5070915818214417,0.4722977578639984,0.3479384779930115,1.3811785482662764e-05
2527,0.46578431129455566,0.4339463710784912,0.3183794319629669,1.375494228901184e-05
2528,0.5127896070480347,0.4768707752227783,0.35918861627578735,1.3698207667364982e-05
2529,0.4898326098918915,0.4552316665649414,0.3460095226764679,1.3641581689144156e-05
2530,0.4933444857597351,0.45874878764152527,0.3459569811820984,1.3585064425634542e-05
2531,0.4908693730831146,0.4571492373943329,0.337201327085495,1.3528655947984504e-05
2532,0.46454980969429016,0.43221601843833923,0.32333797216415405,1.3472356327205405e-05
2533,0.4795833230018616,0.44660839438438416,0.329749196767807,1.341616563417163e-05
2534,0.47934800386428833,0.44613391160964966,0.33214080333709717,1.3360083939620394e-05
2535,0.522799551486969,0.48677781224250793,0.3602171242237091,1.330411131415169e-05
2536,0.4977877140045166,0.46347230672836304,0.3431541621685028,1.3248247828228245e-05
2537,0.5203986167907715,0.48487648367881775,0.3552215099334717,1.3192493552175366e-05
2538,0.4714832603931427,0.4389880895614624,0.32495182752609253,1.3136848556180892e-05
2539,0.5397728085517883,0.5022249817848206,0.37547847628593445,1.308131291029504e-05
2540,0.5030278563499451,0.4682982563972473,0.3472961187362671,1.3025886684430467e-05
2541,0.5103973150253296,0.4753052592277527,0.35092049837112427,1.2970569948361999e-05
2542,0.4719092547893524,0.43912941217422485,0.327798455953598,1.291536277172667e-05
2543,0.5343472957611084,0.49741747975349426,0.36929813027381897,1.2860265224023549e-05
2544,0.459778755903244,0.42802613973617554,0.31752628087997437,1.2805277374613744e-05
2545,0.5342332124710083,0.4968532919883728,0.37379929423332214,1.2750399292720283e-05
2546,0.5324766635894775,0.4960348308086395,0.364418625831604,1.2695631047427937e-05
2547,0.5073404312133789,0.4725480377674103,0.3479238748550415,1.2640972707683252e-05
2548,0.47924208641052246,0.44619429111480713,0.3304778039455414,1.2586424342294412e-05
2549,0.5352877378463745,0.49786046147346497,0.37427249550819397,1.2531986019931119e-05
2550,0.4920775890350342,0.4579605460166931,0.34117043018341064,1.2477657809124631e-05
2551,0.4862450063228607,0.45295047760009766,0.3329452872276306,1.242343977826752e-05
2552,0.4851014018058777,0.45225653052330017,0.32844874262809753,1.2369331995613653e-05
2553,0.49789491295814514,0.46350014209747314,0.34394779801368713,1.2315334529278132e-05
2554,0.48583340644836426,0.4522927403450012,0.33540666103363037,1.2261447447237195e-05
2555,0.501333475112915,0.46689164638519287,0.3444182574748993,1.2207670817328066e-05
2556,0.5141052603721619,0.47875773906707764,0.3534752130508423,1.2154004707249011e-05
2557,0.5340660810470581,0.49704477190971375,0.37021303176879883,1.2100449184559093e-05
2558,0.4991874396800995,0.4646054804325104,0.3458195924758911,1.2047004316678156e-05
2559,0.47561830282211304,0.44279101490974426,0.32827284932136536,1.1993670170886806e-05
2560,0.5098341107368469,0.4748971462249756,0.3493695557117462,1.19404468143262e-05
2561,0.509101390838623,0.47392019629478455,0.3518117070198059,1.1887334313998066e-05
2562,0.47358429431915283,0.44156986474990845,0.32014426589012146,1.1834332736764554e-05
2563,0.5076198577880859,0.47289004921913147,0.3472983241081238,1.1781442149348155e-05
2564,0.4975394010543823,0.4634043872356415,0.34135010838508606,1.1728662618331698e-05
2565,0.4989525079727173,0.4649381637573242,0.3401433825492859,1.1675994210158181e-05
2566,0.5154314041137695,0.4796783924102783,0.35752999782562256,1.1623436991130654e-05
2567,0.5077121257781982,0.472370982170105,0.3534112572669983,1.1570991027412304e-05
2568,0.5007443428039551,0.46619415283203125,0.3455016314983368,1.151865638502615e-05
2569,0.5250065922737122,0.48800545930862427,0.3700113892555237,1.1466433129855158e-05
2570,0.5014443397521973,0.46651631593704224,0.3492802679538727,1.141432132764202e-05
2571,0.5042697191238403,0.4691307544708252,0.3513898253440857,1.1362321043989132e-05
2572,0.4775969088077545,0.4450991451740265,0.3249775469303131,1.1310432344358502e-05
2573,0.5179347991943359,0.48258286714553833,0.3535190522670746,1.1258655294071685e-05
2574,0.5034727454185486,0.46891123056411743,0.345615416765213,1.1206989958309656e-05
2575,0.5097616314888,0.47442781925201416,0.3533379137516022,1.1155436402112785e-05
2576,0.4824090898036957,0.44919252395629883,0.3321656882762909,1.1103994690380681e-05
2577,0.46875205636024475,0.4364277720451355,0.32324275374412537,1.105266488787221e-05
2578,0.4732580780982971,0.44043540954589844,0.32822665572166443,1.1001447059205305e-05
2579,0.5043335556983948,0.4694034159183502,0.3493013083934784,1.0950341268857e-05
2580,0.4651040732860565,0.4328746199607849,0.3222944140434265,1.0899347581163221e-05
2581,0.4873100519180298,0.4535965025424957,0.3371354341506958,1.0848466060318807e-05
2582,0.509550929069519,0.47434768080711365,0.3520324230194092,1.0797696770377352e-05
2583,0.5152749419212341,0.47959455847740173,0.35680386424064636,1.0747039775251266e-05
2584,0.5558068156242371,0.5173861980438232,0.38420605659484863,1.069649513871147e-05
2585,0.5151473879814148,0.4795725643634796,0.3557484447956085,1.0646062924387512e-05
2586,0.5155781507492065,0.47965049743652344,0.35927632451057434,1.0595743195767393e-05
2587,0.5145236849784851,0.479179322719574,0.35344335436820984,1.0545536016197499e-05
2588,0.4929406940937042,0.4579631984233856,0.3497749865055084,1.0495441448882571e-05
2589,0.49885815382003784,0.46497923135757446,0.33878910541534424,1.0445459556885517e-05
2590,0.47444018721580505,0.4417772591114044,0.32662928104400635,1.0395590403127486e-05
2591,0.5143226981163025,0.47864654660224915,0.35676175355911255,1.0345834050387627e-05
2592,0.5021377205848694,0.46726053953170776,0.3487715423107147,1.0296190561303132e-05
2593,0.5044158101081848,0.469178706407547,0.352370947599411,1.024665999836909e-05
2594,0.4884163439273834,0.4548167288303375,0.33599621057510376,1.0197242423938446e-05
2595,0.5101189017295837,0.47429272532463074,0.35826167464256287,1.0147937900221883e-05
2596,0.4442143440246582,0.4136226177215576,0.30591723322868347,1.0098746489287758e-05
2597,0.514466404914856,0.4787401556968689,0.3572622537612915,1.0049668253062105e-05
2598,0.48262912034988403,0.44912371039390564,0.3350540101528168,1.0000703253328414e-05
2599,0.5063918828964233,0.47132277488708496,0.3506910800933838,9.95185155172762e-06
2600,0.5068734884262085,0.47237852215766907,0.34494954347610474,9.903113209758096e-06
2601,0.47799378633499146,0.44571420550346375,0.32279592752456665,9.854488288775422e-06
2602,0.4847462475299835,0.45058900117874146,0.34157246351242065,9.805976849992494e-06
2603,0.4914356768131256,0.45788028836250305,0.3355538845062256,9.757578954479262e-06
2604,0.48869216442108154,0.4556007981300354,0.330913782119751,9.709294663162771e-06
2605,0.5259684324264526,0.48975276947021484,0.36215662956237793,9.661124036827063e-06
2606,0.4740593433380127,0.4413518011569977,0.3270755112171173,9.61306713611304e-06
2607,0.5052853226661682,0.4701016843318939,0.35183635354042053,9.565124021518545e-06
2608,0.4993593692779541,0.46476197242736816,0.34597402811050415,9.517294753398064e-06
2609,0.5032696723937988,0.4688287079334259,0.34440937638282776,9.469579391962813e-06
2610,0.4902540147304535,0.45668911933898926,0.3356489837169647,9.421977997280596e-06
2611,0.48314395546913147,0.4498109519481659,0.33333009481430054,9.3744906292758e-06
2612,0.520924985408783,0.4846932291984558,0.36231729388237,9.327117347729197e-06
2613,0.47755101323127747,0.44485166668891907,0.3269934356212616,9.27985821227798e-06
2614,0.49588146805763245,0.46134912967681885,0.3453232944011688,9.23271328241564e-06
2615,0.5025312900543213,0.4679034650325775,0.34627851843833923,9.185682617491863e-06
2616,0.48693034052848816,0.45362433791160583,0.33305999636650085,9.138766276712552e-06
2617,0.5384904146194458,0.5012105107307434,0.3727990388870239,9.091964319139645e-06
2618,0.494752436876297,0.4603990912437439,0.3435334861278534,9.045276803691094e-06
2619,0.5504860877990723,0.512719452381134,0.37766653299331665,8.998703789140772e-06
2620,0.4611027240753174,0.4292762875556946,0.3182644248008728,8.952245334118414e-06
2621,0.48252832889556885,0.4492552578449249,0.3327306807041168,8.905901497109581e-06
2622,0.45612046122550964,0.4244448244571686,0.31675639748573303,8.85967233645547e-06
2623,0.4768436551094055,0.4439696669578552,0.3287397623062134,8.813557910352999e-06
2624,0.5141886472702026,0.47885674238204956,0.3533187508583069,8.76755827685456e-06
2625,0.4495370388031006,0.4187840521335602,0.3075299859046936,8.72167349386811e-06
2626,0.5001073479652405,0.46529483795166016,0.3481251895427704,8.675903619156977e-06
2627,0.5106754899024963,0.4751768112182617,0.35498684644699097,8.63024871033985e-06
2628,0.48056644201278687,0.44736355543136597,0.3320288360118866,8.584708824890697e-06
2629,0.4796501696109772,0.4464217722415924,0.33228394389152527,8.539284020138638e-06
2630,0.5138704776763916,0.47796201705932617,0.35908448696136475,8.493974353268019e-06
2631,0.509294867515564,0.47370070219039917,0.35594138503074646,8.448779881318148e-06
2632,0.47434020042419434,0.4412088096141815,0.331313818693161,8.403700661183355e-06
2633,0.5395493507385254,0.502458930015564,0.3709041178226471,8.358736749612873e-06
2634,0.5167688727378845,0.4809771478176117,0.3579172194004059,8.313888203210774e-06
2635,0.49957016110420227,0.4649472236633301,0.3462292551994324,8.269155078435931e-06
2636,0.4926486611366272,0.4589369297027588,0.337117463350296,8.224537431601886e-06
2637,0.503994345664978,0.4689152240753174,0.35079100728034973,8.1800353188768e-06
2638,0.4688871502876282,0.43656501173973083,0.32322150468826294,8.135648796283402e-06
2639,0.5036661624908447,0.4684794843196869,0.3518664836883545,8.091377919698895e-06
2640,0.4854257106781006,0.4516271650791168,0.33798542618751526,8.047222744854943e-06
2641,0.5414950251579285,0.5042179822921753,0.3727706968784332,8.003183327337504e-06
2642,0.4978586435317993,0.46331217885017395,0.34546470642089844,7.95925972258683e-06
2643,0.5226389765739441,0.485930860042572,0.36708134412765503,7.915451985897382e-06
2644,0.5038596391677856,0.4691316485404968,0.3472796380519867,7.871760172417763e-06
2645,0.4781166911125183,0.4454016387462616,0.32715046405792236,7.828184337150613e-06
2646,0.524092435836792,0.48779404163360596,0.36298418045043945,7.784724534952625e-06
2647,0.44568124413490295,0.41421201825141907,0.3146921396255493,7.74138082053436e-06
2648,0.490834504365921,0.4567161798477173,0.34118330478668213,7.698153248460271e-06
2649,0.5374679565429688,0.5000776052474976,0.373903751373291,7.655041873148605e-06
2650,0.4545286297798157,0.422844797372818,0.3168382942676544,7.612046748871327e-06
2651,0.5083999037742615,0.473402738571167,0.34997156262397766,7.56916792975404e-06
2652,0.47818523645401,0.44533780217170715,0.3284743130207062,7.526405469775955e-06
2653,0.4563930332660675,0.4251050353050232,0.3128799796104431,7.483759422769765e-06
2654,0.49099504947662354,0.4574510157108307,0.3354402780532837,7.441229842421671e-06
2655,0.48357874155044556,0.44985565543174744,0.33723098039627075,7.398816782271223e-06
2656,0.440552294254303,0.41014036536216736,0.30411937832832336,7.3565202957112555e-06
2657,0.49223339557647705,0.4581836462020874,0.3404976427555084,7.314340435987921e-06
2658,0.5123945474624634,0.47731664776802063,0.3507789373397827,7.272277256200499e-06
2659,0.45105767250061035,0.4200327694416046,0.3102489411830902,7.230330809301411e-06
2660,0.4768722951412201,0.4442535638809204,0.3261874318122864,7.1885011480961164e-06
2661,0.49902838468551636,0.46477505564689636,0.3425333797931671,7.1467883252430364e-06
2662,0.554767906665802,0.5160349011421204,0.387330025434494,7.105192393253524e-06
2663,0.4963729977607727,0.4623732268810272,0.3399978280067444,7.063713404491812e-06
2664,0.5048194527626038,0.4696536064147949,0.35165855288505554,7.022351411174866e-06
2665,0.4833233952522278,0.4500497579574585,0.33273622393608093,6.981106465372389e-06
2666,0.4677043855190277,0.4353238344192505,0.32380545139312744,6.939978619006737e-06
2667,0.4802873730659485,0.4475022256374359,0.3278515338897705,6.8989679238528395e-06
2668,0.46145230531692505,0.42912378907203674,0.32328516244888306,6.858074431538164e-06
2669,0.4727345108985901,0.43999984860420227,0.3273465931415558,6.817298193542643e-06
2670,0.48707371950149536,0.4534151554107666,0.33658549189567566,6.776639261198581e-06
2671,0.5568333268165588,0.5180927515029907,0.3874055743217468,6.736097685690601e-06
2672,0.4721677005290985,0.43956080079078674,0.3260689973831177,6.695673518055579e-06
2673,0.5033979415893555,0.46838921308517456,0.3500871956348419,6.655366809182662e-06
2674,0.49950334429740906,0.46513494849205017,0.34368401765823364,6.615177609813039e-06
2675,0.49814295768737793,0.463149756193161,0.3499319553375244,6.5751059705400295e-06
2676,0.5062724351882935,0.47058534622192383,0.35687071084976196,6.5351519418089145e-06
2677,0.46457618474960327,0.4327215850353241,0.3185458481311798,6.4953155739169495e-06
2678,0.5135889649391174,0.4781585931777954,0.35430383682250977,6.455596917013273e-06
2679,0.5348632335662842,0.49744632840156555,0.37416917085647583,6.415996021098813e-06
2680,0.4990311861038208,0.46439409255981445,0.34637096524238586,6.37651293602628e-06
2681,0.50312340259552,0.46834173798561096,0.34781694412231445,6.3371477115000466e-06
2682,0.4921623170375824,0.4582903981208801,0.33871930837631226,6.29790039707614e-06
2683,0.5187307000160217,0.48246636986732483,0.3626435101032257,6.258771042162137e-06
2684,0.5009793043136597,0.4664711058139801,0.3450819253921509,6.219759696017113e-06
2685,0.5130159854888916,0.4774938225746155,0.35522177815437317,6.180866407751595e-06
2686,0.4801769256591797,0.4468977749347687,0.33279159665107727,6.142091226327484e-06
2687,0.46880561113357544,0.4368516504764557,0.31953945755958557,6.103434200558011e-06
2688,0.48067060112953186,0.44695961475372314,0.33710977435112,6.06489537910766e-06
2689,0.4881269037723541,0.4542843997478485,0.3384250998497009,6.0264748104920776e-06
2690,0.515453577041626,0.47963622212409973,0.35817381739616394,5.988172543078097e-06
2691,0.5271596908569336,0.49022406339645386,0.3693563938140869,5.9499886250835805e-06
2692,0.5157710313796997,0.4802235960960388,0.35547423362731934,5.911923104577455e-06
2693,0.5583974123001099,0.5199687480926514,0.3842865228652954,5.8739760294795335e-06
2694,0.5277083516120911,0.4917180836200714,0.3599027693271637,5.8361474475605695e-06
2695,0.4671836495399475,0.43485307693481445,0.323305606842041,5.7984374064421035e-06
2696,0.45458194613456726,0.42335930466651917,0.31222644448280334,5.760845953596527e-06
2697,0.5141683220863342,0.47912752628326416,0.3504081070423126,5.723373136346854e-06
2698,0.5171985030174255,0.48081132769584656,0.3638717830181122,5.6860190018667934e-06
2699,0.5260717868804932,0.48952001333236694,0.3655177354812622,5.6487835971806515e-06
2700,0.47903525829315186,0.44619980454444885,0.32835447788238525,5.611666969163243e-06
2701,0.5155643820762634,0.47994500398635864,0.35619378089904785,5.574669164539903e-06
2702,0.4854949116706848,0.45198845863342285,0.3350645899772644,5.537790229886319e-06
2703,0.5018470287322998,0.4672502875328064,0.34596768021583557,5.501030211628599e-06
2704,0.5260321497917175,0.4901353716850281,0.35896798968315125,5.464389156043115e-06
2705,0.4993842840194702,0.46518412232398987,0.3420014977455139,5.427867109256457e-06
2706,0.4881489872932434,0.4545815587043762,0.3356744050979614,5.39146411724547e-06
2707,0.5180286765098572,0.48265597224235535,0.3537268340587616,5.355180225837053e-06
2708,0.4809225797653198,0.44717592000961304,0.3374667465686798,5.3190154807082005e-06
2709,0.5003839135169983,0.4660801887512207,0.3430370092391968,5.282969927385906e-06
2710,0.4910004734992981,0.456816166639328,0.3418431878089905,5.247043611247127e-06
2711,0.4859958291053772,0.4519856870174408,0.34010154008865356,5.211236577518719e-06
2712,0.5070315599441528,0.4721895754337311,0.3484199643135071,5.175548871277358e-06
2713,0.5277551412582397,0.4915691018104553,0.3618606925010681,5.13998053744954e-06
2714,0.4854620099067688,0.45159685611724854,0.3386515974998474,5.104531620811414e-06
2715,0.5311585068702698,0.49442559480667114,0.3673288822174072,5.0692021659888735e-06
2716,0.5006256699562073,0.46589526534080505,0.3473040759563446,5.033992217457395e-06
2717,0.5052254796028137,0.4706621468067169,0.34563344717025757,4.998901819541979e-06
2718,0.4859570562839508,0.4525183141231537,0.33438733220100403,4.963931016417167e-06
2719,0.4972284138202667,0.4628097414970398,0.3441867232322693,4.929079852106933e-06
2720,0.5029345154762268,0.4684889614582062,0.3444554805755615,4.8943483704846475e-06
2721,0.46818849444389343,0.43638384342193604,0.31804656982421875,4.859736615273003e-06
2722,0.5305470824241638,0.4938095211982727,0.3673756420612335,4.825244630043979e-06
2723,0.5237134099006653,0.48647889494895935,0.3723451495170593,4.790872458218754e-06
2724,0.5228336453437805,0.4869398772716522,0.35893741250038147,4.756620143067725e-06
2725,0.5305244326591492,0.4939084053039551,0.3661603033542633,4.722487727710368e-06
2726,0.5052381753921509,0.4702305793762207,0.3500758707523346,4.688475255115244e-06
2727,0.5019874572753906,0.4669201672077179,0.3506726026535034,4.65458276809988e-06
2728,0.43516382575035095,0.404751181602478,0.30412641167640686,4.620810309330803e-06
2729,0.5097044706344604,0.4742552638053894,0.3544923663139343,4.587157921323393e-06
2730,0.46680423617362976,0.4345182180404663,0.32286015152931213,4.553625646441928e-06
2731,0.5184224843978882,0.4827568531036377,0.35665637254714966,4.520213526899431e-06
2732,0.502952516078949,0.46797245740890503,0.34980034828186035,4.486921604757699e-06
2733,0.4890075922012329,0.45591363310813904,0.33093953132629395,4.453749921927175e-06
2734,0.4576268196105957,0.42626893520355225,0.3135789632797241,4.420698520166988e-06
2735,0.518101155757904,0.48219114542007446,0.35910001397132874,4.3877674410848e-06
2736,0.4625604748725891,0.4304431676864624,0.32117322087287903,4.35495672613685e-06
2737,0.5011019706726074,0.4669428765773773,0.3415907621383667,4.322266416627785e-06
2738,0.48652371764183044,0.45298632979393005,0.3353739082813263,4.289696553710731e-06
2739,0.4870331585407257,0.4531059265136719,0.33927229046821594,4.257247178387192e-06
2740,0.5172558426856995,0.48171868920326233,0.3553716540336609,4.224918331506955e-06
2741,0.4730873703956604,0.44026613235473633,0.3282124400138855,4.19271005376809e-06
2742,0.49155324697494507,0.4575984477996826,0.33954793214797974,4.160622385716895e-06
2743,0.48704370856285095,0.4537723660469055,0.33271345496177673,4.1286553677478136e-06
2744,0.49865245819091797,0.46409696340560913,0.34555482864379883,4.096809040103444e-06
2745,0.501308798789978,0.46634843945503235,0.34960365295410156,4.065083442874418e-06
2746,0.4572296738624573,0.4258590042591095,0.3137066960334778,4.033478615999376e-06
2747,0.5399882197380066,0.5026912689208984,0.3729696273803711,4.001994599264957e-06
2748,0.4928707480430603,0.458689421415329,0.3418133854866028,3.970631432305694e-06
2749,0.5328222513198853,0.49561232328414917,0.3720993995666504,3.93938915460399e-06
2750,0.49541789293289185,0.4609651267528534,0.3445275127887726,3.908267805490051e-06
2751,0.4603455662727356,0.4281562566757202,0.32189318537712097,3.877267424141862e-06
2752,0.5075929760932922,0.4726121425628662,0.34980830550193787,3.8463880495851146e-06
2753,0.5478839874267578,0.5097532272338867,0.3813077211380005,3.815629720693192e-06
2754,0.4915069043636322,0.45761436223983765,0.3389255404472351,3.784992476187066e-06
2755,0.46599072217941284,0.4339674413204193,0.3202327787876129,3.7544763546352834e-06
2756,0.4669133424758911,0.43482375144958496,0.32089582085609436,3.7240813944539153e-06
2757,0.5155259966850281,0.480411559343338,0.35114461183547974,3.6938076339065207e-06
2758,0.47829437255859375,0.4450567662715912,0.3323759138584137,3.6636551111040475e-06
2759,0.5361987948417664,0.49880823493003845,0.3739055395126343,3.633623864004887e-06
2760,0.4866902530193329,0.45312169194221497,0.3356856107711792,3.6037139304146762e-06
2761,0.5263846516609192,0.48937803506851196,0.3700661063194275,3.573925347986384e-06
2762,0.5070217847824097,0.4716200530529022,0.35401761531829834,3.5442581542201923e-06
2763,0.5357993245124817,0.49901291728019714,0.3678641617298126,3.5147123864634924e-06
2764,0.4901195466518402,0.4559861421585083,0.3413340449333191,3.485288081910798e-06
2765,0.49620553851127625,0.46213677525520325,0.34068763256073,3.455985277603713e-06
2766,0.4829983413219452,0.4496004581451416,0.3339788317680359,3.426804010430884e-06
2767,0.501710057258606,0.4669542908668518,0.3475574851036072,3.3977443171279823e-06
2768,0.5146418213844299,0.4787733256816864,0.3586851954460144,3.3688062342776106e-06
2769,0.4802801012992859,0.4469824433326721,0.33297666907310486,3.339989798309273e-06
2770,0.4918094575405121,0.4580345153808594,0.33774954080581665,3.311295045499363e-06
2771,0.4807826280593872,0.4475858509540558,0.33196762204170227,3.282722011971051e-06
2772,0.531420111656189,0.49494966864585876,0.3647046387195587,3.254270733694331e-06
2773,0.5172717571258545,0.4813818335533142,0.3588990271091461,3.2259412464858753e-06
2774,0.4976392686367035,0.46347135305404663,0.341679185628891,3.197733586009055e-06
2775,0.5254823565483093,0.48954832553863525,0.3593401312828064,3.169647787773866e-06
2776,0.46506381034851074,0.4326251149177551,0.3243868350982666,3.1416838871368924e-06
2777,0.5051387548446655,0.4704764187335968,0.34662359952926636,3.1138419193012857e-06
2778,0.5308877229690552,0.49482229351997375,0.3606542646884918,3.086121919316698e-06
2779,0.487529993057251,0.45342761278152466,0.34102365374565125,3.0585239220792037e-06
2780,0.5173442363739014,0.4819703996181488,0.353738397359848,3.0310479623313127e-06
2781,0.5049688816070557,0.46968626976013184,0.3528261184692383,3.0036940746619224e-06
2782,0.4902413785457611,0.45625177025794983,0.33989620208740234,2.9764622935062438e-06
2783,0.5207817554473877,0.4847935140132904,0.35988226532936096,2.949352653145754e-06
2784,0.4697220027446747,0.43731480836868286,0.3240719437599182,2.922365187708187e-06
2785,0.5152894258499146,0.47963374853134155,0.35655662417411804,2.8954999311674558e-06
2786,0.4770384430885315,0.4438779056072235,0.3316052258014679,2.8687569173436623e-06
2787,0.502420961856842,0.46763521432876587,0.34785744547843933,2.842136179902988e-06
2788,0.5212763547897339,0.48504412174224854,0.3623226284980774,2.8156377523576803e-06
2789,0.5214594006538391,0.4857288897037506,0.3573051989078522,2.7892616680660457e-06
2790,0.49778133630752563,0.4636898636817932,0.34091463685035706,2.7630079602323442e-06
2791,0.48716917634010315,0.4536246955394745,0.3354448676109314,2.7368766619067953e-06
2792,0.47388479113578796,0.44130420684814453,0.3258058428764343,2.7108678059855065e-06
2793,0.5026642084121704,0.4684789478778839,0.3418523967266083,2.6849814252104754e-06
2794,0.48020410537719727,0.4466249644756317,0.33579155802726746,2.6592175521694795e-06
2795,0.47588491439819336,0.4425122141838074,0.33372706174850464,2.6335762192960743e-06
2796,0.4674314558506012,0.4349220395088196,0.32509416341781616,2.608057458869606e-06
2797,0.5394081473350525,0.502193033695221,0.37215089797973633,2.582661303015066e-06
2798,0.5036138296127319,0.4686658978462219,0.3494790196418762,2.5573877837031137e-06
2799,0.5292260646820068,0.49292775988578796,0.36298325657844543,2.532236932750021e-06
2800,0.49977901577949524,0.465453177690506,0.3432583808898926,2.5072087818176382e-06
2801,0.4830252528190613,0.44952765107154846,0.33497586846351624,2.482303362413374e-06
2802,0.48393648862838745,0.449788361787796,0.3414812982082367,2.457520705890093e-06
2803,0.47789227962493896,0.4448818564414978,0.33010435104370117,2.4328608434461276e-06
2804,0.502984344959259,0.46845734119415283,0.34527015686035156,2.4083238061252567e-06
2805,0.44641825556755066,0.4155799150466919,0.30838340520858765,2.383909624816616e-06
2806,0.49862027168273926,0.46448996663093567,0.34130313992500305,2.3596183302546647e-06
2807,0.48053231835365295,0.44701653718948364,0.33515793085098267,2.3354499530191975e-06
2808,0.46770840883255005,0.4350978434085846,0.32610562443733215,2.311404523535243e-06
2809,0.46995556354522705,0.4370836615562439,0.3287191092967987,2.2874820720730438e-06
2810,0.5272294282913208,0.49095338582992554,0.3627604842185974,2.2636826287480873e-06
2811,0.5108857154846191,0.4757349491119385,0.3515079617500305,2.240006223520941e-06
2812,0.4960051476955414,0.46182894706726074,0.3417619466781616,2.2164528861973064e-06
2813,0.5264179706573486,0.48989370465278625,0.3652424216270447,2.193022646427978e-06
2814,0.49826377630233765,0.4638441205024719,0.34419646859169006,2.1697155337087604e-06
2815,0.4757278859615326,0.44265300035476685,0.33074888586997986,2.1465315773804616e-06
2816,0.5011149644851685,0.46655333042144775,0.3456166386604309,2.123470806628858e-06
2817,0.5315123200416565,0.4945618510246277,0.36950474977493286,2.1005332504846597e-06
2818,0.47065258026123047,0.4379810690879822,0.3267151713371277,2.0777189378234143e-06
2819,0.494258850812912,0.459728479385376,0.34530380368232727,2.0550278973656024e-06
2820,0.5031549334526062,0.4680670201778412,0.350879043340683,2.032460157676452e-06
2821,0.5160148739814758,0.48012232780456543,0.3589257001876831,2.010015747165983e-06
2822,0.5066065192222595,0.4715498983860016,0.35056594014167786,1.9876946940889927e-06
2823,0.4654611051082611,0.4336249828338623,0.31836122274398804,1.965497026544938e-06
2824,0.49487584829330444,0.46050065755844116,0.3437519371509552,1.9434227724779984e-06
2825,0.47455453872680664,0.4420488476753235,0.3250570595264435,1.921471959676957e-06
2826,0.5094166398048401,0.47397422790527344,0.35442405939102173,1.899644615775209e-06
2827,0.4810139238834381,0.448173463344574,0.3284045159816742,1.8779407682507077e-06
2828,0.4672732651233673,0.43524911999702454,0.3202415704727173,1.856360444425953e-06
2829,0.5093224048614502,0.4737873673439026,0.35535067319869995,1.834903671467958e-06
2830,0.5293865203857422,0.4929344058036804,0.36452141404151917,1.81357047638816e-06
2831,0.4952488839626312,0.46066582202911377,0.34583064913749695,1.7923608860424658e-06
2832,0.5072731971740723,0.4720681607723236,0.35205039381980896,1.771274927131139e-06
2833,0.5106168389320374,0.4753319025039673,0.3528492748737335,1.7503126261988355e-06
2834,0.5025352239608765,0.4669302701950073,0.3560493588447571,1.7294740096345575e-06
2835,0.5025453567504883,0.4674341678619385,0.35111209750175476,1.7087591036715534e-06
2836,0.5025936961174011,0.4674348533153534,0.3515881597995758,1.6881679343873636e-06
2837,0.48222994804382324,0.4485836923122406,0.33646249771118164,1.667700527703775e-06
2838,0.464134156703949,0.43229177594184875,0.3184238076210022,1.6473569093867436e-06
2839,0.5166515707969666,0.4809384346008301,0.35713163018226624,1.6271371050464056e-06
2840,0.50288987159729,0.4679766893386841,0.34913161396980286,1.6070411401370334e-06
2841,0.4931148290634155,0.4586493968963623,0.34465423226356506,1.58706903995699e-06
2842,0.5127311944961548,0.47706156969070435,0.3566962778568268,1.5672208296486969e-06
2843,0.4723127484321594,0.4395034611225128,0.3280929923057556,1.5474965341986558e-06
2844,0.5328294038772583,0.49590128660202026,0.36928120255470276,1.5278961784373268e-06
2845,0.533344030380249,0.4969138205051422,0.3643023371696472,1.5084197870391837e-06
2846,0.5383026599884033,0.5010941624641418,0.37208500504493713,1.4890673845226133e-06
2847,0.4914785921573639,0.4571433663368225,0.34335213899612427,1.469838995249928e-06
2848,0.5370706915855408,0.499775230884552,0.3729548752307892,1.4507346434273316e-06
2849,0.49188506603240967,0.4579629600048065,0.33922097086906433,1.4317543531048749e-06
2850,0.5336894989013672,0.4968132972717285,0.3687622547149658,1.4128981481764115e-06
2851,0.5089231133460999,0.4736786186695099,0.35244467854499817,1.3941660523796196e-06
2852,0.4547194242477417,0.42268726229667664,0.320321649312973,1.375558089295914e-06
2853,0.5184948444366455,0.48239970207214355,0.36095163226127625,1.3570742823504567e-06
2854,0.5700650811195374,0.5311604738235474,0.38904625177383423,1.3387146548120899e-06
2855,0.5195448398590088,0.48369863629341125,0.3584621548652649,1.3204792297933588e-06
2856,0.5119704604148865,0.47631514072418213,0.3565530478954315,1.3023680302504338e-06
2857,0.5068063735961914,0.47183957695961,0.34966781735420227,1.2843810789831102e-06
2858,0.46944576501846313,0.43614307045936584,0.33302682638168335,1.2665183986347528e-06
2859,0.49109014868736267,0.4574355483055115,0.3365461230278015,1.2487800116922966e-06
2860,0.49666520953178406,0.462088942527771,0.3457627594470978,1.231165940486234e-06
2861,0.5272228717803955,0.4904904365539551,0.36732444167137146,1.2136762071904838e-06
2862,0.49277448654174805,0.4588744044303894,0.33900079131126404,1.1963108338225337e-06
2863,0.5301447510719299,0.49346837401390076,0.3667638301849365,1.1790698422432521e-06
2864,0.5163978338241577,0.48085179924964905,0.35546019673347473,1.1619532541569333e-06
2865,0.5553346872329712,0.5169884562492371,0.3834623396396637,1.1449610911112741e-06
2866,0.4982331097126007,0.46362465620040894,0.3460846543312073,1.128093374497352e-06
2867,0.5434565544128418,0.5059514045715332,0.37505149841308594,1.1113501255495485e-06
2868,0.5289856791496277,0.4921717047691345,0.36813992261886597,1.0947313653455694e-06
2869,0.5185120105743408,0.48282676935195923,0.35685232281684875,1.0782371148064241e-06
2870,0.505363941192627,0.47080492973327637,0.345590204000473,1.0618673946963365e-06
2871,0.5000800490379333,0.46550053358078003,0.345795214176178,1.0456222256227999e-06
2872,0.5009691119194031,0.4662611782550812,0.34707939624786377,1.0295016280365112e-06
2873,0.5012694597244263,0.4660300612449646,0.352394163608551,1.0135056222313143e-06
2874,0.4904848337173462,0.4559426009654999,0.3454224169254303,9.976342283442463e-07
2875,0.5228321552276611,0.4863181412220001,0.36514022946357727,9.818874663554357e-07
2876,0.4672200381755829,0.4349890947341919,0.3223095238208771,9.662653560881584e-07
2877,0.5303320288658142,0.49267739057540894,0.3765464127063751,9.50767917208728e-07
2878,0.48795586824417114,0.45437905192375183,0.33576810359954834,9.353951692265383e-07
2879,0.5275760293006897,0.4909801781177521,0.3659587800502777,9.20147131493998e-07
2880,0.498680055141449,0.4634297490119934,0.35250306129455566,9.0502382320653e-07
2881,0.5138808488845825,0.47852128744125366,0.3535953164100647,8.900252634025274e-07
2882,0.5322206616401672,0.4956321716308594,0.3658847212791443,8.751514709633424e-07
2883,0.46245723962783813,0.43077510595321655,0.31682130694389343,8.604024646132857e-07
2884,0.4706014096736908,0.4378323256969452,0.3276907801628113,8.457782629195388e-07
2885,0.5384405255317688,0.5013348460197449,0.37105682492256165,8.31278884292186e-07
2886,0.4937312602996826,0.4596681296825409,0.3406314253807068,8.16904346984193e-07
2887,0.49853333830833435,0.46375954151153564,0.3477378487586975,8.026546690913406e-07
2888,0.5201768279075623,0.4843032956123352,0.3587351143360138,7.885298685522235e-07
2889,0.5583076477050781,0.5191228985786438,0.3918473720550537,7.745299631482405e-07
2890,0.4949946403503418,0.4607367217540741,0.34257906675338745,7.606549705035937e-07
2891,0.5197650194168091,0.48363885283470154,0.3612619638442993,7.469049080851775e-07
2892,0.5109873414039612,0.47573935985565186,0.3524797260761261,7.332797932026459e-07
2893,0.498510479927063,0.46337375044822693,0.3513672649860382,7.19779643008367e-07
2894,0.4806472957134247,0.44741907715797424,0.33228206634521484,7.064044744973686e-07
2895,0.44947993755340576,0.41820892691612244,0.312710165977478,6.931543045073708e-07
2896,0.5074849128723145,0.4723008871078491,0.3518402874469757,6.800291497187083e-07
2897,0.5072659254074097,0.4728993773460388,0.3436651825904846,6.670290266543644e-07
2898,0.4732089042663574,0.44031259417533875,0.32896313071250916,6.541539516799033e-07
2899,0.47756826877593994,0.44485798478126526,0.32710298895835876,6.414039410034489e-07
2900,0.4928588569164276,0.4587113559246063,0.3414749801158905,6.287790106757396e-07
2901,0.5526177883148193,0.5142332315444946,0.38384541869163513,6.162791765900177e-07
2902,0.4749213755130768,0.44247424602508545,0.3244713544845581,6.039044544820404e-07
2903,0.5086842775344849,0.47306200861930847,0.3562225103378296,5.916548599300576e-07
2904,0.4880317449569702,0.45385247468948364,0.3417927324771881,5.795304083548559e-07
2905,0.47316884994506836,0.44023698568344116,0.32931867241859436,5.675311150195928e-07
2906,0.5297016501426697,0.4931904971599579,0.3651113510131836,5.556569950299517e-07
2907,0.49173402786254883,0.4575974941253662,0.34136536717414856,5.439080633339866e-07
2908,0.5015628337860107,0.46717825531959534,0.3438456058502197,5.322843347221662e-07
2909,0.5131813883781433,0.47731420397758484,0.3586716055870056,5.207858238273522e-07
2910,0.5229825973510742,0.48676055669784546,0.36222049593925476,5.094125451247655e-07
2911,0.4756118655204773,0.4431678354740143,0.3244401514530182,4.981645129319756e-07
2912,0.47491222620010376,0.44257816672325134,0.32334059476852417,4.870417414088779e-07
2913,0.4821457862854004,0.4486813545227051,0.3346443176269531,4.760442445576829e-07
2914,0.4959796369075775,0.4615299701690674,0.3444967269897461,4.6517203622291615e-07
2915,0.48638975620269775,0.4523932933807373,0.33996477723121643,4.544251300913405e-07
2916,0.5358848571777344,0.49966126680374146,0.3622361719608307,4.438035396920004e-07
2917,0.5046408772468567,0.4693729877471924,0.3526787757873535,4.333072783961889e-07
2918,0.46800124645233154,0.4350416362285614,0.32959622144699097,4.2293635941742517e-07
2919,0.44040781259536743,0.41002216935157776,0.3038563132286072,4.1269079581142124e-07
2920,0.48711347579956055,0.45350804924964905,0.336054265499115,4.025706004760932e-07
2921,0.47495365142822266,0.4419180154800415,0.330356240272522,3.925757861515389e-07
2922,0.5049574971199036,0.47011426091194153,0.3484324812889099,3.827063654199936e-07
2923,0.4969436824321747,0.46264052391052246,0.34303152561187744,3.7296235070587435e-07
2924,0.4796169102191925,0.4465411305427551,0.330757737159729,3.633437542756912e-07
2925,0.4947384297847748,0.4606913924217224,0.3404703438282013,3.5385058823809156e-07
2926,0.4780498445034027,0.4448258876800537,0.33223956823349,3.444828645438047e-07
2927,0.5300176739692688,0.4933341443538666,0.36683541536331177,3.3524059498565297e-07
2928,0.5095022916793823,0.4741417169570923,0.3536059558391571,3.261237911985404e-07
2929,0.5004100203514099,0.46574318408966064,0.3466686010360718,3.171324646593865e-07
2930,0.4937817454338074,0.45986223220825195,0.33919498324394226,3.0826662668720364e-07
2931,0.515347421169281,0.47952455282211304,0.3582286238670349,2.99526288442975e-07
2932,0.48503851890563965,0.45197874307632446,0.3305976688861847,2.9091146092973254e-07
2933,0.49030059576034546,0.45656004548072815,0.3374054431915283,2.8242215499248993e-07
2934,0.4662257432937622,0.43383029103279114,0.32395464181900024,2.740583813182429e-07
2935,0.5466703772544861,0.5091400742530823,0.37530282139778137,2.658201504359803e-07
2936,0.48538950085639954,0.45179271697998047,0.3359679579734802,2.577074727165951e-07
2937,0.5403153896331787,0.5027759671211243,0.3753940761089325,2.497203583729957e-07
2938,0.48949748277664185,0.4558238685131073,0.33673617243766785,2.418588174599612e-07
2939,0.4988851547241211,0.4639146327972412,0.3497053384780884,2.3412285987420847e-07
2940,0.501768946647644,0.4670373797416687,0.34731578826904297,2.265124953543918e-07
2941,0.49047961831092834,0.45656076073646545,0.33918848633766174,2.1902773348100315e-07
2942,0.4946814179420471,0.46101877093315125,0.3366265594959259,2.1166858367646093e-07
2943,0.4893002510070801,0.4548729360103607,0.34427326917648315,2.0443505520503224e-07
2944,0.5124230980873108,0.4768085479736328,0.356145441532135,1.973271571728441e-07
2945,0.46078038215637207,0.4288828372955322,0.3189755082130432,1.9034489852787218e-07
2946,0.5216889977455139,0.4856882095336914,0.3600076735019684,1.834882880599409e-07
2947,0.4664568305015564,0.4341879189014435,0.3226891756057739,1.7675733440066789e-07
2948,0.4917616546154022,0.45743370056152344,0.34327954053878784,1.7015204602350843e-07
2949,0.4718458652496338,0.4394594728946686,0.3238639235496521,1.6367243124372212e-07
2950,0.486532986164093,0.4531458020210266,0.3338718116283417,1.5731849821833954e-07
2951,0.4879947900772095,0.45352768898010254,0.3446710705757141,1.5109025494620677e-07
2952,0.4887717068195343,0.45505815744400024,0.337135374546051,1.449877092679075e-07
2953,0.5000433921813965,0.4652099311351776,0.3483349084854126,1.3901086886580762e-07
2954,0.5045463442802429,0.46941980719566345,0.35126563906669617,1.3315974126401066e-07
2955,0.5020985007286072,0.4674852192401886,0.34613290429115295,1.274343338283801e-07
2956,0.5053489804267883,0.4708157181739807,0.3453327417373657,1.2183465376650605e-07
2957,0.5072171688079834,0.4720035791397095,0.35213589668273926,1.1636070812770516e-07
2958,0.5048108100891113,0.4696219861507416,0.35188838839530945,1.1101250380300965e-07
2959,0.4552146792411804,0.42356544733047485,0.31649237871170044,1.0579004752513389e-07
2960,0.5050849914550781,0.4702942669391632,0.34790751338005066,1.0069334586854107e-07
2961,0.5255914330482483,0.48910313844680786,0.364883154630661,9.572240524933218e-08
2962,0.5069186091423035,0.4717823565006256,0.35136234760284424,9.087723192533482e-08
2963,0.5111275315284729,0.47568708658218384,0.3544043302536011,8.615783199602545e-08
2964,0.44725704193115234,0.4161868691444397,0.31070178747177124,8.156421140254056e-08
2965,0.48279905319213867,0.44948863983154297,0.3331042230129242,7.709637592770991e-08
2966,0.5258646011352539,0.4892188310623169,0.36645761132240295,7.275433119596776e-08
2967,0.48207035660743713,0.44885268807411194,0.3321768045425415,6.853808267344164e-08
2968,0.5245538949966431,0.4885962903499603,0.3595757484436035,6.444763566786361e-08
2969,0.49846673011779785,0.46359556913375854,0.34871146082878113,6.048299532861457e-08
2970,0.47982606291770935,0.4462074339389801,0.3361862599849701,5.6644166646668826e-08
2971,0.45105794072151184,0.4199616312980652,0.31096315383911133,5.2931154454671783e-08
2972,0.47357362508773804,0.44094744324684143,0.32626187801361084,4.934396342684e-08
2973,0.5201530456542969,0.48430681228637695,0.3584623336791992,4.588259807901674e-08
2974,0.5341734886169434,0.49751535058021545,0.3665813207626343,4.254706276862752e-08
2975,0.5020724534988403,0.4673722982406616,0.3470016419887543,3.933736169471347e-08
2976,0.5004913806915283,0.4659575819969177,0.34533780813217163,3.6253498897886873e-08
2977,0.48378676176071167,0.4503154158592224,0.33471351861953735,3.3295478260364496e-08
2978,0.5166597366333008,0.48090460896492004,0.35755136609077454,3.0463303505934295e-08
2979,0.49499183893203735,0.46017229557037354,0.34819552302360535,2.7756978199944273e-08
2980,0.5476206541061401,0.5099526047706604,0.376680463552475,2.5176505749346936e-08
2981,0.5149366855621338,0.4794669449329376,0.35469764471054077,2.2721889402621545e-08
2982,0.5440844893455505,0.5066717863082886,0.37412703037261963,2.039313224985184e-08
2983,0.5227193236351013,0.48677799105644226,0.3594134449958801,1.8190237222648343e-08
2984,0.44669249653816223,0.41604849696159363,0.3064401149749756,1.6113207094181626e-08
2985,0.5553962588310242,0.5172545313835144,0.38141703605651855,1.4162044479182346e-08
2986,0.4668206572532654,0.43494147062301636,0.3187917172908783,1.2336751833941229e-08
2987,0.47998449206352234,0.4469766914844513,0.330078125,1.0637331456264666e-08
2988,0.494027704000473,0.4600185751914978,0.3400912582874298,9.063785485508014e-09
2989,0.48959624767303467,0.45518720149993896,0.3440904915332794,7.616115902586707e-09
2990,0.5493658781051636,0.5118116736412048,0.3755423426628113,6.294324529942941e-09
2991,0.5472843050956726,0.5088188052177429,0.38465484976768494,5.098413031534577e-09
2992,0.4953800439834595,0.4615517258644104,0.3382832705974579,4.028382912890649e-09
2993,0.4405881464481354,0.4104461669921875,0.30141976475715637,3.0842355210336515e-09
2994,0.49641692638397217,0.46211791038513184,0.34299030900001526,2.2659720445239452e-09
2995,0.4880238175392151,0.45420604944229126,0.3381775915622711,1.5735935134708613e-09
2996,0.49143368005752563,0.4572666585445404,0.3416702449321747,1.0071007994771898e-09
2997,0.5441727638244629,0.5067892074584961,0.37383580207824707,5.664946157168949e-10
2998,0.48224493861198425,0.44862741231918335,0.33617517352104187,2.5177551682409317e-10
2999,0.4909527897834778,0.45666858553886414,0.34284213185310364,6.294389901517761e-11
