step,loss,temporal,spectral,lr
0,0.7680699825286865,0.717244029045105,0.5082597136497498,1.0000000000000002e-06
1,0.7635226845741272,0.7134842276573181,0.5003844499588013,2.0000000000000003e-06
2,0.7558135390281677,0.7060169577598572,0.49796605110168457,3e-06
3,0.7562943696975708,0.707127034664154,0.4916735887527466,4.000000000000001e-06
4,0.7614566683769226,0.7109817266464233,0.5047491788864136,5e-06
5,0.7756675481796265,0.7240906357765198,0.515769362449646,6e-06
6,0.745722234249115,0.6959806680679321,0.497415691614151,7.000000000000001e-06
7,0.7296972274780273,0.6816216111183167,0.48075589537620544,8.000000000000001e-06
8,0.7512756586074829,0.7012800574302673,0.49995630979537964,9e-06
9,0.7142387628555298,0.6666250824928284,0.4761370122432709,1e-05
10,0.7283123731613159,0.6790043115615845,0.4930804967880249,1.1000000000000001e-05
11,0.7125025987625122,0.6646847128868103,0.4781789779663086,1.2e-05
12,0.743547797203064,0.6933109164237976,0.5023688077926636,1.3000000000000001e-05
13,0.670433759689331,0.6249674558639526,0.45466288924217224,1.4000000000000001e-05
14,0.7058343887329102,0.6574677228927612,0.48366639018058777,1.5e-05
15,0.6797463297843933,0.6324763894081116,0.4726993441581726,1.6000000000000003e-05
16,0.6861165165901184,0.6384603381156921,0.47656166553497314,1.7000000000000003e-05
17,0.6578945517539978,0.6114606261253357,0.4643390476703644,1.8e-05
18,0.6630202531814575,0.6168875694274902,0.4613269865512848,1.9e-05
19,0.6546905040740967,0.608928918838501,0.4576156735420227,2e-05
20,0.6579897999763489,0.6119793653488159,0.4601045846939087,2.1e-05
21,0.6592411398887634,0.6126108169555664,0.46630340814590454,2.2000000000000003e-05
22,0.632465124130249,0.5879449248313904,0.44520172476768494,2.3000000000000003e-05
23,0.6351940631866455,0.5895535349845886,0.45640549063682556,2.4e-05
24,0.628057062625885,0.5835159420967102,0.4454110264778137,2.5e-05
25,0.6628252863883972,0.6154010891914368,0.47424185276031494,2.6000000000000002e-05
26,0.6463228464126587,0.6001306176185608,0.4619219899177551,2.7000000000000002e-05
27,0.6277745366096497,0.5832197666168213,0.44554778933525085,2.8000000000000003e-05
28,0.6213892102241516,0.5768221020698547,0.4456712603569031,2.9e-05
29,0.6416574120521545,0.595513105392456,0.4614432454109192,3e-05
30,0.6088457107543945,0.5654400587081909,0.4340566396713257,3.1e-05
31,0.6186541318893433,0.5752019286155701,0.4345218539237976,3.2000000000000005e-05
32,0.6239358186721802,0.580102801322937,0.4383302330970764,3.3e-05
33,0.6139251589775085,0.5700622200965881,0.4386295974254608,3.4000000000000007e-05
34,0.6141088008880615,0.5704748034477234,0.43633976578712463,3.5e-05
35,0.6235319972038269,0.5791239738464355,0.4440803825855255,3.6e-05
36,0.602342963218689,0.5601157546043396,0.4222721755504608,3.7e-05
37,0.6226041316986084,0.5784897208213806,0.44114410877227783,3.8e-05
38,0.6156218647956848,0.5715246796607971,0.44097208976745605,3.9000000000000006e-05
39,0.6068783402442932,0.5632079839706421,0.43670374155044556,4e-05
40,0.5705264210700989,0.5295358300209045,0.4099058210849762,4.1e-05
41,0.5908058285713196,0.5492347478866577,0.4157109260559082,4.2e-05
42,0.5733748078346252,0.5328791737556458,0.40495625138282776,4.3e-05
43,0.6026132702827454,0.5598408579826355,0.4277241826057434,4.4000000000000006e-05
44,0.5726742744445801,0.5322249531745911,0.4044932425022125,4.5e-05
45,0.5980538725852966,0.5557251572608948,0.42328715324401855,4.600000000000001e-05
46,0.5702667832374573,0.5284834504127502,0.417833149433136,4.7e-05
47,0.5690675377845764,0.5278267860412598,0.4124077260494232,4.8e-05
48,0.5452982187271118,0.506053626537323,0.3924460709095001,4.9e-05
49,0.5793182849884033,0.5368090867996216,0.42509201169013977,5e-05
50,0.5289757251739502,0.4907364249229431,0.3823930025100708,5.1000000000000006e-05
51,0.5337452292442322,0.49545156955718994,0.38293683528900146,5.2000000000000004e-05
52,0.5394230484962463,0.5003760457038879,0.39047011733055115,5.300000000000001e-05
53,0.5573574304580688,0.517597496509552,0.3975990414619446,5.4000000000000005e-05
54,0.5383201241493225,0.49952366948127747,0.38796472549438477,5.500000000000001e-05
55,0.5337498188018799,0.4949404299259186,0.3880937993526459,5.6000000000000006e-05
56,0.5503431558609009,0.5107609629631042,0.3958219289779663,5.6999999999999996e-05
57,0.5318369269371033,0.49383899569511414,0.3799791932106018,5.8e-05
58,0.5660268664360046,0.5250416398048401,0.40985235571861267,5.9e-05
59,0.520729124546051,0.4831792414188385,0.37549859285354614,6e-05
60,0.5597571134567261,0.5199182629585266,0.398388534784317,6.1e-05
61,0.5450993180274963,0.5063065886497498,0.38792720437049866,6.2e-05
62,0.5481655597686768,0.5092841982841492,0.38881343603134155,6.3e-05
63,0.5258322954177856,0.4885517954826355,0.3728049695491791,6.400000000000001e-05
64,0.5281120538711548,0.4898151159286499,0.3829691708087921,6.500000000000001e-05
65,0.5140395164489746,0.47682496905326843,0.3721455931663513,6.6e-05
66,0.5068874955177307,0.4702403247356415,0.366471529006958,6.7e-05
67,0.5152028799057007,0.4785250127315521,0.36677879095077515,6.800000000000001e-05
68,0.5592457056045532,0.5198972225189209,0.39348462224006653,6.9e-05
69,0.5675346851348877,0.5267782807350159,0.40756428241729736,7e-05
70,0.5451166033744812,0.5068398118019104,0.3827679455280304,7.1e-05
71,0.5136699080467224,0.47690045833587646,0.36769431829452515,7.2e-05
72,0.5243673324584961,0.4869855046272278,0.37381845712661743,7.3e-05
73,0.5289368033409119,0.4918004274368286,0.3713636100292206,7.4e-05
74,0.5405289530754089,0.5030280351638794,0.37500903010368347,7.500000000000001e-05
75,0.5046472549438477,0.4684731066226959,0.36174121499061584,7.6e-05
76,0.5102899670600891,0.4739413559436798,0.36348605155944824,7.7e-05
77,0.5004910230636597,0.4648897647857666,0.3560125529766083,7.800000000000001e-05
78,0.5081520080566406,0.4720151126384735,0.361369252204895,7.900000000000001e-05
79,0.5280224680900574,0.48977234959602356,0.3825012445449829,8e-05
80,0.5241958498954773,0.4868278205394745,0.37368056178092957,8.1e-05
81,0.5287368297576904,0.49148160219192505,0.37255197763442993,8.2e-05
82,0.5298776626586914,0.4923064708709717,0.3757118284702301,8.3e-05
83,0.5306657552719116,0.4927977919578552,0.378679484128952,8.4e-05
84,0.5321608185768127,0.49447745084762573,0.37683385610580444,8.5e-05
85,0.5136458873748779,0.47658446431159973,0.37061434984207153,8.6e-05
86,0.5262607932090759,0.4884357452392578,0.37825044989585876,8.7e-05
87,0.5345733761787415,0.49684396386146545,0.37729403376579285,8.800000000000001e-05
88,0.5488119721412659,0.5092657208442688,0.39546269178390503,8.900000000000001e-05
89,0.5098653435707092,0.4738426208496094,0.36022698879241943,9e-05
90,0.5247693657875061,0.4867241084575653,0.38045230507850647,9.1e-05
91,0.5268777012825012,0.48917099833488464,0.37706711888313293,9.200000000000001e-05
92,0.4996999204158783,0.46374088525772095,0.35959023237228394,9.300000000000001e-05
93,0.5073932409286499,0.4714606702327728,0.35932570695877075,9.4e-05
94,0.5256721377372742,0.4883858561515808,0.37286266684532166,9.5e-05
95,0.491618275642395,0.4561798870563507,0.35438400506973267,9.6e-05
96,0.5260871052742004,0.4884773790836334,0.37609705328941345,9.7e-05
97,0.5255499482154846,0.4880295991897583,0.37520352005958557,9.8e-05
98,0.5405939221382141,0.5022013187408447,0.3839261531829834,9.900000000000001e-05
99,0.5098949670791626,0.4731849133968353,0.36710065603256226,0.0001
100,0.5126045942306519,0.4758734703063965,0.3673114776611328,0.000101
101,0.4862160384654999,0.4514400362968445,0.34776008129119873,0.00010200000000000001
102,0.4886341392993927,0.45366528630256653,0.34968850016593933,0.00010300000000000001
103,0.5404947996139526,0.5022217035293579,0.3827310800552368,0.00010400000000000001
104,0.5071495771408081,0.4710055887699127,0.3614397346973419,0.000105
105,0.5182138085365295,0.48166537284851074,0.3654846251010895,0.00010600000000000002
106,0.518420398235321,0.4814201891422272,0.3700021505355835,0.00010700000000000001
107,0.5146217346191406,0.47820693254470825,0.36414802074432373,0.00010800000000000001
108,0.5239928960800171,0.48684796690940857,0.3714490532875061,0.000109
109,0.49608615040779114,0.4606226682662964,0.3546348810195923,0.00011000000000000002
110,0.49008622765541077,0.4550257623195648,0.35060474276542664,0.00011100000000000001
111,0.4947790801525116,0.45905786752700806,0.35721221566200256,0.00011200000000000001
112,0.5051473379135132,0.46863245964050293,0.3651485741138458,0.000113
113,0.5022603273391724,0.4665995240211487,0.35660797357559204,0.00011399999999999999
114,0.5083606243133545,0.4719070792198181,0.3645356595516205,0.00011499999999999999
115,0.5133458375930786,0.4765307903289795,0.3681502342224121,0.000116
116,0.49569717049598694,0.4598746597766876,0.35822513699531555,0.000117
117,0.504453718662262,0.46845072507858276,0.3600301146507263,0.000118
118,0.4874829053878784,0.45209774374961853,0.3538514971733093,0.000119
119,0.5183301568031311,0.48162221908569336,0.36707910895347595,0.00012
120,0.5095354914665222,0.4732896387577057,0.36245864629745483,0.000121
121,0.5103928446769714,0.47364211082458496,0.3675073981285095,0.000122
122,0.5115318894386292,0.4753587245941162,0.36173176765441895,0.000123
123,0.4738852083683014,0.44061392545700073,0.33271294832229614,0.000124
124,0.5118356347084045,0.47571155428886414,0.3612406551837921,0.000125
125,0.4815473258495331,0.4472355544567108,0.34311768412590027,0.000126
126,0.5136831402778625,0.47702616453170776,0.36656948924064636,0.000127
127,0.4880766272544861,0.4536975920200348,0.3437905013561249,0.00012800000000000002
128,0.49545541405677795,0.46044400334358215,0.35011401772499084,0.00012900000000000002
129,0.49941107630729675,0.4639037549495697,0.3550732135772705,0.00013000000000000002
130,0.5060604214668274,0.47041162848472595,0.35648801922798157,0.000131
131,0.5209031701087952,0.48337721824645996,0.3752594292163849,0.000132
132,0.5162158608436584,0.4795031249523163,0.3671271800994873,0.000133
133,0.49831798672676086,0.4628915786743164,0.35426416993141174,0.000134
134,0.4647122919559479,0.43221086263656616,0.3250143826007843,0.00013500000000000003
135,0.48065268993377686,0.44684621691703796,0.33806464076042175,0.00013600000000000003
136,0.5090577006340027,0.4730580747127533,0.3599962592124939,0.00013700000000000002
137,0.5012365579605103,0.4661722481250763,0.35064300894737244,0.000138
138,0.498323917388916,0.4623030722141266,0.36020857095718384,0.000139
139,0.5302204489707947,0.4929714798927307,0.3724898099899292,0.00014
140,0.49808964133262634,0.4615660309791565,0.3652361333370209,0.000141
141,0.5075063705444336,0.4709995985031128,0.36506783962249756,0.000142
142,0.48823919892311096,0.4534047842025757,0.3483440577983856,0.000143
143,0.4867008924484253,0.45235830545425415,0.3434258997440338,0.000144
144,0.4879274368286133,0.45265305042266846,0.3527440130710602,0.000145
145,0.4762619435787201,0.4426470994949341,0.33614856004714966,0.000146
146,0.5112415552139282,0.47474196553230286,0.3649957776069641,0.000147
147,0.48825863003730774,0.453274130821228,0.3498449921607971,0.000148
148,0.5217159986495972,0.48435813188552856,0.37357860803604126,0.00014900000000000002
149,0.500523567199707,0.46560537815093994,0.3491820991039276,0.00015000000000000001
150,0.4970559775829315,0.46122023463249207,0.3583574891090393,0.000151
151,0.4926323890686035,0.45764148235321045,0.3499089479446411,0.000152
152,0.4830092787742615,0.4486563503742218,0.34352922439575195,0.000153
153,0.48440009355545044,0.4493868350982666,0.3501325249671936,0.000154
154,0.48672956228256226,0.4523158073425293,0.34413766860961914,0.000155
155,0.5068672895431519,0.47052228450775146,0.3634501099586487,0.00015600000000000002
156,0.5007176995277405,0.46499574184417725,0.35721930861473083,0.00015700000000000002
157,0.5061910152435303,0.47062644362449646,0.3556458353996277,0.00015800000000000002
158,0.4941953718662262,0.4586292505264282,0.3556613028049469,0.00015900000000000002
159,0.49951276183128357,0.46385428309440613,0.3565848469734192,0.00016
160,0.5052939057350159,0.46905019879341125,0.36243706941604614,0.000161
161,0.47788265347480774,0.44385260343551636,0.34030038118362427,0.000162
162,0.4968107044696808,0.4615282118320465,0.3528248369693756,0.000163
163,0.4818812310695648,0.4473380446434021,0.3454318344593048,0.000164
164,0.4952824115753174,0.4600696563720703,0.3521275520324707,0.000165
165,0.4989987909793854,0.4637013375759125,0.3529745936393738,0.000166
166,0.5137168765068054,0.4769301414489746,0.3678675889968872,0.000167
167,0.48304373025894165,0.4488546848297119,0.341890424489975,0.000168
168,0.488637775182724,0.45387759804725647,0.34760168194770813,0.00016900000000000002
169,0.48300933837890625,0.44861525297164917,0.34394073486328125,0.00017
170,0.4931994080543518,0.4576026201248169,0.3559677302837372,0.000171
171,0.5090566277503967,0.47282230854034424,0.36234304308891296,0.000172
172,0.47880494594573975,0.44458937644958496,0.3421556353569031,0.000173
173,0.4926750063896179,0.45778077840805054,0.34894227981567383,0.000174
174,0.49095842242240906,0.4562642574310303,0.346941739320755,0.000175
175,0.47873592376708984,0.44394633173942566,0.34789589047431946,0.00017600000000000002
176,0.48125842213630676,0.4466630816459656,0.3459535241127014,0.00017700000000000002
177,0.47689786553382874,0.44193390011787415,0.34963974356651306,0.00017800000000000002
178,0.46629732847213745,0.4329271912574768,0.3337012231349945,0.00017900000000000001
179,0.47500118613243103,0.44033119082450867,0.34669989347457886,0.00018
180,0.46388760209083557,0.43055135011672974,0.3333624005317688,0.000181
181,0.4916876256465912,0.4570559561252594,0.34631672501564026,0.000182
182,0.4710381031036377,0.437062531709671,0.33975571393966675,0.000183
183,0.4869622588157654,0.4521130621433258,0.34849193692207336,0.00018400000000000003
184,0.4832671880722046,0.4492373764514923,0.34029826521873474,0.00018500000000000002
185,0.48668166995048523,0.45215559005737305,0.345260888338089,0.00018600000000000002
186,0.5127724409103394,0.4767865538597107,0.35985860228538513,0.00018700000000000002
187,0.44499531388282776,0.4128749370574951,0.32120373845100403,0.000188
188,0.4758397936820984,0.44154712557792664,0.3429267704486847,0.00018899999999999999
189,0.4578450620174408,0.42481666803359985,0.3302839994430542,0.00019
190,0.4644293189048767,0.43072718381881714,0.33702123165130615,0.000191
191,0.4537849426269531,0.4210833013057709,0.32701629400253296,0.000192
192,0.4678455591201782,0.4339258372783661,0.3391973078250885,0.000193
193,0.45550262928009033,0.4222545921802521,0.3324805200099945,0.000194
194,0.45559340715408325,0.42195501923561096,0.3363839089870453,0.000195
195,0.4632401764392853,0.42998024821281433,0.3325992226600647,0.000196
196,0.4396257996559143,0.40795305371284485,0.31672754883766174,0.00019700000000000002
197,0.44379279017448425,0.4122956395149231,0.3149714469909668,0.00019800000000000002
198,0.5016199946403503,0.4655470550060272,0.3607291281223297,0.000199
199,0.48478272557258606,0.45016270875930786,0.34620022773742676,0.0002
200,0.49924513697624207,0.4638857841491699,0.353593647480011,0.0002
201,0.46674078702926636,0.4331291615962982,0.33611613512039185,0.00019999993705610097
202,0.46905168890953064,0.4351668655872345,0.33884820342063904,0.00019999974822448318
203,0.49237143993377686,0.4571280777454376,0.3524337112903595,0.0001999994335053843
204,0.4657643437385559,0.43254202604293823,0.3322230279445648,0.00019999899289920055
205,0.4367431104183197,0.404649019241333,0.3209408223628998,0.00019999842640648654
206,0.45945030450820923,0.4268636405467987,0.3258664906024933,0.00019999773402795549
207,0.4690603017807007,0.43533387780189514,0.33726418018341064,0.00019999691576447898
208,0.4358399212360382,0.40364181995391846,0.32198089361190796,0.00019999597161708712
209,0.451362282037735,0.418881893157959,0.3248038589954376,0.00019999490158696846
210,0.45601287484169006,0.4238698184490204,0.32143068313598633,0.00019999370567547008
211,0.4343213140964508,0.4028773009777069,0.31444013118743896,0.00019999238388409744
212,0.44894614815711975,0.415731281042099,0.33214855194091797,0.0001999909362145145
213,0.44219720363616943,0.4106065332889557,0.315906822681427,0.00019998936266854377
214,0.4609377384185791,0.428392618894577,0.3254511058330536,0.00019998766324816607
215,0.46392348408699036,0.4304128885269165,0.3351060748100281,0.00019998583795552083
216,0.4600996673107147,0.42657384276390076,0.3352583646774292,0.00019998388679290583
217,0.46439647674560547,0.4312768876552582,0.3311959207057953,0.00019998180976277735
218,0.460077702999115,0.42708539962768555,0.3299228847026825,0.00019997960686775015
219,0.45776283740997314,0.4244019091129303,0.3336091637611389,0.00019997727811059738
220,0.47145402431488037,0.43816888332366943,0.3328515589237213,0.00019997482349425066
221,0.4486857056617737,0.41705024242401123,0.31635457277297974,0.00019997224302180006
222,0.45834583044052124,0.42585083842277527,0.32494983077049255,0.0001999695366964941
223,0.4757120609283447,0.4417141079902649,0.3399795591831207,0.00019996670452173966
224,0.46127450466156006,0.4281073808670044,0.33167117834091187,0.0001999637465011021
225,0.4472636282444,0.4153363108634949,0.31927311420440674,0.00019996066263830531
226,0.45676741003990173,0.42409783601760864,0.3266957402229309,0.00019995745293723138
227,0.452638179063797,0.4201628267765045,0.32475346326828003,0.000199954117401921
228,0.48123085498809814,0.4464866816997528,0.34744176268577576,0.00019995065603657316
229,0.4568536579608917,0.4239453077316284,0.3290834426879883,0.00019994706884554533
230,0.4586485028266907,0.42565417289733887,0.32994332909584045,0.00019994335583335335
231,0.4717598557472229,0.437500923871994,0.3425893783569336,0.00019993951700467139
232,0.44457870721817017,0.4129215478897095,0.31657150387763977,0.00019993555236433213
233,0.4419836699962616,0.40958482027053833,0.3239884078502655,0.00019993146191732658
234,0.4271204471588135,0.39677247405052185,0.3034796714782715,0.00019992724566880404
235,0.4324193000793457,0.40131881833076477,0.31100472807884216,0.0001999229036240723
236,0.44147366285324097,0.4097050428390503,0.31768617033958435,0.00019991843578859747
237,0.44162654876708984,0.41028520464897156,0.31341350078582764,0.00019991384216800398
238,0.437984436750412,0.40634873509407043,0.3163570463657379,0.00019990912276807466
239,0.43848392367362976,0.4075065851211548,0.309773325920105,0.00019990427759475067
240,0.4272315502166748,0.3967784345149994,0.3045312166213989,0.00019989930665413147
241,0.46495988965034485,0.4317760169506073,0.3318386971950531,0.0001998942099524749
242,0.45293283462524414,0.4201202094554901,0.32812634110450745,0.00019988898749619702
243,0.4587344527244568,0.4259044826030731,0.3282998204231262,0.0001998836392918723
244,0.4234284460544586,0.39371904730796814,0.29709404706954956,0.00019987816534623352
245,0.4563092887401581,0.4236447811126709,0.3266449570655823,0.00019987256566617162
246,0.43641364574432373,0.40536555647850037,0.3104807734489441,0.00019986684025873598
247,0.4351434111595154,0.4047085642814636,0.30434852838516235,0.0001998609891311342
248,0.4200919270515442,0.3902762234210968,0.2981571853160858,0.0001998550122907321
249,0.43293848633766174,0.40190163254737854,0.31036844849586487,0.00019984890974505381
250,0.4394161105155945,0.40796002745628357,0.3145608603954315,0.00019984268150178167
251,0.4168803095817566,0.38734328746795654,0.29537034034729004,0.0001998363275687563
252,0.43447843194007874,0.40362781286239624,0.30850616097450256,0.0001998298479539765
253,0.4380374550819397,0.4066619277000427,0.3137553334236145,0.00019982324266559935
254,0.43892261385917664,0.4074689745903015,0.31453630328178406,0.00019981651171194006
255,0.4508284330368042,0.4191875457763672,0.31640884280204773,0.00019980965510147213
256,0.41986027359962463,0.39017242193222046,0.29687854647636414,0.00019980267284282717
257,0.44964146614074707,0.41793709993362427,0.317043662071228,0.000199795564944795
258,0.42864343523979187,0.39854711294174194,0.3009631931781769,0.00019978833141632354
259,0.42530199885368347,0.39498370885849,0.3031829595565796,0.00019978097226651902
260,0.4539370536804199,0.4219403564929962,0.3199668228626251,0.0001997734875046456
261,0.45316562056541443,0.4208839237689972,0.3228168487548828,0.0001997658771401258
262,0.4359287619590759,0.40474775433540344,0.3118100166320801,0.00019975814118254007
263,0.44279545545578003,0.4115924537181854,0.31202998757362366,0.00019975027964162702
264,0.44200369715690613,0.4106205701828003,0.31383126974105835,0.00019974229252728342
265,0.44994330406188965,0.41764405369758606,0.32299235463142395,0.00019973417984956403
266,0.45749422907829285,0.42501339316368103,0.3248084485530853,0.00019972594161868178
267,0.44267112016677856,0.41103482246398926,0.3163628876209259,0.00019971757784500752
268,0.43870267271995544,0.4072524607181549,0.31450212001800537,0.00019970908853907026
269,0.4235360026359558,0.39361581206321716,0.2992020547389984,0.00019970047371155704
270,0.407250314950943,0.37869805097579956,0.28552258014678955,0.0001996917333733128
271,0.44362643361091614,0.4120558202266693,0.31570619344711304,0.00019968286753534062
272,0.42391136288642883,0.39455875754356384,0.29352614283561707,0.00019967387620880146
273,0.46909675002098083,0.4359114468097687,0.33185306191444397,0.00019966475940501435
274,0.44215935468673706,0.4109906554222107,0.3116868734359741,0.0001996555171354562
275,0.418250173330307,0.3880980908870697,0.3015209138393402,0.00019964614941176195
276,0.43649452924728394,0.4052126705646515,0.3128186762332916,0.00019963665624572432
277,0.45605242252349854,0.42290031909942627,0.3315209746360779,0.00019962703764929413
278,0.44380995631217957,0.41191163659095764,0.318983256816864,0.00019961729363458003
279,0.43324461579322815,0.4021109640598297,0.311336487531662,0.00019960742421384846
280,0.4267914891242981,0.3969356119632721,0.29855889081954956,0.00019959742939952392
281,0.4461755156517029,0.41439175605773926,0.3178376257419586,0.00019958730920418858
282,0.40991899371147156,0.3809773921966553,0.28941601514816284,0.00019957706364058257
283,0.4287574589252472,0.3985077440738678,0.3024970293045044,0.00019956669272160383
284,0.46717989444732666,0.43414393067359924,0.33035966753959656,0.00019955619646030802
285,0.4297164976596832,0.3990539312362671,0.30662575364112854,0.00019954557486990868
286,0.4088931381702423,0.3801354765892029,0.28757667541503906,0.00019953482796377712
287,0.42641717195510864,0.39637696743011475,0.3004021942615509,0.00019952395575544233
288,0.4419699013233185,0.4107878804206848,0.31182020902633667,0.00019951295825859113
289,0.4187817871570587,0.3886599838733673,0.3012179136276245,0.00019950183548706805
290,0.43814989924430847,0.4073787033557892,0.30771204829216003,0.00019949058745487522
291,0.4717521667480469,0.4386608302593231,0.3309134244918823,0.00019947921417617267
292,0.4432382881641388,0.41238105297088623,0.3085724413394928,0.00019946771566527785
293,0.45920494198799133,0.4264744818210602,0.327304482460022,0.000199456091936666
294,0.43186846375465393,0.40151482820510864,0.3035363554954529,0.00019944434300497006
295,0.43628400564193726,0.40539297461509705,0.30891045928001404,0.00019943246888498041
296,0.4151032567024231,0.3854404389858246,0.2966282069683075,0.00019942046959164515
297,0.4366037845611572,0.40584930777549744,0.3075447678565979,0.00019940834514006994
298,0.4473908245563507,0.4156387746334076,0.3175206184387207,0.000199396095545518
299,0.4191444516181946,0.3891577124595642,0.2998673617839813,0.00019938372082341
300,0.4619714617729187,0.42924025654792786,0.32731199264526367,0.00019937122098932428
301,0.4393916130065918,0.4083884656429291,0.31003135442733765,0.00019935859605899655
302,0.43140408396720886,0.40105172991752625,0.303523451089859,0.00019934584604832013
303,0.4152200222015381,0.38622432947158813,0.2899569571018219,0.00019933297097334565
304,0.4258469343185425,0.39542123675346375,0.3042569160461426,0.00019931997085028132
305,0.43584951758384705,0.40510672330856323,0.30742791295051575,0.00019930684569549264
306,0.4314010739326477,0.400095134973526,0.31305938959121704,0.00019929359552550265
307,0.43950244784355164,0.4082893431186676,0.31213101744651794,0.00019928022035699166
308,0.4158172905445099,0.38628271222114563,0.29534581303596497,0.00019926672020679736
309,0.42841899394989014,0.3982107639312744,0.3020821511745453,0.00019925309509191482
310,0.431016743183136,0.400025337934494,0.30991408228874207,0.00019923934502949644
311,0.43333616852760315,0.40202438831329346,0.3131179213523865,0.00019922547003685176
312,0.4269953668117523,0.3965189754962921,0.3047638237476349,0.0001992114701314478
313,0.4151751697063446,0.3852313458919525,0.2994382381439209,0.00019919734533090867
314,0.4356801509857178,0.4048957824707031,0.3078436255455017,0.0001991830956530158
315,0.44277888536453247,0.4117041230201721,0.31074777245521545,0.00019916872111570784
316,0.43949922919273376,0.40863117575645447,0.30868053436279297,0.00019915422173708046
317,0.4028148949146271,0.37397584319114685,0.2883904278278351,0.00019913959753538674
318,0.4256035387516022,0.3952704668045044,0.30333083868026733,0.00019912484852903668
319,0.4315442740917206,0.4008930027484894,0.3065128028392792,0.0001991099747365975
320,0.4414852559566498,0.41019418835639954,0.3129107654094696,0.00019909497617679348
321,0.43534576892852783,0.4047710597515106,0.30574706196784973,0.000199079852868506
322,0.42772161960601807,0.3968348205089569,0.308867871761322,0.00019906460483077348
323,0.4465269446372986,0.41519975662231445,0.31327202916145325,0.0001990492320827913
324,0.446784645318985,0.41521990299224854,0.3156474828720093,0.00019903373464391186
325,0.4310793876647949,0.4009048044681549,0.3017458915710449,0.00019901811253364456
326,0.44679391384124756,0.41499772667884827,0.31796202063560486,0.00019900236577165576
327,0.43751779198646545,0.40677502751350403,0.3074275255203247,0.0001989864943777687
328,0.44358548521995544,0.4124305546283722,0.3115493953227997,0.0001989704983719635
329,0.41670721769332886,0.3871888220310211,0.2951838970184326,0.0001989543777743772
330,0.4266565144062042,0.3963472247123718,0.3030928671360016,0.00019893813260530368
331,0.4464297592639923,0.414644718170166,0.3178504407405853,0.0001989217628851936
332,0.4373076558113098,0.4062923789024353,0.31015288829803467,0.00019890526863465443
333,0.4424842894077301,0.41148024797439575,0.31004032492637634,0.0001988886498744505
334,0.4543672800064087,0.42187783122062683,0.32489439845085144,0.00019887190662550266
335,0.42044124007225037,0.3908558487892151,0.29585394263267517,0.00019885503890888876
336,0.4601253271102905,0.4277441203594208,0.32381197810173035,0.0001988380467458431
337,0.4324871897697449,0.40251216292381287,0.29975029826164246,0.00019882093015775678
338,0.42238521575927734,0.392684668302536,0.2970053255558014,0.0001988036891661775
339,0.4336932599544525,0.4035589098930359,0.30134350061416626,0.0001987863237928095
340,0.4309441149234772,0.4002261757850647,0.30717936158180237,0.00019876883405951377
341,0.40594395995140076,0.3773382306098938,0.2860572636127472,0.0001987512199883077
342,0.4088389575481415,0.37973400950431824,0.2910495102405548,0.00019873348160136524
343,0.4206012487411499,0.3907191753387451,0.29882073402404785,0.00019871561892101692
344,0.4259313642978668,0.39537373185157776,0.30557623505592346,0.00019869763196974957
345,0.44600194692611694,0.41490283608436584,0.310991108417511,0.00019867952077020666
346,0.44622400403022766,0.41494083404541016,0.31283167004585266,0.0001986612853451879
347,0.4140304625034332,0.38423454761505127,0.2979591190814972,0.00019864292571764955
348,0.44294458627700806,0.41157832741737366,0.31366270780563354,0.00019862444191070408
349,0.43902328610420227,0.4084608554840088,0.30562418699264526,0.0001986058339476204
350,0.433377742767334,0.4026308059692383,0.30746927857398987,0.0001985871018518236
351,0.4717210531234741,0.4384576082229614,0.33263444900512695,0.00019856824564689515
352,0.43298768997192383,0.4023682475090027,0.3061944842338562,0.00019854926535657267
353,0.424978643655777,0.39502596855163574,0.2995268404483795,0.00019853016100475007
354,0.44023221731185913,0.40944427251815796,0.30787959694862366,0.0001985109326154774
355,0.4375154674053192,0.40672463178634644,0.30790844559669495,0.00019849158021296081
356,0.44262275099754333,0.41136518120765686,0.31257563829421997,0.00019847210382156267
357,0.4340496361255646,0.4032387137413025,0.30810919404029846,0.00019845250346580136
358,0.41649138927459717,0.3872605264186859,0.2923087775707245,0.0001984327791703513
359,0.46719038486480713,0.43441155552864075,0.32778841257095337,0.00019841293096004302
360,0.4306113123893738,0.4001941382884979,0.3041718006134033,0.00019839295885986296
361,0.4160314202308655,0.3862590193748474,0.29772406816482544,0.00019837286289495361
362,0.42164307832717896,0.39162883162498474,0.3001423478126526,0.00019835264309061326
363,0.4290139675140381,0.3989010751247406,0.30112895369529724,0.00019833229947229623
364,0.41816115379333496,0.3885873258113861,0.2957382798194885,0.00019831183206561262
365,0.42930376529693604,0.3996458649635315,0.29657888412475586,0.00019829124089632845
366,0.4184388816356659,0.3893347680568695,0.29104116559028625,0.00019827052599036545
367,0.45003971457481384,0.41868358850479126,0.31356126070022583,0.00019824968737380117
368,0.4624735713005066,0.4298079311847687,0.32665637135505676,0.0001982287250728689
369,0.45524266362190247,0.4232891798019409,0.3195347785949707,0.00019820763911395758
370,0.44767796993255615,0.4165247678756714,0.31153205037117004,0.00019818642952361187
371,0.44130831956863403,0.4099287688732147,0.3137955963611603,0.00019816509632853208
372,0.44125819206237793,0.4094957113265991,0.31762489676475525,0.00019814363955557404
373,0.418413370847702,0.38915956020355225,0.2925381660461426,0.0001981220592317493
374,0.41330820322036743,0.3845122754573822,0.28795939683914185,0.0001981003553842248
375,0.4192366898059845,0.38984692096710205,0.29389774799346924,0.00019807852804032305
376,0.4250871241092682,0.39520010352134705,0.29887011647224426,0.00019805657722752202
377,0.4116417467594147,0.3834700882434845,0.2817167043685913,0.00019803450297345508
378,0.4318194091320038,0.4014657735824585,0.30353641510009766,0.00019801230530591105
379,0.42980334162712097,0.3996800482273102,0.30123305320739746,0.00019798998425283403
380,0.446242094039917,0.4144972860813141,0.3174480199813843,0.00019796753984232358
381,0.41255447268486023,0.3833297789096832,0.29224681854248047,0.00019794497210263442
382,0.4658969044685364,0.4328465461730957,0.3305037021636963,0.00019792228106217658
383,0.41465386748313904,0.3854045271873474,0.29249346256256104,0.00019789946674951536
384,0.4115956425666809,0.38229164481163025,0.29304009675979614,0.00019787652919337116
385,0.46231868863105774,0.4297269582748413,0.3259172737598419,0.00019785346842261957
386,0.42343369126319885,0.3936002850532532,0.298334002494812,0.00019783028446629123
387,0.44997599720954895,0.41767072677612305,0.3230525851249695,0.00019780697735357204
388,0.4336724579334259,0.40326377749443054,0.3040867745876312,0.0001977835471138027
389,0.43232929706573486,0.4016772508621216,0.3065205216407776,0.0001977599937764791
390,0.4297756254673004,0.3996332883834839,0.3014232814311981,0.00019773631737125192
391,0.425467312335968,0.39506179094314575,0.3040551245212555,0.00019771251792792698
392,0.4255300760269165,0.39568230509757996,0.29847782850265503,0.00019768859547646478
393,0.46954628825187683,0.43625330924987793,0.3329298496246338,0.00019766455004698082
394,0.42297130823135376,0.39308980107307434,0.29881495237350464,0.00019764038166974535
395,0.4191567003726959,0.3898313641548157,0.2932533323764801,0.0001976160903751834
396,0.43925973773002625,0.40848031640052795,0.30779415369033813,0.00019759167619387476
397,0.4289281666278839,0.3987520635128021,0.3017609417438507,0.0001975671391565539
398,0.42178472876548767,0.3920016586780548,0.29783082008361816,0.00019754247929410995
399,0.3984327018260956,0.3702983260154724,0.28134387731552124,0.00019751769663758665
400,0.42846202850341797,0.3985276520252228,0.29934385418891907,0.00019749279121818235
401,0.41859742999076843,0.3892352879047394,0.29362139105796814,0.00019746776306724998
402,0.42926493287086487,0.3990124762058258,0.3025246858596802,0.0001974426122162969
403,0.4248460829257965,0.3945184350013733,0.3032764494419098,0.00019741733869698495
404,0.4375385642051697,0.40717658400535583,0.30361995100975037,0.0001973919425411304
405,0.41854143142700195,0.38918793201446533,0.29353514313697815,0.00019736642378070392
406,0.4023025929927826,0.37414273619651794,0.28159865736961365,0.00019734078244783054
407,0.43046367168426514,0.4003688097000122,0.3009485900402069,0.00019731501857478954
408,0.4075964093208313,0.37850430607795715,0.290921151638031,0.0001972891321940145
409,0.41653183102607727,0.38717761635780334,0.29354214668273926,0.00019726312333809322
410,0.4290449619293213,0.398701936006546,0.3034301698207855,0.00019723699203976766
411,0.4246506989002228,0.3944637179374695,0.3018697500228882,0.00019721073833193397
412,0.4023914635181427,0.3742634654045105,0.2812800109386444,0.00019718436224764233
413,0.42054009437561035,0.39052101969718933,0.30019068717956543,0.00019715786382009705
414,0.4187471568584442,0.38969114422798157,0.2905600070953369,0.00019713124308265635
415,0.41811084747314453,0.38834962248802185,0.29761219024658203,0.00019710450006883256
416,0.41725122928619385,0.3873501420021057,0.2990107536315918,0.00019707763481229183
417,0.42712152004241943,0.3975389897823334,0.295825332403183,0.00019705064734685425
418,0.4121788442134857,0.383699893951416,0.2847896218299866,0.00019702353770649378
419,0.4357556104660034,0.4054238200187683,0.30331796407699585,0.00019699630592533808
420,0.42622366547584534,0.3961974084377289,0.30026260018348694,0.0001969689520376687
421,0.41391775012016296,0.3849910795688629,0.2892666459083557,0.00019694147607792083
422,0.4264335632324219,0.3963247835636139,0.3010878264904022,0.0001969138780806833
423,0.42399802803993225,0.39466145634651184,0.2933657467365265,0.00019688615808069872
424,0.4303587079048157,0.40048184990882874,0.29876869916915894,0.0001968583161128631
425,0.4041541516780853,0.37657132744789124,0.2758282721042633,0.00019683035221222618
426,0.4411395192146301,0.4103238880634308,0.30815643072128296,0.00019680226641399096
427,0.4276576340198517,0.39660269021987915,0.3105493485927582,0.00019677405875351414
428,0.4517172574996948,0.42034912109375,0.31368139386177063,0.00019674572926630567
429,0.41606801748275757,0.3870380222797394,0.29029983282089233,0.00019671727798802895
430,0.42163971066474915,0.39245882630348206,0.29180872440338135,0.00019668870495450066
431,0.41613516211509705,0.3870519697666168,0.2908318340778351,0.00019666001020169073
432,0.4399060308933258,0.4091930389404297,0.30712994933128357,0.00019663119376572242
433,0.4144967198371887,0.3856895864009857,0.2880711853504181,0.00019660225568287202
434,0.42619597911834717,0.3964042365550995,0.2979173958301544,0.00019657319598956913
435,0.42532771825790405,0.3960064649581909,0.29321250319480896,0.0001965440147223963
436,0.41323786973953247,0.3845355212688446,0.28702351450920105,0.00019651471191808924
437,0.4317917227745056,0.40210282802581787,0.29688897728919983,0.00019648528761353652
438,0.4098769426345825,0.38107919692993164,0.2879773676395416,0.00019645574184577982
439,0.4242973327636719,0.39422282576560974,0.3007451891899109,0.00019642607465201364
440,0.4156874120235443,0.387300580739975,0.2838681936264038,0.00019639628606958533
441,0.3995966911315918,0.37141329050064087,0.2818339169025421,0.0001963663761359951
442,0.4525803327560425,0.4210652709007263,0.315150648355484,0.00019633634488889595
443,0.4628891944885254,0.4307950735092163,0.32094115018844604,0.0001963061923660935
444,0.4359390139579773,0.4051561653614044,0.30782845616340637,0.0001962759186055461
445,0.4290051758289337,0.3990499973297119,0.29955190420150757,0.00019624552364536473
446,0.4488072395324707,0.4166922867298126,0.32114937901496887,0.00019621500752381294
447,0.42295289039611816,0.39311760663986206,0.29835274815559387,0.00019618437027930683
448,0.4252104163169861,0.3946808874607086,0.3052951693534851,0.00019615361195041492
449,0.42787179350852966,0.39786314964294434,0.30008643865585327,0.00019612273257585815
450,0.4347499907016754,0.40423133969306946,0.3051864802837372,0.00019609173219450998
451,0.4479788839817047,0.41702502965927124,0.3095385730266571,0.000196060610845396
452,0.4046688377857208,0.37604260444641113,0.28626230359077454,0.0001960293685676943
453,0.40466585755348206,0.3764815330505371,0.2818431258201599,0.00019599800540073505
454,0.43305835127830505,0.4037284255027771,0.29329919815063477,0.00019596652138400064
455,0.41525745391845703,0.3861125409603119,0.2914491891860962,0.0001959349165571256
456,0.4150567948818207,0.38521134853363037,0.2984544336795807,0.0001959031909598966
457,0.4257888197898865,0.39576074481010437,0.3002808690071106,0.0001958713446322522
458,0.41271498799324036,0.3839624524116516,0.2875252664089203,0.00019583937761428314
459,0.41474777460098267,0.38613319396972656,0.2861458361148834,0.00019580728994623195
460,0.4004344046115875,0.3726643919944763,0.2777000069618225,0.00019577508166849304
461,0.42508265376091003,0.395626038312912,0.29456627368927,0.00019574275282161283
462,0.42210903763771057,0.39274096488952637,0.29368069767951965,0.00019571030344628926
463,0.41745513677597046,0.38832125067710876,0.2913389801979065,0.00019567773358337222
464,0.41033735871315,0.3816208839416504,0.2871648669242859,0.00019564504327386316
465,0.4557987451553345,0.4238062798976898,0.3199245035648346,0.0001956122325589152
466,0.42767852544784546,0.3975220322608948,0.3015650808811188,0.00019557930147983302
467,0.4109981060028076,0.38247501850128174,0.28523075580596924,0.00019554625007807283
468,0.4056718051433563,0.3773823082447052,0.28289490938186646,0.0001955130783952423
469,0.416777640581131,0.38760390877723694,0.2917371988296509,0.00019547978647310057
470,0.41875097155570984,0.3887701630592346,0.29980796575546265,0.00019544637435355808
471,0.44322118163108826,0.4119701385498047,0.31251031160354614,0.00019541284207867662
472,0.4213464856147766,0.3913409113883972,0.3000558614730835,0.0001953791896906692
473,0.4112648367881775,0.38265734910964966,0.28607478737831116,0.0001953454172319001
474,0.4413060247898102,0.41099104285240173,0.30314987897872925,0.00019531152474488477
475,0.4151228070259094,0.3855297267436981,0.2959308624267578,0.00019527751227228963
476,0.414213091135025,0.384879469871521,0.2933361828327179,0.0001952433798569323
477,0.40367329120635986,0.37556758522987366,0.2810569107532501,0.00019520912754178123
478,0.4264739453792572,0.3969813883304596,0.2949254810810089,0.00019517475536995604
479,0.4300742447376251,0.4003157615661621,0.29758477210998535,0.000195140263384727
480,0.42032912373542786,0.39068639278411865,0.2964273989200592,0.00019510565162951537
481,0.4222806692123413,0.3928861916065216,0.2939448654651642,0.0001950709201478931
482,0.4289800822734833,0.3987395465373993,0.3024054169654846,0.00019503606898358284
483,0.42613956332206726,0.39645323157310486,0.2968633472919464,0.00019500109818045805
484,0.4159359335899353,0.3872581720352173,0.28677764534950256,0.00019496600778254263
485,0.42188259959220886,0.3922102153301239,0.29672372341156006,0.00019493079783401113
486,0.4289110600948334,0.399230420589447,0.29680633544921875,0.0001948954683791886
487,0.45431363582611084,0.42307528853416443,0.3123834431171417,0.00019486001946255046
488,0.43242859840393066,0.40286362171173096,0.29564961791038513,0.00019482445112872264
489,0.4186612665653229,0.38864293694496155,0.30018338561058044,0.00019478876342248128
490,0.4456372857093811,0.4146113991737366,0.31025877594947815,0.0001947529563887529
491,0.41513878107070923,0.38604307174682617,0.2909570336341858,0.00019471703007261412
492,0.4274989366531372,0.3972637951374054,0.30235135555267334,0.00019468098451929183
493,0.42555293440818787,0.39610040187835693,0.2945253849029541,0.00019464481977416297
494,0.45123490691185,0.41949012875556946,0.3174477517604828,0.00019460853588275454
495,0.4267048239707947,0.39680856466293335,0.2989625632762909,0.00019457213289074355
496,0.4293392300605774,0.3994196057319641,0.29919612407684326,0.00019453561084395687
497,0.4350073039531708,0.40459734201431274,0.30409950017929077,0.00019449896978837141
498,0.4251459836959839,0.39549946784973145,0.29646509885787964,0.0001944622097701137
499,0.40959784388542175,0.3814065456390381,0.2819131016731262,0.00019442533083546012
500,0.41882839798927307,0.3893381357192993,0.29490265250205994,0.00019438833303083678
501,0.41050440073013306,0.38191694021224976,0.2858745753765106,0.00019435121640281938
502,0.39707067608833313,0.3695511817932129,0.2751949727535248,0.00019431398099813323
503,0.4135047197341919,0.38462504744529724,0.2887968122959137,0.00019427662686365314
504,0.4194837808609009,0.39065027236938477,0.28833505511283875,0.0001942391540464035
505,0.42675796151161194,0.397154301404953,0.2960366904735565,0.00019420156259355791
506,0.4200699031352997,0.3904649019241333,0.2960500419139862,0.00019416385255243944
507,0.44242584705352783,0.411724716424942,0.3070113956928253,0.00019412602397052048
508,0.42301246523857117,0.39308398962020874,0.2992846965789795,0.00019408807689542257
509,0.40688973665237427,0.3789198100566864,0.2796991467475891,0.00019405001137491642
510,0.4162246882915497,0.38685837388038635,0.2936631441116333,0.0001940118274569219
511,0.4173263907432556,0.3881751000881195,0.2915129065513611,0.00019397352518950794
512,0.4179888665676117,0.38833558559417725,0.2965327799320221,0.00019393510462089236
513,0.4307742416858673,0.4009423553943634,0.2983188033103943,0.000193896565799442
514,0.43631380796432495,0.4056408405303955,0.30672982335090637,0.00019385790877367255
515,0.4166499078273773,0.38795360922813416,0.2869630455970764,0.00019381913359224842
516,0.4324856102466583,0.40137553215026855,0.31110072135925293,0.0001937802403039829
517,0.4095410108566284,0.3799952566623688,0.2954576015472412,0.0001937412289578379
518,0.4248891770839691,0.39546364545822144,0.29425540566444397,0.00019370209960292386
519,0.4037765860557556,0.37533482909202576,0.28441745042800903,0.00019366285228849996
520,0.4441703259944916,0.41332700848579407,0.3084331452846527,0.00019362348706397373
521,0.4207395017147064,0.39099785685539246,0.29741647839546204,0.0001935840039789012
522,0.3894416391849518,0.36146342754364014,0.27978217601776123,0.00019354440308298672
523,0.42115432024002075,0.3922713100910187,0.2888301908969879,0.00019350468442608305
524,0.4341282844543457,0.40423303842544556,0.2989523708820343,0.0001934648480581911
525,0.4161365032196045,0.3866308629512787,0.2950562834739685,0.00019342489402945998
526,0.39689895510673523,0.3689163625240326,0.27982595562934875,0.000193384822390187
527,0.44479039311408997,0.41390514373779297,0.30885255336761475,0.00019334463319081735
528,0.42094531655311584,0.3921162784099579,0.28829044103622437,0.00019330432648194444
529,0.45186740159988403,0.4203662872314453,0.31501108407974243,0.00019326390231430942
530,0.39670416712760925,0.3695639967918396,0.2714017927646637,0.00019322336073880142
531,0.45157867670059204,0.4192024767398834,0.32376205921173096,0.00019318270180645737
532,0.40308788418769836,0.3751022517681122,0.27985623478889465,0.00019314192556846185
533,0.4354572892189026,0.40526777505874634,0.3018950819969177,0.00019310103207614718
534,0.41110730171203613,0.3830867409706116,0.28020554780960083,0.00019306002138099327
535,0.4619884788990021,0.4297625422477722,0.3222593665122986,0.00019301889353462762
536,0.440936416387558,0.4102047383785248,0.30731678009033203,0.00019297764858882514
537,0.4138264060020447,0.3852989673614502,0.2852743864059448,0.0001929362865955082
538,0.4157966375350952,0.3865937292575836,0.2920290231704712,0.0001928948076067465
539,0.40823712944984436,0.37973058223724365,0.28506550192832947,0.00019285321167475698
540,0.4374006986618042,0.40701350569725037,0.30387187004089355,0.0001928114988519039
541,0.4521782100200653,0.4208824336528778,0.312957763671875,0.00019276966919069862
542,0.39922863245010376,0.3718372583389282,0.27391359210014343,0.0001927277227437995
543,0.3994462490081787,0.37146732211112976,0.27978935837745667,0.00019268565956401208
544,0.4409118890762329,0.41051197052001953,0.3039991855621338,0.00019264347970428876
545,0.44024524092674255,0.4094998836517334,0.30745363235473633,0.0001926011832177288
546,0.40163689851760864,0.37369370460510254,0.27943193912506104,0.00019255877015757835
547,0.4472363293170929,0.41599294543266296,0.3124338984489441,0.00019251624057723023
548,0.4280732274055481,0.3984377086162567,0.296355277299881,0.00019247359453022407
549,0.43655648827552795,0.4063711166381836,0.30185383558273315,0.00019243083207024598
550,0.40933749079704285,0.3810391128063202,0.2829838991165161,0.0001923879532511287
551,0.4113225042819977,0.382931649684906,0.2839086353778839,0.0001923449581268514
552,0.4005044102668762,0.37250810861587524,0.27996307611465454,0.00019230184675153976
553,0.4135008752346039,0.384709894657135,0.2879098355770111,0.00019225861917946565
554,0.43908536434173584,0.4086533188819885,0.30432042479515076,0.0001922152754650474
555,0.420027494430542,0.3907417356967926,0.29285770654678345,0.0001921718156628494
556,0.4236988127231598,0.39412209391593933,0.29576730728149414,0.00019212823982758226
557,0.40816378593444824,0.3796250820159912,0.28538694977760315,0.00019208454801410266
558,0.4287298619747162,0.3984684348106384,0.30261415243148804,0.0001920407402774132
559,0.4096781611442566,0.3815222680568695,0.281559020280838,0.00019199681667266252
560,0.4474698305130005,0.41578564047813416,0.31684187054634094,0.0001919527772551451
561,0.41427144408226013,0.38573431968688965,0.285371333360672,0.0001919086220803011
562,0.39775750041007996,0.37035030126571655,0.27407196164131165,0.0001918643512037166
563,0.42213088274002075,0.39293673634529114,0.2919415831565857,0.00019181996468112323
564,0.4111432433128357,0.38202694058418274,0.29116290807724,0.00019177546256839812
565,0.4409772455692291,0.4099824130535126,0.3099484443664551,0.00019173084492156407
566,0.42277371883392334,0.39366796612739563,0.29105767607688904,0.00019168611179678924
567,0.43432357907295227,0.404392272233963,0.29931318759918213,0.00019164126325038714
568,0.4094982445240021,0.38088491559028625,0.28613317012786865,0.00019159629933881666
569,0.4229137599468231,0.39387258887290955,0.29041165113449097,0.00019155122011868186
570,0.41319334506988525,0.38436391949653625,0.2882942259311676,0.00019150602564673198
571,0.41137686371803284,0.38291630148887634,0.2846055030822754,0.00019146071597986138
572,0.41485732793807983,0.38609758019447327,0.2875974774360657,0.00019141529117510932
573,0.39921239018440247,0.3715422451496124,0.276701420545578,0.00019136975128966017
574,0.3941683769226074,0.36653488874435425,0.2763347327709198,0.00019132409638084304
575,0.41298872232437134,0.38407447934150696,0.2891424894332886,0.00019127832650613189
576,0.4315025210380554,0.4013580083847046,0.3014451861381531,0.00019123244172314545
577,0.41422054171562195,0.38547182083129883,0.2874871492385864,0.00019118644208964702
578,0.39708632230758667,0.36952370405197144,0.2756262421607971,0.00019114032766354453
579,0.44907334446907043,0.41796889901161194,0.3110445439815521,0.00019109409850289044
580,0.4335172176361084,0.4033925235271454,0.30124709010124207,0.00019104775466588161
581,0.41909703612327576,0.3892132341861725,0.2988380491733551,0.00019100129621085925
582,0.3959882855415344,0.3685244917869568,0.274637907743454,0.00019095472319630892
583,0.4108143746852875,0.3825899660587311,0.2822442054748535,0.00019090803568086036
584,0.41720759868621826,0.3881787061691284,0.29028886556625366,0.00019086123372328746
585,0.4086371660232544,0.38035282492637634,0.28284329175949097,0.00019081431738250814
586,0.4254460036754608,0.39577603340148926,0.2966996431350708,0.00019076728671758438
587,0.4254877269268036,0.3956758379936218,0.29811879992485046,0.00019072014178772202
588,0.41804203391075134,0.3888908624649048,0.291511595249176,0.00019067288265227082
589,0.4053107500076294,0.377601683139801,0.27709072828292847,0.00019062550937072424
590,0.42770418524742126,0.39808472990989685,0.29619455337524414,0.00019057802200271942
591,0.4195357859134674,0.39043959975242615,0.2909618020057678,0.0001905304206080372
592,0.3962240219116211,0.3687271177768707,0.2749689519405365,0.00019048270524660196
593,0.42790111899375916,0.3984321057796478,0.2946900427341461,0.0001904348759784815
594,0.40703654289245605,0.3790088891983032,0.2802765667438507,0.00019038693286388698
595,0.43256816267967224,0.40232419967651367,0.3024396598339081,0.00019033887596317298
596,0.41309523582458496,0.38403481245040894,0.2906041145324707,0.00019029070533683725
597,0.4360809326171875,0.40605664253234863,0.3002428710460663,0.00019024242104552074
598,0.4170898199081421,0.3878229856491089,0.29266825318336487,0.00019019402315000752
599,0.41729122400283813,0.3884706497192383,0.2882055938243866,0.00019014551171122457
600,0.43487605452537537,0.4046216607093811,0.3025440573692322,0.0001900968867902419
601,0.4404725134372711,0.4098644554615021,0.3060806393623352,0.0001900481484482724
602,0.43744686245918274,0.40745189785957336,0.2999497652053833,0.0001899992967466716
603,0.3960621654987335,0.3688541352748871,0.2720801830291748,0.0001899503317469379
604,0.41992515325546265,0.39131787419319153,0.28607282042503357,0.00018990125351071226
605,0.413128137588501,0.3851722180843353,0.27955928444862366,0.00018985206209977813
606,0.4334123134613037,0.4036139249801636,0.29798388481140137,0.00018980275757606157
607,0.39005640149116516,0.36280807852745056,0.27248334884643555,0.00018975334000163093
608,0.43953773379325867,0.408946692943573,0.30591046810150146,0.00018970380943869687
609,0.42065322399139404,0.39132675528526306,0.2932646572589874,0.00018965416594961238
610,0.4092699885368347,0.38097083568573,0.2829914689064026,0.00018960440959687254
611,0.41746243834495544,0.3881005346775055,0.2936191260814667,0.0001895545404431145
612,0.40632444620132446,0.3782661557197571,0.28058284521102905,0.00018950455855111745
613,0.41748228669166565,0.38893458247184753,0.28547707200050354,0.0001894544639838025
614,0.4203685522079468,0.3908099830150604,0.29558566212654114,0.00018940425680423264
615,0.3830353021621704,0.35658279061317444,0.2645252048969269,0.00018935393707561251
616,0.40286415815353394,0.3752339780330658,0.27630195021629333,0.00018930350486128856
617,0.4017302095890045,0.3741321563720703,0.2759806513786316,0.00018925296022474878
618,0.406559556722641,0.3784931004047394,0.28066444396972656,0.00018920230322962264
619,0.41274428367614746,0.38370341062545776,0.2904087007045746,0.0001891515339396812
620,0.42550915479660034,0.39564988017082214,0.29859259724617004,0.0001891006524188368
621,0.4139469861984253,0.38500407338142395,0.2894291579723358,0.000189049658731143
622,0.42075300216674805,0.3917590081691742,0.28993988037109375,0.00018899855294079472
623,0.42520320415496826,0.3959274888038635,0.292757123708725,0.00018894733511212782
624,0.43017685413360596,0.40050312876701355,0.29673710465431213,0.00018889600530961934
625,0.4379443824291229,0.4080338478088379,0.29910534620285034,0.00018884456359788724
626,0.41341421008110046,0.3848936855792999,0.2852051258087158,0.00018879301004169036
627,0.4122503101825714,0.38416630029678345,0.2808401584625244,0.00018874134470592835
628,0.42548224329948425,0.3954368829727173,0.3004534840583801,0.0001886895676556415
629,0.42487838864326477,0.3946649134159088,0.30213475227355957,0.00018863767895601087
630,0.4369043707847595,0.4068962633609772,0.30008113384246826,0.000188585678672358
631,0.4044179916381836,0.3765992522239685,0.2781873345375061,0.00018853356687014485
632,0.4069576859474182,0.37817448377609253,0.28783202171325684,0.00018848134361497385
633,0.44914010167121887,0.417926549911499,0.31213563680648804,0.0001884290089725877
634,0.44714510440826416,0.41669028997421265,0.3045482337474823,0.00018837656300886937
635,0.44380316138267517,0.41269081830978394,0.3111233115196228,0.00018832400578984183
636,0.42863601446151733,0.3994460105895996,0.2919001281261444,0.0001882713373816683
637,0.4217540919780731,0.39238154888153076,0.2937254011631012,0.00018821855785065185
638,0.39349985122680664,0.3664957284927368,0.27004122734069824,0.00018816566726323548
639,0.42360320687294006,0.39444103837013245,0.2916216254234314,0.00018811266568600194
640,0.4034354090690613,0.3751496374607086,0.28285786509513855,0.0001880595531856738
641,0.4009806215763092,0.37256956100463867,0.28411057591438293,0.00018800632982911322
642,0.40541064739227295,0.3767797648906708,0.2863089144229889,0.00018795299568332184
643,0.422838032245636,0.3935834765434265,0.2925456762313843,0.00018789955081544092
644,0.4432726502418518,0.4126327931880951,0.3063986301422119,0.000187845995292751
645,0.42486563324928284,0.3953986167907715,0.294670045375824,0.00018779232918267195
646,0.40881824493408203,0.3802199959754944,0.2859824597835541,0.00018773855255276283
647,0.4002082943916321,0.37281179428100586,0.2739650309085846,0.00018768466547072188
648,0.4250558614730835,0.3958503305912018,0.2920554280281067,0.00018763066800438636
649,0.41864773631095886,0.38968625664711,0.2896149158477783,0.00018757656022173248
650,0.41431522369384766,0.38571783900260925,0.2859739065170288,0.00018752234219087538
651,0.4192901849746704,0.3903239965438843,0.28966185450553894,0.0001874680139800689
652,0.4118552505970001,0.38301950693130493,0.28835752606391907,0.0001874135756577056
653,0.4335189759731293,0.40358293056488037,0.29936036467552185,0.00018735902729231677
654,0.4306568205356598,0.40106189250946045,0.29594939947128296,0.00018730436895257206
655,0.39967605471611023,0.37199878692626953,0.27677255868911743,0.00018724960070727972
656,0.40054380893707275,0.3726879358291626,0.27855876088142395,0.00018719472262538624
657,0.41995957493782043,0.39100760221481323,0.28951960802078247,0.00018713973477597646
658,0.41416382789611816,0.38562604784965515,0.28537771105766296,0.00018708463722827336
659,0.41580283641815186,0.3864471912384033,0.2935565412044525,0.00018702943005163803
660,0.4254811108112335,0.39583003520965576,0.2965106666088104,0.00018697411331556956
661,0.4375699758529663,0.40715909004211426,0.3041089177131653,0.00018691868708970496
662,0.41824617981910706,0.3892030417919159,0.29043126106262207,0.00018686315144381913
663,0.40753763914108276,0.37944117188453674,0.2809646725654602,0.00018680750644782467
664,0.394973486661911,0.36765798926353455,0.27315497398376465,0.00018675175217177175
665,0.41454392671585083,0.3864050805568695,0.2813884913921356,0.0001866958886858483
666,0.42804065346717834,0.3979366719722748,0.3010396957397461,0.0001866399160603796
667,0.4226421117782593,0.39337173104286194,0.29270392656326294,0.0001865838343658284
668,0.402336061000824,0.37467947602272034,0.2765658497810364,0.00018652764367279461
669,0.418630450963974,0.3895953893661499,0.2903507351875305,0.0001864713440520155
670,0.4077787697315216,0.3795303404331207,0.2824842929840088,0.0001864149355743655
671,0.4086962640285492,0.38033270835876465,0.2836354374885559,0.00018635841831085586
672,0.42079636454582214,0.3915570378303528,0.29239320755004883,0.00018630179233263504
673,0.4189894497394562,0.39008471369743347,0.2890472710132599,0.00018624505771098817
674,0.4416472017765045,0.41125351190567017,0.30393701791763306,0.00018618821451733724
675,0.43449723720550537,0.40468981862068176,0.298074334859848,0.00018613126282324092
676,0.42309024930000305,0.39375200867652893,0.2933824360370636,0.0001860742027003944
677,0.4175979197025299,0.38871270418167114,0.2888522446155548,0.0001860170342206294
678,0.43018174171447754,0.40036553144454956,0.2981620132923126,0.0001859597574559141
679,0.4113021492958069,0.38271364569664,0.28588494658470154,0.00018590237247835293
680,0.41050243377685547,0.3822362720966339,0.2826616168022156,0.00018584487936018661
681,0.422515869140625,0.39307716488838196,0.29438716173171997,0.00018578727817379195
682,0.4527954161167145,0.42181241512298584,0.3098300099372864,0.0001857295689916818
683,0.41225337982177734,0.38403573632240295,0.2821764647960663,0.00018567175188650498
684,0.4107629060745239,0.3820705711841583,0.286923348903656,0.00018561382693104615
685,0.4124603867530823,0.3841641843318939,0.28296196460723877,0.00018555579419822583
686,0.4080287218093872,0.37971046566963196,0.28318265080451965,0.0001854976537611001
687,0.4017605185508728,0.3738195300102234,0.2794097363948822,0.00018543940569286065
688,0.39267635345458984,0.36569228768348694,0.2698407769203186,0.00018538105006683472
689,0.42391714453697205,0.39478880167007446,0.2912834584712982,0.00018532258695648496
690,0.4588692784309387,0.42682358622550964,0.3204570412635803,0.00018526401643540922
691,0.4395281672477722,0.40881139039993286,0.3071678876876831,0.0001852053385773407
692,0.4102977216243744,0.3821357190608978,0.28161996603012085,0.00018514655345614763
693,0.4329642355442047,0.4027031660079956,0.3026106357574463,0.00018508766114583332
694,0.4361470937728882,0.40609052777290344,0.3005657494068146,0.00018502866172053598
695,0.42332378029823303,0.3936123549938202,0.2971142828464508,0.00018496955525452874
696,0.4268258512020111,0.397208034992218,0.29617828130722046,0.0001849103418222194
697,0.43332019448280334,0.40305736660957336,0.3026283085346222,0.00018485102149815038
698,0.42943331599235535,0.3991873860359192,0.3024594187736511,0.00018479159435699883
699,0.435818612575531,0.40593934059143066,0.2987925708293915,0.00018473206047357619
700,0.4244825839996338,0.39497289061546326,0.29509687423706055,0.00018467241992282843
701,0.4204842746257782,0.3912622034549713,0.2922207713127136,0.00018461267277983568
702,0.40389516949653625,0.3763829171657562,0.2751224637031555,0.0001845528191198123
703,0.4245981276035309,0.3954479992389679,0.29150137305259705,0.00018449285901810675
704,0.4202934503555298,0.39125433564186096,0.29039105772972107,0.00018443279255020152
705,0.4244307279586792,0.3950452506542206,0.2938547134399414,0.0001843726197917129
706,0.40859898924827576,0.37982580065727234,0.28773194551467896,0.0001843123408183911
707,0.42694517970085144,0.3973734676837921,0.2957170903682709,0.00018425195570611998
708,0.4299023747444153,0.4002741277217865,0.2962825894355774,0.00018419146453091701
709,0.4256126880645752,0.3963833749294281,0.29229316115379333,0.0001841308673689332
710,0.3989114463329315,0.3712226152420044,0.27688834071159363,0.00018407016429645303
711,0.4066298007965088,0.3784164786338806,0.2821333706378937,0.0001840093553898942
712,0.41388988494873047,0.3851144313812256,0.28775447607040405,0.00018394844072580773
713,0.43069174885749817,0.4009073078632355,0.2978443503379822,0.00018388742038087777
714,0.4174570143222809,0.3883849084377289,0.2907211482524872,0.00018382629443192144
715,0.38751474022865295,0.3612748384475708,0.26239895820617676,0.00018376506295588886
716,0.4140368402004242,0.3856557309627533,0.28381115198135376,0.00018370372602986303
717,0.39879992604255676,0.3711915910243988,0.27608340978622437,0.00018364228373105964
718,0.3968624770641327,0.36965951323509216,0.2720295190811157,0.00018358073613682706
719,0.4186391532421112,0.3902788758277893,0.2836027443408966,0.0001835190833246461
720,0.41074809432029724,0.3819342851638794,0.28813815116882324,0.00018345732537213027
721,0.4014616012573242,0.37377816438674927,0.2768342196941376,0.00018339546235702524
722,0.4114815592765808,0.38245725631713867,0.29024314880371094,0.00018333349435720894
723,0.42114704847335815,0.3919912278652191,0.2915581166744232,0.0001832714214506916
724,0.4474583864212036,0.4163142144680023,0.3114416003227234,0.0001832092437156154
725,0.4052620828151703,0.37712910771369934,0.2813297510147095,0.00018314696123025454
726,0.433043897151947,0.40332990884780884,0.297139972448349,0.00018308457407301503
727,0.41133612394332886,0.38287630677223206,0.28459829092025757,0.00018302208232243473
728,0.426851361989975,0.3970264494419098,0.298249214887619,0.00018295948605718314
729,0.41459813714027405,0.3862162232398987,0.2838192284107208,0.00018289678535606126
730,0.41088351607322693,0.38215118646621704,0.28732338547706604,0.00018283398029800166
731,0.416126549243927,0.38749390840530396,0.28632652759552,0.00018277107096206826
732,0.4113774597644806,0.3825322389602661,0.2884522080421448,0.00018270805742745617
733,0.3951362073421478,0.3680170178413391,0.2711918354034424,0.00018264493977349184
734,0.42116397619247437,0.39163780212402344,0.2952616512775421,0.0001825817180796326
735,0.4142129421234131,0.38530391454696655,0.28909027576446533,0.00018251839242546696
736,0.4197951853275299,0.39033618569374084,0.29458990693092346,0.0001824549628907141
737,0.43055617809295654,0.40039119124412537,0.301649808883667,0.00018239142955522406
738,0.4362175166606903,0.40600767731666565,0.30209851264953613,0.0001823277924989776
739,0.41589412093162537,0.38749247789382935,0.28401631116867065,0.000182264051802086
740,0.39347875118255615,0.366112619638443,0.27366140484809875,0.00018220020754479102
741,0.40282779932022095,0.37512052059173584,0.2770727872848511,0.00018213625980746475
742,0.40424996614456177,0.37631797790527344,0.2793198525905609,0.00018207220867060966
743,0.428573876619339,0.39822205901145935,0.3035180866718292,0.00018200805421485824
744,0.4161820411682129,0.38732054829597473,0.2886149287223816,0.0001819437965209732
745,0.4192695617675781,0.39020395278930664,0.29065611958503723,0.0001818794356698471
746,0.4152930676937103,0.38646769523620605,0.2882537841796875,0.00018181497174250236
747,0.4206784665584564,0.3914107084274292,0.292677640914917,0.0001817504048200912
748,0.4216422736644745,0.39260998368263245,0.29032301902770996,0.00018168573498389564
749,0.41901397705078125,0.3901391327381134,0.2887483239173889,0.00018162096231532694
750,0.4278068244457245,0.39850348234176636,0.29303351044654846,0.00018155608689592604
751,0.41124987602233887,0.382806658744812,0.2844320237636566,0.0001814911088073632
752,0.4042116701602936,0.37606102228164673,0.28150641918182373,0.00018142602813143785
753,0.41315215826034546,0.3845762610435486,0.2857588529586792,0.00018136084495007872
754,0.4043633043766022,0.37645673751831055,0.27906572818756104,0.0001812955593453434
755,0.4122273325920105,0.38388028740882874,0.2834705710411072,0.0001812301713994185
756,0.41754546761512756,0.38854852318763733,0.2899695634841919,0.00018116468119461953
757,0.3868428170681,0.3602410852909088,0.2660173177719116,0.00018109908881339058
758,0.4254850745201111,0.3960307836532593,0.2945427894592285,0.00018103339433830454
759,0.43504130840301514,0.40503987669944763,0.3000144064426422,0.00018096759785206267
760,0.37355783581733704,0.3478754758834839,0.25682368874549866,0.00018090169943749476
761,0.4001610279083252,0.372617244720459,0.2754379212856293,0.00018083569917755885
762,0.38947343826293945,0.3621237277984619,0.27349695563316345,0.00018076959715534124
763,0.4137204885482788,0.3853079676628113,0.28412529826164246,0.00018070339345405625
764,0.4041726589202881,0.37640270590782166,0.27769941091537476,0.00018063708815704632
765,0.4270491898059845,0.39706185460090637,0.29987332224845886,0.00018057068134778173
766,0.4142220914363861,0.38515397906303406,0.2906810939311981,0.00018050417310986052
767,0.3968351483345032,0.3692270517349243,0.2760809659957886,0.00018043756352700846
768,0.42601218819618225,0.3963669538497925,0.29645222425460815,0.00018037085268307889
769,0.3954862356185913,0.3682846426963806,0.2720159888267517,0.0001803040406620526
770,0.40245962142944336,0.3745579421520233,0.27901691198349,0.0001802371275480378
771,0.4257650673389435,0.3962829113006592,0.29482150077819824,0.0001801701134252699
772,0.40422123670578003,0.3759031593799591,0.2831808030605316,0.0001801029983781116
773,0.42185449600219727,0.3924397826194763,0.29414722323417664,0.00018003578249105244
774,0.4256623685359955,0.3964471220970154,0.2921525835990906,0.00017996846584870908
775,0.4024205207824707,0.3741380572319031,0.28282466530799866,0.00017990104853582493
776,0.39806362986564636,0.37072038650512695,0.27343234419822693,0.00017983353063727016
777,0.4205424189567566,0.391780287027359,0.28762131929397583,0.00017976591223804161
778,0.416643887758255,0.38750991225242615,0.29133981466293335,0.00017969819342326254
779,0.41377198696136475,0.3856748044490814,0.2809717059135437,0.00017963037427818268
780,0.39830368757247925,0.37091726064682007,0.27386415004730225,0.00017956245488817812
781,0.39031845331192017,0.3635812997817993,0.2673715054988861,0.000179494435338751
782,0.4308164715766907,0.40087178349494934,0.29944688081741333,0.00017942631571552973
783,0.4239847660064697,0.39426952600479126,0.2971523404121399,0.0001793580961042685
784,0.430179625749588,0.40055158734321594,0.2962804436683655,0.00017928977659084755
785,0.41938963532447815,0.3902207612991333,0.29168879985809326,0.00017922135726127275
786,0.40943101048469543,0.3809095025062561,0.28521496057510376,0.00017915283820167573
787,0.4270976483821869,0.3973346948623657,0.29762959480285645,0.00017908421949831366
788,0.398074209690094,0.37056612968444824,0.27508077025413513,0.00017901550123756906
789,0.40998101234436035,0.3815927803516388,0.2838824391365051,0.00017894668350594981
790,0.40966853499412537,0.3807827830314636,0.28885748982429504,0.00017887776639008914
791,0.4188329577445984,0.39008232951164246,0.2875063419342041,0.00017880874997674515
792,0.43037644028663635,0.40088656544685364,0.2948988080024719,0.00017873963435280121
793,0.42336249351501465,0.39416125416755676,0.29201245307922363,0.00017867041960526535
794,0.4196222722530365,0.38969454169273376,0.2992774248123169,0.0001786011058212706
795,0.4018530249595642,0.3741438090801239,0.2770921289920807,0.00017853169308807448
796,0.40218427777290344,0.3741477131843567,0.280365526676178,0.0001784621814930592
797,0.4146129786968231,0.3858169913291931,0.2879599332809448,0.00017839257112373132
798,0.41383078694343567,0.3850821554660797,0.28748619556427,0.00017832286206772186
799,0.4213505983352661,0.39224570989608765,0.29104888439178467,0.00017825305441278598
800,0.4266703128814697,0.39732393622398376,0.2934637665748596,0.000178183148246803
801,0.38747620582580566,0.3608342111110687,0.2664198577404022,0.00017811314365777625
802,0.41014593839645386,0.3815131187438965,0.2863280475139618,0.000178043040733833
803,0.44090235233306885,0.41051504015922546,0.3038732409477234,0.0001779728395632242
804,0.39699435234069824,0.369250625371933,0.2774374186992645,0.00017790254023432466
805,0.43450960516929626,0.4044538736343384,0.30055737495422363,0.00017783214283563262
806,0.43759965896606445,0.40762266516685486,0.299769788980484,0.00017776164745576976
807,0.42836517095565796,0.3985588252544403,0.2980635166168213,0.00017769105418348122
808,0.3832206130027771,0.35680851340293884,0.2641209065914154,0.00017762036310763532
809,0.4045654237270355,0.37669050693511963,0.2787490487098694,0.00017754957431722346
810,0.40578240156173706,0.3778148591518402,0.2796754539012909,0.0001774786879013601
811,0.4243412911891937,0.39472806453704834,0.29613229632377625,0.0001774077039492826
812,0.40304821729660034,0.37530210614204407,0.2774610221385956,0.00017733662255035114
813,0.4054449796676636,0.3771957457065582,0.28249219059944153,0.0001772654437940484
814,0.4254128038883209,0.3957233428955078,0.29689472913742065,0.0001771941677699799
815,0.4122326672077179,0.3837370276451111,0.28495627641677856,0.00017712279456787332
816,0.43096861243247986,0.40125587582588196,0.2971274256706238,0.00017705132427757895
817,0.412645161151886,0.38424211740493774,0.2840302884578705,0.00017697975698906904
818,0.40904393792152405,0.3809443414211273,0.2809959948062897,0.00017690809279243813
819,0.3917231559753418,0.3648325502872467,0.2689061760902405,0.00017683633177790272
820,0.4236348271369934,0.39451560378074646,0.29119229316711426,0.0001767644740358011
821,0.4250199496746063,0.39558085799217224,0.29439082741737366,0.0001766925196565935
822,0.4305764138698578,0.40116044878959656,0.29415977001190186,0.00017662046873086163
823,0.42210522294044495,0.39312317967414856,0.28982049226760864,0.00017654832134930882
824,0.40953338146209717,0.3808172643184662,0.28716111183166504,0.00017647607760275987
825,0.40212082862854004,0.37440750002861023,0.2771333158016205,0.00017640373758216077
826,0.3938402831554413,0.3665556311607361,0.272846519947052,0.0001763313013785788
827,0.41505396366119385,0.3866417109966278,0.2841225862503052,0.00017625876908320236
828,0.40916121006011963,0.3808523714542389,0.2830885052680969,0.00017618614078734069
829,0.4197824001312256,0.3904876112937927,0.2929479777812958,0.00017611341658242395
830,0.4180153012275696,0.38908854126930237,0.28926756978034973,0.0001760405965600031
831,0.42071372270584106,0.39189451932907104,0.28819191455841064,0.00017596768081174963
832,0.4043481945991516,0.37667450308799744,0.2767370045185089,0.00017589466942945556
833,0.4241345226764679,0.3948062062263489,0.2932831645011902,0.00017582156250503335
834,0.4016938805580139,0.37383565306663513,0.2785821557044983,0.00017574836013051562
835,0.432481974363327,0.40229231119155884,0.3018965423107147,0.0001756750623980553
836,0.42454737424850464,0.3950813114643097,0.29466065764427185,0.00017560166939992528
837,0.3955928385257721,0.3681444525718689,0.274483859539032,0.00017552818122851838
838,0.4311010241508484,0.40139690041542053,0.2970413863658905,0.0001754545979763472
839,0.40558701753616333,0.3774039149284363,0.2818310856819153,0.00017538091973604418
840,0.4125288128852844,0.38379544019699097,0.2873338460922241,0.00017530714660036112
841,0.4046570360660553,0.3766500949859619,0.28006941080093384,0.00017523327866216944
842,0.44200852513313293,0.4113394618034363,0.30669063329696655,0.00017515931601445986
843,0.39451897144317627,0.367166668176651,0.2735230624675751,0.00017508525875034237
844,0.4296356439590454,0.4000428318977356,0.2959282100200653,0.00017501110696304596
845,0.39913561940193176,0.3715103566646576,0.27625250816345215,0.00017493686074591873
846,0.41273757815361023,0.38406339287757874,0.2867419123649597,0.0001748625201924276
847,0.4167490005493164,0.3877742886543274,0.2897471487522125,0.00017478808539615824
848,0.3946058750152588,0.36718514561653137,0.27420732378959656,0.00017471355645081498
849,0.40844619274139404,0.3794613778591156,0.2898482084274292,0.00017463893345022067
850,0.4173206686973572,0.38853326439857483,0.28787410259246826,0.00017456421648831655
851,0.4154476821422577,0.386821985244751,0.2862570583820343,0.00017448940565916222
852,0.42810460925102234,0.39892634749412537,0.2917827367782593,0.0001744145010569353
853,0.40636420249938965,0.37863367795944214,0.27730515599250793,0.00017433950277593162
854,0.42381951212882996,0.3945990204811096,0.29220494627952576,0.0001742644109105648
855,0.43460536003112793,0.40475112199783325,0.2985423803329468,0.00017418922555536637
856,0.4386622905731201,0.40847283601760864,0.30189451575279236,0.0001741139468049855
857,0.41697728633880615,0.3884899318218231,0.2848736345767975,0.00017403857475418896
858,0.4148010313510895,0.3863328993320465,0.28468137979507446,0.000173963109497861
859,0.43243616819381714,0.4025137424468994,0.2992241084575653,0.0001738875511310031
860,0.42063772678375244,0.3918439447879791,0.287937730550766,0.00017381189974873407
861,0.4285590648651123,0.399262398481369,0.29296666383743286,0.00017373615544628978
862,0.4067261517047882,0.3786396086215973,0.2808653712272644,0.00017366031831902304
863,0.4318818151950836,0.4024292230606079,0.2945258915424347,0.0001735843884624035
864,0.429913729429245,0.40059956908226013,0.2931414842605591,0.00017350836597201767
865,0.4310022294521332,0.4012869894504547,0.2971523404121399,0.00017343225094356855
866,0.4133703410625458,0.3848840296268463,0.28486308455467224,0.0001733560434728757
867,0.39618951082229614,0.36866623163223267,0.27523288130760193,0.00017327974365587495
868,0.405340313911438,0.3771551549434662,0.28185173869132996,0.00017320335158861855
869,0.40345194935798645,0.3753306567668915,0.28121301531791687,0.0001731268673672747
870,0.43964385986328125,0.4096113443374634,0.30032509565353394,0.00017305029108812776
871,0.39315956830978394,0.36545634269714355,0.27703234553337097,0.00017297362284757794
872,0.40990591049194336,0.38155099749565125,0.2835491895675659,0.00017289686274214118
873,0.4064612090587616,0.3782370984554291,0.28224122524261475,0.00017282001086844906
874,0.4218858480453491,0.3929467499256134,0.2893909215927124,0.00017274306732324872
875,0.4288739562034607,0.3991334140300751,0.29740557074546814,0.0001726660322034027
876,0.4174302816390991,0.38853833079338074,0.2889196276664734,0.00017258890560588888
877,0.4280685484409332,0.398763507604599,0.2930503189563751,0.00017251168762780013
878,0.41166508197784424,0.38277360796928406,0.2889147698879242,0.0001724343783663445
879,0.4021068811416626,0.37411436438560486,0.279925137758255,0.00017235697791884494
880,0.41678881645202637,0.38772591948509216,0.2906290292739868,0.00017227948638273916
881,0.39508962631225586,0.3681534230709076,0.2693621814250946,0.00017220190385557955
882,0.4304748773574829,0.4007417857646942,0.2973310053348541,0.00017212423043503301
883,0.4050399661064148,0.3764503002166748,0.28589653968811035,0.00017204646621888096
884,0.3971596360206604,0.3692951202392578,0.2786451280117035,0.00017196861130501905
885,0.415924608707428,0.38710731267929077,0.2881728708744049,0.00017189066579145705
886,0.42388302087783813,0.3945929706096649,0.2929006516933441,0.0001718126297763189
887,0.4229122996330261,0.3936340808868408,0.29278212785720825,0.0001717345033578424
888,0.4090636372566223,0.3803446888923645,0.28718963265419006,0.00017165628663437922
889,0.42510876059532166,0.3959749937057495,0.2913376986980438,0.00017157797970439464
890,0.4106249213218689,0.38256916403770447,0.2805575430393219,0.00017149958266646754
891,0.40239599347114563,0.3745587468147278,0.27837246656417847,0.00017142109561929023
892,0.42049339413642883,0.39156490564346313,0.28928494453430176,0.00017134251866166827
893,0.39489635825157166,0.36753857135772705,0.2735777497291565,0.00017126385189252053
894,0.40061891078948975,0.3728235065937042,0.2779539227485657,0.00017118509541087887
895,0.4324527680873871,0.4021121859550476,0.3034057915210724,0.00017110624931588806
896,0.409187912940979,0.3809187114238739,0.2826921045780182,0.0001710273137068057
897,0.419314980506897,0.389794260263443,0.29520726203918457,0.00017094828868300215
898,0.4011256694793701,0.3736995756626129,0.2742610275745392,0.0001708691743439602
899,0.40080955624580383,0.37301135063171387,0.2779819965362549,0.00017078997078927521
900,0.41031092405319214,0.38174688816070557,0.2856404483318329,0.00017071067811865476
901,0.41555657982826233,0.3870008885860443,0.28555700182914734,0.00017063129643191864
902,0.39467599987983704,0.3669475317001343,0.2772846221923828,0.00017055182582899873
903,0.4155677855014801,0.3867579996585846,0.2880977392196655,0.00017047226640993883
904,0.40894797444343567,0.3802504241466522,0.28697553277015686,0.0001703926182748945
905,0.40147876739501953,0.37401536107063293,0.2746341824531555,0.00017031288152413306
906,0.38484987616539,0.3583013415336609,0.2654854357242584,0.00017023305625803333
907,0.40762412548065186,0.37903428077697754,0.2858985364437103,0.0001701531425770856
908,0.42132768034935,0.3923226594924927,0.2900501489639282,0.0001700731405818914
909,0.4035208225250244,0.3758455812931061,0.2767523527145386,0.00016999305037316352
910,0.4106266498565674,0.382533460855484,0.28093189001083374,0.00016991287205172573
911,0.4175657033920288,0.38867083191871643,0.288948655128479,0.0001698326057185128
912,0.3888130486011505,0.3617843687534332,0.2702867090702057,0.00016975225147457026
913,0.41364240646362305,0.38520485162734985,0.28437569737434387,0.00016967180942105423
914,0.40420952439308167,0.3764927387237549,0.2771678566932678,0.00016959127965923142
915,0.4164017140865326,0.3877357542514801,0.28665950894355774,0.0001695106622904791
916,0.4172411561012268,0.38880467414855957,0.28436478972435,0.0001694299574162846
917,0.40461787581443787,0.3765447437763214,0.2807312309741974,0.0001693491651382455
918,0.42526984214782715,0.39600419998168945,0.2926563322544098,0.0001692682855580695
919,0.42149823904037476,0.39248332381248474,0.2901490032672882,0.00016918731877757406
920,0.4446895122528076,0.41404807567596436,0.30641427636146545,0.00016910626489868649
921,0.42172911763191223,0.392636775970459,0.29092350602149963,0.00016902512402344373
922,0.40861591696739197,0.3803500831127167,0.28265827894210815,0.00016894389625399226
923,0.44178053736686707,0.4115925431251526,0.3018799126148224,0.0001688625816925879
924,0.40217047929763794,0.37441661953926086,0.2775386869907379,0.00016878118044159578
925,0.4146633446216583,0.3863747715950012,0.2828857898712158,0.00016869969260349018
926,0.39832624793052673,0.370840847492218,0.27485403418540955,0.00016861811828085429
927,0.3983510136604309,0.37093979120254517,0.2741123139858246,0.00016853645757638024
928,0.40731173753738403,0.3788527548313141,0.28458982706069946,0.00016845471059286887
929,0.40765365958213806,0.3794812262058258,0.281724214553833,0.00016837287743322975
930,0.3908417224884033,0.3641287088394165,0.2671301066875458,0.00016829095820048072
931,0.4286891222000122,0.3992212414741516,0.29467877745628357,0.00016820895299774814
932,0.39851072430610657,0.3712001442909241,0.27310580015182495,0.00016812686192826663
933,0.41490188241004944,0.38629263639450073,0.2860923409461975,0.00016804468509537874
934,0.44504621624946594,0.4145057797431946,0.3054044246673584,0.00016796242260253512
935,0.4186973571777344,0.390217125415802,0.2848021686077118,0.0001678800745532942
936,0.40235790610313416,0.37463492155075073,0.2772297263145447,0.0001677976410513221
937,0.39249202609062195,0.36540085077285767,0.27091169357299805,0.00016771512220039255
938,0.379641592502594,0.35340967774391174,0.2623191773891449,0.00016763251810438678
939,0.4031223654747009,0.3754623830318451,0.2765997052192688,0.00016754982886729318
940,0.41576409339904785,0.3871070444583893,0.2865704894065857,0.00016746705459320745
941,0.39271941781044006,0.36564189195632935,0.2707751393318176,0.0001673841953863323
942,0.4136216342449188,0.3855009973049164,0.2812063694000244,0.00016730125135097735
943,0.4294535517692566,0.40003570914268494,0.2941785156726837,0.00016721822259155902
944,0.409805566072464,0.38112255930900574,0.28682994842529297,0.0001671351092126004
945,0.4221711754798889,0.39293503761291504,0.2923613488674164,0.00016705191131873107
946,0.42794233560562134,0.39814719557762146,0.29795128107070923,0.0001669686290146871
947,0.41763854026794434,0.3887312710285187,0.2890726327896118,0.00016688526240531064
948,0.3975781202316284,0.3701178729534149,0.2746025025844574,0.00016680181159555013
949,0.3840523362159729,0.3575827479362488,0.26469603180885315,0.00016671827669045998
950,0.41500234603881836,0.38634297251701355,0.28659382462501526,0.0001666346577952004
951,0.4130129814147949,0.38459354639053345,0.2841944992542267,0.00016655095501503738
952,0.4078579843044281,0.3797755837440491,0.28082388639450073,0.0001664671684553426
953,0.4140703082084656,0.38566166162490845,0.2840864360332489,0.00016638329822159296
954,0.4168859124183655,0.3883436620235443,0.2854226529598236,0.00016629934441937097
955,0.40140852332115173,0.3741109073162079,0.2729761004447937,0.00016621530715436414
956,0.3889632225036621,0.3619973063468933,0.26965928077697754,0.00016613118653236518
957,0.4641127586364746,0.431695818901062,0.32416924834251404,0.00016604698265927173
958,0.40106406807899475,0.3729202449321747,0.28143811225891113,0.0001659626956410861
959,0.41461607813835144,0.38581570982933044,0.2880036532878876,0.0001658783255839154
960,0.4190276861190796,0.39033591747283936,0.28691768646240234,0.00016579387259397127
961,0.4303460717201233,0.4004071354866028,0.2993892729282379,0.00016570933677756967
962,0.42121633887290955,0.3918691575527191,0.2934718728065491,0.00016562471824113092
963,0.40091025829315186,0.37275856733322144,0.2815169394016266,0.0001655400170911794
964,0.3869324326515198,0.3607443869113922,0.26188036799430847,0.00016545523343434356
965,0.42566654086112976,0.39609628915786743,0.29570257663726807,0.00016537036737735564
966,0.41367238759994507,0.3849849998950958,0.28687378764152527,0.00016528541902705162
967,0.38847002387046814,0.36145567893981934,0.2701435089111328,0.00016520038849037117
968,0.39675429463386536,0.3695923388004303,0.27161961793899536,0.00016511527587435737
969,0.40394681692123413,0.37559425830841064,0.2835257053375244,0.00016503008128615655
970,0.4019128084182739,0.3739086091518402,0.2800418436527252,0.00016494480483301836
971,0.4107789695262909,0.38234519958496094,0.2843377888202667,0.00016485944662229546
972,0.4289569854736328,0.3993920087814331,0.29564982652664185,0.00016477400676144334
973,0.4062797427177429,0.3784739673137665,0.27805790305137634,0.00016468848535802045
974,0.4039710760116577,0.3763938844203949,0.2757717967033386,0.00016460288251968775
975,0.43822959065437317,0.4076804518699646,0.30549147725105286,0.00016451719835420877
976,0.4154355227947235,0.3865763247013092,0.2885919213294983,0.00016443143296944945
977,0.3912723958492279,0.3639850914478302,0.2728729844093323,0.0001643455864733779
978,0.4156152606010437,0.3870733082294464,0.2854194641113281,0.0001642596589740644
979,0.4029877185821533,0.3749695122241974,0.2801821827888489,0.00016417365057968123
980,0.40665385127067566,0.37872007489204407,0.27933770418167114,0.0001640875613985024
981,0.3982352614402771,0.3708230257034302,0.27412229776382446,0.00016400139153890375
982,0.41646501421928406,0.3872663974761963,0.2919860780239105,0.00016391514110936255
983,0.39971017837524414,0.3719944655895233,0.2771570086479187,0.00016382881021845762
984,0.4096667766571045,0.38094931840896606,0.2871745526790619,0.000163742398974869
985,0.43732982873916626,0.4067164957523346,0.30613330006599426,0.00016365590748737788
986,0.38629335165023804,0.35904309153556824,0.2725025713443756,0.00016356933586486648
987,0.3817247748374939,0.3558202087879181,0.25904566049575806,0.00016348268421631797
988,0.4231216609477997,0.39461514353752136,0.28506508469581604,0.0001633959526508162
989,0.40316325426101685,0.3756791055202484,0.2748414874076843,0.00016330914127754553
990,0.4237503111362457,0.3946971595287323,0.2905314564704895,0.00016322225020579099
991,0.3948991000652313,0.36739271879196167,0.27506375312805176,0.00016313527954493778
992,0.41282132267951965,0.3847314119338989,0.28089919686317444,0.00016304822940447139
993,0.3938935399055481,0.36672231554985046,0.27171218395233154,0.0001629610998939773
994,0.42122629284858704,0.39156413078308105,0.29662153124809265,0.00016287389112314092
995,0.4128316044807434,0.3844059705734253,0.28425636887550354,0.00016278660320174747
996,0.41792622208595276,0.3888607621192932,0.2906546890735626,0.0001626992362396818
997,0.4151158034801483,0.38683047890663147,0.28285321593284607,0.00016261179034692826
998,0.41552504897117615,0.3868612051010132,0.28663837909698486,0.00016252426563357052
999,0.39541319012641907,0.36758607625961304,0.2782711386680603,0.00016243666220979157
1000,0.40334293246269226,0.3754855692386627,0.27857357263565063,0.00016234898018587337
1001,0.43969666957855225,0.4092925786972046,0.30404096841812134,0.0001622612196721969
1002,0.4155057966709137,0.38680967688560486,0.28696107864379883,0.000162173380779242
1003,0.4200805425643921,0.3912721574306488,0.28808391094207764,0.00016208546361758707
1004,0.42429327964782715,0.3950955271720886,0.29197758436203003,0.00016199746829790906
1005,0.3986836373806,0.3710918128490448,0.27591821551322937,0.00016190939493098344
1006,0.3886181712150574,0.36180832982063293,0.26809826493263245,0.00016182124362768368
1007,0.41556403040885925,0.38702937960624695,0.28534653782844543,0.00016173301449898166
1008,0.3952893912792206,0.3679986596107483,0.2729073464870453,0.00016164470765594698
1009,0.41089576482772827,0.3823612332344055,0.28534531593322754,0.00016155632320974728
1010,0.4174268841743469,0.38858550786972046,0.28841373324394226,0.00016146786127164771
1011,0.43635624647140503,0.4065253436565399,0.2983090281486511,0.00016137932195301114
1012,0.39821603894233704,0.3706643879413605,0.2755166292190552,0.00016129070536529766
1013,0.39504483342170715,0.36791935563087463,0.27125489711761475,0.00016120201162006482
1014,0.3888959288597107,0.36232444643974304,0.2657149136066437,0.0001611132408289672
1015,0.4149799942970276,0.3866179883480072,0.2836202085018158,0.00016102439310375637
1016,0.40680670738220215,0.37876638770103455,0.28040334582328796,0.00016093546855628084
1017,0.4275343716144562,0.39799976348876953,0.29534611105918884,0.00016084646729848568
1018,0.4090860188007355,0.3807397484779358,0.283462792634964,0.00016075738944241268
1019,0.41777002811431885,0.3889947235584259,0.2877531349658966,0.00016066823510019998
1020,0.4009200930595398,0.37292876839637756,0.27991312742233276,0.000160579004384082
1021,0.39064154028892517,0.3632570803165436,0.2738446891307831,0.00016048969740638933
1022,0.41201624274253845,0.38330569863319397,0.2871053218841553,0.00016040031427954853
1023,0.4147570729255676,0.3860023021697998,0.287547767162323,0.00016031085511608213
1024,0.43408018350601196,0.40401002764701843,0.30070140957832336,0.00016022132002860824
1025,0.4547026753425598,0.42335033416748047,0.3135233223438263,0.00016013170912984058
1026,0.4039260149002075,0.37598636746406555,0.27939653396606445,0.00016004202253258842
1027,0.3952270448207855,0.36826613545417786,0.26960915327072144,0.00015995226034975617
1028,0.413900226354599,0.38548263907432556,0.2841757833957672,0.00015986242269434354
1029,0.3961285948753357,0.3686909079551697,0.2743767499923706,0.00015977250967944508
1030,0.4023226201534271,0.37485000491142273,0.2747260630130768,0.00015968252141825037
1031,0.3970937132835388,0.3694775700569153,0.2761613428592682,0.00015959245802404365
1032,0.4009362757205963,0.3734213411808014,0.2751493752002716,0.00015950231961020373
1033,0.4141498804092407,0.38528674840927124,0.2886311709880829,0.00015941210629020388
1034,0.3957914113998413,0.368781179189682,0.2701021730899811,0.00015932181817761163
1035,0.4056788980960846,0.3779199719429016,0.2775893807411194,0.00015923145538608875
1036,0.3994220495223999,0.3720337450504303,0.2738829255104065,0.0001591410180293909
1037,0.4257816672325134,0.3965025246143341,0.29279157519340515,0.00015905050622136777
1038,0.41515541076660156,0.3866897523403168,0.2846565544605255,0.0001589599200759626
1039,0.3961940109729767,0.3691270351409912,0.2706698775291443,0.00015886925970721235
1040,0.43625620007514954,0.4057435095310211,0.30512693524360657,0.00015877852522924732
1041,0.40097495913505554,0.3730868101119995,0.2788815498352051,0.00015868771675629114
1042,0.38291463255882263,0.3565332889556885,0.26381346583366394,0.00015859683440266068
1043,0.4263622760772705,0.39706599712371826,0.2929627001285553,0.00015850587828276564
1044,0.3958165943622589,0.368999719619751,0.26816877722740173,0.0001584148485111087
1045,0.3793543875217438,0.3531884551048279,0.26165932416915894,0.00015832374520228525
1046,0.431806743144989,0.40239840745925903,0.2940833568572998,0.00015823256847098324
1047,0.39946627616882324,0.37159350514411926,0.2787276804447174,0.00015814131843198308
1048,0.42436879873275757,0.39526447653770447,0.29104307293891907,0.00015804999520015734
1049,0.41627800464630127,0.38725966215133667,0.2901833951473236,0.00015795859889047091
1050,0.4004477560520172,0.37263256311416626,0.27815189957618713,0.0001578671296179806
1051,0.3863971531391144,0.35984936356544495,0.26547789573669434,0.000157775587497835
1052,0.4066811203956604,0.3788207471370697,0.27860379219055176,0.00015768397264527448
1053,0.398834228515625,0.37165483832359314,0.27179378271102905,0.00015759228517563099
1054,0.3876878619194031,0.36090490221977234,0.2678294777870178,0.00015750052520432787
1055,0.3873558044433594,0.3610706925392151,0.2628512382507324,0.0001574086928468797
1056,0.4061211943626404,0.3775496780872345,0.28571516275405884,0.00015731678821889224
1057,0.43469539284706116,0.40466174483299255,0.30033642053604126,0.0001572248114360622
1058,0.4258929491043091,0.3965102732181549,0.2938268184661865,0.00015713276261417706
1059,0.4263257682323456,0.3971451222896576,0.29180634021759033,0.00015704064186911518
1060,0.4036811590194702,0.3757428228855133,0.2793833613395691,0.0001569484493168452
1061,0.41960740089416504,0.39048436284065247,0.2912304401397705,0.0001568561850734264
1062,0.39482975006103516,0.36747679114341736,0.2735295295715332,0.00015676384925500814
1063,0.39275825023651123,0.3657180964946747,0.27040156722068787,0.00015667144197783
1064,0.4289875626564026,0.399199515581131,0.2978803515434265,0.00015657896335822147
1065,0.396621435880661,0.369615763425827,0.270056813955307,0.00015648641351260177
1066,0.41394320130348206,0.3857855796813965,0.28157609701156616,0.00015639379255747994
1067,0.40999165177345276,0.3815671503543854,0.28424495458602905,0.0001563011006094544
1068,0.4026145339012146,0.3748400807380676,0.2777443826198578,0.00015620833778521307
1069,0.420541912317276,0.39164042472839355,0.28901490569114685,0.00015611550420153297
1070,0.3781695067882538,0.35240182280540466,0.2576769292354584,0.00015602259997528028
1071,0.39958396553993225,0.37213805317878723,0.27445903420448303,0.0001559296252234101
1072,0.410337895154953,0.38163915276527405,0.2869874835014343,0.00015583658006296624
1073,0.419412761926651,0.39028817415237427,0.29124578833580017,0.0001557434646110813
1074,0.3971627652645111,0.36991044878959656,0.27252304553985596,0.00015565027898497617
1075,0.419839084148407,0.3908860385417938,0.28953060507774353,0.00015555702330196023
1076,0.44565099477767944,0.4153231084346771,0.3032788336277008,0.00015546369767943102
1077,0.40360522270202637,0.3761789798736572,0.27426233887672424,0.0001553703022348741
1078,0.3923031687736511,0.3658859431743622,0.264172226190567,0.0001552768370858629
1079,0.41148826479911804,0.3828164041042328,0.2867185175418854,0.00015518330235005868
1080,0.41405993700027466,0.385547012090683,0.2851293385028839,0.00015508969814521025
1081,0.4166572690010071,0.38788044452667236,0.2877683937549591,0.0001549960245891539
1082,0.40403667092323303,0.3761209547519684,0.27915725111961365,0.0001549022817998132
1083,0.40371647477149963,0.37610238790512085,0.2761409282684326,0.00015480846989519885
1084,0.40068575739860535,0.37319716811180115,0.27488601207733154,0.0001547145889934086
1085,0.42575323581695557,0.3963257968425751,0.2942745089530945,0.0001546206392126271
1086,0.41261962056159973,0.38400915265083313,0.28610464930534363,0.0001545266206711256
1087,0.42245766520500183,0.39351919293403625,0.2893846333026886,0.00015443253348726202
1088,0.4000052213668823,0.3718830645084381,0.28122150897979736,0.0001543383777794806
1089,0.41419050097465515,0.385763555765152,0.28426945209503174,0.00015424415366631188
1090,0.41017088294029236,0.3814145624637604,0.28756317496299744,0.00015414986126637258
1091,0.3915698230266571,0.36448851227760315,0.2708131968975067,0.00015405550069836528
1092,0.41740289330482483,0.3886832892894745,0.28719592094421387,0.00015396107208107845
1093,0.43753761053085327,0.4073169231414795,0.30220678448677063,0.0001538665755333862
1094,0.41378602385520935,0.384408175945282,0.29377856850624084,0.00015377201117424812
1095,0.4061553478240967,0.3776608109474182,0.28494536876678467,0.0001536773791227092
1096,0.4120708405971527,0.38352489471435547,0.28545942902565,0.00015358267949789966
1097,0.40573060512542725,0.3773854970932007,0.2834511697292328,0.0001534879124190348
1098,0.41746440529823303,0.3882504403591156,0.29213961958885193,0.00015339307800541475
1099,0.39595773816108704,0.36845675110816956,0.2750099003314972,0.00015329817637642454
1100,0.40735575556755066,0.37937459349632263,0.2798115611076355,0.00015320320765153367
1101,0.4090581238269806,0.3806025981903076,0.2845552861690521,0.0001531081719502962
1102,0.4294624924659729,0.39958059787750244,0.2988188862800598,0.00015301306939235053
1103,0.4195503890514374,0.39043256640434265,0.29117831587791443,0.00015291790009741907
1104,0.42431285977363586,0.3951076865196228,0.2920517325401306,0.00015282266418530847
1105,0.4250623285770416,0.3958130478858948,0.2924928665161133,0.000152727361775909
1106,0.4140739440917969,0.3853110074996948,0.28762951493263245,0.00015263199298919488
1107,0.400193989276886,0.3723185062408447,0.2787547707557678,0.00015253655794522368
1108,0.41187694668769836,0.3833819031715393,0.2849503457546234,0.0001524410567641366
1109,0.43190544843673706,0.4022876024246216,0.2961786091327667,0.00015234548956615784
1110,0.4344465434551239,0.40425804257392883,0.30188488960266113,0.0001522498564715949
1111,0.4169273376464844,0.38825228810310364,0.2867504358291626,0.0001521541576008382
1112,0.4052012264728546,0.37712207436561584,0.2807914614677429,0.00015205839307436088
1113,0.39859169721603394,0.3711170256137848,0.274746835231781,0.00015196256301271884
1114,0.42850473523139954,0.39892348647117615,0.2958125174045563,0.0001518666675365504
1115,0.39559680223464966,0.36806076765060425,0.27536049485206604,0.00015177070676657633
1116,0.42749184370040894,0.3978545665740967,0.296372652053833,0.00015167468082359945
1117,0.43160587549209595,0.40141063928604126,0.3019522428512573,0.00015157858982850475
1118,0.38044503331184387,0.35455748438835144,0.25887537002563477,0.00015148243390225908
1119,0.4179924726486206,0.3892872631549835,0.2870519757270813,0.00015138621316591094
1120,0.41028928756713867,0.38209789991378784,0.2819138169288635,0.00015128992774059063
1121,0.40625572204589844,0.37807223200798035,0.28183501958847046,0.00015119357774750965
1122,0.4307267367839813,0.40119263529777527,0.295340895652771,0.0001510971633079609
1123,0.4264923334121704,0.39664867520332336,0.2984367311000824,0.00015100068454331836
1124,0.4152112901210785,0.38662683963775635,0.285844624042511,0.00015090414157503714
1125,0.4032231569290161,0.3752240538597107,0.27999117970466614,0.00015080753452465296
1126,0.4351142346858978,0.40491634607315063,0.3019789755344391,0.00015071086351378231
1127,0.38584470748901367,0.35940128564834595,0.26443424820899963,0.00015061412866412225
1128,0.41257062554359436,0.3840014934539795,0.2856913208961487,0.00015051733009745013
1129,0.399862676858902,0.3724597096443176,0.27402955293655396,0.00015042046793562348
1130,0.3914359509944916,0.3646537661552429,0.2678218185901642,0.00015032354230058004
1131,0.4008374512195587,0.3730293810367584,0.27808064222335815,0.00015022655331433727
1132,0.42291057109832764,0.39340388774871826,0.2950667440891266,0.0001501295010989925
1133,0.3985956609249115,0.37126830220222473,0.2732735574245453,0.00015003238577672266
1134,0.3936964273452759,0.36667582392692566,0.2702059745788574,0.00014993520746978405
1135,0.40614432096481323,0.37819617986679077,0.27948129177093506,0.0001498379663005123
1136,0.40864649415016174,0.38054102659225464,0.2810547351837158,0.0001497406623913222
1137,0.43610382080078125,0.40574076771736145,0.3036304712295532,0.00014964329586470752
1138,0.39484360814094543,0.36758723855018616,0.27256375551223755,0.00014954586684324078
1139,0.41461336612701416,0.38598498702049255,0.2862837612628937,0.00014944837544957323
1140,0.40204742550849915,0.3742052912712097,0.2784213721752167,0.0001493508218064347
1141,0.41009408235549927,0.3817564845085144,0.28337594866752625,0.00014925320603663327
1142,0.4027714133262634,0.374828577041626,0.2794283330440521,0.00014915552826305533
1143,0.3956858515739441,0.36839061975479126,0.27295225858688354,0.0001490577886086652
1144,0.4219285249710083,0.39262866973876953,0.2929984927177429,0.00014895998719650526
1145,0.39851677417755127,0.37103039026260376,0.27486369013786316,0.00014886212414969553
1146,0.3909057378768921,0.36412933468818665,0.26776400208473206,0.0001487641995914336
1147,0.39115598797798157,0.3644269108772278,0.267290860414505,0.0001486662136449946
1148,0.40563321113586426,0.3779817223548889,0.2765149176120758,0.00014856816643373083
1149,0.4196103811264038,0.3907029926776886,0.28907376527786255,0.00014847005808107185
1150,0.41818535327911377,0.3895621597766876,0.2862318456172943,0.000148371888710524
1151,0.41474345326423645,0.38599544763565063,0.28748002648353577,0.0001482736584456706
1152,0.42115092277526855,0.39203980565071106,0.2911113202571869,0.00014817536741017152
1153,0.4194360077381134,0.39000245928764343,0.29433560371398926,0.00014807701572776323
1154,0.4065078794956207,0.3782503604888916,0.28257516026496887,0.00014797860352225853
1155,0.42347148060798645,0.394410103559494,0.2906138002872467,0.00014788013091754628
1156,0.41840794682502747,0.38948026299476624,0.28927674889564514,0.00014778159803759158
1157,0.4205305576324463,0.3916737139225006,0.288568377494812,0.00014768300500643517
1158,0.4065057933330536,0.37894490361213684,0.27560895681381226,0.00014758435194819376
1159,0.4311840534210205,0.4013620615005493,0.29822006821632385,0.00014748563898705946
1160,0.44676804542541504,0.4159931242465973,0.30774930119514465,0.00014738686624729986
1161,0.4153307378292084,0.3866494596004486,0.2868127226829529,0.00014728803385325782
1162,0.4161444902420044,0.3873002529144287,0.2884424030780792,0.0001471891419293512
1163,0.41446349024772644,0.3856664299964905,0.28797057271003723,0.00014709019060007286
1164,0.4165486693382263,0.3874439001083374,0.2910478413105011,0.00014699117998999054
1165,0.40740442276000977,0.37919726967811584,0.28207144141197205,0.00014689211022374645
1166,0.41007938981056213,0.3816951811313629,0.2838421165943146,0.00014679298142605734
1167,0.4215768277645111,0.3925330936908722,0.2904373109340668,0.0001466937937217143
1168,0.4165039360523224,0.3876376748085022,0.28866249322891235,0.00014659454723558248
1169,0.41644638776779175,0.3877188563346863,0.2872752845287323,0.00014649524209260116
1170,0.4127054810523987,0.3841557800769806,0.28549712896347046,0.00014639587841778343
1171,0.39874809980392456,0.3712862432003021,0.2746184468269348,0.0001462964563362159
1172,0.41500210762023926,0.38677912950515747,0.2822299301624298,0.00014619697597305898
1173,0.4016576409339905,0.37431076169013977,0.273468941450119,0.00014609743745354624
1174,0.4182380139827728,0.389131635427475,0.2910637855529785,0.0001459978409029845
1175,0.4178849458694458,0.3892683684825897,0.28616562485694885,0.00014589818644675378
1176,0.4256612956523895,0.39591455459594727,0.29746729135513306,0.00014579847421030678
1177,0.4037693440914154,0.376146137714386,0.276231974363327,0.00014569870431916903
1178,0.410108745098114,0.3816691040992737,0.2843964695930481,0.0001455988768989387
1179,0.41478076577186584,0.38618043065071106,0.28600332140922546,0.00014549899207528632
1180,0.4193354845046997,0.3903822600841522,0.28953224420547485,0.00014539904997395468
1181,0.4167459011077881,0.3885635733604431,0.2818232774734497,0.00014529905072075872
1182,0.40439262986183167,0.37660402059555054,0.27788615226745605,0.00014519899444158526
1183,0.43042635917663574,0.40093889832496643,0.2948745787143707,0.00014509888126239297
1184,0.4171541631221771,0.3882521092891693,0.2890205383300781,0.00014499871130921213
1185,0.39488673210144043,0.3680761456489563,0.26810595393180847,0.00014489848470814447
1186,0.41787827014923096,0.38887012004852295,0.29008135199546814,0.00014479820158536306
1187,0.399761438369751,0.3725961744785309,0.2716525197029114,0.00014469786206711214
1188,0.4112740457057953,0.38320061564445496,0.28073441982269287,0.00014459746627970685
1189,0.4137752652168274,0.38511088490486145,0.2866436541080475,0.0001444970143495333
1190,0.41808879375457764,0.3896108567714691,0.28477945923805237,0.00014439650640304822
1191,0.3839908540248871,0.35699909925460815,0.2699175477027893,0.00014429594256677882
1192,0.41546982526779175,0.3869125545024872,0.2855725586414337,0.0001441953229673227
1193,0.40098798274993896,0.37327131628990173,0.2771667540073395,0.00014409464773134764
1194,0.3978680670261383,0.3704575002193451,0.27410563826560974,0.00014399391698559152
1195,0.40471601486206055,0.37681832909584045,0.27897682785987854,0.00014389313085686205
1196,0.4099721610546112,0.3815824091434479,0.2838974893093109,0.00014379228947203665
1197,0.4079640209674835,0.37965142726898193,0.28312593698501587,0.0001436913929580623
1198,0.4144623279571533,0.385272353887558,0.2918996214866638,0.00014359044144195547
1199,0.39564329385757446,0.36820611357688904,0.27437177300453186,0.00014348943505080173
1200,0.3812817633152008,0.3549499213695526,0.2633183002471924,0.00014338837391175582
1201,0.40785494446754456,0.3794691562652588,0.2838578224182129,0.00014328725815204144
1202,0.41558951139450073,0.38693732023239136,0.2865220010280609,0.00014318608789895088
1203,0.4031996726989746,0.37549278140068054,0.2770688533782959,0.00014308486327984523
1204,0.4016519784927368,0.3738382160663605,0.27813756465911865,0.00014298358442215388
1205,0.42051514983177185,0.3910359740257263,0.29479169845581055,0.00014288225145337466
1206,0.40545597672462463,0.3774835765361786,0.27972397208213806,0.0001427808645010733
1207,0.40989238023757935,0.3815951347351074,0.2829725742340088,0.00014267942369288364
1208,0.4105909764766693,0.38252124190330505,0.2806972861289978,0.00014257792915650728
1209,0.3917638659477234,0.36474162340164185,0.2702224552631378,0.00014247638101971344
1210,0.41282305121421814,0.38430094718933105,0.28522104024887085,0.00014237477941033888
1211,0.4316953420639038,0.40175697207450867,0.2993835508823395,0.00014227312445628759
1212,0.380350261926651,0.3541930913925171,0.26157164573669434,0.00014217141628553078
1213,0.3867301940917969,0.35984066128730774,0.2688952386379242,0.00014206965502610655
1214,0.39603522419929504,0.3685621917247772,0.27473029494285583,0.00014196784080612002
1215,0.41948339343070984,0.3901573717594147,0.2932601869106293,0.0001418659737537428
1216,0.40830790996551514,0.380327969789505,0.2797994613647461,0.00014176405399721312
1217,0.3932650089263916,0.3664394021034241,0.2682560384273529,0.00014166208166483548
1218,0.4069797098636627,0.3785213530063629,0.28458359837532043,0.00014156005688498063
1219,0.3985619843006134,0.370962917804718,0.2759906053543091,0.00014145797978608527
1220,0.4199495017528534,0.3910053074359894,0.2894420027732849,0.00014135585049665207
1221,0.38505029678344727,0.3582339286804199,0.2681635618209839,0.00014125366914524934
1222,0.4082752466201782,0.37972021102905273,0.2855503261089325,0.00014115143586051088
1223,0.39254477620124817,0.3653905987739563,0.2715417146682739,0.000141049150771136
1224,0.39693284034729004,0.3696803152561188,0.2725253105163574,0.00014094681400588906
1225,0.41207650303840637,0.38363611698150635,0.28440386056900024,0.00014084442569359964
1226,0.3854718804359436,0.3590894937515259,0.2638239562511444,0.00014074198596316205
1227,0.40235990285873413,0.37487897276878357,0.274809330701828,0.0001406394949435355
1228,0.42023658752441406,0.39096197485923767,0.29274609684944153,0.0001405369527637436
1229,0.40853777527809143,0.38017332553863525,0.28364449739456177,0.00014043435955287452
1230,0.4573327302932739,0.4258803725242615,0.3145236372947693,0.00014033171544008052
1231,0.4304599165916443,0.40084603428840637,0.296138733625412,0.00014022902055457802
1232,0.4099634289741516,0.3813477158546448,0.2861570715904236,0.00014012627502564743
1233,0.42975911498069763,0.4003356993198395,0.294234037399292,0.00014002347898263274
1234,0.4077484905719757,0.3796021342277527,0.2814635932445526,0.0001399206325549417
1235,0.4194411337375641,0.39019396901130676,0.2924717664718628,0.00013981773587204535
1236,0.41111138463020325,0.38280680775642395,0.2830457389354706,0.00013971478906347806
1237,0.4285304844379425,0.3987104594707489,0.29820021986961365,0.00013961179225883735
1238,0.42330402135849,0.3938620388507843,0.2944197356700897,0.00013950874558778362
1239,0.4241805970668793,0.3948625326156616,0.29318076372146606,0.00013940564918004004
1240,0.39229339361190796,0.3648661971092224,0.27427181601524353,0.00013930250316539238
1241,0.40690451860427856,0.37898409366607666,0.27920418977737427,0.00013919930767368891
1242,0.42287933826446533,0.3941108286380768,0.2876850962638855,0.00013909606283484018
1243,0.3829649090766907,0.35679152607917786,0.26173388957977295,0.00013899276877881884
1244,0.3818953335285187,0.3557303845882416,0.26164937019348145,0.0001388894256356595
1245,0.3996460437774658,0.3722948729991913,0.27351170778274536,0.00013878603353545854
1246,0.3876623809337616,0.36097854375839233,0.266838401556015,0.00013868259260837402
1247,0.4287543296813965,0.3990910053253174,0.29663318395614624,0.00013857910298462544
1248,0.39060279726982117,0.36373603343963623,0.2686675786972046,0.0001384755647944936
1249,0.3896633982658386,0.36298269033432007,0.266806960105896,0.0001383719781683205
1250,0.37873733043670654,0.3527835011482239,0.2595382630825043,0.000138268343236509
1251,0.4054272770881653,0.377448171377182,0.27979105710983276,0.00013816466012952285
1252,0.42257359623908997,0.39340320229530334,0.2917039394378662,0.00013806092897788644
1253,0.4213021397590637,0.3921557068824768,0.29146426916122437,0.00013795714991218463
1254,0.408843457698822,0.38058215379714966,0.2826129198074341,0.00013785332306306259
1255,0.414971262216568,0.3860543370246887,0.28916916251182556,0.00013774944856122568
1256,0.3989277482032776,0.3715164363384247,0.27411314845085144,0.0001376455265374392
1257,0.3935031592845917,0.3663395941257477,0.2716355323791504,0.00013754155712252832
1258,0.40751132369041443,0.3792988657951355,0.28212451934814453,0.00013743754044737781
1259,0.4061618447303772,0.377988338470459,0.2817351818084717,0.000137333476642932
1260,0.41068583726882935,0.38229262828826904,0.28393200039863586,0.00013722936584019453
1261,0.43154990673065186,0.4016950726509094,0.2985483705997467,0.00013712520817022817
1262,0.3868844509124756,0.36000627279281616,0.2687818706035614,0.00013702100376415473
1263,0.40069201588630676,0.3731255531311035,0.275664746761322,0.00013691675275315484
1264,0.3996948003768921,0.3718034625053406,0.2789134979248047,0.00013681245526846783
1265,0.4012932777404785,0.37368807196617126,0.2760520279407501,0.00013670811144139144
1266,0.4024979770183563,0.3747406303882599,0.2775733768939972,0.00013660372140328187
1267,0.39432013034820557,0.3671104609966278,0.2720966935157776,0.00013649928528555342
1268,0.3888649642467499,0.36186179518699646,0.2700316309928894,0.00013639480321967845
1269,0.42317622900009155,0.3939110338687897,0.2926519811153412,0.0001362902753371871
1270,0.4126904010772705,0.3840467929840088,0.28643620014190674,0.00013618570176966724
1271,0.42280420660972595,0.3932914137840271,0.2951279580593109,0.0001360810826487642
1272,0.39462995529174805,0.36735397577285767,0.27275964617729187,0.00013597641810618073
1273,0.41224122047424316,0.3840077817440033,0.2823345363140106,0.00013587170827367663
1274,0.39440274238586426,0.3673500716686249,0.27052655816078186,0.00013576695328306894
1275,0.418469101190567,0.3897348642349243,0.2873423993587494,0.0001356621532662313
1276,0.40864992141723633,0.38027819991111755,0.28371721506118774,0.0001355573083550942
1277,0.41499534249305725,0.38642066717147827,0.2857467532157898,0.00013545241868164457
1278,0.3874562680721283,0.36094024777412415,0.26516011357307434,0.00013534748437792573
1279,0.4182262718677521,0.3893263041973114,0.2889995574951172,0.00013524250557603713
1280,0.4014039933681488,0.37364742159843445,0.27756574749946594,0.0001351374824081343
1281,0.3771289587020874,0.3508993089199066,0.2622964084148407,0.00013503241500642855
1282,0.396480530500412,0.3693654537200928,0.27115070819854736,0.00013492730350318696
1283,0.4081641733646393,0.37937694787979126,0.28787222504615784,0.00013482214803073209
1284,0.3894024193286896,0.36280086636543274,0.2660154104232788,0.00013471694872144188
1285,0.4120701551437378,0.38379645347595215,0.28273701667785645,0.0001346117057077493
1286,0.4139654040336609,0.38510647416114807,0.2885894477367401,0.00013450641912214262
1287,0.4293510615825653,0.39975041151046753,0.29600661993026733,0.00013440108909716468
1288,0.4061860144138336,0.3779725730419159,0.2821345031261444,0.00013429571576541315
1289,0.3952803909778595,0.36834609508514404,0.26934298872947693,0.00013419029925954029
1290,0.3952428996562958,0.3680677115917206,0.2717518210411072,0.0001340848397122525
1291,0.4083864092826843,0.3803151845932007,0.280712366104126,0.00013397933725631055
1292,0.4030577540397644,0.3752228319644928,0.2783491015434265,0.00013387379202452917
1293,0.4021279811859131,0.3738989233970642,0.2822904586791992,0.00013376820414977685
1294,0.39112335443496704,0.36430466175079346,0.2681869864463806,0.0001336625737649759
1295,0.4201783537864685,0.390945166349411,0.29233190417289734,0.00013355690100310213
1296,0.43351486325263977,0.40363964438438416,0.2987522482872009,0.00013345118599718457
1297,0.419807106256485,0.390821635723114,0.2898547649383545,0.00013334542888030553
1298,0.4111466407775879,0.3828277885913849,0.2831886112689972,0.00013323962978560033
1299,0.41664332151412964,0.3875563442707062,0.29086989164352417,0.0001331337888462571
1300,0.42230746150016785,0.39313048124313354,0.2917698323726654,0.00013302790619551674
1301,0.3887712061405182,0.36219388246536255,0.26577335596084595,0.00013292198196667248
1302,0.3931519091129303,0.3662654161453247,0.26886484026908875,0.00013281601629307007
1303,0.400251179933548,0.3724641799926758,0.27786991000175476,0.00013271000930810737
1304,0.4112785756587982,0.38273563981056213,0.2854293882846832,0.0001326039611452342
1305,0.38395434617996216,0.3576275110244751,0.263268381357193,0.00013249787193795226
1306,0.3924848139286041,0.36527031660079956,0.27214503288269043,0.00013239174181981495
1307,0.3846161663532257,0.3579150140285492,0.26701152324676514,0.00013228557092442712
1308,0.4082551896572113,0.3803701102733612,0.2788509130477905,0.00013217935938544497
1309,0.41127872467041016,0.38306888937950134,0.2820982336997986,0.00013207310733657585
1310,0.4082643389701843,0.38005077838897705,0.2821356952190399,0.00013196681491157818
1311,0.39366886019706726,0.36688604950904846,0.267828106880188,0.00013186048224426107
1312,0.40819501876831055,0.3798274099826813,0.2836762070655823,0.00013175410946848445
1313,0.3934422433376312,0.36573895812034607,0.2770328223705292,0.00013164769671815862
1314,0.3985976576805115,0.3706771731376648,0.2792048752307892,0.0001315412441272443
1315,0.4076600968837738,0.3790389895439148,0.2862109839916229,0.00013143475182975222
1316,0.39969247579574585,0.3717440664768219,0.27948424220085144,0.00013132821995974326
1317,0.4080800712108612,0.3799183666706085,0.2816169261932373,0.00013122164865132807
1318,0.40918850898742676,0.3814769387245178,0.2771156430244446,0.00013111503803866684
1319,0.37484487891197205,0.348832905292511,0.2601197063922882,0.0001310083882559694
1320,0.4113575220108032,0.38270559906959534,0.28651925921440125,0.00013090169943749476
1321,0.38652223348617554,0.3597331643104553,0.2678905725479126,0.00013079497171755112
1322,0.3954242467880249,0.36842918395996094,0.2699507176876068,0.00013068820523049572
1323,0.39172613620758057,0.3651076555252075,0.2661847174167633,0.00013058140011073448
1324,0.4196307361125946,0.39051786065101624,0.29112884402275085,0.00013047455649272207
1325,0.38210389018058777,0.3557710349559784,0.2633284628391266,0.00013036767451096148
1326,0.4260205030441284,0.39630281925201416,0.2971767783164978,0.00013026075430000417
1327,0.3991122245788574,0.3714917302131653,0.2762048840522766,0.00013015379599444957
1328,0.4050029218196869,0.37685859203338623,0.2814432978630066,0.0001300467997289452
1329,0.3802109360694885,0.35409823060035706,0.26112720370292664,0.00012993976563818626
1330,0.42455607652664185,0.3952960968017578,0.2925996780395508,0.0001298326938569156
1331,0.41215822100639343,0.383917897939682,0.28240323066711426,0.00012972558451992362
1332,0.40957751870155334,0.38152599334716797,0.2805151641368866,0.00012961843776204777
1333,0.42188841104507446,0.39285558462142944,0.29032817482948303,0.00012951125371817281
1334,0.43135684728622437,0.4015022814273834,0.2985455393791199,0.0001294040325232304
1335,0.4005894362926483,0.37282794713974,0.2776149809360504,0.0001292967743121989
1336,0.43016472458839417,0.4005981385707855,0.295665979385376,0.00012918947922010336
1337,0.3969075083732605,0.3694659173488617,0.2744159996509552,0.00012908214738201513
1338,0.412221223115921,0.3835051655769348,0.28716057538986206,0.00012897477893305195
1339,0.39151716232299805,0.36470696330070496,0.26810213923454285,0.00012886737400837758
1340,0.39597082138061523,0.36847859621047974,0.2749221920967102,0.00012875993274320173
1341,0.42026835680007935,0.39133137464523315,0.28936976194381714,0.00012865245527277986
1342,0.4192270338535309,0.39042001962661743,0.2880702614784241,0.00012854494173241294
1343,0.3896431028842926,0.3626714050769806,0.26971688866615295,0.0001284373922574474
1344,0.38717421889305115,0.36101028323173523,0.26163938641548157,0.00012832980698327496
1345,0.4228602945804596,0.39362138509750366,0.29238903522491455,0.00012822218604533232
1346,0.39031457901000977,0.3635304570198059,0.267841100692749,0.00012811452957910109
1347,0.39851728081703186,0.37096309661865234,0.2755419611930847,0.00012800683772010767
1348,0.39449799060821533,0.3672744035720825,0.27223601937294006,0.00012789911060392294
1349,0.4047224521636963,0.37684929370880127,0.27873146533966064,0.00012779134836616218
1350,0.38676032423973083,0.3600523769855499,0.2670794427394867,0.00012768355114248494
1351,0.3862750232219696,0.3591051399707794,0.2716987729072571,0.00012757571906859476
1352,0.3871331810951233,0.3603856861591339,0.26747480034828186,0.00012746785228023904
1353,0.39417505264282227,0.36718446016311646,0.26990583539009094,0.00012735995091320892
1354,0.3951396644115448,0.3675680160522461,0.27571654319763184,0.00012725201510333905
1355,0.399405837059021,0.3713842034339905,0.2802164852619171,0.00012714404498650743
1356,0.4343005418777466,0.40463119745254517,0.29669347405433655,0.0001270360406986353
1357,0.39979201555252075,0.3721492886543274,0.27642711997032166,0.00012692800237568686
1358,0.4159153997898102,0.3874512016773224,0.28464195132255554,0.00012681993015366917
1359,0.4024081230163574,0.37421393394470215,0.2819417715072632,0.000126711824168632
1360,0.41580384969711304,0.38721713423728943,0.2858670651912689,0.00012660368455666752
1361,0.41248801350593567,0.3838425576686859,0.2864546775817871,0.00012649551145391035
1362,0.3937211036682129,0.36685889959335327,0.26862189173698425,0.0001263873049965373
1363,0.4137658476829529,0.3849544823169708,0.2881135940551758,0.000126279065320767
1364,0.40738287568092346,0.37945640087127686,0.2792646288871765,0.00012617079256286
1365,0.3995230495929718,0.37172648310661316,0.2779656648635864,0.00012606248685911853
1366,0.3948982357978821,0.367554634809494,0.27343612909317017,0.00012595414834588626
1367,0.3987181484699249,0.3715100884437561,0.27208051085472107,0.00012584577715954814
1368,0.3967052698135376,0.3694618046283722,0.27243465185165405,0.00012573737343653024
1369,0.3943248689174652,0.3670532703399658,0.2727159261703491,0.00012562893731329967
1370,0.39042335748672485,0.3630010783672333,0.27422279119491577,0.00012552046892636427
1371,0.3932972252368927,0.36657023429870605,0.26726993918418884,0.00012541196841227246
1372,0.38978785276412964,0.3628374934196472,0.26950347423553467,0.00012530343590761318
1373,0.3879186809062958,0.3611604571342468,0.2675822675228119,0.00012519487154901562
1374,0.40320271253585815,0.3754088282585144,0.2779388725757599,0.0001250862754731491
1375,0.39405083656311035,0.3670060634613037,0.27044788002967834,0.0001249776478167227
1376,0.38828107714653015,0.3616694211959839,0.26611652970314026,0.0001248689887164855
1377,0.41867005825042725,0.39028891921043396,0.2838114798069,0.000124760298309226
1378,0.3898079991340637,0.36294400691986084,0.2686399519443512,0.00012465157673177216
1379,0.3965592384338379,0.36945438385009766,0.2710486948490143,0.0001245428241209912
1380,0.4266105890274048,0.3971346318721771,0.2947595715522766,0.0001244340406137894
1381,0.386624813079834,0.36002039909362793,0.26604413986206055,0.00012432522634711192
1382,0.38752612471580505,0.36099809408187866,0.26528021693229675,0.0001242163814579426
1383,0.3973692059516907,0.3698362708091736,0.27532926201820374,0.00012410750608330388
1384,0.40477460622787476,0.3767853379249573,0.2798927128314972,0.0001239986003602566
1385,0.39573192596435547,0.3682895004749298,0.27442416548728943,0.0001238896644258998
1386,0.4276653528213501,0.39811334013938904,0.29552018642425537,0.00012378069841737044
1387,0.4105547368526459,0.38234826922416687,0.2820645570755005,0.00012367170247184355
1388,0.39848318696022034,0.3707960844039917,0.2768709063529968,0.0001235626767265316
1389,0.3692702353000641,0.34411129355430603,0.25158947706222534,0.0001234536213186848
1390,0.4085941016674042,0.38051238656044006,0.28081703186035156,0.00012334453638559057
1391,0.39919745922088623,0.3719276189804077,0.27269840240478516,0.00012323542206457347
1392,0.3851407766342163,0.3587266206741333,0.2641414701938629,0.00012312627849299523
1393,0.39849600195884705,0.37107622623443604,0.2741978168487549,0.00012301710580825423
1394,0.40156352519989014,0.3735257089138031,0.280378133058548,0.0001229079041477855
1395,0.38260984420776367,0.35636064410209656,0.2624920904636383,0.00012279867364906071
1396,0.400960236787796,0.3733011484146118,0.27659091353416443,0.00012268941444958765
1397,0.4086124897003174,0.38036179542541504,0.282507061958313,0.0001225801266869104
1398,0.39230769872665405,0.36527368426322937,0.2703402638435364,0.00012247081049860883
1399,0.40218591690063477,0.37398698925971985,0.2819894254207611,0.00012236146602229874
1400,0.38089150190353394,0.3549990952014923,0.2589242160320282,0.00012225209339563145
1401,0.406294047832489,0.3785099983215332,0.27784037590026855,0.0001221426927562938
1402,0.38855570554733276,0.3616379499435425,0.2691774070262909,0.00012203326424200778
1403,0.38439565896987915,0.35825881361961365,0.2613685727119446,0.00012192380799053058
1404,0.42529886960983276,0.39565619826316833,0.2964267432689667,0.00012181432413965428
1405,0.4067307114601135,0.3788422644138336,0.27888450026512146,0.00012170481282720563
1406,0.39033257961273193,0.36336684226989746,0.2696572542190552,0.00012159527419104607
1407,0.4323864281177521,0.4019228219985962,0.3046361804008484,0.00012148570836907133
1408,0.36295655369758606,0.3380385935306549,0.2491796761751175,0.00012137611549921146
1409,0.3909682631492615,0.3641158640384674,0.2685239911079407,0.00012126649571943047
1410,0.4080400764942169,0.3795079290866852,0.2853213846683502,0.00012115684916772629
1411,0.38667407631874084,0.35964104533195496,0.2703302502632141,0.00012104717598213056
1412,0.38768723607063293,0.36095693707466125,0.2673030197620392,0.00012093747630070844
1413,0.4059211313724518,0.3776009678840637,0.2832016050815582,0.00012082775026155846
1414,0.41286131739616394,0.38407278060913086,0.2878853678703308,0.00012071799800281231
1415,0.3731571435928345,0.3473125398159027,0.2584460377693176,0.00012060821966263465
1416,0.38479000329971313,0.35846593976020813,0.2632406949996948,0.00012049841537922307
1417,0.38202181458473206,0.3557155430316925,0.2630626857280731,0.00012038858529080768
1418,0.40635567903518677,0.37801992893218994,0.2833573818206787,0.00012027872953565125
1419,0.40300214290618896,0.3755631744861603,0.2743895947933197,0.00012016884825204875
1420,0.39570868015289307,0.3676813244819641,0.2802736163139343,0.00012005894157832729
1421,0.3955177962779999,0.3683788776397705,0.27138909697532654,0.00011994900965284599
1422,0.40366846323013306,0.3755282163619995,0.2814024090766907,0.00011983905261399566
1423,0.40305662155151367,0.37502309679985046,0.28033527731895447,0.00011972907060019887
1424,0.3822721838951111,0.35605186223983765,0.26220330595970154,0.00011961906374990952
1425,0.38950443267822266,0.3623344302177429,0.2717001438140869,0.00011950903220161285
1426,0.39319899678230286,0.36654990911483765,0.2664908468723297,0.00011939897609382511
1427,0.37978753447532654,0.35380467772483826,0.25982847809791565,0.0001192888955650935
1428,0.39777007699012756,0.37059807777404785,0.2717200517654419,0.000119178790753996
1429,0.4020901620388031,0.3740849792957306,0.28005191683769226,0.00011906866179914116
1430,0.40247994661331177,0.37528082728385925,0.2719912827014923,0.00011895850883916786
1431,0.4012241065502167,0.3734108507633209,0.27813243865966797,0.00011884833201274523
1432,0.4157871901988983,0.38675159215927124,0.2903560698032379,0.00011873813145857249
1433,0.3885449767112732,0.36156630516052246,0.2697867751121521,0.00011862790731537865
1434,0.3893757164478302,0.3625940680503845,0.2678164541721344,0.00011851765972192244
1435,0.3902168571949005,0.36332041025161743,0.26896440982818604,0.00011840738881699219
1436,0.41296035051345825,0.38435429334640503,0.2860606610774994,0.00011829709473940547
1437,0.3891115188598633,0.3627392649650574,0.26372259855270386,0.00011818677762800909
1438,0.399358332157135,0.3719070255756378,0.2745131552219391,0.00011807643762167884
1439,0.41458946466445923,0.386111319065094,0.2847815155982971,0.00011796607485931928
1440,0.41259512305259705,0.3839661777019501,0.2862894833087921,0.00011785568947986367
1441,0.3969622850418091,0.3692359924316406,0.2772628962993622,0.00011774528162227376
1442,0.4029589891433716,0.37554818391799927,0.2741081714630127,0.00011763485142553959
1443,0.3932642936706543,0.36596962809562683,0.27294662594795227,0.00011752439902867925
1444,0.4104141592979431,0.38250234723091125,0.27911821007728577,0.00011741392457073888
1445,0.4043522775173187,0.37656745314598083,0.2778482735157013,0.00011730342819079227
1446,0.41709470748901367,0.38778969645500183,0.29305005073547363,0.00011719291002794096
1447,0.39236968755722046,0.36505091190338135,0.2731878459453583,0.00011708237022131381
1448,0.3809257447719574,0.3544105291366577,0.265152245759964,0.00011697180891006689
1449,0.3920331597328186,0.3651413321495056,0.26891839504241943,0.00011686122623338349
1450,0.39735138416290283,0.3697790503501892,0.27572327852249146,0.00011675062233047364
1451,0.4015377163887024,0.37419015169143677,0.2734757363796234,0.0001166399973405742
1452,0.38489487767219543,0.3586210608482361,0.2627381384372711,0.00011652935140294852
1453,0.409405916929245,0.38133275508880615,0.280731737613678,0.0001164186846568863
1454,0.41919273138046265,0.3899008631706238,0.2929188311100006,0.00011630799724170353
1455,0.41723930835723877,0.38906222581863403,0.2817709743976593,0.00011619728929674209
1456,0.405385822057724,0.3772764801979065,0.2810933589935303,0.00011608656096136984
1457,0.3885662257671356,0.3618659973144531,0.2670021951198578,0.0001159758123749802
1458,0.42535144090652466,0.3958970308303833,0.2945442199707031,0.00011586504367699217
1459,0.39818012714385986,0.37039509415626526,0.27785035967826843,0.00011575425500685002
1460,0.39906489849090576,0.37190860509872437,0.2715630531311035,0.0001156434465040231
1461,0.3900716006755829,0.36288487911224365,0.2718673050403595,0.00011553261830800586
1462,0.42180824279785156,0.392756849527359,0.2905137836933136,0.00011542177055831745
1463,0.40778592228889465,0.37902677059173584,0.28759142756462097,0.00011531090339450165
1464,0.39617300033569336,0.36861422657966614,0.2755877375602722,0.00011520001695612674
1465,0.39975249767303467,0.3721505403518677,0.2760196030139923,0.00011508911138278515
1466,0.3941499888896942,0.3671133816242218,0.27036598324775696,0.00011497818681409351
1467,0.38389068841934204,0.3575485646724701,0.26342126727104187,0.00011486724338969232
1468,0.4000534117221832,0.37268176674842834,0.27371636033058167,0.00011475628124924577
1469,0.4295322299003601,0.399946004152298,0.2958621084690094,0.00011464530053244169
1470,0.4130481779575348,0.38481780886650085,0.28230366110801697,0.00011453430137899129
1471,0.40591391921043396,0.3781694769859314,0.2774445414543152,0.00011442328392862891
1472,0.4104228615760803,0.381904274225235,0.28518596291542053,0.00011431224832111196
1473,0.37809258699417114,0.35197827219963074,0.2611430883407593,0.00011420119469622077
1474,0.4125215411186218,0.38395848870277405,0.28563040494918823,0.00011409012319375827
1475,0.41116803884506226,0.3827286660671234,0.28439369797706604,0.00011397903395354996
1476,0.41713637113571167,0.3876231908798218,0.2951318025588989,0.0001138679271154436
1477,0.39049264788627625,0.3637377619743347,0.26754888892173767,0.00011375680281930919
1478,0.4184369742870331,0.3886561095714569,0.29780876636505127,0.00011364566120503864
1479,0.37702828645706177,0.3510018289089203,0.26026469469070435,0.0001135345024125456
1480,0.4095917344093323,0.3814588189125061,0.2813291549682617,0.00011342332658176555
1481,0.3794575035572052,0.35364988446235657,0.2580762803554535,0.00011331213385265524
1482,0.39230775833129883,0.3657052218914032,0.26602521538734436,0.00011320092436519276
1483,0.4145262837409973,0.3860984444618225,0.2842785120010376,0.00011308969825937725
1484,0.391266793012619,0.3641035556793213,0.2716323137283325,0.00011297845567522886
1485,0.41279080510139465,0.38428544998168945,0.285053551197052,0.00011286719675278838
1486,0.41168153285980225,0.38371720910072327,0.27964308857917786,0.00011275592163211726
1487,0.4190807342529297,0.39000529050827026,0.2907545268535614,0.00011264463045329728
1488,0.42899999022483826,0.3997863531112671,0.2921363413333893,0.00011253332335643043
1489,0.39818745851516724,0.3705597221851349,0.2762775123119354,0.00011242200048163882
1490,0.38979795575141907,0.36328309774398804,0.26514866948127747,0.0001123106619690643
1491,0.39360663294792175,0.3669237196445465,0.26682913303375244,0.0001121993079588685
1492,0.4129592776298523,0.38454851508140564,0.28410762548446655,0.00011208793859123257
1493,0.389055073261261,0.3626224994659424,0.26432573795318604,0.00011197655400635689
1494,0.38380125164985657,0.3572501838207245,0.26551058888435364,0.0001118651543444611
1495,0.3949321508407593,0.3680298924446106,0.26902255415916443,0.00011175373974578378
1496,0.4001559615135193,0.37285616993904114,0.2729979455471039,0.00011164231035058228
1497,0.38277918100357056,0.35622936487197876,0.26549819111824036,0.00011153086629913267
1498,0.39572814106941223,0.368338942527771,0.2738920748233795,0.00011141940773172939
1499,0.4152786433696747,0.38675442337989807,0.2852421998977661,0.00011130793478868515
1500,0.4260127544403076,0.3966016173362732,0.2941112518310547,0.00011119644761033078
1501,0.38996267318725586,0.36276721954345703,0.2719545066356659,0.00011108494633701512
1502,0.43066850304603577,0.4007565379142761,0.299119770526886,0.00011097343110910452
1503,0.4020709991455078,0.3746732771396637,0.2739771902561188,0.0001108619020669832
1504,0.42462536692619324,0.3955955505371094,0.2902982532978058,0.00011075035935105252
1505,0.3976059556007385,0.36994391679763794,0.2766202688217163,0.00011063880310173113
1506,0.3949216604232788,0.3676547706127167,0.27266886830329895,0.00011052723345945483
1507,0.3787466287612915,0.35301610827445984,0.2573051452636719,0.00011041565056467614
1508,0.40239331126213074,0.37474146485328674,0.27651846408843994,0.00011030405455786425
1509,0.3934495449066162,0.36642342805862427,0.2702612578868866,0.000110192445579505
1510,0.3950364589691162,0.3679772615432739,0.27059194445610046,0.00011008082377010045
1511,0.39549222588539124,0.3680849075317383,0.27407321333885193,0.00010996918927016886
1512,0.42494985461235046,0.39593395590782166,0.2901589870452881,0.00010985754222024436
1513,0.3791247606277466,0.35320112109184265,0.25923630595207214,0.00010974588276087705
1514,0.40908437967300415,0.3806254267692566,0.28458958864212036,0.00010963421103263252
1515,0.4052004814147949,0.37752461433410645,0.27675876021385193,0.00010952252717609188
1516,0.3766709566116333,0.35075536370277405,0.25915586948394775,0.00010941083133185146
1517,0.42701011896133423,0.397649347782135,0.29360780119895935,0.00010929912364052268
1518,0.4281637966632843,0.39873480796813965,0.2942899465560913,0.00010918740424273191
1519,0.3786240518093109,0.3523629605770111,0.2626110315322876,0.00010907567327912025
1520,0.3714456558227539,0.34616097807884216,0.252846896648407,0.00010896393089034336
1521,0.40205663442611694,0.37458112835884094,0.27475520968437195,0.00010885217721707124
1522,0.4109833836555481,0.38302919268608093,0.27954205870628357,0.00010874041239998816
1523,0.3959765136241913,0.36827439069747925,0.2770211100578308,0.00010862863657979237
1524,0.38856035470962524,0.361670583486557,0.2688977122306824,0.00010851684989719594
1525,0.3840426206588745,0.3572832942008972,0.2675933539867401,0.00010840505249292476
1526,0.39915621280670166,0.37186387181282043,0.2729235589504242,0.00010829324450771806
1527,0.3812083303928375,0.3549272418022156,0.26281094551086426,0.00010818142608232849
1528,0.40500444173812866,0.3771187365055084,0.27885711193084717,0.00010806959735752174
1529,0.4154798090457916,0.38698896765708923,0.28490835428237915,0.00010795775847407659
1530,0.3900710642337799,0.36330175399780273,0.26769301295280457,0.0001078459095727845
1531,0.40307337045669556,0.37456464767456055,0.2850871980190277,0.00010773405079444963
1532,0.3904699981212616,0.3636757731437683,0.26794227957725525,0.00010762218227988851
1533,0.4084544777870178,0.38014063239097595,0.2831384241580963,0.00010751030416992996
1534,0.4006551206111908,0.3729214072227478,0.27733707427978516,0.00010739841660541487
1535,0.3930719494819641,0.3661620616912842,0.2690987288951874,0.00010728651972719603
1536,0.41598623991012573,0.38705185055732727,0.28934386372566223,0.00010717461367613793
1537,0.4027835428714752,0.37525925040245056,0.27524298429489136,0.00010706269859311669
1538,0.40305095911026,0.37564805150032043,0.27402904629707336,0.00010695077461901968
1539,0.4000176191329956,0.3724730908870697,0.27544543147087097,0.00010683884189474558
1540,0.40409305691719055,0.37649422883987427,0.27598828077316284,0.00010672690056120399
1541,0.3847075402736664,0.358350932598114,0.2635660171508789,0.00010661495075931539
1542,0.40732696652412415,0.3791959285736084,0.2813103497028351,0.00010650299263001097
1543,0.38444384932518005,0.35827726125717163,0.26166585087776184,0.0001063910263142323
1544,0.4124680161476135,0.38407260179519653,0.283953994512558,0.00010627905195293135
1545,0.41242021322250366,0.3837268650531769,0.2869335114955902,0.00010616706968707015
1546,0.4117887616157532,0.38355639576911926,0.2823236286640167,0.00010605507965762074
1547,0.3884863555431366,0.36148232221603394,0.27004045248031616,0.00010594308200556483
1548,0.409139484167099,0.38055387139320374,0.2858562171459198,0.00010583107687189388
1549,0.4010242223739624,0.37343087792396545,0.2759334146976471,0.00010571906439760866
1550,0.4119439721107483,0.3833453953266144,0.2859858274459839,0.00010560704472371919
1551,0.4119602143764496,0.3832049071788788,0.28755301237106323,0.0001054950179912446
1552,0.3886144161224365,0.3616722524166107,0.2694215476512909,0.00010538298434121283
1553,0.3849445879459381,0.3582168221473694,0.2672775387763977,0.00010527094391466061
1554,0.41142019629478455,0.38299450278282166,0.28425705432891846,0.00010515889685263316
1555,0.4130626320838928,0.38481414318084717,0.2824847400188446,0.00010504684329618409
1556,0.4071349501609802,0.3791942298412323,0.27940717339515686,0.00010493478338637512
1557,0.404102087020874,0.37615564465522766,0.2794643044471741,0.00010482271726427598
1558,0.3926646113395691,0.36533722281455994,0.27327394485473633,0.00010471064507096426
1559,0.37749895453453064,0.35115155577659607,0.26347410678863525,0.00010459856694752521
1560,0.40003451704978943,0.3724081814289093,0.2762634754180908,0.00010448648303505151
1561,0.39535781741142273,0.36804020404815674,0.2731762230396271,0.00010437439347464306
1562,0.39655229449272156,0.36888793110847473,0.27664363384246826,0.00010426229840740705
1563,0.39976680278778076,0.37241777777671814,0.27349016070365906,0.00010415019797445738
1564,0.400277316570282,0.3729535639286041,0.27323758602142334,0.00010403809231691486
1565,0.38558515906333923,0.3588898479938507,0.2669530510902405,0.00010392598157590688
1566,0.38838136196136475,0.3618313670158386,0.26549988985061646,0.0001038138658925671
1567,0.39944809675216675,0.37229886651039124,0.27149224281311035,0.00010370174540803556
1568,0.4207087457180023,0.3914588689804077,0.29249873757362366,0.00010358962026345824
1569,0.41071823239326477,0.3822876811027527,0.2843055725097656,0.000103477490599987
1570,0.3886755704879761,0.3619246482849121,0.26750925183296204,0.00010336535655877942
1571,0.3928060531616211,0.36570772528648376,0.27098318934440613,0.00010325321828099854
1572,0.40390437841415405,0.3758937120437622,0.28010666370391846,0.00010314107590781284
1573,0.38027557730674744,0.3542947471141815,0.25980839133262634,0.00010302892958039583
1574,0.3980507254600525,0.37082454562187195,0.2722618281841278,0.00010291677943992608
1575,0.39956870675086975,0.3720705509185791,0.2749815583229065,0.0001028046256275869
1576,0.3956194519996643,0.3686743676662445,0.2694508135318756,0.00010269246828456629
1577,0.4216657876968384,0.3924050033092499,0.29260772466659546,0.00010258030755205665
1578,0.40374210476875305,0.37633219361305237,0.2740991711616516,0.00010246814357125463
1579,0.4073658883571625,0.37974798679351807,0.2761790454387665,0.00010235597648336104
1580,0.39351555705070496,0.36657312512397766,0.2694244384765625,0.00010224380642958052
1581,0.403145432472229,0.37531590461730957,0.2782951593399048,0.00010213163355112148
1582,0.378457248210907,0.3523236811161041,0.2613356411457062,0.00010201945798919593
1583,0.43069782853126526,0.40122199058532715,0.29475849866867065,0.00010190727988501913
1584,0.39829978346824646,0.3710322678089142,0.2726752460002899,0.00010179509937980973
1585,0.3888211250305176,0.3621162176132202,0.26704907417297363,0.00010168291661478923
1586,0.40581631660461426,0.37756186723709106,0.28254443407058716,0.00010157073173118208
1587,0.40910130739212036,0.3809930980205536,0.2810821533203125,0.00010145854487021532
1588,0.40299883484840393,0.3750469982624054,0.2795184552669525,0.00010134635617311853
1589,0.3941326141357422,0.3670116066932678,0.2712099254131317,0.00010123416578112365
1590,0.3693469166755676,0.34395572543144226,0.2539120316505432,0.0001011219738354646
1591,0.4033510088920593,0.3756229877471924,0.2772802710533142,0.00010100978047737741
1592,0.39018967747688293,0.36346665024757385,0.26723021268844604,0.00010089758584809979
1593,0.39320847392082214,0.36613285541534424,0.27075615525245667,0.00010078539008887114
1594,0.37118643522262573,0.3458763659000397,0.2531006336212158,0.00010067319334093219
1595,0.39865148067474365,0.3710554540157318,0.275960236787796,0.00010056099574552497
1596,0.3892320990562439,0.3624846041202545,0.26747506856918335,0.00010044879744389257
1597,0.38674265146255493,0.3605756163597107,0.2616702914237976,0.00010033659857727893
1598,0.3991432785987854,0.37153032422065735,0.2761296331882477,0.00010022439928692875
1599,0.3787701427936554,0.3525519073009491,0.2621823251247406,0.00010011219971408725
1600,0.4211687743663788,0.39172080159187317,0.2944796085357666,0.0001
1601,0.3865973949432373,0.3601815104484558,0.26415881514549255,9.988780028591278e-05
1602,0.41474613547325134,0.386419415473938,0.28326719999313354,9.977560071307129e-05
1603,0.40845805406570435,0.38045331835746765,0.2800474166870117,9.96634014227211e-05
1604,0.3856750726699829,0.3587772250175476,0.26897862553596497,9.955120255610746e-05
1605,0.3926374912261963,0.36553531885147095,0.27102163434028625,9.943900425447505e-05
1606,0.3834468722343445,0.35707002878189087,0.26376834511756897,9.932680665906783e-05
1607,0.3851906955242157,0.3585403859615326,0.26650306582450867,9.921460991112891e-05
1608,0.3913654386997223,0.36436355113983154,0.2700187563896179,9.910241415190021e-05
1609,0.3965609669685364,0.3693031966686249,0.27257779240608215,9.89902195226226e-05
1610,0.3780350685119629,0.351188600063324,0.268464595079422,9.887802616453542e-05
1611,0.3878367841243744,0.36130595207214355,0.26530832052230835,9.87658342188764e-05
1612,0.4027789533138275,0.37504029273986816,0.27738672494888306,9.865364382688145e-05
1613,0.3986697793006897,0.3710058033466339,0.2766396105289459,9.85414551297847e-05
1614,0.40185508131980896,0.3738276958465576,0.2802739441394806,9.842926826881796e-05
1615,0.4080347716808319,0.3801123797893524,0.2792239189147949,9.831708338521078e-05
1616,0.39182838797569275,0.3645937442779541,0.2723463773727417,9.820490062019029e-05
1617,0.3952023386955261,0.3679899275302887,0.2721239924430847,9.809272011498085e-05
1618,0.4037677049636841,0.37628433108329773,0.2748338580131531,9.798054201080411e-05
1619,0.40997204184532166,0.3819253146648407,0.28046730160713196,9.786836644887856e-05
1620,0.40775707364082336,0.3798908591270447,0.27866223454475403,9.775619357041952e-05
1621,0.3964200019836426,0.3695085644721985,0.26911434531211853,9.764402351663901e-05
1622,0.4055210053920746,0.37766775488853455,0.27853262424468994,9.753185642874537e-05
1623,0.40192341804504395,0.37381309270858765,0.28110331296920776,9.741969244794338e-05
1624,0.40690988302230835,0.37902188301086426,0.278879851102829,9.730753171543374e-05
1625,0.3724692761898041,0.34688645601272583,0.25582820177078247,9.719537437241312e-05
1626,0.3955334424972534,0.3684505522251129,0.2708287537097931,9.708322056007397e-05
1627,0.37327200174331665,0.3470461964607239,0.2622579336166382,9.697107041960417e-05
1628,0.41327589750289917,0.384652316570282,0.28623583912849426,9.685892409218717e-05
1629,0.37994876503944397,0.354113906621933,0.25834861397743225,9.674678171900147e-05
1630,0.39650383591651917,0.3694971799850464,0.2700665295124054,9.663464344122064e-05
1631,0.40701842308044434,0.3787316381931305,0.28286778926849365,9.652250940001302e-05
1632,0.38603270053863525,0.35972484946250916,0.26307860016822815,9.641037973654178e-05
1633,0.4159489870071411,0.38727718591690063,0.2867179811000824,9.629825459196446e-05
1634,0.42366090416908264,0.39458832144737244,0.29072579741477966,9.618613410743291e-05
1635,0.39929208159446716,0.37201744318008423,0.2727462649345398,9.607401842409317e-05
1636,0.40642645955085754,0.37848877906799316,0.27937671542167664,9.596190768308515e-05
1637,0.4073582887649536,0.3787042200565338,0.28654059767723083,9.584980202554266e-05
1638,0.4251251518726349,0.3957591950893402,0.2936594784259796,9.573770159259299e-05
1639,0.3840157687664032,0.3575698435306549,0.2644593417644501,9.562560652535695e-05
1640,0.3909727931022644,0.36398255825042725,0.26990246772766113,9.551351696494854e-05
1641,0.3719028830528259,0.34645354747772217,0.25449338555336,9.540143305247478e-05
1642,0.3878154158592224,0.3611091077327728,0.26706311106681824,9.528935492903575e-05
1643,0.41673731803894043,0.3881518244743347,0.2858550250530243,9.517728273572403e-05
1644,0.39958786964416504,0.37178343534469604,0.2780444025993347,9.506521661362493e-05
1645,0.38322553038597107,0.35695144534111023,0.26274093985557556,9.495315670381591e-05
1646,0.4281521737575531,0.3979552388191223,0.3019692599773407,9.484110314736682e-05
1647,0.3939940333366394,0.3665734529495239,0.2742058038711548,9.472905608533941e-05
1648,0.3964930772781372,0.3693621754646301,0.2713090181350708,9.461701565878719e-05
1649,0.3871855139732361,0.36039599776268005,0.2678951025009155,9.450498200875546e-05
1650,0.3867728114128113,0.3597937822341919,0.26979026198387146,9.439295527628081e-05
1651,0.4177948832511902,0.3886401653289795,0.2915472388267517,9.428093560239135e-05
1652,0.38002002239227295,0.35385045409202576,0.2616957426071167,9.416892312810614e-05
1653,0.4044426381587982,0.37664178013801575,0.27800866961479187,9.40569179944352e-05
1654,0.42063194513320923,0.39169949293136597,0.28932464122772217,9.394492034237931e-05
1655,0.387778639793396,0.3612692058086395,0.26509448885917664,9.383293031292985e-05
1656,0.40546777844429016,0.37735116481781006,0.2811661660671234,9.372094804706867e-05
1657,0.38581687211990356,0.3595143258571625,0.2630253732204437,9.360897368576772e-05
1658,0.4112641215324402,0.3827989101409912,0.2846520245075226,9.349700736998908e-05
1659,0.37752628326416016,0.35142481327056885,0.261014848947525,9.338504924068462e-05
1660,0.39705947041511536,0.36955997347831726,0.27499496936798096,9.327309943879604e-05
1661,0.3980157971382141,0.37034958600997925,0.2766619622707367,9.316115810525446e-05
1662,0.4001411199569702,0.37232705950737,0.27814069390296936,9.304922538098035e-05
1663,0.39701876044273376,0.3698534071445465,0.27165359258651733,9.293730140688336e-05
1664,0.3973614275455475,0.37000367045402527,0.27357760071754456,9.282538632386207e-05
1665,0.39533475041389465,0.36826562881469727,0.2706910967826843,9.2713480272804e-05
1666,0.38753777742385864,0.3611227571964264,0.26415032148361206,9.260158339458514e-05
1667,0.38432738184928894,0.3577810227870941,0.2654634714126587,9.248969583007005e-05
1668,0.38578301668167114,0.3589966297149658,0.26786381006240845,9.237781772011153e-05
1669,0.3982788324356079,0.370400995016098,0.2787783741950989,9.226594920555037e-05
1670,0.3981243669986725,0.37094536423683167,0.2717899680137634,9.215409042721552e-05
1671,0.39870113134384155,0.37129873037338257,0.27402403950691223,9.204224152592343e-05
1672,0.40163058042526245,0.3741098940372467,0.2752067744731903,9.193040264247829e-05
1673,0.3980197310447693,0.37068626284599304,0.2733345925807953,9.181857391767157e-05
1674,0.38611990213394165,0.35941609740257263,0.26703813672065735,9.170675549228194e-05
1675,0.3856014907360077,0.35863491892814636,0.2696656286716461,9.159494750707526e-05
1676,0.3879097104072571,0.36135634779930115,0.2655335068702698,9.148315010280408e-05
1677,0.3910485804080963,0.3636188507080078,0.27429741621017456,9.137136342020768e-05
1678,0.391371488571167,0.36399537324905396,0.2737610936164856,9.125958760001189e-05
1679,0.40363338589668274,0.37584924697875977,0.27784135937690735,9.114782278292876e-05
1680,0.36213263869285583,0.3369070291519165,0.25225600600242615,9.103606910965666e-05
1681,0.39799046516418457,0.37041133642196655,0.2757912278175354,9.092432672087977e-05
1682,0.40062427520751953,0.3733387887477875,0.27285492420196533,9.08125957572681e-05
1683,0.4018726646900177,0.3745536506175995,0.27319008111953735,9.070087635947733e-05
1684,0.36976227164268494,0.344724178314209,0.2503810226917267,9.058916866814858e-05
1685,0.4041610360145569,0.3760940134525299,0.2806701958179474,9.047747282390815e-05
1686,0.3727969527244568,0.34681183099746704,0.25985124707221985,9.036578896736752e-05
1687,0.39948976039886475,0.3720299005508423,0.27459850907325745,9.025411723912298e-05
1688,0.41539430618286133,0.38677969574928284,0.28614604473114014,9.014245777975565e-05
1689,0.41071900725364685,0.38258737325668335,0.28131622076034546,9.003081072983117e-05
1690,0.40828949213027954,0.3801046907901764,0.28184789419174194,8.991917622989956e-05
1691,0.3924434781074524,0.36537864804267883,0.27064836025238037,8.980755442049502e-05
1692,0.41982436180114746,0.39050477743148804,0.293195903301239,8.969594544213578e-05
1693,0.38892051577568054,0.3621658980846405,0.267546147108078,8.95843494353239e-05
1694,0.4000767767429352,0.3724268674850464,0.27649903297424316,8.947276654054518e-05
1695,0.3835042417049408,0.3575955331325531,0.2590870261192322,8.936119689826888e-05
1696,0.38122469186782837,0.3552567660808563,0.2596793472766876,8.924964064894753e-05
1697,0.3924861252307892,0.3653483986854553,0.2713773846626282,8.913809793301681e-05
1698,0.38408204913139343,0.35735687613487244,0.26725175976753235,8.902656889089548e-05
1699,0.385101854801178,0.3583655059337616,0.2673635184764862,8.891505366298492e-05
1700,0.3821227550506592,0.35608425736427307,0.2603849172592163,8.880355238966923e-05
1701,0.39290034770965576,0.36560073494911194,0.27299609780311584,8.869206521131489e-05
1702,0.3917432427406311,0.3649241030216217,0.2681913375854492,8.858059226827062e-05
1703,0.3844689130783081,0.3578430116176605,0.26625916361808777,8.846913370086734e-05
1704,0.39857208728790283,0.371082603931427,0.27489471435546875,8.835768964941773e-05
1705,0.40096449851989746,0.3731388747692108,0.27825623750686646,8.824626025421626e-05
1706,0.38801833987236023,0.3610479533672333,0.26970386505126953,8.813484565553893e-05
1707,0.39141029119491577,0.36456504464149475,0.2684524655342102,8.802344599364312e-05
1708,0.3764076232910156,0.3498587906360626,0.2654881775379181,8.791206140876746e-05
1709,0.3961785137653351,0.3688681423664093,0.2731036841869354,8.780069204113153e-05
1710,0.412136971950531,0.38361263275146484,0.285243421792984,8.768933803093573e-05
1711,0.4003407657146454,0.3729427456855774,0.2739800810813904,8.757799951836123e-05
1712,0.38264909386634827,0.35618600249290466,0.26463085412979126,8.746667664356956e-05
1713,0.37947213649749756,0.3530831038951874,0.26389047503471375,8.735536954670275e-05
1714,0.40400055050849915,0.3762393593788147,0.2776118516921997,8.724407836788276e-05
1715,0.37122347950935364,0.3455556333065033,0.2566784620285034,8.713280324721163e-05
1716,0.38024628162384033,0.3543466031551361,0.25899678468704224,8.702154432477115e-05
1717,0.38872069120407104,0.36246374249458313,0.2625696063041687,8.691030174062273e-05
1718,0.37410756945610046,0.34818121790885925,0.2592636048793793,8.679907563480726e-05
1719,0.3935445249080658,0.366693377494812,0.2685115933418274,8.668786614734478e-05
1720,0.3842755854129791,0.35795697569847107,0.26318618655204773,8.657667341823448e-05
1721,0.3854670524597168,0.35850805044174194,0.2695900797843933,8.64654975874544e-05
1722,0.3798171579837799,0.3538406193256378,0.25976526737213135,8.63543387949614e-05
1723,0.40762728452682495,0.3794126808643341,0.2821459174156189,8.624319718069084e-05
1724,0.37644535303115845,0.35082221031188965,0.2562313973903656,8.613207288455643e-05
1725,0.38480764627456665,0.358170747756958,0.2663688361644745,8.602096604645009e-05
1726,0.3869936764240265,0.36033302545547485,0.26660647988319397,8.590987680624174e-05
1727,0.3894445598125458,0.36301279067993164,0.26431769132614136,8.579880530377926e-05
1728,0.39109110832214355,0.36413925886154175,0.26951855421066284,8.568775167888806e-05
1729,0.39017194509506226,0.3635495901107788,0.2662236988544464,8.557671607137114e-05
1730,0.39809924364089966,0.3699939250946045,0.28105318546295166,8.546569862100876e-05
1731,0.4036107361316681,0.3758543133735657,0.2775641083717346,8.53546994675583e-05
1732,0.3791700005531311,0.35257482528686523,0.26595187187194824,8.524371875075425e-05
1733,0.3882239758968353,0.36131420731544495,0.26909759640693665,8.51327566103077e-05
1734,0.4037831723690033,0.3758943974971771,0.2788877785205841,8.502181318590652e-05
1735,0.38547465205192566,0.35909590125083923,0.2637876272201538,8.491088861721486e-05
1736,0.4041765332221985,0.37656867504119873,0.27607861161231995,8.479998304387329e-05
1737,0.38677018880844116,0.360008180141449,0.2676200866699219,8.468909660549837e-05
1738,0.3912053406238556,0.36481043696403503,0.2639489471912384,8.457822944168257e-05
1739,0.40909430384635925,0.38079431653022766,0.28299984335899353,8.446738169199418e-05
1740,0.40573883056640625,0.3772362172603607,0.2850261926651001,8.435655349597689e-05
1741,0.39110222458839417,0.3641129434108734,0.26989272236824036,8.424574499315e-05
1742,0.3952743411064148,0.36813363432884216,0.2714070975780487,8.413495632300784e-05
1743,0.372657835483551,0.34715166687965393,0.2550617754459381,8.402418762501982e-05
1744,0.37894052267074585,0.35281723737716675,0.2612329423427582,8.391343903863018e-05
1745,0.41937243938446045,0.3900565803050995,0.2931584417819977,8.380271070325789e-05
1746,0.39958757162094116,0.37201282382011414,0.2757474184036255,8.369200275829649e-05
1747,0.4001156687736511,0.37260276079177856,0.2751290500164032,8.358131534311372e-05
1748,0.43433627486228943,0.40409085154533386,0.30245426297187805,8.347064859705153e-05
1749,0.40154436230659485,0.3736690282821655,0.278753399848938,8.336000265942581e-05
1750,0.36978596448898315,0.3441341519355774,0.25651803612709045,8.324937766952638e-05
1751,0.38587313890457153,0.3591809868812561,0.26692166924476624,8.313877376661652e-05
1752,0.37959420680999756,0.3534901440143585,0.2610406279563904,8.302819108993312e-05
1753,0.4026797413825989,0.3744974732398987,0.28182271122932434,8.291762977868625e-05
1754,0.39997240900993347,0.37219464778900146,0.27777767181396484,8.280708997205904e-05
1755,0.4003489911556244,0.3729400336742401,0.2740895748138428,8.269657180920774e-05
1756,0.3878863751888275,0.36121976375579834,0.2666662335395813,8.258607542926114e-05
1757,0.38418710231781006,0.35770443081855774,0.2648267447948456,8.247560097132076e-05
1758,0.40195024013519287,0.3745296001434326,0.2742065191268921,8.236514857446045e-05
1759,0.38765960931777954,0.3607965409755707,0.26863059401512146,8.225471837772623e-05
1760,0.3720199465751648,0.3459114134311676,0.26108518242836,8.214431052013634e-05
1761,0.36113616824150085,0.33621373772621155,0.24922426044940948,8.203392514068074e-05
1762,0.37868836522102356,0.35243549942970276,0.2625286281108856,8.19235623783212e-05
1763,0.38173016905784607,0.3551841676235199,0.26545992493629456,8.181322237199094e-05
1764,0.3734981417655945,0.3480336666107178,0.2546447217464447,8.170290526059452e-05
1765,0.4100748598575592,0.3817150592803955,0.28359803557395935,8.159261118300782e-05
1766,0.3747992217540741,0.3492841422557831,0.2551507353782654,8.14823402780776e-05
1767,0.4306870996952057,0.400857537984848,0.2982955574989319,8.13720926846214e-05
1768,0.44035041332244873,0.4099057912826538,0.30444616079330444,8.126186854142752e-05
1769,0.4117453098297119,0.3833918869495392,0.28353437781333923,8.115166798725478e-05
1770,0.40035343170166016,0.37291738390922546,0.27436044812202454,8.104149116083216e-05
1771,0.38207748532295227,0.3555198311805725,0.26557666063308716,8.093133820085888e-05
1772,0.3870111107826233,0.3603163957595825,0.2669471502304077,8.0821209246004e-05
1773,0.40854769945144653,0.380316823720932,0.2823086977005005,8.071110443490652e-05
1774,0.4004686176776886,0.37329474091529846,0.27173882722854614,8.060102390617493e-05
1775,0.417032927274704,0.3882385194301605,0.2879439890384674,8.049096779838719e-05
1776,0.38823238015174866,0.3616369664669037,0.2659541070461273,8.038093625009052e-05
1777,0.38440245389938354,0.35778045654296875,0.2662198841571808,8.027092939980115e-05
1778,0.3900338411331177,0.36341333389282227,0.2662050127983093,8.016094738600435e-05
1779,0.43856102228164673,0.40860801935195923,0.2995300889015198,8.005099034715404e-05
1780,0.40557488799095154,0.37771156430244446,0.2786332666873932,7.994105842167273e-05
1781,0.38733378052711487,0.3608066141605377,0.26527178287506104,7.983115174795128e-05
1782,0.3838082551956177,0.3573782444000244,0.26430007815361023,7.972127046434878e-05
1783,0.38217827677726746,0.3558669090270996,0.2631136178970337,7.961141470919233e-05
1784,0.38194140791893005,0.35511940717697144,0.2682200074195862,7.950158462077697e-05
1785,0.3942364752292633,0.3668453097343445,0.27391159534454346,7.939178033736538e-05
1786,0.39438819885253906,0.3674020767211914,0.2698613703250885,7.928200199718774e-05
1787,0.3855057954788208,0.3585188686847687,0.26986923813819885,7.917224973844152e-05
1788,0.3962751030921936,0.3688315451145172,0.27443552017211914,7.906252369929154e-05
1789,0.4120534360408783,0.38358381390571594,0.28469616174697876,7.895282401786945e-05
1790,0.3904554545879364,0.3638187050819397,0.26636749505996704,7.884315083227373e-05
1791,0.41970932483673096,0.39112982153892517,0.2857949435710907,7.873350428056957e-05
1792,0.3825400769710541,0.3564406931400299,0.2609938681125641,7.862388450078855e-05
1793,0.41242268681526184,0.38391467928886414,0.28508007526397705,7.851429163092868e-05
1794,0.401496022939682,0.3738243281841278,0.2767168879508972,7.840472580895396e-05
1795,0.4168301224708557,0.3883391320705414,0.28490978479385376,7.829518717279438e-05
1796,0.37713971734046936,0.3513517379760742,0.2578798234462738,7.818567586034577e-05
1797,0.3935009837150574,0.36625581979751587,0.2724516987800598,7.807619200946942e-05
1798,0.3891216218471527,0.3621823489665985,0.26939281821250916,7.796673575799224e-05
1799,0.37934309244155884,0.3531985580921173,0.2614454925060272,7.785730724370625e-05
1800,0.3911583423614502,0.36445316672325134,0.26705166697502136,7.774790660436858e-05
1801,0.4016217887401581,0.37354782223701477,0.2807397246360779,7.763853397770131e-05
1802,0.4218248426914215,0.3924503028392792,0.2937452793121338,7.752918950139119e-05
1803,0.3699802756309509,0.3440324664115906,0.2594780921936035,7.741987331308964e-05
1804,0.40822944045066833,0.3802165985107422,0.28012844920158386,7.731058555041237e-05
1805,0.3905518054962158,0.3637468218803406,0.268049955368042,7.720132635093934e-05
1806,0.4035547375679016,0.3763328790664673,0.27221861481666565,7.709209585221451e-05
1807,0.3977392315864563,0.37057915329933167,0.2716009020805359,7.69828941917458e-05
1808,0.3865372836589813,0.35997360944747925,0.2656368613243103,7.68737215070048e-05
1809,0.3595362603664398,0.33457711338996887,0.24959146976470947,7.676457793542654e-05
1810,0.4055813252925873,0.3777245581150055,0.2785675823688507,7.66554636144095e-05
1811,0.40362775325775146,0.37577444314956665,0.2785331904888153,7.654637868131521e-05
1812,0.4153464734554291,0.3865754306316376,0.2877104878425598,7.643732327346842e-05
1813,0.39996999502182007,0.3724775016307831,0.2749248147010803,7.63282975281565e-05
1814,0.396505743265152,0.36929160356521606,0.2721414864063263,7.621930158262958e-05
1815,0.39075735211372375,0.36371833086013794,0.270390123128891,7.611033557410026e-05
1816,0.3472048342227936,0.3236260712146759,0.23578768968582153,7.600139963974341e-05
1817,0.4053395986557007,0.377658486366272,0.2768110930919647,7.589249391669616e-05
1818,0.3538517653942108,0.32965007424354553,0.24201683700084686,7.578361854205743e-05
1819,0.3703353703022003,0.34480613470077515,0.25529223680496216,7.567477365288813e-05
1820,0.3758530020713806,0.3498583734035492,0.25994643568992615,7.556595938621058e-05
1821,0.3814363181591034,0.35498031973838806,0.2645600140094757,7.545717587900879e-05
1822,0.3916519284248352,0.3648214638233185,0.2683044970035553,7.534842326822785e-05
1823,0.39611271023750305,0.3687918782234192,0.2732082009315491,7.523970169077402e-05
1824,0.3766724467277527,0.35054755210876465,0.2612490653991699,7.513101128351454e-05
1825,0.3753657639026642,0.34936466813087463,0.2600109577178955,7.502235218327731e-05
1826,0.3833177089691162,0.3568178117275238,0.2649988830089569,7.491372452685094e-05
1827,0.3845377266407013,0.3578001856803894,0.2673754096031189,7.48051284509844e-05
1828,0.3925970196723938,0.3656400442123413,0.26956990361213684,7.469656409238685e-05
1829,0.39002904295921326,0.36331164836883545,0.2671738266944885,7.458803158772758e-05
1830,0.37020376324653625,0.3444400429725647,0.2576371133327484,7.447953107363574e-05
1831,0.38751691579818726,0.36042851209640503,0.2708840072154999,7.437106268670034e-05
1832,0.38742583990097046,0.36093056201934814,0.2649528980255127,7.426262656346978e-05
1833,0.3980008363723755,0.37044844031333923,0.2755238711833954,7.41542228404519e-05
1834,0.4011443853378296,0.373457670211792,0.2768673002719879,7.404585165411377e-05
1835,0.4045538306236267,0.3768922984600067,0.27661535143852234,7.393751314088146e-05
1836,0.3806377649307251,0.3544227182865143,0.26215046644210815,7.382920743713999e-05
1837,0.3923755884170532,0.3652555048465729,0.2712007462978363,7.372093467923302e-05
1838,0.3974810540676117,0.3698710799217224,0.27609965205192566,7.361269500346274e-05
1839,0.37680989503860474,0.3509776294231415,0.25832268595695496,7.350448854608962e-05
1840,0.36817270517349243,0.3427620232105255,0.2541068494319916,7.339631544333249e-05
1841,0.4014372229576111,0.37394627928733826,0.2749093174934387,7.328817583136804e-05
1842,0.3931083679199219,0.3659110367298126,0.2719731628894806,7.318006984633085e-05
1843,0.3853088319301605,0.35856956243515015,0.2673925757408142,7.307199762431319e-05
1844,0.412246972322464,0.3836948573589325,0.28552109003067017,7.29639593013647e-05
1845,0.39607125520706177,0.36875858902931213,0.2731267511844635,7.285595501349258e-05
1846,0.38279566168785095,0.3563527762889862,0.26442885398864746,7.274798489666097e-05
1847,0.384321004152298,0.3579805791378021,0.26340433955192566,7.264004908679112e-05
1848,0.3938121199607849,0.3664034307003021,0.27408698201179504,7.2532147719761e-05
1849,0.3921702206134796,0.364881694316864,0.2728852927684784,7.242428093140525e-05
1850,0.3897048830986023,0.3627986013889313,0.26906293630599976,7.231644885751507e-05
1851,0.387029767036438,0.3599490225315094,0.27080756425857544,7.220865163383784e-05
1852,0.4019310474395752,0.37437108159065247,0.27559953927993774,7.210088939607708e-05
1853,0.3842511773109436,0.3574729561805725,0.2677822709083557,7.199316227989236e-05
1854,0.3860946595668793,0.3595654368400574,0.265292227268219,7.18854704208989e-05
1855,0.3868688642978668,0.360082745552063,0.26786118745803833,7.177781395466772e-05
1856,0.3933459222316742,0.3662261664867401,0.271197646856308,7.167019301672509e-05
1857,0.36276257038116455,0.33766090869903564,0.251016765832901,7.156260774255262e-05
1858,0.37918123602867126,0.3529103398323059,0.26270896196365356,7.145505826758707e-05
1859,0.45884019136428833,0.427442729473114,0.3139747381210327,7.134754472722017e-05
1860,0.40474605560302734,0.37683990597724915,0.2790614664554596,7.124006725679828e-05
1861,0.4015592932701111,0.37345659732818604,0.2810269594192505,7.113262599162245e-05
1862,0.3915892541408539,0.36465975642204285,0.2692950963973999,7.102522106694808e-05
1863,0.4041098654270172,0.37594208121299744,0.281677782535553,7.09178526179849e-05
1864,0.377395361661911,0.3514871597290039,0.2590821087360382,7.081052077989667e-05
1865,0.39448121190071106,0.3669189512729645,0.27562272548675537,7.07032256878011e-05
1866,0.4062269330024719,0.3784487247467041,0.2777821123600006,7.059596747676962e-05
1867,0.3879692852497101,0.36069920659065247,0.272700697183609,7.048874628182722e-05
1868,0.41139429807662964,0.38331180810928345,0.2808249592781067,7.038156223795224e-05
1869,0.3867006003856659,0.35987377166748047,0.26826825737953186,7.027441548007641e-05
1870,0.3900293707847595,0.3629131615161896,0.2711619436740875,7.01673061430844e-05
1871,0.3742011785507202,0.34857290983200073,0.2562826871871948,7.006023436181377e-05
1872,0.3872087299823761,0.360443651676178,0.2676507234573364,6.995320027105481e-05
1873,0.3800269365310669,0.35372281074523926,0.26304131746292114,6.984620400555044e-05
1874,0.3780951499938965,0.3514467775821686,0.2664836049079895,6.973924569999585e-05
1875,0.38407421112060547,0.3574431836605072,0.2663104236125946,6.963232548903853e-05
1876,0.40559840202331543,0.3775818645954132,0.28016534447669983,6.952544350727799e-05
1877,0.3898959457874298,0.3630494475364685,0.26846498250961304,6.94185998892655e-05
1878,0.3667798638343811,0.3417764902114868,0.2500336170196533,6.931179476950429e-05
1879,0.39445018768310547,0.3669794201850891,0.2747075855731964,6.920502828244889e-05
1880,0.38909411430358887,0.3619857132434845,0.2710840106010437,6.909830056250527e-05
1881,0.3869612216949463,0.36026862263679504,0.26692602038383484,6.899161174403064e-05
1882,0.3910013437271118,0.3639850616455078,0.2701626718044281,6.888496196133317e-05
1883,0.37639233469963074,0.3503580689430237,0.26034262776374817,6.877835134867196e-05
1884,0.39274677634239197,0.3657541275024414,0.2699264585971832,6.867178004025676e-05
1885,0.3697231411933899,0.344286173582077,0.2543695569038391,6.85652481702478e-05
1886,0.39733317494392395,0.3697449266910553,0.275882363319397,6.845875587275576e-05
1887,0.38534173369407654,0.35870465636253357,0.26637083292007446,6.835230328184138e-05
1888,0.4052659571170807,0.3774445056915283,0.27821460366249084,6.824589053151558e-05
1889,0.37041181325912476,0.34481143951416016,0.25600361824035645,6.813951775573896e-05
1890,0.42013636231422424,0.39088574051856995,0.29250627756118774,6.803318508842187e-05
1891,0.3803461492061615,0.3545398712158203,0.2580627202987671,6.792689266342416e-05
1892,0.3614095449447632,0.3363107442855835,0.2509879171848297,6.782064061455504e-05
1893,0.4005793333053589,0.37313273549079895,0.27446606755256653,6.77144290755729e-05
1894,0.40394648909568787,0.3762377202510834,0.2770877480506897,6.760825818018508e-05
1895,0.3760039508342743,0.34993693232536316,0.2606702148914337,6.750212806204777e-05
1896,0.4153137803077698,0.3867851495742798,0.2852862775325775,6.739603885476582e-05
1897,0.38313159346580505,0.35613030195236206,0.2700130343437195,6.728999069189263e-05
1898,0.3673621416091919,0.3424956798553467,0.24866455793380737,6.718398370692993e-05
1899,0.3867354393005371,0.35971754789352417,0.27017879486083984,6.707801803332754e-05
1900,0.40452855825424194,0.3769666254520416,0.27561938762664795,6.697209380448333e-05
1901,0.3800009787082672,0.3537074029445648,0.2629358172416687,6.68662111537429e-05
1902,0.41007551550865173,0.38173070549964905,0.2834480106830597,6.676037021439971e-05
1903,0.41052961349487305,0.3822205364704132,0.2830907106399536,6.665457111969451e-05
1904,0.3920835852622986,0.3649478852748871,0.27135714888572693,6.654881400281547e-05
1905,0.3862510919570923,0.35977810621261597,0.264729768037796,6.644309899689793e-05
1906,0.3891911804676056,0.3626290261745453,0.2656214237213135,6.63374262350241e-05
1907,0.3724307417869568,0.34711799025535583,0.25312748551368713,6.623179585022316e-05
1908,0.3884759545326233,0.3618071675300598,0.26668792963027954,6.612620797547087e-05
1909,0.3809385895729065,0.35449251532554626,0.26446062326431274,6.602066274368947e-05
1910,0.3891048729419708,0.3625415861606598,0.2656328082084656,6.59151602877475e-05
1911,0.39904704689979553,0.3710256516933441,0.2802138924598694,6.580970074045975e-05
1912,0.3983973264694214,0.3709336817264557,0.27463632822036743,6.570428423458687e-05
1913,0.37170031666755676,0.34610772132873535,0.2559259831905365,6.559891090283537e-05
1914,0.3982512354850769,0.3709738850593567,0.272773414850235,6.549358087785744e-05
1915,0.37730807065963745,0.35122478008270264,0.2608327567577362,6.538829429225069e-05
1916,0.39609766006469727,0.3689855635166168,0.2711208164691925,6.528305127855816e-05
1917,0.37899452447891235,0.3527086675167084,0.26285871863365173,6.517785196926792e-05
1918,0.3504454493522644,0.32636895775794983,0.2407650500535965,6.507269649681307e-05
1919,0.4108235239982605,0.38259559869766235,0.2822794020175934,6.496758499357148e-05
1920,0.38533902168273926,0.3589811623096466,0.2635786235332489,6.486251759186572e-05
1921,0.4087282121181488,0.3806247413158417,0.28103476762771606,6.475749442396289e-05
1922,0.3689213991165161,0.3435274660587311,0.25393927097320557,6.465251562207431e-05
1923,0.3884720802307129,0.36156079173088074,0.26911303400993347,6.454758131835545e-05
1924,0.4060397148132324,0.37727534770965576,0.2876436412334442,6.44426916449058e-05
1925,0.36901313066482544,0.3432527482509613,0.2576037645339966,6.43378467337687e-05
1926,0.4149682819843292,0.3867911696434021,0.281771183013916,6.423304671693107e-05
1927,0.39834949374198914,0.3708489239215851,0.2750057578086853,6.412829172632338e-05
1928,0.3659806549549103,0.34117019176483154,0.2481045424938202,6.402358189381934e-05
1929,0.4028160572052002,0.3744952380657196,0.2832082211971283,6.391891735123582e-05
1930,0.3880394995212555,0.36104410886764526,0.26995381712913513,6.38142982303328e-05
1931,0.39800307154655457,0.37069395184516907,0.27309122681617737,6.370972466281291e-05
1932,0.38281381130218506,0.3564729690551758,0.2634083926677704,6.360519678032157e-05
1933,0.4079101085662842,0.37972500920295715,0.2818509340286255,6.350071471444661e-05
1934,0.37537845969200134,0.3496262729167938,0.2575218081474304,6.339627859671814e-05
1935,0.39710643887519836,0.3700074553489685,0.27098989486694336,6.32918885586086e-05
1936,0.3589138090610504,0.3339509665966034,0.24962842464447021,6.318754473153221e-05
1937,0.38767924904823303,0.36121422052383423,0.2646501958370209,6.308324724684518e-05
1938,0.38067102432250977,0.3543994426727295,0.26271578669548035,6.297899623584532e-05
1939,0.3831022381782532,0.35688990354537964,0.26212337613105774,6.287479182977184e-05
1940,0.386130690574646,0.3595045804977417,0.2662610709667206,6.277063415980549e-05
1941,0.39233967661857605,0.3656398355960846,0.2669983506202698,6.266652335706802e-05
1942,0.38483926653862,0.358521968126297,0.26317298412323,6.256245955262221e-05
1943,0.37174203991889954,0.34536615014076233,0.2637588083744049,6.245844287747168e-05
1944,0.39315664768218994,0.3659912347793579,0.2716539800167084,6.23544734625608e-05
1945,0.3737379312515259,0.34819504618644714,0.25542891025543213,6.225055143877434e-05
1946,0.40463516116142273,0.3760160505771637,0.28619101643562317,6.214667693693744e-05
1947,0.3952769935131073,0.36783310770988464,0.2744389474391937,6.20428500878154e-05
1948,0.40183505415916443,0.3744259476661682,0.2740911543369293,6.193907102211358e-05
1949,0.40679284930229187,0.3787652850151062,0.2802756726741791,6.183533987047716e-05
1950,0.3999595046043396,0.37232720851898193,0.27632302045822144,6.173165676349103e-05
1951,0.39539825916290283,0.3677908778190613,0.2760739028453827,6.162802183167954e-05
1952,0.39003321528434753,0.3630197048187256,0.2701350152492523,6.152443520550641e-05
1953,0.4349840581417084,0.40500614047050476,0.2997792065143585,6.14208970153746e-05
1954,0.3948758840560913,0.3675276041030884,0.2734827399253845,6.1317407391626e-05
1955,0.3805822432041168,0.35425305366516113,0.26329201459884644,6.121396646454149e-05
1956,0.39716729521751404,0.36938613653182983,0.27781158685684204,6.111057436434056e-05
1957,0.4080125689506531,0.3798055648803711,0.28206995129585266,6.1007231221181206e-05
1958,0.3734544515609741,0.34804007411003113,0.25414368510246277,6.090393716515983e-05
1959,0.39460548758506775,0.36695176362991333,0.2765372097492218,6.0800692326311095e-05
1960,0.3795194625854492,0.3532381057739258,0.2628136873245239,6.069749683460765e-05
1961,0.4128195643424988,0.38420918583869934,0.2861038148403168,6.059435081996001e-05
1962,0.4050373435020447,0.3770199120044708,0.2801743149757385,6.049125441221639e-05
1963,0.39266008138656616,0.3654748201370239,0.27185261249542236,6.038820774116265e-05
1964,0.4039147198200226,0.3757939040660858,0.2812081277370453,6.0285210936521955e-05
1965,0.37493202090263367,0.34917160868644714,0.25760406255722046,6.018226412795469e-05
1966,0.4067597985267639,0.379147469997406,0.27612319588661194,6.0079367445058354e-05
1967,0.38194510340690613,0.35501137375831604,0.2693372666835785,5.997652101736726e-05
1968,0.38282084465026855,0.3554840087890625,0.2733685076236725,5.9873724974352585e-05
1969,0.4081414043903351,0.3804137110710144,0.27727681398391724,5.977097944542198e-05
1970,0.38056668639183044,0.35438740253448486,0.2617928981781006,5.9668284559919504e-05
1971,0.34897997975349426,0.32480722665786743,0.24172751605510712,5.956564044712551e-05
1972,0.40685737133026123,0.3785859942436218,0.2827138900756836,5.94630472362564e-05
1973,0.3730117380619049,0.3472949266433716,0.2571680247783661,5.936050505646452e-05
1974,0.38742560148239136,0.3604331314563751,0.26992475986480713,5.925801403683797e-05
1975,0.37422898411750793,0.34808579087257385,0.2614319622516632,5.9155574306400395e-05
1976,0.3758479654788971,0.34996822476387024,0.2587973475456238,5.9053185994110974e-05
1977,0.4097284972667694,0.3820429742336273,0.2768552899360657,5.8950849228864025e-05
1978,0.375760018825531,0.34918951988220215,0.2657049298286438,5.884856413948913e-05
1979,0.3958396017551422,0.3679848611354828,0.2785474359989166,5.87463308547507e-05
1980,0.41464078426361084,0.38607630133628845,0.2856447696685791,5.864414950334796e-05
1981,0.4009189307689667,0.37318718433380127,0.2773175835609436,5.8542020213914726e-05
1982,0.40051180124282837,0.3728829324245453,0.27628880739212036,5.843994311501939e-05
1983,0.37793436646461487,0.35182565450668335,0.2610871493816376,5.833791833516453e-05
1984,0.39017951488494873,0.36305320262908936,0.2712630331516266,5.82359460027869e-05
1985,0.366976797580719,0.3416236340999603,0.2535315752029419,5.8134026246257225e-05
1986,0.37471461296081543,0.34889668226242065,0.2581793963909149,5.8032159193879985e-05
1987,0.3958371877670288,0.36856353282928467,0.27273663878440857,5.793034497389345e-05
1988,0.38436800241470337,0.35791000723838806,0.26457998156547546,5.782858371446927e-05
1989,0.39031586050987244,0.3629355728626251,0.273802787065506,5.772687554371241e-05
1990,0.37488436698913574,0.3487134277820587,0.2617093324661255,5.762522058966113e-05
1991,0.3879603147506714,0.3612726330757141,0.26687678694725037,5.752361898028653e-05
1992,0.3956333100795746,0.36837121844291687,0.2726207971572876,5.7422070843492734e-05
1993,0.3804434537887573,0.354326456785202,0.26116982102394104,5.732057630711638e-05
1994,0.3667759895324707,0.34144479036331177,0.2533119320869446,5.721913549892674e-05
1995,0.3737569749355316,0.3478897213935852,0.2586725354194641,5.711774854662535e-05
1996,0.40154412388801575,0.3741380572319031,0.27406054735183716,5.701641557784609e-05
1997,0.3600843846797943,0.3355916142463684,0.24492774903774261,5.69151367201548e-05
1998,0.4067942500114441,0.3788556456565857,0.2793861925601959,5.681391210104916e-05
1999,0.38693809509277344,0.3603181838989258,0.26619911193847656,5.671274184795865e-05
2000,0.4039241075515747,0.37643107771873474,0.2749304473400116,5.6611626088244194e-05
2001,0.40054720640182495,0.37306466698646545,0.2748253047466278,5.651056494919831e-05
2002,0.37472864985466003,0.34919503331184387,0.25533610582351685,5.640955855804455e-05
2003,0.38358354568481445,0.35681697726249695,0.26766568422317505,5.63086070419377e-05
2004,0.38711369037628174,0.3608214855194092,0.26292213797569275,5.620771052796339e-05
2005,0.3975882828235626,0.3703272044658661,0.27261069416999817,5.610686914313796e-05
2006,0.3821668326854706,0.3556135594844818,0.26553282141685486,5.6006083014408484e-05
2007,0.372270405292511,0.3468981087207794,0.25372281670570374,5.590535226865238e-05
2008,0.3867063522338867,0.3601016104221344,0.2660474479198456,5.5804677032677354e-05
2009,0.3829893469810486,0.35674357414245605,0.26245778799057007,5.570405743322124e-05
2010,0.39734238386154175,0.3698648512363434,0.27477532625198364,5.560349359695181e-05
2011,0.37960150837898254,0.35334816575050354,0.2625334858894348,5.550298565046672e-05
2012,0.38849344849586487,0.3619624078273773,0.2653103172779083,5.540253372029315e-05
2013,0.3768088221549988,0.3512013256549835,0.25607481598854065,5.53021379328879e-05
2014,0.3661278784275055,0.34017691016197205,0.2595096528530121,5.520179841463693e-05
2015,0.3917481601238251,0.36477017402648926,0.2697799801826477,5.510151529185553e-05
2016,0.40684977173805237,0.3790396749973297,0.27810099720954895,5.5001288690787886e-05
2017,0.394353985786438,0.36732637882232666,0.2702760100364685,5.490111873760705e-05
2018,0.3732267916202545,0.3475104868412018,0.2571631371974945,5.480100555841478e-05
2019,0.398306667804718,0.3706769645214081,0.2762969434261322,5.4700949279241295e-05
2020,0.37986186146736145,0.3540041148662567,0.2585773468017578,5.4600950026045326e-05
2021,0.399187833070755,0.37150606513023376,0.2768177390098572,5.4501007924713707e-05
2022,0.39801332354545593,0.37090522050857544,0.27108100056648254,5.440112310106134e-05
2023,0.3746727705001831,0.3487921953201294,0.2588058114051819,5.4301295680830976e-05
2024,0.3666025996208191,0.3412136137485504,0.25388988852500916,5.420152578969326e-05
2025,0.3856583833694458,0.35932984948158264,0.26328545808792114,5.410181355324622e-05
2026,0.4032071828842163,0.37525472044944763,0.27952465415000916,5.400215909701547e-05
2027,0.3984281122684479,0.3708380460739136,0.27590060234069824,5.390256254645378e-05
2028,0.3836314380168915,0.35745859146118164,0.2617284059524536,5.380302402694104e-05
2029,0.3816292881965637,0.3550397455692291,0.26589545607566833,5.3703543663784074e-05
2030,0.39947596192359924,0.3720771074295044,0.2739884555339813,5.36041215822166e-05
2031,0.40102893114089966,0.3735581040382385,0.27470827102661133,5.3504757907398836e-05
2032,0.39788833260536194,0.37065786123275757,0.27230462431907654,5.340545276441755e-05
2033,0.4321008324623108,0.4018489122390747,0.3025190830230713,5.3306206278285734e-05
2034,0.3714112639427185,0.3457488715648651,0.25662386417388916,5.320701857394268e-05
2035,0.41682198643684387,0.387464702129364,0.2935727834701538,5.3107889776253536e-05
2036,0.37655648589134216,0.3504107594490051,0.2614571452140808,5.3008820010009464e-05
2037,0.3989258408546448,0.3714521527290344,0.27473676204681396,5.290980939992713e-05
2038,0.36824890971183777,0.34291601181030273,0.25332900881767273,5.281085807064881e-05
2039,0.3834080398082733,0.3571242094039917,0.26283833384513855,5.27119661467422e-05
2040,0.39231789112091064,0.36496561765670776,0.27352264523506165,5.261313375270014e-05
2041,0.4046986997127533,0.37707963585853577,0.27619075775146484,5.251436101294056e-05
2042,0.3972929120063782,0.3699900507926941,0.27302852272987366,5.2415648051806275e-05
2043,0.37765079736709595,0.35147711634635925,0.2617369294166565,5.231699499356484e-05
2044,0.4070703983306885,0.3785914182662964,0.28478994965553284,5.221840196240848e-05
2045,0.39132529497146606,0.36425331234931946,0.2707199156284332,5.211986908245374e-05
2046,0.3791574537754059,0.3530566692352295,0.26100772619247437,5.202139647774149e-05
2047,0.37255656719207764,0.3470727205276489,0.25483831763267517,5.192298427223676e-05
2048,0.40155425667762756,0.3741120994091034,0.27442169189453125,5.182463258982846e-05
2049,0.4130793511867523,0.38495656847953796,0.28122788667678833,5.172634155432943e-05
2050,0.3908994495868683,0.3640843331813812,0.26815107464790344,5.1628111289476035e-05
2051,0.3945631980895996,0.36687546968460083,0.27687737345695496,5.1529941918928204e-05
2052,0.39216768741607666,0.3646208941936493,0.2754678428173065,5.143183356626916e-05
2053,0.4029330015182495,0.37507835030555725,0.27854660153388977,5.133378635500543e-05
2054,0.40286117792129517,0.3747216761112213,0.28139492869377136,5.123580040856644e-05
2055,0.39364781975746155,0.366245299577713,0.27402520179748535,5.113787585030454e-05
2056,0.40646493434906006,0.37882035970687866,0.2764456570148468,5.1040012803494795e-05
2057,0.3921377658843994,0.36492469906806946,0.2721308171749115,5.0942211391334824e-05
2058,0.3898732662200928,0.36323103308677673,0.2664223611354828,5.084447173694469e-05
2059,0.3912416398525238,0.36395028233528137,0.2729136645793915,5.0746793963366744e-05
2060,0.3774443566799164,0.3514602482318878,0.2598409950733185,5.0649178193565314e-05
2061,0.3895198404788971,0.36295899748802185,0.2656084895133972,5.055162455042679e-05
2062,0.37468019127845764,0.3492557108402252,0.25424474477767944,5.045413315675924e-05
2063,0.39768028259277344,0.37039175629615784,0.2728852331638336,5.035670413529251e-05
2064,0.36026516556739807,0.3348936140537262,0.25371551513671875,5.025933760867781e-05
2065,0.3854352831840515,0.3589513301849365,0.26483938097953796,5.016203369948773e-05
2066,0.3944661617279053,0.36769694089889526,0.2676922082901001,5.006479253021597e-05
2067,0.39509493112564087,0.36793649196624756,0.2715844511985779,4.996761422327737e-05
2068,0.36312147974967957,0.3380643427371979,0.2505713403224945,4.9870498901007524e-05
2069,0.3691800832748413,0.3435993790626526,0.2558070719242096,4.977344668566275e-05
2070,0.3983830511569977,0.37080901861190796,0.27574029564857483,4.967645769942e-05
2071,0.4008701741695404,0.37313735485076904,0.27732810378074646,4.957953206437651e-05
2072,0.38862499594688416,0.3616754412651062,0.26949551701545715,4.9482669902549894e-05
2073,0.3725147545337677,0.34692370891571045,0.25591033697128296,4.938587133587777e-05
2074,0.3938291072845459,0.36662524938583374,0.27203866839408875,4.92891364862177e-05
2075,0.4004449248313904,0.37306204438209534,0.2738288640975952,4.919246547534708e-05
2076,0.38657423853874207,0.36000391840934753,0.26570308208465576,4.909585842496287e-05
2077,0.3765278458595276,0.3508087694644928,0.25719067454338074,4.899931545668164e-05
2078,0.39515310525894165,0.3679772913455963,0.27175816893577576,4.890283669203915e-05
2079,0.3744048476219177,0.3483595550060272,0.26045286655426025,4.880642225249041e-05
2080,0.39281371235847473,0.3659510612487793,0.2686265707015991,4.87100722594094e-05
2081,0.3707609474658966,0.34528660774230957,0.2547432780265808,4.8613786834089024e-05
2082,0.38171374797821045,0.3554104268550873,0.26303309202194214,4.851756609774094e-05
2083,0.3956787884235382,0.3682152032852173,0.27463576197624207,4.842141017149526e-05
2084,0.36957597732543945,0.34431442618370056,0.25261548161506653,4.8325319176400576e-05
2085,0.36704424023628235,0.3421458601951599,0.2489837110042572,4.822929323342369e-05
2086,0.3751462399959564,0.3494422733783722,0.2570396661758423,4.81333324634496e-05
2087,0.3744756579399109,0.34860801696777344,0.25867632031440735,4.8037436987281194e-05
2088,0.3769007921218872,0.3510366678237915,0.25864115357398987,4.794160692563917e-05
2089,0.36682114005088806,0.34143581986427307,0.2538531422615051,4.7845842399161874e-05
2090,0.39545008540153503,0.36816203594207764,0.2728804051876068,4.7750143528405126e-05
2091,0.369363009929657,0.3440273702144623,0.25335636734962463,4.76545104338422e-05
2092,0.3769065737724304,0.3513554036617279,0.2555115520954132,4.755894323586342e-05
2093,0.37568002939224243,0.34951645135879517,0.2616356313228607,4.746344205477631e-05
2094,0.3778366446495056,0.35159462690353394,0.262420117855072,4.736800701080515e-05
2095,0.413007527589798,0.38454821705818176,0.28459304571151733,4.727263822409099e-05
2096,0.38701415061950684,0.36088189482688904,0.26132258772850037,4.717733581469157e-05
2097,0.3830568790435791,0.35690468549728394,0.26152193546295166,4.708209990258095e-05
2098,0.37912917137145996,0.35269424319267273,0.2643493413925171,4.6986930607649535e-05
2099,0.3582586348056793,0.3333336114883423,0.24925027787685394,4.68918280497038e-05
2100,0.3834288418292999,0.35706132650375366,0.26367515325546265,4.6796792348466356e-05
2101,0.39089420437812805,0.3641248047351837,0.26769405603408813,4.67018236235755e-05
2102,0.38022473454475403,0.353929728269577,0.2629501521587372,4.6606921994585274e-05
2103,0.38738399744033813,0.36061522364616394,0.26768767833709717,4.651208758096521e-05
2104,0.3752730190753937,0.3492478132247925,0.2602519392967224,4.6417320502100316e-05
2105,0.3884402811527252,0.3614802360534668,0.269600510597229,4.63226208772908e-05
2106,0.3792473077774048,0.35276341438293457,0.26483890414237976,4.62279888257519e-05
2107,0.4241666793823242,0.3948920667171478,0.2927461564540863,4.613342446661383e-05
2108,0.3906855583190918,0.36346635222435,0.2721919119358063,4.603892791892157e-05
2109,0.38569074869155884,0.35921865701675415,0.2647210359573364,4.594449930163471e-05
2110,0.41981685161590576,0.39080870151519775,0.29008159041404724,4.5850138733627434e-05
2111,0.38042837381362915,0.353952020406723,0.26476359367370605,4.575584633368815e-05
2112,0.37314167618751526,0.34725886583328247,0.25882819294929504,4.566162222051946e-05
2113,0.3759489357471466,0.34989380836486816,0.2605513334274292,4.556746651273802e-05
2114,0.39745408296585083,0.3698393702507019,0.27614718675613403,4.547337932887443e-05
2115,0.3992886543273926,0.37178173661231995,0.27506932616233826,4.537936078737292e-05
2116,0.3897193968296051,0.36271998286247253,0.2699940800666809,4.52854110065914e-05
2117,0.383591890335083,0.3574070334434509,0.26184868812561035,4.519153010480118e-05
2118,0.38725411891937256,0.3604465126991272,0.26807618141174316,4.5097718200186814e-05
2119,0.38092276453971863,0.3545949459075928,0.2632782459259033,4.50039754108461e-05
2120,0.41002514958381653,0.3817542791366577,0.28270867466926575,4.491030185478976e-05
2121,0.3936558961868286,0.36664053797721863,0.27015358209609985,4.481669764994134e-05
2122,0.3829479217529297,0.35672861337661743,0.2621932327747345,4.472316291413715e-05
2123,0.38978496193885803,0.36291149258613586,0.26873481273651123,4.4629697765125934e-05
2124,0.39998021721839905,0.3720290958881378,0.27951109409332275,4.453630232056901e-05
2125,0.39559024572372437,0.3679666221141815,0.2762362062931061,4.444297669803981e-05
2126,0.4014509320259094,0.37380295991897583,0.2764796018600464,4.434972101502385e-05
2127,0.4073030352592468,0.37918534874916077,0.2811768651008606,4.425653538891874e-05
2128,0.38208529353141785,0.35583141446113586,0.2625386714935303,4.416341993703373e-05
2129,0.3701043725013733,0.34471356868743896,0.2539079189300537,4.407037477658992e-05
2130,0.3897726535797119,0.3628683388233185,0.2690431475639343,4.3977400024719725e-05
2131,0.37965747714042664,0.35287436842918396,0.267831027507782,4.388449579846705e-05
2132,0.37528589367866516,0.3495156466960907,0.2577023506164551,4.379166221478697e-05
2133,0.39201968908309937,0.36520951986312866,0.2681017518043518,4.36988993905456e-05
2134,0.39173680543899536,0.36506980657577515,0.2666698694229126,4.36062074425201e-05
2135,0.4314451217651367,0.4017830789089203,0.2966204285621643,4.351358648739826e-05
2136,0.3862520456314087,0.35930588841438293,0.26946166157722473,4.3421036641778556e-05
2137,0.4227535128593445,0.39379027485847473,0.28963232040405273,4.332855802217e-05
2138,0.38257116079330444,0.35608014464378357,0.2649100124835968,4.323615074499183e-05
2139,0.37765735387802124,0.35160934925079346,0.2604798972606659,4.31438149265736e-05
2140,0.3861967623233795,0.35951778292655945,0.26678967475891113,4.305155068315481e-05
2141,0.3849566876888275,0.3584127426147461,0.26543956995010376,4.295935813088487e-05
2142,0.39648789167404175,0.36896198987960815,0.2752591371536255,4.2867237385822935e-05
2143,0.3797493577003479,0.35355833172798157,0.26191022992134094,4.2775188563937843e-05
2144,0.39360734820365906,0.36582109332084656,0.27786242961883545,4.268321178110779e-05
2145,0.39607518911361694,0.36849698424339294,0.27578189969062805,4.259130715312033e-05
2146,0.3972347378730774,0.3697540760040283,0.27480655908584595,4.249947479567218e-05
2147,0.3672952651977539,0.3420475125312805,0.25247761607170105,4.2407714824369024e-05
2148,0.39206334948539734,0.3645772635936737,0.2748609483242035,4.231602735472552e-05
2149,0.4140605330467224,0.38556548953056335,0.2849503457546234,4.222441250216502e-05
2150,0.40032121539115906,0.3725673258304596,0.27753886580467224,4.213287038201943e-05
2151,0.4037386476993561,0.3756392002105713,0.2809944450855255,4.20414011095291e-05
2152,0.40382131934165955,0.3757373094558716,0.28084003925323486,4.195000479984265e-05
2153,0.3787098526954651,0.3524419665336609,0.2626788318157196,4.185868156801694e-05
2154,0.3994419574737549,0.3719973862171173,0.2744458019733429,4.1767431529016766e-05
2155,0.38629114627838135,0.35967352986335754,0.2661762535572052,4.1676254797714766e-05
2156,0.37594711780548096,0.35037195682525635,0.2557516098022461,4.1585151488891305e-05
2157,0.378678560256958,0.3526545763015747,0.2602398097515106,4.149412171723438e-05
2158,0.37476786971092224,0.3485153317451477,0.2625254988670349,4.140316559733935e-05
2159,0.390774130821228,0.3637136220932007,0.2706049978733063,4.1312283243708836e-05
2160,0.4113868176937103,0.3829030692577362,0.2848374545574188,4.12214747707527e-05
2161,0.4021804630756378,0.3743530213832855,0.27827441692352295,4.113074029278765e-05
2162,0.38024386763572693,0.35371655225753784,0.26527318358421326,4.1040079924037386e-05
2163,0.3804939389228821,0.35439223051071167,0.2610170841217041,4.0949493778632244e-05
2164,0.38814207911491394,0.36157816648483276,0.265639066696167,4.085898197060911e-05
2165,0.3929365873336792,0.36572250723838806,0.2721409201622009,4.0768544613911294e-05
2166,0.3800111711025238,0.3536798655986786,0.263312965631485,4.067818182238838e-05
2167,0.3872045874595642,0.36050945520401,0.2669513523578644,4.058789370979617e-05
2168,0.37993037700653076,0.3534591794013977,0.2647121250629425,4.049768038979631e-05
2169,0.38540583848953247,0.35878005623817444,0.2662576735019684,4.04075419759564e-05
2170,0.3958098590373993,0.3682100772857666,0.2759978473186493,4.031747858174964e-05
2171,0.3943682014942169,0.3668350279331207,0.2753317654132843,4.0227490320554916e-05
2172,0.38459935784339905,0.3579106628894806,0.2668870687484741,4.0137577305656485e-05
2173,0.38910606503486633,0.362512469291687,0.2659359872341156,4.004773965024383e-05
2174,0.3883340656757355,0.36173126101493835,0.2660280168056488,3.9957977467411615e-05
2175,0.40382832288742065,0.37584757804870605,0.279807448387146,3.9868290870159405e-05
2176,0.3791586756706238,0.3533487319946289,0.2580994963645935,3.9778679971391785e-05
2177,0.37815678119659424,0.35190558433532715,0.2625119090080261,3.96891448839179e-05
2178,0.3816133737564087,0.3551262617111206,0.2648712694644928,3.959968572045148e-05
2179,0.39545783400535583,0.36834830045700073,0.27109530568122864,3.951030259361072e-05
2180,0.3773987293243408,0.3513913154602051,0.2600741982460022,3.942099561591802e-05
2181,0.39609992504119873,0.3682304620742798,0.2786945402622223,3.933176489980005e-05
2182,0.3925800323486328,0.365650475025177,0.2692956030368805,3.924261055758731e-05
2183,0.3917621076107025,0.3652319312095642,0.2653017044067383,3.915353270151433e-05
2184,0.37918421626091003,0.35336819291114807,0.25816014409065247,3.90645314437192e-05
2185,0.39067989587783813,0.36381399631500244,0.2686590850353241,3.897560689624362e-05
2186,0.3932356834411621,0.36610710620880127,0.2712858319282532,3.888675917103283e-05
2187,0.3830661177635193,0.3562174439430237,0.2684866487979889,3.879798837993521e-05
2188,0.3746456205844879,0.3488336205482483,0.2581200897693634,3.8709294634702376e-05
2189,0.39003631472587585,0.363055944442749,0.2698037922382355,3.862067804698889e-05
2190,0.38172078132629395,0.3558027148246765,0.2591807246208191,3.853213872835228e-05
2191,0.3767715394496918,0.3508811593055725,0.258903831243515,3.844367679025274e-05
2192,0.377848356962204,0.3518342673778534,0.2601407766342163,3.8355292344053026e-05
2193,0.4053103029727936,0.3773396909236908,0.279706209897995,3.826698550101836e-05
2194,0.38439130783081055,0.3579108715057373,0.2648042142391205,3.8178756372316294e-05
2195,0.38642942905426025,0.3597308099269867,0.26698607206344604,3.8090605069016595e-05
2196,0.40617403388023376,0.37857574224472046,0.2759827971458435,3.800253170209094e-05
2197,0.4082140624523163,0.380280464887619,0.27933600544929504,3.7914536382412956e-05
2198,0.3807488977909088,0.3541710078716278,0.26577889919281006,3.782661922075803e-05
2199,0.3709065914154053,0.34555625915527344,0.2535032629966736,3.773878032780309e-05
2200,0.38255685567855835,0.3559786081314087,0.2657826244831085,3.7651019814126654e-05
2201,0.38711339235305786,0.3604046404361725,0.2670876383781433,3.7563337790208476e-05
2202,0.36618828773498535,0.34093502163887024,0.2525327503681183,3.747573436642951e-05
2203,0.3816643953323364,0.3556252419948578,0.2603915333747864,3.738820965307176e-05
2204,0.3865666091442108,0.3602476418018341,0.26318973302841187,3.730076376031821e-05
2205,0.379896879196167,0.3534824252128601,0.2641443908214569,3.721339679825252e-05
2206,0.3994552493095398,0.37190714478492737,0.2754809558391571,3.712610887685909e-05
2207,0.3932839334011078,0.36637070775032043,0.26913222670555115,3.703890010602274e-05
2208,0.3926840126514435,0.36524978280067444,0.27434241771698,3.695177059552861e-05
2209,0.37222573161125183,0.3464019298553467,0.2582379877567291,3.686472045506223e-05
2210,0.39481285214424133,0.36745765805244446,0.2735520303249359,3.677774979420904e-05
2211,0.3960060775279999,0.36891674995422363,0.27089327573776245,3.66908587224545e-05
2212,0.3789973855018616,0.35267096757888794,0.26326411962509155,3.660404734918387e-05
2213,0.37253496050834656,0.34715527296066284,0.25379687547683716,3.6517315783682036e-05
2214,0.3854023516178131,0.35890546441078186,0.2649688720703125,3.643066413513354e-05
2215,0.3820970356464386,0.3560115694999695,0.260854572057724,3.634409251262217e-05
2216,0.4066101312637329,0.3784312605857849,0.2817886471748352,3.6257601025131026e-05
2217,0.392631471157074,0.3652222752571106,0.27409204840660095,3.61711897815424e-05
2218,0.40256211161613464,0.3749915361404419,0.2757057845592499,3.608485889063744e-05
2219,0.39039146900177,0.3636360764503479,0.26755380630493164,3.599860846109626e-05
2220,0.4049202501773834,0.3768270015716553,0.2809324860572815,3.591243860149759e-05
2221,0.3954293131828308,0.3679042160511017,0.27525094151496887,3.582634942031878e-05
2222,0.3690461218357086,0.34354478120803833,0.25501349568367004,3.574034102593557e-05
2223,0.3869130611419678,0.36035341024398804,0.26559656858444214,3.565441352662211e-05
2224,0.38270047307014465,0.35605716705322266,0.2664329707622528,3.556856703055058e-05
2225,0.4084012508392334,0.3806208670139313,0.2778037488460541,3.548280164579126e-05
2226,0.37834563851356506,0.3524956703186035,0.2584996819496155,3.539711748031227e-05
2227,0.3893469274044037,0.3622094988822937,0.2713741660118103,3.531151464197957e-05
2228,0.393282949924469,0.3665083646774292,0.2677459716796875,3.5225993238556644e-05
2229,0.41594552993774414,0.3872414529323578,0.2870408296585083,3.514055337770455e-05
2230,0.39618706703186035,0.36861684918403625,0.2757021486759186,3.5055195166981645e-05
2231,0.3779137432575226,0.3525017201900482,0.25412020087242126,3.496991871384346e-05
2232,0.39832815527915955,0.3712254464626312,0.2710271179676056,3.488472412564264e-05
2233,0.38317081332206726,0.35707876086235046,0.26092061400413513,3.479961150962884e-05
2234,0.40675926208496094,0.37841588258743286,0.2834336459636688,3.4714580972948406e-05
2235,0.41508203744888306,0.38657137751579285,0.28510668873786926,3.462963262264444e-05
2236,0.372635155916214,0.3471134603023529,0.2552170157432556,3.4544766565656505e-05
2237,0.3877408504486084,0.3611254394054413,0.2661542594432831,3.445998290882062e-05
2238,0.3667549788951874,0.34178999066352844,0.24964997172355652,3.4375281758869114e-05
2239,0.397215873003006,0.3699198067188263,0.2729606628417969,3.429066322243033e-05
2240,0.37962400913238525,0.3536231815814972,0.26000842452049255,3.420612740602875e-05
2241,0.39637982845306396,0.36875659227371216,0.27623221278190613,3.4121674416084584e-05
2242,0.38238075375556946,0.3563227355480194,0.26058027148246765,3.403730435891391e-05
2243,0.4012097716331482,0.3732011616230011,0.28008607029914856,3.39530173407283e-05
2244,0.39398354291915894,0.3666778802871704,0.27305662631988525,3.386881346763483e-05
2245,0.4046035408973694,0.37605586647987366,0.2854766249656677,3.378469284563589e-05
2246,0.3689113259315491,0.34366506338119507,0.25246256589889526,3.370065558062906e-05
2247,0.39215612411499023,0.36501991748809814,0.2713620960712433,3.3616701778407065e-05
2248,0.39489129185676575,0.36788102984428406,0.2701026499271393,3.353283154465746e-05
2249,0.3962327539920807,0.3684612512588501,0.27771496772766113,3.34490449849626e-05
2250,0.3739522099494934,0.3480110764503479,0.25941136479377747,3.336534220479961e-05
2251,0.378537118434906,0.35300180315971375,0.25535330176353455,3.3281723309540025e-05
2252,0.39029714465141296,0.3633557856082916,0.269413560628891,3.319818840444987e-05
2253,0.3907146751880646,0.36357107758522034,0.27143603563308716,3.311473759468938e-05
2254,0.35975682735443115,0.3345973789691925,0.251594603061676,3.3031370985312934e-05
2255,0.37986430525779724,0.3537406027317047,0.2612369954586029,3.294808868126894e-05
2256,0.3976793587207794,0.37051424384117126,0.27165117859840393,3.28648907873996e-05
2257,0.39926061034202576,0.3716360032558441,0.276246041059494,3.2781777408441e-05
2258,0.4145532250404358,0.3860764503479004,0.28476762771606445,3.269874864902269e-05
2259,0.4021414816379547,0.37444862723350525,0.27692848443984985,3.261580461366776e-05
2260,0.4012902081012726,0.37379294633865356,0.2749726474285126,3.253294540679257e-05
2261,0.38437673449516296,0.35767054557800293,0.2670617699623108,3.245017113270685e-05
2262,0.37824225425720215,0.35203787684440613,0.26204371452331543,3.236748189561324e-05
2263,0.3822731673717499,0.35585495829582214,0.26418206095695496,3.228487779960745e-05
2264,0.4093872606754303,0.38103002309799194,0.283572256565094,3.220235894867794e-05
2265,0.406409353017807,0.3783899247646332,0.2801942229270935,3.211992544670581e-05
2266,0.36384764313697815,0.3384914696216583,0.25356167554855347,3.203757739746489e-05
2267,0.3931410610675812,0.365919291973114,0.27221760153770447,3.195531490462128e-05
2268,0.3888484537601471,0.362483948469162,0.2636449635028839,3.18731380717334e-05
2269,0.3786887526512146,0.3528710603713989,0.25817689299583435,3.1791047002251884e-05
2270,0.38656607270240784,0.3599376678466797,0.26628413796424866,3.1709041799519315e-05
2271,0.3704400658607483,0.344820111989975,0.2561996877193451,3.162712256677032e-05
2272,0.3714592456817627,0.34566980600357056,0.257894366979599,3.154528940713113e-05
2273,0.4041883945465088,0.3760184049606323,0.2816997766494751,3.1463542423619794e-05
2274,0.3870583474636078,0.36057204008102417,0.26486295461654663,3.1381881719145724e-05
2275,0.40109267830848694,0.37365925312042236,0.2743341624736786,3.130030739650983e-05
2276,0.3737650215625763,0.34806036949157715,0.25704649090766907,3.121881955840421e-05
2277,0.37742099165916443,0.3514026403427124,0.26018357276916504,3.1137418307412116e-05
2278,0.39780452847480774,0.3702440559864044,0.275604784488678,3.105610374600778e-05
2279,0.429578959941864,0.4001854658126831,0.2939348816871643,3.0974875976556284e-05
2280,0.3851470649242401,0.35863810777664185,0.26508957147598267,3.089373510131355e-05
2281,0.37390172481536865,0.3480977714061737,0.2580395042896271,3.081268122242598e-05
2282,0.37295615673065186,0.34725573658943176,0.25700414180755615,3.073171444193055e-05
2283,0.3876190781593323,0.3610227406024933,0.2659634053707123,3.065083486175451e-05
2284,0.3942299783229828,0.3667493462562561,0.2748064398765564,3.057004258371541e-05
2285,0.37540945410728455,0.3493197560310364,0.2608968913555145,3.0489337709520917e-05
2286,0.3982004225254059,0.3706650137901306,0.27535414695739746,3.0408720340768572e-05
2287,0.3995247483253479,0.37180295586586,0.2772178053855896,3.0328190578945815e-05
2288,0.39670342206954956,0.36932098865509033,0.27382439374923706,3.0247748525429787e-05
2289,0.36936765909194946,0.3438127040863037,0.25554952025413513,3.0167394281487184e-05
2290,0.3828888237476349,0.35610029101371765,0.2678852379322052,3.008712794827426e-05
2291,0.3802168071269989,0.3541010022163391,0.2611580491065979,3.00069496268365e-05
2292,0.3853885233402252,0.3588006794452667,0.26587846875190735,2.9926859418108644e-05
2293,0.38655680418014526,0.3598679006099701,0.26688897609710693,2.9846857422914433e-05
2294,0.4095543920993805,0.3809727132320404,0.28581666946411133,2.97669437419667e-05
2295,0.377589613199234,0.35135358572006226,0.26236024498939514,2.9687118475866947e-05
2296,0.4022754430770874,0.37463125586509705,0.2764419913291931,2.960738172510551e-05
2297,0.40348437428474426,0.3758026361465454,0.27681732177734375,2.952773359006119e-05
2298,0.3776698410511017,0.3513694703578949,0.26300373673439026,2.9448174171001254e-05
2299,0.3784307837486267,0.3523710072040558,0.26059773564338684,2.9368703568081356e-05
2300,0.3776997923851013,0.3516490161418915,0.2605077624320984,2.9289321881345254e-05
2301,0.3960563540458679,0.3684734106063843,0.27582934498786926,2.921002921072481e-05
2302,0.39543411135673523,0.36811742186546326,0.2731670141220093,2.913082565603982e-05
2303,0.37985873222351074,0.35355016589164734,0.2630857825279236,2.9051711316997864e-05
2304,0.40348508954048157,0.3752008080482483,0.2828429341316223,2.8972686293194308e-05
2305,0.39518067240715027,0.36804160475730896,0.27139079570770264,2.8893750684111975e-05
2306,0.3836040198802948,0.35730183124542236,0.263021856546402,2.8814904589121137e-05
2307,0.40743693709373474,0.37916797399520874,0.2826897203922272,2.8736148107479478e-05
2308,0.3626258075237274,0.33767881989479065,0.24946993589401245,2.8657481338331715e-05
2309,0.40085095167160034,0.3731491267681122,0.27701839804649353,2.8578904380709793e-05
2310,0.3969310522079468,0.3698005974292755,0.2713046371936798,2.850041733353247e-05
2311,0.3783392310142517,0.35238587856292725,0.2595336437225342,2.842202029560538e-05
2312,0.3866029977798462,0.35998767614364624,0.26615309715270996,2.8343713365620772e-05
2313,0.39438092708587646,0.3672313988208771,0.2714952528476715,2.8265496642157597e-05
2314,0.37866759300231934,0.3527625501155853,0.25905048847198486,2.8187370223681132e-05
2315,0.3640649914741516,0.3392253816127777,0.24839608371257782,2.8109334208542993e-05
2316,0.41285276412963867,0.3844255805015564,0.28427186608314514,2.803138869498102e-05
2317,0.36528635025024414,0.34022316336631775,0.25063198804855347,2.7953533781119055e-05
2318,0.3756534457206726,0.34955307841300964,0.2610037922859192,2.7875769564966968e-05
2319,0.39188534021377563,0.36404386162757874,0.2784147560596466,2.779809614442046e-05
2320,0.3649165630340576,0.33983084559440613,0.25085729360580444,2.7720513617260856e-05
2321,0.39544883370399475,0.36806347966194153,0.273853600025177,2.764302208115509e-05
2322,0.39332258701324463,0.3663930296897888,0.26929572224617004,2.7565621633655502e-05
2323,0.3801857531070709,0.3537652790546417,0.2642047107219696,2.74883123721999e-05
2324,0.38868075609207153,0.36169829964637756,0.2698245942592621,2.741109439411117e-05
2325,0.37185201048851013,0.3458050489425659,0.26046961545944214,2.7333967796597315e-05
2326,0.38036295771598816,0.35393786430358887,0.26425084471702576,2.7256932676751323e-05
2327,0.37178942561149597,0.3461495041847229,0.2563992440700531,2.7179989131550977e-05
2328,0.39219242334365845,0.3649422228336334,0.27250200510025024,2.7103137257858868e-05
2329,0.3893639147281647,0.36276957392692566,0.26594334840774536,2.7026377152422067e-05
2330,0.3925972580909729,0.3656337559223175,0.2696351408958435,2.694970891187224e-05
2331,0.37752532958984375,0.35163259506225586,0.2589273750782013,2.6873132632725297e-05
2332,0.3817833960056305,0.3553227186203003,0.2646067142486572,2.6796648411381485e-05
2333,0.3918028771877289,0.36495402455329895,0.26848846673965454,2.672025634412506e-05
2334,0.35965681076049805,0.3343706429004669,0.2528616786003113,2.6643956527124335e-05
2335,0.37245848774909973,0.3468274772167206,0.25631001591682434,2.6567749056431467e-05
2336,0.4090454876422882,0.3808095455169678,0.28235942125320435,2.6491634027982325e-05
2337,0.3790132701396942,0.35287243127822876,0.26140838861465454,2.6415611537596496e-05
2338,0.4006161689758301,0.3728163242340088,0.27799859642982483,2.6339681680977013e-05
2339,0.3854641616344452,0.3589993417263031,0.2646481990814209,2.6263844553710236e-05
2340,0.39800167083740234,0.37062349915504456,0.27378159761428833,2.6188100251265945e-05
2341,0.38392138481140137,0.3576790690422058,0.26242318749427795,2.6112448868996897e-05
2342,0.36649075150489807,0.34121885895729065,0.25271889567375183,2.6036890502139035e-05
2343,0.39794018864631653,0.370756059885025,0.2718413770198822,2.5961425245811055e-05
2344,0.39796802401542664,0.37083902955055237,0.2712900638580322,2.5886053195014538e-05
2345,0.385002464056015,0.35858848690986633,0.2641398012638092,2.5810774444633644e-05
2346,0.3909807801246643,0.3637198209762573,0.2726096212863922,2.573558908943523e-05
2347,0.3779611587524414,0.3516874313354492,0.26273712515830994,2.5660497224068415e-05
2348,0.36795833706855774,0.34224286675453186,0.2571546733379364,2.5585498943064724e-05
2349,0.39187896251678467,0.36428871750831604,0.27590233087539673,2.5510594340837824e-05
2350,0.37829291820526123,0.35220128297805786,0.26091626286506653,2.5435783511683443e-05
2351,0.4032655954360962,0.3749610483646393,0.28304553031921387,2.5361066549779356e-05
2352,0.389885812997818,0.3626839220523834,0.27201882004737854,2.5286443549185036e-05
2353,0.3936178982257843,0.36609169840812683,0.27526208758354187,2.521191460384178e-05
2354,0.38057318329811096,0.3541271388530731,0.26446038484573364,2.5137479807572427e-05
2355,0.41126352548599243,0.3832407295703888,0.2802278697490692,2.506313925408127e-05
2356,0.39551424980163574,0.368272602558136,0.27241650223731995,2.4988893036954053e-05
2357,0.3921886682510376,0.36529597640037537,0.26892685890197754,2.4914741249657658e-05
2358,0.3891288936138153,0.36226311326026917,0.2686578929424286,2.484068398554016e-05
2359,0.40319517254829407,0.3750903904438019,0.2810477316379547,2.47667213378306e-05
2360,0.411342591047287,0.38302862644195557,0.2831396460533142,2.4692853399638917e-05
2361,0.3831012547016144,0.35654333233833313,0.2655792534351349,2.4619080263955875e-05
2362,0.365792453289032,0.3404885232448578,0.2530393600463867,2.4545402023652784e-05
2363,0.38406282663345337,0.35755032300949097,0.26512500643730164,2.4471818771481648e-05
2364,0.36543014645576477,0.34011268615722656,0.25317469239234924,2.4398330600074713e-05
2365,0.38610154390335083,0.359514981508255,0.26586562395095825,2.4324937601944685e-05
2366,0.3870488405227661,0.36052849888801575,0.2652033269405365,2.4251639869484375e-05
2367,0.3908807337284088,0.36390864849090576,0.26972073316574097,2.4178437494966688e-05
2368,0.38371196389198303,0.35731041431427,0.2640154957771301,2.410533057054446e-05
2369,0.3886217176914215,0.3618904948234558,0.26731231808662415,2.4032319188250374e-05
2370,0.3775896430015564,0.3514009118080139,0.26188722252845764,2.3959403439996907e-05
2371,0.4037182331085205,0.37606120109558105,0.2765703797340393,2.388658341757607e-05
2372,0.39744555950164795,0.37058916687965393,0.26856401562690735,2.381385921265936e-05
2373,0.3909413814544678,0.36391136050224304,0.2703002691268921,2.3741230916797675e-05
2374,0.3684923052787781,0.3431888818740845,0.2530341148376465,2.3668698621421216e-05
2375,0.39822661876678467,0.37082841992378235,0.27398183941841125,2.3596262417839255e-05
2376,0.39405789971351624,0.3667815029621124,0.2727639079093933,2.352392239724016e-05
2377,0.39210546016693115,0.3655478060245514,0.26557642221450806,2.345167865069119e-05
2378,0.3993262052536011,0.37203577160835266,0.27290448546409607,2.33795312691384e-05
2379,0.3820716440677643,0.35553646087646484,0.2653517425060272,2.330748034340651e-05
2380,0.37788134813308716,0.3519800007343292,0.25901347398757935,2.323552596419889e-05
2381,0.38564348220825195,0.3586854040622711,0.2695806324481964,2.3163668222097313e-05
2382,0.3899799585342407,0.36323511600494385,0.2674485146999359,2.309190720756189e-05
2383,0.40689587593078613,0.37899717688560486,0.27898702025413513,2.3020243010930975e-05
2384,0.3595491647720337,0.3345518410205841,0.2499731481075287,2.2948675722421086e-05
2385,0.40262043476104736,0.37519708275794983,0.2742335796356201,2.2877205432126657e-05
2386,0.3723667860031128,0.34673383831977844,0.25632932782173157,2.280583223002012e-05
2387,0.3739745020866394,0.3484885096549988,0.25485989451408386,2.2734556205951596e-05
2388,0.37946081161499023,0.3532584607601166,0.262023389339447,2.266337744964888e-05
2389,0.39504534006118774,0.36773747205734253,0.2730787992477417,2.2592296050717388e-05
2390,0.39169585704803467,0.36456605792045593,0.2712978720664978,2.25213120986399e-05
2391,0.39349865913391113,0.366466760635376,0.270318865776062,2.2450425682776565e-05
2392,0.3888120949268341,0.3621883988380432,0.2662369906902313,2.237963689236472e-05
2393,0.41498225927352905,0.3862583637237549,0.2872389554977417,2.230894581651879e-05
2394,0.3985658288002014,0.3711746633052826,0.27391162514686584,2.2238352544230255e-05
2395,0.40664976835250854,0.3786286413669586,0.2802114188671112,2.2167857164367422e-05
2396,0.3862682282924652,0.35986512899398804,0.2640310227870941,2.2097459765675342e-05
2397,0.3870619833469391,0.3599570095539093,0.27104976773262024,2.2027160436775794e-05
2398,0.3839084208011627,0.3573347330093384,0.2657369375228882,2.195695926616702e-05
2399,0.3721097707748413,0.34638065099716187,0.25729116797447205,2.188685634222376e-05
2400,0.3976361155509949,0.3698602020740509,0.27775901556015015,2.1816851753197032e-05
2401,0.36659783124923706,0.34144824743270874,0.25149592757225037,2.174694558721405e-05
2402,0.40811121463775635,0.38018664717674255,0.2792457938194275,2.1677137932278147e-05
2403,0.3708159923553467,0.3453647494316101,0.25451231002807617,2.1607428876268675e-05
2404,0.37838485836982727,0.35218721628189087,0.2619765102863312,2.153781850694082e-05
2405,0.40589869022369385,0.37781161069869995,0.28087088465690613,2.146830691192553e-05
2406,0.3724105656147003,0.3466160297393799,0.2579452693462372,2.1398894178729423e-05
2407,0.37070465087890625,0.3448215126991272,0.25883135199546814,2.1329580394734638e-05
2408,0.39546316862106323,0.36767446994781494,0.27788689732551575,2.1260365647198798e-05
2409,0.3861995041370392,0.3595024049282074,0.2669709026813507,2.119125002325485e-05
2410,0.3762136399745941,0.35021382570266724,0.2599982023239136,2.11222336099109e-05
2411,0.4011332094669342,0.37312889099121094,0.28004327416419983,2.1053316494050202e-05
2412,0.3703349232673645,0.3444179892539978,0.259169340133667,2.098449876243096e-05
2413,0.3682907521724701,0.34274205565452576,0.25548696517944336,2.0915780501686355e-05
2414,0.39133381843566895,0.3644084632396698,0.2692534625530243,2.0847161798324266e-05
2415,0.39778196811676025,0.37018516659736633,0.27596792578697205,2.0778642738727272e-05
2416,0.41181302070617676,0.382945716381073,0.28867289423942566,2.0710223409152475e-05
2417,0.36715206503868103,0.34153932332992554,0.25612738728523254,2.064190389573153e-05
2418,0.38718149065971375,0.36025363206863403,0.26927852630615234,2.057368428447032e-05
2419,0.37245190143585205,0.34650716185569763,0.25944748520851135,2.0505564661249e-05
2420,0.39109885692596436,0.3639642596244812,0.2713460922241211,2.043754511182191e-05
2421,0.3880639970302582,0.36102423071861267,0.2703975439071655,2.036962572181731e-05
2422,0.368369996547699,0.34253859519958496,0.2583138644695282,2.0301806576737482e-05
2423,0.4049193561077118,0.37716689705848694,0.27752453088760376,2.023408776195842e-05
2424,0.3903854191303253,0.3633973002433777,0.2698812484741211,2.016646936272987e-05
2425,0.41093680262565613,0.3828905522823334,0.28046250343322754,2.009895146417512e-05
2426,0.3804253041744232,0.35421818494796753,0.2620712220668793,2.0031534151290953e-05
2427,0.3843246400356293,0.35790693759918213,0.2641771137714386,1.996421750894758e-05
2428,0.3988771438598633,0.3718212842941284,0.2705586552619934,1.9897001621888434e-05
2429,0.3958185613155365,0.36815863847732544,0.2765992283821106,1.9829886574730093e-05
2430,0.37419894337654114,0.3482944369316101,0.25904518365859985,1.9762872451962212e-05
2431,0.38614487648010254,0.359440416097641,0.26704463362693787,1.969595933794739e-05
2432,0.38225582242012024,0.3558863401412964,0.2636949121952057,1.9629147316921125e-05
2433,0.39281901717185974,0.3656580448150635,0.27160966396331787,1.9562436472991552e-05
2434,0.39257967472076416,0.36525988578796387,0.273197740316391,1.9495826890139503e-05
2435,0.385702520608902,0.35879093408584595,0.2691158354282379,1.9429318652218276e-05
2436,0.40715086460113525,0.3786478340625763,0.285030335187912,1.9362911842953678e-05
2437,0.394724577665329,0.36772724986076355,0.2699733376502991,1.9296606545943774e-05
2438,0.380801796913147,0.35429245233535767,0.2650933563709259,1.9230402844658812e-05
2439,0.3826349079608917,0.3562832474708557,0.26351672410964966,1.9164300822441194e-05
2440,0.3994312286376953,0.3720878064632416,0.2734341621398926,1.9098300562505266e-05
2441,0.39888036251068115,0.371292382478714,0.275879830121994,1.9032402147937357e-05
2442,0.37817126512527466,0.3523266315460205,0.25844624638557434,1.896660566169548e-05
2443,0.3906962275505066,0.36391061544418335,0.2678561508655548,1.8900911186609426e-05
2444,0.385403037071228,0.35859107971191406,0.2681194543838501,1.8835318805380507e-05
2445,0.385669082403183,0.358752965927124,0.2691611647605896,1.8769828600581496e-05
2446,0.3733024001121521,0.3474608361721039,0.25841575860977173,1.870444065465662e-05
2447,0.3568233251571655,0.3322084844112396,0.24614834785461426,1.863915504992131e-05
2448,0.3946492671966553,0.36653438210487366,0.2811488211154938,1.8573971868562156e-05
2449,0.3894329071044922,0.3626095652580261,0.26823338866233826,1.8508891192636824e-05
2450,0.39195603132247925,0.3645571172237396,0.2739892899990082,1.8443913104073983e-05
2451,0.38576969504356384,0.3592171370983124,0.2655256688594818,1.8379037684673105e-05
2452,0.36478516459465027,0.33966389298439026,0.25121262669563293,1.8314265016104417e-05
2453,0.39268091320991516,0.36534059047698975,0.27340319752693176,1.8249595179908773e-05
2454,0.37915942072868347,0.35323378443717957,0.25925636291503906,1.818502825749764e-05
2455,0.38732802867889404,0.36062026023864746,0.2670775353908539,1.8120564330152923e-05
2456,0.3772273361682892,0.3513375520706177,0.2588977813720703,1.805620347902681e-05
2457,0.3726831376552582,0.34677445888519287,0.2590867280960083,1.799194578514176e-05
2458,0.42721426486968994,0.39795562624931335,0.29258623719215393,1.7927791329390375e-05
2459,0.4007033705711365,0.3731085956096649,0.2759476900100708,1.786374019253526e-05
2460,0.41117867827415466,0.3827380836009979,0.28440603613853455,1.7799792455209018e-05
2461,0.376739501953125,0.350714772939682,0.2602473795413971,1.773594819791403e-05
2462,0.3967682421207428,0.36879631876945496,0.27971911430358887,1.767220750102243e-05
2463,0.3860282301902771,0.3593909740447998,0.26637256145477295,1.760857044477596e-05
2464,0.3864615857601166,0.3598327338695526,0.26628848910331726,1.7545037109285946e-05
2465,0.37507447600364685,0.3489905297756195,0.2608393728733063,1.7481607574533044e-05
2466,0.3765721917152405,0.3508530557155609,0.2571912109851837,1.7418281920367373e-05
2467,0.37502315640449524,0.34864965081214905,0.2637351155281067,1.735506022650817e-05
2468,0.3963308036327362,0.3693186044692993,0.27012208104133606,1.7291942572543807e-05
2469,0.3990821838378906,0.37196218967437744,0.27119988203048706,1.722892903793176e-05
2470,0.3990699350833893,0.3717305660247803,0.27339377999305725,1.716601970199836e-05
2471,0.3804115355014801,0.35412243008613586,0.2628910541534424,1.710321464393877e-05
2472,0.3941052556037903,0.3667140603065491,0.2739119827747345,1.7040513942816906e-05
2473,0.3781992793083191,0.35209059715270996,0.26108673214912415,1.697791767756527e-05
2474,0.3906887173652649,0.3636557459831238,0.2703298330307007,1.6915425926984986e-05
2475,0.361937016248703,0.3364424705505371,0.2549454867839813,1.6853038769745467e-05
2476,0.38868430256843567,0.3621217906475067,0.2656251788139343,1.6790756284384612e-05
2477,0.3834274411201477,0.3570234179496765,0.26404017210006714,1.6728578549308416e-05
2478,0.38609224557876587,0.35952070355415344,0.2657153904438019,1.666650564279105e-05
2479,0.37330007553100586,0.3472675383090973,0.26032522320747375,1.6604537642974793e-05
2480,0.37628883123397827,0.35033074021339417,0.25958096981048584,1.6542674627869747e-05
2481,0.3834489583969116,0.3574311435222626,0.2601781189441681,1.6480916675353898e-05
2482,0.3818315267562866,0.3554891347885132,0.2634240388870239,1.6419263863172997e-05
2483,0.4001637399196625,0.37259185314178467,0.2757189869880676,1.6357716268940372e-05
2484,0.37544745206832886,0.349671334028244,0.2577611804008484,1.6296273970136977e-05
2485,0.3912152349948883,0.3642978072166443,0.2691743075847626,1.6234937044111152e-05
2486,0.39079365134239197,0.36384117603302,0.2695246934890747,1.6173705568078578e-05
2487,0.3889675438404083,0.36211538314819336,0.2685217261314392,1.611257961912227e-05
2488,0.3970349431037903,0.36977940797805786,0.27255523204803467,1.6051559274192275e-05
2489,0.35872796177864075,0.33392953872680664,0.24798429012298584,1.599064461010581e-05
2490,0.39396148920059204,0.3666139245033264,0.2734754979610443,1.5929835703546993e-05
2491,0.37583813071250916,0.34973713755607605,0.2610098123550415,1.5869132631066808e-05
2492,0.3778532147407532,0.35197392106056213,0.2587929964065552,1.5808535469082996e-05
2493,0.39684736728668213,0.369441419839859,0.27405935525894165,1.574804429388004e-05
2494,0.40250858664512634,0.3748050630092621,0.2770351469516754,1.5687659181608916e-05
2495,0.39354926347732544,0.3662082850933075,0.2734096646308899,1.5627380208287114e-05
2496,0.38761773705482483,0.36063843965530396,0.2697930932044983,1.5567207449798515e-05
2497,0.3935033679008484,0.3661749064922333,0.2732847034931183,1.5507140981893253e-05
2498,0.37597236037254333,0.35018986463546753,0.2578248977661133,1.5447180880187706e-05
2499,0.3908005952835083,0.3640216886997223,0.26778918504714966,1.538732722016434e-05
2500,0.3905572295188904,0.36401718854904175,0.26540032029151917,1.5327580077171587e-05
2501,0.39014124870300293,0.3633478879928589,0.26793357729911804,1.5267939526423824e-05
2502,0.41133004426956177,0.3829929828643799,0.2833704650402069,1.520840564300119e-05
2503,0.3881925642490387,0.36138588190078735,0.2680669128894806,1.5148978501849642e-05
2504,0.3918709456920624,0.36504796147346497,0.26822978258132935,1.5089658177780653e-05
2505,0.3929399847984314,0.3658907413482666,0.270492285490036,1.5030444745471294e-05
2506,0.38723883032798767,0.3607673943042755,0.2647143304347992,1.4971338279464009e-05
2507,0.3796846270561218,0.3535726070404053,0.2611202597618103,1.4912338854166696e-05
2508,0.39867255091667175,0.37145066261291504,0.27221882343292236,1.485344654385239e-05
2509,0.3876027762889862,0.3611116111278534,0.26491162180900574,1.4794661422659306e-05
2510,0.37928473949432373,0.3528311550617218,0.26453593373298645,1.4735983564590783e-05
2511,0.397100031375885,0.36949703097343445,0.27602988481521606,1.4677413043515042e-05
2512,0.37982645630836487,0.3533478379249573,0.2647862732410431,1.4618949933165272e-05
2513,0.37726935744285583,0.3509933054447174,0.26276054978370667,1.4560594307139364e-05
2514,0.366497665643692,0.3410934805870056,0.2540418803691864,1.4502346238899945e-05
2515,0.39551207423210144,0.36820873618125916,0.27303335070610046,1.4444205801774202e-05
2516,0.3954884111881256,0.36785295605659485,0.27635452151298523,1.4386173068953846e-05
2517,0.3825840353965759,0.3559408187866211,0.26643213629722595,1.4328248113495047e-05
2518,0.3794882595539093,0.3531705439090729,0.2631772756576538,1.427043100831823e-05
2519,0.39595142006874084,0.36868730187416077,0.27264124155044556,1.4212721826208086e-05
2520,0.3786700665950775,0.3525526821613312,0.2611737549304962,1.415512063981339e-05
2521,0.37860623002052307,0.3523862659931183,0.26219961047172546,1.4097627521647061e-05
2522,0.3708091676235199,0.3452484607696533,0.25560709834098816,1.4040242544085913e-05
2523,0.3710815906524658,0.34548336267471313,0.25598233938217163,1.3982965779370626e-05
2524,0.40482527017593384,0.3765645921230316,0.2826068699359894,1.3925797299605647e-05
2525,0.38042184710502625,0.3540645241737366,0.26357319951057434,1.3868737176759094e-05
2526,0.39076584577560425,0.36363139748573303,0.2713444232940674,1.3811785482662764e-05
2527,0.37200361490249634,0.3461513817310333,0.2585222125053406,1.375494228901184e-05
2528,0.409455806016922,0.38107696175575256,0.28378841280937195,1.3698207667364982e-05
2529,0.4240798354148865,0.3952798843383789,0.28799957036972046,1.3641581689144156e-05
2530,0.3824305534362793,0.3558613061904907,0.26569247245788574,1.3585064425634542e-05
2531,0.3790077865123749,0.353204607963562,0.2580319046974182,1.3528655947984504e-05
2532,0.37366339564323425,0.3478183448314667,0.25845053791999817,1.3472356327205405e-05
2533,0.37616968154907227,0.3497704565525055,0.26399216055870056,1.341616563417163e-05
2534,0.37798064947128296,0.35206741094589233,0.259132444858551,1.3360083939620394e-05
2535,0.4000566601753235,0.37246909737586975,0.2758757770061493,1.330411131415169e-05
2536,0.368903785943985,0.34388503432273865,0.25018763542175293,1.3248247828228245e-05
2537,0.384256511926651,0.3573254942893982,0.2693100869655609,1.3192493552175366e-05
2538,0.39973554015159607,0.37181439995765686,0.27921149134635925,1.3136848556180892e-05
2539,0.39532625675201416,0.3678377866744995,0.2748846113681793,1.308131291029504e-05
2540,0.3834877610206604,0.35740527510643005,0.26082491874694824,1.3025886684430467e-05
2541,0.38613200187683105,0.35903745889663696,0.2709454894065857,1.2970569948361999e-05
2542,0.4056702256202698,0.3779764473438263,0.2769377529621124,1.291536277172667e-05
2543,0.36838197708129883,0.3429912030696869,0.25390782952308655,1.2860265224023549e-05
2544,0.3942919671535492,0.36726638674736023,0.2702558636665344,1.2805277374613744e-05
2545,0.3787216246128082,0.3525335490703583,0.2618808448314667,1.2750399292720283e-05
2546,0.38224703073501587,0.3559368848800659,0.26310157775878906,1.2695631047427937e-05
2547,0.3997340202331543,0.3723454773426056,0.2738852798938751,1.2640972707683252e-05
2548,0.3904321491718292,0.3638842701911926,0.2654789090156555,1.2586424342294412e-05
2549,0.39302724599838257,0.3655964136123657,0.2743084728717804,1.2531986019931119e-05
2550,0.4088769257068634,0.3806734085083008,0.282035231590271,1.2477657809124631e-05
2551,0.3834511339664459,0.3567025065422058,0.26748624444007874,1.242343977826752e-05
2552,0.39725980162620544,0.36988747119903564,0.2737232744693756,1.2369331995613653e-05
2553,0.3923085629940033,0.3652789890766144,0.2702956199645996,1.2315334529278132e-05
2554,0.411827951669693,0.38372841477394104,0.28099533915519714,1.2261447447237195e-05
2555,0.3879840672016144,0.3608940541744232,0.270900160074234,1.2207670817328066e-05
2556,0.421101838350296,0.3921798765659332,0.2892194986343384,1.2154004707249011e-05
2557,0.3847685754299164,0.3584207594394684,0.26347824931144714,1.2100449184559093e-05
2558,0.3828454911708832,0.35605403780937195,0.26791444420814514,1.2047004316678156e-05
2559,0.390394389629364,0.36318477988243103,0.27209609746932983,1.1993670170886806e-05
2560,0.37943267822265625,0.3534342050552368,0.2599846124649048,1.19404468143262e-05
2561,0.4116781949996948,0.383134663105011,0.2854352295398712,1.1887334313998066e-05
2562,0.3816429674625397,0.35569432377815247,0.25948649644851685,1.1834332736764554e-05
2563,0.381262868642807,0.355178564786911,0.2608431577682495,1.1781442149348155e-05
2564,0.3790082037448883,0.35243818163871765,0.26570016145706177,1.1728662618331698e-05
2565,0.373338520526886,0.34781232476234436,0.2552618384361267,1.1675994210158181e-05
2566,0.3758980929851532,0.35001587867736816,0.25882211327552795,1.1623436991130654e-05
2567,0.40475183725357056,0.37679582834243774,0.27956002950668335,1.1570991027412304e-05
2568,0.3707655668258667,0.34504154324531555,0.25724032521247864,1.151865638502615e-05
2569,0.3870508074760437,0.3599838614463806,0.2706693410873413,1.1466433129855158e-05
2570,0.37177902460098267,0.3461172878742218,0.2566172480583191,1.141432132764202e-05
2571,0.39176857471466064,0.3646034896373749,0.27165094017982483,1.1362321043989132e-05
2572,0.39878028631210327,0.3712664544582367,0.27513816952705383,1.1310432344358502e-05
2573,0.3798121213912964,0.35363805294036865,0.26174062490463257,1.1258655294071685e-05
2574,0.3961675465106964,0.36820393800735474,0.27963608503341675,1.1206989958309656e-05
2575,0.37736082077026367,0.3512621521949768,0.2609868347644806,1.1155436402112785e-05
2576,0.37501829862594604,0.34862715005874634,0.26391154527664185,1.1103994690380681e-05
2577,0.38120073080062866,0.354939728975296,0.2626098692417145,1.105266488787221e-05
2578,0.38438940048217773,0.3577548563480377,0.2663453221321106,1.1001447059205305e-05
2579,0.40601909160614014,0.3776589035987854,0.2836017608642578,1.0950341268857e-05
2580,0.3829486668109894,0.35628873109817505,0.26659929752349854,1.0899347581163221e-05
2581,0.4018920361995697,0.37418702244758606,0.2770501971244812,1.0848466060318807e-05
2582,0.3714325428009033,0.3457905948162079,0.25641950964927673,1.0797696770377352e-05
2583,0.393704354763031,0.3669050633907318,0.26799285411834717,1.0747039775251266e-05
2584,0.39518430829048157,0.3677978217601776,0.2738647758960724,1.069649513871147e-05
2585,0.38516801595687866,0.35859552025794983,0.2657250761985779,1.0646062924387512e-05
2586,0.4029220640659332,0.3752390742301941,0.2768298089504242,1.0595743195767393e-05
2587,0.3692846894264221,0.343934029340744,0.253506600856781,1.0545536016197499e-05
2588,0.3844313323497772,0.35823407769203186,0.2619725465774536,1.0495441448882571e-05
2589,0.3899257481098175,0.36329150199890137,0.2663423418998718,1.0445459556885517e-05
2590,0.3661499619483948,0.3412449359893799,0.24905037879943848,1.0395590403127486e-05
2591,0.39058616757392883,0.36344146728515625,0.27144691348075867,1.0345834050387627e-05
2592,0.3889673948287964,0.36172664165496826,0.2724073827266693,1.0296190561303132e-05
2593,0.387755423784256,0.36089789867401123,0.2685752213001251,1.024665999836909e-05
2594,0.38885533809661865,0.36194542050361633,0.2690991163253784,1.0197242423938446e-05
2595,0.37187862396240234,0.3463805615901947,0.2549806535243988,1.0147937900221883e-05
2596,0.38404858112335205,0.35747092962265015,0.2657764256000519,1.0098746489287758e-05
2597,0.38980695605278015,0.36289840936660767,0.2690853774547577,1.0049668253062105e-05
2598,0.3776904046535492,0.35161834955215454,0.260720431804657,1.0000703253328414e-05
2599,0.3854104280471802,0.3587779104709625,0.26632532477378845,9.95185155172762e-06
2600,0.4190705716609955,0.3902246356010437,0.28845930099487305,9.903113209758096e-06
2601,0.39630141854286194,0.36945217847824097,0.2684924006462097,9.854488288775422e-06
2602,0.3766881823539734,0.35057446360588074,0.2611371576786041,9.805976849992494e-06
2603,0.3844117522239685,0.3577781617641449,0.26633602380752563,9.757578954479262e-06
2604,0.3604961931705475,0.33580446243286133,0.24691736698150635,9.709294663162771e-06
2605,0.3878750503063202,0.36101213097572327,0.26862916350364685,9.661124036827063e-06
2606,0.3968965411186218,0.3692558705806732,0.27640673518180847,9.61306713611304e-06
2607,0.4112972617149353,0.3831864595413208,0.28110817074775696,9.565124021518545e-06
2608,0.3703154921531677,0.34514951705932617,0.25165969133377075,9.517294753398064e-06
2609,0.3922790586948395,0.3652071952819824,0.27071869373321533,9.469579391962813e-06
2610,0.38246530294418335,0.35562390089035034,0.2684139907360077,9.421977997280596e-06
2611,0.4186558425426483,0.3893440067768097,0.29311832785606384,9.3744906292758e-06
2612,0.3840782046318054,0.3574104309082031,0.26667773723602295,9.327117347729197e-06
2613,0.3725598454475403,0.3466181755065918,0.2594165802001953,9.27985821227798e-06
2614,0.3803243637084961,0.35418370366096497,0.2614065706729889,9.23271328241564e-06
2615,0.38431409001350403,0.35737115144729614,0.26942941546440125,9.185682617491863e-06
2616,0.411073237657547,0.3827468752861023,0.28326350450515747,9.138766276712552e-06
2617,0.38581395149230957,0.3593938648700714,0.26420092582702637,9.091964319139645e-06
2618,0.38225892186164856,0.35561034083366394,0.26648569107055664,9.045276803691094e-06
2619,0.39378640055656433,0.36679211258888245,0.26994284987449646,8.998703789140772e-06
2620,0.39666610956192017,0.3691408634185791,0.2752525806427002,8.952245334118414e-06
2621,0.384197860956192,0.35775768756866455,0.2644018232822418,8.905901497109581e-06
2622,0.39207255840301514,0.3648359179496765,0.2723664343357086,8.85967233645547e-06
2623,0.366509348154068,0.34124431014060974,0.25265026092529297,8.813557910352999e-06
2624,0.4001467823982239,0.37269923090934753,0.274475634098053,8.76755827685456e-06
2625,0.3841905891895294,0.3578689396381378,0.263216495513916,8.72167349386811e-06
2626,0.4038841128349304,0.3762902617454529,0.27593863010406494,8.675903619156977e-06
2627,0.37283989787101746,0.34737882018089294,0.2546108365058899,8.63024871033985e-06
2628,0.40067169070243835,0.37282392382621765,0.2784777283668518,8.584708824890697e-06
2629,0.37696507573127747,0.3510817587375641,0.25883322954177856,8.539284020138638e-06
2630,0.3840937912464142,0.3579190969467163,0.2617468237876892,8.493974353268019e-06
2631,0.3765537142753601,0.35068491101264954,0.2586880028247833,8.448779881318148e-06
2632,0.3784872591495514,0.3528485894203186,0.25638678669929504,8.403700661183355e-06
2633,0.3719216287136078,0.34613537788391113,0.25786250829696655,8.358736749612873e-06
2634,0.38573595881462097,0.35909783840179443,0.26638132333755493,8.313888203210774e-06
2635,0.3990616798400879,0.3715647757053375,0.2749688923358917,8.269155078435931e-06
2636,0.40037742257118225,0.37312114238739014,0.27256274223327637,8.224537431601886e-06
2637,0.3876212239265442,0.3606714606285095,0.26949772238731384,8.1800353188768e-06
2638,0.3940316140651703,0.3669539988040924,0.2707761526107788,8.135648796283402e-06
2639,0.37547579407691956,0.34997743368148804,0.25498369336128235,8.091377919698895e-06
2640,0.4055054783821106,0.3774253726005554,0.2808009684085846,8.047222744854943e-06
2641,0.3840818405151367,0.3578379154205322,0.2624393701553345,8.003183327337504e-06
2642,0.40040549635887146,0.3723596930503845,0.2804579734802246,7.95925972258683e-06
2643,0.3810547888278961,0.3546481430530548,0.2640663981437683,7.915451985897382e-06
2644,0.38911715149879456,0.36251452565193176,0.26602619886398315,7.871760172417763e-06
2645,0.3937501609325409,0.36618754267692566,0.2756263017654419,7.828184337150613e-06
2646,0.3904910683631897,0.3634241819381714,0.27066874504089355,7.784724534952625e-06
2647,0.39055436849594116,0.36357030272483826,0.26984071731567383,7.74138082053436e-06
2648,0.3947594463825226,0.36737895011901855,0.2738049328327179,7.698153248460271e-06
2649,0.3846292495727539,0.35799166560173035,0.26637592911720276,7.655041873148605e-06
2650,0.41864997148513794,0.38937798142433167,0.29271993041038513,7.612046748871327e-06
2651,0.41461265087127686,0.38591861724853516,0.28694024682044983,7.56916792975404e-06
2652,0.36789989471435547,0.3422526717185974,0.2564723789691925,7.526405469775955e-06
2653,0.39764508605003357,0.3700382709503174,0.27606818079948425,7.483759422769765e-06
2654,0.37794291973114014,0.35190871357917786,0.26034218072891235,7.441229842421671e-06
2655,0.3955352008342743,0.36851680278778076,0.27018409967422485,7.398816782271223e-06
2656,0.41894829273223877,0.38998210430145264,0.2896617352962494,7.3565202957112555e-06
2657,0.34363994002342224,0.32019248604774475,0.23447459936141968,7.314340435987921e-06
2658,0.3885170817375183,0.3617875874042511,0.2672949731349945,7.272277256200499e-06
2659,0.38080209493637085,0.35460028052330017,0.262018084526062,7.230330809301411e-06
2660,0.37900733947753906,0.3527427017688751,0.2626464366912842,7.1885011480961164e-06
2661,0.3894653618335724,0.3625580668449402,0.26907292008399963,7.1467883252430364e-06
2662,0.37976714968681335,0.3536848723888397,0.2608226537704468,7.105192393253524e-06
2663,0.39318862557411194,0.36595484614372253,0.2723378837108612,7.063713404491812e-06
2664,0.3676420748233795,0.34257304668426514,0.250690221786499,7.022351411174866e-06
2665,0.37311914563179016,0.3473258316516876,0.2579331696033478,6.981106465372389e-06
2666,0.395268052816391,0.3678372800350189,0.2743076980113983,6.939978619006737e-06
2667,0.38908955454826355,0.3621700406074524,0.2691950500011444,6.8989679238528395e-06
2668,0.3955659866333008,0.3682723939418793,0.2729359567165375,6.858074431538164e-06
2669,0.3810883164405823,0.35461243987083435,0.26475879549980164,6.817298193542643e-06
2670,0.3854643404483795,0.359011709690094,0.26452624797821045,6.776639261198581e-06
2671,0.3883441090583801,0.3615361154079437,0.26807981729507446,6.736097685690601e-06
2672,0.4003574550151825,0.37282419204711914,0.2753327190876007,6.695673518055579e-06
2673,0.3971179723739624,0.369739294052124,0.2737868130207062,6.655366809182662e-06
2674,0.3787582814693451,0.35269415378570557,0.2606412172317505,6.615177609813039e-06
2675,0.3707563281059265,0.34481140971183777,0.259449303150177,6.5751059705400295e-06
2676,0.41441795229911804,0.38573572039604187,0.28682225942611694,6.5351519418089145e-06
2677,0.4140543043613434,0.3855597972869873,0.28494495153427124,6.4953155739169495e-06
2678,0.3766629099845886,0.3506430983543396,0.2601982057094574,6.455596917013273e-06
2679,0.39109230041503906,0.36399704217910767,0.2709525227546692,6.415996021098813e-06
2680,0.4025344252586365,0.3753511607646942,0.2718327045440674,6.37651293602628e-06
2681,0.3751610219478607,0.34876400232315063,0.26397010684013367,6.3371477115000466e-06
2682,0.38454315066337585,0.35825908184051514,0.2628406584262848,6.29790039707614e-06
2683,0.3780975639820099,0.3517070412635803,0.26390519738197327,6.258771042162137e-06
2684,0.37620627880096436,0.35021886229515076,0.25987425446510315,6.219759696017113e-06
2685,0.36257803440093994,0.3371967077255249,0.25381335616111755,6.180866407751595e-06
2686,0.40926772356033325,0.3808431029319763,0.28424614667892456,6.142091226327484e-06
2687,0.37511110305786133,0.34912824630737305,0.2598285377025604,6.103434200558011e-06
2688,0.3770952522754669,0.35097068548202515,0.2612456679344177,6.06489537910766e-06
2689,0.41198959946632385,0.38351869583129883,0.2847089171409607,6.0264748104920776e-06
2690,0.38016682863235474,0.35392874479293823,0.2623809576034546,5.988172543078097e-06
2691,0.3777090907096863,0.3515145778656006,0.26194503903388977,5.9499886250835805e-06
2692,0.39796528220176697,0.3703620731830597,0.27603211998939514,5.911923104577455e-06
2693,0.37475019693374634,0.34888359904289246,0.2586660087108612,5.8739760294795335e-06
2694,0.38650190830230713,0.35965508222579956,0.2684682309627533,5.8361474475605695e-06
2695,0.39466047286987305,0.3676493167877197,0.2701115906238556,5.7984374064421035e-06
2696,0.3710313141345978,0.34548360109329224,0.2554772198200226,5.760845953596527e-06
2697,0.380389541387558,0.35461607575416565,0.2577346861362457,5.723373136346854e-06
2698,0.3780825436115265,0.35179442167282104,0.26288118958473206,5.6860190018667934e-06
2699,0.40361860394477844,0.3756030797958374,0.28015536069869995,5.6487835971806515e-06
2700,0.3862887918949127,0.35989612340927124,0.26392662525177,5.611666969163243e-06
2701,0.367563396692276,0.34244605898857117,0.25117334723472595,5.574669164539903e-06
2702,0.40344303846359253,0.37570253014564514,0.2774050831794739,5.537790229886319e-06
2703,0.397014319896698,0.36953476071357727,0.2747955322265625,5.501030211628599e-06
2704,0.39509057998657227,0.3678317964076996,0.27258768677711487,5.464389156043115e-06
2705,0.3780820965766907,0.35182303190231323,0.262590616941452,5.427867109256457e-06
2706,0.36604318022727966,0.3406693935394287,0.25373783707618713,5.39146411724547e-06
2707,0.364342600107193,0.33916348218917847,0.2517912685871124,5.355180225837053e-06
2708,0.38269200921058655,0.3561028242111206,0.2658919394016266,5.3190154807082005e-06
2709,0.3811799883842468,0.3544614017009735,0.26718586683273315,5.282969927385906e-06
2710,0.39676207304000854,0.3696543872356415,0.2710767090320587,5.247043611247127e-06
2711,0.40130940079689026,0.37389975786209106,0.27409639954566956,5.211236577518719e-06
2712,0.37551018595695496,0.3497810661792755,0.25729113817214966,5.175548871277358e-06
2713,0.3784722685813904,0.35221484303474426,0.26257410645484924,5.13998053744954e-06
2714,0.40129631757736206,0.3737230598926544,0.2757324278354645,5.104531620811414e-06
2715,0.38274335861206055,0.3563019931316376,0.2644136846065521,5.0692021659888735e-06
2716,0.383311927318573,0.35715585947036743,0.2615605592727661,5.033992217457395e-06
2717,0.3848675489425659,0.35812652111053467,0.26741012930870056,4.998901819541979e-06
2718,0.39967718720436096,0.3720615804195404,0.27615615725517273,4.963931016417167e-06
2719,0.3768267035484314,0.35084205865859985,0.25984644889831543,4.929079852106933e-06
2720,0.38960134983062744,0.36239370703697205,0.27207642793655396,4.8943483704846475e-06
2721,0.392672598361969,0.3655991852283478,0.2707342505455017,4.859736615273003e-06
2722,0.37919047474861145,0.35233601927757263,0.268544465303421,4.825244630043979e-06
2723,0.38353487849235535,0.357115238904953,0.26419636607170105,4.790872458218754e-06
2724,0.42300331592559814,0.39357057213783264,0.29432758688926697,4.756620143067725e-06
2725,0.3751004934310913,0.3489231765270233,0.261773020029068,4.722487727710368e-06
2726,0.38888075947761536,0.36206018924713135,0.26820558309555054,4.688475255115244e-06
2727,0.39469119906425476,0.36736050248146057,0.27330687642097473,4.65458276809988e-06
2728,0.4017156660556793,0.37395116686820984,0.277645081281662,4.620810309330803e-06
2729,0.3920063376426697,0.36494016647338867,0.270661860704422,4.587157921323393e-06
2730,0.406419038772583,0.37879103422164917,0.27628016471862793,4.553625646441928e-06
2731,0.38986045122146606,0.3628517985343933,0.2700863778591156,4.520213526899431e-06
2732,0.3864137530326843,0.3598872125148773,0.26526540517807007,4.486921604757699e-06
2733,0.3905697464942932,0.3637421727180481,0.2682758867740631,4.453749921927175e-06
2734,0.3802342414855957,0.3538278043270111,0.26406440138816833,4.420698520166988e-06
2735,0.4031273126602173,0.3753260672092438,0.27801257371902466,4.3877674410848e-06
2736,0.399686723947525,0.37205076217651367,0.2763596773147583,4.35495672613685e-06
2737,0.4212130904197693,0.3918984830379486,0.29314616322517395,4.322266416627785e-06
2738,0.36936697363853455,0.344007283449173,0.2535969913005829,4.289696553710731e-06
2739,0.36560675501823425,0.3405519723892212,0.25054776668548584,4.257247178387192e-06
2740,0.3897281587123871,0.3629034459590912,0.26824700832366943,4.224918331506955e-06
2741,0.3860962390899658,0.35963547229766846,0.2646075189113617,4.19271005376809e-06
2742,0.393027126789093,0.36657652258872986,0.26450619101524353,4.160622385716895e-06
2743,0.38929495215415955,0.36220285296440125,0.2709210515022278,4.1286553677478136e-06
2744,0.3999972939491272,0.37227898836135864,0.277182936668396,4.096809040103444e-06
2745,0.36614757776260376,0.34108930826187134,0.2505827844142914,4.065083442874418e-06
2746,0.41285523772239685,0.3843749165534973,0.284803181886673,4.033478615999376e-06
2747,0.3802569806575775,0.3537791967391968,0.2647777795791626,4.001994599264957e-06
2748,0.3779953122138977,0.35198974609375,0.2600555717945099,3.970631432305694e-06
2749,0.35468602180480957,0.330233633518219,0.24452389776706696,3.93938915460399e-06
2750,0.3854801058769226,0.3589915931224823,0.2648850381374359,3.908267805490051e-06
2751,0.3992951214313507,0.37168145179748535,0.2761366069316864,3.877267424141862e-06
2752,0.3756663203239441,0.34941616654396057,0.26250159740448,3.8463880495851146e-06
2753,0.3719981014728546,0.3465072810649872,0.2549082934856415,3.815629720693192e-06
2754,0.369250625371933,0.343712717294693,0.25537919998168945,3.784992476187066e-06
2755,0.3826545178890228,0.35616233944892883,0.2649218738079071,3.7544763546352834e-06
2756,0.4012920558452606,0.373258113861084,0.2803395092487335,3.7240813944539153e-06
2757,0.3904513418674469,0.36349204182624817,0.2695930004119873,3.6938076339065207e-06
2758,0.38380545377731323,0.3575523793697357,0.26253068447113037,3.6636551111040475e-06
2759,0.37655168771743774,0.35079827904701233,0.2575339376926422,3.633623864004887e-06
2760,0.3737233877182007,0.3481874167919159,0.25535956025123596,3.6037139304146762e-06
2761,0.40051451325416565,0.37277814745903015,0.2773636281490326,3.573925347986384e-06
2762,0.3792416453361511,0.3528335392475128,0.2640809118747711,3.5442581542201923e-06
2763,0.3753489553928375,0.34935835003852844,0.25990593433380127,3.5147123864634924e-06
2764,0.40834927558898926,0.38057073950767517,0.27778545022010803,3.485288081910798e-06
2765,0.36439189314842224,0.33914849162101746,0.252434104681015,3.455985277603713e-06
2766,0.3904605209827423,0.3636132478713989,0.2684728503227234,3.426804010430884e-06
2767,0.38564562797546387,0.35908398032188416,0.26561635732650757,3.3977443171279823e-06
2768,0.3915107846260071,0.3647862672805786,0.26724523305892944,3.3688062342776106e-06
2769,0.3896098732948303,0.3626445233821869,0.2696533501148224,3.339989798309273e-06
2770,0.4024946093559265,0.3744589686393738,0.2803562879562378,3.311295045499363e-06
2771,0.39816078543663025,0.37049025297164917,0.276705265045166,3.282722011971051e-06
2772,0.38120466470718384,0.355296790599823,0.259078711271286,3.254270733694331e-06
2773,0.3864182233810425,0.35954785346984863,0.2687036395072937,3.2259412464858753e-06
2774,0.3876410126686096,0.360433429479599,0.27207571268081665,3.197733586009055e-06
2775,0.40336182713508606,0.3758208751678467,0.2754094898700714,3.169647787773866e-06
2776,0.4033181667327881,0.3752449154853821,0.28073257207870483,3.1416838871368924e-06
2777,0.38947349786758423,0.36308375000953674,0.2638973891735077,3.1138419193012857e-06
2778,0.39544087648391724,0.3682836592197418,0.271572083234787,3.086121919316698e-06
2779,0.38442376255989075,0.3579518795013428,0.26471880078315735,3.0585239220792037e-06
2780,0.3876141607761383,0.36048656702041626,0.2712758779525757,3.0310479623313127e-06
2781,0.3788338303565979,0.35255345702171326,0.2628036141395569,3.0036940746619224e-06
2782,0.3960384726524353,0.3686071038246155,0.27431371808052063,2.9764622935062438e-06
2783,0.38898521661758423,0.36225491762161255,0.26730284094810486,2.949352653145754e-06
2784,0.3788776993751526,0.3528057634830475,0.26071950793266296,2.922365187708187e-06
2785,0.4206416606903076,0.3910333514213562,0.2960830330848694,2.8954999311674558e-06
2786,0.39563217759132385,0.36865508556365967,0.26977086067199707,2.8687569173436623e-06
2787,0.40140336751937866,0.3736766576766968,0.2772672474384308,2.842136179902988e-06
2788,0.38197430968284607,0.35562339425086975,0.26350903511047363,2.8156377523576803e-06
2789,0.3709460198879242,0.34566372632980347,0.2528229057788849,2.7892616680660457e-06
2790,0.3818984031677246,0.35536500811576843,0.26533398032188416,2.7630079602323442e-06
2791,0.38650768995285034,0.35994189977645874,0.26565802097320557,2.7368766619067953e-06
2792,0.36424973607063293,0.3393392562866211,0.24910485744476318,2.7108678059855065e-06
2793,0.3851107656955719,0.3589736223220825,0.26137134432792664,2.6849814252104754e-06
2794,0.3892073631286621,0.362513929605484,0.2669343948364258,2.6592175521694795e-06
2795,0.3842514753341675,0.35729607939720154,0.2695538103580475,2.6335762192960743e-06
2796,0.39383912086486816,0.366443932056427,0.27395179867744446,2.608057458869606e-06
2797,0.38919833302497864,0.3619914948940277,0.27206841111183167,2.582661303015066e-06
2798,0.38354364037513733,0.35687193274497986,0.26671698689460754,2.5573877837031137e-06
2799,0.4179225564002991,0.3888081908226013,0.2911437153816223,2.532236932750021e-06
2800,0.3761821389198303,0.350475013256073,0.25707125663757324,2.5072087818176382e-06
2801,0.3833191990852356,0.3566129505634308,0.26706260442733765,2.482303362413374e-06
2802,0.37231749296188354,0.34664013981819153,0.2567735016345978,2.457520705890093e-06
2803,0.3826785683631897,0.35640135407447815,0.2627720832824707,2.4328608434461276e-06
2804,0.39255058765411377,0.3654397428035736,0.2711085379123688,2.4083238061252567e-06
2805,0.3758346736431122,0.34955263137817383,0.2628204822540283,2.383909624816616e-06
2806,0.4252064526081085,0.3957858085632324,0.2942063808441162,2.3596183302546647e-06
2807,0.3942332863807678,0.36664190888404846,0.275913804769516,2.3354499530191975e-06
2808,0.4033171534538269,0.37547457218170166,0.27842584252357483,2.311404523535243e-06
2809,0.42683538794517517,0.397121787071228,0.2971358895301819,2.2874820720730438e-06
2810,0.39433103799819946,0.3671773076057434,0.27153733372688293,2.2636826287480873e-06
2811,0.3879057765007019,0.3615618944168091,0.263438880443573,2.240006223520941e-06
2812,0.41812780499458313,0.388787180185318,0.29340630769729614,2.2164528861973064e-06
2813,0.37165895104408264,0.3460695743560791,0.25589367747306824,2.193022646427978e-06
2814,0.3687056303024292,0.34284695982933044,0.25858673453330994,2.1697155337087604e-06
2815,0.38593247532844543,0.3588865101337433,0.27045977115631104,2.1465315773804616e-06
2816,0.3836126923561096,0.3573075532913208,0.26305150985717773,2.123470806628858e-06
2817,0.38782891631126404,0.3608953654766083,0.26933544874191284,2.1005332504846597e-06
2818,0.3901473581790924,0.36323049664497375,0.26916852593421936,2.0777189378234143e-06
2819,0.39047732949256897,0.36353909969329834,0.2693823277950287,2.0550278973656024e-06
2820,0.37486177682876587,0.34908992052078247,0.25771862268447876,2.032460157676452e-06
2821,0.37324872612953186,0.34768158197402954,0.25567135214805603,2.010015747165983e-06
2822,0.38704827427864075,0.36052095890045166,0.26527321338653564,1.9876946940889927e-06
2823,0.38270843029022217,0.35650238394737244,0.26206058263778687,1.965497026544938e-06
2824,0.38961681723594666,0.36260339617729187,0.2701343297958374,1.9434227724779984e-06
2825,0.39146801829338074,0.3642407953739166,0.2722721993923187,1.921471959676957e-06
2826,0.4083755910396576,0.38004884123802185,0.28326743841171265,1.899644615775209e-06
2827,0.3935452401638031,0.36639219522476196,0.2715303599834442,1.8779407682507077e-06
2828,0.3713166117668152,0.345497190952301,0.2581941485404968,1.856360444425953e-06
2829,0.37784090638160706,0.35147085785865784,0.2637004256248474,1.834903671467958e-06
2830,0.38491877913475037,0.35825416445732117,0.26664602756500244,1.81357047638816e-06
2831,0.3795686662197113,0.3534788489341736,0.2608981728553772,1.7923608860424658e-06
2832,0.3958226442337036,0.36860424280166626,0.2721841633319855,1.771274927131139e-06
2833,0.38526684045791626,0.3590569794178009,0.2620984613895416,1.7503126261988355e-06
2834,0.35943716764450073,0.33402082324028015,0.2541634440422058,1.7294740096345575e-06
2835,0.3842199444770813,0.3579406440258026,0.26279309391975403,1.7087591036715534e-06
2836,0.3741067349910736,0.34815311431884766,0.2595363259315491,1.6881679343873636e-06
2837,0.3972807824611664,0.37013712525367737,0.27143657207489014,1.667700527703775e-06
2838,0.3858068287372589,0.35874003171920776,0.2706679403781891,1.6473569093867436e-06
2839,0.38529157638549805,0.3588370382785797,0.2645455300807953,1.6271371050464056e-06
2840,0.3836958408355713,0.3569265902042389,0.26769235730171204,1.6070411401370334e-06
2841,0.3686404228210449,0.34291884303092957,0.2572156488895416,1.58706903995699e-06
2842,0.38868075609207153,0.36169248819351196,0.2698826789855957,1.5672208296486969e-06
2843,0.4115872383117676,0.3829595148563385,0.28627723455429077,1.5474965341986558e-06
2844,0.38631585240364075,0.3599149286746979,0.2640092968940735,1.5278961784373268e-06
2845,0.38661709427833557,0.3600437641143799,0.2657333016395569,1.5084197870391837e-06
2846,0.39929303526878357,0.3714848756790161,0.2780816853046417,1.4890673845226133e-06
2847,0.3828350901603699,0.3562878966331482,0.2654719352722168,1.469838995249928e-06
2848,0.3701563775539398,0.34497806429862976,0.251783162355423,1.4507346434273316e-06
2849,0.36390912532806396,0.33839625120162964,0.25512877106666565,1.4317543531048749e-06
2850,0.3873470723628998,0.3606482446193695,0.26698821783065796,1.4128981481764115e-06
2851,0.39131301641464233,0.3645182251930237,0.26794782280921936,1.3941660523796196e-06
2852,0.3873652517795563,0.3604218661785126,0.2694339156150818,1.375558089295914e-06
2853,0.39476853609085083,0.36780768632888794,0.26960837841033936,1.3570742823504567e-06
2854,0.3746704161167145,0.3484218716621399,0.2624853551387787,1.3387146548120899e-06
2855,0.3864564299583435,0.35968881845474243,0.2676759660243988,1.3204792297933588e-06
2856,0.385640025138855,0.3586524426937103,0.26987582445144653,1.3023680302504338e-06
2857,0.4025248885154724,0.3745730519294739,0.2795185148715973,1.2843810789831102e-06
2858,0.39791640639305115,0.3705263137817383,0.27390098571777344,1.2665183986347528e-06
2859,0.38854697346687317,0.3618546426296234,0.26692330837249756,1.2487800116922966e-06
2860,0.38317444920539856,0.3569200932979584,0.26254358887672424,1.231165940486234e-06
2861,0.37334468960762024,0.3476613461971283,0.25683334469795227,1.2136762071904838e-06
2862,0.3902951180934906,0.3634667992591858,0.26828324794769287,1.1963108338225337e-06
2863,0.37368783354759216,0.34806498885154724,0.256228506565094,1.1790698422432521e-06
2864,0.3878704011440277,0.36125433444976807,0.2661607265472412,1.1619532541569333e-06
2865,0.3936254382133484,0.3666723370552063,0.26953092217445374,1.1449610911112741e-06
2866,0.4070747196674347,0.37906670570373535,0.28008008003234863,1.128093374497352e-06
2867,0.3540164530277252,0.3297027349472046,0.2431371808052063,1.1113501255495485e-06
2868,0.4080508351325989,0.38012832403182983,0.27922511100769043,1.0947313653455694e-06
2869,0.38363713026046753,0.35717645287513733,0.2646067142486572,1.0782371148064241e-06
2870,0.3995589017868042,0.3723096549510956,0.27249231934547424,1.0618673946963365e-06
2871,0.39740487933158875,0.3698452115058899,0.2755966782569885,1.0456222256227999e-06
2872,0.37865209579467773,0.35242602229118347,0.26226064562797546,1.0295016280365112e-06
2873,0.40611937642097473,0.3783007860183716,0.2781858742237091,1.0135056222313143e-06
2874,0.3697068393230438,0.34413766860961914,0.25569167733192444,9.976342283442463e-07
2875,0.3926914930343628,0.36511772871017456,0.2757375240325928,9.818874663554357e-07
2876,0.389285147190094,0.36253079771995544,0.26754364371299744,9.662653560881584e-07
2877,0.3816601634025574,0.3556535542011261,0.2600659728050232,9.50767917208728e-07
2878,0.3826594948768616,0.35640865564346313,0.2625083923339844,9.353951692265383e-07
2879,0.36680397391319275,0.34142985939979553,0.2537410259246826,9.20147131493998e-07
2880,0.39840349555015564,0.3708660304546356,0.27537456154823303,9.0502382320653e-07
2881,0.37512972950935364,0.34938687086105347,0.25742846727371216,8.900252634025274e-07
2882,0.3707563281059265,0.3451210856437683,0.25635239481925964,8.751514709633424e-07
2883,0.39525800943374634,0.36822378635406494,0.2703423500061035,8.604024646132857e-07
2884,0.4078070819377899,0.3797874450683594,0.28019633889198303,8.457782629195388e-07
2885,0.3978569507598877,0.3706222176551819,0.2723473906517029,8.31278884292186e-07
2886,0.3740796446800232,0.34851470589637756,0.25564926862716675,8.16904346984193e-07
2887,0.3745361268520355,0.34878942370414734,0.2574669122695923,8.026546690913406e-07
2888,0.37371140718460083,0.3477228283882141,0.2598856985569,7.885298685522235e-07
2889,0.38086792826652527,0.3546372056007385,0.26230713725090027,7.745299631482405e-07
2890,0.3739638030529022,0.3482942581176758,0.25669553875923157,7.606549705035937e-07
2891,0.3987795412540436,0.3711322247982025,0.27647316455841064,7.469049080851775e-07
2892,0.4015543758869171,0.37375903129577637,0.27795350551605225,7.332797932026459e-07
2893,0.39921265840530396,0.371433287858963,0.2777937352657318,7.19779643008367e-07
2894,0.38653215765953064,0.35971105098724365,0.2682111859321594,7.064044744973686e-07
2895,0.3919041156768799,0.3649199604988098,0.26984140276908875,6.931543045073708e-07
2896,0.3954456150531769,0.36793550848960876,0.275100976228714,6.800291497187083e-07
2897,0.3639410436153412,0.33884385228157043,0.25097182393074036,6.670290266543644e-07
2898,0.38884207606315613,0.36208444833755493,0.2675763666629791,6.541539516799033e-07
2899,0.41105589270591736,0.3829821050167084,0.2807379364967346,6.414039410034489e-07
2900,0.3830428719520569,0.3566969037055969,0.2634597718715668,6.287790106757396e-07
2901,0.40874093770980835,0.380125492811203,0.2861543595790863,6.162791765900177e-07
2902,0.3683422803878784,0.34313535690307617,0.2520693242549896,6.039044544820404e-07
2903,0.37625524401664734,0.35061782598495483,0.2563741207122803,5.916548599300576e-07
2904,0.39588862657546997,0.3688078224658966,0.2708078920841217,5.795304083548559e-07
2905,0.38327112793922424,0.3570055663585663,0.2626555562019348,5.675311150195928e-07
2906,0.41318821907043457,0.3845907151699066,0.2859751582145691,5.556569950299517e-07
2907,0.3876810669898987,0.3610420525074005,0.26639029383659363,5.439080633339866e-07
2908,0.4020182192325592,0.3744988441467285,0.2751937806606293,5.322843347221662e-07
2909,0.3893730938434601,0.36246466636657715,0.2690841555595398,5.207858238273522e-07
2910,0.37335655093193054,0.3477039337158203,0.2565261125564575,5.094125451247655e-07
2911,0.4150024354457855,0.38581618666648865,0.29186245799064636,4.981645129319756e-07
2912,0.39049243927001953,0.36323097348213196,0.2726147472858429,4.870417414088779e-07
2913,0.3901658356189728,0.36346176266670227,0.26704084873199463,4.760442445576829e-07
2914,0.3782534599304199,0.3523288071155548,0.2592463791370392,4.6517203622291615e-07
2915,0.39563268423080444,0.3682290315628052,0.2740364670753479,4.544251300913405e-07
2916,0.38750356435775757,0.3611183166503906,0.263852596282959,4.438035396920004e-07
2917,0.38312429189682007,0.3560068607330322,0.2711744010448456,4.333072783961889e-07
2918,0.3818155825138092,0.35581713914871216,0.25998446345329285,4.2293635941742517e-07
2919,0.37399914860725403,0.3482072651386261,0.25791874527931213,4.1269079581142124e-07
2920,0.3780443072319031,0.3520500063896179,0.25994306802749634,4.025706004760932e-07
2921,0.39218199253082275,0.36499032378196716,0.27191653847694397,3.925757861515389e-07
2922,0.3956742584705353,0.3682895600795746,0.2738470435142517,3.827063654199936e-07
2923,0.4057355523109436,0.37729179859161377,0.2844374179840088,3.7296235070587435e-07
2924,0.3792487680912018,0.35291221737861633,0.26336559653282166,3.633437542756912e-07
2925,0.44515615701675415,0.4147107005119324,0.304454505443573,3.5385058823809156e-07
2926,0.3862506151199341,0.35912442207336426,0.2712618410587311,3.444828645438047e-07
2927,0.38791605830192566,0.3610531687736511,0.26862889528274536,3.3524059498565297e-07
2928,0.40240222215652466,0.3746156692504883,0.2778654098510742,3.261237911985404e-07
2929,0.3636181652545929,0.33889397978782654,0.24724175035953522,3.171324646593865e-07
2930,0.38624340295791626,0.35972943902015686,0.26513954997062683,3.0826662668720364e-07
2931,0.37694984674453735,0.35050585865974426,0.26443979144096375,2.99526288442975e-07
2932,0.3895244300365448,0.3627740740776062,0.2675035893917084,2.9091146092973254e-07
2933,0.3746469020843506,0.34911566972732544,0.255312442779541,2.8242215499248993e-07
2934,0.3823238015174866,0.3558703660964966,0.2645343840122223,2.740583813182429e-07
2935,0.38924404978752136,0.3619881570339203,0.27255892753601074,2.658201504359803e-07
2936,0.3896179795265198,0.3625852167606354,0.27032768726348877,2.577074727165951e-07
2937,0.4116649031639099,0.38331174850463867,0.28353169560432434,2.497203583729957e-07
2938,0.37807244062423706,0.3523954153060913,0.2567702829837799,2.418588174599612e-07
2939,0.38524916768074036,0.35868337750434875,0.26565802097320557,2.3412285987420847e-07
2940,0.3692173957824707,0.3435913622379303,0.25626033544540405,2.265124953543918e-07
2941,0.38794833421707153,0.36075446009635925,0.27193865180015564,2.1902773348100315e-07
2942,0.3819560408592224,0.35496145486831665,0.2699459493160248,2.1166858367646093e-07
2943,0.39958950877189636,0.37204110622406006,0.27548396587371826,2.0443505520503224e-07
2944,0.3894580900669098,0.36251258850097656,0.26945507526397705,1.973271571728441e-07
2945,0.3898105025291443,0.3631797432899475,0.2663077414035797,1.9034489852787218e-07
2946,0.38637641072273254,0.3598771095275879,0.264992892742157,1.834882880599409e-07
2947,0.3699484169483185,0.34465572237968445,0.25292685627937317,1.7675733440066789e-07
2948,0.38589170575141907,0.35910990834236145,0.2678180932998657,1.7015204602350843e-07
2949,0.36186009645462036,0.3370454013347626,0.24814681708812714,1.6367243124372212e-07
2950,0.3747820556163788,0.3483942151069641,0.2638782858848572,1.5731849821833954e-07
2951,0.40543198585510254,0.37749677896499634,0.27935221791267395,1.5109025494620677e-07
2952,0.37746894359588623,0.3509669303894043,0.2650202214717865,1.449877092679075e-07
2953,0.3948395550251007,0.36750996112823486,0.2732959985733032,1.3901086886580762e-07
2954,0.3858088254928589,0.35912665724754333,0.2668217718601227,1.3315974126401066e-07
2955,0.39443492889404297,0.3667748272418976,0.27660107612609863,1.274343338283801e-07
2956,0.3910168409347534,0.3637174665927887,0.2729937434196472,1.2183465376650605e-07
2957,0.40765929222106934,0.37942418456077576,0.2823510468006134,1.1636070812770516e-07
2958,0.4007610082626343,0.3730803430080414,0.2768067717552185,1.1101250380300965e-07
2959,0.4082168638706207,0.3802577257156372,0.27959129214286804,1.0579004752513389e-07
2960,0.38043493032455444,0.35351720452308655,0.2691773474216461,1.0069334586854107e-07
2961,0.3656236231327057,0.34049659967422485,0.25127026438713074,9.572240524933218e-08
2962,0.3743802607059479,0.3484841585159302,0.25896090269088745,9.087723192533482e-08
2963,0.3782075047492981,0.35234251618385315,0.25864988565444946,8.615783199602545e-08
2964,0.3911021947860718,0.36370980739593506,0.2739238142967224,8.156421140254056e-08
2965,0.37955477833747864,0.35339680314064026,0.2615797817707062,7.709637592770991e-08
2966,0.4074879586696625,0.37964892387390137,0.27839043736457825,7.275433119596776e-08
2967,0.3752779960632324,0.3493199050426483,0.2595808207988739,6.853808267344164e-08
2968,0.36196309328079224,0.3371163308620453,0.24846762418746948,6.444763566786361e-08
2969,0.39072975516319275,0.3642713129520416,0.2645845413208008,6.048299532861457e-08
2970,0.39826473593711853,0.3707289695739746,0.27535754442214966,5.6644166646668826e-08
2971,0.3849499225616455,0.3584611117839813,0.26488804817199707,5.2931154454671783e-08
2972,0.36587458848953247,0.34053361415863037,0.25340965390205383,4.934396342684e-08
2973,0.394470751285553,0.36711493134498596,0.2735583484172821,4.588259807901674e-08
2974,0.3950091004371643,0.36796268820762634,0.2704642117023468,4.254706276862752e-08
2975,0.39680254459381104,0.3694521486759186,0.2735041081905365,3.933736169471347e-08
2976,0.38736492395401,0.360632985830307,0.26731929183006287,3.6253498897886873e-08
2977,0.37600472569465637,0.3501158058643341,0.2588891386985779,3.3295478260364496e-08
2978,0.3721848726272583,0.3467344045639038,0.25450465083122253,3.0463303505934295e-08
2979,0.3822893798351288,0.355692058801651,0.26597315073013306,2.7756978199944273e-08
2980,0.41752830147743225,0.38863900303840637,0.2888928949832916,2.5176505749346936e-08
2981,0.4047550857067108,0.37708041071891785,0.2767466604709625,2.2721889402621545e-08
2982,0.3872898817062378,0.36036279797554016,0.26927080750465393,2.039313224985184e-08
2983,0.4058680236339569,0.37830549478530884,0.2756252586841583,1.8190237222648343e-08
2984,0.3665209114551544,0.34141677618026733,0.25104132294654846,1.6113207094181626e-08
2985,0.400689959526062,0.37318548560142517,0.27504464983940125,1.4162044479182346e-08
2986,0.3791094422340393,0.35319074988365173,0.2591870129108429,1.2336751833941229e-08
2987,0.3613446354866028,0.3367407023906708,0.2460392564535141,1.0637331456264666e-08
2988,0.3807279169559479,0.3543097972869873,0.26418107748031616,9.063785485508014e-09
2989,0.4111484885215759,0.383270800113678,0.2787768840789795,7.616115902586707e-09
2990,0.39159226417541504,0.3645988702774048,0.2699338495731354,6.294324529942941e-09
2991,0.39276841282844543,0.3659084141254425,0.2685999870300293,5.098413031534577e-09
2992,0.3741742670536041,0.34803521633148193,0.26139041781425476,4.028382912890649e-09
2993,0.3752519488334656,0.34930723905563354,0.25944703817367554,3.0842355210336515e-09
2994,0.38768044114112854,0.3612065315246582,0.2647389769554138,2.2659720445239452e-09
2995,0.40094316005706787,0.3734232783317566,0.27519890666007996,1.5735935134708613e-09
2996,0.40005365014076233,0.3729757070541382,0.270779550075531,1.0071007994771898e-09
2997,0.3770671486854553,0.3511044979095459,0.2596264183521271,5.664946157168949e-10
2998,0.38206684589385986,0.3558697998523712,0.26197052001953125,2.5177551682409317e-10
2999,0.38670778274536133,0.35961005091667175,0.2709774374961853,6.294389901517761e-11
