step,loss,temporal,spectral,lr
0,0.9087147116661072,0.8473519086837769,0.6136282086372375,1.0000000000000002e-06
1,0.8778184652328491,0.8188917636871338,0.5892671942710876,2.0000000000000003e-06
2,0.9260641932487488,0.8635516166687012,0.6251260042190552,3e-06
3,0.886113703250885,0.8265336155891418,0.5958011150360107,4.000000000000001e-06
4,0.89201819896698,0.8318167328834534,0.6020146608352661,5e-06
5,0.9250357747077942,0.8620474934577942,0.6298828125,6e-06
6,0.9162354469299316,0.8540987968444824,0.6213662028312683,7.000000000000001e-06
7,0.9138352870941162,0.8524220585823059,0.6141321659088135,8.000000000000001e-06
8,0.8522489070892334,0.7947085499763489,0.5754035711288452,9e-06
9,0.8839185833930969,0.8236310482025146,0.6028755307197571,1e-05
10,0.8599199056625366,0.802196204662323,0.5772367715835571,1.1000000000000001e-05
11,0.8889344930648804,0.8287204504013062,0.6021404266357422,1.2e-05
12,0.8772099018096924,0.8168050646781921,0.6040482521057129,1.3000000000000001e-05
13,0.8434663414955139,0.7869865298271179,0.5647978782653809,1.4000000000000001e-05
14,0.882707953453064,0.8227986097335815,0.5990937352180481,1.5e-05
15,0.8772879838943481,0.818123459815979,0.5916452407836914,1.6000000000000003e-05
16,0.897948145866394,0.8368105888366699,0.611375629901886,1.7000000000000003e-05
17,0.848298966884613,0.7898845672607422,0.5841437578201294,1.8e-05
18,0.8568429946899414,0.7983494400978088,0.5849356651306152,1.9e-05
19,0.8478739261627197,0.7898751497268677,0.5799875259399414,2e-05
20,0.8517624735832214,0.7940356731414795,0.577268123626709,2.1e-05
21,0.826064944267273,0.7697084546089172,0.5635651350021362,2.2000000000000003e-05
22,0.8332531452178955,0.7762138247489929,0.5703929662704468,2.3000000000000003e-05
23,0.8158681392669678,0.7592766880989075,0.5659142136573792,2.4e-05
24,0.8137549757957458,0.7579312920570374,0.5582367777824402,2.5e-05
25,0.815675675868988,0.7595773935317993,0.5609825849533081,2.6000000000000002e-05
26,0.8095911741256714,0.7535444498062134,0.5604672431945801,2.7000000000000002e-05
27,0.8196311593055725,0.7625450491905212,0.5708611607551575,2.8000000000000003e-05
28,0.8012276887893677,0.7459046244621277,0.5532307028770447,2.9e-05
29,0.8342909812927246,0.7766516208648682,0.5763933658599854,3e-05
30,0.7340516448020935,0.6835748553276062,0.504767894744873,3.1e-05
31,0.7530322074890137,0.7002872228622437,0.5274496078491211,3.2000000000000005e-05
32,0.769880473613739,0.7155952453613281,0.5428521633148193,3.3e-05
33,0.7640698552131653,0.7114220261573792,0.5264783501625061,3.4000000000000007e-05
34,0.7996907234191895,0.7434089779853821,0.5628175735473633,3.5e-05
35,0.7644087672233582,0.7113032341003418,0.531055212020874,3.6e-05
36,0.7458534836769104,0.6935409307479858,0.5231256484985352,3.7e-05
37,0.7879795432090759,0.7319678664207458,0.5601168274879456,3.8e-05
38,0.7608375549316406,0.7083441019058228,0.5249348282814026,3.9000000000000006e-05
39,0.7277685403823853,0.6762563586235046,0.515121579170227,4e-05
40,0.7153869271278381,0.6656074523925781,0.4977944791316986,4.1e-05
41,0.7275136113166809,0.6765788197517395,0.5093479752540588,4.2e-05
42,0.7229462265968323,0.6720916628837585,0.5085458755493164,4.3e-05
43,0.7416088581085205,0.6896919012069702,0.5191694498062134,4.4000000000000006e-05
44,0.7262921333312988,0.6762025356292725,0.5008960962295532,4.5e-05
45,0.7099395394325256,0.6596256494522095,0.5031388401985168,4.600000000000001e-05
46,0.7063713073730469,0.6558811068534851,0.5049017667770386,4.7e-05
47,0.7013118267059326,0.6511626839637756,0.5014914870262146,4.8e-05
48,0.7246169447898865,0.6733003258705139,0.5131664276123047,4.9e-05
49,0.7342497706413269,0.6828702688217163,0.5137948989868164,5e-05
50,0.6873315572738647,0.6389570236206055,0.4837454855442047,5.1000000000000006e-05
51,0.6879682540893555,0.639595091342926,0.4837314784526825,5.2000000000000004e-05
52,0.729314923286438,0.6771949529647827,0.5211997628211975,5.300000000000001e-05
53,0.7279243469238281,0.6766708493232727,0.5125350952148438,5.4000000000000005e-05
54,0.6811555624008179,0.6324629783630371,0.48692601919174194,5.500000000000001e-05
55,0.6937947869300842,0.6443156599998474,0.49479150772094727,5.6000000000000006e-05
56,0.6637567281723022,0.6165004968643188,0.472562313079834,5.6999999999999996e-05
57,0.6638820171356201,0.6157338619232178,0.4814813435077667,5.8e-05
58,0.6784471869468689,0.6298608779907227,0.4858632981777191,5.9e-05
59,0.6967553496360779,0.6466072797775269,0.5014806389808655,6e-05
60,0.7083765864372253,0.6572659015655518,0.5111068487167358,6.1e-05
61,0.6336228847503662,0.5883120894432068,0.45310765504837036,6.2e-05
62,0.6787951588630676,0.6302143335342407,0.4858080744743347,6.3e-05
63,0.6382061243057251,0.5929325222969055,0.4527362585067749,6.400000000000001e-05
64,0.6385102272033691,0.5930136442184448,0.45496565103530884,6.500000000000001e-05
65,0.6603996157646179,0.6123205423355103,0.4807905852794647,6.6e-05
66,0.6943467259407043,0.6441632509231567,0.5018346309661865,6.7e-05
67,0.6567742228507996,0.61048424243927,0.4629000127315521,6.800000000000001e-05
68,0.6701024174690247,0.6217547655105591,0.4834764897823334,6.9e-05
69,0.6763709783554077,0.6287399530410767,0.47631052136421204,7e-05
70,0.6201271414756775,0.5762330889701843,0.43894073367118835,7.1e-05
71,0.6422613263130188,0.5969665050506592,0.4529484510421753,7.2e-05
72,0.6735644936561584,0.6246724724769592,0.48892003297805786,7.3e-05
73,0.6263836026191711,0.5812074542045593,0.45176148414611816,7.4e-05
74,0.6294393539428711,0.5847157835960388,0.44723594188690186,7.500000000000001e-05
75,0.6067636013031006,0.5633622407913208,0.4340136647224426,7.6e-05
76,0.6513586640357971,0.6043500900268555,0.4700859785079956,7.7e-05
77,0.6609627604484558,0.6132858991622925,0.47676849365234375,7.800000000000001e-05
78,0.6019909381866455,0.5584275126457214,0.4356342852115631,7.900000000000001e-05
79,0.6182685494422913,0.5739802122116089,0.44288334250450134,8e-05
80,0.6397470831871033,0.5944318771362305,0.45315229892730713,8.1e-05
81,0.6544785499572754,0.6078393459320068,0.4663921296596527,8.2e-05
82,0.6326236128807068,0.5875113606452942,0.4511227011680603,8.3e-05
83,0.6427314877510071,0.5967003107070923,0.4603118598461151,8.4e-05
84,0.6266037225723267,0.5815572142601013,0.45046496391296387,8.5e-05
85,0.6198697090148926,0.5754291415214539,0.44440537691116333,8.6e-05
86,0.6187505125999451,0.5740167498588562,0.4473373591899872,8.7e-05
87,0.6255955696105957,0.5812300443649292,0.4436551332473755,8.800000000000001e-05
88,0.6055862903594971,0.5616202354431152,0.43966057896614075,8.900000000000001e-05
89,0.6350183486938477,0.5894654393196106,0.45552897453308105,9e-05
90,0.629125714302063,0.5839714407920837,0.4515424966812134,9.1e-05
91,0.6240066885948181,0.5794687271118164,0.44537949562072754,9.200000000000001e-05
92,0.6018249988555908,0.5594245791435242,0.42400431632995605,9.300000000000001e-05
93,0.606829822063446,0.5643789172172546,0.4245091676712036,9.4e-05
94,0.5919119715690613,0.5489991903305054,0.42912769317626953,9.5e-05
95,0.6046828627586365,0.5614060759544373,0.4327676594257355,9.6e-05
96,0.6299960613250732,0.5847839117050171,0.45212164521217346,9.7e-05
97,0.6065734028816223,0.5636875033378601,0.4288592040538788,9.8e-05
98,0.597370982170105,0.5550269484519958,0.423440158367157,9.900000000000001e-05
99,0.6098261475563049,0.5660533905029297,0.43772760033607483,0.0001
100,0.6561442613601685,0.6087498664855957,0.47394388914108276,0.000101
101,0.6036086678504944,0.5601600408554077,0.434486448764801,0.00010200000000000001
102,0.611838698387146,0.5684683918952942,0.4337027668952942,0.00010300000000000001
103,0.6249397993087769,0.5799664855003357,0.44973304867744446,0.00010400000000000001
104,0.6030599474906921,0.5607512593269348,0.4230867028236389,0.000105
105,0.6095607280731201,0.5659554600715637,0.4360527992248535,0.00010600000000000002
106,0.6046297550201416,0.5616589784622192,0.42970773577690125,0.00010700000000000001
107,0.6039146780967712,0.5617170333862305,0.4219762086868286,0.00010800000000000001
108,0.624646008014679,0.5790082216262817,0.4563778042793274,0.000109
109,0.6197690367698669,0.5758386254310608,0.43930402398109436,0.00011000000000000002
110,0.5943285226821899,0.55186527967453,0.42463216185569763,0.00011100000000000001
111,0.6146815419197083,0.5706068873405457,0.4407466650009155,0.00011200000000000001
112,0.6004003882408142,0.5575636029243469,0.42836761474609375,0.000113
113,0.609380304813385,0.5658474564552307,0.43532851338386536,0.00011399999999999999
114,0.5831580758094788,0.5416377186775208,0.4152038097381592,0.00011499999999999999
115,0.5951642394065857,0.5523818135261536,0.4278244972229004,0.000116
116,0.6117582321166992,0.5679324865341187,0.43825721740722656,0.000117
117,0.5910252332687378,0.5489739775657654,0.4205126464366913,0.000118
118,0.5897253751754761,0.5476877093315125,0.42037665843963623,0.000119
119,0.5802075862884521,0.5383698344230652,0.4183776378631592,0.00012
120,0.6031877994537354,0.5613927841186523,0.41795021295547485,0.000121
121,0.639711856842041,0.5940030217170715,0.45708808302879333,0.000122
122,0.6081027984619141,0.56434565782547,0.4375714063644409,0.000123
123,0.5799999237060547,0.5380157232284546,0.41984230279922485,0.000124
124,0.5748270153999329,0.5328682661056519,0.4195876717567444,0.000125
125,0.5983408093452454,0.5560920238494873,0.42248788475990295,0.000126
126,0.5834997892379761,0.5418885350227356,0.41611284017562866,0.000127
127,0.6374066472053528,0.5912039875984192,0.4620266556739807,0.00012800000000000002
128,0.5968053936958313,0.5540847182273865,0.42720693349838257,0.00012900000000000002
129,0.6013224720954895,0.5583013296127319,0.4302113652229309,0.00013000000000000002
130,0.5948077440261841,0.5512773394584656,0.4353041648864746,0.000131
131,0.5974254012107849,0.5547398328781128,0.42685574293136597,0.000132
132,0.5577497482299805,0.5177754163742065,0.39974358677864075,0.000133
133,0.5839382410049438,0.5421721935272217,0.41766074299812317,0.000134
134,0.5856005549430847,0.5438172221183777,0.41783347725868225,0.00013500000000000003
135,0.5659635066986084,0.5248863101005554,0.41077205538749695,0.00013600000000000003
136,0.6021009683609009,0.5600530505180359,0.420478880405426,0.00013700000000000002
137,0.5945765972137451,0.5517996549606323,0.42776918411254883,0.000138
138,0.6166356801986694,0.5718593597412109,0.4477630853652954,0.000139
139,0.5981435775756836,0.5551776885986328,0.42965903878211975,0.00014
140,0.6109226942062378,0.5669335126876831,0.43989160656929016,0.000141
141,0.5910570025444031,0.5484503507614136,0.4260662794113159,0.000142
142,0.5795555114746094,0.5384191274642944,0.4113636016845703,0.000143
143,0.565376877784729,0.5248672962188721,0.40509599447250366,0.000144
144,0.5639101266860962,0.5233591794967651,0.4055096507072449,0.000145
145,0.5999547839164734,0.5572452545166016,0.4270950257778168,0.000146
146,0.5620970726013184,0.5225657224655151,0.3953136205673218,0.000147
147,0.5740754008293152,0.5329394340515137,0.4113594889640808,0.000148
148,0.6082788705825806,0.5644341707229614,0.43844711780548096,0.00014900000000000002
149,0.5876998901367188,0.5447982549667358,0.4290166199207306,0.00015000000000000001
150,0.5667282938957214,0.5260637998580933,0.4066448509693146,0.000151
151,0.5805339813232422,0.539314866065979,0.4121910035610199,0.000152
152,0.6047205328941345,0.5614097118377686,0.4331081509590149,0.000153
153,0.561025083065033,0.5212683081626892,0.39756760001182556,0.000154
154,0.563031017780304,0.5229367017745972,0.40094324946403503,0.000155
155,0.572601854801178,0.530665397644043,0.41936445236206055,0.00015600000000000002
156,0.6154993176460266,0.5720275640487671,0.4347177743911743,0.00015700000000000002
157,0.5759232044219971,0.5341132283210754,0.418099969625473,0.00015800000000000002
158,0.5780646800994873,0.5370243191719055,0.4104037582874298,0.00015900000000000002
159,0.5719789266586304,0.5304749011993408,0.41504040360450745,0.00016
160,0.562974214553833,0.5230225920677185,0.3995163142681122,0.000161
161,0.5810808539390564,0.5388349890708923,0.422458678483963,0.000162
162,0.5871965885162354,0.5444230437278748,0.4277355968952179,0.000163
163,0.5919268727302551,0.5504574179649353,0.41469448804855347,0.000164
164,0.55680912733078,0.5162957310676575,0.405133992433548,0.000165
165,0.5767729878425598,0.534569501876831,0.42203494906425476,0.000166
166,0.5724169611930847,0.5305829644203186,0.4183397889137268,0.000167
167,0.5723806023597717,0.532050609588623,0.403300017118454,0.000168
168,0.55140221118927,0.5119149088859558,0.39487308263778687,0.00016900000000000002
169,0.5531774163246155,0.5129897594451904,0.40187638998031616,0.00017
170,0.5502856969833374,0.5104746222496033,0.3981110155582428,0.000171
171,0.574873149394989,0.53425532579422,0.40617799758911133,0.000172
172,0.5380197763442993,0.49966713786125183,0.3835262954235077,0.000173
173,0.6013646125793457,0.5580556988716125,0.43308907747268677,0.000174
174,0.5682266354560852,0.5271316170692444,0.41095027327537537,0.000175
175,0.5310412645339966,0.49286049604415894,0.38180768489837646,0.00017600000000000002
176,0.5527560710906982,0.512747585773468,0.4000850319862366,0.00017700000000000002
177,0.5837132334709167,0.5421181917190552,0.4159504175186157,0.00017800000000000002
178,0.5641747713088989,0.5234622955322266,0.40712490677833557,0.00017900000000000001
179,0.5606149435043335,0.5208685994148254,0.39746323227882385,0.00018
180,0.5379443168640137,0.4991808235645294,0.3876352310180664,0.000181
181,0.5790923833847046,0.5373954176902771,0.4169694781303406,0.000182
182,0.5489019155502319,0.5098603963851929,0.39041489362716675,0.000183
183,0.5473338961601257,0.5076214075088501,0.3971249759197235,0.00018400000000000003
184,0.5465105175971985,0.5066450238227844,0.3986549973487854,0.00018500000000000002
185,0.5567139983177185,0.5165637135505676,0.40150290727615356,0.00018600000000000002
186,0.5708085894584656,0.5293943881988525,0.41414210200309753,0.00018700000000000002
187,0.5756058096885681,0.5341944694519043,0.4141131341457367,0.000188
188,0.5600681900978088,0.5193789601325989,0.4068920314311981,0.00018899999999999999
189,0.5383491516113281,0.4994819164276123,0.38867247104644775,0.00019
190,0.550534725189209,0.5105966925621033,0.399380624294281,0.000191
191,0.5442296266555786,0.5051999688148499,0.3902967870235443,0.000192
192,0.5129590034484863,0.47554901242256165,0.37409985065460205,0.000193
193,0.5429880619049072,0.5025304555892944,0.40457627177238464,0.000194
194,0.5441083312034607,0.5047796368598938,0.3932870328426361,0.000195
195,0.5333865284919739,0.4951172173023224,0.3826931118965149,0.000196
196,0.5364988446235657,0.497889906167984,0.38608941435813904,0.00019700000000000002
197,0.5554067492485046,0.5150709748268127,0.40335747599601746,0.00019800000000000002
198,0.5496807098388672,0.5099587440490723,0.39721986651420593,0.000199
199,0.549575686454773,0.5095692276954651,0.40006476640701294,0.0002
200,0.5191947221755981,0.4814121723175049,0.3778255879878998,0.0002
201,0.5510978102684021,0.5106830596923828,0.40414759516716003,0.00019999993705610097
202,0.5103746652603149,0.4732537865638733,0.3712086081504822,0.00019999974822448318
203,0.526099443435669,0.488299697637558,0.37799718976020813,0.0001999994335053843
204,0.5366857051849365,0.4974489212036133,0.3923681378364563,0.00019999899289920055
205,0.5406533479690552,0.5017428398132324,0.3891053795814514,0.00019999842640648654
206,0.5649627447128296,0.5246602892875671,0.4030248522758484,0.00019999773402795549
207,0.5216618776321411,0.4844435155391693,0.37218332290649414,0.00019999691576447898
208,0.5239226818084717,0.485551118850708,0.3837157189846039,0.00019999597161708712
209,0.5509728789329529,0.5113897323608398,0.3958315849304199,0.00019999490158696846
210,0.5220409631729126,0.4838795065879822,0.3816145360469818,0.00019999370567547008
211,0.516700267791748,0.47886034846305847,0.3783990740776062,0.00019999238388409744
212,0.5034681558609009,0.46684351563453674,0.3662463128566742,0.0001999909362145145
213,0.5276194214820862,0.4890557825565338,0.3856365382671356,0.00019998936266854377
214,0.5086681842803955,0.47244611382484436,0.36222055554389954,0.00019998766324816607
215,0.527503490447998,0.4890696704387665,0.38433849811553955,0.00019998583795552083
216,0.5093890428543091,0.4730604588985443,0.36328592896461487,0.00019998388679290583
217,0.5501852035522461,0.5090695023536682,0.4111572802066803,0.00019998180976277735
218,0.547713577747345,0.5081050395965576,0.39608538150787354,0.00019997960686775015
219,0.502043604850769,0.4649844169616699,0.37059178948402405,0.00019997727811059738
220,0.5596421957015991,0.517792284488678,0.41849908232688904,0.00019997482349425066
221,0.4932248294353485,0.45796945691108704,0.35255375504493713,0.00019997224302180006
222,0.4916447401046753,0.4559618830680847,0.35682862997055054,0.0001999695366964941
223,0.5237284898757935,0.485603392124176,0.38125109672546387,0.00019996670452173966
224,0.520603358745575,0.4826432168483734,0.37960144877433777,0.0001999637465011021
225,0.5278711915016174,0.4898213744163513,0.38049817085266113,0.00019996066263830531
226,0.5574108958244324,0.5168734192848206,0.40537455677986145,0.00019995745293723138
227,0.5319685339927673,0.4929588735103607,0.3900964856147766,0.000199954117401921
228,0.5337077975273132,0.49509164690971375,0.3861615061759949,0.00019995065603657316
229,0.53757244348526,0.4995514452457428,0.38021013140678406,0.00019994706884554533
230,0.5317595601081848,0.4932968020439148,0.3846273124217987,0.00019994335583335335
231,0.5159066319465637,0.47809773683547974,0.3780888617038727,0.00019993951700467139
232,0.49429839849472046,0.4578693211078644,0.36429065465927124,0.00019993555236433213
233,0.5272020101547241,0.48935043811798096,0.3785155415534973,0.00019993146191732658
234,0.5358558893203735,0.4972827136516571,0.3857320249080658,0.00019992724566880404
235,0.5511367917060852,0.5108868479728699,0.4024997055530548,0.0001999229036240723
236,0.5453459620475769,0.5060617923736572,0.3928419053554535,0.00019991843578859747
237,0.5113922953605652,0.47474607825279236,0.3664621412754059,0.00019991384216800398
238,0.5278831720352173,0.49061745405197144,0.3726573884487152,0.00019990912276807466
239,0.5339593291282654,0.4956841766834259,0.3827516436576843,0.00019990427759475067
240,0.49442553520202637,0.45889848470687866,0.35527050495147705,0.00019989930665413147
241,0.5132346749305725,0.4765569865703583,0.3667771518230438,0.0001998942099524749
242,0.5043253302574158,0.4683821499347687,0.3594316840171814,0.00019988898749619702
243,0.4937528967857361,0.4573003649711609,0.3645252585411072,0.0001998836392918723
244,0.48078930377960205,0.44680318236351013,0.3398611545562744,0.00019987816534623352
245,0.48389312624931335,0.4487561583518982,0.3513697385787964,0.00019987256566617162
246,0.5119144916534424,0.47514280676841736,0.3677167594432831,0.00019986684025873598
247,0.5449525117874146,0.5063101053237915,0.386423796415329,0.0001998609891311342
248,0.5105605721473694,0.47337713837623596,0.3718341886997223,0.0001998550122907321
249,0.5042737722396851,0.46873196959495544,0.35541832447052,0.00019984890974505381
250,0.5036963820457458,0.46709126234054565,0.36605146527290344,0.00019984268150178167
251,0.5211490392684937,0.4836301803588867,0.3751884400844574,0.0001998363275687563
252,0.5039994120597839,0.467861533164978,0.361378937959671,0.0001998298479539765
253,0.5509308576583862,0.5108397006988525,0.40091171860694885,0.00019982324266559935
254,0.5298862457275391,0.4925374686717987,0.3734874725341797,0.00019981651171194006
255,0.5366504788398743,0.4983923137187958,0.3825819194316864,0.00019980965510147213
256,0.469478964805603,0.4356532096862793,0.33825743198394775,0.00019980267284282717
257,0.4957192540168762,0.46051493287086487,0.3520432710647583,0.000199795564944795
258,0.5401775240898132,0.5000700950622559,0.40107423067092896,0.00019978833141632354
259,0.5283084511756897,0.490544855594635,0.3776359558105469,0.00019978097226651902
260,0.5326393246650696,0.49369141459465027,0.3894791603088379,0.0001997734875046456
261,0.5051130056381226,0.4697982370853424,0.35314738750457764,0.0001997658771401258
262,0.5278759002685547,0.4897443354129791,0.3813157081604004,0.00019975814118254007
263,0.4900459945201874,0.4549061954021454,0.3513980209827423,0.00019975027964162702
264,0.48076900839805603,0.4462393820285797,0.3452962636947632,0.00019974229252728342
265,0.5063267946243286,0.46921011805534363,0.371166467666626,0.00019973417984956403
266,0.47455549240112305,0.4402984380722046,0.34257057309150696,0.00019972594161868178
267,0.5469782948493958,0.5079871416091919,0.3899112939834595,0.00019971757784500752
268,0.4857405722141266,0.4514361321926117,0.3430445194244385,0.00019970908853907026
269,0.5307738184928894,0.49383845925331116,0.3693535029888153,0.00019970047371155704
270,0.4947645962238312,0.45925086736679077,0.3551371693611145,0.0001996917333733128
271,0.5073926448822021,0.47120875120162964,0.3618389666080475,0.00019968286753534062
272,0.5341435670852661,0.4962725043296814,0.3787105977535248,0.00019967387620880146
273,0.5058769583702087,0.470066636800766,0.3581034541130066,0.00019966475940501435
274,0.4829789698123932,0.4487304389476776,0.3424852192401886,0.0001996555171354562
275,0.48878756165504456,0.45294904708862305,0.35838523507118225,0.00019964614941176195
276,0.5035890936851501,0.4677133858203888,0.3587570786476135,0.00019963665624572432
277,0.5247827172279358,0.4874608814716339,0.3732185959815979,0.00019962703764929413
278,0.5090488791465759,0.4728924632072449,0.36156412959098816,0.00019961729363458003
279,0.5051973462104797,0.46841320395469666,0.3678416609764099,0.00019960742421384846
280,0.5192007422447205,0.48223352432250977,0.3696722090244293,0.00019959742939952392
281,0.4992257058620453,0.46455106139183044,0.346746563911438,0.00019958730920418858
282,0.5148667097091675,0.47856786847114563,0.3629882335662842,0.00019957706364058257
283,0.4877588152885437,0.45283424854278564,0.3492456078529358,0.00019956669272160383
284,0.5403628349304199,0.5014005303382874,0.3896229565143585,0.00019955619646030802
285,0.5499180555343628,0.5105510950088501,0.39366933703422546,0.00019954557486990868
286,0.5250577330589294,0.48778143525123596,0.37276309728622437,0.00019953482796377712
287,0.4893686771392822,0.4548647999763489,0.34503889083862305,0.00019952395575544233
288,0.47684890031814575,0.4433767795562744,0.3347212076187134,0.00019951295825859113
289,0.5035915374755859,0.46766310930252075,0.35928452014923096,0.00019950183548706805
290,0.5093883872032166,0.4730844795703888,0.3630390167236328,0.00019949058745487522
291,0.5198792815208435,0.4834400713443756,0.364391952753067,0.00019947921417617267
292,0.5135759115219116,0.47621139883995056,0.3736453354358673,0.00019946771566527785
293,0.5186148285865784,0.48104962706565857,0.37565186619758606,0.000199456091936666
294,0.5197070837020874,0.48298606276512146,0.36721038818359375,0.00019944434300497006
295,0.4814510941505432,0.4465779662132263,0.3487313687801361,0.00019943246888498041
296,0.4956635534763336,0.4602651000022888,0.3539845645427704,0.00019942046959164515
297,0.49527081847190857,0.45933040976524353,0.35940414667129517,0.00019940834514006994
298,0.5097324252128601,0.4719238579273224,0.3780858814716339,0.000199396095545518
299,0.5051745772361755,0.46987417340278625,0.35300418734550476,0.00019938372082341
300,0.5223469734191895,0.48555031418800354,0.3679666221141815,0.00019937122098932428
301,0.5178405046463013,0.4810108542442322,0.36829674243927,0.00019935859605899655
302,0.4891030788421631,0.45491525530815125,0.34187832474708557,0.00019934584604832013
303,0.5129930377006531,0.47659748792648315,0.36395537853240967,0.00019933297097334565
304,0.5084396600723267,0.47240856289863586,0.36031076312065125,0.00019931997085028132
305,0.5006174445152283,0.4650520980358124,0.3556535840034485,0.00019930684569549264
306,0.4736287295818329,0.4397816061973572,0.3384711742401123,0.00019929359552550265
307,0.4962089955806732,0.46042993664741516,0.357790470123291,0.00019928022035699166
308,0.5276737809181213,0.4905793368816376,0.3709443509578705,0.00019926672020679736
309,0.5028364062309265,0.4678344428539276,0.35001951456069946,0.00019925309509191482
310,0.48102879524230957,0.44643861055374146,0.3459016978740692,0.00019923934502949644
311,0.46959951519966125,0.43690818548202515,0.3269132077693939,0.00019922547003685176
312,0.4912296533584595,0.4566606283187866,0.34569036960601807,0.0001992114701314478
313,0.4795144498348236,0.44599449634552,0.33519959449768066,0.00019919734533090867
314,0.5172256231307983,0.47963961958885193,0.3758602440357208,0.0001991830956530158
315,0.5046607255935669,0.46907079219818115,0.35589903593063354,0.00019916872111570784
316,0.483862042427063,0.4494186043739319,0.34443435072898865,0.00019915422173708046
317,0.4995635151863098,0.4638795256614685,0.3568398058414459,0.00019913959753538674
318,0.4944753348827362,0.45936307311058044,0.35112258791923523,0.00019912484852903668
319,0.52346271276474,0.4866839349269867,0.3677877187728882,0.0001991099747365975
320,0.5223336815834045,0.4847796559333801,0.3755403161048889,0.00019909497617679348
321,0.5006837844848633,0.46485066413879395,0.35833096504211426,0.000199079852868506
322,0.48610249161720276,0.4517892897129059,0.34313198924064636,0.00019906460483077348
323,0.5018618106842041,0.4661715626716614,0.3569026291370392,0.0001990492320827913
324,0.49734410643577576,0.462536096572876,0.3480800986289978,0.00019903373464391186
325,0.5253728628158569,0.4891664683818817,0.3620637059211731,0.00019901811253364456
326,0.47705721855163574,0.44314083456993103,0.3391638398170471,0.00019900236577165576
327,0.5212212800979614,0.484405517578125,0.36815741658210754,0.0001989864943777687
328,0.5233255624771118,0.48543834686279297,0.3788720667362213,0.0001989704983719635
329,0.5062881112098694,0.46967342495918274,0.3661470413208008,0.0001989543777743772
330,0.49813827872276306,0.4633595049381256,0.3477877378463745,0.00019893813260530368
331,0.4968489408493042,0.4613898992538452,0.3545903265476227,0.0001989217628851936
332,0.5084430575370789,0.47264599800109863,0.3579706847667694,0.00019890526863465443
333,0.5205467939376831,0.48311272263526917,0.3743405342102051,0.0001988886498744505
334,0.48361748456954956,0.4492376744747162,0.34379804134368896,0.00019887190662550266
335,0.4873925745487213,0.4533270001411438,0.340655654668808,0.00019885503890888876
336,0.49853575229644775,0.4634043872356415,0.35131368041038513,0.0001988380467458431
337,0.49111926555633545,0.45721930265426636,0.3389996588230133,0.00019882093015775678
338,0.49827706813812256,0.4632158875465393,0.35061174631118774,0.0001988036891661775
339,0.4858872890472412,0.4513346254825592,0.34552666544914246,0.0001987863237928095
340,0.48395663499832153,0.44907626509666443,0.34880366921424866,0.00019876883405951377
341,0.5453649759292603,0.5073087811470032,0.3805616497993469,0.0001987512199883077
342,0.495758980512619,0.4605696499347687,0.35189324617385864,0.00019873348160136524
343,0.4939209520816803,0.45913341641426086,0.3478753864765167,0.00019871561892101692
344,0.5285723209381104,0.49085938930511475,0.37712928652763367,0.00019869763196974957
345,0.48821020126342773,0.4540952444076538,0.34114953875541687,0.00019867952077020666
346,0.4685095250606537,0.4356091320514679,0.3290039598941803,0.0001986612853451879
347,0.5062936544418335,0.4708763659000397,0.35417261719703674,0.00019864292571764955
348,0.5332122445106506,0.49603408575057983,0.3717818558216095,0.00019862444191070408
349,0.5179092288017273,0.4810384213924408,0.36870795488357544,0.0001986058339476204
350,0.5069506168365479,0.4714169502258301,0.3553367555141449,0.0001985871018518236
351,0.5070414543151855,0.47096794843673706,0.36073487997055054,0.00019856824564689515
352,0.45470696687698364,0.42296531796455383,0.31741660833358765,0.00019854926535657267
353,0.5044161081314087,0.4691733717918396,0.3524274528026581,0.00019853016100475007
354,0.5198144912719727,0.4832437336444855,0.3657078742980957,0.0001985109326154774
355,0.4865429997444153,0.4523947834968567,0.3414820730686188,0.00019849158021296081
356,0.5015032291412354,0.4657095968723297,0.3579361140727997,0.00019847210382156267
357,0.5022909045219421,0.46625497937202454,0.3603590726852417,0.00019845250346580136
358,0.5094794034957886,0.47347205877304077,0.360073447227478,0.0001984327791703513
359,0.5380788445472717,0.5005866289138794,0.3749220669269562,0.00019841293096004302
360,0.5005660653114319,0.4646632969379425,0.35902759432792664,0.00019839295885986296
361,0.5018835067749023,0.46550628542900085,0.3637724220752716,0.00019837286289495361
362,0.5150226950645447,0.4788511097431183,0.3617156744003296,0.00019835264309061326
363,0.47467344999313354,0.4412805140018463,0.3339293599128723,0.00019833229947229623
364,0.4927936792373657,0.4584088921546936,0.34384775161743164,0.00019831183206561262
365,0.5083811283111572,0.4726840555667877,0.3569709062576294,0.00019829124089632845
366,0.5025982856750488,0.4668346345424652,0.35763636231422424,0.00019827052599036545
367,0.48917537927627563,0.4543110430240631,0.34864333271980286,0.00019824968737380117
368,0.5122419595718384,0.47650477290153503,0.3573721647262573,0.0001982287250728689
369,0.5203313231468201,0.4829060733318329,0.3742525279521942,0.00019820763911395758
370,0.4940030574798584,0.4592917859554291,0.3471127450466156,0.00019818642952361187
371,0.4984455704689026,0.4625174105167389,0.3592817187309265,0.00019816509632853208
372,0.48127391934394836,0.44737619161605835,0.3389773368835449,0.00019814363955557404
373,0.4663327634334564,0.43313688039779663,0.3319588303565979,0.0001981220592317493
374,0.5315273404121399,0.4943462014198303,0.3718113601207733,0.0001981003553842248
375,0.4753914475440979,0.44194695353507996,0.33444491028785706,0.00019807852804032305
376,0.4977046549320221,0.4621163308620453,0.35588330030441284,0.00019805657722752202
377,0.4860779345035553,0.4519846439361572,0.3409329950809479,0.00019803450297345508
378,0.5044881701469421,0.4678703546524048,0.3661779761314392,0.00019801230530591105
379,0.5221677422523499,0.4853622317314148,0.3680550158023834,0.00019798998425283403
380,0.5126553177833557,0.47584375739097595,0.3681155741214752,0.00019796753984232358
381,0.4821215271949768,0.44798544049263,0.34136101603507996,0.00019794497210263442
382,0.46000194549560547,0.4279884397983551,0.3201349079608917,0.00019792228106217658
383,0.5067017674446106,0.47072160243988037,0.35980185866355896,0.00019789946674951536
384,0.4898498058319092,0.45511555671691895,0.3473424017429352,0.00019787652919337116
385,0.4745410978794098,0.4413653016090393,0.331758052110672,0.00019785346842261957
386,0.4672014117240906,0.4346206784248352,0.32580745220184326,0.00019783028446629123
387,0.46990323066711426,0.43709760904312134,0.32805606722831726,0.00019780697735357204
388,0.5098641514778137,0.47377169132232666,0.3609248697757721,0.0001977835471138027
389,0.5273293852806091,0.48997777700424194,0.3735162913799286,0.0001977599937764791
390,0.5007396340370178,0.466159850358963,0.34579795598983765,0.00019773631737125192
391,0.4933054745197296,0.4586845636367798,0.3462091386318207,0.00019771251792792698
392,0.48433399200439453,0.4502609372138977,0.3407306671142578,0.00019768859547646478
393,0.47191423177719116,0.4385101795196533,0.3340403735637665,0.00019766455004698082
394,0.4816868305206299,0.44793272018432617,0.33754122257232666,0.00019764038166974535
395,0.49672913551330566,0.462147057056427,0.34582069516181946,0.0001976160903751834
396,0.4953867495059967,0.4600006937980652,0.353860467672348,0.00019759167619387476
397,0.5084608793258667,0.47302868962287903,0.3543219268321991,0.0001975671391565539
398,0.4899337589740753,0.4554542005062103,0.34479549527168274,0.00019754247929410995
399,0.48775655031204224,0.45336854457855225,0.34387993812561035,0.00019751769663758665
400,0.4830358624458313,0.44934937357902527,0.33686503767967224,0.00019749279121818235
401,0.4856851398944855,0.4509616792201996,0.34723472595214844,0.00019746776306724998
402,0.5025908946990967,0.4667022228240967,0.3588869869709015,0.0001974426122162969
403,0.4743568003177643,0.4416826367378235,0.32674160599708557,0.00019741733869698495
404,0.5256751775741577,0.4885833263397217,0.37091851234436035,0.0001973919425411304
405,0.5173645615577698,0.48099491000175476,0.36369630694389343,0.00019736642378070392
406,0.46801817417144775,0.4348406195640564,0.33177539706230164,0.00019734078244783054
407,0.5018948912620544,0.4666099548339844,0.35284939408302307,0.00019731501857478954
408,0.5240392684936523,0.4870724380016327,0.36966827511787415,0.0001972891321940145
409,0.489865779876709,0.4560973644256592,0.3376842141151428,0.00019726312333809322
410,0.4707109034061432,0.4377196431159973,0.3299127221107483,0.00019723699203976766
411,0.44673967361450195,0.415985107421875,0.3075455129146576,0.00019721073833193397
412,0.4722532033920288,0.439402312040329,0.32850906252861023,0.00019718436224764233
413,0.487216591835022,0.4534909427165985,0.33725664019584656,0.00019715786382009705
414,0.4818825423717499,0.4479823112487793,0.33900243043899536,0.00019713124308265635
415,0.4696144461631775,0.4366925060749054,0.329219251871109,0.00019710450006883256
416,0.48470184206962585,0.45065292716026306,0.34048914909362793,0.00019707763481229183
417,0.45258963108062744,0.42120361328125,0.3138602375984192,0.00019705064734685425
418,0.5155265927314758,0.4793471395969391,0.3617943823337555,0.00019702353770649378
419,0.4816315472126007,0.4477458894252777,0.33885645866394043,0.00019699630592533808
420,0.4796825349330902,0.44629740715026855,0.3338512182235718,0.0001969689520376687
421,0.49870064854621887,0.46408501267433167,0.34615638852119446,0.00019694147607792083
422,0.4770013689994812,0.4435179531574249,0.3348340690135956,0.0001969138780806833
423,0.4909988045692444,0.4561953544616699,0.3480345606803894,0.00019688615808069872
424,0.4974163770675659,0.4627932906150818,0.34623098373413086,0.0001968583161128631
425,0.4742960035800934,0.4406353533267975,0.33660653233528137,0.00019683035221222618
426,0.4748426377773285,0.4412602186203003,0.3358241617679596,0.00019680226641399096
427,0.48040980100631714,0.4468206465244293,0.3358916640281677,0.00019677405875351414
428,0.47919896245002747,0.44587987661361694,0.33319079875946045,0.00019674572926630567
429,0.4918961822986603,0.457419753074646,0.34476438164711,0.00019671727798802895
430,0.48098334670066833,0.4474795460700989,0.33503806591033936,0.00019668870495450066
431,0.5265452861785889,0.4895371198654175,0.3700816035270691,0.00019666001020169073
432,0.4847063422203064,0.450480580329895,0.34225767850875854,0.00019663119376572242
433,0.47584038972854614,0.4426161050796509,0.3322429656982422,0.00019660225568287202
434,0.4709378480911255,0.4380963146686554,0.3284153342247009,0.00019657319598956913
435,0.4849233627319336,0.4507021903991699,0.3422117531299591,0.0001965440147223963
436,0.4973730742931366,0.4626290798187256,0.34743985533714294,0.00019651471191808924
437,0.4680830240249634,0.4349934160709381,0.33089616894721985,0.00019648528761353652
438,0.49207746982574463,0.4577677845954895,0.34309694170951843,0.00019645574184577982
439,0.48408424854278564,0.4499543309211731,0.34129926562309265,0.00019642607465201364
440,0.49049970507621765,0.4554767608642578,0.35022956132888794,0.00019639628606958533
441,0.48450997471809387,0.45014098286628723,0.34369000792503357,0.0001963663761359951
442,0.4942884147167206,0.4592432975769043,0.3504512310028076,0.00019633634488889595
443,0.49015069007873535,0.4553692936897278,0.34781381487846375,0.0001963061923660935
444,0.4876358211040497,0.45355772972106934,0.340781033039093,0.0001962759186055461
445,0.5042953491210938,0.46890419721603394,0.35391172766685486,0.00019624552364536473
446,0.4855930209159851,0.45188137888908386,0.33711639046669006,0.00019621500752381294
447,0.498193621635437,0.46396058797836304,0.34233027696609497,0.00019618437027930683
448,0.4850601851940155,0.45106348395347595,0.33996713161468506,0.00019615361195041492
449,0.4857039451599121,0.45152974128723145,0.34174203872680664,0.00019612273257585815
450,0.4629882276058197,0.430912584066391,0.3207564055919647,0.00019609173219450998
451,0.4997364580631256,0.4644886255264282,0.3524784445762634,0.000196060610845396
452,0.4900696277618408,0.45612308382987976,0.33946532011032104,0.0001960293685676943
453,0.4759656488895416,0.44281816482543945,0.3314749300479889,0.00019599800540073505
454,0.5215450525283813,0.4840629994869232,0.3748208284378052,0.00019596652138400064
455,0.48793449997901917,0.4544406831264496,0.334938108921051,0.0001959349165571256
456,0.47180110216140747,0.4385812282562256,0.33219876885414124,0.0001959031909598966
457,0.5081299543380737,0.47226986289024353,0.35860109329223633,0.0001958713446322522
458,0.5056939125061035,0.4706536829471588,0.35040202736854553,0.00019583937761428314
459,0.5275658369064331,0.49077606201171875,0.36789798736572266,0.00019580728994623195
460,0.4751259684562683,0.4416614770889282,0.3346449136734009,0.00019577508166849304
461,0.472804993391037,0.4396993815898895,0.3310560882091522,0.00019574275282161283
462,0.48517656326293945,0.45140498876571655,0.33771568536758423,0.00019571030344628926
463,0.45502999424934387,0.423077255487442,0.319527268409729,0.00019567773358337222
464,0.501740574836731,0.4668371081352234,0.3490346372127533,0.00019564504327386316
465,0.5008669495582581,0.4661538004875183,0.34713125228881836,0.0001956122325589152
466,0.5228548645973206,0.4859461486339569,0.36908695101737976,0.00019557930147983302
467,0.48224422335624695,0.44872820377349854,0.33516019582748413,0.00019554625007807283
468,0.5111045241355896,0.4752965271472931,0.35807985067367554,0.0001955130783952423
469,0.5120100975036621,0.47672057151794434,0.3528953790664673,0.00019547978647310057
470,0.5034911036491394,0.4687937796115875,0.346973180770874,0.00019544637435355808
471,0.4972926676273346,0.4629211723804474,0.34371504187583923,0.00019541284207867662
472,0.5010980367660522,0.4662148356437683,0.3488318622112274,0.0001953791896906692
473,0.48005086183547974,0.44630202651023865,0.33748823404312134,0.0001953454172319001
474,0.47612157464027405,0.4431404173374176,0.329811692237854,0.00019531152474488477
475,0.5181900858879089,0.4822794497013092,0.3591066002845764,0.00019527751227228963
476,0.47298967838287354,0.4400598108768463,0.32929861545562744,0.0001952433798569323
477,0.4755343794822693,0.4423781633377075,0.3315621018409729,0.00019520912754178123
478,0.4795740246772766,0.4452548623085022,0.34319159388542175,0.00019517475536995604
479,0.4780016243457794,0.4452769160270691,0.32724711298942566,0.000195140263384727
480,0.4984247386455536,0.4635137617588043,0.3491098880767822,0.00019510565162951537
481,0.47891512513160706,0.44568562507629395,0.33229494094848633,0.0001950709201478931
482,0.477611243724823,0.4440763592720032,0.3353487551212311,0.00019503606898358284
483,0.4782159924507141,0.44517678022384644,0.3303922712802887,0.00019500109818045805
484,0.47908422350883484,0.44512197375297546,0.3396225869655609,0.00019496600778254263
485,0.5227891206741333,0.48643815517425537,0.36350977420806885,0.00019493079783401113
486,0.5070194602012634,0.47130241990089417,0.3571705222129822,0.0001948954683791886
487,0.46990767121315,0.43704038858413696,0.328672856092453,0.00019486001946255046
488,0.47998854517936707,0.4465780258178711,0.33410513401031494,0.00019482445112872264
489,0.4826068878173828,0.448947012424469,0.33659881353378296,0.00019478876342248128
490,0.49944865703582764,0.4644874632358551,0.34961190819740295,0.0001947529563887529
491,0.4725584387779236,0.4396212100982666,0.3293721377849579,0.00019471703007261412
492,0.4823634624481201,0.4486229419708252,0.33740517497062683,0.00019468098451929183
493,0.48177918791770935,0.4485339820384979,0.33245211839675903,0.00019464481977416297
494,0.47509709000587463,0.4422069191932678,0.3289017081260681,0.00019460853588275454
495,0.5150815844535828,0.4790721833705902,0.3600938320159912,0.00019457213289074355
496,0.45920079946517944,0.4267427921295166,0.32458004355430603,0.00019453561084395687
497,0.5208513736724854,0.48462212085723877,0.36229267716407776,0.00019449896978837141
498,0.5042006969451904,0.46907392144203186,0.3512680232524872,0.0001944622097701137
499,0.4815194308757782,0.4478236436843872,0.3369579315185547,0.00019442533083546012
500,0.4977753162384033,0.4628756642341614,0.3489965796470642,0.00019438833303083678
501,0.48140838742256165,0.4476914703845978,0.3371691107749939,0.00019435121640281938
502,0.46702924370765686,0.4333292543888092,0.3370000123977661,0.00019431398099813323
503,0.4600195586681366,0.4278034269809723,0.32216140627861023,0.00019427662686365314
504,0.47366806864738464,0.44094863533973694,0.3271942436695099,0.0001942391540464035
505,0.5009756088256836,0.46571534872055054,0.3526025414466858,0.00019420156259355791
506,0.4999646246433258,0.46483129262924194,0.35133329033851624,0.00019416385255243944
507,0.505491316318512,0.4692399799823761,0.3625135123729706,0.00019412602397052048
508,0.4835362434387207,0.4500303268432617,0.3350593149662018,0.00019408807689542257
509,0.49571749567985535,0.46093565225601196,0.34781837463378906,0.00019405001137491642
510,0.4687284231185913,0.43538331985473633,0.33345091342926025,0.0001940118274569219
511,0.4934614896774292,0.4589158594608307,0.34545645117759705,0.00019397352518950794
512,0.5004691481590271,0.46606963872909546,0.34399518370628357,0.00019393510462089236
513,0.44698381423950195,0.41591963171958923,0.31064173579216003,0.000193896565799442
514,0.4879235327243805,0.45428043603897095,0.33643099665641785,0.00019385790877367255
515,0.5059105753898621,0.47039586305618286,0.3551468849182129,0.00019381913359224842
516,0.4893490672111511,0.4553232491016388,0.34025824069976807,0.0001937802403039829
517,0.4565456509590149,0.4251406788825989,0.3140498101711273,0.0001937412289578379
518,0.5222947597503662,0.4863947927951813,0.3589998483657837,0.00019370209960292386
519,0.4994658827781677,0.46426498889923096,0.3520090878009796,0.00019366285228849996
520,0.47854429483413696,0.4456464946269989,0.32897812128067017,0.00019362348706397373
521,0.47425419092178345,0.44149497151374817,0.32759204506874084,0.0001935840039789012
522,0.5098639130592346,0.4749374985694885,0.34926414489746094,0.00019354440308298672
523,0.4715268313884735,0.43840816617012024,0.3311866819858551,0.00019350468442608305
524,0.5430075526237488,0.5039114356040955,0.39096128940582275,0.0001934648480581911
525,0.4682093858718872,0.43520161509513855,0.33007755875587463,0.00019342489402945998
526,0.48708340525627136,0.453755646944046,0.33327755331993103,0.000193384822390187
527,0.4911182224750519,0.45671090483665466,0.3440731167793274,0.00019334463319081735
528,0.5117765665054321,0.4755815863609314,0.3619495928287506,0.00019330432648194444
529,0.5024999976158142,0.46782374382019043,0.3467625677585602,0.00019326390231430942
530,0.49690428376197815,0.46163806319236755,0.35266217589378357,0.00019322336073880142
531,0.4770539402961731,0.44398999214172363,0.3306393623352051,0.00019318270180645737
532,0.4702850580215454,0.437801718711853,0.32483339309692383,0.00019314192556846185
533,0.5098513960838318,0.47407469153404236,0.35776686668395996,0.00019310103207614718
534,0.46321967244148254,0.43081536889076233,0.3240431547164917,0.00019306002138099327
535,0.48174524307250977,0.44797590374946594,0.33769354224205017,0.00019301889353462762
536,0.5001925826072693,0.46517038345336914,0.35022205114364624,0.00019297764858882514
537,0.497579425573349,0.46270737051963806,0.34872063994407654,0.0001929362865955082
538,0.5077030658721924,0.47264280915260315,0.35060253739356995,0.0001928948076067465
539,0.4433668851852417,0.4124668538570404,0.30900025367736816,0.00019285321167475698
540,0.47028958797454834,0.43687161803245544,0.3341796398162842,0.0001928114988519039
541,0.47565120458602905,0.44271910190582275,0.32932090759277344,0.00019276966919069862
542,0.478688508272171,0.44556617736816406,0.33122342824935913,0.0001927277227437995
543,0.5003547668457031,0.4655454754829407,0.3480927050113678,0.00019268565956401208
544,0.4628930687904358,0.4307771623134613,0.32115915417671204,0.00019264347970428876
545,0.465689092874527,0.4328501522541046,0.3283894956111908,0.0001926011832177288
546,0.4654822051525116,0.43352457880973816,0.3195762038230896,0.00019255877015757835
547,0.4806864559650421,0.44664737582206726,0.34039071202278137,0.00019251624057723023
548,0.49538424611091614,0.4600101411342621,0.3537411093711853,0.00019247359453022407
549,0.4599805474281311,0.4277348220348358,0.32245734333992004,0.00019243083207024598
550,0.4848129153251648,0.45018866658210754,0.34624239802360535,0.0001923879532511287
551,0.48120591044425964,0.44743257761001587,0.33773332834243774,0.0001923449581268514
552,0.49425259232521057,0.4597540497779846,0.3449854552745819,0.00019230184675153976
553,0.4990440905094147,0.4647291898727417,0.3431490957736969,0.00019225861917946565
554,0.4792746305465698,0.44551053643226624,0.33764106035232544,0.0001922152754650474
555,0.470487117767334,0.4377771317958832,0.32709982991218567,0.0001921718156628494
556,0.4910695552825928,0.4568648040294647,0.34204766154289246,0.00019212823982758226
557,0.5043333172798157,0.46924856305122375,0.35084760189056396,0.00019208454801410266
558,0.4683681130409241,0.4357821047306061,0.3258599638938904,0.0001920407402774132
559,0.5218327045440674,0.4849178194999695,0.36914899945259094,0.00019199681667266252
560,0.47901031374931335,0.4451526701450348,0.3385765254497528,0.0001919527772551451
561,0.47773632407188416,0.44372692704200745,0.3400939702987671,0.0001919086220803011
562,0.49836066365242004,0.46365606784820557,0.34704601764678955,0.0001918643512037166
563,0.48337700963020325,0.44950446486473083,0.33872541785240173,0.00019181996468112323
564,0.5147831439971924,0.47924840450286865,0.3553474545478821,0.00019177546256839812
565,0.45655930042266846,0.4236550033092499,0.32904303073883057,0.00019173084492156407
566,0.48832815885543823,0.4538051187992096,0.3452304005622864,0.00019168611179678924
567,0.49545276165008545,0.46096301078796387,0.34489744901657104,0.00019164126325038714
568,0.5287656188011169,0.49204111099243164,0.36724522709846497,0.00019159629933881666
569,0.46689629554748535,0.4340367913246155,0.3285949230194092,0.00019155122011868186
570,0.46125808358192444,0.4291362166404724,0.32121872901916504,0.00019150602564673198
571,0.4706624150276184,0.4380129873752594,0.32649415731430054,0.00019146071597986138
572,0.47800660133361816,0.4447990655899048,0.332075297832489,0.00019141529117510932
573,0.4659020006656647,0.433144211769104,0.3275778889656067,0.00019136975128966017
574,0.480842262506485,0.4477382302284241,0.33104032278060913,0.00019132409638084304
575,0.4432651400566101,0.4121236205101013,0.31141507625579834,0.00019127832650613189
576,0.49622368812561035,0.46180611848831177,0.34417563676834106,0.00019123244172314545
577,0.470125675201416,0.43770626187324524,0.32419419288635254,0.00019118644208964702
578,0.42595770955085754,0.3960997462272644,0.2985795736312866,0.00019114032766354453
579,0.48890426754951477,0.45530837774276733,0.33595889806747437,0.00019109409850289044
580,0.5150584578514099,0.47938141226768494,0.35677045583724976,0.00019104775466588161
581,0.4803773760795593,0.44691234827041626,0.3346501588821411,0.00019100129621085925
582,0.4975866973400116,0.4625963568687439,0.349903404712677,0.00019095472319630892
583,0.4886581599712372,0.4548851251602173,0.3377304673194885,0.00019090803568086036
584,0.502125084400177,0.4671306610107422,0.3499443829059601,0.00019086123372328746
585,0.4825628995895386,0.4491613209247589,0.33401572704315186,0.00019081431738250814
586,0.4885317087173462,0.4543094336986542,0.3422226905822754,0.00019076728671758438
587,0.46691906452178955,0.4338096082210541,0.3310946226119995,0.00019072014178772202
588,0.5000689625740051,0.46490800380706787,0.35160961747169495,0.00019067288265227082
589,0.5002129077911377,0.46556419134140015,0.3464871048927307,0.00019062550937072424
590,0.5081969499588013,0.47256776690483093,0.35629165172576904,0.00019057802200271942
591,0.49959516525268555,0.46538519859313965,0.34209951758384705,0.0001905304206080372
592,0.4778639078140259,0.4446300268173218,0.33233869075775146,0.00019048270524660196
593,0.5033124685287476,0.4684387445449829,0.34873729944229126,0.0001904348759784815
594,0.4981858730316162,0.46306112408638,0.3512474298477173,0.00019038693286388698
595,0.4983046352863312,0.46341150999069214,0.34893113374710083,0.00019033887596317298
596,0.478904664516449,0.4457032382488251,0.3320143222808838,0.00019029070533683725
597,0.47059640288352966,0.43769845366477966,0.3289794921875,0.00019024242104552074
598,0.48427286744117737,0.4507496654987335,0.3352319002151489,0.00019019402315000752
599,0.4711419939994812,0.4386053681373596,0.32536640763282776,0.00019014551171122457
600,0.4983866810798645,0.4640773832798004,0.34309303760528564,0.0001900968867902419
601,0.47408613562583923,0.44182559847831726,0.32260528206825256,0.0001900481484482724
602,0.4983634054660797,0.4637330174446106,0.3463038206100464,0.0001899992967466716
603,0.5009437203407288,0.46623510122299194,0.34708601236343384,0.0001899503317469379
604,0.4692166745662689,0.43639251589775085,0.3282416760921478,0.00018990125351071226
605,0.46021395921707153,0.4279840290546417,0.3222992718219757,0.00018985206209977813
606,0.4863032102584839,0.4522740840911865,0.34029126167297363,0.00018980275757606157
607,0.49076277017593384,0.45692479610443115,0.338379830121994,0.00018975334000163093
608,0.4961969256401062,0.4623502194881439,0.33846697211265564,0.00018970380943869687
609,0.49371594190597534,0.45983007550239563,0.33885881304740906,0.00018965416594961238
610,0.4915556311607361,0.45797115564346313,0.3358446955680847,0.00018960440959687254
611,0.49955323338508606,0.46438705921173096,0.351661741733551,0.0001895545404431145
612,0.4631912112236023,0.43135905265808105,0.3183216452598572,0.00018950455855111745
613,0.5007960796356201,0.46655452251434326,0.3424152731895447,0.0001894544639838025
614,0.4719831347465515,0.4398535192012787,0.32129624485969543,0.00018940425680423264
615,0.46233728528022766,0.4303704798221588,0.3196680247783661,0.00018935393707561251
616,0.5116395354270935,0.476180762052536,0.35458797216415405,0.00018930350486128856
617,0.4724597632884979,0.43924543261528015,0.3321433961391449,0.00018925296022474878
618,0.47649118304252625,0.44373488426208496,0.32756295800209045,0.00018920230322962264
619,0.4688873887062073,0.43598994612693787,0.32897448539733887,0.0001891515339396812
620,0.4728202521800995,0.4395276606082916,0.3329258859157562,0.0001891006524188368
621,0.4532431960105896,0.42140525579452515,0.3183795213699341,0.000189049658731143
622,0.4643932580947876,0.43084803223609924,0.3354523181915283,0.00018899855294079472
623,0.49421077966690063,0.4602859616279602,0.33924803137779236,0.00018894733511212782
624,0.4541982412338257,0.4231709837913513,0.3102727234363556,0.00018889600530961934
625,0.47981271147727966,0.44670426845550537,0.3310844600200653,0.00018884456359788724
626,0.5005114674568176,0.465986043214798,0.34525445103645325,0.00018879301004169036
627,0.4735117554664612,0.4405005872249603,0.3301118314266205,0.00018874134470592835
628,0.4739724397659302,0.4411998391151428,0.3277260959148407,0.0001886895676556415
629,0.4740481972694397,0.4408271908760071,0.3322100341320038,0.00018863767895601087
630,0.4470699429512024,0.41636592149734497,0.3070400655269623,0.000188585678672358
631,0.5087575316429138,0.4732358157634735,0.3552173376083374,0.00018853356687014485
632,0.5020476579666138,0.4668309986591339,0.3521668016910553,0.00018848134361497385
633,0.47153162956237793,0.43868228793144226,0.3284933269023895,0.0001884290089725877
634,0.50040203332901,0.4656117260456085,0.3479030728340149,0.00018837656300886937
635,0.5061350464820862,0.47093117237091064,0.3520386815071106,0.00018832400578984183
636,0.4632815420627594,0.4307408034801483,0.3254072964191437,0.0001882713373816683
637,0.48348468542099,0.44991305470466614,0.33571624755859375,0.00018821855785065185
638,0.48553070425987244,0.4518918991088867,0.3363880515098572,0.00018816566726323548
639,0.467576265335083,0.43507033586502075,0.3250594437122345,0.00018811266568600194
640,0.4783978760242462,0.445492148399353,0.3290572166442871,0.0001880595531856738
641,0.47528061270713806,0.4416426718235016,0.33637937903404236,0.00018800632982911322
642,0.47201281785964966,0.43944910168647766,0.3256371319293976,0.00018795299568332184
643,0.4908333122730255,0.4559500515460968,0.3488326370716095,0.00018789955081544092
644,0.4916480481624603,0.4566553831100464,0.349926620721817,0.000187845995292751
645,0.47424668073654175,0.4415740668773651,0.32672616839408875,0.00018779232918267195
646,0.4820972979068756,0.4480111598968506,0.34086140990257263,0.00018773855255276283
647,0.4870944023132324,0.4534018933773041,0.3369249403476715,0.00018768466547072188
648,0.47198978066444397,0.43930187821388245,0.3268791139125824,0.00018763066800438636
649,0.4663410782814026,0.4339824616909027,0.3235863149166107,0.00018757656022173248
650,0.456123411655426,0.42406028509140015,0.32063138484954834,0.00018752234219087538
651,0.4818849563598633,0.44795700907707214,0.33927932381629944,0.0001874680139800689
652,0.4965992271900177,0.46166783571243286,0.3493138551712036,0.0001874135756577056
653,0.5035386085510254,0.46875622868537903,0.3478236198425293,0.00018735902729231677
654,0.48965081572532654,0.4555167555809021,0.3413405418395996,0.00018730436895257206
655,0.45212557911872864,0.42088958621025085,0.3123599588871002,0.00018724960070727972
656,0.4934246838092804,0.45915865898132324,0.3426603674888611,0.00018719472262538624
657,0.4559824466705322,0.42421725392341614,0.3176518678665161,0.00018713973477597646
658,0.47194385528564453,0.4393480122089386,0.3259584307670593,0.00018708463722827336
659,0.4941583573818207,0.45973828434944153,0.34420084953308105,0.00018702943005163803
660,0.455799400806427,0.42433249950408936,0.3146688938140869,0.00018697411331556956
661,0.5127958655357361,0.4772917330265045,0.3550410866737366,0.00018691868708970496
662,0.48965948820114136,0.456321120262146,0.3333836793899536,0.00018686315144381913
663,0.4727291464805603,0.43969881534576416,0.330303430557251,0.00018680750644782467
664,0.4951835870742798,0.4609961211681366,0.3418746888637543,0.00018675175217177175
665,0.47869065403938293,0.44583189487457275,0.32858768105506897,0.0001866958886858483
666,0.46533066034317017,0.4334203898906708,0.31910258531570435,0.0001866399160603796
667,0.47383472323417664,0.44101741909980774,0.3281730115413666,0.0001865838343658284
668,0.47175702452659607,0.4392841160297394,0.3247290551662445,0.00018652764367279461
669,0.47405096888542175,0.4412281811237335,0.32822778820991516,0.0001864713440520155
670,0.450467586517334,0.4192744791507721,0.31193122267723083,0.0001864149355743655
671,0.4828135371208191,0.4487267732620239,0.3408677875995636,0.00018635841831085586
672,0.46836939454078674,0.43567875027656555,0.32690632343292236,0.00018630179233263504
673,0.47046351432800293,0.4380788803100586,0.3238462805747986,0.00018624505771098817
674,0.5089566111564636,0.47311827540397644,0.3583831489086151,0.00018618821451733724
675,0.4826231300830841,0.4492868185043335,0.33336320519447327,0.00018613126282324092
676,0.4877241551876068,0.45401936769485474,0.3370479643344879,0.0001860742027003944
677,0.46870481967926025,0.4358164966106415,0.3288833796977997,0.0001860170342206294
678,0.4858357608318329,0.4525333344936371,0.3330243229866028,0.0001859597574559141
679,0.49264514446258545,0.4583960175514221,0.34249135851860046,0.00018590237247835293
680,0.492494136095047,0.4585997462272644,0.3389437794685364,0.00018584487936018661
681,0.44858771562576294,0.41727662086486816,0.31311094760894775,0.00018578727817379195
682,0.4871179461479187,0.4532700181007385,0.3384793698787689,0.0001857295689916818
683,0.47392046451568604,0.4410649538040161,0.32855522632598877,0.00018567175188650498
684,0.4741145372390747,0.44138601422309875,0.32728520035743713,0.00018561382693104615
685,0.477665513753891,0.44465386867523193,0.3301163911819458,0.00018555579419822583
686,0.4896661341190338,0.45595473051071167,0.3371140658855438,0.0001854976537611001
687,0.5006293654441833,0.46576040983200073,0.34868955612182617,0.00018543940569286065
688,0.4755026698112488,0.4427570104598999,0.32745665311813354,0.00018538105006683472
689,0.4606192708015442,0.4289356768131256,0.31683605909347534,0.00018532258695648496
690,0.4696408212184906,0.4373801648616791,0.32260647416114807,0.00018526401643540922
691,0.49683770537376404,0.4625547528266907,0.34282946586608887,0.0001852053385773407
692,0.4716310501098633,0.4387371242046356,0.32893919944763184,0.00018514655345614763
693,0.5121352672576904,0.47666263580322266,0.35472631454467773,0.00018508766114583332
694,0.46887490153312683,0.4367678165435791,0.32107090950012207,0.00018502866172053598
695,0.46351876854896545,0.4308241903781891,0.32694584131240845,0.00018496955525452874
696,0.48647886514663696,0.45295804738998413,0.33520814776420593,0.0001849103418222194
697,0.5088670253753662,0.4736897051334381,0.3517734706401825,0.00018485102149815038
698,0.4709423780441284,0.43886616826057434,0.3207620084285736,0.00018479159435699883
699,0.49528375267982483,0.4615291357040405,0.3375462293624878,0.00018473206047357619
700,0.487107515335083,0.4532477557659149,0.3385976254940033,0.00018467241992282843
701,0.4969503581523895,0.4624751806259155,0.3447517156600952,0.00018461267277983568
702,0.49058547616004944,0.4563962519168854,0.341892272233963,0.0001845528191198123
703,0.514578640460968,0.4795861840248108,0.34992459416389465,0.00018449285901810675
704,0.45770424604415894,0.4260975122451782,0.31606730818748474,0.00018443279255020152
705,0.4577411413192749,0.4263792037963867,0.31361937522888184,0.0001843726197917129
706,0.5179233551025391,0.4820314347743988,0.3589194416999817,0.0001843123408183911
707,0.5080516934394836,0.4733794331550598,0.3467228412628174,0.00018425195570611998
708,0.47975003719329834,0.44602957367897034,0.3372045159339905,0.00018419146453091701
709,0.4947299361228943,0.4612969756126404,0.33432960510253906,0.0001841308673689332
710,0.4610540270805359,0.42908549308776855,0.31968531012535095,0.00018407016429645303
711,0.47631537914276123,0.44299545884132385,0.3331992030143738,0.0001840093553898942
712,0.5367879867553711,0.4996010661125183,0.37186935544013977,0.00018394844072580773
713,0.4947950839996338,0.45930448174476624,0.3549060821533203,0.00018388742038087777
714,0.48720410466194153,0.45397013425827026,0.33233973383903503,0.00018382629443192144
715,0.5101730227470398,0.4749082922935486,0.3526472747325897,0.00018376506295588886
716,0.47577786445617676,0.4426720440387726,0.3310580551624298,0.00018370372602986303
717,0.5117524266242981,0.4768700897693634,0.348823606967926,0.00018364228373105964
718,0.4919983148574829,0.45750534534454346,0.34492984414100647,0.00018358073613682706
719,0.4822337031364441,0.4488350450992584,0.33398669958114624,0.0001835190833246461
720,0.4977414309978485,0.4633673131465912,0.3437410593032837,0.00018345732537213027
721,0.4875766336917877,0.4534670412540436,0.34109601378440857,0.00018339546235702524
722,0.45051109790802,0.4196106195449829,0.3090048134326935,0.00018333349435720894
723,0.4526703357696533,0.42189455032348633,0.3077578842639923,0.0001832714214506916
724,0.4752603769302368,0.4423316717147827,0.32928717136383057,0.0001832092437156154
725,0.48081985116004944,0.4475575387477875,0.3326232433319092,0.00018314696123025454
726,0.49489980936050415,0.46083709597587585,0.3406272232532501,0.00018308457407301503
727,0.4787627160549164,0.44563934206962585,0.3312338590621948,0.00018302208232243473
728,0.4844105839729309,0.4511873722076416,0.33223211765289307,0.00018295948605718314
729,0.4788133203983307,0.44594648480415344,0.3286682665348053,0.00018289678535606126
730,0.47577965259552,0.44314128160476685,0.32638365030288696,0.00018283398029800166
731,0.4679308533668518,0.4353649914264679,0.3256585896015167,0.00018277107096206826
732,0.4879342317581177,0.45382240414619446,0.34111833572387695,0.00018270805742745617
733,0.49000194668769836,0.4559326469898224,0.34069302678108215,0.00018264493977349184
734,0.4811195135116577,0.4482102692127228,0.32909250259399414,0.0001825817180796326
735,0.5321770906448364,0.4946918487548828,0.37485256791114807,0.00018251839242546696
736,0.46803879737854004,0.43600010871887207,0.32038673758506775,0.0001824549628907141
737,0.5065343379974365,0.4715235233306885,0.35010817646980286,0.00018239142955522406
738,0.47999927401542664,0.4468446373939514,0.3315463364124298,0.0001823277924989776
739,0.4972374737262726,0.4624175727367401,0.3481990098953247,0.000182264051802086
740,0.5130462050437927,0.47749850153923035,0.35547730326652527,0.00018220020754479102
741,0.4959661364555359,0.4615958631038666,0.3437025845050812,0.00018213625980746475
742,0.497395783662796,0.4632599353790283,0.3413585424423218,0.00018207220867060966
743,0.47902244329452515,0.4453100860118866,0.33712342381477356,0.00018200805421485824
744,0.49657854437828064,0.46271443367004395,0.33864113688468933,0.0001819437965209732
745,0.4587458372116089,0.4275989532470703,0.31146878004074097,0.0001818794356698471
746,0.47005701065063477,0.4377446174621582,0.3231240212917328,0.00018181497174250236
747,0.48606252670288086,0.4527013599872589,0.3336118161678314,0.0001817504048200912
748,0.44822484254837036,0.41705429553985596,0.311705619096756,0.00018168573498389564
749,0.48062798380851746,0.4474770128726959,0.33150967955589294,0.00018162096231532694
750,0.49881669878959656,0.46378594636917114,0.3503074049949646,0.00018155608689592604
751,0.5063643455505371,0.4710616171360016,0.3530272841453552,0.0001814911088073632
752,0.5159639716148376,0.480190634727478,0.3577331006526947,0.00018142602813143785
753,0.48004764318466187,0.4466845691204071,0.33363077044487,0.00018136084495007872
754,0.4879157543182373,0.45424655079841614,0.3366919457912445,0.0001812955593453434
755,0.5194073915481567,0.483715683221817,0.3569169044494629,0.0001812301713994185
756,0.45313388109207153,0.42165541648864746,0.31478479504585266,0.00018116468119461953
757,0.4903196096420288,0.4568272829055786,0.3349231481552124,0.00018109908881339058
758,0.47912904620170593,0.4459895193576813,0.33139535784721375,0.00018103339433830454
759,0.4735416769981384,0.4411493241786957,0.32392364740371704,0.00018096759785206267
760,0.4687546193599701,0.4364481568336487,0.32306474447250366,0.00018090169943749476
761,0.45845091342926025,0.4270123541355133,0.31438544392585754,0.00018083569917755885
762,0.47896715998649597,0.44586077332496643,0.3310638666152954,0.00018076959715534124
763,0.47646433115005493,0.44384774565696716,0.32616573572158813,0.00018070339345405625
764,0.5020544528961182,0.4676193296909332,0.34435150027275085,0.00018063708815704632
765,0.46813610196113586,0.4353998005390167,0.3273630142211914,0.00018057068134778173
766,0.486923485994339,0.4527161717414856,0.3420731723308563,0.00018050417310986052
767,0.4678800404071808,0.43607714772224426,0.31802898645401,0.00018043756352700846
768,0.5089375972747803,0.4738892912864685,0.35048311948776245,0.00018037085268307889
769,0.5004761815071106,0.4659363031387329,0.3453986644744873,0.0001803040406620526
770,0.4835681617259979,0.4502294361591339,0.3333873748779297,0.0001802371275480378
771,0.48803433775901794,0.45392361283302307,0.34110724925994873,0.0001801701134252699
772,0.4967072010040283,0.46254798769950867,0.34159210324287415,0.0001801029983781116
773,0.4776085615158081,0.4446677267551422,0.32940831780433655,0.00018003578249105244
774,0.48082903027534485,0.4475219249725342,0.33307111263275146,0.00017996846584870908
775,0.4881349802017212,0.45470795035362244,0.33427026867866516,0.00017990104853582493
776,0.4344289004802704,0.40464305877685547,0.297858327627182,0.00017983353063727016
777,0.47486650943756104,0.4417716860771179,0.3309483528137207,0.00017976591223804161
778,0.4849853217601776,0.45200544595718384,0.3297986686229706,0.00017969819342326254
779,0.5192093849182129,0.48226749897003174,0.3694186508655548,0.00017963037427818268
780,0.4953617751598358,0.46087929606437683,0.34482476115226746,0.00017956245488817812
781,0.49487221240997314,0.4599887430667877,0.34883466362953186,0.000179494435338751
782,0.488415390253067,0.4544854462146759,0.33929941058158875,0.00017942631571552973
783,0.46981436014175415,0.43689021468162537,0.3292416036128998,0.0001793580961042685
784,0.5052452683448792,0.4699956178665161,0.3524962365627289,0.00017928977659084755
785,0.46465715765953064,0.4325345456600189,0.32122623920440674,0.00017922135726127275
786,0.46466198563575745,0.43249812722206116,0.32163864374160767,0.00017915283820167573
787,0.4950605630874634,0.4608153998851776,0.34245172142982483,0.00017908421949831366
788,0.4766274690628052,0.4437432885169983,0.32884183526039124,0.00017901550123756906
789,0.4801682233810425,0.44691285490989685,0.33255380392074585,0.00017894668350594981
790,0.47608327865600586,0.44342276453971863,0.32660508155822754,0.00017887776639008914
791,0.4801608920097351,0.44711965322494507,0.33041226863861084,0.00017880874997674515
792,0.4811869263648987,0.4476468861103058,0.335400253534317,0.00017873963435280121
793,0.4350659251213074,0.4052896797657013,0.2977624535560608,0.00017867041960526535
794,0.4866541624069214,0.45279353857040405,0.33860623836517334,0.0001786011058212706
795,0.4936824440956116,0.45975399017333984,0.3392846882343292,0.00017853169308807448
796,0.49458885192871094,0.4608224630355835,0.337663859128952,0.0001784621814930592
797,0.4453223943710327,0.41474995017051697,0.30572450160980225,0.00017839257112373132
798,0.4954911172389984,0.4614179730415344,0.3407313823699951,0.00017832286206772186
799,0.4639260768890381,0.43136945366859436,0.32556620240211487,0.00017825305441278598
800,0.5037485957145691,0.4692545235157013,0.3449404835700989,0.000178183148246803
801,0.4852345585823059,0.45137715339660645,0.33857420086860657,0.00017811314365777625
802,0.4614774286746979,0.42932483553886414,0.32152581214904785,0.000178043040733833
803,0.4840933680534363,0.4506556987762451,0.3343765437602997,0.0001779728395632242
804,0.4885513484477997,0.4546484053134918,0.3390294313430786,0.00017790254023432466
805,0.46886253356933594,0.43701931834220886,0.3184320330619812,0.00017783214283563262
806,0.5115819573402405,0.47600066661834717,0.3558129072189331,0.00017776164745576976
807,0.44162511825561523,0.4110313653945923,0.30593767762184143,0.00017769105418348122
808,0.4912171959877014,0.4573030471801758,0.3391413986682892,0.00017762036310763532
809,0.4819366931915283,0.44890397787094116,0.33032721281051636,0.00017754957431722346
810,0.4949328899383545,0.460740864276886,0.3419203758239746,0.0001774786879013601
811,0.4781685173511505,0.44524818658828735,0.3292032480239868,0.0001774077039492826
812,0.5085301995277405,0.47291725873947144,0.3561296761035919,0.00017733662255035114
813,0.45737114548683167,0.42599403858184814,0.31377100944519043,0.0001772654437940484
814,0.48267415165901184,0.44961926341056824,0.3305489122867584,0.0001771941677699799
815,0.4971352815628052,0.46246692538261414,0.3466835916042328,0.00017712279456787332
816,0.4587389826774597,0.4270416796207428,0.31697309017181396,0.00017705132427757895
817,0.4672795236110687,0.43434247374534607,0.329370379447937,0.00017697975698906904
818,0.499561607837677,0.4655943214893341,0.33967286348342896,0.00017690809279243813
819,0.45847102999687195,0.4269457459449768,0.3152529001235962,0.00017683633177790272
820,0.4993551969528198,0.4646245241165161,0.3473066985607147,0.0001767644740358011
821,0.48286202549934387,0.4493827819824219,0.33479252457618713,0.0001766925196565935
822,0.4561840295791626,0.4244830310344696,0.3170100450515747,0.00017662046873086163
823,0.47671473026275635,0.44354015588760376,0.3317456841468811,0.00017654832134930882
824,0.4994891285896301,0.465095192193985,0.34393924474716187,0.00017647607760275987
825,0.43977734446525574,0.4093517065048218,0.30425646901130676,0.00017640373758216077
826,0.4792408347129822,0.44622719287872314,0.3301362693309784,0.0001763313013785788
827,0.5006411671638489,0.4660762548446655,0.345649391412735,0.00017625876908320236
828,0.4840502440929413,0.44996872544288635,0.34081506729125977,0.00017618614078734069
829,0.46771422028541565,0.4356100261211395,0.3210419714450836,0.00017611341658242395
830,0.4959198832511902,0.4618954062461853,0.34024471044540405,0.0001760405965600031
831,0.4693666696548462,0.43689149618148804,0.3247518837451935,0.00017596768081174963
832,0.5047251582145691,0.4700513482093811,0.3467383086681366,0.00017589466942945556
833,0.4713543653488159,0.43915653228759766,0.3219784200191498,0.00017582156250503335
834,0.4733196794986725,0.4402131736278534,0.33106502890586853,0.00017574836013051562
835,0.4645727872848511,0.43206891417503357,0.3250388205051422,0.0001756750623980553
836,0.4637514352798462,0.4317580461502075,0.31993386149406433,0.00017560166939992528
837,0.48976248502731323,0.45607703924179077,0.33685436844825745,0.00017552818122851838
838,0.4768136143684387,0.4438284933567047,0.3298511207103729,0.0001754545979763472
839,0.48089441657066345,0.44767627120018005,0.3321813642978668,0.00017538091973604418
840,0.45938190817832947,0.4275192320346832,0.31862673163414,0.00017530714660036112
841,0.49921858310699463,0.46455711126327515,0.3466145694255829,0.00017523327866216944
842,0.4381345808506012,0.4081105887889862,0.3002399206161499,0.00017515931601445986
843,0.4782463610172272,0.44478461146354675,0.33461737632751465,0.00017508525875034237
844,0.533363401889801,0.49685221910476685,0.36511164903640747,0.00017501110696304596
845,0.5028135776519775,0.4676338732242584,0.35179683566093445,0.00017493686074591873
846,0.4569960832595825,0.42580780386924744,0.3118826746940613,0.0001748625201924276
847,0.4903331995010376,0.45653465390205383,0.3379853069782257,0.00017478808539615824
848,0.4676175117492676,0.43507224321365356,0.3254525661468506,0.00017471355645081498
849,0.43700551986694336,0.407145231962204,0.298602819442749,0.00017463893345022067
850,0.5036135911941528,0.46888285875320435,0.34730708599090576,0.00017456421648831655
851,0.5077425241470337,0.4721163809299469,0.3562615215778351,0.00017448940565916222
852,0.5003002882003784,0.46576225757598877,0.3453802168369293,0.0001744145010569353
853,0.4586164951324463,0.4270678162574768,0.3154866397380829,0.00017433950277593162
854,0.4931947588920593,0.45922908186912537,0.3396567702293396,0.0001742644109105648
855,0.4813844561576843,0.44808825850486755,0.33296212553977966,0.00017418922555536637
856,0.47729912400245667,0.44359761476516724,0.3370150327682495,0.0001741139468049855
857,0.47825196385383606,0.4448815584182739,0.3337041735649109,0.00017403857475418896
858,0.520625114440918,0.48493942618370056,0.35685667395591736,0.000173963109497861
859,0.477265864610672,0.4442799389362335,0.32985928654670715,0.0001738875511310031
860,0.4282304346561432,0.3986353874206543,0.2959505319595337,0.00017381189974873407
861,0.504959225654602,0.46953004598617554,0.3542919456958771,0.00017373615544628978
862,0.4740511178970337,0.44014835357666016,0.33902764320373535,0.00017366031831902304
863,0.4662691652774811,0.43439173698425293,0.31877419352531433,0.0001735843884624035
864,0.4703308343887329,0.437256783246994,0.3307405114173889,0.00017350836597201767
865,0.464155912399292,0.43231773376464844,0.3183816969394684,0.00017343225094356855
866,0.48734351992607117,0.4538879096508026,0.33455604314804077,0.0001733560434728757
867,0.4661354124546051,0.43436089158058167,0.3177453279495239,0.00017327974365587495
868,0.502387523651123,0.4681735038757324,0.3421404957771301,0.00017320335158861855
869,0.43362873792648315,0.4039798378944397,0.2964889407157898,0.0001731268673672747
870,0.507965087890625,0.4732746481895447,0.3469045162200928,0.00017305029108812776
871,0.4842771291732788,0.45050349831581116,0.3377362787723541,0.00017297362284757794
872,0.5053322911262512,0.4703907072544098,0.3494158089160919,0.00017289686274214118
873,0.4806631803512573,0.4474917948246002,0.3317137658596039,0.00017282001086844906
874,0.4742090404033661,0.441148579120636,0.33060452342033386,0.00017274306732324872
875,0.4932606816291809,0.45900121331214905,0.34259462356567383,0.0001726660322034027
876,0.5094290375709534,0.47461020946502686,0.3481881022453308,0.00017258890560588888
877,0.49153459072113037,0.45672762393951416,0.34806960821151733,0.00017251168762780013
878,0.4764239490032196,0.44406506419181824,0.3235887587070465,0.0001724343783663445
879,0.49356645345687866,0.4590122103691101,0.34554240107536316,0.00017235697791884494
880,0.4793224632740021,0.44580256938934326,0.33519884943962097,0.00017227948638273916
881,0.4629904329776764,0.43084055185317993,0.32149872183799744,0.00017220190385557955
882,0.49723732471466064,0.46262675523757935,0.34610557556152344,0.00017212423043503301
883,0.5042828321456909,0.4691764712333679,0.3510635197162628,0.00017204646621888096
884,0.4648686647415161,0.43292269110679626,0.3194597065448761,0.00017196861130501905
885,0.4921718239784241,0.45899301767349243,0.3317880928516388,0.00017189066579145705
886,0.5012150406837463,0.4667806923389435,0.3443436920642853,0.0001718126297763189
887,0.45309463143348694,0.4217873215675354,0.3130730092525482,0.0001717345033578424
888,0.4937504529953003,0.4592023193836212,0.3454812169075012,0.00017165628663437922
889,0.4548162817955017,0.42382678389549255,0.309894859790802,0.00017157797970439464
890,0.5068313479423523,0.47175881266593933,0.35072553157806396,0.00017149958266646754
891,0.4887119233608246,0.4550684988498688,0.3364342451095581,0.00017142109561929023
892,0.4733046293258667,0.44088616967201233,0.32418471574783325,0.00017134251866166827
893,0.47135964035987854,0.4388085901737213,0.32551056146621704,0.00017126385189252053
894,0.46660640835762024,0.43448391556739807,0.3212249279022217,0.00017118509541087887
895,0.45434117317199707,0.4231698215007782,0.31171342730522156,0.00017110624931588806
896,0.5057314038276672,0.47114986181259155,0.34581565856933594,0.0001710273137068057
897,0.4855569005012512,0.4521879255771637,0.3336896598339081,0.00017094828868300215
898,0.47116512060165405,0.43852168321609497,0.32643428444862366,0.0001708691743439602
899,0.46349167823791504,0.43149930238723755,0.31992387771606445,0.00017078997078927521
900,0.4808134138584137,0.44749805331230164,0.33315369486808777,0.00017071067811865476
901,0.459309846162796,0.42717158794403076,0.32138264179229736,0.00017063129643191864
902,0.4648808538913727,0.4330432116985321,0.3183765411376953,0.00017055182582899873
903,0.4989575147628784,0.46469783782958984,0.3425966799259186,0.00017047226640993883
904,0.49592211842536926,0.461923211812973,0.3399890065193176,0.0001703926182748945
905,0.46106791496276855,0.42924338579177856,0.3182452619075775,0.00017031288152413306
906,0.4698716104030609,0.4378072917461395,0.3206430673599243,0.00017023305625803333
907,0.47195765376091003,0.43926241993904114,0.32695233821868896,0.0001701531425770856
908,0.44371140003204346,0.4129932224750519,0.30718162655830383,0.0001700731405818914
909,0.4813506305217743,0.44838473200798035,0.32965901494026184,0.00016999305037316352
910,0.4764808714389801,0.44361311197280884,0.32867762446403503,0.00016991287205172573
911,0.516792893409729,0.4810076951980591,0.3578522503376007,0.0001698326057185128
912,0.4771917760372162,0.44406962394714355,0.3312216103076935,0.00016975225147457026
913,0.47372162342071533,0.4407661557197571,0.3295546770095825,0.00016967180942105423
914,0.501657247543335,0.46644628047943115,0.3521094024181366,0.00016959127965923142
915,0.4795719087123871,0.44627660512924194,0.33295297622680664,0.0001695106622904791
916,0.48463165760040283,0.4511112868785858,0.3352035582065582,0.0001694299574162846
917,0.46229687333106995,0.430995911359787,0.313009649515152,0.0001693491651382455
918,0.4885447025299072,0.4546285569667816,0.3391614258289337,0.0001692682855580695
919,0.4691607356071472,0.43698298931121826,0.3217775523662567,0.00016918731877757406
920,0.4840804934501648,0.45049771666526794,0.3358277976512909,0.00016910626489868649
921,0.46520161628723145,0.4328952729701996,0.32306334376335144,0.00016902512402344373
922,0.45681214332580566,0.4253329038619995,0.31479236483573914,0.00016894389625399226
923,0.4603557884693146,0.4288964569568634,0.31459319591522217,0.0001688625816925879
924,0.4703071117401123,0.4383136034011841,0.31993505358695984,0.00016878118044159578
925,0.4951625466346741,0.4599332809448242,0.3522928059101105,0.00016869969260349018
926,0.4751737117767334,0.4421243965625763,0.33049318194389343,0.00016861811828085429
927,0.5085933804512024,0.473324716091156,0.35268670320510864,0.00016853645757638024
928,0.4505864083766937,0.4189853370189667,0.3160107135772705,0.00016845471059286887
929,0.4709095358848572,0.4386017620563507,0.32307758927345276,0.00016837287743322975
930,0.5326288938522339,0.4959917962551117,0.3663708567619324,0.00016829095820048072
931,0.4716244637966156,0.43924665451049805,0.3237781822681427,0.00016820895299774814
932,0.4453548192977905,0.4149123430252075,0.304424911737442,0.00016812686192826663
933,0.48011019825935364,0.44663235545158386,0.3347783088684082,0.00016804468509537874
934,0.455177903175354,0.4236813187599182,0.3149659037590027,0.00016796242260253512
935,0.5013225078582764,0.4663839042186737,0.3493860363960266,0.0001678800745532942
936,0.468010276556015,0.4347928464412689,0.3321742117404938,0.0001677976410513221
937,0.5007606148719788,0.4667799472808838,0.3398064374923706,0.00016771512220039255
938,0.4646996557712555,0.4327358603477478,0.31963786482810974,0.00016763251810438678
939,0.48146408796310425,0.44837579131126404,0.3308829665184021,0.00016754982886729318
940,0.49237358570098877,0.45795783400535583,0.34415754675865173,0.00016746705459320745
941,0.4990372657775879,0.4644990861415863,0.34538188576698303,0.0001673841953863323
942,0.518734335899353,0.4830869138240814,0.35647398233413696,0.00016730125135097735
943,0.5066530108451843,0.4719759225845337,0.34677067399024963,0.00016721822259155902
944,0.4596027135848999,0.42816033959388733,0.3144238591194153,0.0001671351092126004
945,0.45286494493484497,0.4214056730270386,0.31459271907806396,0.00016705191131873107
946,0.4964982867240906,0.46183302998542786,0.34665244817733765,0.0001669686290146871
947,0.5240634083747864,0.48724129796028137,0.36822107434272766,0.00016688526240531064
948,0.45016464591026306,0.419420063495636,0.3074457347393036,0.00016680181159555013
949,0.4803244173526764,0.4470228850841522,0.33301544189453125,0.00016671827669045998
950,0.4762137830257416,0.44393354654312134,0.3228023052215576,0.0001666346577952004
951,0.466940313577652,0.43424829840660095,0.3269200325012207,0.00016655095501503738
952,0.5280346870422363,0.4914560914039612,0.36578625440597534,0.0001664671684553426
953,0.49139729142189026,0.45732420682907104,0.3407309055328369,0.00016638329822159296
954,0.458753764629364,0.4267258942127228,0.3202786445617676,0.00016629934441937097
955,0.45765450596809387,0.4265521466732025,0.3110235929489136,0.00016621530715436414
956,0.45481181144714355,0.4232598543167114,0.31551969051361084,0.00016613118653236518
957,0.47586673498153687,0.44246333837509155,0.3340338468551636,0.00016604698265927173
958,0.4796018898487091,0.44567131996154785,0.3393056094646454,0.0001659626956410861
959,0.4666018784046173,0.43460869789123535,0.3199317455291748,0.0001658783255839154
960,0.4730139374732971,0.44102993607521057,0.3198399245738983,0.00016579387259397127
961,0.480232298374176,0.4467307925224304,0.3350151479244232,0.00016570933677756967
962,0.4833019971847534,0.4493284225463867,0.339735746383667,0.00016562471824113092
963,0.4570784866809845,0.4255985915660858,0.31479907035827637,0.0001655400170911794
964,0.46977031230926514,0.4379045069217682,0.3186580240726471,0.00016545523343434356
965,0.5120737552642822,0.47679585218429565,0.35277876257896423,0.00016537036737735564
966,0.4816656708717346,0.447987824678421,0.33677852153778076,0.00016528541902705162
967,0.4742429256439209,0.4413336217403412,0.32909297943115234,0.00016520038849037117
968,0.5142513513565063,0.47756874561309814,0.3668261468410492,0.00016511527587435737
969,0.48099538683891296,0.447700560092926,0.3329481780529022,0.00016503008128615655
970,0.48053282499313354,0.4477236270904541,0.32809188961982727,0.00016494480483301836
971,0.48965075612068176,0.4560061991214752,0.33644556999206543,0.00016485944662229546
972,0.4997078776359558,0.4647894501686096,0.3491842746734619,0.00016477400676144334
973,0.4441569149494171,0.4136151373386383,0.3054177463054657,0.00016468848535802045
974,0.46543535590171814,0.43357565999031067,0.31859689950942993,0.00016460288251968775
975,0.47561001777648926,0.4425770938396454,0.33032920956611633,0.00016451719835420877
976,0.4952726364135742,0.46120715141296387,0.34065499901771545,0.00016443143296944945
977,0.4823193848133087,0.44894132018089294,0.33378058671951294,0.0001643455864733779
978,0.49367403984069824,0.4595387876033783,0.3413524329662323,0.0001642596589740644
979,0.4828651249408722,0.44897428154945374,0.33890846371650696,0.00016417365057968123
980,0.48823925852775574,0.45483776926994324,0.33401477336883545,0.0001640875613985024
981,0.4803537428379059,0.44719427824020386,0.3315945267677307,0.00016400139153890375
982,0.4993881285190582,0.4651568830013275,0.34231239557266235,0.00016391514110936255
983,0.461437463760376,0.4297278821468353,0.3170957863330841,0.00016382881021845762
984,0.463573157787323,0.4314122796058655,0.32160863280296326,0.000163742398974869
985,0.4782823920249939,0.44527268409729004,0.3300970792770386,0.00016365590748737788
986,0.4660876393318176,0.4341202974319458,0.31967344880104065,0.00016356933586486648
987,0.4828045964241028,0.44992363452911377,0.3288094699382782,0.00016348268421631797
988,0.4795773923397064,0.44644424319267273,0.33133137226104736,0.0001633959526508162
989,0.4783279299736023,0.4450957775115967,0.3323216438293457,0.00016330914127754553
990,0.49440908432006836,0.4602935314178467,0.34115567803382874,0.00016322225020579099
991,0.4801233410835266,0.4470323920249939,0.3309096395969391,0.00016313527954493778
992,0.4801782965660095,0.44701528549194336,0.33163008093833923,0.00016304822940447139
993,0.5048001408576965,0.4693690240383148,0.35431116819381714,0.0001629610998939773
994,0.4676922857761383,0.4359666109085083,0.3172568082809448,0.00016287389112314092
995,0.48620718717575073,0.45277002453804016,0.33437153697013855,0.00016278660320174747
996,0.505987823009491,0.4710649847984314,0.3492286503314972,0.0001626992362396818
997,0.4618050754070282,0.4303361475467682,0.31468915939331055,0.00016261179034692826
998,0.4971461296081543,0.4630381166934967,0.3410800099372864,0.00016252426563357052
999,0.45051586627960205,0.41922253370285034,0.3129332661628723,0.00016243666220979157
1000,0.490122526884079,0.4564811587333679,0.33641359210014343,0.00016234898018587337
1001,0.45596843957901,0.42464226484298706,0.3132617175579071,0.0001622612196721969
1002,0.49572423100471497,0.46136149764060974,0.34362730383872986,0.000162173380779242
1003,0.4674259126186371,0.43597379326820374,0.3145211637020111,0.00016208546361758707
1004,0.49615076184272766,0.4616347551345825,0.3451600670814514,0.00016199746829790906
1005,0.458744615316391,0.42688918113708496,0.3185542821884155,0.00016190939493098344
1006,0.46376556158065796,0.43207600712776184,0.3168954849243164,0.00016182124362768368
1007,0.47259384393692017,0.4399840235710144,0.32609817385673523,0.00016173301449898166
1008,0.4491264820098877,0.41766470670700073,0.3146178126335144,0.00016164470765594698
1009,0.4943160116672516,0.459871381521225,0.34444621205329895,0.00016155632320974728
1010,0.4538048505783081,0.4225931763648987,0.31211674213409424,0.00016146786127164771
1011,0.49124574661254883,0.45746102929115295,0.3378472328186035,0.00016137932195301114
1012,0.4808344841003418,0.4468352794647217,0.3399921953678131,0.00016129070536529766
1013,0.4824087917804718,0.4493965804576874,0.3301219940185547,0.00016120201162006482
1014,0.4858890473842621,0.4525257647037506,0.3336329162120819,0.0001611132408289672
1015,0.4874577522277832,0.45403075218200684,0.33427003026008606,0.00016102439310375637
1016,0.46997955441474915,0.43774479627609253,0.32234764099121094,0.00016093546855628084
1017,0.46393781900405884,0.4307623505592346,0.33175477385520935,0.00016084646729848568
1018,0.4645131528377533,0.4320608377456665,0.3245232403278351,0.00016075738944241268
1019,0.4830198585987091,0.4495236575603485,0.33496201038360596,0.00016066823510019998
1020,0.4925767183303833,0.4591588079929352,0.3341790437698364,0.000160579004384082
1021,0.4798961877822876,0.44615375995635986,0.3374241888523102,0.00016048969740638933
1022,0.4838862419128418,0.4505026638507843,0.3338358998298645,0.00016040031427954853
1023,0.46955960988998413,0.4373089373111725,0.3225065767765045,0.00016031085511608213
1024,0.4667644500732422,0.4345284700393677,0.32235977053642273,0.00016022132002860824
1025,0.493429034948349,0.45962774753570557,0.3380128741264343,0.00016013170912984058
1026,0.5133429765701294,0.47840774059295654,0.3493524193763733,0.00016004202253258842
1027,0.4638059139251709,0.4320351183414459,0.3177080452442169,0.00015995226034975617
1028,0.44945183396339417,0.418602854013443,0.3084898889064789,0.00015986242269434354
1029,0.48155534267425537,0.4485807716846466,0.32974573969841003,0.00015977250967944508
1030,0.4928637742996216,0.45824724435806274,0.3461652100086212,0.00015968252141825037
1031,0.4782657325267792,0.4456012547016144,0.32664474844932556,0.00015959245802404365
1032,0.5012780427932739,0.4660336673259735,0.352443665266037,0.00015950231961020373
1033,0.47384336590766907,0.44092270731925964,0.3292067050933838,0.00015941210629020388
1034,0.4583563804626465,0.426592618227005,0.3176375925540924,0.00015932181817761163
1035,0.516130268573761,0.4804237484931946,0.3570651113986969,0.00015923145538608875
1036,0.431875079870224,0.40209946036338806,0.29775625467300415,0.0001591410180293909
1037,0.46535438299179077,0.43323588371276855,0.32118505239486694,0.00015905050622136777
1038,0.5086542367935181,0.47334885597229004,0.3530535399913788,0.0001589599200759626
1039,0.487042635679245,0.4533758759498596,0.3366675078868866,0.00015886925970721235
1040,0.46924203634262085,0.43701133131980896,0.32230719923973083,0.00015877852522924732
1041,0.4679897427558899,0.4354872405529022,0.3250249922275543,0.00015868771675629114
1042,0.4686044752597809,0.43655669689178467,0.3204776644706726,0.00015859683440266068
1043,0.47859060764312744,0.4455808401107788,0.33009767532348633,0.00015850587828276564
1044,0.5004401803016663,0.46563127636909485,0.34808921813964844,0.0001584148485111087
1045,0.4829237461090088,0.4493987262248993,0.3352503478527069,0.00015832374520228525
1046,0.47993388772010803,0.44721418619155884,0.32719698548316956,0.00015823256847098324
1047,0.49916282296180725,0.4648517072200775,0.34311121702194214,0.00015814131843198308
1048,0.44264504313468933,0.4120977222919464,0.305473268032074,0.00015804999520015734
1049,0.4660460650920868,0.43442627787590027,0.3161979615688324,0.00015795859889047091
1050,0.4778096675872803,0.44488880038261414,0.3292086124420166,0.0001578671296179806
1051,0.49709680676460266,0.4627378284931183,0.34358981251716614,0.000157775587497835
1052,0.4721152186393738,0.43963778018951416,0.32477450370788574,0.00015768397264527448
1053,0.4705970883369446,0.43834125995635986,0.32255831360816956,0.00015759228517563099
1054,0.47837093472480774,0.44550657272338867,0.3286435008049011,0.00015750052520432787
1055,0.4618052840232849,0.4301345646381378,0.3167071044445038,0.0001574086928468797
1056,0.4508622884750366,0.41964149475097656,0.31220802664756775,0.00015731678821889224
1057,0.4701530933380127,0.43737757205963135,0.32775524258613586,0.0001572248114360622
1058,0.4819881319999695,0.4490610659122467,0.3292705714702606,0.00015713276261417706
1059,0.490291029214859,0.4567432403564453,0.3354780077934265,0.00015704064186911518
1060,0.45284029841423035,0.42190611362457275,0.30934178829193115,0.0001569484493168452
1061,0.47602134943008423,0.4435902535915375,0.32431095838546753,0.0001568561850734264
1062,0.45703813433647156,0.42575690150260925,0.3128122389316559,0.00015676384925500814
1063,0.4900911748409271,0.4559110999107361,0.34180083870887756,0.00015667144197783
1064,0.47441366314888,0.44180744886398315,0.32606226205825806,0.00015657896335822147
1065,0.5019024610519409,0.46697235107421875,0.3493013083934784,0.00015648641351260177
1066,0.47307124733924866,0.44070541858673096,0.32365840673446655,0.00015639379255747994
1067,0.46870172023773193,0.43617379665374756,0.32527923583984375,0.0001563011006094544
1068,0.4709904193878174,0.43847498297691345,0.3251543343067169,0.00015620833778521307
1069,0.46939370036125183,0.43684038519859314,0.3255331516265869,0.00015611550420153297
1070,0.5054218769073486,0.4704774022102356,0.34944474697113037,0.00015602259997528028
1071,0.4765962064266205,0.44389358162879944,0.32702624797821045,0.0001559296252234101
1072,0.4597986936569214,0.42826882004737854,0.3152988851070404,0.00015583658006296624
1073,0.4913886785507202,0.4571424126625061,0.3424625098705292,0.0001557434646110813
1074,0.49742844700813293,0.4631781280040741,0.34250324964523315,0.00015565027898497617
1075,0.4787585735321045,0.44556286931037903,0.3319569230079651,0.00015555702330196023
1076,0.49440112709999084,0.46014323830604553,0.3425790071487427,0.00015546369767943102
1077,0.4791637063026428,0.44617965817451477,0.3298405110836029,0.0001553703022348741
1078,0.4839392602443695,0.45068177580833435,0.33257484436035156,0.0001552768370858629
1079,0.4665619730949402,0.43412595987319946,0.324360191822052,0.00015518330235005868
1080,0.4990524649620056,0.46471482515335083,0.34337639808654785,0.00015508969814521025
1081,0.47262391448020935,0.44033926725387573,0.32284656167030334,0.0001549960245891539
1082,0.5004464983940125,0.46559298038482666,0.34853529930114746,0.0001549022817998132
1083,0.5082054138183594,0.4730647802352905,0.3514065146446228,0.00015480846989519885
1084,0.48177769780158997,0.448933869600296,0.3284382224082947,0.0001547145889934086
1085,0.4677084982395172,0.4360913336277008,0.31617170572280884,0.0001546206392126271
1086,0.49663135409355164,0.46258655190467834,0.34044790267944336,0.0001545266206711256
1087,0.49343180656433105,0.45880571007728577,0.3462609350681305,0.00015443253348726202
1088,0.4846682846546173,0.4511745870113373,0.33493688702583313,0.0001543383777794806
1089,0.48572471737861633,0.45226672291755676,0.33458006381988525,0.00015424415366631188
1090,0.4749916195869446,0.4428160488605499,0.3217555582523346,0.00015414986126637258
1091,0.4410141706466675,0.4107074737548828,0.30306702852249146,0.00015405550069836528
1092,0.4629298150539398,0.43070563673973083,0.32224178314208984,0.00015396107208107845
1093,0.4585101902484894,0.42697715759277344,0.3153302073478699,0.0001538665755333862
1094,0.46149519085884094,0.42977234721183777,0.3172285556793213,0.00015377201117424812
1095,0.49910175800323486,0.46484702825546265,0.34254735708236694,0.0001536773791227092
1096,0.4755156338214874,0.4421723484992981,0.3334329426288605,0.00015358267949789966
1097,0.45065760612487793,0.41969066858291626,0.3096693754196167,0.0001534879124190348
1098,0.48446789383888245,0.45089003443717957,0.33577871322631836,0.00015339307800541475
1099,0.45901912450790405,0.4270024299621582,0.32016685605049133,0.00015329817637642454
1100,0.4950863718986511,0.4611968696117401,0.33889493346214294,0.00015320320765153367
1101,0.48547646403312683,0.4524253308773041,0.3305113911628723,0.0001531081719502962
1102,0.4722050726413727,0.4401249289512634,0.32080143690109253,0.00015301306939235053
1103,0.49392813444137573,0.45941901206970215,0.3450911343097687,0.00015291790009741907
1104,0.48709532618522644,0.45348793268203735,0.3360738158226013,0.00015282266418530847
1105,0.46387165784835815,0.43182697892189026,0.3204467296600342,0.000152727361775909
1106,0.49636951088905334,0.46188339591026306,0.34486111998558044,0.00015263199298919488
1107,0.4840303659439087,0.4506027400493622,0.3342762589454651,0.00015253655794522368
1108,0.4793585240840912,0.44634705781936646,0.3301146924495697,0.0001524410567641366
1109,0.48728853464126587,0.4537430703639984,0.3354545533657074,0.00015234548956615784
1110,0.4817727208137512,0.44852301478385925,0.33249711990356445,0.0001522498564715949
1111,0.454658180475235,0.42316746711730957,0.3149072229862213,0.0001521541576008382
1112,0.4805053174495697,0.4469839334487915,0.33521392941474915,0.00015205839307436088
1113,0.4856817424297333,0.4528927505016327,0.32788988947868347,0.00015196256301271884
1114,0.49043431878089905,0.45668500661849976,0.3374931514263153,0.0001518666675365504
1115,0.4814761281013489,0.4479203522205353,0.3355577290058136,0.00015177070676657633
1116,0.4925798177719116,0.45823442935943604,0.34345388412475586,0.00015167468082359945
1117,0.46810343861579895,0.43586885929107666,0.3223457336425781,0.00015157858982850475
1118,0.4888455867767334,0.45533236861228943,0.33513233065605164,0.00015148243390225908
1119,0.44789960980415344,0.4169105589389801,0.30989062786102295,0.00015138621316591094
1120,0.47724685072898865,0.4445863664150238,0.3266047239303589,0.00015128992774059063
1121,0.47571834921836853,0.44253912568092346,0.33179211616516113,0.00015119357774750965
1122,0.4711586534976959,0.43893128633499146,0.32227379083633423,0.0001510971633079609
1123,0.4561634361743927,0.42466726899147034,0.31496167182922363,0.00015100068454331836
1124,0.4868049919605255,0.4532036781311035,0.3360132575035095,0.00015090414157503714
1125,0.5074987411499023,0.47247281670570374,0.3502589762210846,0.00015080753452465296
1126,0.4829764664173126,0.44999831914901733,0.32978156208992004,0.00015071086351378231
1127,0.45705288648605347,0.4258109927177429,0.3124188780784607,0.00015061412866412225
1128,0.4440138339996338,0.41387248039245605,0.3014134466648102,0.00015051733009745013
1129,0.49203023314476013,0.4585554897785187,0.3347475230693817,0.00015042046793562348
1130,0.47917234897613525,0.4462353587150574,0.32937005162239075,0.00015032354230058004
1131,0.46704837679862976,0.43487319350242615,0.3217518627643585,0.00015022655331433727
1132,0.4793839454650879,0.44605752825737,0.3332640528678894,0.0001501295010989925
1133,0.4842498004436493,0.4503287374973297,0.3392105996608734,0.00015003238577672266
1134,0.48712360858917236,0.45290684700012207,0.34216755628585815,0.00014993520746978405
1135,0.4575681984424591,0.42595383524894714,0.31614357233047485,0.0001498379663005123
1136,0.4712766408920288,0.43878719210624695,0.32489460706710815,0.0001497406623913222
1137,0.4895278811454773,0.4557320475578308,0.3379582166671753,0.00014964329586470752
1138,0.4732643961906433,0.44052058458328247,0.32743796706199646,0.00014954586684324078
1139,0.49759894609451294,0.46378836035728455,0.3381057679653168,0.00014944837544957323
1140,0.48737555742263794,0.45424601435661316,0.33129528164863586,0.0001493508218064347
1141,0.4314415156841278,0.40208134055137634,0.29360172152519226,0.00014925320603663327
1142,0.5009331703186035,0.46681293845176697,0.3412023186683655,0.00014915552826305533
1143,0.4881596863269806,0.45440611243247986,0.3375356197357178,0.0001490577886086652
1144,0.4993605613708496,0.46519735455513,0.3416321873664856,0.00014895998719650526
1145,0.49517953395843506,0.46075624227523804,0.34423285722732544,0.00014886212414969553
1146,0.47741246223449707,0.44475552439689636,0.32656946778297424,0.0001487641995914336
1147,0.5272520780563354,0.49090316891670227,0.36348897218704224,0.0001486662136449946
1148,0.4756217896938324,0.44241178035736084,0.3321000933647156,0.00014856816643373083
1149,0.516651451587677,0.4813328683376312,0.35318583250045776,0.00014847005808107185
1150,0.4714542329311371,0.43897175788879395,0.32482463121414185,0.000148371888710524
1151,0.4915595054626465,0.45768651366233826,0.3387299180030823,0.0001482736584456706
1152,0.5231747031211853,0.4871535897254944,0.3602112829685211,0.00014817536741017152
1153,0.4794267416000366,0.4464239478111267,0.33002790808677673,0.00014807701572776323
1154,0.4698837399482727,0.4377725422382355,0.3211119771003723,0.00014797860352225853
1155,0.5083032846450806,0.47342637181282043,0.34876927733421326,0.00014788013091754628
1156,0.5002864003181458,0.4659058749675751,0.3438054919242859,0.00014778159803759158
1157,0.4866131842136383,0.4536423683166504,0.3297082781791687,0.00014768300500643517
1158,0.4747629761695862,0.4417504370212555,0.3301253020763397,0.00014758435194819376
1159,0.4802600145339966,0.44707706570625305,0.33182936906814575,0.00014748563898705946
1160,0.4795421063899994,0.4465431272983551,0.3299897313117981,0.00014738686624729986
1161,0.5210902094841003,0.48500046133995056,0.3608974814414978,0.00014728803385325782
1162,0.45601415634155273,0.4250345230102539,0.3097962737083435,0.0001471891419293512
1163,0.466654509305954,0.4349868893623352,0.31667622923851013,0.00014709019060007286
1164,0.4827488958835602,0.44905534386634827,0.3369355797767639,0.00014699117998999054
1165,0.4896511137485504,0.4564796984195709,0.3317142724990845,0.00014689211022374645
1166,0.48423993587493896,0.45059525966644287,0.336446613073349,0.00014679298142605734
1167,0.47741273045539856,0.4445749819278717,0.3283775746822357,0.0001466937937217143
1168,0.4554706811904907,0.42352429032325745,0.31946390867233276,0.00014659454723558248
1169,0.4776601791381836,0.44492271542549133,0.32737478613853455,0.00014649524209260116
1170,0.486044317483902,0.452056348323822,0.33987972140312195,0.00014639587841778343
1171,0.4322713017463684,0.4030403196811676,0.2923099398612976,0.0001462964563362159
1172,0.4689636826515198,0.43681371212005615,0.32149985432624817,0.00014619697597305898
1173,0.5129031538963318,0.47707703709602356,0.3582613468170166,0.00014609743745354624
1174,0.4705032706260681,0.43799030780792236,0.32512959837913513,0.0001459978409029845
1175,0.4504026472568512,0.4198514223098755,0.30551213026046753,0.00014589818644675378
1176,0.47776368260383606,0.44512349367141724,0.32640185952186584,0.00014579847421030678
1177,0.4723486006259918,0.4404294192790985,0.3191918432712555,0.00014569870431916903
1178,0.48704686760902405,0.45382386445999146,0.3322299122810364,0.0001455988768989387
1179,0.516689121723175,0.4808605909347534,0.3582853376865387,0.00014549899207528632
1180,0.4486083388328552,0.41798174381256104,0.30626600980758667,0.00014539904997395468
1181,0.47426414489746094,0.4412371814250946,0.33026960492134094,0.00014529905072075872
1182,0.4980262815952301,0.4641049802303314,0.33921298384666443,0.00014519899444158526
1183,0.4992062449455261,0.4649546146392822,0.34251636266708374,0.00014509888126239297
1184,0.46741005778312683,0.43481793999671936,0.32592111825942993,0.00014499871130921213
1185,0.4883798062801361,0.45488232374191284,0.3349747061729431,0.00014489848470814447
1186,0.46472010016441345,0.4330381453037262,0.3168196380138397,0.00014479820158536306
1187,0.4641572833061218,0.43195974826812744,0.3219752907752991,0.00014469786206711214
1188,0.4674677848815918,0.4348268508911133,0.3264092206954956,0.00014459746627970685
1189,0.4811801016330719,0.4482232332229614,0.32956862449645996,0.0001444970143495333
1190,0.46933913230895996,0.4370516538619995,0.3228748142719269,0.00014439650640304822
1191,0.4646328091621399,0.4325466752052307,0.3208613097667694,0.00014429594256677882
1192,0.44381606578826904,0.41339102387428284,0.3042503297328949,0.0001441953229673227
1193,0.4836970567703247,0.45023274421691895,0.33464303612709045,0.00014409464773134764
1194,0.4970030188560486,0.4630284905433655,0.3397451639175415,0.00014399391698559152
1195,0.4741186499595642,0.4405311048030853,0.3358754515647888,0.00014389313085686205
1196,0.4984424114227295,0.46355560421943665,0.34886813163757324,0.00014379228947203665
1197,0.49110570549964905,0.45743444561958313,0.33671247959136963,0.0001436913929580623
1198,0.45549488067626953,0.4244496524333954,0.31045225262641907,0.00014359044144195547
1199,0.46741726994514465,0.4351000189781189,0.3231724202632904,0.00014348943505080173
1200,0.4775637686252594,0.44452470541000366,0.3303906321525574,0.00014338837391175582
1201,0.5213283896446228,0.48537349700927734,0.35954907536506653,0.00014328725815204144
1202,0.5027124881744385,0.46777477860450745,0.3493770956993103,0.00014318608789895088
1203,0.4697413146495819,0.4375685453414917,0.3217277526855469,0.00014308486327984523
1204,0.4747067391872406,0.4418061077594757,0.3290064334869385,0.00014298358442215388
1205,0.460466206073761,0.4291214346885681,0.3134477138519287,0.00014288225145337466
1206,0.4867939352989197,0.4533749520778656,0.33418968319892883,0.0001427808645010733
1207,0.4683399200439453,0.436217725276947,0.3212219774723053,0.00014267942369288364
1208,0.46625441312789917,0.4342150092124939,0.3203941583633423,0.00014257792915650728
1209,0.490155428647995,0.45648905634880066,0.3366638123989105,0.00014247638101971344
1210,0.4939129650592804,0.459538072347641,0.34374886751174927,0.00014237477941033888
1211,0.4582096338272095,0.42658713459968567,0.3162250220775604,0.00014227312445628759
1212,0.4620046019554138,0.42991402745246887,0.32090580463409424,0.00014217141628553078
1213,0.4574624300003052,0.42583706974983215,0.31625354290008545,0.00014206965502610655
1214,0.4685833752155304,0.4362166225910187,0.3236674666404724,0.00014196784080612002
1215,0.49008050560951233,0.45661917328834534,0.3346134126186371,0.0001418659737537428
1216,0.49905917048454285,0.46410179138183594,0.34957367181777954,0.00014176405399721312
1217,0.500843346118927,0.46573156118392944,0.3511178493499756,0.00014166208166483548
1218,0.4827457666397095,0.44963881373405457,0.3310694098472595,0.00014156005688498063
1219,0.4544921815395355,0.4236687421798706,0.30823442339897156,0.00014145797978608527
1220,0.4622199535369873,0.4303357005119324,0.3188425302505493,0.00014135585049665207
1221,0.4296150505542755,0.3999171555042267,0.2969789206981659,0.00014125366914524934
1222,0.48661598563194275,0.45324602723121643,0.33369970321655273,0.00014115143586051088
1223,0.4639936089515686,0.43200409412384033,0.31989526748657227,0.000141049150771136
1224,0.49820664525032043,0.46427252888679504,0.33934125304222107,0.00014094681400588906
1225,0.475573867559433,0.44327422976493835,0.32299643754959106,0.00014084442569359964
1226,0.4721207618713379,0.4399026334285736,0.32218122482299805,0.00014074198596316205
1227,0.48877081274986267,0.45491206645965576,0.3385874032974243,0.0001406394949435355
1228,0.4773559272289276,0.44449689984321594,0.32859018445014954,0.0001405369527637436
1229,0.5084589123725891,0.47356393933296204,0.34894996881484985,0.00014043435955287452
1230,0.47651174664497375,0.44340094923973083,0.3311080038547516,0.00014033171544008052
1231,0.4742180407047272,0.44189146161079407,0.32326579093933105,0.00014022902055457802
1232,0.4958157241344452,0.4614992141723633,0.34316501021385193,0.00014012627502564743
1233,0.46825745701789856,0.436055451631546,0.3220199644565582,0.00014002347898263274
1234,0.4555608332157135,0.42474231123924255,0.3081851601600647,0.0001399206325549417
1235,0.4844050109386444,0.4505924880504608,0.33812522888183594,0.00013981773587204535
1236,0.49879342317581177,0.46418485045433044,0.34608587622642517,0.00013971478906347806
1237,0.47200846672058105,0.43932557106018066,0.3268289566040039,0.00013961179225883735
1238,0.46912264823913574,0.43701860308647156,0.3210403025150299,0.00013950874558778362
1239,0.4672778844833374,0.4346971809864044,0.3258070945739746,0.00013940564918004004
1240,0.46717533469200134,0.43502891063690186,0.32146432995796204,0.00013930250316539238
1241,0.48403963446617126,0.45054978132247925,0.3348986506462097,0.00013919930767368891
1242,0.46119850873947144,0.42897313833236694,0.3222537636756897,0.00013909606283484018
1243,0.45964136719703674,0.42834532260894775,0.3129603862762451,0.00013899276877881884
1244,0.4955359697341919,0.46134671568870544,0.34189262986183167,0.0001388894256356595
1245,0.46890756487846375,0.43686357140541077,0.3204399049282074,0.00013878603353545854
1246,0.4568363130092621,0.4254409670829773,0.31395334005355835,0.00013868259260837402
1247,0.5391861796379089,0.5020215511322021,0.37164637446403503,0.00013857910298462544
1248,0.4859946370124817,0.4522729814052582,0.33721667528152466,0.0001384755647944936
1249,0.4855959117412567,0.4523595869541168,0.3323631286621094,0.0001383719781683205
1250,0.4436725676059723,0.413027822971344,0.3064473867416382,0.000138268343236509
1251,0.4998583197593689,0.4658638834953308,0.33994439244270325,0.00013816466012952285
1252,0.4375349283218384,0.40781113505363464,0.29723793268203735,0.00013806092897788644
1253,0.46345841884613037,0.43139374256134033,0.32064682245254517,0.00013795714991218463
1254,0.4849826693534851,0.45150628685951233,0.3347637355327606,0.00013785332306306259
1255,0.45938819646835327,0.4280138611793518,0.31374332308769226,0.00013774944856122568
1256,0.4534289240837097,0.42224398255348206,0.3118492662906647,0.0001376455265374392
1257,0.5031680464744568,0.468702495098114,0.3446555733680725,0.00013754155712252832
1258,0.494802862405777,0.4606914520263672,0.3411141633987427,0.00013743754044737781
1259,0.47500813007354736,0.4421699047088623,0.3283824026584625,0.000137333476642932
1260,0.4958712160587311,0.461814820766449,0.3405640423297882,0.00013722936584019453
1261,0.4396272897720337,0.4094370901584625,0.30190184712409973,0.00013712520817022817
1262,0.4514564275741577,0.4202750027179718,0.31181418895721436,0.00013702100376415473
1263,0.4894692003726959,0.45591315627098083,0.33556050062179565,0.00013691675275315484
1264,0.46881788969039917,0.436294287443161,0.3252360224723816,0.00013681245526846783
1265,0.46076974272727966,0.428533673286438,0.3223605751991272,0.00013670811144139144
1266,0.5117611885070801,0.47615131735801697,0.3560987412929535,0.00013660372140328187
1267,0.4751134514808655,0.442525714635849,0.32587745785713196,0.00013649928528555342
1268,0.4711611270904541,0.4388587474822998,0.32302382588386536,0.00013639480321967845
1269,0.5178192257881165,0.48217353224754333,0.35645678639411926,0.0001362902753371871
1270,0.478407621383667,0.44515588879585266,0.3325173556804657,0.00013618570176966724
1271,0.4764973521232605,0.4432162642478943,0.33281102776527405,0.0001360810826487642
1272,0.4598022401332855,0.42791077494621277,0.31891465187072754,0.00013597641810618073
1273,0.4747956693172455,0.44235852360725403,0.324371337890625,0.00013587170827367663
1274,0.46881434321403503,0.4367407262325287,0.3207361102104187,0.00013576695328306894
1275,0.4835895597934723,0.45029035210609436,0.3329920470714569,0.0001356621532662313
1276,0.4841412901878357,0.450792133808136,0.33349156379699707,0.0001355573083550942
1277,0.4640589952468872,0.43229472637176514,0.3176426291465759,0.00013545241868164457
1278,0.4250383973121643,0.3953905701637268,0.2964783012866974,0.00013534748437792573
1279,0.47363895177841187,0.4411851465702057,0.324537992477417,0.00013524250557603713
1280,0.46640172600746155,0.4339984357357025,0.32403284311294556,0.0001351374824081343
1281,0.46476617455482483,0.4322170317173004,0.32549136877059937,0.00013503241500642855
1282,0.49178361892700195,0.4577654004096985,0.34018221497535706,0.00013492730350318696
1283,0.4512580335140228,0.4206768870353699,0.3058115839958191,0.00013482214803073209
1284,0.4605761766433716,0.4287710189819336,0.31805142760276794,0.00013471694872144188
1285,0.511153519153595,0.47579169273376465,0.35361820459365845,0.0001346117057077493
1286,0.4706018269062042,0.4384070932865143,0.32194721698760986,0.00013450641912214262
1287,0.4750032126903534,0.4425865113735199,0.32416704297065735,0.00013440108909716468
1288,0.49508345127105713,0.46093884110450745,0.3414461612701416,0.00013429571576541315
1289,0.48973581194877625,0.4559169411659241,0.3381888270378113,0.00013419029925954029
1290,0.49700137972831726,0.46252498030662537,0.34476399421691895,0.0001340848397122525
1291,0.4929111897945404,0.4592777192592621,0.3363346457481384,0.00013397933725631055
1292,0.4699264466762543,0.43749478459358215,0.3243165612220764,0.00013387379202452917
1293,0.4725458323955536,0.4394233822822571,0.33122438192367554,0.00013376820414977685
1294,0.4754435420036316,0.4428676962852478,0.3257584869861603,0.0001336625737649759
1295,0.46184253692626953,0.430261492729187,0.3158104121685028,0.00013355690100310213
1296,0.4834533929824829,0.4498372972011566,0.336160808801651,0.00013345118599718457
1297,0.5007683634757996,0.4659211039543152,0.3484727740287781,0.00013334542888030553
1298,0.4765801429748535,0.44423991441726685,0.3234022855758667,0.00013323962978560033
1299,0.4588293135166168,0.4273930788040161,0.31436237692832947,0.0001331337888462571
1300,0.48102349042892456,0.44806787371635437,0.3295562267303467,0.00013302790619551674
1301,0.48186007142066956,0.4485703408718109,0.332897424697876,0.00013292198196667248
1302,0.47894126176834106,0.44575735926628113,0.33183902502059937,0.00013281601629307007
1303,0.4636702537536621,0.4316132664680481,0.32056987285614014,0.00013271000930810737
1304,0.4759001135826111,0.442874014377594,0.33026084303855896,0.0001326039611452342
1305,0.45138365030288696,0.42016029357910156,0.31223371624946594,0.00013249787193795226
1306,0.47400975227355957,0.4412948191165924,0.3271494209766388,0.00013239174181981495
1307,0.4772113263607025,0.4441380202770233,0.33073294162750244,0.00013228557092442712
1308,0.47346314787864685,0.4409277141094208,0.32535427808761597,0.00013217935938544497
1309,0.4662354290485382,0.43445515632629395,0.3178026080131531,0.00013207310733657585
1310,0.4605090022087097,0.4286550283432007,0.3185397684574127,0.00013196681491157818
1311,0.4465130567550659,0.4156821668148041,0.30830880999565125,0.00013186048224426107
1312,0.43727561831474304,0.4072282910346985,0.3004732131958008,0.00013175410946848445
1313,0.4732445478439331,0.44057416915893555,0.32670390605926514,0.00013164769671815862
1314,0.4729086756706238,0.4404444694519043,0.32464197278022766,0.0001315412441272443
1315,0.4888322353363037,0.45523500442504883,0.3359723389148712,0.00013143475182975222
1316,0.47425493597984314,0.44138723611831665,0.32867690920829773,0.00013132821995974326
1317,0.46968701481819153,0.4375729560852051,0.32114067673683167,0.00013122164865132807
1318,0.4777126610279083,0.44466906785964966,0.33043596148490906,0.00013111503803866684
1319,0.4846891164779663,0.45173272490501404,0.32956385612487793,0.0001310083882559694
1320,0.45967817306518555,0.42845845222473145,0.31219714879989624,0.00013090169943749476
1321,0.48858022689819336,0.45499861240386963,0.3358161747455597,0.00013079497171755112
1322,0.470546692609787,0.4379136562347412,0.3263304829597473,0.00013068820523049572
1323,0.5104870200157166,0.47534558176994324,0.35141459107398987,0.00013058140011073448
1324,0.49223899841308594,0.45809704065322876,0.3414194881916046,0.00013047455649272207
1325,0.48976194858551025,0.4561282694339752,0.3363366425037384,0.00013036767451096148
1326,0.46129894256591797,0.4293190836906433,0.3197985887527466,0.00013026075430000417
1327,0.46504902839660645,0.4322989284992218,0.3275010585784912,0.00013015379599444957
1328,0.47563636302948,0.44357994198799133,0.32056427001953125,0.0001300467997289452
1329,0.48233896493911743,0.4493010342121124,0.33037927746772766,0.00012993976563818626
1330,0.48486092686653137,0.45096534490585327,0.3389558792114258,0.0001298326938569156
1331,0.47306907176971436,0.44042524695396423,0.3264383375644684,0.00012972558451992362
1332,0.476144015789032,0.4430822730064392,0.3306175768375397,0.00012961843776204777
1333,0.4793505072593689,0.4463662803173065,0.3298422396183014,0.00012951125371817281
1334,0.4788784980773926,0.44586026668548584,0.33018219470977783,0.0001294040325232304
1335,0.48026812076568604,0.447745680809021,0.32522445917129517,0.0001292967743121989
1336,0.47938618063926697,0.4465711712837219,0.32815021276474,0.00012918947922010336
1337,0.46721354126930237,0.43526142835617065,0.31952106952667236,0.00012908214738201513
1338,0.48599955439567566,0.45256856083869934,0.3343099057674408,0.00012897477893305195
1339,0.5074983239173889,0.4726896286010742,0.348086953163147,0.00012886737400837758
1340,0.47315093874931335,0.4403613209724426,0.32789620757102966,0.00012875993274320173
1341,0.44195476174354553,0.4119188189506531,0.3003593981266022,0.00012865245527277986
1342,0.4732212722301483,0.44056305289268494,0.32658231258392334,0.00012854494173241294
1343,0.48857277631759644,0.455157071352005,0.33415696024894714,0.0001284373922574474
1344,0.4776098132133484,0.44524186849594116,0.3236795663833618,0.00012832980698327496
1345,0.47515183687210083,0.4425775110721588,0.3257431983947754,0.00012822218604533232
1346,0.48552000522613525,0.4522330164909363,0.3328697979450226,0.00012811452957910109
1347,0.45442304015159607,0.42337295413017273,0.31050074100494385,0.00012800683772010767
1348,0.46696963906288147,0.434967964887619,0.3200168013572693,0.00012789911060392294
1349,0.5000094771385193,0.4656859040260315,0.3432357907295227,0.00012779134836616218
1350,0.512137770652771,0.4768863618373871,0.3525139391422272,0.00012768355114248494
1351,0.43704673647880554,0.40677309036254883,0.30273643136024475,0.00012757571906859476
1352,0.4771665930747986,0.44449034333229065,0.32676246762275696,0.00012746785228023904
1353,0.4942624866962433,0.4603758454322815,0.33886638283729553,0.00012735995091320892
1354,0.47180452942848206,0.43966853618621826,0.32135993242263794,0.00012725201510333905
1355,0.48920050263404846,0.4558207094669342,0.3337978720664978,0.00012714404498650743
1356,0.48604631423950195,0.45295068621635437,0.3309561312198639,0.0001270360406986353
1357,0.4866465926170349,0.45345354080200195,0.33193057775497437,0.00012692800237568686
1358,0.4808803200721741,0.44777271151542664,0.3310760259628296,0.00012681993015366917
1359,0.46652957797050476,0.43456679582595825,0.31962794065475464,0.000126711824168632
1360,0.48097461462020874,0.4483627378940582,0.3261188268661499,0.00012660368455666752
1361,0.48315921425819397,0.4500297009944916,0.3312951326370239,0.00012649551145391035
1362,0.46828413009643555,0.43594828248023987,0.32335856556892395,0.0001263873049965373
1363,0.47355908155441284,0.44051873683929443,0.33040353655815125,0.000126279065320767
1364,0.46426302194595337,0.4329637885093689,0.31299227476119995,0.00012617079256286
1365,0.4701330065727234,0.43801945447921753,0.32113537192344666,0.00012606248685911853
1366,0.48571643233299255,0.45245981216430664,0.33256617188453674,0.00012595414834588626
1367,0.4471261501312256,0.41659748554229736,0.3052867352962494,0.00012584577715954814
1368,0.45155271887779236,0.4205765724182129,0.30976149439811707,0.00012573737343653024
1369,0.5149163603782654,0.47976088523864746,0.3515549898147583,0.00012562893731329967
1370,0.47987568378448486,0.4469802677631378,0.32895427942276,0.00012552046892636427
1371,0.46338924765586853,0.43178093433380127,0.31608325242996216,0.00012541196841227246
1372,0.4752226769924164,0.44296595454216003,0.322567343711853,0.00012530343590761318
1373,0.48124533891677856,0.4475916624069214,0.336536705493927,0.00012519487154901562
1374,0.45738714933395386,0.4256320893764496,0.31755056977272034,0.0001250862754731491
1375,0.44973352551460266,0.41939055919647217,0.3034297525882721,0.0001249776478167227
1376,0.4664765000343323,0.43346673250198364,0.3300977349281311,0.0001248689887164855
1377,0.44665199518203735,0.41599342226982117,0.3065856695175171,0.000124760298309226
1378,0.4623209238052368,0.43104368448257446,0.3127725422382355,0.00012465157673177216
1379,0.4751212000846863,0.44247880578041077,0.32642388343811035,0.0001245428241209912
1380,0.4742525815963745,0.4417911171913147,0.3246147334575653,0.0001244340406137894
1381,0.4854851961135864,0.4515587091445923,0.33926481008529663,0.00012432522634711192
1382,0.4708513617515564,0.43873289227485657,0.32118478417396545,0.0001242163814579426
1383,0.46598443388938904,0.4342040717601776,0.31780359148979187,0.00012410750608330388
1384,0.4503147602081299,0.41925033926963806,0.3106442987918854,0.0001239986003602566
1385,0.47653067111968994,0.4440622627735138,0.3246840238571167,0.0001238896644258998
1386,0.4617478549480438,0.42987892031669617,0.3186892867088318,0.00012378069841737044
1387,0.44968992471694946,0.4186120629310608,0.31077858805656433,0.00012367170247184355
1388,0.4368271827697754,0.40690872073173523,0.29918476939201355,0.0001235626767265316
1389,0.4697996973991394,0.4373099207878113,0.32489773631095886,0.0001234536213186848
1390,0.4682005047798157,0.4359572231769562,0.3224327862262726,0.00012334453638559057
1391,0.4464673101902008,0.41526803374290466,0.3119928240776062,0.00012323542206457347
1392,0.46219879388809204,0.4307343661785126,0.31464439630508423,0.00012312627849299523
1393,0.49021121859550476,0.4560309052467346,0.34180325269699097,0.00012301710580825423
1394,0.4800345301628113,0.44697773456573486,0.3305680453777313,0.0001229079041477855
1395,0.45119571685791016,0.42008131742477417,0.31114399433135986,0.00012279867364906071
1396,0.4812452793121338,0.4479188024997711,0.3332647681236267,0.00012268941444958765
1397,0.42747604846954346,0.39797502756118774,0.29501014947891235,0.0001225801266869104
1398,0.4495132565498352,0.41812947392463684,0.3138376772403717,0.00012247081049860883
1399,0.47799745202064514,0.4454188346862793,0.32578617334365845,0.00012236146602229874
1400,0.4653328061103821,0.43376895785331726,0.3156384229660034,0.00012225209339563145
1401,0.4618436098098755,0.43037837743759155,0.31465235352516174,0.0001221426927562938
1402,0.48565831780433655,0.45221763849258423,0.33440688252449036,0.00012203326424200778
1403,0.48534852266311646,0.4523184299468994,0.33030077815055847,0.00012192380799053058
1404,0.45782697200775146,0.42630064487457275,0.3152633011341095,0.00012181432413965428
1405,0.4882084131240845,0.45450282096862793,0.3370557725429535,0.00012170481282720563
1406,0.48109129071235657,0.44826504588127136,0.3282625377178192,0.00012159527419104607
1407,0.4910769462585449,0.45741209387779236,0.33664852380752563,0.00012148570836907133
1408,0.4644860327243805,0.43254032731056213,0.319457083940506,0.00012137611549921146
1409,0.48691681027412415,0.4535103738307953,0.3340644836425781,0.00012126649571943047
1410,0.44460830092430115,0.4136381149291992,0.3097018599510193,0.00012115684916772629
1411,0.4463057219982147,0.41489940881729126,0.31406310200691223,0.00012104717598213056
1412,0.5075207352638245,0.47173401713371277,0.3578672707080841,0.00012093747630070844
1413,0.45012611150741577,0.41918066143989563,0.30945441126823425,0.00012082775026155846
1414,0.46905064582824707,0.43697068095207214,0.3207997679710388,0.00012071799800281231
1415,0.45064204931259155,0.41952037811279297,0.3112165629863739,0.00012060821966263465
1416,0.4591127634048462,0.42767763137817383,0.3143514096736908,0.00012049841537922307
1417,0.46785929799079895,0.43576616048812866,0.3209312856197357,0.00012038858529080768
1418,0.4514046609401703,0.42059606313705444,0.30808600783348083,0.00012027872953565125
1419,0.4856470823287964,0.45223158597946167,0.3341549336910248,0.00012016884825204875
1420,0.4797149896621704,0.446943998336792,0.3277100622653961,0.00012005894157832729
1421,0.4836135506629944,0.45058557391166687,0.3302798569202423,0.00011994900965284599
1422,0.4715561866760254,0.43931546807289124,0.32240724563598633,0.00011983905261399566
1423,0.4544169306755066,0.42376047372817993,0.30656445026397705,0.00011972907060019887
1424,0.47217053174972534,0.4400044083595276,0.321661114692688,0.00011961906374990952
1425,0.4921354353427887,0.45824217796325684,0.33893245458602905,0.00011950903220161285
1426,0.46539387106895447,0.43357184529304504,0.3182203769683838,0.00011939897609382511
1427,0.4976682662963867,0.4636778235435486,0.3399044871330261,0.0001192888955650935
1428,0.48616281151771545,0.4525676369667053,0.3359517753124237,0.000119178790753996
1429,0.48908618092536926,0.45537739992141724,0.3370877802371979,0.00011906866179914116
1430,0.4769667088985443,0.44464370608329773,0.323230117559433,0.00011895850883916786
1431,0.45866090059280396,0.4272976517677307,0.3136323392391205,0.00011884833201274523
1432,0.4470142722129822,0.41660043597221375,0.3041384816169739,0.00011873813145857249
1433,0.4861181080341339,0.4522847533226013,0.3383336067199707,0.00011862790731537865
1434,0.4539988338947296,0.4232148826122284,0.3078395426273346,0.00011851765972192244
1435,0.4665275812149048,0.43431520462036133,0.3221239149570465,0.00011840738881699219
1436,0.4596872925758362,0.42795130610466003,0.3173598051071167,0.00011829709473940547
1437,0.4772903025150299,0.44458794593811035,0.32702362537384033,0.00011818677762800909
1438,0.48126620054244995,0.44816580414772034,0.331003874540329,0.00011807643762167884
1439,0.4705653488636017,0.43826523423194885,0.3230012357234955,0.00011796607485931928
1440,0.45984846353530884,0.4281163811683655,0.31732088327407837,0.00011785568947986367
1441,0.5006526708602905,0.46635702252388,0.34295663237571716,0.00011774528162227376
1442,0.48850831389427185,0.45477181673049927,0.33736491203308105,0.00011763485142553959
1443,0.4527297616004944,0.4219290316104889,0.30800727009773254,0.00011752439902867925
1444,0.4935227930545807,0.4596307873725891,0.3389199376106262,0.00011741392457073888
1445,0.48229455947875977,0.44941797852516174,0.3287659287452698,0.00011730342819079227
1446,0.47432130575180054,0.4419165849685669,0.3240472078323364,0.00011719291002794096
1447,0.49783721566200256,0.46409356594085693,0.33743661642074585,0.00011708237022131381
1448,0.4782984256744385,0.44559723138809204,0.3270120620727539,0.00011697180891006689
1449,0.5076816082000732,0.4722309112548828,0.3545069992542267,0.00011686122623338349
1450,0.45740312337875366,0.4261571168899536,0.3124600648880005,0.00011675062233047364
1451,0.4930696189403534,0.4591673016548157,0.33902326226234436,0.0001166399973405742
1452,0.4795246422290802,0.4466966390609741,0.3282800018787384,0.00011652935140294852
1453,0.47838911414146423,0.4457187056541443,0.32670414447784424,0.0001164186846568863
1454,0.47373002767562866,0.4410668909549713,0.32663121819496155,0.00011630799724170353
1455,0.4729570746421814,0.4403446316719055,0.3261243999004364,0.00011619728929674209
1456,0.4783599376678467,0.4454822838306427,0.3287765681743622,0.00011608656096136984
1457,0.5182172656059265,0.4825933873653412,0.35623905062675476,0.0001159758123749802
1458,0.4554261565208435,0.42391231656074524,0.31513845920562744,0.00011586504367699217
1459,0.4869288206100464,0.453542023897171,0.3338678777217865,0.00011575425500685002
1460,0.4684411287307739,0.436202734708786,0.3223838210105896,0.0001156434465040231
1461,0.4589647650718689,0.4278317093849182,0.3113305866718292,0.00011553261830800586
1462,0.49291399121284485,0.4584061801433563,0.3450779914855957,0.00011542177055831745
1463,0.4677385091781616,0.43519169092178345,0.3254683315753937,0.00011531090339450165
1464,0.47587403655052185,0.4430234432220459,0.3285059928894043,0.00011520001695612674
1465,0.4799933135509491,0.4468946158885956,0.330986887216568,0.00011508911138278515
1466,0.4549790322780609,0.4238135814666748,0.3116544187068939,0.00011497818681409351
1467,0.4813392758369446,0.4482409656047821,0.3309832513332367,0.00011486724338969232
1468,0.47261136770248413,0.43979862332344055,0.3281274437904358,0.00011475628124924577
1469,0.47557273507118225,0.44285184144973755,0.3272089660167694,0.00011464530053244169
1470,0.48931339383125305,0.4560290277004242,0.33284372091293335,0.00011453430137899129
1471,0.44239985942840576,0.4119689464569092,0.30430904030799866,0.00011442328392862891
1472,0.4789145290851593,0.44596514105796814,0.329493910074234,0.00011431224832111196
1473,0.46425843238830566,0.43255531787872314,0.3170310854911804,0.00011420119469622077
1474,0.4928569197654724,0.4587549567222595,0.34101954102516174,0.00011409012319375827
1475,0.4652050733566284,0.43325671553611755,0.31948360800743103,0.00011397903395354996
1476,0.47728848457336426,0.4446221888065338,0.3266631066799164,0.0001138679271154436
1477,0.47274133563041687,0.4406207799911499,0.3212054967880249,0.00011375680281930919
1478,0.44099998474121094,0.4106392562389374,0.30360734462738037,0.00011364566120503864
1479,0.46573635935783386,0.43363288044929504,0.32103484869003296,0.0001135345024125456
1480,0.46965867280960083,0.4376685917377472,0.31990084052085876,0.00011342332658176555
1481,0.48340198397636414,0.4504340887069702,0.3296789824962616,0.00011331213385265524
1482,0.4672706723213196,0.434932678937912,0.3233800530433655,0.00011320092436519276
1483,0.5098864436149597,0.4750278890132904,0.34858575463294983,0.00011308969825937725
1484,0.46435752511024475,0.4327290654182434,0.3162846565246582,0.00011297845567522886
1485,0.4613156318664551,0.4295998513698578,0.31715792417526245,0.00011286719675278838
1486,0.474815309047699,0.44232678413391113,0.3248852789402008,0.00011275592163211726
1487,0.49737316370010376,0.4631013572216034,0.3427182137966156,0.00011264463045329728
1488,0.4825991094112396,0.4488338828086853,0.3376523554325104,0.00011253332335643043
1489,0.46725884079933167,0.43492043018341064,0.3233840763568878,0.00011242200048163882
1490,0.46042680740356445,0.4288748800754547,0.31551939249038696,0.0001123106619690643
1491,0.48303255438804626,0.44941025972366333,0.3362230360507965,0.0001121993079588685
1492,0.47638148069381714,0.4432741701602936,0.33107325434684753,0.00011208793859123257
1493,0.49462786316871643,0.46047070622444153,0.3415715992450714,0.00011197655400635689
1494,0.46507230401039124,0.43333208560943604,0.31740227341651917,0.0001118651543444611
1495,0.48535898327827454,0.4522504210472107,0.3310856223106384,0.00011175373974578378
1496,0.4581573009490967,0.4268702566623688,0.3128702938556671,0.00011164231035058228
1497,0.45186150074005127,0.42089375853538513,0.30967745184898376,0.00011153086629913267
1498,0.44281426072120667,0.4125750660896301,0.30239206552505493,0.00011141940773172939
1499,0.46352317929267883,0.4311482906341553,0.32374897599220276,0.00011130793478868515
1500,0.44053080677986145,0.4103860855102539,0.3014472424983978,0.00011119644761033078
1501,0.4512512683868408,0.41999343037605286,0.31257832050323486,0.00011108494633701512
1502,0.4709095060825348,0.4385842978954315,0.3232520818710327,0.00011097343110910452
1503,0.5294208526611328,0.49300819635391235,0.3641267418861389,0.0001108619020669832
1504,0.46316754817962646,0.43161407113075256,0.315534770488739,0.00011075035935105252
1505,0.4645351469516754,0.4323701858520508,0.32164961099624634,0.00011063880310173113
1506,0.4731806218624115,0.4403919577598572,0.327886700630188,0.00011052723345945483
1507,0.4492289423942566,0.41855284571647644,0.3067610263824463,0.00011041565056467614
1508,0.47385135293006897,0.44106101989746094,0.32790330052375793,0.00011030405455786425
1509,0.4658283591270447,0.4342021942138672,0.31626173853874207,0.000110192445579505
1510,0.46207064390182495,0.4304806888103485,0.31589964032173157,0.00011008082377010045
1511,0.44608306884765625,0.4156568944454193,0.30426186323165894,0.00010996918927016886
1512,0.44285348057746887,0.41268762946128845,0.3016585111618042,0.00010985754222024436
1513,0.47838732600212097,0.4450823664665222,0.333049476146698,0.00010974588276087705
1514,0.4466438293457031,0.41586777567863464,0.30776041746139526,0.00010963421103263252
1515,0.4850796163082123,0.4514864385128021,0.3359317183494568,0.00010952252717609188
1516,0.4652094542980194,0.4337744414806366,0.31435006856918335,0.00010941083133185146
1517,0.49585819244384766,0.46140360832214355,0.34454572200775146,0.00010929912364052268
1518,0.45749056339263916,0.4264436364173889,0.31046926975250244,0.00010918740424273191
1519,0.44725075364112854,0.41626259684562683,0.30988162755966187,0.00010907567327912025
1520,0.5072691440582275,0.4727689325809479,0.34500208497047424,0.00010896393089034336
1521,0.5088036060333252,0.4731976389884949,0.35605937242507935,0.00010885217721707124
1522,0.45231717824935913,0.42150625586509705,0.3081093728542328,0.00010874041239998816
1523,0.4855802357196808,0.4524447023868561,0.33135536313056946,0.00010862863657979237
1524,0.4552292823791504,0.42417392134666443,0.31055372953414917,0.00010851684989719594
1525,0.49080532789230347,0.45704036951065063,0.3376494348049164,0.00010840505249292476
1526,0.49141472578048706,0.457502543926239,0.3391217887401581,0.00010829324450771806
1527,0.46899446845054626,0.43695205450057983,0.32042422890663147,0.00010818142608232849
1528,0.4848524034023285,0.4509583115577698,0.33894097805023193,0.00010806959735752174
1529,0.48346248269081116,0.45039016008377075,0.33072322607040405,0.00010795775847407659
1530,0.47138261795043945,0.4389983117580414,0.3238430321216583,0.0001078459095727845
1531,0.46105948090553284,0.4295676350593567,0.3149183988571167,0.00010773405079444963
1532,0.47607672214508057,0.4432966411113739,0.32780078053474426,0.00010762218227988851
1533,0.46299973130226135,0.431069940328598,0.31929779052734375,0.00010751030416992996
1534,0.4651530981063843,0.43283894658088684,0.3231413662433624,0.00010739841660541487
1535,0.46393242478370667,0.4320492744445801,0.3188314139842987,0.00010728651972719603
1536,0.46969011425971985,0.4379531741142273,0.3173694610595703,0.00010717461367613793
1537,0.4895215630531311,0.45602738857269287,0.3349418640136719,0.00010706269859311669
1538,0.4993884861469269,0.46460241079330444,0.3478606939315796,0.00010695077461901968
1539,0.4644588232040405,0.4328629970550537,0.31595832109451294,0.00010683884189474558
1540,0.4820857346057892,0.44793763756752014,0.34148097038269043,0.00010672690056120399
1541,0.496609628200531,0.46228742599487305,0.34322208166122437,0.00010661495075931539
1542,0.48615777492523193,0.4528857469558716,0.33272016048431396,0.00010650299263001097
1543,0.4640020728111267,0.43238621950149536,0.316158652305603,0.0001063910263142323
1544,0.4872214198112488,0.45313113927841187,0.3409029543399811,0.00010627905195293135
1545,0.4721098244190216,0.4396914541721344,0.32418373227119446,0.00010616706968707015
1546,0.49029475450515747,0.45609936118125916,0.34195399284362793,0.00010605507965762074
1547,0.4258244037628174,0.3968314826488495,0.2899293601512909,0.00010594308200556483
1548,0.4749813973903656,0.442513108253479,0.3246828019618988,0.00010583107687189388
1549,0.46939489245414734,0.43670564889907837,0.32689252495765686,0.00010571906439760866
1550,0.4903961420059204,0.4570920765399933,0.3330405354499817,0.00010560704472371919
1551,0.4843105971813202,0.4504711329936981,0.33839476108551025,0.0001054950179912446
1552,0.46854057908058167,0.4365379810333252,0.3200260102748871,0.00010538298434121283
1553,0.47092577815055847,0.4385887384414673,0.32337045669555664,0.00010527094391466061
1554,0.4496959447860718,0.41860172152519226,0.31094229221343994,0.00010515889685263316
1555,0.4603583812713623,0.42934736609458923,0.3101100027561188,0.00010504684329618409
1556,0.47941529750823975,0.4470534026622772,0.3236187994480133,0.00010493478338637512
1557,0.5067947506904602,0.47206878662109375,0.34725964069366455,0.00010482271726427598
1558,0.49457091093063354,0.4601958096027374,0.3437509834766388,0.00010471064507096426
1559,0.46858516335487366,0.43652966618537903,0.3205548822879791,0.00010459856694752521
1560,0.4595271646976471,0.42787811160087585,0.3164904713630676,0.00010448648303505151
1561,0.4721011519432068,0.439572811126709,0.3252834677696228,0.00010437439347464306
1562,0.4789891541004181,0.4462563693523407,0.3273279666900635,0.00010426229840740705
1563,0.47680842876434326,0.4440406262874603,0.3276781141757965,0.00010415019797445738
1564,0.4779618978500366,0.4450364410877228,0.3292545974254608,0.00010403809231691486
1565,0.4698202908039093,0.437090128660202,0.3273015022277832,0.00010392598157590688
1566,0.46465006470680237,0.4329393804073334,0.31710681319236755,0.0001038138658925671
1567,0.47793665528297424,0.4450850188732147,0.32851630449295044,0.00010370174540803556
1568,0.47624143958091736,0.443407267332077,0.3283417522907257,0.00010358962026345824
1569,0.49047014117240906,0.4563112258911133,0.3415892422199249,0.000103477490599987
1570,0.46669095754623413,0.43432357907295227,0.32367390394210815,0.00010336535655877942
1571,0.48558321595191956,0.45267587900161743,0.32907330989837646,0.00010325321828099854
1572,0.44022512435913086,0.4103565216064453,0.29868611693382263,0.00010314107590781284
1573,0.48905879259109497,0.4556763172149658,0.33382469415664673,0.00010302892958039583
1574,0.49366530776023865,0.4598256051540375,0.3383970260620117,0.00010291677943992608
1575,0.48609834909439087,0.452454149723053,0.3364419937133789,0.0001028046256275869
1576,0.49445196986198425,0.4609547257423401,0.3349723815917969,0.00010269246828456629
1577,0.5112079977989197,0.47567829489707947,0.3552968204021454,0.00010258030755205665
1578,0.48974162340164185,0.4564288854598999,0.3331272304058075,0.00010246814357125463
1579,0.4660604000091553,0.43452581763267517,0.31534573435783386,0.00010235597648336104
1580,0.4801473319530487,0.4466628134250641,0.3348451852798462,0.00010224380642958052
1581,0.45570728182792664,0.42464679479599,0.310604989528656,0.00010213163355112148
1582,0.47503137588500977,0.4425358474254608,0.3249553442001343,0.00010201945798919593
1583,0.4854266345500946,0.4522218108177185,0.33204832673072815,0.00010190727988501913
1584,0.4819187819957733,0.4484279751777649,0.334908127784729,0.00010179509937980973
1585,0.4568748474121094,0.4253581464290619,0.3151671588420868,0.00010168291661478923
1586,0.4838164150714874,0.4510578513145447,0.3275855481624603,0.00010157073173118208
1587,0.4891122281551361,0.4551039934158325,0.34008222818374634,0.00010145854487021532
1588,0.4912920594215393,0.45772406458854675,0.3356800377368927,0.00010134635617311853
1589,0.4861083924770355,0.45265841484069824,0.33449965715408325,0.00010123416578112365
1590,0.4984945058822632,0.46391355991363525,0.34580934047698975,0.0001011219738354646
1591,0.4576503336429596,0.4261268675327301,0.3152346909046173,0.00010100978047737741
1592,0.45857295393943787,0.4274197816848755,0.3115317225456238,0.00010089758584809979
1593,0.46434274315834045,0.432394415140152,0.3194831907749176,0.00010078539008887114
1594,0.472269207239151,0.4402005970478058,0.3206860423088074,0.00010067319334093219
1595,0.44635719060897827,0.41609472036361694,0.3026246428489685,0.00010056099574552497
1596,0.48773229122161865,0.4545421302318573,0.33190155029296875,0.00010044879744389257
1597,0.4938405752182007,0.4598286747932434,0.34011900424957275,0.00010033659857727893
1598,0.4806095063686371,0.44687744975090027,0.33732062578201294,0.00010022439928692875
1599,0.48079684376716614,0.44778257608413696,0.33014264702796936,0.00010011219971408725
1600,0.45839589834213257,0.4271569550037384,0.3123895525932312,0.0001
1601,0.4713176190853119,0.43894079327583313,0.32376813888549805,9.988780028591278e-05
1602,0.46388110518455505,0.4317159354686737,0.3216515779495239,9.977560071307129e-05
1603,0.47321438789367676,0.44033315777778625,0.32881224155426025,9.96634014227211e-05
1604,0.47070637345314026,0.43775466084480286,0.329517126083374,9.955120255610746e-05
1605,0.48990967869758606,0.45625725388526917,0.33652418851852417,9.943900425447505e-05
1606,0.4487636387348175,0.41789689660072327,0.30866739153862,9.932680665906783e-05
1607,0.47680041193962097,0.4430392384529114,0.3376117944717407,9.921460991112891e-05
1608,0.4557371437549591,0.42449405789375305,0.31243079900741577,9.910241415190021e-05
1609,0.4959760010242462,0.4619169235229492,0.34059077501296997,9.89902195226226e-05
1610,0.4826807975769043,0.44949471950531006,0.33186063170433044,9.887802616453542e-05
1611,0.47743332386016846,0.44452592730522156,0.32907405495643616,9.87658342188764e-05
1612,0.4983861744403839,0.4645701050758362,0.3381606638431549,9.865364382688145e-05
1613,0.4806576669216156,0.4475516378879547,0.3310602903366089,9.85414551297847e-05
1614,0.47977930307388306,0.4463936686515808,0.3338563144207001,9.842926826881796e-05
1615,0.4870920181274414,0.45324018597602844,0.338518351316452,9.831708338521078e-05
1616,0.477939248085022,0.445423424243927,0.32515817880630493,9.820490062019029e-05
1617,0.49065670371055603,0.45700836181640625,0.336483359336853,9.809272011498085e-05
1618,0.4708377718925476,0.4382387101650238,0.3259906470775604,9.798054201080411e-05
1619,0.5193098783493042,0.4838511049747467,0.354587584733963,9.786836644887856e-05
1620,0.5054184794425964,0.47031140327453613,0.3510705232620239,9.775619357041952e-05
1621,0.47786593437194824,0.4449237883090973,0.32942134141921997,9.764402351663901e-05
1622,0.49660661816596985,0.46213439106941223,0.3447222411632538,9.753185642874537e-05
1623,0.4796903729438782,0.44633767008781433,0.333527147769928,9.741969244794338e-05
1624,0.5042089819908142,0.4697834253311157,0.3442555069923401,9.730753171543374e-05
1625,0.4928297996520996,0.4588632881641388,0.3396652340888977,9.719537437241312e-05
1626,0.4856838583946228,0.4525291323661804,0.33154723048210144,9.708322056007397e-05
1627,0.512110710144043,0.47708484530448914,0.35025879740715027,9.697107041960417e-05
1628,0.44412165880203247,0.4137759804725647,0.3034566640853882,9.685892409218717e-05
1629,0.46909013390541077,0.4371175467967987,0.3197258412837982,9.674678171900147e-05
1630,0.451217383146286,0.4205246865749359,0.3069270849227905,9.663464344122064e-05
1631,0.46442335844039917,0.43248969316482544,0.31933656334877014,9.652250940001302e-05
1632,0.4684300422668457,0.43608230352401733,0.32347729802131653,9.641037973654178e-05
1633,0.47931045293807983,0.4460798501968384,0.3323058784008026,9.629825459196446e-05
1634,0.4716062545776367,0.43944647908210754,0.3215976655483246,9.618613410743291e-05
1635,0.48066824674606323,0.4477763772010803,0.3289186358451843,9.607401842409317e-05
1636,0.4834119975566864,0.45013272762298584,0.3327927589416504,9.596190768308515e-05
1637,0.4807562828063965,0.44683748483657837,0.3391880393028259,9.584980202554266e-05
1638,0.52101731300354,0.48493167757987976,0.3608562648296356,9.573770159259299e-05
1639,0.4718514382839203,0.43932947516441345,0.32521960139274597,9.562560652535695e-05
1640,0.5023207068443298,0.4679182469844818,0.3440247178077698,9.551351696494854e-05
1641,0.4822238087654114,0.4493432939052582,0.3288050889968872,9.540143305247478e-05
1642,0.49406588077545166,0.46019864082336426,0.33867231011390686,9.528935492903575e-05
1643,0.48777708411216736,0.45409291982650757,0.3368417024612427,9.517728273572403e-05
1644,0.48218104243278503,0.4489220678806305,0.33258962631225586,9.506521661362493e-05
1645,0.4916512072086334,0.4582674503326416,0.333837628364563,9.495315670381591e-05
1646,0.4792686998844147,0.44650357961654663,0.3276512324810028,9.484110314736682e-05
1647,0.4795362055301666,0.4468114376068115,0.3272477984428406,9.472905608533941e-05
1648,0.4726724922657013,0.4406362771987915,0.32036203145980835,9.461701565878719e-05
1649,0.46858492493629456,0.43650513887405396,0.3207978308200836,9.450498200875546e-05
1650,0.4890765845775604,0.4554594159126282,0.33617162704467773,9.439295527628081e-05
1651,0.4920414984226227,0.4588562548160553,0.33185237646102905,9.428093560239135e-05
1652,0.47447240352630615,0.4417825937271118,0.32689806818962097,9.416892312810614e-05
1653,0.4640062749385834,0.4321153163909912,0.31890958547592163,9.40569179944352e-05
1654,0.4559120237827301,0.42514142394065857,0.3077060878276825,9.394492034237931e-05
1655,0.4743625521659851,0.44182252883911133,0.32540011405944824,9.383293031292985e-05
1656,0.4762684404850006,0.4430698752403259,0.33198562264442444,9.372094804706867e-05
1657,0.45482543110847473,0.42377200722694397,0.31053414940834045,9.360897368576772e-05
1658,0.49261730909347534,0.4587261378765106,0.33891168236732483,9.349700736998908e-05
1659,0.4547673165798187,0.42350971698760986,0.312576025724411,9.338504924068462e-05
1660,0.4753938913345337,0.4421589970588684,0.33234903216362,9.327309943879604e-05
1661,0.4660865068435669,0.4340144693851471,0.3207203447818756,9.316115810525446e-05
1662,0.4971521198749542,0.462494820356369,0.3465730547904968,9.304922538098035e-05
1663,0.5005596280097961,0.46576425433158875,0.347953736782074,9.293730140688336e-05
1664,0.47446519136428833,0.4419674873352051,0.32497701048851013,9.282538632386207e-05
1665,0.4412953555583954,0.41102465987205505,0.3027069866657257,9.2713480272804e-05
1666,0.5046241879463196,0.470216304063797,0.344078928232193,9.260158339458514e-05
1667,0.49302273988723755,0.4589313268661499,0.3409140706062317,9.248969583007005e-05
1668,0.48385322093963623,0.45080772042274475,0.33045491576194763,9.237781772011153e-05
1669,0.471055805683136,0.4388626217842102,0.3219318091869354,9.226594920555037e-05
1670,0.495246022939682,0.46165427565574646,0.33591756224632263,9.215409042721552e-05
1671,0.4635489284992218,0.4319691061973572,0.31579816341400146,9.204224152592343e-05
1672,0.4852209687232971,0.4515415132045746,0.33679455518722534,9.193040264247829e-05
1673,0.4740750193595886,0.4420652687549591,0.320097416639328,9.181857391767157e-05
1674,0.46713653206825256,0.4353170692920685,0.31819459795951843,9.170675549228194e-05
1675,0.47231245040893555,0.4392300844192505,0.3308236598968506,9.159494750707526e-05
1676,0.48488935828208923,0.4516388177871704,0.3325054943561554,9.148315010280408e-05
1677,0.49026334285736084,0.45684322714805603,0.33420130610466003,9.137136342020768e-05
1678,0.4851090908050537,0.4519100785255432,0.3319900929927826,9.125958760001189e-05
1679,0.4652019739151001,0.43324342370033264,0.31958553194999695,9.114782278292876e-05
1680,0.4687685966491699,0.4360625147819519,0.3270607590675354,9.103606910965666e-05
1681,0.4761747419834137,0.4437749981880188,0.323997437953949,9.092432672087977e-05
1682,0.4664072096347809,0.4345931112766266,0.3181411027908325,9.08125957572681e-05
1683,0.46357452869415283,0.43144991993904114,0.321245938539505,9.070087635947733e-05
1684,0.47697749733924866,0.44418320059776306,0.32794302701950073,9.058916866814858e-05
1685,0.47916698455810547,0.446368008852005,0.3279898762702942,9.047747282390815e-05
1686,0.48668602108955383,0.4526229500770569,0.34063073992729187,9.036578896736752e-05
1687,0.4676206707954407,0.4358048439025879,0.318158358335495,9.025411723912298e-05
1688,0.4356122612953186,0.4053821861743927,0.30230072140693665,9.014245777975565e-05
1689,0.49967706203460693,0.4648604691028595,0.34816598892211914,9.003081072983117e-05
1690,0.4699137806892395,0.437822163105011,0.320916086435318,8.991917622989956e-05
1691,0.4645068347454071,0.43256303668022156,0.3194379508495331,8.980755442049502e-05
1692,0.46469077467918396,0.4328586757183075,0.3183208703994751,8.969594544213578e-05
1693,0.47889161109924316,0.4457205832004547,0.3317101299762726,8.95843494353239e-05
1694,0.49118560552597046,0.457405149936676,0.33780452609062195,8.947276654054518e-05
1695,0.4773702621459961,0.4445211589336395,0.3284909427165985,8.936119689826888e-05
1696,0.5025700330734253,0.4675358235836029,0.3503422439098358,8.924964064894753e-05
1697,0.5031399726867676,0.4686451554298401,0.3449479937553406,8.913809793301681e-05
1698,0.4805928170681,0.4474957287311554,0.33097079396247864,8.902656889089548e-05
1699,0.47100162506103516,0.4391077160835266,0.3189391791820526,8.891505366298492e-05
1700,0.4538564085960388,0.4227903187274933,0.3106609284877777,8.880355238966923e-05
1701,0.47008198499679565,0.43768301606178284,0.323989599943161,8.869206521131489e-05
1702,0.4787890613079071,0.4458300471305847,0.3295900821685791,8.858059226827062e-05
1703,0.4906628429889679,0.4565836489200592,0.3407919406890869,8.846913370086734e-05
1704,0.4880385398864746,0.4547371566295624,0.33301395177841187,8.835768964941773e-05
1705,0.4830327033996582,0.4504861533641815,0.32546547055244446,8.824626025421626e-05
1706,0.48403245210647583,0.45109713077545166,0.32935333251953125,8.813484565553893e-05
1707,0.47389763593673706,0.4410482943058014,0.32849353551864624,8.802344599364312e-05
1708,0.469569593667984,0.4373137652873993,0.3225581645965576,8.791206140876746e-05
1709,0.46444207429885864,0.4318380653858185,0.3260401487350464,8.780069204113153e-05
1710,0.48324352502822876,0.4504146873950958,0.3282884657382965,8.768933803093573e-05
1711,0.4767206013202667,0.4436705410480499,0.33050069212913513,8.757799951836123e-05
1712,0.4590698778629303,0.42763787508010864,0.3143201470375061,8.746667664356956e-05
1713,0.470005601644516,0.4379318952560425,0.3207371234893799,8.735536954670275e-05
1714,0.50288987159729,0.46854373812675476,0.34346115589141846,8.724407836788276e-05
1715,0.48678213357925415,0.4534021317958832,0.3338000476360321,8.713280324721163e-05
1716,0.4591297507286072,0.42750245332717896,0.3162730038166046,8.702154432477115e-05
1717,0.4615935981273651,0.4296055734157562,0.3198803663253784,8.691030174062273e-05
1718,0.4797399044036865,0.44641217589378357,0.3332774043083191,8.679907563480726e-05
1719,0.4776400625705719,0.4451543390750885,0.32485711574554443,8.668786614734478e-05
1720,0.48190441727638245,0.448934942483902,0.32969462871551514,8.657667341823448e-05
1721,0.47099223732948303,0.43853163719177246,0.32460612058639526,8.64654975874544e-05
1722,0.4598066806793213,0.42868584394454956,0.3112083375453949,8.63543387949614e-05
1723,0.4718089699745178,0.43916016817092896,0.3264879286289215,8.624319718069084e-05
1724,0.4828360974788666,0.45008522272109985,0.3275088369846344,8.613207288455643e-05
1725,0.4829263389110565,0.4495336711406708,0.33392658829689026,8.602096604645009e-05
1726,0.4665980637073517,0.43358278274536133,0.330152690410614,8.590987680624174e-05
1727,0.4812338650226593,0.44796907901763916,0.33264797925949097,8.579880530377926e-05
1728,0.4630761444568634,0.4315689206123352,0.31507226824760437,8.568775167888806e-05
1729,0.46800145506858826,0.436249703168869,0.3175174295902252,8.557671607137114e-05
1730,0.4963114857673645,0.46247434616088867,0.33837127685546875,8.546569862100876e-05
1731,0.4681321382522583,0.435901403427124,0.322307288646698,8.53546994675583e-05
1732,0.4461837112903595,0.4155435562133789,0.3064015805721283,8.524371875075425e-05
1733,0.47147417068481445,0.43902191519737244,0.32452264428138733,8.51327566103077e-05
1734,0.4483898878097534,0.41760632395744324,0.30783554911613464,8.502181318590652e-05
1735,0.49942928552627563,0.46553218364715576,0.3389711081981659,8.491088861721486e-05
1736,0.46033912897109985,0.4289299249649048,0.31409189105033875,8.479998304387329e-05
1737,0.4747304916381836,0.4419766068458557,0.3275388181209564,8.468909660549837e-05
1738,0.47034627199172974,0.4384762942790985,0.31869983673095703,8.457822944168257e-05
1739,0.44916093349456787,0.41806793212890625,0.3109300136566162,8.446738169199418e-05
1740,0.4596131443977356,0.4278586804866791,0.31754451990127563,8.435655349597689e-05
1741,0.49154913425445557,0.45767706632614136,0.33872053027153015,8.424574499315e-05
1742,0.48386263847351074,0.4505711495876312,0.3329150080680847,8.413495632300784e-05
1743,0.47574740648269653,0.4427774250507355,0.32969972491264343,8.402418762501982e-05
1744,0.4885655641555786,0.4543880820274353,0.34177494049072266,8.391343903863018e-05
1745,0.45659443736076355,0.4248542785644531,0.317401647567749,8.380271070325789e-05
1746,0.462086021900177,0.43115851283073425,0.30927523970603943,8.369200275829649e-05
1747,0.4633118510246277,0.4312349557876587,0.3207691013813019,8.358131534311372e-05
1748,0.48695963621139526,0.453390508890152,0.3356911242008209,8.347064859705153e-05
1749,0.48010721802711487,0.44712308049201965,0.32984134554862976,8.336000265942581e-05
1750,0.4568938612937927,0.42566537857055664,0.31228482723236084,8.324937766952638e-05
1751,0.49123191833496094,0.4574454128742218,0.3378651440143585,8.313877376661652e-05
1752,0.4504237771034241,0.4196903109550476,0.3073345720767975,8.302819108993312e-05
1753,0.4700547456741333,0.43742766976356506,0.3262706696987152,8.291762977868625e-05
1754,0.4483117163181305,0.4175399839878082,0.3077172338962555,8.280708997205904e-05
1755,0.4981212615966797,0.46364033222198486,0.34480929374694824,8.269657180920774e-05
1756,0.48304104804992676,0.4498390257358551,0.3320200741291046,8.258607542926114e-05
1757,0.5156973004341125,0.4803686738014221,0.353286474943161,8.247560097132076e-05
1758,0.502797544002533,0.468178391456604,0.34619176387786865,8.236514857446045e-05
1759,0.4833528697490692,0.44974485039711,0.3360801041126251,8.225471837772623e-05
1760,0.4778265953063965,0.4452056586742401,0.32620924711227417,8.214431052013634e-05
1761,0.48603910207748413,0.4525565803050995,0.3348253071308136,8.203392514068074e-05
1762,0.4736029803752899,0.4408597946166992,0.3274318277835846,8.19235623783212e-05
1763,0.4926599860191345,0.4589138627052307,0.3374611437320709,8.181322237199094e-05
1764,0.482006698846817,0.44919514656066895,0.3281155526638031,8.170290526059452e-05
1765,0.4736345708370209,0.4411892592906952,0.32445305585861206,8.159261118300782e-05
1766,0.482371985912323,0.4487786591053009,0.335933119058609,8.14823402780776e-05
1767,0.4684422016143799,0.4362862706184387,0.32155945897102356,8.13720926846214e-05
1768,0.48503929376602173,0.4520907402038574,0.3294854164123535,8.126186854142752e-05
1769,0.4778546094894409,0.44504621624946594,0.3280840218067169,8.115166798725478e-05
1770,0.4541667401790619,0.4235917925834656,0.30574944615364075,8.104149116083216e-05
1771,0.4621921479701996,0.43025529384613037,0.31936854124069214,8.093133820085888e-05
1772,0.42099684476852417,0.392367422580719,0.2862941324710846,8.0821209246004e-05
1773,0.47762444615364075,0.44445332884788513,0.3317112326622009,8.071110443490652e-05
1774,0.4862128496170044,0.4526282548904419,0.3358458876609802,8.060102390617493e-05
1775,0.48437169194221497,0.4512947201728821,0.33076977729797363,8.049096779838719e-05
1776,0.4931219816207886,0.45971909165382385,0.33402886986732483,8.038093625009052e-05
1777,0.47622331976890564,0.44395625591278076,0.32267069816589355,8.027092939980115e-05
1778,0.4485670030117035,0.4178375005722046,0.3072950839996338,8.016094738600435e-05
1779,0.49719494581222534,0.46287772059440613,0.34317222237586975,8.005099034715404e-05
1780,0.5016338229179382,0.46673670411109924,0.34897100925445557,7.994105842167273e-05
1781,0.4521333575248718,0.42149797081947327,0.30635377764701843,7.983115174795128e-05
1782,0.464047372341156,0.43226614594459534,0.3178122043609619,7.972127046434878e-05
1783,0.4801332950592041,0.44739556312561035,0.3273773789405823,7.961141470919233e-05
1784,0.484747976064682,0.45139411091804504,0.3335387408733368,7.950158462077697e-05
1785,0.46402302384376526,0.43252331018447876,0.31499719619750977,7.939178033736538e-05
1786,0.4637458920478821,0.43208611011505127,0.3165978193283081,7.928200199718774e-05
1787,0.47368544340133667,0.44104713201522827,0.3263830244541168,7.917224973844152e-05
1788,0.4905460476875305,0.4567177891731262,0.33828267455101013,7.906252369929154e-05
1789,0.47516149282455444,0.4426887035369873,0.3247279226779938,7.895282401786945e-05
1790,0.5087326765060425,0.47343623638153076,0.3529641330242157,7.884315083227373e-05
1791,0.46661290526390076,0.43494799733161926,0.31664901971817017,7.873350428056957e-05
1792,0.49950486421585083,0.46524709463119507,0.34257784485816956,7.862388450078855e-05
1793,0.4744705557823181,0.44212594628334045,0.32344600558280945,7.851429163092868e-05
1794,0.4845202565193176,0.45152273774147034,0.3299751877784729,7.840472580895396e-05
1795,0.5004156231880188,0.4656107425689697,0.3480488061904907,7.829518717279438e-05
1796,0.47686922550201416,0.44433173537254333,0.3253748416900635,7.818567586034577e-05
1797,0.46808475255966187,0.43587949872016907,0.322052538394928,7.807619200946942e-05
1798,0.49544334411621094,0.46150392293930054,0.33939430117607117,7.796673575799224e-05
1799,0.4775658845901489,0.44493743777275085,0.3262843191623688,7.785730724370625e-05
1800,0.4670620858669281,0.43474334478378296,0.3231874108314514,7.774790660436858e-05
1801,0.45640239119529724,0.4249137341976166,0.31488654017448425,7.763853397770131e-05
1802,0.48882853984832764,0.4547952115535736,0.3403332233428955,7.752918950139119e-05
1803,0.45898205041885376,0.4279864728450775,0.30995580554008484,7.741987331308964e-05
1804,0.49455589056015015,0.4602371156215668,0.3431878387928009,7.731058555041237e-05
1805,0.483087420463562,0.45004621148109436,0.3304121196269989,7.720132635093934e-05
1806,0.4808047413825989,0.447858065366745,0.3294667601585388,7.709209585221451e-05
1807,0.47335511445999146,0.44087719917297363,0.32477903366088867,7.69828941917458e-05
1808,0.5189341902732849,0.48329904675483704,0.3563515245914459,7.68737215070048e-05
1809,0.46683427691459656,0.4347193241119385,0.3211495876312256,7.676457793542654e-05
1810,0.47114309668540955,0.43900755047798157,0.3213554918766022,7.66554636144095e-05
1811,0.49274784326553345,0.45907047390937805,0.3367738127708435,7.654637868131521e-05
1812,0.48694685101509094,0.4536060690879822,0.33340784907341003,7.643732327346842e-05
1813,0.481320858001709,0.44833680987358093,0.32984039187431335,7.63282975281565e-05
1814,0.48622819781303406,0.4531029164791107,0.33125272393226624,7.621930158262958e-05
1815,0.4820336699485779,0.44908076524734497,0.32952892780303955,7.611033557410026e-05
1816,0.486612468957901,0.4528800845146179,0.3373238742351532,7.600139963974341e-05
1817,0.4549349248409271,0.42325854301452637,0.3167637288570404,7.589249391669616e-05
1818,0.47560563683509827,0.4426104426383972,0.32995182275772095,7.578361854205743e-05
1819,0.4665592908859253,0.4345451295375824,0.3201417624950409,7.567477365288813e-05
1820,0.47829878330230713,0.4459560513496399,0.32342731952667236,7.556595938621058e-05
1821,0.5033756494522095,0.46814078092575073,0.35234886407852173,7.545717587900879e-05
1822,0.4727906286716461,0.44052189588546753,0.32268738746643066,7.534842326822785e-05
1823,0.4833485186100006,0.4497435986995697,0.3360491991043091,7.523970169077402e-05
1824,0.4593682885169983,0.4279061257839203,0.31462162733078003,7.513101128351454e-05
1825,0.49016857147216797,0.4564714729785919,0.33697089552879333,7.502235218327731e-05
1826,0.480934739112854,0.4479025900363922,0.3303215205669403,7.491372452685094e-05
1827,0.4973238706588745,0.46311160922050476,0.3421226739883423,7.48051284509844e-05
1828,0.48113977909088135,0.4477587342262268,0.3338104784488678,7.469656409238685e-05
1829,0.4444465935230255,0.41427934169769287,0.30167263746261597,7.458803158772758e-05
1830,0.437783420085907,0.4076714813709259,0.30111926794052124,7.447953107363574e-05
1831,0.4602835476398468,0.42864832282066345,0.31635233759880066,7.437106268670034e-05
1832,0.4626676142215729,0.4311515688896179,0.3151605427265167,7.426262656346978e-05
1833,0.4744534492492676,0.4414520561695099,0.3300139904022217,7.41542228404519e-05
1834,0.5017940402030945,0.4665061831474304,0.35287851095199585,7.404585165411377e-05
1835,0.4439573287963867,0.4134467542171478,0.30510568618774414,7.393751314088146e-05
1836,0.4745866656303406,0.44224655628204346,0.32340097427368164,7.382920743713999e-05
1837,0.4938325583934784,0.4597685933113098,0.34063953161239624,7.372093467923302e-05
1838,0.4718644618988037,0.43988215923309326,0.31982311606407166,7.361269500346274e-05
1839,0.4910828471183777,0.45757031440734863,0.33512526750564575,7.350448854608962e-05
1840,0.4729616343975067,0.44062358140945435,0.32338055968284607,7.339631544333249e-05
1841,0.46657636761665344,0.4338390827178955,0.3273727297782898,7.328817583136804e-05
1842,0.5211942791938782,0.4852270185947418,0.3596724271774292,7.318006984633085e-05
1843,0.4511488080024719,0.4205966889858246,0.30552127957344055,7.307199762431319e-05
1844,0.4737826883792877,0.4409468472003937,0.3283585011959076,7.29639593013647e-05
1845,0.4661561846733093,0.4344709515571594,0.31685224175453186,7.285595501349258e-05
1846,0.4690670371055603,0.4371495246887207,0.31917503476142883,7.274798489666097e-05
1847,0.4626423418521881,0.4313187003135681,0.3132365345954895,7.264004908679112e-05
1848,0.4879000782966614,0.4544782042503357,0.33421871066093445,7.2532147719761e-05
1849,0.4976908564567566,0.4632653295993805,0.34425538778305054,7.242428093140525e-05
1850,0.4690254032611847,0.4368121922016144,0.3221321702003479,7.231644885751507e-05
1851,0.47615286707878113,0.4433693289756775,0.3278352618217468,7.220865163383784e-05
1852,0.472459614276886,0.440393328666687,0.3206627070903778,7.210088939607708e-05
1853,0.5068077445030212,0.47171729803085327,0.35090455412864685,7.199316227989236e-05
1854,0.4756406843662262,0.44338950514793396,0.32251182198524475,7.18854704208989e-05
1855,0.46304842829704285,0.4311019778251648,0.31946444511413574,7.177781395466772e-05
1856,0.47072115540504456,0.43806469440460205,0.32656458020210266,7.167019301672509e-05
1857,0.49510902166366577,0.4607852101325989,0.34323814511299133,7.156260774255262e-05
1858,0.5043179988861084,0.4693976044654846,0.349203884601593,7.145505826758707e-05
1859,0.4643246531486511,0.4327816367149353,0.31543028354644775,7.134754472722017e-05
1860,0.47566649317741394,0.4433060884475708,0.32360395789146423,7.124006725679828e-05
1861,0.46518707275390625,0.4331205189228058,0.3206654191017151,7.113262599162245e-05
1862,0.5074611902236938,0.4724581837654114,0.3500298857688904,7.102522106694808e-05
1863,0.4720248878002167,0.43946048617362976,0.32564401626586914,7.09178526179849e-05
1864,0.4775848388671875,0.4447791576385498,0.3280566930770874,7.081052077989667e-05
1865,0.47407299280166626,0.4416506886482239,0.32422319054603577,7.07032256878011e-05
1866,0.4539024531841278,0.4227357804775238,0.3116667866706848,7.059596747676962e-05
1867,0.47236162424087524,0.44018781185150146,0.32173818349838257,7.048874628182722e-05
1868,0.4897104501724243,0.4555458724498749,0.3416458070278168,7.038156223795224e-05
1869,0.4380088150501251,0.40820959210395813,0.29799219965934753,7.027441548007641e-05
1870,0.49978765845298767,0.4656888544559479,0.34098803997039795,7.01673061430844e-05
1871,0.4823251962661743,0.4492553770542145,0.33069831132888794,7.006023436181377e-05
1872,0.4818151593208313,0.44915372133255005,0.32661426067352295,6.995320027105481e-05
1873,0.49052155017852783,0.45686495304107666,0.33656609058380127,6.984620400555044e-05
1874,0.4857780635356903,0.4522780776023865,0.33499982953071594,6.973924569999585e-05
1875,0.47419506311416626,0.44197267293930054,0.32222387194633484,6.963232548903853e-05
1876,0.46545469760894775,0.4333721101284027,0.3208257257938385,6.952544350727799e-05
1877,0.5151838064193726,0.4797517657279968,0.3543204963207245,6.94185998892655e-05
1878,0.4815853238105774,0.44830942153930664,0.3327590525150299,6.931179476950429e-05
1879,0.4729536175727844,0.4405028223991394,0.3245079815387726,6.920502828244889e-05
1880,0.46597757935523987,0.4340032637119293,0.31974324584007263,6.909830056250527e-05
1881,0.4904899001121521,0.4566684663295746,0.3382144868373871,6.899161174403064e-05
1882,0.48350441455841064,0.4505075514316559,0.32996848225593567,6.888496196133317e-05
1883,0.4675098955631256,0.43514665961265564,0.32363227009773254,6.877835134867196e-05
1884,0.49219465255737305,0.45838862657546997,0.33806028962135315,6.867178004025676e-05
1885,0.49292200803756714,0.458795428276062,0.3412657082080841,6.85652481702478e-05
1886,0.45267772674560547,0.42156991362571716,0.31107816100120544,6.845875587275576e-05
1887,0.45554956793785095,0.42418357729911804,0.3136598765850067,6.835230328184138e-05
1888,0.47436586022377014,0.4416133165359497,0.3275253474712372,6.824589053151558e-05
1889,0.4966811239719391,0.46258577704429626,0.34095343947410583,6.813951775573896e-05
1890,0.45385581254959106,0.4228276014328003,0.3102821707725525,6.803318508842187e-05
1891,0.4812892973423004,0.44830629229545593,0.32982996106147766,6.792689266342416e-05
1892,0.4823887050151825,0.44965898990631104,0.32729706168174744,6.782064061455504e-05
1893,0.4721487760543823,0.4396500885486603,0.3249867856502533,6.77144290755729e-05
1894,0.4977486729621887,0.46391576528549194,0.3383289575576782,6.760825818018508e-05
1895,0.48613959550857544,0.453189492225647,0.32950106263160706,6.750212806204777e-05
1896,0.46278828382492065,0.431586891412735,0.3120139241218567,6.739603885476582e-05
1897,0.4835442006587982,0.45049554109573364,0.3304867148399353,6.728999069189263e-05
1898,0.4745766222476959,0.4421754479408264,0.3240116536617279,6.718398370692993e-05
1899,0.46730953454971313,0.43530502915382385,0.32004496455192566,6.707801803332754e-05
1900,0.484648197889328,0.45124194025993347,0.33406251668930054,6.697209380448333e-05
1901,0.4518868029117584,0.4210372567176819,0.308495432138443,6.68662111537429e-05
1902,0.4633524715900421,0.43116042017936707,0.3219205439090729,6.676037021439971e-05
1903,0.4692932963371277,0.4373977482318878,0.3189553916454315,6.665457111969451e-05
1904,0.4477863311767578,0.41685396432876587,0.30932381749153137,6.654881400281547e-05
1905,0.46487322449684143,0.43319058418273926,0.31682637333869934,6.644309899689793e-05
1906,0.4796614348888397,0.4463661313056946,0.3329531252384186,6.63374262350241e-05
1907,0.5038259029388428,0.4690949022769928,0.34731021523475647,6.623179585022316e-05
1908,0.4860460162162781,0.453023225069046,0.3302280604839325,6.612620797547087e-05
1909,0.4577605724334717,0.42628014087677,0.3148043751716614,6.602066274368947e-05
1910,0.4677950441837311,0.4358210265636444,0.3197402358055115,6.59151602877475e-05
1911,0.48875147104263306,0.45517975091934204,0.3357173502445221,6.580970074045975e-05
1912,0.5000720620155334,0.4658728241920471,0.34199240803718567,6.570428423458687e-05
1913,0.4756540060043335,0.4427313804626465,0.32922613620758057,6.559891090283537e-05
1914,0.45733949542045593,0.42616865038871765,0.3117085099220276,6.549358087785744e-05
1915,0.45800483226776123,0.42712947726249695,0.3087535798549652,6.538829429225069e-05
1916,0.4203784763813019,0.3916946053504944,0.2868386209011078,6.528305127855816e-05
1917,0.4502386748790741,0.4191656708717346,0.3107301592826843,6.517785196926792e-05
1918,0.4428962171077728,0.41253527998924255,0.30360928177833557,6.507269649681307e-05
1919,0.5035015344619751,0.4686816930770874,0.34819865226745605,6.496758499357148e-05
1920,0.4592731297016144,0.4279039800167084,0.3136914074420929,6.486251759186572e-05
1921,0.5026568174362183,0.46840018033981323,0.3425666391849518,6.475749442396289e-05
1922,0.4478197395801544,0.4169733226299286,0.30846428871154785,6.465251562207431e-05
1923,0.45554447174072266,0.42420080304145813,0.3134365677833557,6.454758131835545e-05
1924,0.4771316647529602,0.4442284107208252,0.32903262972831726,6.44426916449058e-05
1925,0.47997140884399414,0.44624263048171997,0.33728766441345215,6.43378467337687e-05
1926,0.4633328318595886,0.4311031997203827,0.3222962021827698,6.423304671693107e-05
1927,0.5187056064605713,0.48294198513031006,0.3576359450817108,6.412829172632338e-05
1928,0.46510523557662964,0.4333866834640503,0.3171854317188263,6.402358189381934e-05
1929,0.4783768057823181,0.4453294575214386,0.3304733335971832,6.391891735123582e-05
1930,0.46531254053115845,0.43390917778015137,0.31403350830078125,6.38142982303328e-05
1931,0.4809688329696655,0.44747820496559143,0.3349062502384186,6.370972466281291e-05
1932,0.475673109292984,0.44317173957824707,0.32501378655433655,6.360519678032157e-05
1933,0.4732738137245178,0.44087785482406616,0.32395943999290466,6.350071471444661e-05
1934,0.4694328010082245,0.4374266266822815,0.32006165385246277,6.339627859671814e-05
1935,0.4610190689563751,0.42911335825920105,0.3190571963787079,6.32918885586086e-05
1936,0.4658800959587097,0.43399229645729065,0.3188779652118683,6.318754473153221e-05
1937,0.48172813653945923,0.4486375153064728,0.33090609312057495,6.308324724684518e-05
1938,0.44571542739868164,0.4151397943496704,0.30575627088546753,6.297899623584532e-05
1939,0.4845854640007019,0.45170140266418457,0.3288407623767853,6.287479182977184e-05
1940,0.4779214859008789,0.44522660970687866,0.32694876194000244,6.277063415980549e-05
1941,0.4722786545753479,0.43998241424560547,0.32296228408813477,6.266652335706802e-05
1942,0.4596409797668457,0.42824819684028625,0.31392768025398254,6.256245955262221e-05
1943,0.5016031861305237,0.4674130380153656,0.3419012129306793,6.245844287747168e-05
1944,0.4608892500400543,0.42941543459892273,0.3147381544113159,6.23544734625608e-05
1945,0.4578471779823303,0.42669349908828735,0.3115367293357849,6.225055143877434e-05
1946,0.4689088463783264,0.4367896318435669,0.3211921751499176,6.214667693693744e-05
1947,0.47757530212402344,0.445026695728302,0.3254861831665039,6.20428500878154e-05
1948,0.4625156819820404,0.4306240379810333,0.3189164996147156,6.193907102211358e-05
1949,0.5020296573638916,0.46785005927085876,0.3417958617210388,6.183533987047716e-05
1950,0.4868011176586151,0.45329099893569946,0.3351011872291565,6.173165676349103e-05
1951,0.47789037227630615,0.4452715814113617,0.32618802785873413,6.162802183167954e-05
1952,0.4533596634864807,0.4224204123020172,0.3093925416469574,6.152443520550641e-05
1953,0.5055691599845886,0.4712115228176117,0.3435763120651245,6.14208970153746e-05
1954,0.5034126043319702,0.46831366419792175,0.35098931193351746,6.1317407391626e-05
1955,0.4633086621761322,0.4316897690296173,0.3161888122558594,6.121396646454149e-05
1956,0.46718937158584595,0.43511688709259033,0.3207246959209442,6.111057436434056e-05
1957,0.4623502194881439,0.4307999014854431,0.31550323963165283,6.1007231221181206e-05
1958,0.4654219448566437,0.4329189360141754,0.32503002882003784,6.090393716515983e-05
1959,0.5136526823043823,0.4786791205406189,0.3497355580329895,6.0800692326311095e-05
1960,0.44938966631889343,0.4188571870326996,0.3053247332572937,6.069749683460765e-05
1961,0.46974310278892517,0.4375625550746918,0.3218054473400116,6.059435081996001e-05
1962,0.45440250635147095,0.423444002866745,0.30958518385887146,6.049125441221639e-05
1963,0.49403244256973267,0.4600220322608948,0.3401040732860565,6.038820774116265e-05
1964,0.46819180250167847,0.4364064633846283,0.31785348057746887,6.0285210936521955e-05
1965,0.4553338289260864,0.42396581172943115,0.3136802613735199,6.018226412795469e-05
1966,0.4903247356414795,0.4567421078681946,0.33582639694213867,6.0079367445058354e-05
1967,0.47508299350738525,0.44234955310821533,0.3273342549800873,5.997652101736726e-05
1968,0.4736897051334381,0.4411289393901825,0.32560762763023376,5.9873724974352585e-05
1969,0.4842882454395294,0.45136258006095886,0.329256534576416,5.977097944542198e-05
1970,0.48290300369262695,0.4497814476490021,0.3312157094478607,5.9668284559919504e-05
1971,0.4857112169265747,0.4527762830257416,0.32934918999671936,5.956564044712551e-05
1972,0.4759400188922882,0.4438271224498749,0.32112908363342285,5.94630472362564e-05
1973,0.4603816568851471,0.4290847182273865,0.312969446182251,5.936050505646452e-05
1974,0.4617074429988861,0.42978188395500183,0.3192555606365204,5.925801403683797e-05
1975,0.4486805200576782,0.4179847836494446,0.30695727467536926,5.9155574306400395e-05
1976,0.46829140186309814,0.4361836612224579,0.32107752561569214,5.9053185994110974e-05
1977,0.503424346446991,0.4681946635246277,0.3522970378398895,5.8950849228864025e-05
1978,0.44639599323272705,0.4156208038330078,0.30775192379951477,5.884856413948913e-05
1979,0.47117161750793457,0.4385632872581482,0.3260834217071533,5.87463308547507e-05
1980,0.46804696321487427,0.4359588325023651,0.32088136672973633,5.864414950334796e-05
1981,0.4830254912376404,0.44963064789772034,0.3339485824108124,5.8542020213914726e-05
1982,0.4872320294380188,0.4540793299674988,0.3315269351005554,5.843994311501939e-05
1983,0.4619623124599457,0.43076252937316895,0.3119978606700897,5.833791833516453e-05
1984,0.4885508418083191,0.4548322558403015,0.3371860086917877,5.82359460027869e-05
1985,0.4717474579811096,0.43974000215530396,0.3200744390487671,5.8134026246257225e-05
1986,0.49186015129089355,0.45826321840286255,0.33596929907798767,5.8032159193879985e-05
1987,0.47279614210128784,0.4406033456325531,0.3219280242919922,5.793034497389345e-05
1988,0.4540785551071167,0.423212468624115,0.30866092443466187,5.782858371446927e-05
1989,0.47822022438049316,0.4446949362754822,0.3352528214454651,5.772687554371241e-05
1990,0.4600440561771393,0.4284168779850006,0.3162718117237091,5.762522058966113e-05
1991,0.47401919960975647,0.44121429324150085,0.3280491828918457,5.752361898028653e-05
1992,0.49143481254577637,0.45798805356025696,0.33446764945983887,5.7422070843492734e-05
1993,0.46718424558639526,0.43542802333831787,0.31756216287612915,5.732057630711638e-05
1994,0.490046888589859,0.45605990290641785,0.33986976742744446,5.721913549892674e-05
1995,0.4805357754230499,0.44750380516052246,0.33031967282295227,5.711774854662535e-05
1996,0.5007141828536987,0.4660469889640808,0.3466721177101135,5.701641557784609e-05
1997,0.47305598855018616,0.44062331318855286,0.32432684302330017,5.69151367201548e-05
1998,0.46928244829177856,0.4373684227466583,0.3191401958465576,5.681391210104916e-05
1999,0.44868531823158264,0.4174499213695526,0.31235402822494507,5.671274184795865e-05
2000,0.4684862196445465,0.43630561232566833,0.3218061625957489,5.6611626088244194e-05
2001,0.4562278985977173,0.4249785840511322,0.3124930262565613,5.651056494919831e-05
2002,0.4788222014904022,0.44586536288261414,0.32956835627555847,5.640955855804455e-05
2003,0.49638569355010986,0.4623248279094696,0.34060877561569214,5.63086070419377e-05
2004,0.47201651334762573,0.4392821192741394,0.32734397053718567,5.620771052796339e-05
2005,0.48251253366470337,0.4495617747306824,0.3295075595378876,5.610686914313796e-05
2006,0.46097344160079956,0.42899420857429504,0.31979233026504517,5.6006083014408484e-05
2007,0.49102166295051575,0.45721420645713806,0.3380746841430664,5.590535226865238e-05
2008,0.47948524355888367,0.4459788501262665,0.3350639343261719,5.5804677032677354e-05
2009,0.49446478486061096,0.460664302110672,0.33800479769706726,5.570405743322124e-05
2010,0.46068477630615234,0.42837342619895935,0.32311347126960754,5.560349359695181e-05
2011,0.48683539032936096,0.4533997178077698,0.33435678482055664,5.550298565046672e-05
2012,0.4959701895713806,0.46165919303894043,0.3431098461151123,5.540253372029315e-05
2013,0.4675740599632263,0.4354676306247711,0.32106441259384155,5.53021379328879e-05
2014,0.46980834007263184,0.4374611973762512,0.3234714865684509,5.520179841463693e-05
2015,0.45929431915283203,0.42795369029045105,0.3134062886238098,5.510151529185553e-05
2016,0.4866999387741089,0.45322272181510925,0.3347723186016083,5.5001288690787886e-05
2017,0.4744648337364197,0.4415576457977295,0.3290717303752899,5.490111873760705e-05
2018,0.4699002802371979,0.4379843473434448,0.31915926933288574,5.480100555841478e-05
2019,0.4733336269855499,0.4411439597606659,0.3218965530395508,5.4700949279241295e-05
2020,0.443856418132782,0.41347360610961914,0.3038282096385956,5.4600950026045326e-05
2021,0.47042301297187805,0.4382775127887726,0.32145509123802185,5.4501007924713707e-05
2022,0.4671846628189087,0.43514788150787354,0.32036781311035156,5.440112310106134e-05
2023,0.4712122976779938,0.4390341341495514,0.3217816948890686,5.4301295680830976e-05
2024,0.4992992877960205,0.4646016061306,0.34697696566581726,5.420152578969326e-05
2025,0.487519234418869,0.4538761079311371,0.3364311754703522,5.410181355324622e-05
2026,0.4498806297779083,0.41889646649360657,0.30984169244766235,5.400215909701547e-05
2027,0.4618043899536133,0.4297746419906616,0.320297509431839,5.390256254645378e-05
2028,0.47619789838790894,0.4432445168495178,0.32953396439552307,5.380302402694104e-05
2029,0.4969680905342102,0.46310096979141235,0.3386712670326233,5.3703543663784074e-05
2030,0.47220444679260254,0.4399506747722626,0.3225376307964325,5.36041215822166e-05
2031,0.47756144404411316,0.44475096464157104,0.3281049132347107,5.3504757907398836e-05
2032,0.46395397186279297,0.4319971799850464,0.319568008184433,5.340545276441755e-05
2033,0.4695795774459839,0.437447726726532,0.3213185966014862,5.3306206278285734e-05
2034,0.47405725717544556,0.4410615563392639,0.3299570083618164,5.320701857394268e-05
2035,0.4520743489265442,0.42088910937309265,0.311852365732193,5.3107889776253536e-05
2036,0.48934170603752136,0.45518362522125244,0.34158071875572205,5.3008820010009464e-05
2037,0.4827394485473633,0.4497498571872711,0.32989606261253357,5.290980939992713e-05
2038,0.4803336560726166,0.4471721053123474,0.3316154181957245,5.281085807064881e-05
2039,0.47248804569244385,0.44014817476272583,0.3233985900878906,5.27119661467422e-05
2040,0.4522278308868408,0.4213670492172241,0.30860769748687744,5.261313375270014e-05
2041,0.5025964975357056,0.4682050347328186,0.34391453862190247,5.251436101294056e-05
2042,0.4905833303928375,0.45712441205978394,0.3345891833305359,5.2415648051806275e-05
2043,0.4781329333782196,0.44559574127197266,0.32537201046943665,5.231699499356484e-05
2044,0.4889644384384155,0.45529311895370483,0.336713045835495,5.221840196240848e-05
2045,0.4818364083766937,0.44831082224845886,0.3352559506893158,5.211986908245374e-05
2046,0.4635976552963257,0.4318438470363617,0.3175381124019623,5.202139647774149e-05
2047,0.47775447368621826,0.4451412558555603,0.32613229751586914,5.192298427223676e-05
2048,0.4630414545536041,0.4317142069339752,0.3132725656032562,5.182463258982846e-05
2049,0.4661710262298584,0.4344571828842163,0.31713855266571045,5.172634155432943e-05
2050,0.48165398836135864,0.44889315962791443,0.3276083469390869,5.1628111289476035e-05
2051,0.4760550856590271,0.44347283244132996,0.3258223831653595,5.1529941918928204e-05
2052,0.47173330187797546,0.439678430557251,0.32054874300956726,5.143183356626916e-05
2053,0.47472554445266724,0.4420573115348816,0.3266822397708893,5.133378635500543e-05
2054,0.519394040107727,0.48408418893814087,0.3530983328819275,5.123580040856644e-05
2055,0.4877898693084717,0.454574316740036,0.3321554958820343,5.113787585030454e-05
2056,0.4945954978466034,0.4605560600757599,0.34039434790611267,5.1040012803494795e-05
2057,0.4703347384929657,0.43857184052467346,0.3176288604736328,5.0942211391334824e-05
2058,0.4811728596687317,0.4483964443206787,0.3277640640735626,5.084447173694469e-05
2059,0.4897248446941376,0.45612838864326477,0.3359646201133728,5.0746793963366744e-05
2060,0.44309061765670776,0.4129589796066284,0.3013162314891815,5.0649178193565314e-05
2061,0.4546898305416107,0.4232664108276367,0.31423419713974,5.055162455042679e-05
2062,0.46187126636505127,0.4306787848472595,0.3119247853755951,5.045413315675924e-05
2063,0.49370068311691284,0.45995277166366577,0.33747923374176025,5.035670413529251e-05
2064,0.43751683831214905,0.4078204929828644,0.29696354269981384,5.025933760867781e-05
2065,0.48909467458724976,0.4556506872177124,0.33443978428840637,5.016203369948773e-05
2066,0.4798576831817627,0.44625020027160645,0.3360747694969177,5.006479253021597e-05
2067,0.48049086332321167,0.4475443959236145,0.32946479320526123,4.996761422327737e-05
2068,0.48216232657432556,0.4486705958843231,0.33491742610931396,4.9870498901007524e-05
2069,0.4863550662994385,0.4532400369644165,0.3311502933502197,4.977344668566275e-05
2070,0.46998003125190735,0.4378341734409332,0.32145851850509644,4.967645769942e-05
2071,0.4687162935733795,0.4363323152065277,0.3238399028778076,4.957953206437651e-05
2072,0.4775647521018982,0.4447956085205078,0.32769134640693665,4.9482669902549894e-05
2073,0.46607908606529236,0.4336634576320648,0.32415634393692017,4.938587133587777e-05
2074,0.4801277220249176,0.4471628665924072,0.3296484649181366,4.92891364862177e-05
2075,0.4524300694465637,0.4213639199733734,0.3106614649295807,4.919246547534708e-05
2076,0.44996732473373413,0.4194214642047882,0.30545875430107117,4.909585842496287e-05
2077,0.48209109902381897,0.4488649368286133,0.33226171135902405,4.899931545668164e-05
2078,0.4664876461029053,0.4346023201942444,0.31885311007499695,4.890283669203915e-05
2079,0.4493939280509949,0.4184418022632599,0.30952131748199463,4.880642225249041e-05
2080,0.5004805326461792,0.46668919920921326,0.3379133939743042,4.87100722594094e-05
2081,0.4746007025241852,0.44204673171043396,0.3255396783351898,4.8613786834089024e-05
2082,0.5066019296646118,0.4720393121242523,0.3456263244152069,4.851756609774094e-05
2083,0.4903945028781891,0.4565051198005676,0.33889394998550415,4.842141017149526e-05
2084,0.43544548749923706,0.4057266116142273,0.2971889078617096,4.8325319176400576e-05
2085,0.4884789288043976,0.455093115568161,0.33385801315307617,4.822929323342369e-05
2086,0.46232885122299194,0.4311918318271637,0.3113701045513153,4.81333324634496e-05
2087,0.47973036766052246,0.44673070311546326,0.32999661564826965,4.8037436987281194e-05
2088,0.5077561140060425,0.47319385409355164,0.34562280774116516,4.794160692563917e-05
2089,0.48817163705825806,0.4543535113334656,0.33818140625953674,4.7845842399161874e-05
2090,0.4725080132484436,0.4402865469455719,0.3222147524356842,4.7750143528405126e-05
2091,0.4666910767555237,0.4346398413181305,0.3205122649669647,4.76545104338422e-05
2092,0.48436200618743896,0.4511406421661377,0.33221369981765747,4.755894323586342e-05
2093,0.49509182572364807,0.4609726071357727,0.3411923050880432,4.746344205477631e-05
2094,0.4833788573741913,0.4500390291213989,0.33339816331863403,4.736800701080515e-05
2095,0.48189878463745117,0.4486334025859833,0.3326537609100342,4.727263822409099e-05
2096,0.46990498900413513,0.4378279149532318,0.32077062129974365,4.717733581469157e-05
2097,0.4748533368110657,0.4425872266292572,0.3226611912250519,4.708209990258095e-05
2098,0.4735787808895111,0.44100362062454224,0.3257516920566559,4.6986930607649535e-05
2099,0.5197924971580505,0.4841195344924927,0.3567296862602234,4.68918280497038e-05
2100,0.47050371766090393,0.4382297992706299,0.32273930311203003,4.6796792348466356e-05
2101,0.48232460021972656,0.4494433104991913,0.3288128077983856,4.67018236235755e-05
2102,0.4693599343299866,0.43738049268722534,0.31979456543922424,4.6606921994585274e-05
2103,0.4643786549568176,0.4323769509792328,0.32001692056655884,4.651208758096521e-05
2104,0.48293018341064453,0.45017170906066895,0.3275845944881439,4.6417320502100316e-05
2105,0.45477962493896484,0.42322975397109985,0.31549859046936035,4.63226208772908e-05
2106,0.48798826336860657,0.45424792170524597,0.3374032974243164,4.62279888257519e-05
2107,0.48608553409576416,0.4528875946998596,0.3319794237613678,4.613342446661383e-05
2108,0.5032286047935486,0.46867093443870544,0.3455769419670105,4.603892791892157e-05
2109,0.4692220985889435,0.4370427429676056,0.3217935860157013,4.594449930163471e-05
2110,0.4864879548549652,0.4535382091999054,0.3294975459575653,4.5850138733627434e-05
2111,0.494280606508255,0.46011367440223694,0.3416692614555359,4.575584633368815e-05
2112,0.4687195420265198,0.4362568259239197,0.3246271014213562,4.566162222051946e-05
2113,0.4737854599952698,0.44091010093688965,0.32875367999076843,4.556746651273802e-05
2114,0.4682370126247406,0.4359474778175354,0.3228952884674072,4.547337932887443e-05
2115,0.45707976818084717,0.4257318079471588,0.31347957253456116,4.537936078737292e-05
2116,0.47692564129829407,0.4442397356033325,0.3268589377403259,4.52854110065914e-05
2117,0.4776878356933594,0.4450562000274658,0.3263164758682251,4.519153010480118e-05
2118,0.47808393836021423,0.4451234042644501,0.32960546016693115,4.5097718200186814e-05
2119,0.4791901707649231,0.44654926657676697,0.3264089822769165,4.50039754108461e-05
2120,0.5030912160873413,0.468854695558548,0.3423650562763214,4.491030185478976e-05
2121,0.46682247519493103,0.43520215153694153,0.3162032663822174,4.481669764994134e-05
2122,0.4685748815536499,0.4357517957687378,0.32823070883750916,4.472316291413715e-05
2123,0.49303221702575684,0.45945674180984497,0.3357546329498291,4.4629697765125934e-05
2124,0.4956037104129791,0.46198877692222595,0.3361492156982422,4.453630232056901e-05
2125,0.4254557490348816,0.3964001536369324,0.2905559539794922,4.444297669803981e-05
2126,0.4634867310523987,0.4316096603870392,0.31877079606056213,4.434972101502385e-05
2127,0.45273295044898987,0.42184022068977356,0.30892741680145264,4.425653538891874e-05
2128,0.4912717640399933,0.4576658308506012,0.3360593616962433,4.416341993703373e-05
2129,0.4911184310913086,0.4574046730995178,0.33713746070861816,4.407037477658992e-05
2130,0.46024593710899353,0.4287734627723694,0.3147246241569519,4.3977400024719725e-05
2131,0.46588316559791565,0.4338156580924988,0.3206750452518463,4.388449579846705e-05
2132,0.47735142707824707,0.44480904936790466,0.32542380690574646,4.379166221478697e-05
2133,0.45907339453697205,0.4272102117538452,0.3186317980289459,4.36988993905456e-05
2134,0.49284887313842773,0.459165096282959,0.33683788776397705,4.36062074425201e-05
2135,0.5113176703453064,0.47610464692115784,0.3521301746368408,4.351358648739826e-05
2136,0.5014683604240417,0.4665778875350952,0.3489045798778534,4.3421036641778556e-05
2137,0.46080297231674194,0.4294842481613159,0.31318724155426025,4.332855802217e-05
2138,0.48651444911956787,0.4530465602874756,0.33467885851860046,4.323615074499183e-05
2139,0.45499294996261597,0.42384210228919983,0.3115085959434509,4.31438149265736e-05
2140,0.46128717064857483,0.4299675524234772,0.31319618225097656,4.305155068315481e-05
2141,0.4515089988708496,0.4206652045249939,0.30843794345855713,4.295935813088487e-05
2142,0.4798737168312073,0.44650575518608093,0.33367958664894104,4.2867237385822935e-05
2143,0.45845887064933777,0.42644912004470825,0.32009756565093994,4.2775188563937843e-05
2144,0.4838959276676178,0.45093482732772827,0.32961100339889526,4.268321178110779e-05
2145,0.4871585965156555,0.4530263841152191,0.34132224321365356,4.259130715312033e-05
2146,0.47309887409210205,0.44055411219596863,0.3254477381706238,4.249947479567218e-05
2147,0.4573287069797516,0.42546549439430237,0.3186321258544922,4.2407714824369024e-05
2148,0.4599398374557495,0.4283101260662079,0.31629717350006104,4.231602735472552e-05
2149,0.4969164729118347,0.46242812275886536,0.34488362073898315,4.222441250216502e-05
2150,0.45372456312179565,0.42251721024513245,0.3120734989643097,4.213287038201943e-05
2151,0.4632202088832855,0.4305562376976013,0.32663971185684204,4.20414011095291e-05
2152,0.5035682320594788,0.4693094491958618,0.34258803725242615,4.195000479984265e-05
2153,0.4750312864780426,0.44239696860313416,0.32634320855140686,4.185868156801694e-05
2154,0.5028048753738403,0.468355268239975,0.3444961905479431,4.1767431529016766e-05
2155,0.4725755453109741,0.43942421674728394,0.3315131664276123,4.1676254797714766e-05
2156,0.46800124645233154,0.43611541390419006,0.31885847449302673,4.1585151488891305e-05
2157,0.5021752715110779,0.46770337224006653,0.3447187542915344,4.149412171723438e-05
2158,0.47611624002456665,0.4430316388607025,0.3308458626270294,4.140316559733935e-05
2159,0.4354090392589569,0.40558260679244995,0.2982642650604248,4.1312283243708836e-05
2160,0.44609901309013367,0.4153088331222534,0.30790168046951294,4.12214747707527e-05
2161,0.4685240089893341,0.43606531620025635,0.32458704710006714,4.113074029278765e-05
2162,0.4928635358810425,0.4585847556591034,0.3427879512310028,4.1040079924037386e-05
2163,0.5117292404174805,0.4764530062675476,0.3527626395225525,4.0949493778632244e-05
2164,0.4901638925075531,0.4564765989780426,0.33687296509742737,4.085898197060911e-05
2165,0.47893446683883667,0.44613176584243774,0.3280271589756012,4.0768544613911294e-05
2166,0.46941161155700684,0.43722769618034363,0.3218390941619873,4.067818182238838e-05
2167,0.4375196695327759,0.40765655040740967,0.29863107204437256,4.058789370979617e-05
2168,0.4772648513317108,0.44387662410736084,0.333882212638855,4.049768038979631e-05
2169,0.46376097202301025,0.43184158205986023,0.31919392943382263,4.04075419759564e-05
2170,0.49546995759010315,0.46176886558532715,0.33701086044311523,4.031747858174964e-05
2171,0.4493056535720825,0.4187232255935669,0.305824339389801,4.0227490320554916e-05
2172,0.487427294254303,0.4534667432308197,0.33960551023483276,4.0137577305656485e-05
2173,0.45196905732154846,0.42135992646217346,0.30609130859375,4.004773965024383e-05
2174,0.49225980043411255,0.45854172110557556,0.33718082308769226,3.9957977467411615e-05
2175,0.4837699830532074,0.45070284605026245,0.3306714594364166,3.9868290870159405e-05
2176,0.43099144101142883,0.4017516076564789,0.29239845275878906,3.9778679971391785e-05
2177,0.47714167833328247,0.444712370634079,0.32429301738739014,3.96891448839179e-05
2178,0.47616854310035706,0.4432103931903839,0.3295815885066986,3.959968572045148e-05
2179,0.49097442626953125,0.4569701552391052,0.3400427997112274,3.951030259361072e-05
2180,0.47680044174194336,0.4444287121295929,0.3237173557281494,3.942099561591802e-05
2181,0.4319708049297333,0.40226486325263977,0.29705938696861267,3.933176489980005e-05
2182,0.4811590015888214,0.44763731956481934,0.33521682024002075,3.924261055758731e-05
2183,0.4846733808517456,0.4515426754951477,0.33130714297294617,3.915353270151433e-05
2184,0.45420700311660767,0.42319661378860474,0.31010374426841736,3.90645314437192e-05
2185,0.4912843704223633,0.45750924944877625,0.337751179933548,3.897560689624362e-05
2186,0.4725259244441986,0.43997156620025635,0.3255436420440674,3.888675917103283e-05
2187,0.490818589925766,0.4568682610988617,0.3395034074783325,3.879798837993521e-05
2188,0.4819415807723999,0.448656290769577,0.3328529894351959,3.8709294634702376e-05
2189,0.4485844671726227,0.4171068072319031,0.3147765100002289,3.862067804698889e-05
2190,0.5044006705284119,0.469360888004303,0.35039758682250977,3.853213872835228e-05
2191,0.4620320796966553,0.4304695427417755,0.31562551856040955,3.844367679025274e-05
2192,0.46467554569244385,0.43264925479888916,0.3202628791332245,3.8355292344053026e-05
2193,0.5216415524482727,0.48572036623954773,0.3592120409011841,3.826698550101836e-05
2194,0.4802938997745514,0.4472822844982147,0.33011627197265625,3.8178756372316294e-05
2195,0.46218907833099365,0.43044254183769226,0.3174653649330139,3.8090605069016595e-05
2196,0.4830095171928406,0.4497700333595276,0.33239468932151794,3.800253170209094e-05
2197,0.4909385144710541,0.45696043968200684,0.33978062868118286,3.7914536382412956e-05
2198,0.4761766195297241,0.4440082311630249,0.32168373465538025,3.782661922075803e-05
2199,0.47755804657936096,0.4445645213127136,0.3299352824687958,3.773878032780309e-05
2200,0.47783681750297546,0.4450414478778839,0.3279537260532379,3.7651019814126654e-05
2201,0.4782677888870239,0.44568800926208496,0.3257976472377777,3.7563337790208476e-05
2202,0.499683141708374,0.46554818749427795,0.34134966135025024,3.747573436642951e-05
2203,0.47114846110343933,0.4390086233615875,0.3213984966278076,3.738820965307176e-05
2204,0.4751032590866089,0.4425903558731079,0.3251291513442993,3.730076376031821e-05
2205,0.45564761757850647,0.42434340715408325,0.31304216384887695,3.721339679825252e-05
2206,0.4480419158935547,0.4168190062046051,0.3122291564941406,3.712610887685909e-05
2207,0.4709891974925995,0.4379889965057373,0.3300021290779114,3.703890010602274e-05
2208,0.4362504482269287,0.4065632224082947,0.29687222838401794,3.695177059552861e-05
2209,0.4838775396347046,0.4502229392528534,0.3365459442138672,3.686472045506223e-05
2210,0.4736718237400055,0.44147753715515137,0.32194289565086365,3.677774979420904e-05
2211,0.4953233301639557,0.46141886711120605,0.33904457092285156,3.66908587224545e-05
2212,0.45800045132637024,0.42671632766723633,0.3128412961959839,3.660404734918387e-05
2213,0.47639936208724976,0.4433433711528778,0.33055999875068665,3.6517315783682036e-05
2214,0.470517098903656,0.4383220374584198,0.3219504654407501,3.643066413513354e-05
2215,0.45688310265541077,0.42492496967315674,0.31958138942718506,3.634409251262217e-05
2216,0.5116530656814575,0.47643980383872986,0.3521326780319214,3.6257601025131026e-05
2217,0.4841724634170532,0.45111528038978577,0.330571711063385,3.61711897815424e-05
2218,0.4628047049045563,0.43134886026382446,0.3145585060119629,3.608485889063744e-05
2219,0.4669051170349121,0.43486088514328003,0.32044219970703125,3.599860846109626e-05
2220,0.45094379782676697,0.4202673137187958,0.3067649006843567,3.591243860149759e-05
2221,0.4918873906135559,0.45761838555336,0.342690110206604,3.582634942031878e-05
2222,0.47042015194892883,0.4380752444267273,0.32344916462898254,3.574034102593557e-05
2223,0.492351233959198,0.4584113359451294,0.33939889073371887,3.565441352662211e-05
2224,0.4663412272930145,0.43421170115470886,0.32129526138305664,3.556856703055058e-05
2225,0.47803303599357605,0.44521909952163696,0.32813945412635803,3.548280164579126e-05
2226,0.459664523601532,0.42788806557655334,0.31776463985443115,3.539711748031227e-05
2227,0.468594491481781,0.4366357922554016,0.319586843252182,3.531151464197957e-05
2228,0.4864264726638794,0.4536515772342682,0.32774898409843445,3.5225993238556644e-05
2229,0.48515522480010986,0.45221471786499023,0.32940495014190674,3.514055337770455e-05
2230,0.4615268111228943,0.43032994866371155,0.3119686543941498,3.5055195166981645e-05
2231,0.4874902665615082,0.4535079598426819,0.33982303738594055,3.496991871384346e-05
2232,0.47933924198150635,0.4458205997943878,0.3351864218711853,3.488472412564264e-05
2233,0.4662090241909027,0.4342956840991974,0.3191335201263428,3.479961150962884e-05
2234,0.46234846115112305,0.4307752549648285,0.3157319724559784,3.4714580972948406e-05
2235,0.4959680736064911,0.46166515350341797,0.3430292010307312,3.462963262264444e-05
2236,0.49029988050460815,0.4564836323261261,0.3381623923778534,3.4544766565656505e-05
2237,0.49780747294425964,0.463538259267807,0.3426920175552368,3.445998290882062e-05
2238,0.48202279210090637,0.4483422338962555,0.33680567145347595,3.4375281758869114e-05
2239,0.504160463809967,0.469929575920105,0.342308908700943,3.429066322243033e-05
2240,0.4539431631565094,0.42276841402053833,0.31174758076667786,3.420612740602875e-05
2241,0.5013672709465027,0.4668760895729065,0.3449118733406067,3.4121674416084584e-05
2242,0.48035696148872375,0.4473472535610199,0.33009716868400574,3.403730435891391e-05
2243,0.43997716903686523,0.4098750650882721,0.3010210394859314,3.39530173407283e-05
2244,0.49493885040283203,0.46064504981040955,0.3429378867149353,3.386881346763483e-05
2245,0.46168583631515503,0.43003714084625244,0.31648683547973633,3.378469284563589e-05
2246,0.45686906576156616,0.42558953166007996,0.31279537081718445,3.370065558062906e-05
2247,0.44229456782341003,0.4119035601615906,0.3039099872112274,3.3616701778407065e-05
2248,0.47308507561683655,0.4405207335948944,0.32564353942871094,3.353283154465746e-05
2249,0.49035099148750305,0.45653507113456726,0.3381592333316803,3.34490449849626e-05
2250,0.49687182903289795,0.4628365635871887,0.34035274386405945,3.336534220479961e-05
2251,0.4582209885120392,0.4268193244934082,0.31401658058166504,3.3281723309540025e-05
2252,0.45670831203460693,0.4250791072845459,0.3162919282913208,3.319818840444987e-05
2253,0.47306978702545166,0.44074660539627075,0.32323166728019714,3.311473759468938e-05
2254,0.4881816804409027,0.4548813998699188,0.33300283551216125,3.3031370985312934e-05
2255,0.5166398882865906,0.48114293813705444,0.3549697697162628,3.294808868126894e-05
2256,0.4946552515029907,0.46126002073287964,0.3339521884918213,3.28648907873996e-05
2257,0.47305482625961304,0.4402613639831543,0.3279346823692322,3.2781777408441e-05
2258,0.4840000569820404,0.450059711933136,0.3394034504890442,3.269874864902269e-05
2259,0.4568418562412262,0.42540988326072693,0.31431975960731506,3.261580461366776e-05
2260,0.46828848123550415,0.4365149140357971,0.3177356719970703,3.253294540679257e-05
2261,0.4975276291370392,0.4633958637714386,0.3413175642490387,3.245017113270685e-05
2262,0.46349915862083435,0.4317653477191925,0.31733813881874084,3.236748189561324e-05
2263,0.48488348722457886,0.45209982991218567,0.32783666253089905,3.228487779960745e-05
2264,0.4952828288078308,0.461343377828598,0.3393946588039398,3.220235894867794e-05
2265,0.4766448438167572,0.4438290297985077,0.3281582295894623,3.211992544670581e-05
2266,0.4616873562335968,0.43022477626800537,0.3146258294582367,3.203757739746489e-05
2267,0.45063143968582153,0.41972243785858154,0.30909013748168945,3.195531490462128e-05
2268,0.4885721504688263,0.4547698497772217,0.3380230665206909,3.18731380717334e-05
2269,0.4992726743221283,0.46500182151794434,0.3427085876464844,3.1791047002251884e-05
2270,0.47893738746643066,0.44573214650154114,0.33205240964889526,3.1709041799519315e-05
2271,0.4593336582183838,0.427825003862381,0.31508663296699524,3.162712256677032e-05
2272,0.47029316425323486,0.43798530101776123,0.3230787217617035,3.154528940713113e-05
2273,0.47969138622283936,0.4462122321128845,0.33479154109954834,3.1463542423619794e-05
2274,0.47658365964889526,0.4439123272895813,0.3267131745815277,3.1381881719145724e-05
2275,0.4782155156135559,0.4454854428768158,0.32730069756507874,3.130030739650983e-05
2276,0.47596603631973267,0.44317829608917236,0.32787734270095825,3.121881955840421e-05
2277,0.483489990234375,0.4500166177749634,0.3347336947917938,3.1137418307412116e-05
2278,0.4790854752063751,0.4458005726337433,0.33284905552864075,3.105610374600778e-05
2279,0.4528741240501404,0.4221448600292206,0.3072926700115204,3.0974875976556284e-05
2280,0.49548906087875366,0.4612996280193329,0.3418942391872406,3.089373510131355e-05
2281,0.4632294476032257,0.4314586818218231,0.31770771741867065,3.081268122242598e-05
2282,0.5034708976745605,0.4683149755001068,0.35155898332595825,3.073171444193055e-05
2283,0.46356722712516785,0.43170785903930664,0.3185937702655792,3.065083486175451e-05
2284,0.5286306738853455,0.4917818009853363,0.3684885799884796,3.057004258371541e-05
2285,0.46395835280418396,0.43257689476013184,0.3138146698474884,3.0489337709520917e-05
2286,0.460599809885025,0.4293133318424225,0.3128647804260254,3.0408720340768572e-05
2287,0.4870939254760742,0.4538058340549469,0.33288097381591797,3.0328190578945815e-05
2288,0.46532538533210754,0.43351536989212036,0.31810006499290466,3.0247748525429787e-05
2289,0.47121885418891907,0.43920639157295227,0.32012465596199036,3.0167394281487184e-05
2290,0.4877578616142273,0.45465272665023804,0.33105146884918213,3.008712794827426e-05
2291,0.468654990196228,0.4364525079727173,0.3220248818397522,3.00069496268365e-05
2292,0.46281179785728455,0.4314929246902466,0.3131887912750244,2.9926859418108644e-05
2293,0.4941219687461853,0.45968198776245117,0.34439966082572937,2.9846857422914433e-05
2294,0.48018601536750793,0.44671890139579773,0.3346710503101349,2.97669437419667e-05
2295,0.4777028560638428,0.4450039863586426,0.32698869705200195,2.9687118475866947e-05
2296,0.4568529725074768,0.4256425201892853,0.3121044635772705,2.960738172510551e-05
2297,0.4890057444572449,0.4551146924495697,0.33891040086746216,2.952773359006119e-05
2298,0.46869415044784546,0.43687811493873596,0.3181605041027069,2.9448174171001254e-05
2299,0.4661104679107666,0.43396618962287903,0.3214428424835205,2.9368703568081356e-05
2300,0.4931216835975647,0.45899704098701477,0.34124642610549927,2.9289321881345254e-05
2301,0.4868326187133789,0.4535961151123047,0.3323650062084198,2.921002921072481e-05
2302,0.4668404757976532,0.4351169764995575,0.31723499298095703,2.913082565603982e-05
2303,0.45141252875328064,0.42061394453048706,0.3079858422279358,2.9051711316997864e-05
2304,0.4806288480758667,0.4477498233318329,0.3287903666496277,2.8972686293194308e-05
2305,0.45535507798194885,0.4237847924232483,0.3157028555870056,2.8893750684111975e-05
2306,0.49142977595329285,0.45755937695503235,0.33870401978492737,2.8814904589121137e-05
2307,0.45733800530433655,0.4259166717529297,0.3142133355140686,2.8736148107479478e-05
2308,0.47223910689353943,0.4402953088283539,0.31943801045417786,2.8657481338331715e-05
2309,0.5106843113899231,0.4752283990383148,0.354559063911438,2.8578904380709793e-05
2310,0.46622976660728455,0.43424442410469055,0.3198533058166504,2.850041733353247e-05
2311,0.4322640001773834,0.4027414619922638,0.29522550106048584,2.842202029560538e-05
2312,0.4731931686401367,0.4404442012310028,0.3274895250797272,2.8343713365620772e-05
2313,0.4583461284637451,0.42710280418395996,0.3124333620071411,2.8265496642157597e-05
2314,0.48308733105659485,0.45046937465667725,0.32617953419685364,2.8187370223681132e-05
2315,0.46127936244010925,0.42971253395080566,0.31566816568374634,2.8109334208542993e-05
2316,0.46090883016586304,0.42928072810173035,0.31628111004829407,2.803138869498102e-05
2317,0.4648616909980774,0.4329584836959839,0.31903204321861267,2.7953533781119055e-05
2318,0.4837349057197571,0.4506378471851349,0.3309706747531891,2.7875769564966968e-05
2319,0.478689044713974,0.4456847012042999,0.33004340529441833,2.779809614442046e-05
2320,0.48232516646385193,0.44959557056427,0.32729604840278625,2.7720513617260856e-05
2321,0.4775567054748535,0.4446578621864319,0.3289884030818939,2.764302208115509e-05
2322,0.47291889786720276,0.44042596220970154,0.3249293267726898,2.7565621633655502e-05
2323,0.45729580521583557,0.4258178174495697,0.31477975845336914,2.74883123721999e-05
2324,0.4688873589038849,0.4371993839740753,0.31687986850738525,2.741109439411117e-05
2325,0.4888661503791809,0.45557326078414917,0.33292895555496216,2.7333967796597315e-05
2326,0.45679765939712524,0.4256841838359833,0.3111347556114197,2.7256932676751323e-05
2327,0.46923401951789856,0.4374144375324249,0.3181957006454468,2.7179989131550977e-05
2328,0.47532206773757935,0.4429748058319092,0.3234727084636688,2.7103137257858868e-05
2329,0.4868405759334564,0.45343852043151855,0.3340205252170563,2.7026377152422067e-05
2330,0.45342767238616943,0.42265191674232483,0.307757705450058,2.694970891187224e-05
2331,0.48128077387809753,0.44794028997421265,0.3334047794342041,2.6873132632725297e-05
2332,0.45700767636299133,0.42604103684425354,0.30966639518737793,2.6796648411381485e-05
2333,0.479053258895874,0.4462559223175049,0.32797345519065857,2.672025634412506e-05
2334,0.4790169596672058,0.44628089666366577,0.3273606300354004,2.6643956527124335e-05
2335,0.45672929286956787,0.4255743622779846,0.3115493357181549,2.6567749056431467e-05
2336,0.45314350724220276,0.4220336079597473,0.311099112033844,2.6491634027982325e-05
2337,0.46733522415161133,0.4353644847869873,0.3197074234485626,2.6415611537596496e-05
2338,0.483768492937088,0.450652539730072,0.33115965127944946,2.6339681680977013e-05
2339,0.4578220844268799,0.4262639284133911,0.3155815303325653,2.6263844553710236e-05
2340,0.4840669631958008,0.45130085945129395,0.3276611864566803,2.6188100251265945e-05
2341,0.4597429633140564,0.4283703565597534,0.31372615694999695,2.6112448868996897e-05
2342,0.47756245732307434,0.44503870606422424,0.3252376317977905,2.6036890502139035e-05
2343,0.4960610270500183,0.4621155858039856,0.33945444226264954,2.5961425245811055e-05
2344,0.45626845955848694,0.42482635378837585,0.3144211173057556,2.5886053195014538e-05
2345,0.44650998711586,0.4162134826183319,0.3029650151729584,2.5810774444633644e-05
2346,0.46285146474838257,0.4315734803676605,0.3127796947956085,2.573558908943523e-05
2347,0.46708714962005615,0.4353037476539612,0.31783387064933777,2.5660497224068415e-05
2348,0.469595730304718,0.43723446130752563,0.3236125707626343,2.5585498943064724e-05
2349,0.49004408717155457,0.4570003151893616,0.33043769001960754,2.5510594340837824e-05
2350,0.47088977694511414,0.4388171136379242,0.3207266330718994,2.5435783511683443e-05
2351,0.48228201270103455,0.4491429328918457,0.3313906788825989,2.5361066549779356e-05
2352,0.4654679596424103,0.4335554540157318,0.3191249370574951,2.5286443549185036e-05
2353,0.44072675704956055,0.41063442826271057,0.3009231686592102,2.521191460384178e-05
2354,0.49023738503456116,0.457134485244751,0.33102890849113464,2.5137479807572427e-05
2355,0.4404227137565613,0.4095677137374878,0.30855005979537964,2.506313925408127e-05
2356,0.4925602674484253,0.4590262174606323,0.3353404998779297,2.4988893036954053e-05
2357,0.4798271358013153,0.4460377097129822,0.33789438009262085,2.4914741249657658e-05
2358,0.4484174847602844,0.4180869162082672,0.30330559611320496,2.484068398554016e-05
2359,0.4737924039363861,0.44135355949401855,0.3243885338306427,2.47667213378306e-05
2360,0.44536274671554565,0.41515737771987915,0.30205368995666504,2.4692853399638917e-05
2361,0.4797624349594116,0.4466676115989685,0.330948144197464,2.4619080263955875e-05
2362,0.4737403690814972,0.441692590713501,0.32047784328460693,2.4545402023652784e-05
2363,0.47252553701400757,0.4399970471858978,0.325284868478775,2.4471818771481648e-05
2364,0.483601838350296,0.4504764974117279,0.331253319978714,2.4398330600074713e-05
2365,0.4431799054145813,0.41292282938957214,0.3025708794593811,2.4324937601944685e-05
2366,0.4803427457809448,0.44708314538002014,0.3325960636138916,2.4251639869484375e-05
2367,0.5007904767990112,0.46618255972862244,0.3460789918899536,2.4178437494966688e-05
2368,0.48844578862190247,0.45486652851104736,0.33579254150390625,2.410533057054446e-05
2369,0.5109595060348511,0.47595763206481934,0.35001859068870544,2.4032319188250374e-05
2370,0.4499228894710541,0.4193389415740967,0.30583953857421875,2.3959403439996907e-05
2371,0.49763280153274536,0.4635153114795685,0.34117475152015686,2.388658341757607e-05
2372,0.47467681765556335,0.44190508127212524,0.3277173638343811,2.381385921265936e-05
2373,0.4843626618385315,0.45123526453971863,0.33127397298812866,2.3741230916797675e-05
2374,0.5091833472251892,0.473484069108963,0.3569927215576172,2.3668698621421216e-05
2375,0.5010743141174316,0.46669477224349976,0.34379544854164124,2.3596262417839255e-05
2376,0.48148804903030396,0.44748353958129883,0.34004518389701843,2.352392239724016e-05
2377,0.4459074139595032,0.41514167189598083,0.3076574206352234,2.345167865069119e-05
2378,0.4651241600513458,0.43345165252685547,0.31672513484954834,2.33795312691384e-05
2379,0.47716230154037476,0.44462838768959045,0.32533925771713257,2.330748034340651e-05
2380,0.4568624198436737,0.42544087767601013,0.31421542167663574,2.323552596419889e-05
2381,0.47983816266059875,0.4471060037612915,0.32732152938842773,2.3163668222097313e-05
2382,0.4830222725868225,0.45017188787460327,0.32850372791290283,2.309190720756189e-05
2383,0.4784731864929199,0.4455036520957947,0.3296954035758972,2.3020243010930975e-05
2384,0.44738754630088806,0.41698509454727173,0.30402445793151855,2.2948675722421086e-05
2385,0.5113085508346558,0.4762980043888092,0.3501054048538208,2.2877205432126657e-05
2386,0.5088635683059692,0.4736657440662384,0.3519783020019531,2.280583223002012e-05
2387,0.49250349402427673,0.4584752321243286,0.340282678604126,2.2734556205951596e-05
2388,0.4721011519432068,0.4399547278881073,0.3214641511440277,2.266337744964888e-05
2389,0.453784704208374,0.42241472005844116,0.31369975209236145,2.2592296050717388e-05
2390,0.481204628944397,0.4480433464050293,0.3316127359867096,2.25213120986399e-05
2391,0.49093037843704224,0.45712631940841675,0.33804047107696533,2.2450425682776565e-05
2392,0.48866593837738037,0.4551643431186676,0.3350158631801605,2.237963689236472e-05
2393,0.492809534072876,0.45949479937553406,0.33314746618270874,2.230894581651879e-05
2394,0.47613242268562317,0.4429112672805786,0.3322116434574127,2.2238352544230255e-05
2395,0.46407976746559143,0.4319068193435669,0.32172951102256775,2.2167857164367422e-05
2396,0.4781203866004944,0.4456108510494232,0.32509520649909973,2.2097459765675342e-05
2397,0.482109010219574,0.44899484515190125,0.3311416208744049,2.2027160436775794e-05
2398,0.4542842209339142,0.4232996106147766,0.3098461925983429,2.195695926616702e-05
2399,0.46937546133995056,0.43747663497924805,0.3189883530139923,2.188685634222376e-05
2400,0.49569371342658997,0.4619505703449249,0.33743155002593994,2.1816851753197032e-05
2401,0.4427044093608856,0.41211506724357605,0.30589354038238525,2.174694558721405e-05
2402,0.4804893136024475,0.4477284252643585,0.3276088237762451,2.1677137932278147e-05
2403,0.4938984811306,0.460004985332489,0.33893507719039917,2.1607428876268675e-05
2404,0.4880903661251068,0.4546222686767578,0.3346809446811676,2.153781850694082e-05
2405,0.48194703459739685,0.4487002491950989,0.3324679732322693,2.146830691192553e-05
2406,0.47109711170196533,0.43875789642333984,0.3233920931816101,2.1398894178729423e-05
2407,0.4989436864852905,0.46485990285873413,0.3408379554748535,2.1329580394734638e-05
2408,0.47801530361175537,0.44538894295692444,0.3262634873390198,2.1260365647198798e-05
2409,0.470138281583786,0.43788206577301025,0.3225621283054352,2.119125002325485e-05
2410,0.495416522026062,0.46167299151420593,0.3374353051185608,2.11222336099109e-05
2411,0.4554954767227173,0.4237947165966034,0.3170076608657837,2.1053316494050202e-05
2412,0.4868254065513611,0.4531996250152588,0.33625781536102295,2.098449876243096e-05
2413,0.4684286415576935,0.4362163245677948,0.32212305068969727,2.0915780501686355e-05
2414,0.47522854804992676,0.4422905147075653,0.32938042283058167,2.0847161798324266e-05
2415,0.4760163724422455,0.44342339038848877,0.3259298801422119,2.0778642738727272e-05
2416,0.4756675064563751,0.4431512951850891,0.32516202330589294,2.0710223409152475e-05
2417,0.49788331985473633,0.46326881647109985,0.3461448848247528,2.064190389573153e-05
2418,0.4354005455970764,0.40565964579582214,0.2974088788032532,2.057368428447032e-05
2419,0.49936729669570923,0.4652827978134155,0.3408450484275818,2.0505564661249e-05
2420,0.47792938351631165,0.4454517960548401,0.3247758448123932,2.043754511182191e-05
2421,0.500209629535675,0.46544262766838074,0.3476702570915222,2.036962572181731e-05
2422,0.4633719325065613,0.4309602677822113,0.324116587638855,2.0301806576737482e-05
2423,0.47171005606651306,0.43964001536369324,0.32070043683052063,2.023408776195842e-05
2424,0.47347262501716614,0.4408572316169739,0.3261539340019226,2.016646936272987e-05
2425,0.47263216972351074,0.4401808977127075,0.3245127201080322,2.009895146417512e-05
2426,0.45636674761772156,0.42510008811950684,0.31266653537750244,2.0031534151290953e-05
2427,0.43488696217536926,0.40506425499916077,0.2982270121574402,1.996421750894758e-05
2428,0.4712402820587158,0.4392029643058777,0.3203733265399933,1.9897001621888434e-05
2429,0.47737133502960205,0.44513440132141113,0.32236921787261963,1.9829886574730093e-05
2430,0.47396814823150635,0.44148293137550354,0.3248521685600281,1.9762872451962212e-05
2431,0.44591468572616577,0.41529348492622375,0.30621206760406494,1.969595933794739e-05
2432,0.5079126954078674,0.473297655582428,0.34615039825439453,1.9629147316921125e-05
2433,0.5101532340049744,0.474975049495697,0.3517816364765167,1.9562436472991552e-05
2434,0.4415344297885895,0.4114685654640198,0.3006587326526642,1.9495826890139503e-05
2435,0.45906731486320496,0.42741215229034424,0.31655171513557434,1.9429318652218276e-05
2436,0.46678513288497925,0.43519601225852966,0.315891295671463,1.9362911842953678e-05
2437,0.49011799693107605,0.45647022128105164,0.3364778757095337,1.9296606545943774e-05
2438,0.4673857092857361,0.4353179633617401,0.3206774592399597,1.9230402844658812e-05
2439,0.4898204803466797,0.4563451409339905,0.3347533643245697,1.9164300822441194e-05
2440,0.4811878204345703,0.4480673670768738,0.33120468258857727,1.9098300562505266e-05
2441,0.4456450939178467,0.41488954424858093,0.30755558609962463,1.9032402147937357e-05
2442,0.4941547214984894,0.45990338921546936,0.34251341223716736,1.896660566169548e-05
2443,0.4807523787021637,0.44781169295310974,0.3294067978858948,1.8900911186609426e-05
2444,0.456734836101532,0.42559489607810974,0.3113994598388672,1.8835318805380507e-05
2445,0.4590771198272705,0.42724645137786865,0.3183065950870514,1.8769828600581496e-05
2446,0.4940960109233856,0.4597383439540863,0.34357672929763794,1.870444065465662e-05
2447,0.5010215640068054,0.4664762318134308,0.34545329213142395,1.863915504992131e-05
2448,0.45420634746551514,0.4225427806377411,0.3166356682777405,1.8573971868562156e-05
2449,0.4759725332260132,0.4432905614376068,0.3268195688724518,1.8508891192636824e-05
2450,0.4845842123031616,0.45175379514694214,0.32830432057380676,1.8443913104073983e-05
2451,0.5040108561515808,0.46936658024787903,0.34644266963005066,1.8379037684673105e-05
2452,0.4790695607662201,0.44617441296577454,0.3289514183998108,1.8314265016104417e-05
2453,0.4544582664966583,0.4228944778442383,0.31563788652420044,1.8249595179908773e-05
2454,0.46664464473724365,0.4346165060997009,0.3202815353870392,1.818502825749764e-05
2455,0.450071781873703,0.4192560911178589,0.30815690755844116,1.8120564330152923e-05
2456,0.47160717844963074,0.43873924016952515,0.3286793529987335,1.805620347902681e-05
2457,0.4967919886112213,0.46257254481315613,0.3421943187713623,1.799194578514176e-05
2458,0.46210363507270813,0.4302426278591156,0.3186100423336029,1.7927791329390375e-05
2459,0.47828423976898193,0.44524243474006653,0.33041805028915405,1.786374019253526e-05
2460,0.4668397307395935,0.4348992705345154,0.3194046914577484,1.7799792455209018e-05
2461,0.44843822717666626,0.41794249415397644,0.30495741963386536,1.773594819791403e-05
2462,0.477510005235672,0.4442385733127594,0.3327144384384155,1.767220750102243e-05
2463,0.49434781074523926,0.4604734480381012,0.33874374628067017,1.760857044477596e-05
2464,0.48233267664909363,0.44922488927841187,0.33107790350914,1.7545037109285946e-05
2465,0.45955947041511536,0.4284226596355438,0.31136801838874817,1.7481607574533044e-05
2466,0.492836594581604,0.45955130457878113,0.33285287022590637,1.7418281920367373e-05
2467,0.5104191303253174,0.47540441155433655,0.3501474857330322,1.735506022650817e-05
2468,0.4513055980205536,0.42055395245552063,0.3075163960456848,1.7291942572543807e-05
2469,0.45817360281944275,0.4267871677875519,0.3138643205165863,1.722892903793176e-05
2470,0.469740629196167,0.43779444694519043,0.3194617033004761,1.716601970199836e-05
2471,0.49842536449432373,0.46349582076072693,0.3492955267429352,1.710321464393877e-05
2472,0.49156931042671204,0.4578992426395416,0.3367006182670593,1.7040513942816906e-05
2473,0.48478519916534424,0.4512118101119995,0.3357337415218353,1.697791767756527e-05
2474,0.5059007406234741,0.4712613523006439,0.3463938236236572,1.6915425926984986e-05
2475,0.4583490192890167,0.42678800225257874,0.3156100809574127,1.6853038769745467e-05
2476,0.49418506026268005,0.46041470766067505,0.3377035856246948,1.6790756284384612e-05
2477,0.4811376631259918,0.4475425183773041,0.33595138788223267,1.6728578549308416e-05
2478,0.4845123589038849,0.4514791965484619,0.3303316533565521,1.666650564279105e-05
2479,0.4864184856414795,0.45318543910980225,0.3323303163051605,1.6604537642974793e-05
2480,0.4807448387145996,0.44795897603034973,0.327858567237854,1.6542674627869747e-05
2481,0.4932749569416046,0.4594612419605255,0.3381372094154358,1.6480916675353898e-05
2482,0.47640395164489746,0.443869948387146,0.3253398835659027,1.6419263863172997e-05
2483,0.4757542312145233,0.4425796866416931,0.3317453861236572,1.6357716268940372e-05
2484,0.4853881597518921,0.4513018727302551,0.3408627510070801,1.6296273970136977e-05
2485,0.4848771095275879,0.45097213983535767,0.33904963731765747,1.6234937044111152e-05
2486,0.5048352479934692,0.4697962701320648,0.3503894805908203,1.6173705568078578e-05
2487,0.46904170513153076,0.4368049204349518,0.32236790657043457,1.611257961912227e-05
2488,0.4707809388637543,0.43847140669822693,0.3230953812599182,1.6051559274192275e-05
2489,0.46741148829460144,0.4350855350494385,0.32325947284698486,1.599064461010581e-05
2490,0.5042151808738708,0.46938708424568176,0.3482811748981476,1.5929835703546993e-05
2491,0.45672884583473206,0.42474493384361267,0.3198390305042267,1.5869132631066808e-05
2492,0.47328004240989685,0.4408831000328064,0.32396939396858215,1.5808535469082996e-05
2493,0.5025033950805664,0.4681905508041382,0.3431282639503479,1.574804429388004e-05
2494,0.47119784355163574,0.43900421261787415,0.3219362199306488,1.5687659181608916e-05
2495,0.48825323581695557,0.45454373955726624,0.3370950222015381,1.5627380208287114e-05
2496,0.46075358986854553,0.42956411838531494,0.3118946850299835,1.5567207449798515e-05
2497,0.47147229313850403,0.43892422318458557,0.3254806697368622,1.5507140981893253e-05
2498,0.4761800169944763,0.44357556104660034,0.3260444104671478,1.5447180880187706e-05
2499,0.4899752736091614,0.45662471652030945,0.33350563049316406,1.538732722016434e-05
2500,0.4633753001689911,0.4318767488002777,0.31498560309410095,1.5327580077171587e-05
2501,0.48125359416007996,0.44813042879104614,0.3312316834926605,1.5267939526423824e-05
2502,0.4956590533256531,0.46213972568511963,0.33519312739372253,1.520840564300119e-05
2503,0.45947638154029846,0.4280712604522705,0.31405121088027954,1.5148978501849642e-05
2504,0.4538003206253052,0.4226177930831909,0.3118252158164978,1.5089658177780653e-05
2505,0.4878718852996826,0.45456594228744507,0.3330593705177307,1.5030444745471294e-05
2506,0.45929378271102905,0.42788439989089966,0.314093679189682,1.4971338279464009e-05
2507,0.5041596293449402,0.46922361850738525,0.3493601679801941,1.4912338854166696e-05
2508,0.4724302887916565,0.4402329623699188,0.3219732940196991,1.485344654385239e-05
2509,0.4720655679702759,0.4396221339702606,0.32443442940711975,1.4794661422659306e-05
2510,0.4930911362171173,0.45869213342666626,0.34399011731147766,1.4735983564590783e-05
2511,0.47778305411338806,0.4450964033603668,0.3268664479255676,1.4677413043515042e-05
2512,0.4810929000377655,0.4480484127998352,0.3304447531700134,1.4618949933165272e-05
2513,0.44554516673088074,0.415179044008255,0.3036613166332245,1.4560594307139364e-05
2514,0.4686417281627655,0.4369405508041382,0.3170117437839508,1.4502346238899945e-05
2515,0.4805964231491089,0.44744807481765747,0.3314836025238037,1.4444205801774202e-05
2516,0.4738767147064209,0.4416540563106537,0.32222673296928406,1.4386173068953846e-05
2517,0.4803870618343353,0.44747740030288696,0.32909664511680603,1.4328248113495047e-05
2518,0.4453369379043579,0.41475167870521545,0.3058525323867798,1.427043100831823e-05
2519,0.46867385506629944,0.43630290031433105,0.3237096071243286,1.4212721826208086e-05
2520,0.4975320100784302,0.46365126967430115,0.33880749344825745,1.415512063981339e-05
2521,0.4953685402870178,0.46067550778388977,0.34693026542663574,1.4097627521647061e-05
2522,0.464354932308197,0.43288642168045044,0.3146849572658539,1.4040242544085913e-05
2523,0.43824130296707153,0.4085492491722107,0.29692044854164124,1.3982965779370626e-05
2524,0.4778464138507843,0.44557517766952515,0.322712242603302,1.3925797299605647e-05
2525,0.4630358815193176,0.43121498823165894,0.31820887327194214,1.3868737176759094e-05
2526,0.4498417377471924,0.4182928502559662,0.3154889643192291,1.3811785482662764e-05
2527,0.48484718799591064,0.45144861936569214,0.333985835313797,1.375494228901184e-05
2528,0.4974645972251892,0.46337103843688965,0.34093546867370605,1.3698207667364982e-05
2529,0.47710883617401123,0.444485068321228,0.32623758912086487,1.3641581689144156e-05
2530,0.4675660729408264,0.43584108352661133,0.3172498345375061,1.3585064425634542e-05
2531,0.4640738070011139,0.4327491819858551,0.31324630975723267,1.3528655947984504e-05
2532,0.4971804618835449,0.46274590492248535,0.34434545040130615,1.3472356327205405e-05
2533,0.4526471197605133,0.42200493812561035,0.3064219355583191,1.341616563417163e-05
2534,0.5100048780441284,0.47498589754104614,0.35018986463546753,1.3360083939620394e-05
2535,0.4842109978199005,0.4510340690612793,0.33176931738853455,1.330411131415169e-05
2536,0.4935624599456787,0.4592759311199188,0.3428652286529541,1.3248247828228245e-05
2537,0.4735246002674103,0.4404425323009491,0.3308207094669342,1.3192493552175366e-05
2538,0.47644802927970886,0.4437052309513092,0.32742786407470703,1.3136848556180892e-05
2539,0.5100066661834717,0.4749518632888794,0.35054802894592285,1.308131291029504e-05
2540,0.5156165361404419,0.47936782240867615,0.36248698830604553,1.3025886684430467e-05
2541,0.4656370282173157,0.4336557388305664,0.3198130428791046,1.2970569948361999e-05
2542,0.48400864005088806,0.45072707533836365,0.33281567692756653,1.291536277172667e-05
2543,0.466103732585907,0.43440788984298706,0.3169582784175873,1.2860265224023549e-05
2544,0.4960446059703827,0.4617876410484314,0.34256958961486816,1.2805277374613744e-05
2545,0.5022714138031006,0.4677336812019348,0.3453770577907562,1.2750399292720283e-05
2546,0.47615015506744385,0.4434603750705719,0.32689768075942993,1.2695631047427937e-05
2547,0.46918386220932007,0.43696972727775574,0.3221414387226105,1.2640972707683252e-05
2548,0.4652613699436188,0.4323621690273285,0.32899191975593567,1.2586424342294412e-05
2549,0.47675007581710815,0.44427061080932617,0.3247947096824646,1.2531986019931119e-05
2550,0.5004194974899292,0.46633970737457275,0.3407977223396301,1.2477657809124631e-05
2551,0.4775471091270447,0.44488459825515747,0.3266250789165497,1.242343977826752e-05
2552,0.4856676161289215,0.4526295065879822,0.3303811848163605,1.2369331995613653e-05
2553,0.46858569979667664,0.43677788972854614,0.3180779814720154,1.2315334529278132e-05
2554,0.48525470495224,0.45169514417648315,0.3355957567691803,1.2261447447237195e-05
2555,0.46939510107040405,0.43724191188812256,0.32153189182281494,1.2207670817328066e-05
2556,0.5106671452522278,0.47560685873031616,0.3506031036376953,1.2154004707249011e-05
2557,0.4699813723564148,0.4377938210964203,0.32187554240226746,1.2100449184559093e-05
2558,0.47222959995269775,0.44002601504325867,0.3220358192920685,1.2047004316678156e-05
2559,0.4700232148170471,0.4376954734325409,0.32327744364738464,1.1993670170886806e-05
2560,0.4714692234992981,0.43931350111961365,0.3215573728084564,1.19404468143262e-05
2561,0.4831036925315857,0.4500506520271301,0.33053040504455566,1.1887334313998066e-05
2562,0.5028960108757019,0.46859392523765564,0.3430207073688507,1.1834332736764554e-05
2563,0.4907034933567047,0.45733076333999634,0.33372732996940613,1.1781442149348155e-05
2564,0.4607066512107849,0.4285309612751007,0.3217569589614868,1.1728662618331698e-05
2565,0.47288283705711365,0.44054073095321655,0.3234211504459381,1.1675994210158181e-05
2566,0.46587997674942017,0.4338182806968689,0.32061707973480225,1.1623436991130654e-05
2567,0.4657605290412903,0.43404003977775574,0.3172047734260559,1.1570991027412304e-05
2568,0.4684703052043915,0.4359881579875946,0.3248215615749359,1.151865638502615e-05
2569,0.48183923959732056,0.4489789605140686,0.32860276103019714,1.1466433129855158e-05
2570,0.46474558115005493,0.432756632566452,0.3198896050453186,1.141432132764202e-05
2571,0.4638687074184418,0.43166109919548035,0.32207605242729187,1.1362321043989132e-05
2572,0.4811710715293884,0.44834104180336,0.3283001482486725,1.1310432344358502e-05
2573,0.4665187895298004,0.43472766876220703,0.3179112672805786,1.1258655294071685e-05
2574,0.48480820655822754,0.45154619216918945,0.332620233297348,1.1206989958309656e-05
2575,0.4354797601699829,0.4054243862628937,0.30055364966392517,1.1155436402112785e-05
2576,0.4605250358581543,0.42886120080947876,0.31663843989372253,1.1103994690380681e-05
2577,0.5203227400779724,0.4844072461128235,0.35915520787239075,1.105266488787221e-05
2578,0.46162158250808716,0.4302240312099457,0.3139754831790924,1.1001447059205305e-05
2579,0.4868182837963104,0.45339807868003845,0.3342021703720093,1.0950341268857e-05
2580,0.46265095472335815,0.431261271238327,0.3138969838619232,1.0899347581163221e-05
2581,0.48041027784347534,0.44722458720207214,0.3318568170070648,1.0848466060318807e-05
2582,0.47483351826667786,0.4423321783542633,0.32501333951950073,1.0797696770377352e-05
2583,0.46807920932769775,0.4359714388847351,0.32107773423194885,1.0747039775251266e-05
2584,0.46004629135131836,0.4285085201263428,0.3153776228427887,1.069649513871147e-05
2585,0.4657736122608185,0.4338715076446533,0.31902095675468445,1.0646062924387512e-05
2586,0.48282596468925476,0.44973960518836975,0.3308635354042053,1.0595743195767393e-05
2587,0.5056775808334351,0.470713347196579,0.349642276763916,1.0545536016197499e-05
2588,0.48142531514167786,0.44885706901550293,0.32568249106407166,1.0495441448882571e-05
2589,0.44954973459243774,0.4181910455226898,0.3135869801044464,1.0445459556885517e-05
2590,0.4550367295742035,0.42412933707237244,0.30907386541366577,1.0395590403127486e-05
2591,0.492192804813385,0.4583926200866699,0.33800172805786133,1.0345834050387627e-05
2592,0.45448368787765503,0.423196405172348,0.312872976064682,1.0296190561303132e-05
2593,0.49220550060272217,0.4585183560848236,0.3368713855743408,1.024665999836909e-05
2594,0.4727660119533539,0.44029927253723145,0.32466748356819153,1.0197242423938446e-05
2595,0.4714263677597046,0.4394932985305786,0.31933072209358215,1.0147937900221883e-05
2596,0.4475463926792145,0.4169483184814453,0.3059808611869812,1.0098746489287758e-05
2597,0.4576915502548218,0.4264376163482666,0.3125392198562622,1.0049668253062105e-05
2598,0.4624950587749481,0.43089330196380615,0.31601762771606445,1.0000703253328414e-05
2599,0.48462021350860596,0.4518452286720276,0.3277497887611389,9.95185155172762e-06
2600,0.47546666860580444,0.44267597794532776,0.3279067575931549,9.903113209758096e-06
2601,0.5001691579818726,0.4659810960292816,0.341880738735199,9.854488288775422e-06
2602,0.4655831456184387,0.4339342713356018,0.3164888620376587,9.805976849992494e-06
2603,0.4950590133666992,0.46110156178474426,0.3395744860172272,9.757578954479262e-06
2604,0.44656696915626526,0.41639143228530884,0.30175527930259705,9.709294663162771e-06
2605,0.4706268310546875,0.4383745491504669,0.3225228488445282,9.661124036827063e-06
2606,0.452302485704422,0.42124632000923157,0.31056174635887146,9.61306713611304e-06
2607,0.47842562198638916,0.4458213448524475,0.3260428309440613,9.565124021518545e-06
2608,0.4522861838340759,0.4212844967842102,0.3100168704986572,9.517294753398064e-06
2609,0.4603879451751709,0.42871996760368347,0.3166796565055847,9.469579391962813e-06
2610,0.5322216153144836,0.4955933392047882,0.3662829101085663,9.421977997280596e-06
2611,0.475669264793396,0.44283750653266907,0.32831764221191406,9.3744906292758e-06
2612,0.48454102873802185,0.4514938294887543,0.33047187328338623,9.327117347729197e-06
2613,0.46044081449508667,0.4286792278289795,0.31761598587036133,9.27985821227798e-06
2614,0.4680202007293701,0.43587616086006165,0.32144033908843994,9.23271328241564e-06
2615,0.4830869734287262,0.44971582293510437,0.33371156454086304,9.185682617491863e-06
2616,0.4736924171447754,0.4406352639198303,0.3305714428424835,9.138766276712552e-06
2617,0.4879646897315979,0.45411816239356995,0.33846521377563477,9.091964319139645e-06
2618,0.4430554211139679,0.41262495517730713,0.3043047785758972,9.045276803691094e-06
2619,0.4992355704307556,0.4648657739162445,0.34369802474975586,8.998703789140772e-06
2620,0.4670192301273346,0.43496567010879517,0.3205355703830719,8.952245334118414e-06
2621,0.49993547797203064,0.4656688868999481,0.3426659405231476,8.905901497109581e-06
2622,0.4964393675327301,0.46212995052337646,0.34309422969818115,8.85967233645547e-06
2623,0.48019763827323914,0.44668805599212646,0.33509576320648193,8.813557910352999e-06
2624,0.4968564808368683,0.46279406547546387,0.34062427282333374,8.76755827685456e-06
2625,0.4653383493423462,0.4336795210838318,0.31658831238746643,8.72167349386811e-06
2626,0.4913296699523926,0.4576689302921295,0.33660727739334106,8.675903619156977e-06
2627,0.4618508517742157,0.4299596846103668,0.3189115524291992,8.63024871033985e-06
2628,0.4979137182235718,0.46374014019966125,0.3417357802391052,8.584708824890697e-06
2629,0.4507477581501007,0.4198063611984253,0.30941399931907654,8.539284020138638e-06
2630,0.4652731418609619,0.43357545137405396,0.31697702407836914,8.493974353268019e-06
2631,0.46049025654792786,0.42920634150505066,0.3128390610218048,8.448779881318148e-06
2632,0.468309611082077,0.4367661774158478,0.31543436646461487,8.403700661183355e-06
2633,0.470708966255188,0.43834245204925537,0.32366499304771423,8.358736749612873e-06
2634,0.44416630268096924,0.41377386450767517,0.3039243817329407,8.313888203210774e-06
2635,0.44638189673423767,0.41622087359428406,0.3016103506088257,8.269155078435931e-06
2636,0.4622468650341034,0.4302314817905426,0.32015374302864075,8.224537431601886e-06
2637,0.48098239302635193,0.4482836127281189,0.32698777318000793,8.1800353188768e-06
2638,0.47187545895576477,0.4395766258239746,0.32298827171325684,8.135648796283402e-06
2639,0.46628859639167786,0.43403497338294983,0.3225361406803131,8.091377919698895e-06
2640,0.4931752681732178,0.4595663547515869,0.336089164018631,8.047222744854943e-06
2641,0.4652802646160126,0.43378591537475586,0.3149435818195343,8.003183327337504e-06
2642,0.4641263484954834,0.4324406385421753,0.3168571889400482,7.95925972258683e-06
2643,0.4691881239414215,0.4363603889942169,0.32827726006507874,7.915451985897382e-06
2644,0.44347983598709106,0.413011372089386,0.30468469858169556,7.871760172417763e-06
2645,0.49890509247779846,0.46485334634780884,0.340517520904541,7.828184337150613e-06
2646,0.46970734000205994,0.43740448355674744,0.3230286240577698,7.784724534952625e-06
2647,0.48665693402290344,0.4535861909389496,0.3307075500488281,7.74138082053436e-06
2648,0.5024311542510986,0.46768122911453247,0.3474995195865631,7.698153248460271e-06
2649,0.4533027112483978,0.42236682772636414,0.30935895442962646,7.655041873148605e-06
2650,0.4598506987094879,0.427948534488678,0.3190217614173889,7.612046748871327e-06
2651,0.49480390548706055,0.4614734649658203,0.3333044946193695,7.56916792975404e-06
2652,0.4602305591106415,0.42910322546958923,0.31127333641052246,7.526405469775955e-06
2653,0.5129918456077576,0.47716933488845825,0.3582252264022827,7.483759422769765e-06
2654,0.49866482615470886,0.46438753604888916,0.3427729308605194,7.441229842421671e-06
2655,0.4885554313659668,0.4549999237060547,0.33555522561073303,7.398816782271223e-06
2656,0.4621640741825104,0.4307834804058075,0.3138059079647064,7.3565202957112555e-06
2657,0.4693872630596161,0.43759122490882874,0.31796035170555115,7.314340435987921e-06
2658,0.4780803918838501,0.4453200101852417,0.3276037275791168,7.272277256200499e-06
2659,0.45052456855773926,0.41945189237594604,0.3107268810272217,7.230330809301411e-06
2660,0.48087289929389954,0.4481929540634155,0.32679933309555054,7.1885011480961164e-06
2661,0.5050820112228394,0.47019514441490173,0.34886881709098816,7.1467883252430364e-06
2662,0.46801456809043884,0.435930997133255,0.32083576917648315,7.105192393253524e-06
2663,0.47445428371429443,0.4419495463371277,0.32504749298095703,7.063713404491812e-06
2664,0.46120041608810425,0.4294273555278778,0.3177306354045868,7.022351411174866e-06
2665,0.5038549304008484,0.4694806933403015,0.3437425494194031,6.981106465372389e-06
2666,0.4896472096443176,0.45597660541534424,0.3367061913013458,6.939978619006737e-06
2667,0.4696692228317261,0.43739381432533264,0.3227539658546448,6.8989679238528395e-06
2668,0.49292126297950745,0.4588584005832672,0.3406285047531128,6.858074431538164e-06
2669,0.487766832113266,0.45438700914382935,0.3337981700897217,6.817298193542643e-06
2670,0.49088969826698303,0.4566500782966614,0.34239625930786133,6.776639261198581e-06
2671,0.4808863401412964,0.447959303855896,0.3292704224586487,6.736097685690601e-06
2672,0.47368234395980835,0.441024512052536,0.32657837867736816,6.695673518055579e-06
2673,0.5118950009346008,0.47669917345046997,0.3519585430622101,6.655366809182662e-06
2674,0.45436859130859375,0.4229965806007385,0.31372007727622986,6.615177609813039e-06
2675,0.4823533296585083,0.4490164518356323,0.33336877822875977,6.5751059705400295e-06
2676,0.46917903423309326,0.4367638826370239,0.32415154576301575,6.5351519418089145e-06
2677,0.4945583641529083,0.4606703817844391,0.33887985348701477,6.4953155739169495e-06
2678,0.44967183470726013,0.41887789964675903,0.30793923139572144,6.455596917013273e-06
2679,0.5155571103096008,0.4804040193557739,0.35153090953826904,6.415996021098813e-06
2680,0.46615689992904663,0.4344753921031952,0.3168150782585144,6.37651293602628e-06
2681,0.48273777961730957,0.44943541288375854,0.3330236077308655,6.3371477115000466e-06
2682,0.47807976603507996,0.44463658332824707,0.334431916475296,6.29790039707614e-06
2683,0.47562986612319946,0.44316548109054565,0.32464399933815,6.258771042162137e-06
2684,0.49606388807296753,0.46158134937286377,0.34482523798942566,6.219759696017113e-06
2685,0.45297864079475403,0.42200392484664917,0.3097471296787262,6.180866407751595e-06
2686,0.4591657519340515,0.4274905323982239,0.3167520761489868,6.142091226327484e-06
2687,0.4682353138923645,0.4357300102710724,0.3250531852245331,6.103434200558011e-06
2688,0.4710356593132019,0.43852776288986206,0.3250789940357208,6.06489537910766e-06
2689,0.46030521392822266,0.42878368496894836,0.31521543860435486,6.0264748104920776e-06
2690,0.454055517911911,0.42268088459968567,0.3137464225292206,5.988172543078097e-06
2691,0.4647272825241089,0.4331676661968231,0.3155961036682129,5.9499886250835805e-06
2692,0.5000393390655518,0.46545150876045227,0.3458780348300934,5.911923104577455e-06
2693,0.4448716342449188,0.41477933526039124,0.3009229898452759,5.8739760294795335e-06
2694,0.44959527254104614,0.4188649356365204,0.3073032796382904,5.8361474475605695e-06
2695,0.4759877324104309,0.4435080885887146,0.32479655742645264,5.7984374064421035e-06
2696,0.47224587202072144,0.4400603771209717,0.32185491919517517,5.760845953596527e-06
2697,0.4644221067428589,0.4326929450035095,0.31729158759117126,5.723373136346854e-06
2698,0.4852868616580963,0.4515979290008545,0.33688944578170776,5.6860190018667934e-06
2699,0.4727512001991272,0.44017577171325684,0.3257542848587036,5.6487835971806515e-06
2700,0.49953439831733704,0.46511268615722656,0.3442172408103943,5.611666969163243e-06
2701,0.4719160497188568,0.4394586682319641,0.32457393407821655,5.574669164539903e-06
2702,0.458859920501709,0.42777541279792786,0.3108450174331665,5.537790229886319e-06
2703,0.4707343876361847,0.4386546313762665,0.3207976222038269,5.501030211628599e-06
2704,0.45716872811317444,0.4255428612232208,0.3162586987018585,5.464389156043115e-06
2705,0.4779413044452667,0.4451097249984741,0.32831573486328125,5.427867109256457e-06
2706,0.5033043622970581,0.4689118266105652,0.3439256548881531,5.39146411724547e-06
2707,0.46491673588752747,0.4331888258457184,0.3172791302204132,5.355180225837053e-06
2708,0.5052219033241272,0.4702492952346802,0.34972602128982544,5.3190154807082005e-06
2709,0.4434611201286316,0.4134659767150879,0.29995131492614746,5.282969927385906e-06
2710,0.47102051973342896,0.4385605454444885,0.32459959387779236,5.247043611247127e-06
2711,0.4808882474899292,0.44773781299591064,0.33150431513786316,5.211236577518719e-06
2712,0.45825740694999695,0.42695897817611694,0.31298431754112244,5.175548871277358e-06
2713,0.4469988942146301,0.416517972946167,0.30480924248695374,5.13998053744954e-06
2714,0.4970587193965912,0.46233654022216797,0.3472217917442322,5.104531620811414e-06
2715,0.45639511942863464,0.42520493268966675,0.3119017481803894,5.0692021659888735e-06
2716,0.4873741567134857,0.4537249505519867,0.3364921510219574,5.033992217457395e-06
2717,0.4755435585975647,0.4426107108592987,0.3293285369873047,4.998901819541979e-06
2718,0.48765623569488525,0.4541887640953064,0.3346748352050781,4.963931016417167e-06
2719,0.47370174527168274,0.4410952031612396,0.3260653614997864,4.929079852106933e-06
2720,0.4475521743297577,0.4169406294822693,0.3061154782772064,4.8943483704846475e-06
2721,0.49046197533607483,0.456490159034729,0.3397180438041687,4.859736615273003e-06
2722,0.4747863709926605,0.44195541739463806,0.3283095955848694,4.825244630043979e-06
2723,0.47056517004966736,0.438335657119751,0.3222951591014862,4.790872458218754e-06
2724,0.5007683038711548,0.4661620259284973,0.3460630476474762,4.756620143067725e-06
2725,0.46997374296188354,0.437233567237854,0.3274017870426178,4.722487727710368e-06
2726,0.4874134659767151,0.45421069860458374,0.3320276141166687,4.688475255115244e-06
2727,0.46809449791908264,0.43631550669670105,0.3177899420261383,4.65458276809988e-06
2728,0.4821438193321228,0.4490848183631897,0.33059003949165344,4.620810309330803e-06
2729,0.4519800543785095,0.421103835105896,0.3087620735168457,4.587157921323393e-06
2730,0.46634039282798767,0.43426305055618286,0.3207734525203705,4.553625646441928e-06
2731,0.4932936429977417,0.4589053690433502,0.34388259053230286,4.520213526899431e-06
2732,0.503452479839325,0.46823549270629883,0.35217002034187317,4.486921604757699e-06
2733,0.5062092542648315,0.47155997157096863,0.34649282693862915,4.453749921927175e-06
2734,0.48801910877227783,0.4541116952896118,0.3390740156173706,4.420698520166988e-06
2735,0.46299588680267334,0.4315221607685089,0.3147372603416443,4.3877674410848e-06
2736,0.4808240234851837,0.44789257645606995,0.3293145000934601,4.35495672613685e-06
2737,0.5053932666778564,0.4709571897983551,0.34436073899269104,4.322266416627785e-06
2738,0.47942179441452026,0.44668906927108765,0.32732710242271423,4.289696553710731e-06
2739,0.5066336393356323,0.4722621738910675,0.34371474385261536,4.257247178387192e-06
2740,0.4602721035480499,0.4289509356021881,0.3132115602493286,4.224918331506955e-06
2741,0.4426264464855194,0.41242268681526184,0.30203768610954285,4.19271005376809e-06
2742,0.45608004927635193,0.425187885761261,0.30892157554626465,4.160622385716895e-06
2743,0.47686994075775146,0.44423314929008484,0.3263680636882782,4.1286553677478136e-06
2744,0.47487130761146545,0.44194820523262024,0.32923105359077454,4.096809040103444e-06
2745,0.4717792570590973,0.4394109547138214,0.323682963848114,4.065083442874418e-06
2746,0.43638208508491516,0.4064628779888153,0.29919207096099854,4.033478615999376e-06
2747,0.4501274824142456,0.4191155731678009,0.31011900305747986,4.001994599264957e-06
2748,0.4493527114391327,0.4189269244670868,0.30425795912742615,3.970631432305694e-06
2749,0.46634918451309204,0.43434083461761475,0.32008349895477295,3.93938915460399e-06
2750,0.4438307285308838,0.41338565945625305,0.30445075035095215,3.908267805490051e-06
2751,0.45993927121162415,0.4278849959373474,0.3205428123474121,3.877267424141862e-06
2752,0.4791504144668579,0.4463346302509308,0.3281579613685608,3.8463880495851146e-06
2753,0.4677322506904602,0.4356698989868164,0.3206234872341156,3.815629720693192e-06
2754,0.4854383170604706,0.4518158435821533,0.3362247049808502,3.784992476187066e-06
2755,0.48300063610076904,0.45017749071121216,0.3282313346862793,3.7544763546352834e-06
2756,0.47851255536079407,0.44591599702835083,0.32596567273139954,3.7240813944539153e-06
2757,0.49971893429756165,0.4653920531272888,0.3432687520980835,3.6938076339065207e-06
2758,0.4962601959705353,0.46219325065612793,0.34066933393478394,3.6636551111040475e-06
2759,0.5197983384132385,0.48386356234550476,0.35934796929359436,3.633623864004887e-06
2760,0.4392315149307251,0.4094493091106415,0.297821968793869,3.6037139304146762e-06
2761,0.49999868869781494,0.4649074077606201,0.350912868976593,3.573925347986384e-06
2762,0.4719456434249878,0.43978145718574524,0.32164180278778076,3.5442581542201923e-06
2763,0.4833335280418396,0.45071589946746826,0.3261762261390686,3.5147123864634924e-06
2764,0.46328118443489075,0.4310554563999176,0.3222573697566986,3.485288081910798e-06
2765,0.49289190769195557,0.4591353237628937,0.33756569027900696,3.455985277603713e-06
2766,0.4653978645801544,0.43362778425216675,0.31770071387290955,3.426804010430884e-06
2767,0.4737606644630432,0.4410361349582672,0.32724523544311523,3.3977443171279823e-06
2768,0.4588611125946045,0.4272797703742981,0.3158135414123535,3.3688062342776106e-06
2769,0.4710254669189453,0.4390813112258911,0.3194415271282196,3.339989798309273e-06
2770,0.46139705181121826,0.42885851860046387,0.32538536190986633,3.311295045499363e-06
2771,0.4553737938404083,0.4240614175796509,0.3131237030029297,3.282722011971051e-06
2772,0.47722938656806946,0.44452470541000366,0.3270469009876251,3.254270733694331e-06
2773,0.46333327889442444,0.431913822889328,0.31419458985328674,3.2259412464858753e-06
2774,0.4655322730541229,0.4337584376335144,0.31773829460144043,3.197733586009055e-06
2775,0.4920330047607422,0.45849213004112244,0.3354088068008423,3.169647787773866e-06
2776,0.4596926271915436,0.4283163249492645,0.31376293301582336,3.1416838871368924e-06
2777,0.4871788024902344,0.4538961350917816,0.3328266739845276,3.1138419193012857e-06
2778,0.4800964295864105,0.44691482186317444,0.33181601762771606,3.086121919316698e-06
2779,0.48386648297309875,0.4508340358734131,0.3303244411945343,3.0585239220792037e-06
2780,0.4960052967071533,0.4619961977005005,0.3400910198688507,3.0310479623313127e-06
2781,0.47309187054634094,0.4403921365737915,0.32699742913246155,3.0036940746619224e-06
2782,0.5071234107017517,0.4725662171840668,0.34557193517684937,2.9764622935062438e-06
2783,0.488436222076416,0.4548965096473694,0.33539703488349915,2.949352653145754e-06
2784,0.4689113199710846,0.43690088391304016,0.3201044797897339,2.922365187708187e-06
2785,0.4812301993370056,0.4485786259174347,0.3265158534049988,2.8954999311674558e-06
2786,0.465140700340271,0.4333152770996094,0.31825414299964905,2.8687569173436623e-06
2787,0.4967629611492157,0.46250593662261963,0.34257033467292786,2.842136179902988e-06
2788,0.47633838653564453,0.44381725788116455,0.32521122694015503,2.8156377523576803e-06
2789,0.4692339301109314,0.4372423589229584,0.31991565227508545,2.7892616680660457e-06
2790,0.44901078939437866,0.4186190962791443,0.30391693115234375,2.7630079602323442e-06
2791,0.43796223402023315,0.4080169200897217,0.2994530200958252,2.7368766619067953e-06
2792,0.48707348108291626,0.4535297453403473,0.33543744683265686,2.7108678059855065e-06
2793,0.45863351225852966,0.42725977301597595,0.3137374222278595,2.6849814252104754e-06
2794,0.46268361806869507,0.4313186705112457,0.3136495053768158,2.6592175521694795e-06
2795,0.47146719694137573,0.4390825927257538,0.32384589314460754,2.6335762192960743e-06
2796,0.49519050121307373,0.46025434136390686,0.3493615388870239,2.608057458869606e-06
2797,0.4885537624359131,0.4546627998352051,0.3389096260070801,2.582661303015066e-06
2798,0.4884972870349884,0.45434126257896423,0.3415603041648865,2.5573877837031137e-06
2799,0.49667972326278687,0.4626524746417999,0.3402724266052246,2.532236932750021e-06
2800,0.4782542586326599,0.44517603516578674,0.33078208565711975,2.5072087818176382e-06
2801,0.4608261287212372,0.42895057797431946,0.31875553727149963,2.482303362413374e-06
2802,0.4575134515762329,0.4262285828590393,0.3128485381603241,2.457520705890093e-06
2803,0.4880319833755493,0.45455753803253174,0.33474451303482056,2.4328608434461276e-06
2804,0.48220157623291016,0.44928351044654846,0.3291807174682617,2.4083238061252567e-06
2805,0.45757946372032166,0.42632269859313965,0.3125676214694977,2.383909624816616e-06
2806,0.5020278096199036,0.4673852324485779,0.3464256823062897,2.3596183302546647e-06
2807,0.46228185296058655,0.4305657744407654,0.31716084480285645,2.3354499530191975e-06
2808,0.504011332988739,0.46953529119491577,0.34476035833358765,2.311404523535243e-06
2809,0.48739156126976013,0.45362672209739685,0.3376484513282776,2.2874820720730438e-06
2810,0.47454580664634705,0.44203007221221924,0.3251573443412781,2.2636826287480873e-06
2811,0.4519106149673462,0.4210626780986786,0.3084794878959656,2.240006223520941e-06
2812,0.4720190763473511,0.4395946264266968,0.3242444694042206,2.2164528861973064e-06
2813,0.508098840713501,0.473430871963501,0.34667956829071045,2.193022646427978e-06
2814,0.47483307123184204,0.44210299849510193,0.32730066776275635,2.1697155337087604e-06
2815,0.4671682119369507,0.43501660227775574,0.321516215801239,2.1465315773804616e-06
2816,0.48839807510375977,0.4550148546695709,0.3338320851325989,2.123470806628858e-06
2817,0.4567893445491791,0.4254022538661957,0.3138708770275116,2.1005332504846597e-06
2818,0.45392027497291565,0.422670841217041,0.3124943673610687,2.0777189378234143e-06
2819,0.4752618372440338,0.4426462948322296,0.32615554332733154,2.0550278973656024e-06
2820,0.48002758622169495,0.4468826949596405,0.33144888281822205,2.032460157676452e-06
2821,0.47732436656951904,0.4445815086364746,0.32742851972579956,2.010015747165983e-06
2822,0.5097504258155823,0.47513890266418457,0.34611546993255615,1.9876946940889927e-06
2823,0.4794023931026459,0.44642290472984314,0.32979482412338257,1.965497026544938e-06
2824,0.4739340543746948,0.4413057863712311,0.3262825906276703,1.9434227724779984e-06
2825,0.46696698665618896,0.43521547317504883,0.31751522421836853,1.921471959676957e-06
2826,0.47812166810035706,0.4458635449409485,0.3225812613964081,1.899644615775209e-06
2827,0.45804744958877563,0.42669549584388733,0.31351950764656067,1.8779407682507077e-06
2828,0.4589923024177551,0.42729640007019043,0.3169589936733246,1.856360444425953e-06
2829,0.47394728660583496,0.4416261911392212,0.3232109844684601,1.834903671467958e-06
2830,0.48141953349113464,0.44788190722465515,0.3353763818740845,1.81357047638816e-06
2831,0.4686404764652252,0.43621310591697693,0.3242737352848053,1.7923608860424658e-06
2832,0.4791177213191986,0.4462096691131592,0.3290804922580719,1.771274927131139e-06
2833,0.4871642589569092,0.45367228984832764,0.33491963148117065,1.7503126261988355e-06
2834,0.4633147716522217,0.4317058324813843,0.31608936190605164,1.7294740096345575e-06
2835,0.4822441339492798,0.4489654004573822,0.33278730511665344,1.7087591036715534e-06
2836,0.4633137881755829,0.43164557218551636,0.31668224930763245,1.6881679343873636e-06
2837,0.4890085458755493,0.45534294843673706,0.33665600419044495,1.667700527703775e-06
2838,0.4654136896133423,0.43403440713882446,0.3137929439544678,1.6473569093867436e-06
2839,0.46215373277664185,0.43094950914382935,0.31204235553741455,1.6271371050464056e-06
2840,0.4533616602420807,0.42182230949401855,0.3153933882713318,1.6070411401370334e-06
2841,0.4751134514808655,0.44294747710227966,0.3216598927974701,1.58706903995699e-06
2842,0.5075162053108215,0.4723997116088867,0.3511647880077362,1.5672208296486969e-06
2843,0.44876182079315186,0.41759663820266724,0.3116518259048462,1.5474965341986558e-06
2844,0.45875072479248047,0.42750099301338196,0.31249740719795227,1.5278961784373268e-06
2845,0.4707575738430023,0.4385392665863037,0.32218319177627563,1.5084197870391837e-06
2846,0.4784757196903229,0.44583457708358765,0.32641151547431946,1.4890673845226133e-06
2847,0.5044680833816528,0.470306932926178,0.3416112959384918,1.469838995249928e-06
2848,0.4697120785713196,0.43777894973754883,0.3193313777446747,1.4507346434273316e-06
2849,0.4461927115917206,0.41563287377357483,0.30559849739074707,1.4317543531048749e-06
2850,0.4698546528816223,0.4373932182788849,0.32461437582969666,1.4128981481764115e-06
2851,0.4730640649795532,0.4408688247203827,0.32195255160331726,1.3941660523796196e-06
2852,0.47983261942863464,0.4463684856891632,0.3346412479877472,1.375558089295914e-06
2853,0.46894755959510803,0.43657350540161133,0.3237406611442566,1.3570742823504567e-06
2854,0.4629666209220886,0.4309943616390228,0.3197227418422699,1.3387146548120899e-06
2855,0.4719316363334656,0.4396987557411194,0.32232892513275146,1.3204792297933588e-06
2856,0.4806208610534668,0.4478384852409363,0.3278236985206604,1.3023680302504338e-06
2857,0.4817854166030884,0.4486822187900543,0.3310319781303406,1.2843810789831102e-06
2858,0.4997153580188751,0.4651853144168854,0.34530043601989746,1.2665183986347528e-06
2859,0.4625689387321472,0.43063709139823914,0.3193185031414032,1.2487800116922966e-06
2860,0.4759010672569275,0.4436492919921875,0.3225177526473999,1.231165940486234e-06
2861,0.46995553374290466,0.4377358555793762,0.3221968710422516,1.2136762071904838e-06
2862,0.4768655598163605,0.4437132477760315,0.33152303099632263,1.1963108338225337e-06
2863,0.4838031530380249,0.45055562257766724,0.33247530460357666,1.1790698422432521e-06
2864,0.4648919701576233,0.4328884184360504,0.3200356066226959,1.1619532541569333e-06
2865,0.4952355623245239,0.4613964855670929,0.3383907675743103,1.1449610911112741e-06
2866,0.4765530228614807,0.4440556764602661,0.32497355341911316,1.128093374497352e-06
2867,0.4751056432723999,0.44252514839172363,0.32580503821372986,1.1113501255495485e-06
2868,0.44680437445640564,0.4163903295993805,0.3041403293609619,1.0947313653455694e-06
2869,0.4780125916004181,0.4451300799846649,0.32882511615753174,1.0782371148064241e-06
2870,0.4896109700202942,0.45548540353775024,0.3412555158138275,1.0618673946963365e-06
2871,0.4560190737247467,0.4248307943344116,0.31188273429870605,1.0456222256227999e-06
2872,0.4825322926044464,0.44896069169044495,0.33571603894233704,1.0295016280365112e-06
2873,0.4619137644767761,0.4301210343837738,0.3179273307323456,1.0135056222313143e-06
2874,0.48483729362487793,0.45152416825294495,0.3331311047077179,9.976342283442463e-07
2875,0.4857690632343292,0.4521613121032715,0.33607739210128784,9.818874663554357e-07
2876,0.4890485405921936,0.4556877017021179,0.3336084187030792,9.662653560881584e-07
2877,0.4704039394855499,0.43846994638442993,0.3193398714065552,9.50767917208728e-07
2878,0.44769105315208435,0.4172983467578888,0.3039271831512451,9.353951692265383e-07
2879,0.4741298258304596,0.4410538077354431,0.3307602107524872,9.20147131493998e-07
2880,0.4827374815940857,0.449423223733902,0.3331424295902252,9.0502382320653e-07
2881,0.4880272448062897,0.45388057827949524,0.3414665758609772,8.900252634025274e-07
2882,0.4830833375453949,0.4501280188560486,0.32955315709114075,8.751514709633424e-07
2883,0.4803275763988495,0.44743815064430237,0.32889431715011597,8.604024646132857e-07
2884,0.4695127010345459,0.43714627623558044,0.3236643671989441,8.457782629195388e-07
2885,0.4797077476978302,0.44701728224754333,0.32690468430519104,8.31278884292186e-07
2886,0.47485435009002686,0.44242995977401733,0.32424396276474,8.16904346984193e-07
2887,0.4833976924419403,0.4499206244945526,0.3347707986831665,8.026546690913406e-07
2888,0.45076003670692444,0.41997644305229187,0.3078359365463257,7.885298685522235e-07
2889,0.46878501772880554,0.4367521107196808,0.3203289806842804,7.745299631482405e-07
2890,0.44693562388420105,0.4164203405380249,0.3051528036594391,7.606549705035937e-07
2891,0.5016340017318726,0.4674035310745239,0.3423044979572296,7.469049080851775e-07
2892,0.47868749499320984,0.44616958498954773,0.3251791298389435,7.332797932026459e-07
2893,0.4636434018611908,0.4320302903652191,0.31613099575042725,7.19779643008367e-07
2894,0.4463830888271332,0.4156266450881958,0.307564377784729,7.064044744973686e-07
2895,0.4879515469074249,0.4547436833381653,0.33207860589027405,6.931543045073708e-07
2896,0.5015780329704285,0.4674336612224579,0.3414439857006073,6.800291497187083e-07
2897,0.48439884185791016,0.45088157057762146,0.33517271280288696,6.670290266543644e-07
2898,0.46645841002464294,0.43458932638168335,0.3186907172203064,6.541539516799033e-07
2899,0.46896034479141235,0.4368430972099304,0.3211723268032074,6.414039410034489e-07
2900,0.4804656505584717,0.4473994970321655,0.3306613862514496,6.287790106757396e-07
2901,0.4672994017601013,0.4350740909576416,0.3222529888153076,6.162791765900177e-07
2902,0.47232455015182495,0.43915748596191406,0.33167076110839844,6.039044544820404e-07
2903,0.4712836742401123,0.43892186880111694,0.32361817359924316,5.916548599300576e-07
2904,0.4801616668701172,0.44780534505844116,0.3235633373260498,5.795304083548559e-07
2905,0.4810805916786194,0.44751274585723877,0.3356783986091614,5.675311150195928e-07
2906,0.4629448652267456,0.43142321705818176,0.3152163624763489,5.556569950299517e-07
2907,0.511560320854187,0.47599202394485474,0.3556831479072571,5.439080633339866e-07
2908,0.4730844795703888,0.441010057926178,0.3207441568374634,5.322843347221662e-07
2909,0.4661690592765808,0.43426963686943054,0.31899407505989075,5.207858238273522e-07
2910,0.47237345576286316,0.4402851462364197,0.3208830952644348,5.094125451247655e-07
2911,0.45917999744415283,0.42679905891418457,0.32380932569503784,4.981645129319756e-07
2912,0.46183374524116516,0.43015769124031067,0.3167605698108673,4.870417414088779e-07
2913,0.5200508236885071,0.4841104745864868,0.35940372943878174,4.760442445576829e-07
2914,0.469521164894104,0.43745163083076477,0.32069525122642517,4.6517203622291615e-07
2915,0.4618741571903229,0.4297318458557129,0.3214230537414551,4.544251300913405e-07
2916,0.484009712934494,0.45078179240226746,0.33227914571762085,4.438035396920004e-07
2917,0.46841272711753845,0.43630266189575195,0.32110053300857544,4.333072783961889e-07
2918,0.46692517399787903,0.43517762422561646,0.31747546792030334,4.2293635941742517e-07
2919,0.47091883420944214,0.43896880745887756,0.31950026750564575,4.1269079581142124e-07
2920,0.47169941663742065,0.439137727022171,0.3256170153617859,4.025706004760932e-07
2921,0.49686652421951294,0.4625634253025055,0.34303098917007446,3.925757861515389e-07
2922,0.46254223585128784,0.43080073595046997,0.3174150884151459,3.827063654199936e-07
2923,0.49391984939575195,0.4597648084163666,0.34155043959617615,3.7296235070587435e-07
2924,0.4730595052242279,0.440815269947052,0.3224424719810486,3.633437542756912e-07
2925,0.47390079498291016,0.44131362438201904,0.32587161660194397,3.5385058823809156e-07
2926,0.49682602286338806,0.46234339475631714,0.344826340675354,3.444828645438047e-07
2927,0.45716288685798645,0.42566654086112976,0.31496337056159973,3.3524059498565297e-07
2928,0.4562472999095917,0.4250679016113281,0.3117939531803131,3.261237911985404e-07
2929,0.46621349453926086,0.434102863073349,0.3211063742637634,3.171324646593865e-07
2930,0.466168075799942,0.4339614510536194,0.32206615805625916,3.0826662668720364e-07
2931,0.44478529691696167,0.4145233929157257,0.302619069814682,2.99526288442975e-07
2932,0.4518078863620758,0.4207824468612671,0.31025442481040955,2.9091146092973254e-07
2933,0.4840858280658722,0.4512239098548889,0.32861924171447754,2.8242215499248993e-07
2934,0.48540958762168884,0.4520759880542755,0.3333359360694885,2.740583813182429e-07
2935,0.4817028343677521,0.44891607761383057,0.32786744832992554,2.658201504359803e-07
2936,0.49049147963523865,0.4564341902732849,0.34057289361953735,2.577074727165951e-07
2937,0.462291955947876,0.43055322766304016,0.31738734245300293,2.497203583729957e-07
2938,0.4799404740333557,0.4473750591278076,0.325654000043869,2.418588174599612e-07
2939,0.4558490514755249,0.42456796765327454,0.3128109574317932,2.3412285987420847e-07
2940,0.46790623664855957,0.4360373914241791,0.31868839263916016,2.265124953543918e-07
2941,0.4776608347892761,0.4452133774757385,0.3244745135307312,2.1902773348100315e-07
2942,0.453855037689209,0.4229615330696106,0.30893489718437195,2.1166858367646093e-07
2943,0.4465078115463257,0.4158455729484558,0.30662238597869873,2.0443505520503224e-07
2944,0.443537175655365,0.4124329388141632,0.3110422194004059,1.973271571728441e-07
2945,0.4787619709968567,0.4457915127277374,0.32970452308654785,1.9034489852787218e-07
2946,0.472699373960495,0.44008323550224304,0.32616138458251953,1.834882880599409e-07
2947,0.47220736742019653,0.43970999121665955,0.32497361302375793,1.7675733440066789e-07
2948,0.480405330657959,0.44714903831481934,0.3325629234313965,1.7015204602350843e-07
2949,0.4787152111530304,0.4457961916923523,0.32919013500213623,1.6367243124372212e-07
2950,0.46558260917663574,0.4339761435985565,0.3160647749900818,1.5731849821833954e-07
2951,0.4813425540924072,0.4476473927497864,0.3369515538215637,1.5109025494620677e-07
2952,0.46682652831077576,0.4350574314594269,0.31769102811813354,1.449877092679075e-07
2953,0.4818993806838989,0.4485410749912262,0.3335830271244049,1.3901086886580762e-07
2954,0.49658310413360596,0.46279388666152954,0.33789220452308655,1.3315974126401066e-07
2955,0.48392581939697266,0.45109081268310547,0.3283500671386719,1.274343338283801e-07
2956,0.49798959493637085,0.46387675404548645,0.34112825989723206,1.2183465376650605e-07
2957,0.4688922166824341,0.43692049384117126,0.3197171092033386,1.1636070812770516e-07
2958,0.4770100712776184,0.44429394602775574,0.32716110348701477,1.1101250380300965e-07
2959,0.44727540016174316,0.4166926145553589,0.3058277666568756,1.0579004752513389e-07
2960,0.4801219701766968,0.4471968114376068,0.3292514681816101,1.0069334586854107e-07
2961,0.49464672803878784,0.46091726422309875,0.3372945785522461,9.572240524933218e-08
2962,0.4750587046146393,0.4423096179962158,0.3274909555912018,9.087723192533482e-08
2963,0.4731906056404114,0.4409836530685425,0.3220694065093994,8.615783199602545e-08
2964,0.4743925631046295,0.44151610136032104,0.32876449823379517,8.156421140254056e-08
2965,0.46358898282051086,0.4317813217639923,0.31807655096054077,7.709637592770991e-08
2966,0.47702696919441223,0.4446810483932495,0.3234592080116272,7.275433119596776e-08
2967,0.4995976686477661,0.4652550220489502,0.343426376581192,6.853808267344164e-08
2968,0.4803027808666229,0.4469161629676819,0.3338661789894104,6.444763566786361e-08
2969,0.4693896472454071,0.43736007809638977,0.32029569149017334,6.048299532861457e-08
2970,0.5156807899475098,0.48045215010643005,0.35228630900382996,5.6644166646668826e-08
2971,0.4747300148010254,0.4421614110469818,0.325685977935791,5.2931154454671783e-08
2972,0.48092639446258545,0.44795462489128113,0.3297176957130432,4.934396342684e-08
2973,0.4504725933074951,0.41974937915802,0.3072322607040405,4.588259807901674e-08
2974,0.4756176769733429,0.4433125853538513,0.3230508863925934,4.254706276862752e-08
2975,0.48735755681991577,0.45428532361984253,0.33072224259376526,3.933736169471347e-08
2976,0.47114768624305725,0.4385446608066559,0.3260303735733032,3.6253498897886873e-08
2977,0.48356518149375916,0.45075172185897827,0.32813453674316406,3.3295478260364496e-08
2978,0.49776309728622437,0.46350276470184326,0.342603474855423,3.0463303505934295e-08
2979,0.4844379723072052,0.45107367634773254,0.3336428999900818,2.7756978199944273e-08
2980,0.4812280237674713,0.4478634297847748,0.33364593982696533,2.5176505749346936e-08
2981,0.48618292808532715,0.45254603028297424,0.3363688886165619,2.2721889402621545e-08
2982,0.4556981921195984,0.4245440363883972,0.3115416467189789,2.039313224985184e-08
2983,0.4912381172180176,0.4580634534358978,0.33174648880958557,1.8190237222648343e-08
2984,0.4794134199619293,0.4465000331401825,0.3291339874267578,1.6113207094181626e-08
2985,0.4774957299232483,0.4444635510444641,0.33032169938087463,1.4162044479182346e-08
2986,0.4780181646347046,0.44483378529548645,0.33184394240379333,1.2336751833941229e-08
2987,0.49503418803215027,0.4613620340824127,0.33672162890434265,1.0637331456264666e-08
2988,0.46106192469596863,0.42979538440704346,0.3126653730869293,9.063785485508014e-09
2989,0.48264315724372864,0.4495149552822113,0.3312819302082062,7.616115902586707e-09
2990,0.47719085216522217,0.4445781111717224,0.3261275589466095,6.294324529942941e-09
2991,0.4477909207344055,0.4173961877822876,0.30394718050956726,5.098413031534577e-09
2992,0.49945691227912903,0.46498242020606995,0.3447449505329132,4.028382912890649e-09
2993,0.46914058923721313,0.4367888867855072,0.32351693511009216,3.0842355210336515e-09
2994,0.4775022268295288,0.4442771077156067,0.33225107192993164,2.2659720445239452e-09
2995,0.46787697076797485,0.43602123856544495,0.318557471036911,1.5735935134708613e-09
2996,0.4833680987358093,0.45056989789009094,0.3279820680618286,1.0071007994771898e-09
2997,0.4559853672981262,0.424678236246109,0.3130711615085602,5.664946157168949e-10
2998,0.4789115786552429,0.4462170898914337,0.3269447684288025,2.5177551682409317e-10
2999,0.4892127811908722,0.45558226108551025,0.33630508184432983,6.294389901517761e-11
