step,loss,temporal,spectral,lr
0,0.9517947435379028,0.8889477252960205,0.6284698843955994,1.0000000000000002e-06
1,0.9242773056030273,0.862815797328949,0.6146151423454285,2.0000000000000003e-06
2,0.9560924768447876,0.8921281695365906,0.6396429538726807,3e-06
3,0.9464521408081055,0.8840508460998535,0.6240127086639404,4.000000000000001e-06
4,0.9939795136451721,0.9282528758049011,0.6572665572166443,5e-06
5,0.9101735353469849,0.8494795560836792,0.6069400906562805,6e-06
6,0.9058110117912292,0.8457828760147095,0.6002814769744873,7.000000000000001e-06
7,0.9657198190689087,0.9016559720039368,0.6406386494636536,8.000000000000001e-06
8,0.8951241970062256,0.8359476327896118,0.5917654037475586,9e-06
9,0.9050703644752502,0.844782292842865,0.6028807163238525,1e-05
10,0.9579179883003235,0.8938003778457642,0.641176164150238,1.1000000000000001e-05
11,0.9239265322685242,0.8620591163635254,0.618674099445343,1.2e-05
12,0.90940922498703,0.8487682342529297,0.6064100861549377,1.3000000000000001e-05
13,0.9103683233261108,0.8489862084388733,0.6138210892677307,1.4000000000000001e-05
14,0.921026885509491,0.8591279983520508,0.618989109992981,1.5e-05
15,0.9306946992874146,0.8676694631576538,0.6302525997161865,1.6000000000000003e-05
16,0.9117430448532104,0.8505373001098633,0.6120572686195374,1.7000000000000003e-05
17,0.8967967629432678,0.83662348985672,0.6017328500747681,1.8e-05
18,0.872107207775116,0.813595712184906,0.5851147174835205,1.9e-05
19,0.8845058679580688,0.8252750039100647,0.5923089385032654,2e-05
20,0.8619845509529114,0.8040363192558289,0.57948237657547,2.1e-05
21,0.8782620429992676,0.8182619214057922,0.6000010371208191,2.2000000000000003e-05
22,0.8906718492507935,0.829948902130127,0.6072294116020203,2.3000000000000003e-05
23,0.8796804547309875,0.8205660581588745,0.591143786907196,2.4e-05
24,0.8824571371078491,0.821935772895813,0.6052139401435852,2.5e-05
25,0.8994070887565613,0.838511049747467,0.6089602708816528,2.6000000000000002e-05
26,0.8437609672546387,0.786814272403717,0.5694668292999268,2.7000000000000002e-05
27,0.848373293876648,0.7914636135101318,0.5690969228744507,2.8000000000000003e-05
28,0.8352132439613342,0.778768002986908,0.5644522309303284,2.9e-05
29,0.8304377794265747,0.7746954560279846,0.55742347240448,3e-05
30,0.8350909352302551,0.7786898612976074,0.5640107989311218,3.1e-05
31,0.8327493667602539,0.7766244411468506,0.5612491369247437,3.2000000000000005e-05
32,0.8250284790992737,0.7692615389823914,0.5576692223548889,3.3e-05
33,0.7857128381729126,0.7318690419197083,0.5384381413459778,3.4000000000000007e-05
34,0.8227925300598145,0.7666434645652771,0.5614904165267944,3.5e-05
35,0.808601975440979,0.753600537776947,0.550014317035675,3.6e-05
36,0.8038309216499329,0.7490561604499817,0.547747790813446,3.7e-05
37,0.7837197184562683,0.7298502326011658,0.5386949181556702,3.8e-05
38,0.7922512888908386,0.7372429966926575,0.5500830411911011,3.9000000000000006e-05
39,0.771519660949707,0.7173975706100464,0.5412210822105408,4e-05
40,0.7906051874160767,0.7356430888175964,0.5496206879615784,4.1e-05
41,0.7714383602142334,0.7178438901901245,0.5359448194503784,4.2e-05
42,0.790197491645813,0.7349017858505249,0.5529569983482361,4.3e-05
43,0.7409854531288147,0.6887989640235901,0.5218647718429565,4.4000000000000006e-05
44,0.7652340531349182,0.7108781337738037,0.5435591340065002,4.5e-05
45,0.7955929040908813,0.739505410194397,0.5608751773834229,4.600000000000001e-05
46,0.7791693210601807,0.7249001264572144,0.5426918864250183,4.7e-05
47,0.7492046356201172,0.6959316730499268,0.5327295660972595,4.8e-05
48,0.771888017654419,0.7181461453437805,0.53741854429245,4.9e-05
49,0.7401811480522156,0.6885994672775269,0.5158166289329529,5e-05
50,0.7408013939857483,0.6891461610794067,0.5165523290634155,5.1000000000000006e-05
51,0.7175934314727783,0.666968584060669,0.5062485933303833,5.2000000000000004e-05
52,0.7763609290122986,0.7214813828468323,0.5487957000732422,5.300000000000001e-05
53,0.7201700210571289,0.6685683727264404,0.5160167813301086,5.4000000000000005e-05
54,0.7302612662315369,0.6781488060951233,0.5211247205734253,5.500000000000001e-05
55,0.7036128044128418,0.6529402732849121,0.5067251920700073,5.6000000000000006e-05
56,0.6796359419822693,0.6319100260734558,0.4772590696811676,5.6999999999999996e-05
57,0.7037274241447449,0.6555188894271851,0.482085257768631,5.8e-05
58,0.6707256436347961,0.6231548190116882,0.4757083058357239,5.9e-05
59,0.7139368057250977,0.6633521318435669,0.5058469176292419,6e-05
60,0.6947119832038879,0.6452615261077881,0.4945047199726105,6.1e-05
61,0.6849874258041382,0.6368893980979919,0.4809800982475281,6.2e-05
62,0.6887516975402832,0.6397039294242859,0.49047791957855225,6.3e-05
63,0.7445770502090454,0.6917564868927002,0.5282053351402283,6.400000000000001e-05
64,0.7153529524803162,0.6657528877258301,0.4960005283355713,6.500000000000001e-05
65,0.675545334815979,0.6277004480361938,0.4784485995769501,6.6e-05
66,0.6615818738937378,0.6152201890945435,0.4636167287826538,6.7e-05
67,0.6924710273742676,0.6438283920288086,0.48642656207084656,6.800000000000001e-05
68,0.6703954935073853,0.6222105026245117,0.4818498492240906,6.9e-05
69,0.6567612290382385,0.609553337097168,0.47207874059677124,7e-05
70,0.6702609062194824,0.6219297051429749,0.48331180214881897,7.1e-05
71,0.6626008749008179,0.6154009103775024,0.47199973464012146,7.2e-05
72,0.6869989037513733,0.6389076113700867,0.48091286420822144,7.3e-05
73,0.6774258017539978,0.6301236748695374,0.47302117943763733,7.4e-05
74,0.6545631289482117,0.607297956943512,0.4726516604423523,7.500000000000001e-05
75,0.6535305976867676,0.6067172884941101,0.46813318133354187,7.6e-05
76,0.6768996119499207,0.6286953091621399,0.48204290866851807,7.7e-05
77,0.6476414799690247,0.6018242239952087,0.4581727683544159,7.800000000000001e-05
78,0.6556321978569031,0.6086770296096802,0.4695514440536499,7.900000000000001e-05
79,0.6469092965126038,0.6007369756698608,0.46172311902046204,8e-05
80,0.6522626280784607,0.6064721941947937,0.4579043686389923,8.1e-05
81,0.6356844902038574,0.5904597043991089,0.45224785804748535,8.2e-05
82,0.6322876214981079,0.587804913520813,0.44482728838920593,8.3e-05
83,0.6403710842132568,0.5947866439819336,0.4558446705341339,8.4e-05
84,0.6661925911903381,0.6187810301780701,0.4741157591342926,8.5e-05
85,0.6649524569511414,0.6174800992012024,0.474723756313324,8.6e-05
86,0.61778324842453,0.5730224251747131,0.4476082921028137,8.7e-05
87,0.618132472038269,0.5732578039169312,0.44874656200408936,8.800000000000001e-05
88,0.6172189712524414,0.5737624764442444,0.4345647692680359,8.900000000000001e-05
89,0.6459247469902039,0.6002218127250671,0.4570295810699463,9e-05
90,0.6316108703613281,0.5869925618171692,0.4461827874183655,9.1e-05
91,0.6449902057647705,0.5995596051216125,0.4543057382106781,9.200000000000001e-05
92,0.6076590418815613,0.5645283460617065,0.4313071668148041,9.300000000000001e-05
93,0.6323896050453186,0.5869256854057312,0.4546394348144531,9.4e-05
94,0.6097990274429321,0.5662639737129211,0.4353507459163666,9.5e-05
95,0.6024924516677856,0.5597379803657532,0.4275447428226471,9.6e-05
96,0.6261627674102783,0.5819298028945923,0.4423297643661499,9.7e-05
97,0.6307140588760376,0.5855705142021179,0.4514351487159729,9.8e-05
98,0.6117956042289734,0.5680835843086243,0.43712010979652405,9.900000000000001e-05
99,0.6235791444778442,0.5792164206504822,0.4436269998550415,0.0001
100,0.612916111946106,0.569313645362854,0.43602481484413147,0.000101
101,0.5962514877319336,0.5537980794906616,0.4245341420173645,0.00010200000000000001
102,0.6419615745544434,0.5969390869140625,0.4502248466014862,0.00010300000000000001
103,0.5928934216499329,0.5504080057144165,0.4248541295528412,0.00010400000000000001
104,0.6475707292556763,0.6018365025520325,0.4573419988155365,0.000105
105,0.6116933822631836,0.569015622138977,0.42677780985832214,0.00010600000000000002
106,0.5926904678344727,0.5508237481117249,0.41866713762283325,0.00010700000000000001
107,0.6218807101249695,0.5778886079788208,0.43992093205451965,0.00010800000000000001
108,0.6134753823280334,0.5698300004005432,0.43645399808883667,0.000109
109,0.6178869009017944,0.5735897421836853,0.44297173619270325,0.00011000000000000002
110,0.6022658944129944,0.5588875412940979,0.43378379940986633,0.00011100000000000001
111,0.6284658908843994,0.5841859579086304,0.44279953837394714,0.00011200000000000001
112,0.6100866794586182,0.5672518014907837,0.42834895849227905,0.000113
113,0.6064490079879761,0.5634157061576843,0.4303331673145294,0.00011399999999999999
114,0.6253282427787781,0.5797703862190247,0.45557838678359985,0.00011499999999999999
115,0.6353368759155273,0.5895265340805054,0.4581035375595093,0.000116
116,0.5967636108398438,0.5543575286865234,0.424061119556427,0.000117
117,0.5974270105361938,0.5553615093231201,0.42065492272377014,0.000118
118,0.587713897228241,0.5451452732086182,0.4256861209869385,0.000119
119,0.6107163429260254,0.5664764642715454,0.44239872694015503,0.00012
120,0.593700647354126,0.551790177822113,0.419104665517807,0.000121
121,0.6227057576179504,0.5788232684135437,0.43882492184638977,0.000122
122,0.6081227660179138,0.5645986795425415,0.4352407157421112,0.000123
123,0.5971519947052002,0.5544913411140442,0.4266064465045929,0.000124
124,0.5779114365577698,0.5368022918701172,0.4110912084579468,0.000125
125,0.6089914441108704,0.5658928751945496,0.43098580837249756,0.000126
126,0.5894162058830261,0.547633945941925,0.41782239079475403,0.000127
127,0.5939439535140991,0.5518996119499207,0.4204433858394623,0.00012800000000000002
128,0.6143646836280823,0.5702904462814331,0.4407426118850708,0.00012900000000000002
129,0.6171472072601318,0.5736426115036011,0.4350460469722748,0.00013000000000000002
130,0.5766283869743347,0.5358540415763855,0.40774357318878174,0.000131
131,0.6063490509986877,0.5636109709739685,0.42738088965415955,0.000132
132,0.5916189551353455,0.549677312374115,0.4194161593914032,0.000133
133,0.6061753034591675,0.5633981227874756,0.4277719259262085,0.000134
134,0.6131603717803955,0.5693142414093018,0.43846121430397034,0.00013500000000000003
135,0.596585214138031,0.553421139717102,0.43164098262786865,0.00013600000000000003
136,0.5960988402366638,0.5549741387367249,0.4112471342086792,0.00013700000000000002
137,0.5965715050697327,0.5539419054985046,0.4262961149215698,0.000138
138,0.5941668748855591,0.5522792935371399,0.4188757836818695,0.000139
139,0.5925033092498779,0.5506662130355835,0.41837069392204285,0.00014
140,0.5973255038261414,0.554905116558075,0.4242038130760193,0.000141
141,0.5917661786079407,0.54951411485672,0.42252060770988464,0.000142
142,0.5669560432434082,0.5263861417770386,0.40569883584976196,0.000143
143,0.5786230564117432,0.5374020338058472,0.41221046447753906,0.000144
144,0.6023241281509399,0.5600864291191101,0.4223771095275879,0.000145
145,0.6067187786102295,0.5630801320075989,0.4363865852355957,0.000146
146,0.5933331847190857,0.5515519976615906,0.41781172156333923,0.000147
147,0.5650766491889954,0.5250704288482666,0.4000619947910309,0.000148
148,0.5713813304901123,0.5303369164466858,0.41044431924819946,0.00014900000000000002
149,0.5716421008110046,0.5303257703781128,0.4131632149219513,0.00015000000000000001
150,0.5790194272994995,0.5377084612846375,0.4131099581718445,0.000151
151,0.5675528645515442,0.5269174575805664,0.40635403990745544,0.000152
152,0.6005027294158936,0.5577002763748169,0.4280245900154114,0.000153
153,0.5918644070625305,0.5496814846992493,0.42182907462120056,0.000154
154,0.585305392742157,0.543964147567749,0.4134126305580139,0.000155
155,0.5913666486740112,0.5488239526748657,0.4254271686077118,0.00015600000000000002
156,0.5963779091835022,0.553866982460022,0.42510905861854553,0.00015700000000000002
157,0.5651302337646484,0.5249055624008179,0.4022468030452728,0.00015800000000000002
158,0.5891265273094177,0.547613799571991,0.41512730717658997,0.00015900000000000002
159,0.5695183277130127,0.5286130309104919,0.4090530574321747,0.00016
160,0.577366828918457,0.5360963344573975,0.4127049446105957,0.000161
161,0.589512825012207,0.5475974678993225,0.4191538691520691,0.000162
162,0.5733289122581482,0.5319098234176636,0.41419076919555664,0.000163
163,0.5824181437492371,0.540532112121582,0.4188602566719055,0.000164
164,0.5594514608383179,0.5195088982582092,0.39942556619644165,0.000165
165,0.5830370187759399,0.540937066078186,0.42099931836128235,0.000166
166,0.5676693916320801,0.5267132520675659,0.4095614552497864,0.000167
167,0.5880043506622314,0.5460899472236633,0.4191442131996155,0.000168
168,0.565504252910614,0.5254592895507812,0.40044960379600525,0.00016900000000000002
169,0.5706861019134521,0.5293669104576111,0.41319212317466736,0.00017
170,0.5601387023925781,0.5203279852867126,0.39810702204704285,0.000171
171,0.5913931131362915,0.5490387082099915,0.4235440492630005,0.000172
172,0.5525822043418884,0.512832522392273,0.39749667048454285,0.000173
173,0.5730828046798706,0.5326875448226929,0.403952419757843,0.000174
174,0.5908173322677612,0.5481860041618347,0.42631351947784424,0.000175
175,0.5494463443756104,0.5100703239440918,0.39376017451286316,0.00017600000000000002
176,0.536080539226532,0.4985120892524719,0.37568455934524536,0.00017700000000000002
177,0.5967517495155334,0.5543853044509888,0.4236642122268677,0.00017800000000000002
178,0.5712652206420898,0.5311285257339478,0.40136680006980896,0.00017900000000000001
179,0.6076421141624451,0.5644890069961548,0.4315313398838043,0.00018
180,0.5622403621673584,0.5223835706710815,0.39856791496276855,0.000181
181,0.619381308555603,0.5752435326576233,0.44137778878211975,0.000182
182,0.5672051310539246,0.5266110301017761,0.40594127774238586,0.000183
183,0.5281754732131958,0.4904964566230774,0.3767901360988617,0.00018400000000000003
184,0.5617016553878784,0.5218026638031006,0.39899006485939026,0.00018500000000000002
185,0.5669658184051514,0.5264366269111633,0.40529218316078186,0.00018600000000000002
186,0.5690889954566956,0.5284236669540405,0.4066530466079712,0.00018700000000000002
187,0.5543467998504639,0.5150558948516846,0.3929092288017273,0.000188
188,0.5351195931434631,0.49686023592948914,0.3825937509536743,0.00018899999999999999
189,0.5561551451683044,0.5160524845123291,0.4010263979434967,0.00019
190,0.5379970669746399,0.4987603425979614,0.3923673629760742,0.000191
191,0.5553423762321472,0.515536367893219,0.3980600833892822,0.000192
192,0.5678287744522095,0.5269519090652466,0.4087686538696289,0.000193
193,0.5435369610786438,0.5037207007408142,0.3981625735759735,0.000194
194,0.5511435270309448,0.512023389339447,0.3912011981010437,0.000195
195,0.550412654876709,0.5110951662063599,0.3931746780872345,0.000196
196,0.5629781484603882,0.5223676562309265,0.4061047434806824,0.00019700000000000002
197,0.5927061438560486,0.5498262047767639,0.4287993907928467,0.00019800000000000002
198,0.5734376311302185,0.5325791239738464,0.40858492255210876,0.000199
199,0.5509600043296814,0.5107616186141968,0.4019837975502014,0.0002
200,0.5239645838737488,0.4867672324180603,0.37197378277778625,0.0002
201,0.5327379107475281,0.4948316216468811,0.3790626525878906,0.00019999993705610097
202,0.5534988641738892,0.5146659016609192,0.3883298337459564,0.00019999974822448318
203,0.5565247535705566,0.5160411596298218,0.40483608841896057,0.0001999994335053843
204,0.5344497561454773,0.49567192792892456,0.38777825236320496,0.00019999899289920055
205,0.5486276149749756,0.5106790065765381,0.3794863820075989,0.00019999842640648654
206,0.5652042627334595,0.5248456597328186,0.40358614921569824,0.00019999773402795549
207,0.5297125577926636,0.49172770977020264,0.37984827160835266,0.00019999691576447898
208,0.546838104724884,0.5071183443069458,0.3971977233886719,0.00019999597161708712
209,0.5633969902992249,0.5230610370635986,0.4033595621585846,0.00019999490158696846
210,0.5366039276123047,0.4972187280654907,0.39385178685188293,0.00019999370567547008
211,0.532944917678833,0.4951971173286438,0.37747809290885925,0.00019999238388409744
212,0.5226033926010132,0.4846179783344269,0.3798540532588959,0.0001999909362145145
213,0.5251847505569458,0.48847925662994385,0.36705493927001953,0.00019998936266854377
214,0.5609804391860962,0.5207322835922241,0.4024818539619446,0.00019998766324816607
215,0.5345058441162109,0.49668949842453003,0.37816375494003296,0.00019998583795552083
216,0.5453417897224426,0.5062301158905029,0.3911164700984955,0.00019998388679290583
217,0.5544414520263672,0.5143143534660339,0.40127119421958923,0.00019998180976277735
218,0.5586768388748169,0.5180266499519348,0.4065021872520447,0.00019997960686775015
219,0.48664817214012146,0.4511667788028717,0.35481390357017517,0.00019997727811059738
220,0.5571982860565186,0.5172534584999084,0.3994483947753906,0.00019997482349425066
221,0.5087873339653015,0.47137805819511414,0.3740929961204529,0.00019997224302180006
222,0.5403000712394714,0.501147985458374,0.39152073860168457,0.0001999695366964941
223,0.5209903120994568,0.483711302280426,0.37278997898101807,0.00019996670452173966
224,0.5329113006591797,0.4958783984184265,0.3703290522098541,0.0001999637465011021
225,0.5234993100166321,0.48668214678764343,0.3681716322898865,0.00019996066263830531
226,0.5581879019737244,0.518020749092102,0.40167132019996643,0.00019995745293723138
227,0.5364987850189209,0.4982658922672272,0.3823288083076477,0.000199954117401921
228,0.5486254096031189,0.5094633102416992,0.39162126183509827,0.00019995065603657316
229,0.5303168892860413,0.49237439036369324,0.3794252276420593,0.00019994706884554533
230,0.5464692115783691,0.507889449596405,0.385797917842865,0.00019994335583335335
231,0.521108090877533,0.4832443296909332,0.3786376118659973,0.00019993951700467139
232,0.48714354634284973,0.4524244964122772,0.3471905291080475,0.00019993555236433213
233,0.5259689688682556,0.4887521266937256,0.37216824293136597,0.00019993146191732658
234,0.5474532842636108,0.5081392526626587,0.39314016699790955,0.00019992724566880404
235,0.5262479782104492,0.48728835582733154,0.38959595561027527,0.0001999229036240723
236,0.5210234522819519,0.48342567682266235,0.375977486371994,0.00019991843578859747
237,0.52788245677948,0.4900229871273041,0.3785945475101471,0.00019991384216800398
238,0.5248417258262634,0.48857247829437256,0.3626924753189087,0.00019990912276807466
239,0.5256134271621704,0.4873904883861542,0.3822290897369385,0.00019990427759475067
240,0.5251331329345703,0.48699653148651123,0.3813657760620117,0.00019989930665413147
241,0.5461323261260986,0.5072221755981445,0.3891013264656067,0.0001998942099524749
242,0.5407969355583191,0.5014090538024902,0.3938787281513214,0.00019988898749619702
243,0.5256151556968689,0.4883623421192169,0.37252816557884216,0.0001998836392918723
244,0.5096899271011353,0.47349783778190613,0.3619210422039032,0.00019987816534623352
245,0.5162352919578552,0.4789131283760071,0.37322160601615906,0.00019987256566617162
246,0.5271857976913452,0.489278644323349,0.3790714740753174,0.00019986684025873598
247,0.5531723499298096,0.5139453411102295,0.3922697901725769,0.0001998609891311342
248,0.49587902426719666,0.460381418466568,0.35497596859931946,0.0001998550122907321
249,0.5351808071136475,0.49647700786590576,0.3870382606983185,0.00019984890974505381
250,0.51425701379776,0.4778513014316559,0.3640572130680084,0.00019984268150178167
251,0.5157561302185059,0.47885048389434814,0.3690564036369324,0.0001998363275687563
252,0.5014204382896423,0.4662201702594757,0.35200244188308716,0.0001998298479539765
253,0.5392223000526428,0.5001471042633057,0.39075222611427307,0.00019982324266559935
254,0.5265769958496094,0.4884990155696869,0.38078001141548157,0.00019981651171194006
255,0.562609851360321,0.5229955315589905,0.3961431086063385,0.00019980965510147213
256,0.5156986713409424,0.47834011912345886,0.3735853433609009,0.00019980267284282717
257,0.549100935459137,0.5095406770706177,0.3956024944782257,0.000199795564944795
258,0.5033029913902283,0.4668416976928711,0.36461305618286133,0.00019978833141632354
259,0.537564218044281,0.4996137320995331,0.37950465083122253,0.00019978097226651902
260,0.516362190246582,0.47951993346214294,0.3684224486351013,0.0001997734875046456
261,0.4972916841506958,0.4617979824542999,0.3549368977546692,0.0001997658771401258
262,0.5283531546592712,0.4899860620498657,0.3836711645126343,0.00019975814118254007
263,0.5384842157363892,0.5000508427619934,0.3843335807323456,0.00019975027964162702
264,0.47949519753456116,0.44516170024871826,0.34333497285842896,0.00019974229252728342
265,0.5249770879745483,0.48785465955734253,0.37122422456741333,0.00019973417984956403
266,0.5121763348579407,0.47558146715164185,0.3659484386444092,0.00019972594161868178
267,0.528693437576294,0.49091190099716187,0.3778151869773865,0.00019971757784500752
268,0.4966042637825012,0.4610850512981415,0.3551919758319855,0.00019970908853907026
269,0.544399082660675,0.5061822533607483,0.3821680545806885,0.00019970047371155704
270,0.5055457949638367,0.4697205722332001,0.35825204849243164,0.0001996917333733128
271,0.49900075793266296,0.4632704555988312,0.35730311274528503,0.00019968286753534062
272,0.5473126769065857,0.508840024471283,0.38472673296928406,0.00019967387620880146
273,0.5329668521881104,0.4953307807445526,0.3763606548309326,0.00019966475940501435
274,0.50326007604599,0.4680434465408325,0.3521662652492523,0.0001996555171354562
275,0.4809814691543579,0.4471449553966522,0.3383652865886688,0.00019964614941176195
276,0.5149595141410828,0.47897040843963623,0.3598913252353668,0.00019963665624572432
277,0.4912136197090149,0.45685142278671265,0.3436219394207001,0.00019962703764929413
278,0.5044744610786438,0.46829894185066223,0.3617551028728485,0.00019961729363458003
279,0.5232645869255066,0.4860459268093109,0.3721868097782135,0.00019960742421384846
280,0.5173161625862122,0.4804460108280182,0.3687014877796173,0.00019959742939952392
281,0.5315471887588501,0.4941539764404297,0.3739319443702698,0.00019958730920418858
282,0.5669609904289246,0.5268420577049255,0.40118923783302307,0.00019957706364058257
283,0.5025073885917664,0.46733659505844116,0.3517080545425415,0.00019956669272160383
284,0.5180015563964844,0.48157477378845215,0.36426782608032227,0.00019955619646030802
285,0.4987851083278656,0.4634994566440582,0.3528566062450409,0.00019954557486990868
286,0.5131511092185974,0.4762551784515381,0.36895909905433655,0.00019953482796377712
287,0.5064646005630493,0.469887912273407,0.3657667636871338,0.00019952395575544233
288,0.5050891041755676,0.4690243899822235,0.36064696311950684,0.00019951295825859113
289,0.47127270698547363,0.4378369152545929,0.33435797691345215,0.00019950183548706805
290,0.4957769513130188,0.46035727858543396,0.35419657826423645,0.00019949058745487522
291,0.5505694150924683,0.5119407773017883,0.38628649711608887,0.00019947921417617267
292,0.5081942081451416,0.47197186946868896,0.3622235357761383,0.00019946771566527785
293,0.5046806335449219,0.46817582845687866,0.3650483191013336,0.000199456091936666
294,0.5285375714302063,0.49040520191192627,0.38132357597351074,0.00019944434300497006
295,0.5032932162284851,0.4670330584049225,0.3626018464565277,0.00019943246888498041
296,0.514297604560852,0.4776615798473358,0.36636000871658325,0.00019942046959164515
297,0.5215906500816345,0.4834999442100525,0.3809068500995636,0.00019940834514006994
298,0.5118156671524048,0.4761198163032532,0.35695821046829224,0.000199396095545518
299,0.5344548225402832,0.49684497714042664,0.3760983645915985,0.00019938372082341
300,0.510134220123291,0.47497472167015076,0.3515952527523041,0.00019937122098932428
301,0.5124405026435852,0.4763999283313751,0.36040574312210083,0.00019935859605899655
302,0.5397371053695679,0.5007069706916809,0.390301376581192,0.00019934584604832013
303,0.5121670961380005,0.47608762979507446,0.36079472303390503,0.00019933297097334565
304,0.5036661028862,0.4678553640842438,0.3581075668334961,0.00019931997085028132
305,0.5691195726394653,0.5290287137031555,0.40090858936309814,0.00019930684569549264
306,0.523553192615509,0.4864043891429901,0.3714878559112549,0.00019929359552550265
307,0.49776139855384827,0.46256139874458313,0.3519998788833618,0.00019928022035699166
308,0.5257776975631714,0.4886789917945862,0.3709869682788849,0.00019926672020679736
309,0.5605566501617432,0.5213669538497925,0.3918967843055725,0.00019925309509191482
310,0.49540549516677856,0.4598919749259949,0.3551352918148041,0.00019923934502949644
311,0.49869775772094727,0.46307408809661865,0.35623684525489807,0.00019922547003685176
312,0.49898314476013184,0.46405452489852905,0.34928634762763977,0.0001992114701314478
313,0.47396352887153625,0.44033879041671753,0.33624735474586487,0.00019919734533090867
314,0.5149194598197937,0.47734448313713074,0.3757496476173401,0.0001991830956530158
315,0.530179500579834,0.4931354224681854,0.3704410195350647,0.00019916872111570784
316,0.47922924160957336,0.4451841413974762,0.34045106172561646,0.00019915422173708046
317,0.532754123210907,0.49483561515808105,0.37918516993522644,0.00019913959753538674
318,0.5051954388618469,0.4693908095359802,0.3580465018749237,0.00019912484852903668
319,0.5186060667037964,0.4822690188884735,0.36337077617645264,0.0001991099747365975
320,0.5181633234024048,0.4815915524959564,0.3657175302505493,0.00019909497617679348
321,0.5038766860961914,0.46897485852241516,0.3490179777145386,0.000199079852868506
322,0.5107887387275696,0.47455456852912903,0.3623414635658264,0.00019906460483077348
323,0.5248144865036011,0.48778223991394043,0.3703223764896393,0.0001990492320827913
324,0.5052650570869446,0.46928903460502625,0.3597603738307953,0.00019903373464391186
325,0.5013719201087952,0.46579107642173767,0.35580867528915405,0.00019901811253364456
326,0.48757538199424744,0.45299452543258667,0.34580856561660767,0.00019900236577165576
327,0.5188059210777283,0.4823887050151825,0.3641722798347473,0.0001989864943777687
328,0.5160399079322815,0.4797666370868683,0.36273276805877686,0.0001989704983719635
329,0.48828691244125366,0.4542403221130371,0.34046581387519836,0.0001989543777743772
330,0.5090141296386719,0.4728192687034607,0.36194851994514465,0.00019893813260530368
331,0.513184666633606,0.4770375192165375,0.36147138476371765,0.0001989217628851936
332,0.5316130518913269,0.49420520663261414,0.3740787208080292,0.00019890526863465443
333,0.5014421343803406,0.46608200669288635,0.35360124707221985,0.0001988886498744505
334,0.46919140219688416,0.4361576735973358,0.33033719658851624,0.00019887190662550266
335,0.5041900873184204,0.4687420129776001,0.354480504989624,0.00019885503890888876
336,0.48482900857925415,0.4502269923686981,0.3460201025009155,0.0001988380467458431
337,0.5192834138870239,0.4822109341621399,0.370724618434906,0.00019882093015775678
338,0.5083103775978088,0.4723045527935028,0.36005842685699463,0.0001988036891661775
339,0.5125502943992615,0.47717687487602234,0.35373425483703613,0.0001987863237928095
340,0.5051448941230774,0.4691998362541199,0.3594508469104767,0.00019876883405951377
341,0.5472658276557922,0.5091484189033508,0.3811740577220917,0.0001987512199883077
342,0.5086895823478699,0.4724203944206238,0.3626917600631714,0.00019873348160136524
343,0.5231989622116089,0.4863182604312897,0.368807315826416,0.00019871561892101692
344,0.5002164840698242,0.4652293920516968,0.3498709797859192,0.00019869763196974957
345,0.5160133242607117,0.479525089263916,0.3648821711540222,0.00019867952077020666
346,0.479366272687912,0.4453071355819702,0.3405913710594177,0.0001986612853451879
347,0.48301246762275696,0.44926175475120544,0.33750712871551514,0.00019864292571764955
348,0.5524551272392273,0.5139508843421936,0.3850423991680145,0.00019862444191070408
349,0.5238911509513855,0.4864700436592102,0.37421122193336487,0.0001986058339476204
350,0.5108009576797485,0.475391685962677,0.35409268736839294,0.0001985871018518236
351,0.4923023581504822,0.45822760462760925,0.3407476544380188,0.00019856824564689515
352,0.4796544313430786,0.4459327161312103,0.3372172713279724,0.00019854926535657267
353,0.51254802942276,0.4768407642841339,0.35707274079322815,0.00019853016100475007
354,0.5004446506500244,0.4659329950809479,0.34511637687683105,0.0001985109326154774
355,0.5223748683929443,0.48522502183914185,0.3714984655380249,0.00019849158021296081
356,0.5200186967849731,0.4831465184688568,0.36872202157974243,0.00019847210382156267
357,0.5075899362564087,0.471762090921402,0.35827839374542236,0.00019845250346580136
358,0.5114258527755737,0.4758490025997162,0.35576874017715454,0.0001984327791703513
359,0.5196199417114258,0.48297667503356934,0.36643269658088684,0.00019841293096004302
360,0.49418121576309204,0.4592682719230652,0.3491295576095581,0.00019839295885986296
361,0.5088233351707458,0.4729386270046234,0.35884684324264526,0.00019837286289495361
362,0.5249888300895691,0.4876081049442291,0.37380707263946533,0.00019835264309061326
363,0.49156269431114197,0.45696863532066345,0.3459406793117523,0.00019833229947229623
364,0.4957016706466675,0.4613277018070221,0.34373974800109863,0.00019831183206561262
365,0.5369295477867126,0.4994353652000427,0.37494197487831116,0.00019829124089632845
366,0.5264104604721069,0.49019238352775574,0.3621807396411896,0.00019827052599036545
367,0.5082635283470154,0.4727672338485718,0.3549630343914032,0.00019824968737380117
368,0.5078327059745789,0.4723333716392517,0.35499319434165955,0.0001982287250728689
369,0.4981226325035095,0.4633032977581024,0.3481931984424591,0.00019820763911395758
370,0.5131463408470154,0.4772259294986725,0.3592039942741394,0.00019818642952361187
371,0.49387913942337036,0.458759605884552,0.3511953055858612,0.00019816509632853208
372,0.5120917558670044,0.47611504793167114,0.35976704955101013,0.00019814363955557404
373,0.483390212059021,0.450190931558609,0.33199265599250793,0.0001981220592317493
374,0.5087194442749023,0.473617285490036,0.3510218560695648,0.0001981003553842248
375,0.48635467886924744,0.45243245363235474,0.3392221927642822,0.00019807852804032305
376,0.4766952395439148,0.4431842267513275,0.3351100981235504,0.00019805657722752202
377,0.504400372505188,0.468417227268219,0.35983163118362427,0.00019803450297345508
378,0.49818238615989685,0.4626469612121582,0.3553542196750641,0.00019801230530591105
379,0.5384793281555176,0.5006982088088989,0.3778114318847656,0.00019798998425283403
380,0.4839465618133545,0.45004045963287354,0.3390611708164215,0.00019796753984232358
381,0.5073572397232056,0.4716368019580841,0.357204407453537,0.00019794497210263442
382,0.4940950572490692,0.459841787815094,0.3425327241420746,0.00019792228106217658
383,0.4943743944168091,0.4600743353366852,0.34300073981285095,0.00019789946674951536
384,0.5058289766311646,0.4705045521259308,0.35324421525001526,0.00019787652919337116
385,0.4886154532432556,0.45490309596061707,0.33712342381477356,0.00019785346842261957
386,0.4717576801776886,0.4386543929576874,0.33103281259536743,0.00019783028446629123
387,0.4688330292701721,0.4359683096408844,0.32864728569984436,0.00019780697735357204
388,0.5278712511062622,0.4906708598136902,0.3720041513442993,0.0001977835471138027
389,0.5050801634788513,0.46941816806793213,0.35661977529525757,0.0001977599937764791
390,0.5324156880378723,0.49547451734542847,0.3694117069244385,0.00019773631737125192
391,0.4764932692050934,0.4420335292816162,0.3445972800254822,0.00019771251792792698
392,0.5099145770072937,0.47451698780059814,0.35397571325302124,0.00019768859547646478
393,0.4788455367088318,0.4455779492855072,0.3326758146286011,0.00019766455004698082
394,0.4839562475681305,0.45046567916870117,0.3349056839942932,0.00019764038166974535
395,0.48073050379753113,0.44769391417503357,0.33036598563194275,0.0001976160903751834
396,0.4765036106109619,0.44284588098526,0.33657732605934143,0.00019759167619387476
397,0.4911557734012604,0.45614540576934814,0.3501037359237671,0.0001975671391565539
398,0.4761533737182617,0.44306108355522156,0.33092302083969116,0.00019754247929410995
399,0.4843926429748535,0.44948574900627136,0.3490687906742096,0.00019751769663758665
400,0.48632583022117615,0.45200270414352417,0.3432313799858093,0.00019749279121818235
401,0.5012808442115784,0.46591559052467346,0.35365256667137146,0.00019746776306724998
402,0.5223070979118347,0.485536128282547,0.3677094876766205,0.0001974426122162969
403,0.514438271522522,0.4779632091522217,0.3647504150867462,0.00019741733869698495
404,0.5263743996620178,0.48991021513938904,0.3646419644355774,0.0001973919425411304
405,0.5504144430160522,0.5119128227233887,0.3850160837173462,0.00019736642378070392
406,0.4723176658153534,0.4391680657863617,0.33149608969688416,0.00019734078244783054
407,0.5015864372253418,0.4654562473297119,0.36130160093307495,0.00019731501857478954
408,0.500073254108429,0.46533188223838806,0.34741345047950745,0.0001972891321940145
409,0.49548131227493286,0.46086788177490234,0.3461343050003052,0.00019726312333809322
410,0.49623116850852966,0.4615543782711029,0.34676802158355713,0.00019723699203976766
411,0.4879738986492157,0.453789621591568,0.34184280037879944,0.00019721073833193397
412,0.5009405016899109,0.4654468297958374,0.35493648052215576,0.00019718436224764233
413,0.5276380181312561,0.49065229296684265,0.36985743045806885,0.00019715786382009705
414,0.4878893792629242,0.4536868631839752,0.3420252501964569,0.00019713124308265635
415,0.49632734060287476,0.4618324339389801,0.3449489176273346,0.00019710450006883256
416,0.489260196685791,0.45563673973083496,0.3362344801425934,0.00019707763481229183
417,0.4825792610645294,0.4491182267665863,0.3346102833747864,0.00019705064734685425
418,0.5079415440559387,0.47218388319015503,0.35757681727409363,0.00019702353770649378
419,0.47732144594192505,0.44414517283439636,0.3317625820636749,0.00019699630592533808
420,0.5072206854820251,0.47183647751808167,0.3538418412208557,0.0001969689520376687
421,0.5250169634819031,0.4882816970348358,0.367352694272995,0.00019694147607792083
422,0.4944223165512085,0.4594331979751587,0.3498912751674652,0.0001969138780806833
423,0.50110924243927,0.4660235047340393,0.3508572578430176,0.00019688615808069872
424,0.5061850547790527,0.47123482823371887,0.34950217604637146,0.0001968583161128631
425,0.49989327788352966,0.46545055508613586,0.3444271683692932,0.00019683035221222618
426,0.5188794732093811,0.48194119334220886,0.36938291788101196,0.00019680226641399096
427,0.5037578344345093,0.4688052535057068,0.34952598810195923,0.00019677405875351414
428,0.4758461117744446,0.44283780455589294,0.3300829231739044,0.00019674572926630567
429,0.5010727643966675,0.46574530005455017,0.35327479243278503,0.00019671727798802895
430,0.49111413955688477,0.45676878094673157,0.34345370531082153,0.00019668870495450066
431,0.5085087418556213,0.4734818935394287,0.3502683937549591,0.00019666001020169073
432,0.5102648138999939,0.47488245368003845,0.35382381081581116,0.00019663119376572242
433,0.4878416657447815,0.45411235094070435,0.3372930586338043,0.00019660225568287202
434,0.48866841197013855,0.4550841748714447,0.33584246039390564,0.00019657319598956913
435,0.48914188146591187,0.45495960116386414,0.3418228328227997,0.0001965440147223963
436,0.5053742527961731,0.47024238109588623,0.3513188660144806,0.00019651471191808924
437,0.4769969880580902,0.44378677010536194,0.3321022689342499,0.00019648528761353652
438,0.5216024518013,0.4850819706916809,0.3652046024799347,0.00019645574184577982
439,0.48430538177490234,0.45064210891723633,0.336632639169693,0.00019642607465201364
440,0.4901028871536255,0.455792099237442,0.3431079089641571,0.00019639628606958533
441,0.5049357414245605,0.4689592123031616,0.35976552963256836,0.0001963663761359951
442,0.5056300759315491,0.4700550436973572,0.35575011372566223,0.00019633634488889595
443,0.49627265334129333,0.46130526065826416,0.3496740162372589,0.0001963061923660935
444,0.5102391242980957,0.4751356840133667,0.35103416442871094,0.0001962759186055461
445,0.5060529708862305,0.47096243500709534,0.350905179977417,0.00019624552364536473
446,0.4899059534072876,0.4559355676174164,0.33970388770103455,0.00019621500752381294
447,0.4774802029132843,0.44398701190948486,0.33493202924728394,0.00019618437027930683
448,0.4898655414581299,0.4556022882461548,0.3426325023174286,0.00019615361195041492
449,0.49926674365997314,0.4640602171421051,0.35206523537635803,0.00019612273257585815
450,0.4739020764827728,0.4407425820827484,0.3315950036048889,0.00019609173219450998
451,0.4980012774467468,0.46352440118789673,0.3447686433792114,0.000196060610845396
452,0.508054256439209,0.47250840067863464,0.3554585576057434,0.0001960293685676943
453,0.503199577331543,0.4677884876728058,0.3541111350059509,0.00019599800540073505
454,0.5007518529891968,0.4655550718307495,0.35196810960769653,0.00019596652138400064
455,0.4971325695514679,0.4615131914615631,0.35619378089904785,0.0001959349165571256
456,0.48550114035606384,0.4509946405887604,0.34506508708000183,0.0001959031909598966
457,0.47532418370246887,0.44226428866386414,0.33059895038604736,0.0001958713446322522
458,0.5149404406547546,0.47927558422088623,0.35664844512939453,0.00019583937761428314
459,0.5167398452758789,0.4803239405155182,0.3641587495803833,0.00019580728994623195
460,0.4775422215461731,0.4445244073867798,0.3301781713962555,0.00019577508166849304
461,0.5024858713150024,0.46718987822532654,0.3529600501060486,0.00019574275282161283
462,0.493720680475235,0.45924535393714905,0.3447532057762146,0.00019571030344628926
463,0.4986988306045532,0.46378591656684875,0.3491291403770447,0.00019567773358337222
464,0.5211829543113708,0.4849584996700287,0.3622443675994873,0.00019564504327386316
465,0.5039060115814209,0.46907010674476624,0.34835901856422424,0.0001956122325589152
466,0.500117838382721,0.4654863178730011,0.3463151454925537,0.00019557930147983302
467,0.5113933682441711,0.4756057858467102,0.3578757047653198,0.00019554625007807283
468,0.4911363422870636,0.4566737711429596,0.3446255922317505,0.0001955130783952423
469,0.5202224254608154,0.4838019013404846,0.3642054498195648,0.00019547978647310057
470,0.5042539834976196,0.4693288207054138,0.3492518365383148,0.00019544637435355808
471,0.4788980484008789,0.44583216309547424,0.3306589424610138,0.00019541284207867662
472,0.5001715421676636,0.46527567505836487,0.34895867109298706,0.0001953791896906692
473,0.48821714520454407,0.45453333854675293,0.33683809638023376,0.0001953454172319001
474,0.5000665783882141,0.46566370129585266,0.3440285921096802,0.00019531152474488477
475,0.5192140340805054,0.48333269357681274,0.3588133752346039,0.00019527751227228963
476,0.512127161026001,0.47565898299217224,0.3646818995475769,0.0001952433798569323
477,0.5170748829841614,0.48094668984413147,0.3612821400165558,0.00019520912754178123
478,0.49934858083724976,0.4640454649925232,0.35303109884262085,0.00019517475536995604
479,0.4751286208629608,0.4420669972896576,0.3306161165237427,0.000195140263384727
480,0.4766908586025238,0.443095326423645,0.3359552025794983,0.00019510565162951537
481,0.4827975630760193,0.44886383414268494,0.33933737874031067,0.0001950709201478931
482,0.491862952709198,0.45752274990081787,0.34340211749076843,0.00019503606898358284
483,0.48300108313560486,0.44947192072868347,0.33529162406921387,0.00019500109818045805
484,0.47373831272125244,0.44084876775741577,0.32889556884765625,0.00019496600778254263
485,0.5175749659538269,0.4818778336048126,0.3569713532924652,0.00019493079783401113
486,0.4949072003364563,0.4605463147163391,0.34360894560813904,0.0001948954683791886
487,0.5047593712806702,0.4697306454181671,0.35028740763664246,0.00019486001946255046
488,0.4856490194797516,0.45214805006980896,0.3350096046924591,0.00019482445112872264
489,0.5111752152442932,0.47516047954559326,0.3601475954055786,0.00019478876342248128
490,0.4984416961669922,0.4641616940498352,0.3428001403808594,0.0001947529563887529
491,0.5134420394897461,0.4774712026119232,0.35970833897590637,0.00019471703007261412
492,0.4892633557319641,0.4547393321990967,0.3452402949333191,0.00019468098451929183
493,0.4928540289402008,0.4585120379924774,0.3434199094772339,0.00019464481977416297
494,0.5096034407615662,0.47351592779159546,0.3608753979206085,0.00019460853588275454
495,0.504844069480896,0.46957045793533325,0.35273587703704834,0.00019457213289074355
496,0.47930631041526794,0.4456154406070709,0.33690857887268066,0.00019453561084395687
497,0.5013507008552551,0.46599337458610535,0.35357311367988586,0.00019449896978837141
498,0.4849732518196106,0.45126432180404663,0.33708930015563965,0.0001944622097701137
499,0.5237109661102295,0.48714199662208557,0.36568984389305115,0.00019442533083546012
500,0.48347121477127075,0.45053631067276,0.3293491303920746,0.00019438833303083678
501,0.4972601532936096,0.462636262178421,0.3462388217449188,0.00019435121640281938
502,0.4684308171272278,0.43556642532348633,0.328643798828125,0.00019431398099813323
503,0.4987066090106964,0.46397116780281067,0.3473545014858246,0.00019427662686365314
504,0.5154260396957397,0.47916683554649353,0.36259183287620544,0.0001942391540464035
505,0.5175395011901855,0.48131558299064636,0.36223921179771423,0.00019420156259355791
506,0.49931594729423523,0.4647212028503418,0.34594741463661194,0.00019416385255243944
507,0.47980794310569763,0.44716373085975647,0.32644206285476685,0.00019412602397052048
508,0.5180984735488892,0.4814649820327759,0.3663348853588104,0.00019408807689542257
509,0.4919128119945526,0.457692950963974,0.34219858050346375,0.00019405001137491642
510,0.48215141892433167,0.4481937289237976,0.33957695960998535,0.0001940118274569219
511,0.5243984460830688,0.4876372814178467,0.3676118552684784,0.00019397352518950794
512,0.5011253356933594,0.4661279618740082,0.3499735891819,0.00019393510462089236
513,0.4746124744415283,0.4419576823711395,0.32654792070388794,0.000193896565799442
514,0.48675787448883057,0.45337486267089844,0.3338300287723541,0.00019385790877367255
515,0.48609647154808044,0.4527135491371155,0.3338291347026825,0.00019381913359224842
516,0.5306792259216309,0.4939415454864502,0.3673768639564514,0.0001937802403039829
517,0.4672243893146515,0.4352010190486908,0.32023364305496216,0.0001937412289578379
518,0.5244727730751038,0.4876508116722107,0.36821943521499634,0.00019370209960292386
519,0.500373363494873,0.4660840630531311,0.34289297461509705,0.00019366285228849996
520,0.47232890129089355,0.4389708340167999,0.33358073234558105,0.00019362348706397373
521,0.4831370711326599,0.4502108097076416,0.3292626142501831,0.0001935840039789012
522,0.48822301626205444,0.4544607400894165,0.33762261271476746,0.00019354440308298672
523,0.4865701496601105,0.4524746537208557,0.34095498919487,0.00019350468442608305
524,0.46728596091270447,0.4352184534072876,0.32067519426345825,0.0001934648480581911
525,0.5078232288360596,0.472068190574646,0.3575504422187805,0.00019342489402945998
526,0.49993348121643066,0.4647839367389679,0.3514953553676605,0.000193384822390187
527,0.4907741844654083,0.45660653710365295,0.34167635440826416,0.00019334463319081735
528,0.5091552734375,0.47420865297317505,0.34946638345718384,0.00019330432648194444
529,0.5040804147720337,0.4691230356693268,0.3495737314224243,0.00019326390231430942
530,0.4721292555332184,0.439658522605896,0.3247072696685791,0.00019322336073880142
531,0.47559574246406555,0.4426034688949585,0.329922616481781,0.00019318270180645737
532,0.47610560059547424,0.4430673122406006,0.33038297295570374,0.00019314192556846185
533,0.51854008436203,0.4829992949962616,0.3554078936576843,0.00019310103207614718
534,0.4719582796096802,0.4393180310726166,0.3264024555683136,0.00019306002138099327
535,0.4916285574436188,0.45750030875205994,0.34128236770629883,0.00019301889353462762
536,0.4794314205646515,0.44558966159820557,0.3384177088737488,0.00019297764858882514
537,0.4999975264072418,0.4646487236022949,0.35348793864250183,0.0001929362865955082
538,0.5361728072166443,0.4988163411617279,0.37356454133987427,0.0001928948076067465
539,0.47165733575820923,0.43916118144989014,0.32496166229248047,0.00019285321167475698
540,0.5097939968109131,0.4748888611793518,0.34905147552490234,0.0001928114988519039
541,0.5005661249160767,0.4661424160003662,0.34423696994781494,0.00019276966919069862
542,0.4924497902393341,0.4578290283679962,0.34620752930641174,0.0001927277227437995
543,0.49965569376945496,0.46491751074790955,0.34738171100616455,0.00019268565956401208
544,0.48389825224876404,0.449869304895401,0.340289443731308,0.00019264347970428876
545,0.4870593249797821,0.45352014899253845,0.3353918492794037,0.0001926011832177288
546,0.47750332951545715,0.44473329186439514,0.32770025730133057,0.00019255877015757835
547,0.5189657807350159,0.48329678177833557,0.3566899001598358,0.00019251624057723023
548,0.514384388923645,0.4784802794456482,0.3590407967567444,0.00019247359453022407
549,0.4740913212299347,0.44168421626091003,0.32407116889953613,0.00019243083207024598
550,0.4797241687774658,0.44624063372612,0.3348352611064911,0.0001923879532511287
551,0.4894898235797882,0.4557422399520874,0.3374757468700409,0.0001923449581268514
552,0.4780619740486145,0.44538626074790955,0.3267570734024048,0.00019230184675153976
553,0.5029566884040833,0.4680199921131134,0.3493671417236328,0.00019225861917946565
554,0.5188546776771545,0.48281335830688477,0.3604133725166321,0.0001922152754650474
555,0.5189310312271118,0.48283615708351135,0.36094868183135986,0.0001921718156628494
556,0.5138956308364868,0.47778475284576416,0.36110880970954895,0.00019212823982758226
557,0.4747616648674011,0.44262978434562683,0.321318656206131,0.00019208454801410266
558,0.48227640986442566,0.44920340180397034,0.3307301998138428,0.0001920407402774132
559,0.47225555777549744,0.4398285746574402,0.3242698907852173,0.00019199681667266252
560,0.47438833117485046,0.44149187207221985,0.3289644718170166,0.0001919527772551451
561,0.47515419125556946,0.44206544756889343,0.33088749647140503,0.0001919086220803011
562,0.5015578269958496,0.4663498103618622,0.3520798683166504,0.0001918643512037166
563,0.5207743048667908,0.484781950712204,0.359923392534256,0.00019181996468112323
564,0.5394278168678284,0.502074658870697,0.37353163957595825,0.00019177546256839812
565,0.4982917606830597,0.4630727171897888,0.3521903157234192,0.00019173084492156407
566,0.4874190390110016,0.4527296721935272,0.3468936085700989,0.00019168611179678924
567,0.4786233603954315,0.4450998306274414,0.33523526787757874,0.00019164126325038714
568,0.5198838710784912,0.4842829704284668,0.3560090661048889,0.00019159629933881666
569,0.4681808352470398,0.43600592017173767,0.32174918055534363,0.00019155122011868186
570,0.49906477332115173,0.46473273634910583,0.34332039952278137,0.00019150602564673198
571,0.47370100021362305,0.4411773383617401,0.32523658871650696,0.00019146071597986138
572,0.48074570298194885,0.4478127956390381,0.32932907342910767,0.00019141529117510932
573,0.4690341353416443,0.4367842674255371,0.3224985599517822,0.00019136975128966017
574,0.4910731613636017,0.45717307925224304,0.33900076150894165,0.00019132409638084304
575,0.4711657762527466,0.43906137347221375,0.3210441768169403,0.00019127832650613189
576,0.5089353919029236,0.4736178517341614,0.35317525267601013,0.00019123244172314545
577,0.47873011231422424,0.4457535147666931,0.3297659754753113,0.00019118644208964702
578,0.4638523459434509,0.43160316348075867,0.3224917948246002,0.00019114032766354453
579,0.48790696263313293,0.4544792175292969,0.334277480840683,0.00019109409850289044
580,0.5139637589454651,0.4780445098876953,0.3591923415660858,0.00019104775466588161
581,0.4837913513183594,0.449740469455719,0.34050866961479187,0.00019100129621085925
582,0.5169870853424072,0.4811636209487915,0.3582346439361572,0.00019095472319630892
583,0.4878976047039032,0.45418351888656616,0.33714088797569275,0.00019090803568086036
584,0.48806726932525635,0.45499953627586365,0.33067721128463745,0.00019086123372328746
585,0.49798518419265747,0.4639420211315155,0.3404317796230316,0.00019081431738250814
586,0.507436215877533,0.47224554419517517,0.3519068658351898,0.00019076728671758438
587,0.4794250428676605,0.4470168948173523,0.3240814805030823,0.00019072014178772202
588,0.5083012580871582,0.47264617681503296,0.35655099153518677,0.00019067288265227082
589,0.5351039171218872,0.49800583720207214,0.37098076939582825,0.00019062550937072424
590,0.5072383880615234,0.4718482494354248,0.35390153527259827,0.00019057802200271942
591,0.4981798231601715,0.46411368250846863,0.3406613767147064,0.0001905304206080372
592,0.4745767116546631,0.4419955611228943,0.32581138610839844,0.00019048270524660196
593,0.4956834018230438,0.4612453579902649,0.3443804085254669,0.0001904348759784815
594,0.490306556224823,0.45643350481987,0.3387303948402405,0.00019038693286388698
595,0.47071558237075806,0.438191682100296,0.3252391219139099,0.00019033887596317298
596,0.49084728956222534,0.4574846625328064,0.333626389503479,0.00019029070533683725
597,0.4972948729991913,0.46371251344680786,0.33582350611686707,0.00019024242104552074
598,0.4749257266521454,0.44203299283981323,0.32892724871635437,0.00019019402315000752
599,0.4960055351257324,0.4611192047595978,0.3488633334636688,0.00019014551171122457
600,0.4831675589084625,0.4497564136981964,0.3341115415096283,0.0001900968867902419
601,0.5013859272003174,0.46691593527793884,0.344699889421463,0.0001900481484482724
602,0.5276826620101929,0.49103844165802,0.366441935300827,0.0001899992967466716
603,0.469087153673172,0.43719080090522766,0.3189634084701538,0.0001899503317469379
604,0.47050148248672485,0.4383639991283417,0.32137495279312134,0.00018990125351071226
605,0.4571629464626312,0.42565852403640747,0.31504419445991516,0.00018985206209977813
606,0.46418535709381104,0.4327683746814728,0.3141697943210602,0.00018980275757606157
607,0.4962354004383087,0.46202191710472107,0.342134952545166,0.00018975334000163093
608,0.4940442144870758,0.46020999550819397,0.33834218978881836,0.00018970380943869687
609,0.4897496700286865,0.45600625872612,0.33743423223495483,0.00018965416594961238
610,0.48847514390945435,0.45481500029563904,0.3366013467311859,0.00018960440959687254
611,0.5180869698524475,0.4827063977718353,0.3538057208061218,0.0001895545404431145
612,0.49293267726898193,0.4586779475212097,0.3425472378730774,0.00018950455855111745
613,0.5086061954498291,0.473398894071579,0.352073073387146,0.0001894544639838025
614,0.49637457728385925,0.46154990792274475,0.34824666380882263,0.00018940425680423264
615,0.4695606231689453,0.43746450543403625,0.3209611475467682,0.00018935393707561251
616,0.5140091180801392,0.47791144251823425,0.3609769642353058,0.00018930350486128856
617,0.4655839204788208,0.434131920337677,0.3145201504230499,0.00018925296022474878
618,0.5151476860046387,0.4794023036956787,0.35745367407798767,0.00018920230322962264
619,0.47619909048080444,0.4429401755332947,0.3325890004634857,0.0001891515339396812
620,0.5130233764648438,0.47779861092567444,0.35224777460098267,0.0001891006524188368
621,0.49605023860931396,0.4614027142524719,0.3464753329753876,0.000189049658731143
622,0.4865091145038605,0.452240914106369,0.3426819443702698,0.00018899855294079472
623,0.48468637466430664,0.45102354884147644,0.3366282284259796,0.00018894733511212782
624,0.453025758266449,0.42193055152893066,0.31095221638679504,0.00018889600530961934
625,0.49764353036880493,0.46279478073120117,0.34848764538764954,0.00018884456359788724
626,0.4925311803817749,0.45877698063850403,0.33754193782806396,0.00018879301004169036
627,0.4647376835346222,0.43292921781539917,0.3180846869945526,0.00018874134470592835
628,0.4804379940032959,0.44729503989219666,0.33142969012260437,0.0001886895676556415
629,0.4910590946674347,0.45669588446617126,0.34363222122192383,0.00018863767895601087
630,0.46678122878074646,0.43405887484550476,0.32722365856170654,0.000188585678672358
631,0.4872533082962036,0.4533574879169464,0.33895814418792725,0.00018853356687014485
632,0.5042376518249512,0.4696104824542999,0.3462715148925781,0.00018848134361497385
633,0.4903017580509186,0.45624932646751404,0.34052443504333496,0.0001884290089725877
634,0.4918448030948639,0.45779553055763245,0.34049278497695923,0.00018837656300886937
635,0.5051196813583374,0.47026723623275757,0.3485247492790222,0.00018832400578984183
636,0.4801977276802063,0.4464866518974304,0.33711060881614685,0.0001882713373816683
637,0.5065034627914429,0.47142067551612854,0.35082805156707764,0.00018821855785065185
638,0.5017039775848389,0.46655863523483276,0.35145360231399536,0.00018816566726323548
639,0.4925920367240906,0.4584517478942871,0.3414028286933899,0.00018811266568600194
640,0.4808081388473511,0.4478430449962616,0.3296510875225067,0.0001880595531856738
641,0.47931113839149475,0.4455847442150116,0.3372640311717987,0.00018800632982911322
642,0.49225133657455444,0.45780086517333984,0.34450480341911316,0.00018795299568332184
643,0.4677269160747528,0.43554383516311646,0.3218308687210083,0.00018789955081544092
644,0.48591339588165283,0.45273590087890625,0.33177492022514343,0.000187845995292751
645,0.4691511392593384,0.4370291531085968,0.32121986150741577,0.00018779232918267195
646,0.4983668327331543,0.4640672206878662,0.3429960310459137,0.00018773855255276283
647,0.5039903521537781,0.46868759393692017,0.3530273735523224,0.00018768466547072188
648,0.4688623547554016,0.43703246116638184,0.3182988166809082,0.00018763066800438636
649,0.4667512774467468,0.4346965551376343,0.32054707407951355,0.00018757656022173248
650,0.4603477120399475,0.42840203642845154,0.31945669651031494,0.00018752234219087538
651,0.4905414879322052,0.45603322982788086,0.34508249163627625,0.0001874680139800689
652,0.4862982928752899,0.4528268873691559,0.3347140848636627,0.0001874135756577056
653,0.4817359149456024,0.4489535391330719,0.327823668718338,0.00018735902729231677
654,0.4981716573238373,0.46345844864845276,0.34713220596313477,0.00018730436895257206
655,0.4854164719581604,0.45154479146003723,0.33871686458587646,0.00018724960070727972
656,0.4965285658836365,0.4626316428184509,0.3389691412448883,0.00018719472262538624
657,0.46149033308029175,0.42974725365638733,0.3174307346343994,0.00018713973477597646
658,0.4735012650489807,0.44079452753067017,0.327067494392395,0.00018708463722827336
659,0.5041913390159607,0.46906521916389465,0.35126110911369324,0.00018702943005163803
660,0.43530914187431335,0.40533584356307983,0.29973292350769043,0.00018697411331556956
661,0.48934832215309143,0.4549368917942047,0.34411436319351196,0.00018691868708970496
662,0.4817657768726349,0.44853371381759644,0.3323207199573517,0.00018686315144381913
663,0.47531408071517944,0.4427654445171356,0.3254862427711487,0.00018680750644782467
664,0.4901476800441742,0.4570203423500061,0.3312733471393585,0.00018675175217177175
665,0.5052649974822998,0.4704631567001343,0.34801822900772095,0.0001866958886858483
666,0.4780414402484894,0.44528383016586304,0.3275761008262634,0.0001866399160603796
667,0.48318466544151306,0.4501749277114868,0.33009737730026245,0.0001865838343658284
668,0.4549233615398407,0.4232809245586395,0.31642428040504456,0.00018652764367279461
669,0.48541298508644104,0.45149466395378113,0.33918312191963196,0.0001864713440520155
670,0.46271511912345886,0.4302661716938019,0.32448938488960266,0.0001864149355743655
671,0.4466930329799652,0.4161699116230011,0.3052312731742859,0.00018635841831085586
672,0.5008304715156555,0.4662913382053375,0.34539148211479187,0.00018630179233263504
673,0.46321117877960205,0.4314337372779846,0.31777453422546387,0.00018624505771098817
674,0.4804851710796356,0.44704803824424744,0.3343712091445923,0.00018618821451733724
675,0.5018023252487183,0.46674644947052,0.35055848956108093,0.00018613126282324092
676,0.4803311824798584,0.44737428426742554,0.32956886291503906,0.0001860742027003944
677,0.48434075713157654,0.45096105337142944,0.33379706740379333,0.0001860170342206294
678,0.5083581805229187,0.47301480174064636,0.3534337878227234,0.0001859597574559141
679,0.5080217123031616,0.47244638204574585,0.35575342178344727,0.00018590237247835293
680,0.4964342713356018,0.46246716380119324,0.3396710157394409,0.00018584487936018661
681,0.47964930534362793,0.44611626863479614,0.33533021807670593,0.00018578727817379195
682,0.49174705147743225,0.4581204056739807,0.33626648783683777,0.0001857295689916818
683,0.4860800802707672,0.45175793766975403,0.34322139620780945,0.00018567175188650498
684,0.458353728055954,0.4262649416923523,0.32088786363601685,0.00018561382693104615
685,0.47206443548202515,0.43948328495025635,0.32581135630607605,0.00018555579419822583
686,0.48612815141677856,0.4521491229534149,0.33979034423828125,0.0001854976537611001
687,0.4731467366218567,0.44081225991249084,0.3233446776866913,0.00018543940569286065
688,0.47336527705192566,0.4407790005207062,0.3258628249168396,0.00018538105006683472
689,0.4767194092273712,0.44397595524787903,0.3274346590042114,0.00018532258695648496
690,0.4827698767185211,0.44975659251213074,0.33013275265693665,0.00018526401643540922
691,0.4886157214641571,0.45506420731544495,0.3355150520801544,0.0001852053385773407
692,0.4756833612918854,0.4428108036518097,0.3287256062030792,0.00018514655345614763
693,0.5167248249053955,0.4802998900413513,0.36424949765205383,0.00018508766114583332
694,0.47336867451667786,0.44047680497169495,0.3289186358451843,0.00018502866172053598
695,0.47035014629364014,0.4383813440799713,0.3196881115436554,0.00018496955525452874
696,0.48238781094551086,0.4496157169342041,0.32772096991539,0.0001849103418222194
697,0.5132244825363159,0.4780299961566925,0.35194501280784607,0.00018485102149815038
698,0.47937989234924316,0.4465905725955963,0.3278931975364685,0.00018479159435699883
699,0.4679245948791504,0.4357618987560272,0.3216269314289093,0.00018473206047357619
700,0.4715500473976135,0.439313143491745,0.3223690986633301,0.00018467241992282843
701,0.5038726329803467,0.46926113963127136,0.34611478447914124,0.00018461267277983568
702,0.5066571831703186,0.47141382098197937,0.3524334132671356,0.0001845528191198123
703,0.5099295377731323,0.47489988803863525,0.35029667615890503,0.00018449285901810675
704,0.4770811200141907,0.4434584677219391,0.3362264931201935,0.00018443279255020152
705,0.4682261347770691,0.4359104633331299,0.3231567144393921,0.0001843726197917129
706,0.5192372798919678,0.48334255814552307,0.3589470088481903,0.0001843123408183911
707,0.49621304869651794,0.4619126319885254,0.34300410747528076,0.00018425195570611998
708,0.4955216944217682,0.4611953794956207,0.3432632088661194,0.00018419146453091701
709,0.4888039827346802,0.4548247456550598,0.33979249000549316,0.0001841308673689332
710,0.4703967273235321,0.4381144344806671,0.3228229284286499,0.00018407016429645303
711,0.48350757360458374,0.4494653046131134,0.3404228389263153,0.0001840093553898942
712,0.4811374843120575,0.44807925820350647,0.3305823504924774,0.00018394844072580773
713,0.4888569414615631,0.4554356038570404,0.3342134356498718,0.00018388742038087777
714,0.4987986087799072,0.46436116099357605,0.34437447786331177,0.00018382629443192144
715,0.5237861275672913,0.4875544607639313,0.3623167872428894,0.00018376506295588886
716,0.5070538520812988,0.4713902771472931,0.35663554072380066,0.00018370372602986303
717,0.492629736661911,0.45855727791786194,0.3407246470451355,0.00018364228373105964
718,0.5031613111495972,0.4688209295272827,0.34340351819992065,0.00018358073613682706
719,0.4985755681991577,0.46474722027778625,0.3382834196090698,0.0001835190833246461
720,0.4844830334186554,0.4510501027107239,0.3343292772769928,0.00018345732537213027
721,0.4891602098941803,0.45490217208862305,0.34258031845092773,0.00018339546235702524
722,0.46126115322113037,0.4296058118343353,0.3165532946586609,0.00018333349435720894
723,0.46373802423477173,0.43148982524871826,0.3224818706512451,0.0001832714214506916
724,0.4727686047554016,0.4394642412662506,0.33304375410079956,0.0001832092437156154
725,0.49246153235435486,0.45867544412612915,0.33786097168922424,0.00018314696123025454
726,0.5055950880050659,0.47023046016693115,0.35364603996276855,0.00018308457407301503
727,0.4884687662124634,0.45530930161476135,0.3315945267677307,0.00018302208232243473
728,0.48678362369537354,0.45276889204978943,0.3401472568511963,0.00018295948605718314
729,0.5012028217315674,0.46721935272216797,0.3398347795009613,0.00018289678535606126
730,0.49507495760917664,0.4606504440307617,0.344245046377182,0.00018283398029800166
731,0.4880223274230957,0.45523887872695923,0.32783442735671997,0.00018277107096206826
732,0.4860438406467438,0.45213258266448975,0.33911269903182983,0.00018270805742745617
733,0.503970205783844,0.4695732593536377,0.34396958351135254,0.00018264493977349184
734,0.48886165022850037,0.4551119804382324,0.3374967575073242,0.0001825817180796326
735,0.4952167272567749,0.4612712264060974,0.33945512771606445,0.00018251839242546696
736,0.47099170088768005,0.43867942690849304,0.32312285900115967,0.0001824549628907141
737,0.5220057368278503,0.48584550619125366,0.36160245537757874,0.00018239142955522406
738,0.48287972807884216,0.4491245150566101,0.3375520706176758,0.0001823277924989776
739,0.49027949571609497,0.45651134848594666,0.337681382894516,0.000182264051802086
740,0.4962223768234253,0.4616111218929291,0.3461126685142517,0.00018220020754479102
741,0.470814973115921,0.43907031416893005,0.3174465596675873,0.00018213625980746475
742,0.4514806568622589,0.42046353220939636,0.3101711869239807,0.00018207220867060966
743,0.4986216425895691,0.4646753966808319,0.33946242928504944,0.00018200805421485824
744,0.49583303928375244,0.46150195598602295,0.3433109223842621,0.0001819437965209732
745,0.4754359722137451,0.4426431953907013,0.32792791724205017,0.0001818794356698471
746,0.48046615719795227,0.44680705666542053,0.3365909457206726,0.00018181497174250236
747,0.5197055339813232,0.48398467898368835,0.3572085201740265,0.0001817504048200912
748,0.46149685978889465,0.4297510087490082,0.3174584209918976,0.00018168573498389564
749,0.46483099460601807,0.4329785704612732,0.3185241222381592,0.00018162096231532694
750,0.48315200209617615,0.4495585262775421,0.33593472838401794,0.00018155608689592604
751,0.46416375041007996,0.4329430162906647,0.3122073709964752,0.0001814911088073632
752,0.511066198348999,0.4759252965450287,0.35140886902809143,0.00018142602813143785
753,0.47576916217803955,0.4430411756038666,0.3272799849510193,0.00018136084495007872
754,0.49310070276260376,0.4588853418827057,0.3421536982059479,0.0001812955593453434
755,0.49634847044944763,0.46249523758888245,0.33853229880332947,0.0001812301713994185
756,0.46856749057769775,0.43642184138298035,0.32145652174949646,0.00018116468119461953
757,0.4952196478843689,0.4615851640701294,0.3363449275493622,0.00018109908881339058
758,0.48922649025917053,0.45471012592315674,0.3451635539531708,0.00018103339433830454
759,0.4510769248008728,0.41975411772727966,0.31322818994522095,0.00018096759785206267
760,0.4801827073097229,0.44656312465667725,0.33619585633277893,0.00018090169943749476
761,0.4738624095916748,0.44096869230270386,0.32893702387809753,0.00018083569917755885
762,0.5078980922698975,0.4728597104549408,0.3503841161727905,0.00018076959715534124
763,0.4897557199001312,0.45651355385780334,0.33242174983024597,0.00018070339345405625
764,0.4877750873565674,0.4542273283004761,0.33547744154930115,0.00018063708815704632
765,0.5005348920822144,0.4657817780971527,0.34753113985061646,0.00018057068134778173
766,0.4885536730289459,0.4557626247406006,0.32791051268577576,0.00018050417310986052
767,0.46924230456352234,0.43729913234710693,0.3194316625595093,0.00018043756352700846
768,0.5279511213302612,0.49159061908721924,0.36360517144203186,0.00018037085268307889
769,0.47809040546417236,0.4451044201850891,0.3298598825931549,0.0001803040406620526
770,0.47557204961776733,0.4432653486728668,0.3230668902397156,0.0001802371275480378
771,0.48848068714141846,0.45474329590797424,0.33737391233444214,0.0001801701134252699
772,0.48433732986450195,0.4509006440639496,0.33436673879623413,0.0001801029983781116
773,0.49500828981399536,0.46076998114585876,0.3423830270767212,0.00018003578249105244
774,0.48919662833213806,0.4558389484882355,0.33357691764831543,0.00017996846584870908
775,0.4944537281990051,0.46048882603645325,0.33964893221855164,0.00017990104853582493
776,0.44283607602119446,0.41138482093811035,0.31451258063316345,0.00017983353063727016
777,0.4761597216129303,0.44354304671287537,0.32616668939590454,0.00017976591223804161
778,0.48843666911125183,0.4551543593406677,0.33282315731048584,0.00017969819342326254
779,0.4931705892086029,0.4591538608074188,0.3401673138141632,0.00017963037427818268
780,0.467787504196167,0.4354550242424011,0.32332485914230347,0.00017956245488817812
781,0.5003423690795898,0.4663574695587158,0.3398487865924835,0.000179494435338751
782,0.4874191880226135,0.45385852456092834,0.3356066644191742,0.00017942631571552973
783,0.4886191785335541,0.4552721381187439,0.3334703743457794,0.0001793580961042685
784,0.4858362674713135,0.4523347020149231,0.3350156545639038,0.00017928977659084755
785,0.48675742745399475,0.4530864357948303,0.3367099165916443,0.00017922135726127275
786,0.4736195206642151,0.4412655532360077,0.32353973388671875,0.00017915283820167573
787,0.4918659031391144,0.4580609202384949,0.33804988861083984,0.00017908421949831366
788,0.47945213317871094,0.44683799147605896,0.3261413872241974,0.00017901550123756906
789,0.49851194024086,0.46440497040748596,0.34106966853141785,0.00017894668350594981
790,0.46026572585105896,0.42917129397392273,0.31094443798065186,0.00017887776639008914
791,0.5115590691566467,0.476409375667572,0.35149717330932617,0.00017880874997674515
792,0.4855220913887024,0.4521127939224243,0.3340928852558136,0.00017873963435280121
793,0.45303937792778015,0.42185696959495544,0.3118240535259247,0.00017867041960526535
794,0.474385529756546,0.4419810473918915,0.32404470443725586,0.0001786011058212706
795,0.4768911302089691,0.44379332661628723,0.330978125333786,0.00017853169308807448
796,0.4614678919315338,0.42968207597732544,0.31785815954208374,0.0001784621814930592
797,0.4503798484802246,0.4197697639465332,0.30610090494155884,0.00017839257112373132
798,0.4764627516269684,0.4437585771083832,0.32704174518585205,0.00017832286206772186
799,0.4866507649421692,0.4536130428314209,0.33037737011909485,0.00017825305441278598
800,0.485344797372818,0.45166653394699097,0.33678269386291504,0.000178183148246803
801,0.4876832365989685,0.45323294401168823,0.34450289607048035,0.00017811314365777625
802,0.4686214327812195,0.43617764115333557,0.32443803548812866,0.000178043040733833
803,0.5034090876579285,0.46827432513237,0.3513478934764862,0.0001779728395632242
804,0.49951282143592834,0.4653070271015167,0.34205806255340576,0.00017790254023432466
805,0.5019720196723938,0.46738216280937195,0.3458987772464752,0.00017783214283563262
806,0.5037735104560852,0.46938902139663696,0.3438451588153839,0.00017776164745576976
807,0.443595826625824,0.41307106614112854,0.30524763464927673,0.00017769105418348122
808,0.5125756859779358,0.47688621282577515,0.35689470171928406,0.00017762036310763532
809,0.4931785464286804,0.4591340720653534,0.3404446840286255,0.00017754957431722346
810,0.47799888253211975,0.44534724950790405,0.3265162408351898,0.0001774786879013601
811,0.48390763998031616,0.4506338834762573,0.33273768424987793,0.0001774077039492826
812,0.5001668334007263,0.4663853943347931,0.3378145098686218,0.00017733662255035114
813,0.47261491417884827,0.43976259231567383,0.32852330803871155,0.0001772654437940484
814,0.4838216304779053,0.4507148861885071,0.33106759190559387,0.0001771941677699799
815,0.5081425905227661,0.4732542335987091,0.34888359904289246,0.00017712279456787332
816,0.4839390814304352,0.4504905641078949,0.3344850540161133,0.00017705132427757895
817,0.47932279109954834,0.4463791847229004,0.3294360637664795,0.00017697975698906904
818,0.4724031090736389,0.4396762251853943,0.3272688388824463,0.00017690809279243813
819,0.4955805242061615,0.4614822268486023,0.3409828543663025,0.00017683633177790272
820,0.5099077224731445,0.4750763475894928,0.34831365942955017,0.0001767644740358011
821,0.48375028371810913,0.4507239758968353,0.3302629292011261,0.0001766925196565935
822,0.4633467197418213,0.4315180480480194,0.31828656792640686,0.00017662046873086163
823,0.4882500469684601,0.4544902741909027,0.33759772777557373,0.00017654832134930882
824,0.49994251132011414,0.46566352248191833,0.34278997778892517,0.00017647607760275987
825,0.49726665019989014,0.46312156319618225,0.3414510190486908,0.00017640373758216077
826,0.49747559428215027,0.4634961187839508,0.33979469537734985,0.0001763313013785788
827,0.478207528591156,0.44555041193962097,0.32657116651535034,0.00017625876908320236
828,0.4640461206436157,0.4322819709777832,0.3176414966583252,0.00017618614078734069
829,0.4753835201263428,0.4424906075000763,0.32892906665802,0.00017611341658242395
830,0.4615142047405243,0.4297305941581726,0.31783607602119446,0.0001760405965600031
831,0.4819159209728241,0.44935405254364014,0.3256187438964844,0.00017596768081174963
832,0.49072200059890747,0.45705172419548035,0.3367028832435608,0.00017589466942945556
833,0.4726860523223877,0.44036513566970825,0.3232090175151825,0.00017582156250503335
834,0.4822894334793091,0.44919121265411377,0.33098235726356506,0.00017574836013051562
835,0.46999436616897583,0.43766114115715027,0.32333213090896606,0.0001756750623980553
836,0.4797193706035614,0.44697481393814087,0.32744547724723816,0.00017560166939992528
837,0.4869862198829651,0.45326998829841614,0.33716246485710144,0.00017552818122851838
838,0.5014805793762207,0.4670247435569763,0.3445582091808319,0.0001754545979763472
839,0.5062439441680908,0.47123193740844727,0.35012000799179077,0.00017538091973604418
840,0.45436230301856995,0.423611044883728,0.30751264095306396,0.00017530714660036112
841,0.5219523310661316,0.48664170503616333,0.3531062602996826,0.00017523327866216944
842,0.48096969723701477,0.448036789894104,0.3293290138244629,0.00017515931601445986
843,0.49075645208358765,0.457015722990036,0.33740732073783875,0.00017508525875034237
844,0.5236272215843201,0.4873798191547394,0.36247387528419495,0.00017501110696304596
845,0.49786755442619324,0.46322935819625854,0.34638187289237976,0.00017493686074591873
846,0.47846734523773193,0.44559428095817566,0.3287304937839508,0.0001748625201924276
847,0.4802362620830536,0.44700363278388977,0.332326203584671,0.00017478808539615824
848,0.49829378724098206,0.46455109119415283,0.3374270796775818,0.00017471355645081498
849,0.474063515663147,0.44170665740966797,0.323568731546402,0.00017463893345022067
850,0.49002376198768616,0.4566807746887207,0.333429753780365,0.00017456421648831655
851,0.506437361240387,0.4714774489402771,0.349599152803421,0.00017448940565916222
852,0.4861678183078766,0.45292750000953674,0.33240318298339844,0.0001744145010569353
853,0.45353198051452637,0.42221173644065857,0.3132023215293884,0.00017433950277593162
854,0.5088657140731812,0.4736963212490082,0.3516937494277954,0.0001742644109105648
855,0.4945354163646698,0.4603442847728729,0.341911256313324,0.00017418922555536637
856,0.47625428438186646,0.4437790513038635,0.3247523307800293,0.0001741139468049855
857,0.4974404573440552,0.4637150764465332,0.3372538089752197,0.00017403857475418896
858,0.5321342349052429,0.49570026993751526,0.3643394112586975,0.000173963109497861
859,0.4995541572570801,0.46510180830955505,0.3445233702659607,0.0001738875511310031
860,0.44524019956588745,0.41470593214035034,0.30534279346466064,0.00017381189974873407
861,0.5025844573974609,0.4681161046028137,0.3446836769580841,0.00017373615544628978
862,0.47039520740509033,0.43801257014274597,0.3238263726234436,0.00017366031831902304
863,0.4714784026145935,0.4391339123249054,0.32344484329223633,0.0001735843884624035
864,0.48195546865463257,0.4486493468284607,0.3330610692501068,0.00017350836597201767
865,0.4574882686138153,0.4263620674610138,0.31126198172569275,0.00017343225094356855
866,0.4743689000606537,0.44198039174079895,0.32388514280319214,0.0001733560434728757
867,0.4751361906528473,0.4429149627685547,0.32221221923828125,0.00017327974365587495
868,0.470429927110672,0.43819138407707214,0.3223854601383209,0.00017320335158861855
869,0.44373172521591187,0.4132193326950073,0.30512383580207825,0.0001731268673672747
870,0.5320380926132202,0.4952976405620575,0.36740460991859436,0.00017305029108812776
871,0.48823803663253784,0.4545850157737732,0.3365301787853241,0.00017297362284757794
872,0.48354172706604004,0.45026695728302,0.3327477276325226,0.00017289686274214118
873,0.48132970929145813,0.4476335048675537,0.33696216344833374,0.00017282001086844906
874,0.4860007166862488,0.4523087441921234,0.3369195759296417,0.00017274306732324872
875,0.48917892575263977,0.4554871916770935,0.3369172513484955,0.0001726660322034027
876,0.5142877697944641,0.4790160059928894,0.35271787643432617,0.00017258890560588888
877,0.4928680658340454,0.45967668294906616,0.3319139778614044,0.00017251168762780013
878,0.49541738629341125,0.4609970152378082,0.3442037105560303,0.0001724343783663445
879,0.5137726068496704,0.47825756669044495,0.3551506996154785,0.00017235697791884494
880,0.493787944316864,0.45963454246520996,0.3415341377258301,0.00017227948638273916
881,0.44938352704048157,0.41819891333580017,0.3118460476398468,0.00017220190385557955
882,0.47138115763664246,0.4389464259147644,0.32434719800949097,0.00017212423043503301
883,0.4918269217014313,0.45860081911087036,0.33226096630096436,0.00017204646621888096
884,0.4897393584251404,0.45586147904396057,0.33877864480018616,0.00017196861130501905
885,0.4991658926010132,0.4651229977607727,0.34042903780937195,0.00017189066579145705
886,0.48212116956710815,0.44928038120269775,0.32840776443481445,0.0001718126297763189
887,0.4812132716178894,0.4483804404735565,0.3283284604549408,0.0001717345033578424
888,0.5036789178848267,0.4688103497028351,0.3486855924129486,0.00017165628663437922
889,0.4968124330043793,0.4628986120223999,0.3391381502151489,0.00017157797970439464
890,0.49199602007865906,0.4583905339241028,0.33605486154556274,0.00017149958266646754
891,0.480220764875412,0.44728609919548035,0.3293466866016388,0.00017142109561929023
892,0.4733223021030426,0.44097065925598145,0.32351651787757874,0.00017134251866166827
893,0.4968499541282654,0.46227166056632996,0.34578290581703186,0.00017126385189252053
894,0.469021737575531,0.4367617964744568,0.3225994408130646,0.00017118509541087887
895,0.4658786356449127,0.4339038133621216,0.3197481632232666,0.00017110624931588806
896,0.5278946161270142,0.49133598804473877,0.365586519241333,0.0001710273137068057
897,0.46838828921318054,0.436140775680542,0.3224751949310303,0.00017094828868300215
898,0.526995837688446,0.49108219146728516,0.3591366410255432,0.0001708691743439602
899,0.4843689203262329,0.45177939534187317,0.3258951008319855,0.00017078997078927521
900,0.4831513464450836,0.4497844874858856,0.33366867899894714,0.00017071067811865476
901,0.44196152687072754,0.4115450382232666,0.3041647672653198,0.00017063129643191864
902,0.5024091005325317,0.46805644035339355,0.34352678060531616,0.00017055182582899873
903,0.49356532096862793,0.4601043462753296,0.33460959792137146,0.00017047226640993883
904,0.485167533159256,0.45204615592956543,0.3312138020992279,0.0001703926182748945
905,0.49533331394195557,0.4615693986415863,0.3376390337944031,0.00017031288152413306
906,0.46531325578689575,0.4337364435195923,0.31576797366142273,0.00017023305625803333
907,0.4810699224472046,0.4478285014629364,0.3324141800403595,0.0001701531425770856
908,0.46519747376441956,0.43333497643470764,0.3186248540878296,0.0001700731405818914
909,0.5020167231559753,0.466996431350708,0.3502030372619629,0.00016999305037316352
910,0.48517468571662903,0.4515046179294586,0.33670076727867126,0.00016991287205172573
911,0.5004590153694153,0.4658738076686859,0.3458518981933594,0.0001698326057185128
912,0.4736170470714569,0.44143036007881165,0.3218669593334198,0.00016975225147457026
913,0.4740242660045624,0.4413039982318878,0.3272027373313904,0.00016967180942105423
914,0.49199002981185913,0.4586278200149536,0.33362215757369995,0.00016959127965923142
915,0.45292341709136963,0.42190930247306824,0.31014126539230347,0.0001695106622904791
916,0.5000567436218262,0.46528053283691406,0.34776219725608826,0.0001694299574162846
917,0.472292959690094,0.440441370010376,0.3185160458087921,0.0001693491651382455
918,0.4914437532424927,0.4577636420726776,0.3368012607097626,0.0001692682855580695
919,0.48596009612083435,0.4526350796222687,0.3332501947879791,0.00016918731877757406
920,0.47878432273864746,0.4462305009365082,0.32553818821907043,0.00016910626489868649
921,0.45141828060150146,0.4203766882419586,0.3104158937931061,0.00016902512402344373
922,0.47568294405937195,0.4426155388355255,0.33067405223846436,0.00016894389625399226
923,0.4590434432029724,0.42729946970939636,0.31743958592414856,0.0001688625816925879
924,0.46605685353279114,0.43412789702415466,0.3192894458770752,0.00016878118044159578
925,0.492262065410614,0.4579275846481323,0.34334495663642883,0.00016869969260349018
926,0.5141450762748718,0.47828835248947144,0.3585674464702606,0.00016861811828085429
927,0.5211889743804932,0.4852801263332367,0.35908839106559753,0.00016853645757638024
928,0.47718608379364014,0.4445458948612213,0.32640185952186584,0.00016845471059286887
929,0.47591468691825867,0.4431348443031311,0.3277985155582428,0.00016837287743322975
930,0.4884597957134247,0.4550030529499054,0.33456751704216003,0.00016829095820048072
931,0.47942396998405457,0.44668564200401306,0.3273831605911255,0.00016820895299774814
932,0.45572003722190857,0.4242118299007416,0.3150821924209595,0.00016812686192826663
933,0.4915110468864441,0.457567036151886,0.33944016695022583,0.00016804468509537874
934,0.4773348271846771,0.4444330334663391,0.3290179371833801,0.00016796242260253512
935,0.46973007917404175,0.4375019073486328,0.3222818374633789,0.0001678800745532942
936,0.47683218121528625,0.44403499364852905,0.32797181606292725,0.0001677976410513221
937,0.4823341369628906,0.4495324194431305,0.32801732420921326,0.00016771512220039255
938,0.5039659738540649,0.4692338705062866,0.3473208248615265,0.00016763251810438678
939,0.48768267035484314,0.4543994665145874,0.3328319787979126,0.00016754982886729318
940,0.48400160670280457,0.4505823254585266,0.3341928720474243,0.00016746705459320745
941,0.47815844416618347,0.4452480673789978,0.3291037976741791,0.0001673841953863323
942,0.4984915852546692,0.463985800743103,0.34505799412727356,0.00016730125135097735
943,0.4916601777076721,0.4579966366291046,0.3366355299949646,0.00016721822259155902
944,0.46768718957901,0.4361443519592285,0.31542837619781494,0.0001671351092126004
945,0.48467057943344116,0.4515094757080078,0.3316110670566559,0.00016705191131873107
946,0.4738951325416565,0.44161456823349,0.3228055238723755,0.0001669686290146871
947,0.51130610704422,0.4759979844093323,0.3530811071395874,0.00016688526240531064
948,0.45614495873451233,0.4252164661884308,0.30928486585617065,0.00016680181159555013
949,0.4960508644580841,0.4617915153503418,0.34259355068206787,0.00016671827669045998
950,0.48463156819343567,0.45063114166259766,0.34000423550605774,0.0001666346577952004
951,0.48313623666763306,0.4497884511947632,0.33347800374031067,0.00016655095501503738
952,0.5112636685371399,0.47632765769958496,0.3493603765964508,0.0001664671684553426
953,0.4863439202308655,0.4530998468399048,0.3324407637119293,0.00016638329822159296
954,0.4683404564857483,0.43533775210380554,0.33002692461013794,0.00016629934441937097
955,0.4788625240325928,0.4459753930568695,0.32887133955955505,0.00016621530715436414
956,0.47177281975746155,0.43921491503715515,0.3255789875984192,0.00016613118653236518
957,0.4765300452709198,0.44388502836227417,0.3264501392841339,0.00016604698265927173
958,0.45511719584465027,0.4237644374370575,0.31352755427360535,0.0001659626956410861
959,0.4711703956127167,0.4392000138759613,0.3197037875652313,0.0001658783255839154
960,0.46256351470947266,0.43107372522354126,0.3148978054523468,0.00016579387259397127
961,0.4954147934913635,0.46109822392463684,0.343165785074234,0.00016570933677756967
962,0.47269079089164734,0.44051769375801086,0.32173100113868713,0.00016562471824113092
963,0.4753522574901581,0.4430288076400757,0.32323455810546875,0.0001655400170911794
964,0.4477359354496002,0.41694483160972595,0.3079109787940979,0.00016545523343434356
965,0.5049962997436523,0.47059786319732666,0.34398433566093445,0.00016537036737735564
966,0.4916802644729614,0.4576415717601776,0.3403870165348053,0.00016528541902705162
967,0.48790523409843445,0.45375433564186096,0.34150904417037964,0.00016520038849037117
968,0.4794425368309021,0.44622093439102173,0.33221596479415894,0.00016511527587435737
969,0.48674702644348145,0.45242246985435486,0.34324559569358826,0.00016503008128615655
970,0.4933781623840332,0.4599098265171051,0.33468326926231384,0.00016494480483301836
971,0.47701296210289,0.44405439496040344,0.32958564162254333,0.00016485944662229546
972,0.5176063776016235,0.48197945952415466,0.35626915097236633,0.00016477400676144334
973,0.4889366328716278,0.455285906791687,0.3365073502063751,0.00016468848535802045
974,0.48754799365997314,0.45391640067100525,0.3363158702850342,0.00016460288251968775
975,0.49071240425109863,0.45716097950935364,0.33551424741744995,0.00016451719835420877
976,0.5180411338806152,0.4815619885921478,0.36479124426841736,0.00016443143296944945
977,0.4759244918823242,0.4431082606315613,0.328162282705307,0.0001643455864733779
978,0.476867139339447,0.44347772002220154,0.333894282579422,0.0001642596589740644
979,0.4861415922641754,0.4531906247138977,0.3295096158981323,0.00016417365057968123
980,0.47357186675071716,0.44153764843940735,0.3203422427177429,0.0001640875613985024
981,0.4933806359767914,0.4594542980194092,0.3392634689807892,0.00016400139153890375
982,0.4900954067707062,0.4566585421562195,0.33436861634254456,0.00016391514110936255
983,0.46416518092155457,0.4325307309627533,0.3163444697856903,0.00016382881021845762
984,0.4542887508869171,0.4232480823993683,0.31040677428245544,0.000163742398974869
985,0.4842037558555603,0.45132318139076233,0.3288055956363678,0.00016365590748737788
986,0.48080727458000183,0.44762301445007324,0.33184248208999634,0.00016356933586486648
987,0.4831126630306244,0.44936403632164,0.337486207485199,0.00016348268421631797
988,0.4577998220920563,0.42658549547195435,0.3121432065963745,0.0001633959526508162
989,0.4631384015083313,0.43091055750846863,0.32227852940559387,0.00016330914127754553
990,0.5058943033218384,0.47164538502693176,0.34248942136764526,0.00016322225020579099
991,0.4694330096244812,0.4374619722366333,0.31971049308776855,0.00016313527954493778
992,0.5016894340515137,0.4667401909828186,0.3494921326637268,0.00016304822940447139
993,0.5067378878593445,0.4722242057323456,0.3451370596885681,0.0001629610998939773
994,0.4466199278831482,0.41636016964912415,0.3025975227355957,0.00016287389112314092
995,0.4819435179233551,0.4494088888168335,0.32534635066986084,0.00016278660320174747
996,0.5294800996780396,0.49352049827575684,0.35959604382514954,0.0001626992362396818
997,0.45124292373657227,0.42069491744041443,0.30548015236854553,0.00016261179034692826
998,0.4995235204696655,0.4654086232185364,0.34114909172058105,0.00016252426563357052
999,0.45835939049720764,0.42706725001335144,0.3129214644432068,0.00016243666220979157
1000,0.4767982065677643,0.4444102644920349,0.3238793909549713,0.00016234898018587337
1001,0.4537662863731384,0.4226744472980499,0.3109184801578522,0.0001622612196721969
1002,0.4891811013221741,0.45617085695266724,0.3301022946834564,0.000162173380779242
1003,0.46111834049224854,0.4297168254852295,0.3140152394771576,0.00016208546361758707
1004,0.50106281042099,0.4663116931915283,0.3475114405155182,0.00016199746829790906
1005,0.4303905963897705,0.40112927556037903,0.29261329770088196,0.00016190939493098344
1006,0.4732998013496399,0.4408661723136902,0.32433632016181946,0.00016182124362768368
1007,0.4698937237262726,0.43803760409355164,0.31856122612953186,0.00016173301449898166
1008,0.49303874373435974,0.45932435989379883,0.33714374899864197,0.00016164470765594698
1009,0.5075241327285767,0.4723566770553589,0.35167446732521057,0.00016155632320974728
1010,0.46820178627967834,0.4362185001373291,0.3198329210281372,0.00016146786127164771
1011,0.4932224154472351,0.459296852350235,0.33925577998161316,0.00016137932195301114
1012,0.5075368881225586,0.4723948836326599,0.35142016410827637,0.00016129070536529766
1013,0.4595611095428467,0.4277263581752777,0.31834742426872253,0.00016120201162006482
1014,0.493895947933197,0.46051040291786194,0.3338553309440613,0.0001611132408289672
1015,0.502799928188324,0.4683689475059509,0.34430983662605286,0.00016102439310375637
1016,0.4717055559158325,0.4399038553237915,0.318016916513443,0.00016093546855628084
1017,0.45188847184181213,0.4213394224643707,0.3054904341697693,0.00016084646729848568
1018,0.5013797879219055,0.4669785797595978,0.3440118134021759,0.00016075738944241268
1019,0.49540436267852783,0.4616638422012329,0.33740517497062683,0.00016066823510019998
1020,0.4985329806804657,0.46405696868896484,0.3447602391242981,0.000160579004384082
1021,0.474608838558197,0.44205695390701294,0.32551872730255127,0.00016048969740638933
1022,0.4635374844074249,0.4322674572467804,0.31270015239715576,0.00016040031427954853
1023,0.47248536348342896,0.440036416053772,0.3244895339012146,0.00016031085511608213
1024,0.49338558316230774,0.4590124189853668,0.34373170137405396,0.00016022132002860824
1025,0.4596427381038666,0.42828741669654846,0.3135533034801483,0.00016013170912984058
1026,0.4958738088607788,0.46227389574050903,0.3359989821910858,0.00016004202253258842
1027,0.4591134786605835,0.42766129970550537,0.31452175974845886,0.00015995226034975617
1028,0.4820449948310852,0.44844067096710205,0.336043119430542,0.00015986242269434354
1029,0.479606032371521,0.4468885064125061,0.32717519998550415,0.00015977250967944508
1030,0.4758399426937103,0.4433465898036957,0.3249334394931793,0.00015968252141825037
1031,0.4660928547382355,0.43430575728416443,0.31787109375,0.00015959245802404365
1032,0.5006171464920044,0.4661440849304199,0.3447306752204895,0.00015950231961020373
1033,0.46677377820014954,0.43464866280555725,0.3212510347366333,0.00015941210629020388
1034,0.45765000581741333,0.42666494846343994,0.3098505735397339,0.00015932181817761163
1035,0.5079929232597351,0.47286558151245117,0.35127320885658264,0.00015923145538608875
1036,0.44660794734954834,0.4160638153553009,0.3054414689540863,0.0001591410180293909
1037,0.47027328610420227,0.4381650686264038,0.32108229398727417,0.00015905050622136777
1038,0.5240188241004944,0.488037645816803,0.3598116934299469,0.0001589599200759626
1039,0.48821282386779785,0.4554595351219177,0.32753288745880127,0.00015886925970721235
1040,0.47538602352142334,0.4424237310886383,0.32962292432785034,0.00015877852522924732
1041,0.48864758014678955,0.4554134011268616,0.33234167098999023,0.00015868771675629114
1042,0.4739248752593994,0.44155317544937134,0.3237171173095703,0.00015859683440266068
1043,0.49762633442878723,0.4637379050254822,0.3388843536376953,0.00015850587828276564
1044,0.4729878008365631,0.4401495158672333,0.3283829689025879,0.0001584148485111087
1045,0.4749850034713745,0.4416450262069702,0.3333996832370758,0.00015832374520228525
1046,0.4943661093711853,0.4602462649345398,0.34119853377342224,0.00015823256847098324
1047,0.46812739968299866,0.43627795577049255,0.31849434971809387,0.00015814131843198308
1048,0.4561631977558136,0.42515653371810913,0.31006675958633423,0.00015804999520015734
1049,0.48939475417137146,0.4558321535587311,0.33562609553337097,0.00015795859889047091
1050,0.5317985415458679,0.49546611309051514,0.36332446336746216,0.0001578671296179806
1051,0.4745441973209381,0.44199520349502563,0.32548987865448,0.000157775587497835
1052,0.48488956689834595,0.45155563950538635,0.33333924412727356,0.00015768397264527448
1053,0.4790087044239044,0.4462249279022217,0.32783764600753784,0.00015759228517563099
1054,0.49007436633110046,0.45665720105171204,0.3341716229915619,0.00015750052520432787
1055,0.47341418266296387,0.44091668725013733,0.3249748647212982,0.0001574086928468797
1056,0.4629635512828827,0.4313587248325348,0.31604838371276855,0.00015731678821889224
1057,0.4744889438152313,0.44225215911865234,0.3223678171634674,0.0001572248114360622
1058,0.4870506823062897,0.4538162350654602,0.33234456181526184,0.00015713276261417706
1059,0.49242541193962097,0.4587238132953644,0.33701586723327637,0.00015704064186911518
1060,0.4578357934951782,0.4266330897808075,0.3120271563529968,0.0001569484493168452
1061,0.4746798276901245,0.44230175018310547,0.3237808048725128,0.0001568561850734264
1062,0.4566216468811035,0.4251927137374878,0.3142891824245453,0.00015676384925500814
1063,0.4607940912246704,0.4294150769710541,0.3137902319431305,0.00015667144197783
1064,0.45925042033195496,0.42794883251190186,0.31301596760749817,0.00015657896335822147
1065,0.47290873527526855,0.44020766019821167,0.32701072096824646,0.00015648641351260177
1066,0.48482954502105713,0.4514039158821106,0.3342561423778534,0.00015639379255747994
1067,0.4687982499599457,0.43662840127944946,0.3216985762119293,0.0001563011006094544
1068,0.44822725653648376,0.4176054000854492,0.3062184751033783,0.00015620833778521307
1069,0.47032880783081055,0.4388221204280853,0.31506672501564026,0.00015611550420153297
1070,0.4869871735572815,0.4533352851867676,0.3365187346935272,0.00015602259997528028
1071,0.46158120036125183,0.4300038814544678,0.31577324867248535,0.0001559296252234101
1072,0.47219088673591614,0.4398041069507599,0.32386767864227295,0.00015583658006296624
1073,0.5034120678901672,0.46805331110954285,0.3535875678062439,0.0001557434646110813
1074,0.5138088464736938,0.4784334897994995,0.35375356674194336,0.00015565027898497617
1075,0.49539467692375183,0.46152055263519287,0.3387412428855896,0.00015555702330196023
1076,0.4593741297721863,0.42826804518699646,0.31106090545654297,0.00015546369767943102
1077,0.4773821532726288,0.44493430852890015,0.3244785666465759,0.0001553703022348741
1078,0.4914000630378723,0.4575543999671936,0.33845648169517517,0.0001552768370858629
1079,0.4817885458469391,0.4487557113170624,0.3303282856941223,0.00015518330235005868
1080,0.45991218090057373,0.42827990651130676,0.3163226544857025,0.00015508969814521025
1081,0.4882197976112366,0.4545121490955353,0.3370765447616577,0.0001549960245891539
1082,0.4923934042453766,0.45885634422302246,0.3353705108165741,0.0001549022817998132
1083,0.4929249584674835,0.4592668116092682,0.33658137917518616,0.00015480846989519885
1084,0.4669147729873657,0.43520379066467285,0.31710970401763916,0.0001547145889934086
1085,0.4751094877719879,0.4421836733818054,0.3292580246925354,0.0001546206392126271
1086,0.4963058829307556,0.4619806110858917,0.34325259923934937,0.0001545266206711256
1087,0.5001769065856934,0.4662662446498871,0.33910682797431946,0.00015443253348726202
1088,0.46658849716186523,0.4350112974643707,0.3157719373703003,0.0001543383777794806
1089,0.49629083275794983,0.4616328179836273,0.3465801775455475,0.00015424415366631188
1090,0.46576082706451416,0.43433740735054016,0.31423419713974,0.00015414986126637258
1091,0.4559966027736664,0.4248306155204773,0.31165990233421326,0.00015405550069836528
1092,0.46053770184516907,0.42885762453079224,0.31680068373680115,0.00015396107208107845
1093,0.47657501697540283,0.443435400724411,0.33139604330062866,0.0001538665755333862
1094,0.4691048860549927,0.43697893619537354,0.32125958800315857,0.00015377201117424812
1095,0.5022292137145996,0.46796733140945435,0.3426188826560974,0.0001536773791227092
1096,0.4501533508300781,0.41951555013656616,0.30637791752815247,0.00015358267949789966
1097,0.4608956575393677,0.42948290705680847,0.3141273856163025,0.0001534879124190348
1098,0.5136447548866272,0.47855299711227417,0.3509176969528198,0.00015339307800541475
1099,0.4985705316066742,0.4646506607532501,0.33919861912727356,0.00015329817637642454
1100,0.49934667348861694,0.46539655327796936,0.33950117230415344,0.00015320320765153367
1101,0.4978836476802826,0.464252233505249,0.33631420135498047,0.0001531081719502962
1102,0.5123240947723389,0.47748318314552307,0.34840893745422363,0.00015301306939235053
1103,0.4910967946052551,0.4574463367462158,0.33650466799736023,0.00015291790009741907
1104,0.5004228353500366,0.4658829867839813,0.34539854526519775,0.00015282266418530847
1105,0.4708952307701111,0.43911269307136536,0.3178254961967468,0.000152727361775909
1106,0.5155929923057556,0.48005130887031555,0.35541704297065735,0.00015263199298919488
1107,0.48093119263648987,0.44808897376060486,0.3284222185611725,0.00015253655794522368
1108,0.5067223310470581,0.4725283980369568,0.3419390320777893,0.0001524410567641366
1109,0.473908931016922,0.4417645037174225,0.3214443027973175,0.00015234548956615784
1110,0.4736001491546631,0.44130226969718933,0.3229786455631256,0.0001522498564715949
1111,0.4724065959453583,0.44034165143966675,0.3206493556499481,0.0001521541576008382
1112,0.5123772025108337,0.476941853761673,0.35435348749160767,0.00015205839307436088
1113,0.491298645734787,0.4581124484539032,0.33186203241348267,0.00015196256301271884
1114,0.4900035262107849,0.45640650391578674,0.33597028255462646,0.0001518666675365504
1115,0.5019297003746033,0.466807097196579,0.3512260913848877,0.00015177070676657633
1116,0.47679394483566284,0.4437289237976074,0.33065012097358704,0.00015167468082359945
1117,0.4750080704689026,0.44287925958633423,0.32128798961639404,0.00015157858982850475
1118,0.495254248380661,0.46160197257995605,0.3365226984024048,0.00015148243390225908
1119,0.49107876420021057,0.45796164870262146,0.33117109537124634,0.00015138621316591094
1120,0.4945402145385742,0.460692822933197,0.3384740352630615,0.00015128992774059063
1121,0.48367059230804443,0.4509219527244568,0.3274863064289093,0.00015119357774750965
1122,0.4627402424812317,0.4313949644565582,0.31345275044441223,0.0001510971633079609
1123,0.4682992398738861,0.43665173649787903,0.316474974155426,0.00015100068454331836
1124,0.5055282115936279,0.4708789587020874,0.3464927077293396,0.00015090414157503714
1125,0.4982543885707855,0.46423280239105225,0.3402159810066223,0.00015080753452465296
1126,0.5081703066825867,0.47322961688041687,0.34940680861473083,0.00015071086351378231
1127,0.484770268201828,0.45158281922340393,0.33187440037727356,0.00015061412866412225
1128,0.46506819128990173,0.43359553813934326,0.31472644209861755,0.00015051733009745013
1129,0.4888162314891815,0.4553435444831848,0.33472681045532227,0.00015042046793562348
1130,0.4729319214820862,0.44086354970932007,0.3206835687160492,0.00015032354230058004
1131,0.4949772357940674,0.46084311604499817,0.34134119749069214,0.00015022655331433727
1132,0.506270706653595,0.4714508354663849,0.34819847345352173,0.0001501295010989925
1133,0.5076799392700195,0.4732478857040405,0.34432071447372437,0.00015003238577672266
1134,0.5091168880462646,0.4747500419616699,0.34366828203201294,0.00014993520746978405
1135,0.4894784688949585,0.45575210452079773,0.33726364374160767,0.0001498379663005123
1136,0.4832552969455719,0.4504588842391968,0.3279641568660736,0.0001497406623913222
1137,0.47403988242149353,0.44182103872299194,0.32218852639198303,0.00014964329586470752
1138,0.4865483045578003,0.4533561170101166,0.33192193508148193,0.00014954586684324078
1139,0.4729321002960205,0.44070038199424744,0.32231733202934265,0.00014944837544957323
1140,0.4591323137283325,0.427170068025589,0.31962257623672485,0.0001493508218064347
1141,0.46291011571884155,0.43130260705947876,0.31607505679130554,0.00014925320603663327
1142,0.4907466769218445,0.45735666155815125,0.33390021324157715,0.00014915552826305533
1143,0.4979374408721924,0.46426019072532654,0.3367726504802704,0.0001490577886086652
1144,0.48836570978164673,0.45486465096473694,0.33501073718070984,0.00014895998719650526
1145,0.47671547532081604,0.4443230628967285,0.32392418384552,0.00014886212414969553
1146,0.4717150926589966,0.43965989351272583,0.3205520808696747,0.0001487641995914336
1147,0.5277818441390991,0.49159419536590576,0.3618766963481903,0.0001486662136449946
1148,0.47729501128196716,0.4447326958179474,0.3256232738494873,0.00014856816643373083
1149,0.4742140471935272,0.4413430690765381,0.3287096917629242,0.00014847005808107185
1150,0.46407294273376465,0.43264514207839966,0.31427812576293945,0.000148371888710524
1151,0.48831552267074585,0.45482712984085083,0.3348838984966278,0.0001482736584456706
1152,0.48809799551963806,0.4550117552280426,0.330862432718277,0.00014817536741017152
1153,0.4806656837463379,0.44783487915992737,0.32830795645713806,0.00014807701572776323
1154,0.4755694568157196,0.44230517745018005,0.3326428234577179,0.00014797860352225853
1155,0.5287472605705261,0.49226894974708557,0.36478307843208313,0.00014788013091754628
1156,0.48955586552619934,0.45633232593536377,0.33223527669906616,0.00014778159803759158
1157,0.48342540860176086,0.4502446949481964,0.3318071961402893,0.00014768300500643517
1158,0.5003380179405212,0.4655214250087738,0.34816601872444153,0.00014758435194819376
1159,0.4940749704837799,0.46000394225120544,0.3407104015350342,0.00014748563898705946
1160,0.4584750533103943,0.42698416113853455,0.3149089217185974,0.00014738686624729986
1161,0.5152210593223572,0.47959205508232117,0.3562903106212616,0.00014728803385325782
1162,0.4808265268802643,0.44794347882270813,0.32883039116859436,0.0001471891419293512
1163,0.45966336131095886,0.428279310464859,0.3138405680656433,0.00014709019060007286
1164,0.4870899021625519,0.45389237999916077,0.33197513222694397,0.00014699117998999054
1165,0.49282899498939514,0.4592328667640686,0.3359612822532654,0.00014689211022374645
1166,0.49890631437301636,0.4648454189300537,0.340609073638916,0.00014679298142605734
1167,0.46678993105888367,0.4349602460861206,0.31829696893692017,0.0001466937937217143
1168,0.4673740863800049,0.4356420934200287,0.3173200786113739,0.00014659454723558248
1169,0.4909655451774597,0.45759013295173645,0.3337542414665222,0.00014649524209260116
1170,0.48865026235580444,0.45513245463371277,0.3351781666278839,0.00014639587841778343
1171,0.43868499994277954,0.4087776243686676,0.2990737855434418,0.0001462964563362159
1172,0.49058404564857483,0.4566155970096588,0.33968445658683777,0.00014619697597305898
1173,0.48933300375938416,0.45576855540275574,0.3356444537639618,0.00014609743745354624
1174,0.4687963128089905,0.4369043707847595,0.3189193606376648,0.0001459978409029845
1175,0.45051437616348267,0.4198530614376068,0.3066132366657257,0.00014589818644675378
1176,0.464840829372406,0.433268278837204,0.3157253563404083,0.00014579847421030678
1177,0.46394050121307373,0.4321644604206085,0.3177603483200073,0.00014569870431916903
1178,0.48683515191078186,0.45370399951934814,0.33131158351898193,0.0001455988768989387
1179,0.4931735098361969,0.4600229561328888,0.33150556683540344,0.00014549899207528632
1180,0.4577803611755371,0.42647096514701843,0.3130941092967987,0.00014539904997395468
1181,0.4948346018791199,0.46145114302635193,0.3338346779346466,0.00014529905072075872
1182,0.4748358428478241,0.44250401854515076,0.32331836223602295,0.00014519899444158526
1183,0.4623289704322815,0.43094363808631897,0.31385335326194763,0.00014509888126239297
1184,0.47003719210624695,0.4382003843784332,0.31836795806884766,0.00014499871130921213
1185,0.480596125125885,0.44729068875312805,0.33305445313453674,0.00014489848470814447
1186,0.47708550095558167,0.444993257522583,0.320922315120697,0.00014479820158536306
1187,0.47643154859542847,0.44407808780670166,0.32353469729423523,0.00014469786206711214
1188,0.47776493430137634,0.4448448717594147,0.3292006254196167,0.00014459746627970685
1189,0.5149781107902527,0.47969695925712585,0.35281142592430115,0.0001444970143495333
1190,0.48008331656455994,0.44674843549728394,0.33334869146347046,0.00014439650640304822
1191,0.4703720211982727,0.4380771815776825,0.3229483962059021,0.00014429594256677882
1192,0.4663168787956238,0.43420320749282837,0.3211366534233093,0.0001441953229673227
1193,0.46334242820739746,0.43208423256874084,0.3125818967819214,0.00014409464773134764
1194,0.49628502130508423,0.4625381529331207,0.33746856451034546,0.00014399391698559152
1195,0.47490131855010986,0.44234567880630493,0.3255564868450165,0.00014389313085686205
1196,0.4865572452545166,0.4534097909927368,0.331474632024765,0.00014379228947203665
1197,0.4837433695793152,0.4508744776248932,0.3286888897418976,0.0001436913929580623
1198,0.4790889024734497,0.4463370740413666,0.32751837372779846,0.00014359044144195547
1199,0.4630018174648285,0.4312512278556824,0.31750592589378357,0.00014348943505080173
1200,0.48220136761665344,0.44920045137405396,0.33000919222831726,0.00014338837391175582
1201,0.5141775012016296,0.479084849357605,0.3509264290332794,0.00014328725815204144
1202,0.47908565402030945,0.44636160135269165,0.3272404670715332,0.00014318608789895088
1203,0.4812510311603546,0.44893670082092285,0.3231431841850281,0.00014308486327984523
1204,0.47921520471572876,0.44649752974510193,0.32717666029930115,0.00014298358442215388
1205,0.4813039302825928,0.447928786277771,0.3337513506412506,0.00014288225145337466
1206,0.48219653964042664,0.4490956664085388,0.331008642911911,0.0001427808645010733
1207,0.46435466408729553,0.43294277787208557,0.3141188323497772,0.00014267942369288364
1208,0.4894733428955078,0.4560961127281189,0.33377233147621155,0.00014257792915650728
1209,0.4774807095527649,0.44407400488853455,0.3340669572353363,0.00014247638101971344
1210,0.4895757734775543,0.4559154808521271,0.336603045463562,0.00014237477941033888
1211,0.4789513945579529,0.4464157223701477,0.32535675168037415,0.00014227312445628759
1212,0.4464205205440521,0.415359228849411,0.31061285734176636,0.00014217141628553078
1213,0.4727884531021118,0.4405381679534912,0.3225029706954956,0.00014206965502610655
1214,0.4435572922229767,0.41350090503692627,0.300563782453537,0.00014196784080612002
1215,0.483190655708313,0.4504588842391968,0.3273177146911621,0.0001418659737537428
1216,0.501825213432312,0.46749696135520935,0.3432828187942505,0.00014176405399721312
1217,0.4895992577075958,0.45629939436912537,0.33299872279167175,0.00014166208166483548
1218,0.4655624330043793,0.4338454306125641,0.317170113325119,0.00014156005688498063
1219,0.48701226711273193,0.45328280329704285,0.33729472756385803,0.00014145797978608527
1220,0.46052494645118713,0.42945167422294617,0.31073275208473206,0.00014135585049665207
1221,0.45882150530815125,0.42757439613342285,0.31247109174728394,0.00014125366914524934
1222,0.49437788128852844,0.46039241552352905,0.33985474705696106,0.00014115143586051088
1223,0.4709266424179077,0.43902263045310974,0.31904008984565735,0.000141049150771136
1224,0.4935522675514221,0.4600614011287689,0.3349085748195648,0.00014094681400588906
1225,0.4693855941295624,0.4372809827327728,0.3210461437702179,0.00014084442569359964
1226,0.46614426374435425,0.43473660945892334,0.31407660245895386,0.00014074198596316205
1227,0.47728076577186584,0.44458168745040894,0.32699084281921387,0.0001406394949435355
1228,0.4541969299316406,0.4230654835700989,0.3113146126270294,0.0001405369527637436
1229,0.5148904323577881,0.479410856962204,0.3547959327697754,0.00014043435955287452
1230,0.4869091212749481,0.45396727323532104,0.3294185400009155,0.00014033171544008052
1231,0.47395065426826477,0.44144406914711,0.3250657916069031,0.00014022902055457802
1232,0.4786417484283447,0.4459315538406372,0.32710200548171997,0.00014012627502564743
1233,0.48450326919555664,0.4514298439025879,0.3307342827320099,0.00014002347898263274
1234,0.472758024930954,0.4403325617313385,0.3242546021938324,0.0001399206325549417
1235,0.459914892911911,0.4285087287425995,0.3140617311000824,0.00013981773587204535
1236,0.469888299703598,0.43753281235694885,0.32355478405952454,0.00013971478906347806
1237,0.49510034918785095,0.4617663323879242,0.333340048789978,0.00013961179225883735
1238,0.4677964448928833,0.4363429546356201,0.3145349323749542,0.00013950874558778362
1239,0.4681350588798523,0.43560054898262024,0.32534515857696533,0.00013940564918004004
1240,0.5040304064750671,0.46925073862075806,0.3477965295314789,0.00013930250316539238
1241,0.4924152195453644,0.45911452174186707,0.333006888628006,0.00013919930767368891
1242,0.47941944003105164,0.4468083679676056,0.32611072063446045,0.00013909606283484018
1243,0.47343581914901733,0.441152423620224,0.3228340148925781,0.00013899276877881884
1244,0.49362581968307495,0.46007299423217773,0.33552810549736023,0.0001388894256356595
1245,0.4683011770248413,0.4366217255592346,0.3167944848537445,0.00013878603353545854
1246,0.4748382270336151,0.44229719042778015,0.32541027665138245,0.00013868259260837402
1247,0.5274806618690491,0.4915100932121277,0.35970568656921387,0.00013857910298462544
1248,0.484655499458313,0.45150792598724365,0.3314758837223053,0.0001384755647944936
1249,0.49450916051864624,0.4607897400856018,0.33719417452812195,0.0001383719781683205
1250,0.4698988199234009,0.43808645009994507,0.31812354922294617,0.000138268343236509
1251,0.4897257685661316,0.45608291029930115,0.33642861247062683,0.00013816466012952285
1252,0.44121503829956055,0.4106295108795166,0.30585527420043945,0.00013806092897788644
1253,0.46967077255249023,0.4373430013656616,0.32327786087989807,0.00013795714991218463
1254,0.4802860617637634,0.44792741537094116,0.3235865533351898,0.00013785332306306259
1255,0.448012113571167,0.4175920784473419,0.30420029163360596,0.00013774944856122568
1256,0.4833645522594452,0.4507061541080475,0.32658398151397705,0.0001376455265374392
1257,0.5051572322845459,0.4708064794540405,0.34350767731666565,0.00013754155712252832
1258,0.4903804659843445,0.45706599950790405,0.33314457535743713,0.00013743754044737781
1259,0.5062053203582764,0.4710420072078705,0.35163307189941406,0.000137333476642932
1260,0.4923059046268463,0.458402544260025,0.3390336036682129,0.00013722936584019453
1261,0.4457029104232788,0.41533902287483215,0.30363884568214417,0.00013712520817022817
1262,0.4930974841117859,0.459881991147995,0.3321548402309418,0.00013702100376415473
1263,0.46701955795288086,0.4350423216819763,0.3197723925113678,0.00013691675275315484
1264,0.4726770222187042,0.44077441096305847,0.31902602314949036,0.00013681245526846783
1265,0.4686153531074524,0.4362930357456207,0.3232231140136719,0.00013670811144139144
1266,0.49323365092277527,0.45943963527679443,0.3379400968551636,0.00013660372140328187
1267,0.48974937200546265,0.45617347955703735,0.3357590436935425,0.00013649928528555342
1268,0.4751865267753601,0.44289296865463257,0.32293573021888733,0.00013639480321967845
1269,0.51951664686203,0.4841291606426239,0.35387492179870605,0.0001362902753371871
1270,0.48721301555633545,0.4537999927997589,0.3341302275657654,0.00013618570176966724
1271,0.4753321409225464,0.4428993761539459,0.32432758808135986,0.0001360810826487642
1272,0.4770504832267761,0.44474950432777405,0.3230099081993103,0.00013597641810618073
1273,0.47812241315841675,0.44565925002098083,0.32463160157203674,0.00013587170827367663
1274,0.4606765806674957,0.4293801784515381,0.3129640519618988,0.00013576695328306894
1275,0.49175119400024414,0.4582264721393585,0.33524736762046814,0.0001356621532662313
1276,0.4579673111438751,0.426568865776062,0.31398457288742065,0.0001355573083550942
1277,0.47008171677589417,0.4380732476711273,0.32008469104766846,0.00013545241868164457
1278,0.4398297071456909,0.4099726974964142,0.2985699474811554,0.00013534748437792573
1279,0.45848584175109863,0.4270089864730835,0.31476855278015137,0.00013524250557603713
1280,0.4772888123989105,0.4450652599334717,0.32223543524742126,0.0001351374824081343
1281,0.480196088552475,0.44727227091789246,0.32923805713653564,0.00013503241500642855
1282,0.5061370730400085,0.4714938700199127,0.34643226861953735,0.00013492730350318696
1283,0.4452875852584839,0.4151465892791748,0.30141007900238037,0.00013482214803073209
1284,0.49497225880622864,0.4613994359970093,0.33572834730148315,0.00013471694872144188
1285,0.45277416706085205,0.4219145178794861,0.3085966408252716,0.0001346117057077493
1286,0.4862394630908966,0.4528968632221222,0.3334261178970337,0.00013450641912214262
1287,0.4964030086994171,0.4626673460006714,0.3373565673828125,0.00013440108909716468
1288,0.4698728024959564,0.43790432810783386,0.3196846544742584,0.00013429571576541315
1289,0.4775219261646271,0.4445433020591736,0.32978636026382446,0.00013419029925954029
1290,0.4869266450405121,0.4537079930305481,0.3321864604949951,0.0001340848397122525
1291,0.47112348675727844,0.43885645270347595,0.3226702809333801,0.00013397933725631055
1292,0.46630859375,0.4347570836544037,0.3155152499675751,0.00013387379202452917
1293,0.45409008860588074,0.4229746162891388,0.31115469336509705,0.00013376820414977685
1294,0.4782326817512512,0.44578856229782104,0.3244411051273346,0.0001336625737649759
1295,0.474494069814682,0.44172346591949463,0.327705979347229,0.00013355690100310213
1296,0.48895707726478577,0.4554687738418579,0.33488309383392334,0.00013345118599718457
1297,0.49842891097068787,0.46452897787094116,0.33899936079978943,0.00013334542888030553
1298,0.4811576306819916,0.44827738404273987,0.32880252599716187,0.00013323962978560033
1299,0.44678857922554016,0.41665521264076233,0.30133378505706787,0.0001331337888462571
1300,0.49765273928642273,0.4635590612888336,0.3409368097782135,0.00013302790619551674
1301,0.49824392795562744,0.4641169309616089,0.3412700593471527,0.00013292198196667248
1302,0.49587392807006836,0.46185892820358276,0.340149849653244,0.00013281601629307007
1303,0.4903576672077179,0.45673254132270813,0.3362511694431305,0.00013271000930810737
1304,0.48374032974243164,0.4505629241466522,0.33177414536476135,0.0001326039611452342
1305,0.45915931463241577,0.42772960662841797,0.31429722905158997,0.00013249787193795226
1306,0.4796907603740692,0.44724246859550476,0.32448288798332214,0.00013239174181981495
1307,0.451127290725708,0.42026013135910034,0.30867162346839905,0.00013228557092442712
1308,0.47362443804740906,0.4413908123970032,0.3223361372947693,0.00013217935938544497
1309,0.46571749448776245,0.43428683280944824,0.31430670619010925,0.00013207310733657585
1310,0.4506852328777313,0.41971659660339355,0.3096862733364105,0.00013196681491157818
1311,0.48661869764328003,0.45312872529029846,0.33489975333213806,0.00013186048224426107
1312,0.4582618772983551,0.42701730132102966,0.3124457895755768,0.00013175410946848445
1313,0.4800351560115814,0.44667401909828186,0.33361145853996277,0.00013164769671815862
1314,0.49309495091438293,0.45935186743736267,0.3374307453632355,0.0001315412441272443
1315,0.5016833543777466,0.46749982237815857,0.3418351709842682,0.00013143475182975222
1316,0.4741733968257904,0.4417944550514221,0.3237893879413605,0.00013132821995974326
1317,0.46685221791267395,0.4348861873149872,0.31966039538383484,0.00013122164865132807
1318,0.4950726628303528,0.46141713857650757,0.336555153131485,0.00013111503803866684
1319,0.4685555398464203,0.4367685616016388,0.3178696632385254,0.0001310083882559694
1320,0.4788440465927124,0.4462640881538391,0.32579943537712097,0.00013090169943749476
1321,0.501656711101532,0.4673663079738617,0.3429037630558014,0.00013079497171755112
1322,0.49291664361953735,0.45949214696884155,0.3342449963092804,0.00013068820523049572
1323,0.5128804445266724,0.4779021143913269,0.34978318214416504,0.00013058140011073448
1324,0.47648945450782776,0.44421863555908203,0.3227080702781677,0.00013047455649272207
1325,0.4866476356983185,0.45361340045928955,0.3303423821926117,0.00013036767451096148
1326,0.4784214198589325,0.4452345669269562,0.33186861872673035,0.00013026075430000417
1327,0.44614377617836,0.41585350036621094,0.3029026687145233,0.00013015379599444957
1328,0.467134565114975,0.4352612793445587,0.3187328577041626,0.0001300467997289452
1329,0.4662661850452423,0.43435847759246826,0.31907719373703003,0.00012993976563818626
1330,0.503664493560791,0.4689176678657532,0.34746843576431274,0.0001298326938569156
1331,0.48381832242012024,0.4511112570762634,0.3270707130432129,0.00012972558451992362
1332,0.47807496786117554,0.44563400745391846,0.324409544467926,0.00012961843776204777
1333,0.48845744132995605,0.45556187629699707,0.3289557695388794,0.00012951125371817281
1334,0.48671263456344604,0.45351651310920715,0.33196118474006653,0.0001294040325232304
1335,0.4724704325199127,0.4400956630706787,0.32374775409698486,0.0001292967743121989
1336,0.48509907722473145,0.4517900049686432,0.33309081196784973,0.00012918947922010336
1337,0.46517476439476013,0.4336184561252594,0.31556299328804016,0.00012908214738201513
1338,0.4905111789703369,0.45702695846557617,0.33484211564064026,0.00012897477893305195
1339,0.4811692237854004,0.4482470452785492,0.3292218744754791,0.00012886737400837758
1340,0.47102609276771545,0.43862953782081604,0.3239656090736389,0.00012875993274320173
1341,0.4476228356361389,0.41680842638015747,0.30814415216445923,0.00012865245527277986
1342,0.48981961607933044,0.4562680423259735,0.3355156481266022,0.00012854494173241294
1343,0.4830544888973236,0.4507661759853363,0.32288315892219543,0.0001284373922574474
1344,0.4648851454257965,0.4332946836948395,0.31590452790260315,0.00012832980698327496
1345,0.4827688932418823,0.45017215609550476,0.32596731185913086,0.00012822218604533232
1346,0.4951508045196533,0.4606373608112335,0.3451344072818756,0.00012811452957910109
1347,0.45199331641197205,0.42122480273246765,0.3076850473880768,0.00012800683772010767
1348,0.4781873822212219,0.44571852684020996,0.3246884047985077,0.00012789911060392294
1349,0.47552290558815,0.44297030568122864,0.3255258798599243,0.00012779134836616218
1350,0.4864225685596466,0.45285940170288086,0.33563172817230225,0.00012768355114248494
1351,0.46015796065330505,0.4288482666015625,0.31309688091278076,0.00012757571906859476
1352,0.4754076898097992,0.442650705575943,0.3275698721408844,0.00012746785228023904
1353,0.48883527517318726,0.45573678612709045,0.3309847414493561,0.00012735995091320892
1354,0.49846991896629333,0.46415838599205017,0.34311532974243164,0.00012725201510333905
1355,0.4922860562801361,0.4586951732635498,0.3359087407588959,0.00012714404498650743
1356,0.4972116947174072,0.46323564648628235,0.33976054191589355,0.0001270360406986353
1357,0.47100451588630676,0.4391983151435852,0.31806209683418274,0.00012692800237568686
1358,0.47821012139320374,0.4456334114074707,0.3257671296596527,0.00012681993015366917
1359,0.4806174635887146,0.44804829359054565,0.32569175958633423,0.000126711824168632
1360,0.4999418556690216,0.4650534987449646,0.34888365864753723,0.00012660368455666752
1361,0.4727824926376343,0.4405662715435028,0.3221622407436371,0.00012649551145391035
1362,0.4662746489048004,0.4343722462654114,0.31902405619621277,0.0001263873049965373
1363,0.4821494221687317,0.44887545704841614,0.3327397406101227,0.000126279065320767
1364,0.48211103677749634,0.44943079352378845,0.326802521944046,0.00012617079256286
1365,0.49408891797065735,0.46052980422973633,0.3355911672115326,0.00012606248685911853
1366,0.4454648792743683,0.41544395685195923,0.30020928382873535,0.00012595414834588626
1367,0.4401743710041046,0.4100125730037689,0.3016180396080017,0.00012584577715954814
1368,0.46059948205947876,0.4292760491371155,0.3132344186306,0.00012573737343653024
1369,0.4979096055030823,0.46356385946273804,0.3434576094150543,0.00012562893731329967
1370,0.4871189594268799,0.4538845419883728,0.3323442041873932,0.00012552046892636427
1371,0.4857298731803894,0.45269379019737244,0.33036068081855774,0.00012541196841227246
1372,0.4648953974246979,0.43295472860336304,0.31940656900405884,0.00012530343590761318
1373,0.4848576486110687,0.4516417980194092,0.33215853571891785,0.00012519487154901562
1374,0.4868151843547821,0.45351913571357727,0.33296048641204834,0.0001250862754731491
1375,0.45219841599464417,0.42097896337509155,0.3121945261955261,0.0001249776478167227
1376,0.4877440929412842,0.45373648405075073,0.3400762379169464,0.0001248689887164855
1377,0.4503246545791626,0.4197520613670349,0.305726021528244,0.000124760298309226
1378,0.4586814045906067,0.4276011288166046,0.31080272793769836,0.00012465157673177216
1379,0.4664870798587799,0.43435078859329224,0.3213629424571991,0.0001245428241209912
1380,0.47740408778190613,0.4450150430202484,0.32389047741889954,0.0001244340406137894
1381,0.4913349449634552,0.4579817056655884,0.33353227376937866,0.00012432522634711192
1382,0.4736776649951935,0.4412323236465454,0.3244534730911255,0.0001242163814579426
1383,0.4565376341342926,0.42524513602256775,0.3129250109195709,0.00012410750608330388
1384,0.4478970468044281,0.4174385964870453,0.30458444356918335,0.0001239986003602566
1385,0.4768999218940735,0.4445178210735321,0.32382091879844666,0.0001238896644258998
1386,0.48024359345436096,0.4471714198589325,0.3307216167449951,0.00012378069841737044
1387,0.4424925446510315,0.4122806489467621,0.30211880803108215,0.00012367170247184355
1388,0.4664979875087738,0.43458011746406555,0.31917864084243774,0.0001235626767265316
1389,0.46236515045166016,0.4309787154197693,0.31386446952819824,0.0001234536213186848
1390,0.4900294542312622,0.4564847946166992,0.3354467451572418,0.00012334453638559057
1391,0.4737303853034973,0.4416531026363373,0.3207727372646332,0.00012323542206457347
1392,0.4613441824913025,0.4299710988998413,0.3137308955192566,0.00012312627849299523
1393,0.4862062335014343,0.4529907703399658,0.33215469121932983,0.00012301710580825423
1394,0.4947398006916046,0.4609498977661133,0.33789896965026855,0.0001229079041477855
1395,0.4714588522911072,0.4394409656524658,0.3201789855957031,0.00012279867364906071
1396,0.4849953055381775,0.4518126845359802,0.3318262994289398,0.00012268941444958765
1397,0.443813294172287,0.4134517014026642,0.3036160469055176,0.0001225801266869104
1398,0.4684965908527374,0.4363473951816559,0.32149195671081543,0.00012247081049860883
1399,0.48985788226127625,0.4564588665962219,0.3339901566505432,0.00012236146602229874
1400,0.4729400873184204,0.4404481053352356,0.3249199688434601,0.00012225209339563145
1401,0.48293420672416687,0.4502205550670624,0.32713639736175537,0.0001221426927562938
1402,0.47444990277290344,0.44244152307510376,0.320083886384964,0.00012203326424200778
1403,0.5097920894622803,0.4742823839187622,0.35509687662124634,0.00012192380799053058
1404,0.45544004440307617,0.42418134212493896,0.3125869631767273,0.00012181432413965428
1405,0.4841269552707672,0.4505085349082947,0.3361840844154358,0.00012170481282720563
1406,0.5013858675956726,0.46735334396362305,0.34032532572746277,0.00012159527419104607
1407,0.4969669282436371,0.4632020890712738,0.33764827251434326,0.00012148570836907133
1408,0.4921149015426636,0.45878610014915466,0.3332880735397339,0.00012137611549921146
1409,0.4853086769580841,0.4524769186973572,0.32831764221191406,0.00012126649571943047
1410,0.4495818614959717,0.41906142234802246,0.3052043914794922,0.00012115684916772629
1411,0.471650093793869,0.43875789642333984,0.32892194390296936,0.00012104717598213056
1412,0.46655479073524475,0.43519163131713867,0.31363165378570557,0.00012093747630070844
1413,0.4764520227909088,0.4435245096683502,0.3292751610279083,0.00012082775026155846
1414,0.4743503928184509,0.4424189627170563,0.31931421160697937,0.00012071799800281231
1415,0.4431575834751129,0.41280093789100647,0.303566575050354,0.00012060821966263465
1416,0.4762757420539856,0.44386351108551025,0.3241223394870758,0.00012049841537922307
1417,0.4476682245731354,0.41709309816360474,0.30575117468833923,0.00012038858529080768
1418,0.4746693968772888,0.44225940108299255,0.3240998685359955,0.00012027872953565125
1419,0.46037620306015015,0.42930668592453003,0.31069517135620117,0.00012016884825204875
1420,0.4794842302799225,0.4466855227947235,0.32798701524734497,0.00012005894157832729
1421,0.4737510681152344,0.44144466519355774,0.3230641484260559,0.00011994900965284599
1422,0.4737465977668762,0.4413912892341614,0.3235532343387604,0.00011983905261399566
1423,0.4593871831893921,0.4278472363948822,0.3153996169567108,0.00011972907060019887
1424,0.4795951247215271,0.4467749297618866,0.3282018303871155,0.00011961906374990952
1425,0.4553534686565399,0.4241916537284851,0.3116181194782257,0.00011950903220161285
1426,0.46182775497436523,0.43009740114212036,0.31730368733406067,0.00011939897609382511
1427,0.500244140625,0.46529248356819153,0.3495163917541504,0.0001192888955650935
1428,0.46326038241386414,0.4319706857204437,0.3128969967365265,0.000119178790753996
1429,0.4912349581718445,0.4579865336418152,0.33248433470726013,0.00011906866179914116
1430,0.4840882420539856,0.4512135088443756,0.32874736189842224,0.00011895850883916786
1431,0.4735714793205261,0.44171345233917236,0.3185802400112152,0.00011884833201274523
1432,0.4949357509613037,0.46125534176826477,0.33680418133735657,0.00011873813145857249
1433,0.4810370206832886,0.44767096638679504,0.33366069197654724,0.00011862790731537865
1434,0.463941752910614,0.4327986240386963,0.31143128871917725,0.00011851765972192244
1435,0.4913625717163086,0.4577682614326477,0.33594295382499695,0.00011840738881699219
1436,0.46867138147354126,0.43609434366226196,0.3257705271244049,0.00011829709473940547
1437,0.459177702665329,0.4280396103858948,0.3113810122013092,0.00011818677762800909
1438,0.48563629388809204,0.4526153802871704,0.3302091062068939,0.00011807643762167884
1439,0.48859524726867676,0.45466867089271545,0.3392658233642578,0.00011796607485931928
1440,0.45351508259773254,0.42298609018325806,0.3052898943424225,0.00011785568947986367
1441,0.46096915006637573,0.4290756285190582,0.3189350664615631,0.00011774528162227376
1442,0.5090895295143127,0.4736560583114624,0.3543349504470825,0.00011763485142553959
1443,0.455817848443985,0.4246356785297394,0.3118215799331665,0.00011752439902867925
1444,0.4892802834510803,0.4556388258934021,0.3364146649837494,0.00011741392457073888
1445,0.5063600540161133,0.47176864743232727,0.3459138572216034,0.00011730342819079227
1446,0.46122267842292786,0.42966076731681824,0.3156191408634186,0.00011719291002794096
1447,0.502445638179779,0.468280553817749,0.34165093302726746,0.00011708237022131381
1448,0.4881981909275055,0.45486703515052795,0.3333115577697754,0.00011697180891006689
1449,0.5012339353561401,0.46718570590019226,0.3404823839664459,0.00011686122623338349
1450,0.47806358337402344,0.4455394446849823,0.3252415060997009,0.00011675062233047364
1451,0.500452995300293,0.46649035811424255,0.3396262526512146,0.0001166399973405742
1452,0.4849083423614502,0.45134851336479187,0.33559828996658325,0.00011652935140294852
1453,0.5125442743301392,0.47747504711151123,0.3506920039653778,0.0001164186846568863
1454,0.4465135633945465,0.4162020981311798,0.30311471223831177,0.00011630799724170353
1455,0.4726904332637787,0.4404003918170929,0.32290032505989075,0.00011619728929674209
1456,0.5130980014801025,0.4779859185218811,0.3511207103729248,0.00011608656096136984
1457,0.4910008907318115,0.4571674168109894,0.3383346199989319,0.0001159758123749802
1458,0.46627891063690186,0.434500128030777,0.3177879750728607,0.00011586504367699217
1459,0.49138468503952026,0.45814618468284607,0.3323851525783539,0.00011575425500685002
1460,0.49219051003456116,0.4588351249694824,0.3335537910461426,0.0001156434465040231
1461,0.4686022102832794,0.43682095408439636,0.31781262159347534,0.00011553261830800586
1462,0.48305821418762207,0.4503638744354248,0.3269432485103607,0.00011542177055831745
1463,0.4613647758960724,0.42975515127182007,0.31609633564949036,0.00011531090339450165
1464,0.47600656747817993,0.44343727827072144,0.3256930112838745,0.00011520001695612674
1465,0.4820390045642853,0.44945597648620605,0.3258303701877594,0.00011508911138278515
1466,0.4808402359485626,0.448007732629776,0.32832491397857666,0.00011497818681409351
1467,0.47436630725860596,0.4421415328979492,0.3222478926181793,0.00011486724338969232
1468,0.46998682618141174,0.43773117661476135,0.32255640625953674,0.00011475628124924577
1469,0.49026763439178467,0.45696452260017395,0.33303114771842957,0.00011464530053244169
1470,0.46757251024246216,0.43538787961006165,0.3218464255332947,0.00011453430137899129
1471,0.457023561000824,0.42565470933914185,0.31368863582611084,0.00011442328392862891
1472,0.4798152446746826,0.44706234335899353,0.3275291323661804,0.00011431224832111196
1473,0.48137104511260986,0.44858318567276,0.3278786540031433,0.00011420119469622077
1474,0.4788353741168976,0.4459366798400879,0.32898688316345215,0.00011409012319375827
1475,0.47488391399383545,0.4425892233848572,0.3229469060897827,0.00011397903395354996
1476,0.48392099142074585,0.45130160450935364,0.3261939585208893,0.0001138679271154436
1477,0.47406017780303955,0.44204479455947876,0.3201539218425751,0.00011375680281930919
1478,0.4795515537261963,0.44681617617607117,0.32735368609428406,0.00011364566120503864
1479,0.48733100295066833,0.4539330005645752,0.3339800536632538,0.0001135345024125456
1480,0.475541353225708,0.44303464889526367,0.3250671327114105,0.00011342332658176555
1481,0.4881303310394287,0.455089271068573,0.3304106295108795,0.00011331213385265524
1482,0.47834908962249756,0.44567668437957764,0.32672396302223206,0.00011320092436519276
1483,0.4777184724807739,0.44557762145996094,0.32140836119651794,0.00011308969825937725
1484,0.4935329258441925,0.46022963523864746,0.3330329656600952,0.00011297845567522886
1485,0.4833628833293915,0.4501984715461731,0.33164411783218384,0.00011286719675278838
1486,0.4756404459476471,0.44333943724632263,0.32301008701324463,0.00011275592163211726
1487,0.5086249113082886,0.4740830957889557,0.3454180061817169,0.00011264463045329728
1488,0.4846403896808624,0.4519685208797455,0.3267187178134918,0.00011253332335643043
1489,0.48872965574264526,0.4555310904979706,0.3319855332374573,0.00011242200048163882
1490,0.45909610390663147,0.4278509318828583,0.3124517798423767,0.0001123106619690643
1491,0.4875467121601105,0.4539540112018585,0.33592692017555237,0.0001121993079588685
1492,0.46476274728775024,0.43310293555259705,0.31659796833992004,0.00011208793859123257
1493,0.48374292254447937,0.45035770535469055,0.3338521420955658,0.00011197655400635689
1494,0.4703725278377533,0.4383808374404907,0.31991687417030334,0.0001118651543444611
1495,0.48504844307899475,0.452248215675354,0.32800233364105225,0.00011175373974578378
1496,0.4987662434577942,0.4646821916103363,0.3408403992652893,0.00011164231035058228
1497,0.4553454518318176,0.42410528659820557,0.3124016225337982,0.00011153086629913267
1498,0.4549577534198761,0.42358165979385376,0.3137608766555786,0.00011141940773172939
1499,0.4629591405391693,0.4314017593860626,0.31557387113571167,0.00011130793478868515
1500,0.474932998418808,0.44301483035087585,0.31918156147003174,0.00011119644761033078
1501,0.47970277070999146,0.44712546467781067,0.3257732093334198,0.00011108494633701512
1502,0.4847072958946228,0.45144161581993103,0.3326566517353058,0.00011097343110910452
1503,0.4930237829685211,0.4594048857688904,0.33618900179862976,0.0001108619020669832
1504,0.4622723460197449,0.4307054579257965,0.31566885113716125,0.00011075035935105252
1505,0.4787735641002655,0.446153461933136,0.32620108127593994,0.00011063880310173113
1506,0.46184614300727844,0.43084195256233215,0.3100418746471405,0.00011052723345945483
1507,0.46815812587738037,0.4364476799964905,0.3171044588088989,0.00011041565056467614
1508,0.4673285484313965,0.4354492723941803,0.31879279017448425,0.00011030405455786425
1509,0.46659210324287415,0.4343472123146057,0.3224487900733948,0.000110192445579505
1510,0.47943198680877686,0.4465663731098175,0.32865604758262634,0.00011008082377010045
1511,0.46258383989334106,0.4303794503211975,0.3220439851284027,0.00010996918927016886
1512,0.4495789408683777,0.41897425055503845,0.3060470521450043,0.00010985754222024436
1513,0.46519455313682556,0.43337371945381165,0.3182083070278168,0.00010974588276087705
1514,0.4448034167289734,0.41459348797798157,0.30209922790527344,0.00010963421103263252
1515,0.47265303134918213,0.44046750664711,0.3218553066253662,0.00010952252717609188
1516,0.48263058066368103,0.4504210948944092,0.32209494709968567,0.00010941083133185146
1517,0.5061726570129395,0.47132575511932373,0.3484687805175781,0.00010929912364052268
1518,0.4482426047325134,0.41765710711479187,0.3058549165725708,0.00010918740424273191
1519,0.4546014666557312,0.423671156167984,0.3093029856681824,0.00010907567327912025
1520,0.4630191922187805,0.43146127462387085,0.3155791163444519,0.00010896393089034336
1521,0.49584826827049255,0.4622785151004791,0.3356974422931671,0.00010885217721707124
1522,0.4621712267398834,0.4307687282562256,0.314024955034256,0.00010874041239998816
1523,0.5035585761070251,0.4692550599575043,0.3430352807044983,0.00010862863657979237
1524,0.4555823504924774,0.42450660467147827,0.310757577419281,0.00010851684989719594
1525,0.5074734091758728,0.4734145402908325,0.3405889570713043,0.00010840505249292476
1526,0.4805261492729187,0.447895348072052,0.3263079524040222,0.00010829324450771806
1527,0.4735085368156433,0.4410664439201355,0.32442107796669006,0.00010818142608232849
1528,0.5077387690544128,0.4727940559387207,0.3494468629360199,0.00010806959735752174
1529,0.49303990602493286,0.45948106050491333,0.33558839559555054,0.00010795775847407659
1530,0.48792412877082825,0.4549107253551483,0.33013391494750977,0.0001078459095727845
1531,0.4774121046066284,0.4448580741882324,0.325540155172348,0.00010773405079444963
1532,0.4943925142288208,0.46069982647895813,0.3369268476963043,0.00010762218227988851
1533,0.46024206280708313,0.4285984933376312,0.31643572449684143,0.00010751030416992996
1534,0.49310898780822754,0.4593210518360138,0.3378794193267822,0.00010739841660541487
1535,0.4729873538017273,0.4409103989601135,0.32076966762542725,0.00010728651972719603
1536,0.46048232913017273,0.428569495677948,0.31912827491760254,0.00010717461367613793
1537,0.49544233083724976,0.46184685826301575,0.335954874753952,0.00010706269859311669
1538,0.4987824559211731,0.465145081281662,0.336373895406723,0.00010695077461901968
1539,0.4679647386074066,0.43603336811065674,0.319313645362854,0.00010683884189474558
1540,0.4824126362800598,0.4487660527229309,0.33646583557128906,0.00010672690056120399
1541,0.5031700730323792,0.46869251132011414,0.34477588534355164,0.00010661495075931539
1542,0.4808511435985565,0.4485222101211548,0.3232893645763397,0.00010650299263001097
1543,0.4718524217605591,0.4393298625946045,0.32522544264793396,0.0001063910263142323
1544,0.49862393736839294,0.4648827910423279,0.33741146326065063,0.00010627905195293135
1545,0.4541286528110504,0.4234505593776703,0.30678102374076843,0.00010616706968707015
1546,0.4786824882030487,0.4465124309062958,0.3217005431652069,0.00010605507965762074
1547,0.4471891224384308,0.41658449172973633,0.30604642629623413,0.00010594308200556483
1548,0.4884677231311798,0.4550502598285675,0.33417460322380066,0.00010583107687189388
1549,0.44908687472343445,0.4187591075897217,0.30327779054641724,0.00010571906439760866
1550,0.48786526918411255,0.45533791184425354,0.3252735137939453,0.00010560704472371919
1551,0.47181859612464905,0.44002780318260193,0.31790781021118164,0.0001054950179912446
1552,0.4703402519226074,0.4378224015235901,0.3251786231994629,0.00010538298434121283
1553,0.44625386595726013,0.41627997159957886,0.2997390627861023,0.00010527094391466061
1554,0.4643669128417969,0.4333112835884094,0.3105561435222626,0.00010515889685263316
1555,0.47020408511161804,0.4380313456058502,0.32172733545303345,0.00010504684329618409
1556,0.4708135724067688,0.439137727022171,0.31675851345062256,0.00010493478338637512
1557,0.5093122720718384,0.4742978513240814,0.35014432668685913,0.00010482271726427598
1558,0.46255967020988464,0.4311847686767578,0.3137489855289459,0.00010471064507096426
1559,0.49025583267211914,0.45660844445228577,0.3364737629890442,0.00010459856694752521
1560,0.48868176341056824,0.4552467465400696,0.33435019850730896,0.00010448648303505151
1561,0.4545537829399109,0.4244069457054138,0.30146828293800354,0.00010437439347464306
1562,0.5015966296195984,0.4675036370754242,0.3409300744533539,0.00010426229840740705
1563,0.47882649302482605,0.44622543454170227,0.3260105550289154,0.00010415019797445738
1564,0.4625341594219208,0.4314994513988495,0.31034716963768005,0.00010403809231691486
1565,0.45622578263282776,0.4250292181968689,0.31196555495262146,0.00010392598157590688
1566,0.4441090226173401,0.41401174664497375,0.30097275972366333,0.0001038138658925671
1567,0.470223069190979,0.4377170205116272,0.32506054639816284,0.00010370174540803556
1568,0.4871516227722168,0.45415276288986206,0.3299885392189026,0.00010358962026345824
1569,0.5061936378479004,0.47117099165916443,0.35022661089897156,0.000103477490599987
1570,0.4861646294593811,0.4527495801448822,0.334150493144989,0.00010336535655877942
1571,0.44833824038505554,0.4181244373321533,0.3021380603313446,0.00010325321828099854
1572,0.43575769662857056,0.40634047985076904,0.2941721975803375,0.00010314107590781284
1573,0.48464182019233704,0.4519205391407013,0.3272128999233246,0.00010302892958039583
1574,0.5131452679634094,0.4777446687221527,0.35400596261024475,0.00010291677943992608
1575,0.47532886266708374,0.44226691126823425,0.3306194841861725,0.0001028046256275869
1576,0.4895978271961212,0.45625847578048706,0.333393394947052,0.00010269246828456629
1577,0.4973842203617096,0.4634099304676056,0.33974289894104004,0.00010258030755205665
1578,0.5025949478149414,0.46816739439964294,0.34427550435066223,0.00010246814357125463
1579,0.49370548129081726,0.4599090814590454,0.3379640579223633,0.00010235597648336104
1580,0.49273446202278137,0.4590243399143219,0.3371012210845947,0.00010224380642958052
1581,0.46930861473083496,0.4377751350402832,0.315334677696228,0.00010213163355112148
1582,0.49812421202659607,0.46461644768714905,0.33507776260375977,0.00010201945798919593
1583,0.49589774012565613,0.46190202236175537,0.3399571478366852,0.00010190727988501913
1584,0.4692995846271515,0.4371988773345947,0.3210071921348572,0.00010179509937980973
1585,0.4865894913673401,0.4527149498462677,0.3387453556060791,0.00010168291661478923
1586,0.502261221408844,0.46809667348861694,0.3416455388069153,0.00010157073173118208
1587,0.47618839144706726,0.4440987706184387,0.3208962678909302,0.00010145854487021532
1588,0.5114210247993469,0.47668150067329407,0.34739527106285095,0.00010134635617311853
1589,0.4643069803714752,0.43204814195632935,0.3225882649421692,0.00010123416578112365
1590,0.5048824548721313,0.47052520513534546,0.34357261657714844,0.0001011219738354646
1591,0.456333726644516,0.4256303608417511,0.30703359842300415,0.00010100978047737741
1592,0.44930681586265564,0.4184591770172119,0.3084763288497925,0.00010089758584809979
1593,0.4729726016521454,0.44081342220306396,0.32159170508384705,0.00010078539008887114
1594,0.4742639660835266,0.44213834404945374,0.3212563395500183,0.00010067319334093219
1595,0.46317553520202637,0.4318651854991913,0.3131033778190613,0.00010056099574552497
1596,0.48516398668289185,0.4520544111728668,0.33109572529792786,0.00010044879744389257
1597,0.4975401759147644,0.4638562798500061,0.33683881163597107,0.00010033659857727893
1598,0.46321120858192444,0.43140658736228943,0.31804612278938293,0.00010022439928692875
1599,0.48442819714546204,0.4510946273803711,0.33333560824394226,0.00010011219971408725
1600,0.44883134961128235,0.41840630769729614,0.30425044894218445,0.0001
1601,0.47432786226272583,0.44225871562957764,0.32069143652915955,9.988780028591278e-05
1602,0.4666876196861267,0.43434658646583557,0.3234102129936218,9.977560071307129e-05
1603,0.4915089011192322,0.4581559896469116,0.3335290849208832,9.96634014227211e-05
1604,0.46959951519966125,0.437328577041626,0.32270941138267517,9.955120255610746e-05
1605,0.4874795079231262,0.4544251561164856,0.33054354786872864,9.943900425447505e-05
1606,0.4531714916229248,0.4226243793964386,0.30547112226486206,9.932680665906783e-05
1607,0.47413191199302673,0.4419397711753845,0.32192137837409973,9.921460991112891e-05
1608,0.48373061418533325,0.4503081738948822,0.33422455191612244,9.910241415190021e-05
1609,0.49264127016067505,0.45931434631347656,0.33326929807662964,9.89902195226226e-05
1610,0.5001377463340759,0.46551981568336487,0.3461795151233673,9.887802616453542e-05
1611,0.4767625331878662,0.44398826360702515,0.3277428150177002,9.87658342188764e-05
1612,0.4807388186454773,0.4481080174446106,0.326308012008667,9.865364382688145e-05
1613,0.48444727063179016,0.4515477418899536,0.3289952874183655,9.85414551297847e-05
1614,0.4938281178474426,0.4602907598018646,0.3353734612464905,9.842926826881796e-05
1615,0.4950040280818939,0.46155810356140137,0.33445924520492554,9.831708338521078e-05
1616,0.4895794689655304,0.45625370740890503,0.33325767517089844,9.820490062019029e-05
1617,0.4543159306049347,0.42379751801490784,0.30518409609794617,9.809272011498085e-05
1618,0.476054847240448,0.4439106583595276,0.3214419484138489,9.798054201080411e-05
1619,0.5239812731742859,0.4884409010410309,0.35540395975112915,9.786836644887856e-05
1620,0.4722763001918793,0.4399731457233429,0.32303160429000854,9.775619357041952e-05
1621,0.4524819850921631,0.42170193791389465,0.3078005313873291,9.764402351663901e-05
1622,0.4816003739833832,0.4485859274864197,0.3301444351673126,9.753185642874537e-05
1623,0.45885857939720154,0.4274393618106842,0.3141922950744629,9.741969244794338e-05
1624,0.47059494256973267,0.43789544701576233,0.32699495553970337,9.730753171543374e-05
1625,0.46966925263404846,0.43753674626350403,0.3213251829147339,9.719537437241312e-05
1626,0.4680705964565277,0.4363040328025818,0.3176655173301697,9.708322056007397e-05
1627,0.49756282567977905,0.4636949300765991,0.3386789560317993,9.697107041960417e-05
1628,0.46729615330696106,0.43548592925071716,0.3181021213531494,9.685892409218717e-05
1629,0.4686262011528015,0.4365793466567993,0.32046857476234436,9.674678171900147e-05
1630,0.4840168356895447,0.45098161697387695,0.3303520977497101,9.663464344122064e-05
1631,0.4563926160335541,0.42551854252815247,0.3087407350540161,9.652250940001302e-05
1632,0.44649699330329895,0.4154231548309326,0.3107382655143738,9.641037973654178e-05
1633,0.4809483289718628,0.4481141269207001,0.3283419907093048,9.629825459196446e-05
1634,0.4575486183166504,0.426270067691803,0.3127853572368622,9.618613410743291e-05
1635,0.49256229400634766,0.4589889645576477,0.33573341369628906,9.607401842409317e-05
1636,0.4689256250858307,0.4368886351585388,0.32036980986595154,9.596190768308515e-05
1637,0.45045700669288635,0.4200863838195801,0.3037063181400299,9.584980202554266e-05
1638,0.5208766460418701,0.485122948884964,0.35753709077835083,9.573770159259299e-05
1639,0.47086840867996216,0.4386640787124634,0.32204341888427734,9.562560652535695e-05
1640,0.4915531873703003,0.4577203094959259,0.3383288085460663,9.551351696494854e-05
1641,0.4530470669269562,0.422491192817688,0.3055587708950043,9.540143305247478e-05
1642,0.4865911602973938,0.45373886823654175,0.32852277159690857,9.528935492903575e-05
1643,0.48614391684532166,0.4529174566268921,0.3322644829750061,9.517728273572403e-05
1644,0.47685131430625916,0.4438677728176117,0.329835444688797,9.506521661362493e-05
1645,0.4847208261489868,0.45190319418907166,0.32817643880844116,9.495315670381591e-05
1646,0.46644923090934753,0.4342100918292999,0.32239145040512085,9.484110314736682e-05
1647,0.46002840995788574,0.42889782786369324,0.3113059401512146,9.472905608533941e-05
1648,0.4717404246330261,0.43958938121795654,0.32151031494140625,9.461701565878719e-05
1649,0.4594077467918396,0.428366094827652,0.31041666865348816,9.450498200875546e-05
1650,0.46984973549842834,0.4376305937767029,0.32219141721725464,9.439295527628081e-05
1651,0.4748605489730835,0.44222503900527954,0.3263550400733948,9.428093560239135e-05
1652,0.46397140622138977,0.43208155035972595,0.3188985288143158,9.416892312810614e-05
1653,0.4661831259727478,0.434468150138855,0.31714972853660583,9.40569179944352e-05
1654,0.4748530983924866,0.4417906403541565,0.33062461018562317,9.394492034237931e-05
1655,0.4781566560268402,0.4454364776611328,0.327201783657074,9.383293031292985e-05
1656,0.45714330673217773,0.42573457956314087,0.31408727169036865,9.372094804706867e-05
1657,0.46413490176200867,0.4323422312736511,0.31792664527893066,9.360897368576772e-05
1658,0.4967687427997589,0.46303942799568176,0.33729326725006104,9.349700736998908e-05
1659,0.4981608986854553,0.463572233915329,0.34588661789894104,9.338504924068462e-05
1660,0.4652732312679291,0.43357640504837036,0.31696829199790955,9.327309943879604e-05
1661,0.4787992537021637,0.4461498260498047,0.3264942169189453,9.316115810525446e-05
1662,0.5076835751533508,0.47279027104377747,0.34893277287483215,9.304922538098035e-05
1663,0.4894813895225525,0.4561486542224884,0.33332738280296326,9.293730140688336e-05
1664,0.4937575161457062,0.46012386679649353,0.33633655309677124,9.282538632386207e-05
1665,0.47420555353164673,0.44159165024757385,0.32613903284072876,9.2713480272804e-05
1666,0.4801325500011444,0.4477827250957489,0.3234982192516327,9.260158339458514e-05
1667,0.4872751832008362,0.454328715801239,0.32946476340293884,9.248969583007005e-05
1668,0.4692431092262268,0.43677014112472534,0.32472971081733704,9.237781772011153e-05
1669,0.45975953340530396,0.4283994138240814,0.3136013448238373,9.226594920555037e-05
1670,0.47798073291778564,0.4458833932876587,0.32097330689430237,9.215409042721552e-05
1671,0.4583388566970825,0.4272935092449188,0.3104535639286041,9.204224152592343e-05
1672,0.49550944566726685,0.46119028329849243,0.3431916832923889,9.193040264247829e-05
1673,0.4652877151966095,0.4336708188056946,0.316168874502182,9.181857391767157e-05
1674,0.485474556684494,0.4526212215423584,0.32853326201438904,9.170675549228194e-05
1675,0.4679113030433655,0.43578317761421204,0.3212811052799225,9.159494750707526e-05
1676,0.47874385118484497,0.4463231861591339,0.32420673966407776,9.148315010280408e-05
1677,0.48193997144699097,0.44911497831344604,0.3282497823238373,9.137136342020768e-05
1678,0.4849301874637604,0.4517016112804413,0.3322858512401581,9.125958760001189e-05
1679,0.49335697293281555,0.45962294936180115,0.3373403251171112,9.114782278292876e-05
1680,0.46225860714912415,0.4311923384666443,0.3106626570224762,9.103606910965666e-05
1681,0.45623648166656494,0.4255303740501404,0.30706095695495605,9.092432672087977e-05
1682,0.4775511622428894,0.44486120343208313,0.3268997073173523,9.08125957572681e-05
1683,0.45739203691482544,0.42650631070137024,0.308857262134552,9.070087635947733e-05
1684,0.48857301473617554,0.45517826080322266,0.3339475691318512,9.058916866814858e-05
1685,0.49048101902008057,0.4571438431739807,0.3333716094493866,9.047747282390815e-05
1686,0.4802097976207733,0.4472585916519165,0.3295120596885681,9.036578896736752e-05
1687,0.4687826633453369,0.4365079700946808,0.32274678349494934,9.025411723912298e-05
1688,0.44807177782058716,0.41772180795669556,0.30349963903427124,9.014245777975565e-05
1689,0.4730479121208191,0.44051864743232727,0.325292706489563,9.003081072983117e-05
1690,0.4668511748313904,0.4351431131362915,0.3170804977416992,8.991917622989956e-05
1691,0.4532615840435028,0.42242059111595154,0.30841004848480225,8.980755442049502e-05
1692,0.4857465624809265,0.4523717164993286,0.33374857902526855,8.969594544213578e-05
1693,0.47151780128479004,0.43948155641555786,0.32036256790161133,8.95843494353239e-05
1694,0.4710319936275482,0.43911945819854736,0.3191254138946533,8.947276654054518e-05
1695,0.48601019382476807,0.4530089497566223,0.33001255989074707,8.936119689826888e-05
1696,0.5049334168434143,0.47007909417152405,0.34854334592819214,8.924964064894753e-05
1697,0.4621894955635071,0.43128907680511475,0.3090040683746338,8.913809793301681e-05
1698,0.4691777229309082,0.4376438856124878,0.3153384327888489,8.902656889089548e-05
1699,0.4724026322364807,0.4401741325855255,0.3222849369049072,8.891505366298492e-05
1700,0.4887388050556183,0.45558470487594604,0.33154112100601196,8.880355238966923e-05
1701,0.46102219820022583,0.4298783242702484,0.31143882870674133,8.869206521131489e-05
1702,0.48884129524230957,0.45592498779296875,0.3291631042957306,8.858059226827062e-05
1703,0.4817257821559906,0.4492391049861908,0.3248666822910309,8.846913370086734e-05
1704,0.4706709682941437,0.4387108087539673,0.31960147619247437,8.835768964941773e-05
1705,0.4656696319580078,0.4339854419231415,0.3168420195579529,8.824626025421626e-05
1706,0.4754694700241089,0.4430765211582184,0.32392942905426025,8.813484565553893e-05
1707,0.4772980809211731,0.4444025754928589,0.3289550542831421,8.802344599364312e-05
1708,0.4683855175971985,0.43641507625579834,0.319704532623291,8.791206140876746e-05
1709,0.4780021905899048,0.44556736946105957,0.32434821128845215,8.780069204113153e-05
1710,0.48289379477500916,0.45021772384643555,0.32676079869270325,8.768933803093573e-05
1711,0.4521532356739044,0.42118144035339355,0.3097180724143982,8.757799951836123e-05
1712,0.4831821024417877,0.45040497183799744,0.3277714252471924,8.746667664356956e-05
1713,0.4556540250778198,0.4247419536113739,0.30912062525749207,8.735536954670275e-05
1714,0.5075396299362183,0.4722985625267029,0.35241037607192993,8.724407836788276e-05
1715,0.46903279423713684,0.4370843470096588,0.3194844424724579,8.713280324721163e-05
1716,0.47614067792892456,0.4433545768260956,0.32786086201667786,8.702154432477115e-05
1717,0.4626505970954895,0.4308280050754547,0.31822580099105835,8.691030174062273e-05
1718,0.4467726945877075,0.4164070188999176,0.3036568760871887,8.679907563480726e-05
1719,0.47667351365089417,0.44402337074279785,0.3265015482902527,8.668786614734478e-05
1720,0.4653193950653076,0.43334370851516724,0.31975698471069336,8.657667341823448e-05
1721,0.4643147885799408,0.43276530504226685,0.3154947757720947,8.64654975874544e-05
1722,0.47100627422332764,0.4385712742805481,0.3243500292301178,8.63543387949614e-05
1723,0.44704118371009827,0.41691580414772034,0.30125388503074646,8.624319718069084e-05
1724,0.48539629578590393,0.4523133337497711,0.3308295011520386,8.613207288455643e-05
1725,0.46003472805023193,0.4288494884967804,0.31185242533683777,8.602096604645009e-05
1726,0.471615731716156,0.4393728971481323,0.32242822647094727,8.590987680624174e-05
1727,0.4621025621891022,0.4303187131881714,0.3178384304046631,8.579880530377926e-05
1728,0.45685043931007385,0.42578911781311035,0.3106133043766022,8.568775167888806e-05
1729,0.4575909674167633,0.4266524910926819,0.30938464403152466,8.557671607137114e-05
1730,0.46528568863868713,0.43320104479789734,0.3208463490009308,8.546569862100876e-05
1731,0.47514069080352783,0.4426674246788025,0.32473254203796387,8.53546994675583e-05
1732,0.44952523708343506,0.41863587498664856,0.30889374017715454,8.524371875075425e-05
1733,0.4551149606704712,0.42402946949005127,0.3108549416065216,8.51327566103077e-05
1734,0.45131027698516846,0.4206620454788208,0.30648237466812134,8.502181318590652e-05
1735,0.479510098695755,0.44679227471351624,0.3271782100200653,8.491088861721486e-05
1736,0.461307168006897,0.42927923798561096,0.32027938961982727,8.479998304387329e-05
1737,0.48013898730278015,0.4476203918457031,0.32518595457077026,8.468909660549837e-05
1738,0.45583927631378174,0.424590528011322,0.31248733401298523,8.457822944168257e-05
1739,0.43857744336128235,0.40941429138183594,0.29163143038749695,8.446738169199418e-05
1740,0.477909654378891,0.4454646110534668,0.3244503438472748,8.435655349597689e-05
1741,0.48761656880378723,0.45449259877204895,0.3312396705150604,8.424574499315e-05
1742,0.4835599660873413,0.4510434567928314,0.3251650929450989,8.413495632300784e-05
1743,0.47292155027389526,0.4404739439487457,0.3244759440422058,8.402418762501982e-05
1744,0.5088953971862793,0.47383177280426025,0.35063648223876953,8.391343903863018e-05
1745,0.4644363224506378,0.43280652165412903,0.3162980079650879,8.380271070325789e-05
1746,0.49548590183258057,0.46203163266181946,0.33454278111457825,8.369200275829649e-05
1747,0.45361724495887756,0.4227343797683716,0.3088287115097046,8.358131534311372e-05
1748,0.478971928358078,0.4462701976299286,0.3270174264907837,8.347064859705153e-05
1749,0.46768930554389954,0.43580955266952515,0.3187975585460663,8.336000265942581e-05
1750,0.4622926414012909,0.4307434558868408,0.3154918849468231,8.324937766952638e-05
1751,0.49868133664131165,0.46501028537750244,0.3367106020450592,8.313877376661652e-05
1752,0.4620931148529053,0.4305714964866638,0.3152162730693817,8.302819108993312e-05
1753,0.46218833327293396,0.4305041432380676,0.3168417811393738,8.291762977868625e-05
1754,0.4780225455760956,0.44572871923446655,0.32293829321861267,8.280708997205904e-05
1755,0.4774942398071289,0.4453502595424652,0.3214396834373474,8.269657180920774e-05
1756,0.4780362546443939,0.4453286826610565,0.3270757496356964,8.258607542926114e-05
1757,0.4879439175128937,0.4550243616104126,0.32919561862945557,8.247560097132076e-05
1758,0.47909873723983765,0.4463425576686859,0.3275616765022278,8.236514857446045e-05
1759,0.45393887162208557,0.4229091703891754,0.3102969229221344,8.225471837772623e-05
1760,0.4925716519355774,0.4591526687145233,0.33418986201286316,8.214431052013634e-05
1761,0.4979482889175415,0.46363040804862976,0.34317877888679504,8.203392514068074e-05
1762,0.48121514916419983,0.4480293393135071,0.3318580985069275,8.19235623783212e-05
1763,0.4874744713306427,0.4542992115020752,0.3317527174949646,8.181322237199094e-05
1764,0.4781138002872467,0.4452167749404907,0.32897019386291504,8.170290526059452e-05
1765,0.46493569016456604,0.4333225190639496,0.3161318302154541,8.159261118300782e-05
1766,0.4657769501209259,0.4339051842689514,0.31871768832206726,8.14823402780776e-05
1767,0.49739548563957214,0.46350526809692383,0.338902086019516,8.13720926846214e-05
1768,0.492071270942688,0.45784106850624084,0.34230196475982666,8.126186854142752e-05
1769,0.47955265641212463,0.4469170570373535,0.32635608315467834,8.115166798725478e-05
1770,0.4584991931915283,0.4267716109752655,0.31727585196495056,8.104149116083216e-05
1771,0.4826801121234894,0.45007234811782837,0.32607775926589966,8.093133820085888e-05
1772,0.4512801468372345,0.4209383428096771,0.30341804027557373,8.0821209246004e-05
1773,0.4792369604110718,0.4464576840400696,0.32779279351234436,8.071110443490652e-05
1774,0.49075576663017273,0.4574318826198578,0.3332388699054718,8.060102390617493e-05
1775,0.478012353181839,0.4454219341278076,0.32590413093566895,8.049096779838719e-05
1776,0.5074018239974976,0.4728246331214905,0.3457721769809723,8.038093625009052e-05
1777,0.4782949984073639,0.44572484493255615,0.32570144534111023,8.027092939980115e-05
1778,0.4618862271308899,0.4304780662059784,0.314081609249115,8.016094738600435e-05
1779,0.49966832995414734,0.465663880109787,0.34004440903663635,8.005099034715404e-05
1780,0.5059104561805725,0.47133713960647583,0.34573331475257874,7.994105842167273e-05
1781,0.46038126945495605,0.4289877116680145,0.31393545866012573,7.983115174795128e-05
1782,0.4661634564399719,0.4342025816440582,0.3196087181568146,7.972127046434878e-05
1783,0.4941982328891754,0.45989325642585754,0.34304988384246826,7.961141470919233e-05
1784,0.4658181667327881,0.4341971278190613,0.3162103295326233,7.950158462077697e-05
1785,0.4482947885990143,0.41716575622558594,0.31129029393196106,7.939178033736538e-05
1786,0.4583960175514221,0.4266491234302521,0.31746906042099,7.928200199718774e-05
1787,0.448069304227829,0.41763389110565186,0.3043540418148041,7.917224973844152e-05
1788,0.47660282254219055,0.4434879720211029,0.3311484456062317,7.906252369929154e-05
1789,0.48594939708709717,0.4523845613002777,0.33564841747283936,7.895282401786945e-05
1790,0.4952065348625183,0.4613483250141144,0.33858197927474976,7.884315083227373e-05
1791,0.48868808150291443,0.45490795373916626,0.3378012776374817,7.873350428056957e-05
1792,0.49058204889297485,0.45708584785461426,0.3349621593952179,7.862388450078855e-05
1793,0.48282161355018616,0.4499228894710541,0.32898712158203125,7.851429163092868e-05
1794,0.48078444600105286,0.44779324531555176,0.32991206645965576,7.840472580895396e-05
1795,0.47511473298072815,0.44266289472579956,0.3245183825492859,7.829518717279438e-05
1796,0.4565994441509247,0.42565587162971497,0.3094356060028076,7.818567586034577e-05
1797,0.4779475927352905,0.4453639090061188,0.3258368968963623,7.807619200946942e-05
1798,0.4859778881072998,0.45288023352622986,0.3309764564037323,7.796673575799224e-05
1799,0.4583529233932495,0.42771968245506287,0.30633246898651123,7.785730724370625e-05
1800,0.49225181341171265,0.4584100842475891,0.3384172320365906,7.774790660436858e-05
1801,0.47095638513565063,0.43909433484077454,0.31862035393714905,7.763853397770131e-05
1802,0.4713217616081238,0.4389159083366394,0.3240584135055542,7.752918950139119e-05
1803,0.4845981001853943,0.4516983926296234,0.3289971351623535,7.741987331308964e-05
1804,0.48454391956329346,0.45124244689941406,0.33301469683647156,7.731058555041237e-05
1805,0.4791564345359802,0.44649046659469604,0.32665979862213135,7.720132635093934e-05
1806,0.47289642691612244,0.44059741497039795,0.32299014925956726,7.709209585221451e-05
1807,0.47242721915245056,0.4400646984577179,0.3236251473426819,7.69828941917458e-05
1808,0.48682552576065063,0.4536507725715637,0.33174756169319153,7.68737215070048e-05
1809,0.4655580222606659,0.433681845664978,0.31876176595687866,7.676457793542654e-05
1810,0.4788687825202942,0.4461844265460968,0.3268434405326843,7.66554636144095e-05
1811,0.47212544083595276,0.43985962867736816,0.3226582407951355,7.654637868131521e-05
1812,0.48219728469848633,0.4494068920612335,0.3279038369655609,7.643732327346842e-05
1813,0.45644792914390564,0.42596927285194397,0.3047865629196167,7.63282975281565e-05
1814,0.47028058767318726,0.43774276971817017,0.32537806034088135,7.621930158262958e-05
1815,0.4672739505767822,0.43489930033683777,0.32374653220176697,7.611033557410026e-05
1816,0.46021050214767456,0.42880865931510925,0.31401848793029785,7.600139963974341e-05
1817,0.47527411580085754,0.4427242875099182,0.32549816370010376,7.589249391669616e-05
1818,0.4823262691497803,0.4489859640598297,0.33340293169021606,7.578361854205743e-05
1819,0.46410027146339417,0.432166188955307,0.3193407356739044,7.567477365288813e-05
1820,0.46023789048194885,0.4290788471698761,0.3115903437137604,7.556595938621058e-05
1821,0.48311203718185425,0.4501535892486572,0.3295844793319702,7.545717587900879e-05
1822,0.45934101939201355,0.4278394877910614,0.31501519680023193,7.534842326822785e-05
1823,0.46190494298934937,0.4304851293563843,0.3141981363296509,7.523970169077402e-05
1824,0.4686623811721802,0.4366320073604584,0.3203037679195404,7.513101128351454e-05
1825,0.4787590503692627,0.4461619555950165,0.32597094774246216,7.502235218327731e-05
1826,0.4641970992088318,0.4328210949897766,0.3137598931789398,7.491372452685094e-05
1827,0.49878883361816406,0.46455538272857666,0.342334508895874,7.48051284509844e-05
1828,0.4936184287071228,0.45955371856689453,0.3406471312046051,7.469656409238685e-05
1829,0.44968855381011963,0.41884949803352356,0.3083904981613159,7.458803158772758e-05
1830,0.4547522962093353,0.4240812361240387,0.3067106008529663,7.447953107363574e-05
1831,0.458657443523407,0.42763227224349976,0.31025171279907227,7.437106268670034e-05
1832,0.461134672164917,0.42970454692840576,0.3143012523651123,7.426262656346978e-05
1833,0.4850122034549713,0.45150434970855713,0.33507850766181946,7.41542228404519e-05
1834,0.4878402650356293,0.4544149935245514,0.3342527449131012,7.404585165411377e-05
1835,0.463578462600708,0.43118560314178467,0.3239285945892334,7.393751314088146e-05
1836,0.48478376865386963,0.4523087441921234,0.324750155210495,7.382920743713999e-05
1837,0.47546806931495667,0.442872017621994,0.3259604573249817,7.372093467923302e-05
1838,0.4811057448387146,0.4485260248184204,0.3257972300052643,7.361269500346274e-05
1839,0.47517988085746765,0.4423507750034332,0.3282909393310547,7.350448854608962e-05
1840,0.4968213140964508,0.4626125693321228,0.3420874774456024,7.339631544333249e-05
1841,0.4668796956539154,0.4349237084388733,0.3195599317550659,7.328817583136804e-05
1842,0.5203880667686462,0.48405539989471436,0.36332646012306213,7.318006984633085e-05
1843,0.4500975012779236,0.42004573345184326,0.3005175292491913,7.307199762431319e-05
1844,0.4686816930770874,0.4364749491214752,0.32206737995147705,7.29639593013647e-05
1845,0.4831465780735016,0.4500877857208252,0.33058780431747437,7.285595501349258e-05
1846,0.49461469054222107,0.460796594619751,0.3381810188293457,7.274798489666097e-05
1847,0.4680531919002533,0.43619996309280396,0.318532258272171,7.264004908679112e-05
1848,0.47644662857055664,0.4438738524913788,0.3257278800010681,7.2532147719761e-05
1849,0.477881520986557,0.44519227743148804,0.32689234614372253,7.242428093140525e-05
1850,0.5022774934768677,0.4675455391407013,0.3473195731639862,7.231644885751507e-05
1851,0.4927198588848114,0.4591771364212036,0.33542734384536743,7.220865163383784e-05
1852,0.4605340361595154,0.4294833242893219,0.31050699949264526,7.210088939607708e-05
1853,0.48652932047843933,0.45349517464637756,0.3303414583206177,7.199316227989236e-05
1854,0.48997586965560913,0.45653069019317627,0.33445173501968384,7.18854704208989e-05
1855,0.49109771847724915,0.4575142562389374,0.3358346223831177,7.177781395466772e-05
1856,0.4828752875328064,0.44992613792419434,0.32949134707450867,7.167019301672509e-05
1857,0.507086992263794,0.4724218249320984,0.3466514050960541,7.156260774255262e-05
1858,0.4597332775592804,0.4284486472606659,0.3128463625907898,7.145505826758707e-05
1859,0.48627769947052,0.45320072770118713,0.3307696282863617,7.134754472722017e-05
1860,0.4652729332447052,0.4334857165813446,0.3178720772266388,7.124006725679828e-05
1861,0.46915191411972046,0.4375041723251343,0.31647753715515137,7.113262599162245e-05
1862,0.4846158027648926,0.45184263586997986,0.32773151993751526,7.102522106694808e-05
1863,0.48379629850387573,0.4505425989627838,0.33253708481788635,7.09178526179849e-05
1864,0.4667052626609802,0.4350423812866211,0.31662866473197937,7.081052077989667e-05
1865,0.47357726097106934,0.44150829315185547,0.32068976759910583,7.07032256878011e-05
1866,0.47416800260543823,0.44226139783859253,0.3190659284591675,7.059596747676962e-05
1867,0.45538610219955444,0.4240131378173828,0.3137296140193939,7.048874628182722e-05
1868,0.4529813528060913,0.4223097860813141,0.30671581625938416,7.038156223795224e-05
1869,0.46346110105514526,0.43223249912261963,0.3122861087322235,7.027441548007641e-05
1870,0.4763834774494171,0.4442858099937439,0.32097676396369934,7.01673061430844e-05
1871,0.4675242602825165,0.4356190264225006,0.3190523386001587,7.006023436181377e-05
1872,0.4812573790550232,0.4479169249534607,0.3334046006202698,6.995320027105481e-05
1873,0.48240670561790466,0.44882842898368835,0.3357826769351959,6.984620400555044e-05
1874,0.46663036942481995,0.4344949722290039,0.3213540315628052,6.973924569999585e-05
1875,0.4914632737636566,0.45763832330703735,0.338249534368515,6.963232548903853e-05
1876,0.4615923762321472,0.43007442355155945,0.3151794970035553,6.952544350727799e-05
1877,0.5056684613227844,0.47122880816459656,0.34439632296562195,6.94185998892655e-05
1878,0.481123149394989,0.4474160671234131,0.3370707333087921,6.931179476950429e-05
1879,0.4529106020927429,0.42231646180152893,0.30594155192375183,6.920502828244889e-05
1880,0.45498427748680115,0.42420193552970886,0.3078234791755676,6.909830056250527e-05
1881,0.48561230301856995,0.4527404308319092,0.32871875166893005,6.899161174403064e-05
1882,0.4600810110569,0.4292158782482147,0.308651328086853,6.888496196133317e-05
1883,0.464712917804718,0.4330556094646454,0.31657305359840393,6.877835134867196e-05
1884,0.5000583529472351,0.46497398614883423,0.3508434295654297,6.867178004025676e-05
1885,0.4814896285533905,0.4487857222557068,0.32703912258148193,6.85652481702478e-05
1886,0.45984846353530884,0.427990198135376,0.31858280301094055,6.845875587275576e-05
1887,0.45042261481285095,0.4194113612174988,0.31011247634887695,6.835230328184138e-05
1888,0.4849720299243927,0.45193368196487427,0.3303833603858948,6.824589053151558e-05
1889,0.46092554926872253,0.4292293190956116,0.3169623911380768,6.813951775573896e-05
1890,0.4641023278236389,0.4320047199726105,0.3209759294986725,6.803318508842187e-05
1891,0.4651632308959961,0.4334096312522888,0.31753599643707275,6.792689266342416e-05
1892,0.47092828154563904,0.4388622045516968,0.3206608295440674,6.782064061455504e-05
1893,0.4832201898097992,0.45051878690719604,0.32701390981674194,6.77144290755729e-05
1894,0.47040748596191406,0.43827024102211,0.3213723301887512,6.760825818018508e-05
1895,0.485983282327652,0.45329251885414124,0.32690760493278503,6.750212806204777e-05
1896,0.4650169909000397,0.43345367908477783,0.3156331181526184,6.739603885476582e-05
1897,0.4853990375995636,0.45212748646736145,0.3327155113220215,6.728999069189263e-05
1898,0.4709610342979431,0.4390506148338318,0.3191041946411133,6.718398370692993e-05
1899,0.47892794013023376,0.4458547532558441,0.3307317793369293,6.707801803332754e-05
1900,0.4834575355052948,0.4507744312286377,0.32683107256889343,6.697209380448333e-05
1901,0.45307767391204834,0.4218161404132843,0.31261536478996277,6.68662111537429e-05
1902,0.4615785479545593,0.4301503896713257,0.31428152322769165,6.676037021439971e-05
1903,0.46201103925704956,0.43064841628074646,0.3136262595653534,6.665457111969451e-05
1904,0.4324081540107727,0.40270116925239563,0.2970699667930603,6.654881400281547e-05
1905,0.4634954333305359,0.4322792887687683,0.3121613562107086,6.644309899689793e-05
1906,0.4474848508834839,0.4167940616607666,0.3069080114364624,6.63374262350241e-05
1907,0.5125128626823425,0.4773096442222595,0.3520324230194092,6.623179585022316e-05
1908,0.48379993438720703,0.45100635290145874,0.32793593406677246,6.612620797547087e-05
1909,0.45370903611183167,0.4227675497531891,0.30941489338874817,6.602066274368947e-05
1910,0.46112197637557983,0.42969560623168945,0.3142636716365814,6.59151602877475e-05
1911,0.4573398232460022,0.42625489830970764,0.3108491599559784,6.580970074045975e-05
1912,0.4730091989040375,0.44097989797592163,0.32029303908348083,6.570428423458687e-05
1913,0.48768991231918335,0.4544849395751953,0.3320496380329132,6.559891090283537e-05
1914,0.47367024421691895,0.44161558151245117,0.3205466568470001,6.549358087785744e-05
1915,0.45622169971466064,0.42545685172080994,0.3076484203338623,6.538829429225069e-05
1916,0.4643055498600006,0.43320998549461365,0.3109557628631592,6.528305127855816e-05
1917,0.42586690187454224,0.3968351185321808,0.2903178334236145,6.517785196926792e-05
1918,0.4542336165904999,0.42314839363098145,0.3108522295951843,6.507269649681307e-05
1919,0.4737143814563751,0.441366583108902,0.32347801327705383,6.496758499357148e-05
1920,0.4764110743999481,0.4440997242927551,0.32311344146728516,6.486251759186572e-05
1921,0.5006709694862366,0.46676915884017944,0.3390183448791504,6.475749442396289e-05
1922,0.47554197907447815,0.44261521100997925,0.3292677402496338,6.465251562207431e-05
1923,0.4522864520549774,0.4211457371711731,0.31140708923339844,6.454758131835545e-05
1924,0.4922133684158325,0.4586069583892822,0.33606401085853577,6.44426916449058e-05
1925,0.4863753318786621,0.45284757018089294,0.3352774977684021,6.43378467337687e-05
1926,0.44388002157211304,0.4138789474964142,0.300010621547699,6.423304671693107e-05
1927,0.4720004200935364,0.44007715582847595,0.31923267245292664,6.412829172632338e-05
1928,0.4538676142692566,0.4226144850254059,0.312531441450119,6.402358189381934e-05
1929,0.48636770248413086,0.4531804323196411,0.3318726122379303,6.391891735123582e-05
1930,0.5022417902946472,0.4678811728954315,0.34360644221305847,6.38142982303328e-05
1931,0.48977190256118774,0.4560481011867523,0.3372378647327423,6.370972466281291e-05
1932,0.4672046899795532,0.43548303842544556,0.31721654534339905,6.360519678032157e-05
1933,0.4784044921398163,0.44583484530448914,0.32569652795791626,6.350071471444661e-05
1934,0.4773271977901459,0.44428861141204834,0.33038586378097534,6.339627859671814e-05
1935,0.46201851963996887,0.4306328296661377,0.313856840133667,6.32918885586086e-05
1936,0.4728642404079437,0.4403854012489319,0.32478830218315125,6.318754473153221e-05
1937,0.4650372564792633,0.4328189492225647,0.3221830427646637,6.308324724684518e-05
1938,0.43546628952026367,0.40587055683135986,0.2959572672843933,6.297899623584532e-05
1939,0.4873918294906616,0.45373839139938354,0.3365342617034912,6.287479182977184e-05
1940,0.46422332525253296,0.4327816963195801,0.31441619992256165,6.277063415980549e-05
1941,0.4624340832233429,0.43071305751800537,0.31721028685569763,6.266652335706802e-05
1942,0.466271311044693,0.4339180588722229,0.32353246212005615,6.256245955262221e-05
1943,0.46571701765060425,0.4338565766811371,0.3186044991016388,6.245844287747168e-05
1944,0.4635152220726013,0.43216463923454285,0.3135058283805847,6.23544734625608e-05
1945,0.45223286747932434,0.4211269021034241,0.31105974316596985,6.225055143877434e-05
1946,0.45982587337493896,0.4286368489265442,0.3118901252746582,6.214667693693744e-05
1947,0.4753521978855133,0.442693829536438,0.3265836238861084,6.20428500878154e-05
1948,0.47388389706611633,0.4412926435470581,0.3259124159812927,6.193907102211358e-05
1949,0.4983948767185211,0.46421992778778076,0.34174954891204834,6.183533987047716e-05
1950,0.47382691502571106,0.44124332070350647,0.3258359134197235,6.173165676349103e-05
1951,0.4719768166542053,0.439275324344635,0.3270148038864136,6.162802183167954e-05
1952,0.45717549324035645,0.42609351873397827,0.3108195960521698,6.152443520550641e-05
1953,0.4827445149421692,0.4495786726474762,0.33165836334228516,6.14208970153746e-05
1954,0.47759735584259033,0.44491046667099,0.3268689215183258,6.1317407391626e-05
1955,0.45260894298553467,0.4220966696739197,0.3051226735115051,6.121396646454149e-05
1956,0.4864579439163208,0.45325636863708496,0.33201566338539124,6.111057436434056e-05
1957,0.49301016330718994,0.4595070481300354,0.3350312411785126,6.1007231221181206e-05
1958,0.4748939871788025,0.44256696105003357,0.32327011227607727,6.090393716515983e-05
1959,0.47210097312927246,0.4396134912967682,0.3248749077320099,6.0800692326311095e-05
1960,0.44819003343582153,0.418059766292572,0.30130255222320557,6.069749683460765e-05
1961,0.457787424325943,0.4266679286956787,0.31119492650032043,6.059435081996001e-05
1962,0.46149173378944397,0.4300817847251892,0.31409940123558044,6.049125441221639e-05
1963,0.49990177154541016,0.46537113189697266,0.3453063368797302,6.038820774116265e-05
1964,0.46880266070365906,0.43706777691841125,0.31734874844551086,6.0285210936521955e-05
1965,0.4842751622200012,0.4514857828617096,0.3278938829898834,6.018226412795469e-05
1966,0.44321900606155396,0.4132661521434784,0.2995285987854004,6.0079367445058354e-05
1967,0.45812296867370605,0.4269837737083435,0.31139206886291504,5.997652101736726e-05
1968,0.4735471308231354,0.4410248100757599,0.3252231776714325,5.9873724974352585e-05
1969,0.4566596448421478,0.42558547854423523,0.31074169278144836,5.977097944542198e-05
1970,0.49810370802879333,0.4641631841659546,0.3394051790237427,5.9668284559919504e-05
1971,0.4807843565940857,0.4483109414577484,0.3247341215610504,5.956564044712551e-05
1972,0.47942250967025757,0.4464070796966553,0.3301541805267334,5.94630472362564e-05
1973,0.47332528233528137,0.44133955240249634,0.31985729932785034,5.936050505646452e-05
1974,0.47874465584754944,0.4460754096508026,0.3266925811767578,5.925801403683797e-05
1975,0.4647977948188782,0.43366897106170654,0.3112882673740387,5.9155574306400395e-05
1976,0.45853662490844727,0.4266173839569092,0.31919237971305847,5.9053185994110974e-05
1977,0.4560113847255707,0.4249487519264221,0.31062623858451843,5.8950849228864025e-05
1978,0.4495600461959839,0.4186810851097107,0.30878958106040955,5.884856413948913e-05
1979,0.44778528809547424,0.4171607494354248,0.306245356798172,5.87463308547507e-05
1980,0.4621034264564514,0.430446058511734,0.3165735602378845,5.864414950334796e-05
1981,0.5005936622619629,0.4665292501449585,0.34064382314682007,5.8542020213914726e-05
1982,0.46526190638542175,0.4339714050292969,0.31290510296821594,5.843994311501939e-05
1983,0.4581124484539032,0.42663657665252686,0.3147585988044739,5.833791833516453e-05
1984,0.5098735094070435,0.47503340244293213,0.3484010696411133,5.82359460027869e-05
1985,0.47888287901878357,0.44596999883651733,0.3291286826133728,5.8134026246257225e-05
1986,0.4877532422542572,0.4542856812477112,0.33467569947242737,5.8032159193879985e-05
1987,0.4693560302257538,0.4374096095561981,0.31946420669555664,5.793034497389345e-05
1988,0.43445464968681335,0.40508630871772766,0.2936832904815674,5.782858371446927e-05
1989,0.4672206938266754,0.43554019927978516,0.3168048858642578,5.772687554371241e-05
1990,0.4923871159553528,0.4589458703994751,0.334412544965744,5.762522058966113e-05
1991,0.47842055559158325,0.4457608163356781,0.32659727334976196,5.752361898028653e-05
1992,0.48354572057724,0.45079514384269714,0.3275057077407837,5.7422070843492734e-05
1993,0.46398791670799255,0.4320628345012665,0.3192509412765503,5.732057630711638e-05
1994,0.45343273878097534,0.42249640822410583,0.3093632757663727,5.721913549892674e-05
1995,0.5018366575241089,0.4674750864505768,0.3436158001422882,5.711774854662535e-05
1996,0.4796849489212036,0.4468216300010681,0.32863321900367737,5.701641557784609e-05
1997,0.4526297450065613,0.4218079149723053,0.3082183003425598,5.69151367201548e-05
1998,0.4487472474575043,0.41839638352394104,0.30350857973098755,5.681391210104916e-05
1999,0.4618397355079651,0.4301895797252655,0.316501647233963,5.671274184795865e-05
2000,0.44783198833465576,0.41739290952682495,0.30439090728759766,5.6611626088244194e-05
2001,0.45167243480682373,0.4205051064491272,0.31167325377464294,5.651056494919831e-05
2002,0.4684074819087982,0.436727911233902,0.31679582595825195,5.640955855804455e-05
2003,0.49285244941711426,0.4595031142234802,0.3334933817386627,5.63086070419377e-05
2004,0.4651409983634949,0.4333098530769348,0.31831130385398865,5.620771052796339e-05
2005,0.46129411458969116,0.4300766885280609,0.31217437982559204,5.610686914313796e-05
2006,0.46484729647636414,0.4329826831817627,0.3186461925506592,5.6006083014408484e-05
2007,0.48562389612197876,0.4527454376220703,0.32878464460372925,5.590535226865238e-05
2008,0.45818406343460083,0.42693525552749634,0.31248822808265686,5.5804677032677354e-05
2009,0.48195451498031616,0.4485776126384735,0.3337689936161041,5.570405743322124e-05
2010,0.44587936997413635,0.4156438112258911,0.30235549807548523,5.560349359695181e-05
2011,0.4674570560455322,0.43524062633514404,0.3221644163131714,5.550298565046672e-05
2012,0.4801422953605652,0.44759589433670044,0.325464129447937,5.540253372029315e-05
2013,0.4644644856452942,0.4328194260597229,0.3164505064487457,5.53021379328879e-05
2014,0.4802423119544983,0.44706082344055176,0.33181479573249817,5.520179841463693e-05
2015,0.4473513662815094,0.4163913130760193,0.3096005320549011,5.510151529185553e-05
2016,0.47207969427108765,0.439689040184021,0.32390666007995605,5.5001288690787886e-05
2017,0.4698440432548523,0.43744099140167236,0.3240306079387665,5.490111873760705e-05
2018,0.4632221758365631,0.431833416223526,0.31388747692108154,5.480100555841478e-05
2019,0.49723994731903076,0.463389128446579,0.3385082185268402,5.4700949279241295e-05
2020,0.4496855139732361,0.41886505484580994,0.308204710483551,5.4600950026045326e-05
2021,0.4850175976753235,0.4516635835170746,0.3335401117801666,5.4501007924713707e-05
2022,0.45480218529701233,0.42393332719802856,0.30868861079216003,5.440112310106134e-05
2023,0.4692913591861725,0.4370853006839752,0.3220606744289398,5.4301295680830976e-05
2024,0.47676071524620056,0.44392579793930054,0.3283490836620331,5.420152578969326e-05
2025,0.4851059913635254,0.451488733291626,0.3361726701259613,5.410181355324622e-05
2026,0.45596492290496826,0.4253399670124054,0.3062497079372406,5.400215909701547e-05
2027,0.47477540373802185,0.4422973394393921,0.32478073239326477,5.390256254645378e-05
2028,0.4811205267906189,0.44804778695106506,0.3307274580001831,5.380302402694104e-05
2029,0.4750364422798157,0.44263961911201477,0.3239680826663971,5.3703543663784074e-05
2030,0.4578093886375427,0.4265953600406647,0.31214019656181335,5.36041215822166e-05
2031,0.47538191080093384,0.4429306089878082,0.3245129883289337,5.3504757907398836e-05
2032,0.4773264229297638,0.44411322474479675,0.3321320712566376,5.340545276441755e-05
2033,0.4691730737686157,0.43690651655197144,0.3226657211780548,5.3306206278285734e-05
2034,0.48734769225120544,0.4542526304721832,0.33095061779022217,5.320701857394268e-05
2035,0.4492091238498688,0.4181707799434662,0.3103834092617035,5.3107889776253536e-05
2036,0.47918471693992615,0.4463781416416168,0.3280656635761261,5.3008820010009464e-05
2037,0.44677048921585083,0.4161563515663147,0.3061414361000061,5.290980939992713e-05
2038,0.47594696283340454,0.4431712031364441,0.32775774598121643,5.281085807064881e-05
2039,0.4763141870498657,0.44360408186912537,0.32710105180740356,5.27119661467422e-05
2040,0.4549756646156311,0.42367658019065857,0.31299087405204773,5.261313375270014e-05
2041,0.47090721130371094,0.43838873505592346,0.32518473267555237,5.251436101294056e-05
2042,0.4686902165412903,0.4366738796234131,0.3201633393764496,5.2415648051806275e-05
2043,0.46968093514442444,0.43806344270706177,0.31617501378059387,5.231699499356484e-05
2044,0.5111381411552429,0.4762834906578064,0.34854647517204285,5.221840196240848e-05
2045,0.4773448705673218,0.444728821516037,0.32616057991981506,5.211986908245374e-05
2046,0.47730085253715515,0.4443584382534027,0.3294242024421692,5.202139647774149e-05
2047,0.47229695320129395,0.4405359625816345,0.31760984659194946,5.192298427223676e-05
2048,0.5028573274612427,0.4682246148586273,0.3463273048400879,5.182463258982846e-05
2049,0.46693822741508484,0.4346004128456116,0.3233780562877655,5.172634155432943e-05
2050,0.5098440647125244,0.4751364588737488,0.34707629680633545,5.1628111289476035e-05
2051,0.495932012796402,0.4624864459037781,0.33445554971694946,5.1529941918928204e-05
2052,0.47781679034233093,0.4453129768371582,0.3250380754470825,5.143183356626916e-05
2053,0.4727761149406433,0.44044065475463867,0.32335466146469116,5.133378635500543e-05
2054,0.49656644463539124,0.46261847019195557,0.3394797444343567,5.123580040856644e-05
2055,0.4735400676727295,0.4410935342311859,0.32446548342704773,5.113787585030454e-05
2056,0.4825051724910736,0.449474960565567,0.33030208945274353,5.1040012803494795e-05
2057,0.4910731911659241,0.4571499824523926,0.3392321467399597,5.0942211391334824e-05
2058,0.46189841628074646,0.4304729402065277,0.3142548203468323,5.084447173694469e-05
2059,0.4465259909629822,0.41581016778945923,0.3071582019329071,5.0746793963366744e-05
2060,0.4576783776283264,0.4265439808368683,0.31134387850761414,5.0649178193565314e-05
2061,0.4837319552898407,0.45072752237319946,0.33004438877105713,5.055162455042679e-05
2062,0.47944408655166626,0.4469584822654724,0.3248561918735504,5.045413315675924e-05
2063,0.4703427255153656,0.4382491707801819,0.32093560695648193,5.035670413529251e-05
2064,0.4976918697357178,0.46353447437286377,0.3415738642215729,5.025933760867781e-05
2065,0.4953627288341522,0.4613535702228546,0.3400914669036865,5.016203369948773e-05
2066,0.49642080068588257,0.462582528591156,0.33838269114494324,5.006479253021597e-05
2067,0.48645007610321045,0.453033983707428,0.3341609537601471,4.996761422327737e-05
2068,0.45948028564453125,0.42822369933128357,0.31256601214408875,4.9870498901007524e-05
2069,0.461282342672348,0.4293465316295624,0.31935805082321167,4.977344668566275e-05
2070,0.48038649559020996,0.4475041627883911,0.3288233280181885,4.967645769942e-05
2071,0.47012007236480713,0.43784284591674805,0.3227721154689789,4.957953206437651e-05
2072,0.46300914883613586,0.43088123202323914,0.32127925753593445,4.9482669902549894e-05
2073,0.4580945372581482,0.4269481301307678,0.31146422028541565,4.938587133587777e-05
2074,0.47179532051086426,0.4395914077758789,0.32203900814056396,4.92891364862177e-05
2075,0.4661521911621094,0.43401628732681274,0.3213590085506439,4.919246547534708e-05
2076,0.4607863426208496,0.42964568734169006,0.3114067018032074,4.909585842496287e-05
2077,0.4681229293346405,0.43609392642974854,0.3202899992465973,4.899931545668164e-05
2078,0.4629875123500824,0.43085139989852905,0.3213612139225006,4.890283669203915e-05
2079,0.44274309277534485,0.4123511016368866,0.30392003059387207,4.880642225249041e-05
2080,0.48551735281944275,0.4529780149459839,0.32539328932762146,4.87100722594094e-05
2081,0.46316808462142944,0.43144381046295166,0.3172425925731659,4.8613786834089024e-05
2082,0.4946489632129669,0.46087944507598877,0.3376951515674591,4.851756609774094e-05
2083,0.481674462556839,0.4492855966091156,0.32388871908187866,4.842141017149526e-05
2084,0.4415343403816223,0.411773145198822,0.29761210083961487,4.8325319176400576e-05
2085,0.49848949909210205,0.4638177454471588,0.3467174470424652,4.822929323342369e-05
2086,0.4475851356983185,0.41743364930152893,0.30151477456092834,4.81333324634496e-05
2087,0.46630874276161194,0.43484213948249817,0.31466609239578247,4.8037436987281194e-05
2088,0.4611586928367615,0.4297233819961548,0.31435322761535645,4.794160692563917e-05
2089,0.49997198581695557,0.465560644865036,0.3441135585308075,4.7845842399161874e-05
2090,0.4611445367336273,0.429864764213562,0.31279781460762024,4.7750143528405126e-05
2091,0.48946255445480347,0.4555288851261139,0.33933672308921814,4.76545104338422e-05
2092,0.4716165065765381,0.43993061780929565,0.31685882806777954,4.755894323586342e-05
2093,0.49932384490966797,0.4655328094959259,0.3379105031490326,4.746344205477631e-05
2094,0.5019702911376953,0.4678308069705963,0.34139513969421387,4.736800701080515e-05
2095,0.4742245078086853,0.4421100616455078,0.3211445212364197,4.727263822409099e-05
2096,0.4636802673339844,0.4316498041152954,0.32030466198921204,4.717733581469157e-05
2097,0.4761262536048889,0.4436851143836975,0.3244112730026245,4.708209990258095e-05
2098,0.46830809116363525,0.4363571107387543,0.31950968503952026,4.6986930607649535e-05
2099,0.47293123602867126,0.44060519337654114,0.32326048612594604,4.68918280497038e-05
2100,0.4889279901981354,0.45529600977897644,0.3363199234008789,4.6796792348466356e-05
2101,0.5001255869865417,0.46592020988464355,0.3420535624027252,4.67018236235755e-05
2102,0.4647064208984375,0.43276047706604004,0.31945934891700745,4.6606921994585274e-05
2103,0.4551624357700348,0.4237937927246094,0.3136863112449646,4.651208758096521e-05
2104,0.47640740871429443,0.44347620010375977,0.3293120861053467,4.6417320502100316e-05
2105,0.422522634267807,0.3936458230018616,0.2887681722640991,4.63226208772908e-05
2106,0.4647061228752136,0.43294453620910645,0.317615807056427,4.62279888257519e-05
2107,0.4763976037502289,0.4436165690422058,0.3278103172779083,4.613342446661383e-05
2108,0.486955463886261,0.45354247093200684,0.33412986993789673,4.603892791892157e-05
2109,0.46725594997406006,0.43494582176208496,0.3231012523174286,4.594449930163471e-05
2110,0.47743451595306396,0.44461819529533386,0.32816314697265625,4.5850138733627434e-05
2111,0.4854222238063812,0.4522106945514679,0.3321152329444885,4.575584633368815e-05
2112,0.4850190579891205,0.4518548548221588,0.33164194226264954,4.566162222051946e-05
2113,0.47209006547927856,0.44025132060050964,0.31838753819465637,4.556746651273802e-05
2114,0.4528030455112457,0.4222950041294098,0.3050803542137146,4.547337932887443e-05
2115,0.4587596654891968,0.42706260085105896,0.316970556974411,4.537936078737292e-05
2116,0.4624328017234802,0.43104487657546997,0.313879132270813,4.52854110065914e-05
2117,0.459734171628952,0.42779821157455444,0.3193596303462982,4.519153010480118e-05
2118,0.4657338559627533,0.43364816904067993,0.3208567500114441,4.5097718200186814e-05
2119,0.4573610723018646,0.4261670708656311,0.3119399845600128,4.50039754108461e-05
2120,0.5009116530418396,0.4667211174964905,0.3419055640697479,4.491030185478976e-05
2121,0.4517424404621124,0.4208994507789612,0.3084297776222229,4.481669764994134e-05
2122,0.4699978828430176,0.4380028247833252,0.319950670003891,4.472316291413715e-05
2123,0.46274396777153015,0.4304412007331848,0.3230275809764862,4.4629697765125934e-05
2124,0.4594455659389496,0.4279375374317169,0.3150801956653595,4.453630232056901e-05
2125,0.4129893183708191,0.3848220109939575,0.2816729247570038,4.444297669803981e-05
2126,0.47898662090301514,0.4461173713207245,0.32869258522987366,4.434972101502385e-05
2127,0.4282814860343933,0.39874356985092163,0.29537901282310486,4.425653538891874e-05
2128,0.4763338565826416,0.4436570405960083,0.32676807045936584,4.416341993703373e-05
2129,0.48599550127983093,0.45269060134887695,0.33304908871650696,4.407037477658992e-05
2130,0.42246025800704956,0.3934503495693207,0.290099173784256,4.3977400024719725e-05
2131,0.46920841932296753,0.43774449825286865,0.3146391808986664,4.388449579846705e-05
2132,0.4925696551799774,0.4586494565010071,0.339201956987381,4.379166221478697e-05
2133,0.4529436230659485,0.42230865359306335,0.30634963512420654,4.36988993905456e-05
2134,0.48570653796195984,0.45232445001602173,0.33382076025009155,4.36062074425201e-05
2135,0.4943637251853943,0.46043941378593445,0.33924317359924316,4.351358648739826e-05
2136,0.5048701167106628,0.4708464741706848,0.3402364253997803,4.3421036641778556e-05
2137,0.4673689305782318,0.43578192591667175,0.31587013602256775,4.332855802217e-05
2138,0.47189760208129883,0.4396223723888397,0.32275229692459106,4.323615074499183e-05
2139,0.42920923233032227,0.40004265308380127,0.291665643453598,4.31438149265736e-05
2140,0.4720543920993805,0.43960630893707275,0.32448092103004456,4.305155068315481e-05
2141,0.47770562767982483,0.44553303718566895,0.3217257857322693,4.295935813088487e-05
2142,0.48956555128097534,0.4557243883609772,0.3384115695953369,4.2867237385822935e-05
2143,0.46647241711616516,0.4341461658477783,0.32326242327690125,4.2775188563937843e-05
2144,0.48522043228149414,0.45186108350753784,0.3335936367511749,4.268321178110779e-05
2145,0.4570821523666382,0.42590075731277466,0.3118140697479248,4.259130715312033e-05
2146,0.4732770025730133,0.4410897195339203,0.3218729496002197,4.249947479567218e-05
2147,0.4403080940246582,0.41002264618873596,0.3028545379638672,4.2407714824369024e-05
2148,0.43723219633102417,0.40769562125205994,0.2953656017780304,4.231602735472552e-05
2149,0.48763641715049744,0.4545072019100189,0.331292062997818,4.222441250216502e-05
2150,0.47970670461654663,0.44721895456314087,0.3248773515224457,4.213287038201943e-05
2151,0.4527827501296997,0.422099232673645,0.30683502554893494,4.20414011095291e-05
2152,0.5017762184143066,0.4675515592098236,0.3422468900680542,4.195000479984265e-05
2153,0.468979150056839,0.43705734610557556,0.31921812891960144,4.185868156801694e-05
2154,0.5073192715644836,0.4722360670566559,0.3508320152759552,4.1767431529016766e-05
2155,0.4463174343109131,0.4155048727989197,0.308125764131546,4.1676254797714766e-05
2156,0.4684315025806427,0.4362345039844513,0.32196998596191406,4.1585151488891305e-05
2157,0.4722963869571686,0.43979761004447937,0.3249877095222473,4.149412171723438e-05
2158,0.5004407167434692,0.4663536250591278,0.34087082743644714,4.140316559733935e-05
2159,0.4268324375152588,0.39786672592163086,0.28965726494789124,4.1312283243708836e-05
2160,0.43457064032554626,0.4051027297973633,0.2946791648864746,4.12214747707527e-05
2161,0.4777402877807617,0.44497233629226685,0.3276796340942383,4.113074029278765e-05
2162,0.4670877754688263,0.4354989230632782,0.31588849425315857,4.1040079924037386e-05
2163,0.4631396234035492,0.43164023756980896,0.31499382853507996,4.0949493778632244e-05
2164,0.46931391954421997,0.4369298219680786,0.3238408863544464,4.085898197060911e-05
2165,0.4611000418663025,0.42953652143478394,0.31563523411750793,4.0768544613911294e-05
2166,0.4754332900047302,0.4428569972515106,0.3257628381252289,4.067818182238838e-05
2167,0.4600263833999634,0.42883554100990295,0.3119083344936371,4.058789370979617e-05
2168,0.4623199701309204,0.43038302659988403,0.3193693459033966,4.049768038979631e-05
2169,0.48276934027671814,0.4495546817779541,0.33214664459228516,4.04075419759564e-05
2170,0.4791771173477173,0.4465291202068329,0.32647982239723206,4.031747858174964e-05
2171,0.4471980929374695,0.4166301488876343,0.30567944049835205,4.0227490320554916e-05
2172,0.4854329228401184,0.4520816206932068,0.3335129916667938,4.0137577305656485e-05
2173,0.46382907032966614,0.43207091093063354,0.3175816535949707,4.004773965024383e-05
2174,0.49936139583587646,0.4649079740047455,0.3445340692996979,3.9957977467411615e-05
2175,0.4595467746257782,0.42791077494621277,0.3163600564002991,3.9868290870159405e-05
2176,0.4322280287742615,0.40301552414894104,0.29212507605552673,3.9778679971391785e-05
2177,0.47969305515289307,0.4469064474105835,0.32786592841148376,3.96891448839179e-05
2178,0.4831264615058899,0.4502592086791992,0.32867249846458435,3.959968572045148e-05
2179,0.4722709655761719,0.4396233856678009,0.3264757990837097,3.951030259361072e-05
2180,0.4991619288921356,0.46507418155670166,0.3408775329589844,3.942099561591802e-05
2181,0.44737160205841064,0.4169623851776123,0.3040921688079834,3.933176489980005e-05
2182,0.49414098262786865,0.46076515316963196,0.333758145570755,3.924261055758731e-05
2183,0.4732491374015808,0.44068649411201477,0.32562658190727234,3.915353270151433e-05
2184,0.4784960448741913,0.4457467794418335,0.3274925649166107,3.90645314437192e-05
2185,0.4574838876724243,0.42638832330703735,0.3109557628631592,3.897560689624362e-05
2186,0.4882031977176666,0.4551306664943695,0.33072537183761597,3.888675917103283e-05
2187,0.46325233578681946,0.43189817667007446,0.3135416507720947,3.879798837993521e-05
2188,0.487982839345932,0.4548460841178894,0.3313676118850708,3.8709294634702376e-05
2189,0.4522837698459625,0.42163559794425964,0.3064817488193512,3.862067804698889e-05
2190,0.46778544783592224,0.4358447790145874,0.31940680742263794,3.853213872835228e-05
2191,0.4415329694747925,0.41126418113708496,0.3026878535747528,3.844367679025274e-05
2192,0.4650280177593231,0.4326324164867401,0.3239558935165405,3.8355292344053026e-05
2193,0.4665926396846771,0.434691458940506,0.319011926651001,3.826698550101836e-05
2194,0.48521435260772705,0.45181453227996826,0.3339981436729431,3.8178756372316294e-05
2195,0.4787611961364746,0.4459477365016937,0.3281344771385193,3.8090605069016595e-05
2196,0.4693355858325958,0.43752819299697876,0.3180738091468811,3.800253170209094e-05
2197,0.48290377855300903,0.44977647066116333,0.33127307891845703,3.7914536382412956e-05
2198,0.45668262243270874,0.4254084825515747,0.31274136900901794,3.782661922075803e-05
2199,0.46957796812057495,0.43716350197792053,0.3241446614265442,3.773878032780309e-05
2200,0.4567926228046417,0.42570433020591736,0.3108828663825989,3.7651019814126654e-05
2201,0.4836914539337158,0.45054054260253906,0.331508994102478,3.7563337790208476e-05
2202,0.48429790139198303,0.45117679238319397,0.3312109708786011,3.747573436642951e-05
2203,0.44448351860046387,0.41429010033607483,0.30193421244621277,3.738820965307176e-05
2204,0.4599680006504059,0.4280320405960083,0.31935957074165344,3.730076376031821e-05
2205,0.45115649700164795,0.4205067455768585,0.30649760365486145,3.721339679825252e-05
2206,0.4755019545555115,0.4428165853023529,0.32685375213623047,3.712610887685909e-05
2207,0.47475937008857727,0.4426315128803253,0.32127848267555237,3.703890010602274e-05
2208,0.43875202536582947,0.4090081453323364,0.2974388003349304,3.695177059552861e-05
2209,0.46137887239456177,0.42963707447052,0.3174181282520294,3.686472045506223e-05
2210,0.45427554845809937,0.4233506917953491,0.30924856662750244,3.677774979420904e-05
2211,0.47143179178237915,0.43935859203338623,0.3207319974899292,3.66908587224545e-05
2212,0.46017488837242126,0.42866286635398865,0.31512030959129333,3.660404734918387e-05
2213,0.4799709916114807,0.44706735014915466,0.32903650403022766,3.6517315783682036e-05
2214,0.4609975516796112,0.4297539293766022,0.3124362528324127,3.643066413513354e-05
2215,0.469247430562973,0.437197744846344,0.32049688696861267,3.634409251262217e-05
2216,0.47511011362075806,0.442675918340683,0.3243418037891388,3.6257601025131026e-05
2217,0.49215012788772583,0.45790866017341614,0.34241458773612976,3.61711897815424e-05
2218,0.45719608664512634,0.42587366700172424,0.31322428584098816,3.608485889063744e-05
2219,0.4493108093738556,0.4188508987426758,0.3045990765094757,3.599860846109626e-05
2220,0.4339466691017151,0.4041306674480438,0.2981598675251007,3.591243860149759e-05
2221,0.484925240278244,0.45126888155937195,0.3365635275840759,3.582634942031878e-05
2222,0.4691978096961975,0.4372524619102478,0.319453626871109,3.574034102593557e-05
2223,0.46541306376457214,0.43346482515335083,0.3194824457168579,3.565441352662211e-05
2224,0.4592440724372864,0.4279290735721588,0.3131501376628876,3.556856703055058e-05
2225,0.496156245470047,0.4628171920776367,0.33339041471481323,3.548280164579126e-05
2226,0.4714967906475067,0.43925702571868896,0.3223975896835327,3.539711748031227e-05
2227,0.44844672083854675,0.41768601536750793,0.30760714411735535,3.531151464197957e-05
2228,0.4771684408187866,0.4444809854030609,0.326874703168869,3.5225993238556644e-05
2229,0.47754576802253723,0.44515150785446167,0.3239426016807556,3.514055337770455e-05
2230,0.45272403955459595,0.422092080116272,0.3063197433948517,3.5055195166981645e-05
2231,0.4651784896850586,0.43331992626190186,0.31858566403388977,3.496991871384346e-05
2232,0.47762784361839294,0.44505172967910767,0.3257611393928528,3.488472412564264e-05
2233,0.4510861337184906,0.42060619592666626,0.30479925870895386,3.479961150962884e-05
2234,0.470626562833786,0.43816059827804565,0.32465970516204834,3.4714580972948406e-05
2235,0.5209976434707642,0.48545846343040466,0.3553917706012726,3.462963262264444e-05
2236,0.44633007049560547,0.4161502420902252,0.30179816484451294,3.4544766565656505e-05
2237,0.4930069148540497,0.4593309462070465,0.3367597460746765,3.445998290882062e-05
2238,0.4856748878955841,0.4522388279438019,0.33436059951782227,3.4375281758869114e-05
2239,0.46898922324180603,0.43703559041023254,0.3195362091064453,3.429066322243033e-05
2240,0.4885721206665039,0.4555913805961609,0.3298073410987854,3.420612740602875e-05
2241,0.47177979350090027,0.4397430717945099,0.3203672468662262,3.4121674416084584e-05
2242,0.4781927764415741,0.44563591480255127,0.3255685269832611,3.403730435891391e-05
2243,0.44556400179862976,0.4156738519668579,0.29890158772468567,3.39530173407283e-05
2244,0.48993808031082153,0.45597124099731445,0.3396684527397156,3.386881346763483e-05
2245,0.46659326553344727,0.4345790445804596,0.32014232873916626,3.378469284563589e-05
2246,0.443595290184021,0.41350057721138,0.3009470999240875,3.370065558062906e-05
2247,0.4537084400653839,0.422720730304718,0.3098770081996918,3.3616701778407065e-05
2248,0.4583578109741211,0.42739346623420715,0.30964335799217224,3.353283154465746e-05
2249,0.4915715754032135,0.4580570161342621,0.33514559268951416,3.34490449849626e-05
2250,0.4858998954296112,0.4528496265411377,0.3305026590824127,3.336534220479961e-05
2251,0.4760184586048126,0.4439437985420227,0.3207465708255768,3.3281723309540025e-05
2252,0.4442896544933319,0.4140768051147461,0.3021283745765686,3.319818840444987e-05
2253,0.4791196882724762,0.4467645585536957,0.32355135679244995,3.311473759468938e-05
2254,0.48471468687057495,0.4516676366329193,0.33047065138816833,3.3031370985312934e-05
2255,0.4940304160118103,0.4597255289554596,0.3430488705635071,3.294808868126894e-05
2256,0.4778636395931244,0.44493013620376587,0.32933497428894043,3.28648907873996e-05
2257,0.4626249372959137,0.43094682693481445,0.31678101420402527,3.2781777408441e-05
2258,0.45957425236701965,0.42834970355033875,0.31224557757377625,3.269874864902269e-05
2259,0.4670991003513336,0.4351988732814789,0.31900227069854736,3.261580461366776e-05
2260,0.4718663692474365,0.4397162199020386,0.32150137424468994,3.253294540679257e-05
2261,0.4696504473686218,0.4380543828010559,0.31596073508262634,3.245017113270685e-05
2262,0.4813668429851532,0.44852545857429504,0.328413724899292,3.236748189561324e-05
2263,0.4590379595756531,0.42753779888153076,0.3150016963481903,3.228487779960745e-05
2264,0.48247259855270386,0.4492790102958679,0.331935852766037,3.220235894867794e-05
2265,0.4493681788444519,0.41875067353248596,0.30617496371269226,3.211992544670581e-05
2266,0.478669673204422,0.44593438506126404,0.3273528218269348,3.203757739746489e-05
2267,0.4711592495441437,0.439156174659729,0.3200306296348572,3.195531490462128e-05
2268,0.4834810793399811,0.44979286193847656,0.33688217401504517,3.18731380717334e-05
2269,0.47483351826667786,0.442062109708786,0.32771411538124084,3.1791047002251884e-05
2270,0.4941594898700714,0.46066826581954956,0.33491235971450806,3.1709041799519315e-05
2271,0.4648638069629669,0.43306809663772583,0.31795698404312134,3.162712256677032e-05
2272,0.47475141286849976,0.44241616129875183,0.3233523964881897,3.154528940713113e-05
2273,0.48901233077049255,0.45587047934532166,0.33141863346099854,3.1463542423619794e-05
2274,0.46209588646888733,0.43069732189178467,0.3139857351779938,3.1381881719145724e-05
2275,0.4517785906791687,0.42165762186050415,0.3012096583843231,3.130030739650983e-05
2276,0.4965454936027527,0.4626777172088623,0.33867791295051575,3.121881955840421e-05
2277,0.46549084782600403,0.4335044026374817,0.3198643922805786,3.1137418307412116e-05
2278,0.4695928990840912,0.43728554248809814,0.3230735957622528,3.105610374600778e-05
2279,0.4551934599876404,0.4244699776172638,0.3072347044944763,3.0974875976556284e-05
2280,0.47702717781066895,0.4447655975818634,0.32261571288108826,3.089373510131355e-05
2281,0.46996137499809265,0.43753117322921753,0.3243021070957184,3.081268122242598e-05
2282,0.4918646812438965,0.4580666422843933,0.33798032999038696,3.073171444193055e-05
2283,0.4445841610431671,0.4141886532306671,0.30395495891571045,3.065083486175451e-05
2284,0.4898580312728882,0.4562314450740814,0.3362659811973572,3.057004258371541e-05
2285,0.46253836154937744,0.431221067905426,0.3131728172302246,3.0489337709520917e-05
2286,0.4378843307495117,0.4083590805530548,0.29525262117385864,3.0408720340768572e-05
2287,0.4468238651752472,0.41637736558914185,0.304465115070343,3.0328190578945815e-05
2288,0.4571227729320526,0.42600399255752563,0.3111879229545593,3.0247748525429787e-05
2289,0.43400144577026367,0.4040345251560211,0.2996692657470703,3.0167394281487184e-05
2290,0.481558620929718,0.44915056228637695,0.3240806758403778,3.008712794827426e-05
2291,0.4601146876811981,0.42876845598220825,0.3134623169898987,3.00069496268365e-05
2292,0.43659651279449463,0.40678834915161133,0.29808154702186584,2.9926859418108644e-05
2293,0.46721741557121277,0.43512046337127686,0.32096946239471436,2.9846857422914433e-05
2294,0.4593871533870697,0.4283760190010071,0.31011146306991577,2.97669437419667e-05
2295,0.476052850484848,0.4431658685207367,0.32886970043182373,2.9687118475866947e-05
2296,0.43943849205970764,0.40916895866394043,0.30269545316696167,2.960738172510551e-05
2297,0.469695121049881,0.43787163496017456,0.3182348906993866,2.952773359006119e-05
2298,0.4678764343261719,0.43605002760887146,0.3182639181613922,2.9448174171001254e-05
2299,0.4566481411457062,0.4261547923088074,0.3049335181713104,2.9368703568081356e-05
2300,0.4678427278995514,0.4364158809185028,0.31426841020584106,2.9289321881345254e-05
2301,0.45085829496383667,0.4203338027000427,0.3052447736263275,2.921002921072481e-05
2302,0.4575800597667694,0.4270724058151245,0.30507659912109375,2.913082565603982e-05
2303,0.46593281626701355,0.43427109718322754,0.31661710143089294,2.9051711316997864e-05
2304,0.4598537087440491,0.4287152588367462,0.3113844394683838,2.8972686293194308e-05
2305,0.4568256735801697,0.42534634470939636,0.31479328870773315,2.8893750684111975e-05
2306,0.4768083095550537,0.44459137320518494,0.32216933369636536,2.8814904589121137e-05
2307,0.45442232489585876,0.42340460419654846,0.3101770877838135,2.8736148107479478e-05
2308,0.47582414746284485,0.44321033358573914,0.32613813877105713,2.8657481338331715e-05
2309,0.48172104358673096,0.44873589277267456,0.3298513889312744,2.8578904380709793e-05
2310,0.45661622285842896,0.4254992604255676,0.3111695647239685,2.850041733353247e-05
2311,0.42228782176971436,0.3937625288963318,0.28525298833847046,2.842202029560538e-05
2312,0.44519156217575073,0.41505545377731323,0.3013611435890198,2.8343713365620772e-05
2313,0.46267783641815186,0.43110334873199463,0.31574493646621704,2.8265496642157597e-05
2314,0.47023263573646545,0.4382120668888092,0.3202057480812073,2.8187370223681132e-05
2315,0.45204296708106995,0.42140188813209534,0.30641090869903564,2.8109334208542993e-05
2316,0.4823143780231476,0.4493762254714966,0.32938140630722046,2.803138869498102e-05
2317,0.4652683436870575,0.43319255113601685,0.32075801491737366,2.7953533781119055e-05
2318,0.4710329473018646,0.43897441029548645,0.32058537006378174,2.7875769564966968e-05
2319,0.4803997278213501,0.4470798075199127,0.333199143409729,2.779809614442046e-05
2320,0.48391419649124146,0.45026639103889465,0.33647796511650085,2.7720513617260856e-05
2321,0.486697256565094,0.4532214105129242,0.33475854992866516,2.764302208115509e-05
2322,0.4566681385040283,0.4254847466945648,0.31183406710624695,2.7565621633655502e-05
2323,0.4652447998523712,0.43341487646102905,0.318299263715744,2.74883123721999e-05
2324,0.46094590425491333,0.4292287230491638,0.3171718120574951,2.741109439411117e-05
2325,0.4532303512096405,0.4219719171524048,0.3125842213630676,2.7333967796597315e-05
2326,0.4710632562637329,0.43877890706062317,0.3228433430194855,2.7256932676751323e-05
2327,0.4687305986881256,0.4368417263031006,0.318888783454895,2.7179989131550977e-05
2328,0.45596033334732056,0.42470917105674744,0.3125116229057312,2.7103137257858868e-05
2329,0.48373469710350037,0.4506184458732605,0.3311624228954315,2.7026377152422067e-05
2330,0.451588898897171,0.4208664000034332,0.30722495913505554,2.694970891187224e-05
2331,0.46937111020088196,0.43746402859687805,0.31907084584236145,2.6873132632725297e-05
2332,0.4831492304801941,0.4496767520904541,0.33472490310668945,2.6796648411381485e-05
2333,0.47951540350914,0.44660621881484985,0.3290918171405792,2.672025634412506e-05
2334,0.45443785190582275,0.4234778583049774,0.3096000850200653,2.6643956527124335e-05
2335,0.46501538157463074,0.43318086862564087,0.31834518909454346,2.6567749056431467e-05
2336,0.47828373312950134,0.4459403157234192,0.3234342634677887,2.6491634027982325e-05
2337,0.4789187014102936,0.446123868227005,0.3279482126235962,2.6415611537596496e-05
2338,0.48940274119377136,0.45589134097099304,0.3351139426231384,2.6339681680977013e-05
2339,0.4862262010574341,0.4524524211883545,0.3377377986907959,2.6263844553710236e-05
2340,0.4765429198741913,0.4440067708492279,0.32536157965660095,2.6188100251265945e-05
2341,0.47664934396743774,0.4440208673477173,0.32628464698791504,2.6112448868996897e-05
2342,0.45353615283966064,0.4225803315639496,0.3095581829547882,2.6036890502139035e-05
2343,0.4788028597831726,0.4464830756187439,0.32319775223731995,2.5961425245811055e-05
2344,0.45842644572257996,0.4267839789390564,0.31642475724220276,2.5886053195014538e-05
2345,0.46829503774642944,0.43592336773872375,0.3237168490886688,2.5810774444633644e-05
2346,0.481168270111084,0.448527455329895,0.32640817761421204,2.573558908943523e-05
2347,0.47396528720855713,0.4419930577278137,0.3197222054004669,2.5660497224068415e-05
2348,0.4804365932941437,0.44764798879623413,0.32788610458374023,2.5585498943064724e-05
2349,0.4895380437374115,0.4559479355812073,0.335901141166687,2.5510594340837824e-05
2350,0.4500523805618286,0.41970300674438477,0.3034936785697937,2.5435783511683443e-05
2351,0.4725768566131592,0.4402974247932434,0.3227942883968353,2.5361066549779356e-05
2352,0.4554016590118408,0.4243677258491516,0.3103392720222473,2.5286443549185036e-05
2353,0.4395119249820709,0.40978169441223145,0.29730236530303955,2.521191460384178e-05
2354,0.4668901562690735,0.43480968475341797,0.3208046555519104,2.5137479807572427e-05
2355,0.44831183552742004,0.41792282462120056,0.3038901388645172,2.506313925408127e-05
2356,0.46709421277046204,0.4352724254131317,0.3182179629802704,2.4988893036954053e-05
2357,0.5103481411933899,0.4757665693759918,0.3458155393600464,2.4914741249657658e-05
2358,0.43920519948005676,0.40937361121177673,0.29831594228744507,2.484068398554016e-05
2359,0.4683935046195984,0.43661564588546753,0.31777873635292053,2.47667213378306e-05
2360,0.4424205720424652,0.4123198986053467,0.3010067343711853,2.4692853399638917e-05
2361,0.46037134528160095,0.42913079261779785,0.3124055564403534,2.4619080263955875e-05
2362,0.46953073143959045,0.43680456280708313,0.3272617757320404,2.4545402023652784e-05
2363,0.47849923372268677,0.44592925906181335,0.32569971680641174,2.4471818771481648e-05
2364,0.47700244188308716,0.44455504417419434,0.324474036693573,2.4398330600074713e-05
2365,0.4405750036239624,0.4103246331214905,0.3025035560131073,2.4324937601944685e-05
2366,0.4783683121204376,0.4452928304672241,0.330754816532135,2.4251639869484375e-05
2367,0.4842303395271301,0.45084482431411743,0.3338550627231598,2.4178437494966688e-05
2368,0.4700016677379608,0.43801936507225037,0.3198229670524597,2.410533057054446e-05
2369,0.4728078246116638,0.44071483612060547,0.32092973589897156,2.4032319188250374e-05
2370,0.47975409030914307,0.4469054341316223,0.32848671078681946,2.3959403439996907e-05
2371,0.4957273006439209,0.4623758792877197,0.3335143029689789,2.388658341757607e-05
2372,0.4587234556674957,0.42732009291648865,0.3140336871147156,2.381385921265936e-05
2373,0.49249619245529175,0.4590940475463867,0.33402159810066223,2.3741230916797675e-05
2374,0.48248448967933655,0.4495711028575897,0.3291337788105011,2.3668698621421216e-05
2375,0.47927096486091614,0.44616270065307617,0.33108261227607727,2.3596262417839255e-05
2376,0.4690535366535187,0.4362708330154419,0.32782691717147827,2.352392239724016e-05
2377,0.45995771884918213,0.4287697970867157,0.31187912821769714,2.345167865069119e-05
2378,0.46954119205474854,0.4378257691860199,0.3171541690826416,2.33795312691384e-05
2379,0.4599480628967285,0.4281880557537079,0.3176000416278839,2.330748034340651e-05
2380,0.46174293756484985,0.42997244000434875,0.3177050054073334,2.323552596419889e-05
2381,0.5075381994247437,0.4727281332015991,0.3481004238128662,2.3163668222097313e-05
2382,0.4848969876766205,0.4512919783592224,0.33604997396469116,2.309190720756189e-05
2383,0.4847554862499237,0.45140543580055237,0.33350056409835815,2.3020243010930975e-05
2384,0.491314172744751,0.4572485089302063,0.34065672755241394,2.2948675722421086e-05
2385,0.49001750349998474,0.45641544461250305,0.3360206186771393,2.2877205432126657e-05
2386,0.47537317872047424,0.4428669810295105,0.32506194710731506,2.280583223002012e-05
2387,0.4812055826187134,0.4483100473880768,0.3289555013179779,2.2734556205951596e-05
2388,0.4568948447704315,0.4256608486175537,0.3123398721218109,2.266337744964888e-05
2389,0.4507785141468048,0.42003950476646423,0.30739015340805054,2.2592296050717388e-05
2390,0.49283868074417114,0.45919516682624817,0.3364350497722626,2.25213120986399e-05
2391,0.48474428057670593,0.4514976143836975,0.33246660232543945,2.2450425682776565e-05
2392,0.48138344287872314,0.44818779826164246,0.3319563567638397,2.237963689236472e-05
2393,0.48202967643737793,0.44851619005203247,0.33513492345809937,2.230894581651879e-05
2394,0.4850897192955017,0.4519142210483551,0.3317548632621765,2.2238352544230255e-05
2395,0.4927637577056885,0.45915642380714417,0.3360733687877655,2.2167857164367422e-05
2396,0.48757052421569824,0.4545021653175354,0.33068373799324036,2.2097459765675342e-05
2397,0.46258068084716797,0.4311928451061249,0.31387844681739807,2.2027160436775794e-05
2398,0.46397489309310913,0.43247443437576294,0.3150046467781067,2.195695926616702e-05
2399,0.46654239296913147,0.4344085156917572,0.3213387727737427,2.188685634222376e-05
2400,0.48288509249687195,0.44992488622665405,0.3296021819114685,2.1816851753197032e-05
2401,0.43231695890426636,0.4029296934604645,0.293872594833374,2.174694558721405e-05
2402,0.48812687397003174,0.4544092118740082,0.3371765911579132,2.1677137932278147e-05
2403,0.4991118609905243,0.46491488814353943,0.341969758272171,2.1607428876268675e-05
2404,0.47623735666275024,0.44391974806785583,0.3231761157512665,2.153781850694082e-05
2405,0.522584080696106,0.48604467511177063,0.36539390683174133,2.146830691192553e-05
2406,0.49261710047721863,0.4591206908226013,0.3349641263484955,2.1398894178729423e-05
2407,0.4864882826805115,0.4533712863922119,0.331169992685318,2.1329580394734638e-05
2408,0.4447762370109558,0.41391533613204956,0.30860915780067444,2.1260365647198798e-05
2409,0.46069416403770447,0.4295789301395416,0.31115230917930603,2.119125002325485e-05
2410,0.5035291910171509,0.46926119923591614,0.34267979860305786,2.11222336099109e-05
2411,0.46939581632614136,0.43702682852745056,0.32368993759155273,2.1053316494050202e-05
2412,0.4797508120536804,0.44726452231407166,0.32486283779144287,2.098449876243096e-05
2413,0.435173898935318,0.40525853633880615,0.299153596162796,2.0915780501686355e-05
2414,0.49742746353149414,0.46342334151268005,0.34004130959510803,2.0847161798324266e-05
2415,0.4738665819168091,0.4416567087173462,0.3220987617969513,2.0778642738727272e-05
2416,0.4741247892379761,0.4421404004096985,0.31984376907348633,2.0710223409152475e-05
2417,0.46630847454071045,0.43444210290908813,0.3186638057231903,2.064190389573153e-05
2418,0.4410514533519745,0.41082659363746643,0.3022485375404358,2.057368428447032e-05
2419,0.4717298150062561,0.4398269057273865,0.3190292418003082,2.0505564661249e-05
2420,0.49959155917167664,0.4651605188846588,0.3443104326725006,2.043754511182191e-05
2421,0.46021226048469543,0.42869263887405396,0.3151962459087372,2.036962572181731e-05
2422,0.47611114382743835,0.4436463415622711,0.3246479034423828,2.0301806576737482e-05
2423,0.4746464788913727,0.44239550828933716,0.3225097358226776,2.023408776195842e-05
2424,0.46844372153282166,0.43622905015945435,0.3221466839313507,2.016646936272987e-05
2425,0.4582603871822357,0.427086740732193,0.31173640489578247,2.009895146417512e-05
2426,0.4352980852127075,0.40553224086761475,0.2976585328578949,2.0031534151290953e-05
2427,0.42836374044418335,0.39886584877967834,0.2949789762496948,1.996421750894758e-05
2428,0.4542105793952942,0.4229746162891388,0.3123597800731659,1.9897001621888434e-05
2429,0.46112871170043945,0.42919832468032837,0.3193039000034332,1.9829886574730093e-05
2430,0.46460145711898804,0.4329724907875061,0.31628966331481934,1.9762872451962212e-05
2431,0.44493526220321655,0.4146355092525482,0.3029974699020386,1.969595933794739e-05
2432,0.4919596016407013,0.45814022421836853,0.33819380402565,1.9629147316921125e-05
2433,0.49205219745635986,0.45844000577926636,0.336122065782547,1.9562436472991552e-05
2434,0.43762609362602234,0.4077647030353546,0.29861393570899963,1.9495826890139503e-05
2435,0.46546173095703125,0.4340064823627472,0.3145526051521301,1.9429318652218276e-05
2436,0.4815817177295685,0.44889312982559204,0.3268858790397644,1.9362911842953678e-05
2437,0.48954150080680847,0.45551571249961853,0.3402579724788666,1.9296606545943774e-05
2438,0.46065905690193176,0.429284930229187,0.3137412369251251,1.9230402844658812e-05
2439,0.4693118631839752,0.43759897351264954,0.3171288073062897,1.9164300822441194e-05
2440,0.47888684272766113,0.44611918926239014,0.32767656445503235,1.9098300562505266e-05
2441,0.45378148555755615,0.42311057448387146,0.3067092299461365,1.9032402147937357e-05
2442,0.4825435280799866,0.4494473338127136,0.3309619724750519,1.896660566169548e-05
2443,0.48486268520355225,0.4518834948539734,0.3297920525074005,1.8900911186609426e-05
2444,0.48238885402679443,0.44949814677238464,0.3289070725440979,1.8835318805380507e-05
2445,0.47016799449920654,0.43792304396629333,0.322449654340744,1.8769828600581496e-05
2446,0.49734121561050415,0.46347612142562866,0.3386508524417877,1.870444065465662e-05
2447,0.47374725341796875,0.4413706660270691,0.3237658143043518,1.863915504992131e-05
2448,0.47369804978370667,0.4414389431476593,0.32259106636047363,1.8573971868562156e-05
2449,0.4787389636039734,0.4462437629699707,0.32495203614234924,1.8508891192636824e-05
2450,0.4901984930038452,0.4569202959537506,0.33278197050094604,1.8443913104073983e-05
2451,0.4611442983150482,0.42969468235969543,0.314496248960495,1.8379037684673105e-05
2452,0.47824180126190186,0.4453352987766266,0.3290649950504303,1.8314265016104417e-05
2453,0.4498370587825775,0.4187944531440735,0.3104259669780731,1.8249595179908773e-05
2454,0.4608302116394043,0.4293927550315857,0.3143746554851532,1.818502825749764e-05
2455,0.4399266242980957,0.40953731536865234,0.303893119096756,1.8120564330152923e-05
2456,0.45745694637298584,0.4261489808559418,0.31307968497276306,1.805620347902681e-05
2457,0.4841254651546478,0.45100682973861694,0.33118635416030884,1.799194578514176e-05
2458,0.4545329511165619,0.42359766364097595,0.30935290455818176,1.7927791329390375e-05
2459,0.4614803194999695,0.4296613931655884,0.3181893229484558,1.786374019253526e-05
2460,0.4952361583709717,0.46171584725379944,0.3352031111717224,1.7799792455209018e-05
2461,0.46594178676605225,0.4340796172618866,0.31862175464630127,1.773594819791403e-05
2462,0.46744978427886963,0.43546804785728455,0.3198173940181732,1.767220750102243e-05
2463,0.47341540455818176,0.4406178295612335,0.327975869178772,1.760857044477596e-05
2464,0.46770867705345154,0.43588972091674805,0.3181895613670349,1.7545037109285946e-05
2465,0.4600805938243866,0.42876818776130676,0.3131241202354431,1.7481607574533044e-05
2466,0.5052334666252136,0.47066348791122437,0.34569984674453735,1.7418281920367373e-05
2467,0.4869832992553711,0.4536282420158386,0.33355042338371277,1.735506022650817e-05
2468,0.46120405197143555,0.42979878187179565,0.3140527904033661,1.7291942572543807e-05
2469,0.47396793961524963,0.4413878321647644,0.32580098509788513,1.722892903793176e-05
2470,0.4472857713699341,0.41665542125701904,0.30630359053611755,1.716601970199836e-05
2471,0.47322508692741394,0.44100481271743774,0.3222026228904724,1.710321464393877e-05
2472,0.45013147592544556,0.41950759291648865,0.3062387704849243,1.7040513942816906e-05
2473,0.4705442488193512,0.43820229172706604,0.3234195113182068,1.697791767756527e-05
2474,0.49172496795654297,0.4579051733016968,0.3381980061531067,1.6915425926984986e-05
2475,0.45459601283073425,0.42365744709968567,0.3093855679035187,1.6853038769745467e-05
2476,0.46793171763420105,0.436057984828949,0.3187374472618103,1.6790756284384612e-05
2477,0.45412546396255493,0.4232880175113678,0.3083744943141937,1.6728578549308416e-05
2478,0.4878590703010559,0.45413273572921753,0.3372633159160614,1.666650564279105e-05
2479,0.4815123677253723,0.44890353083610535,0.3260885179042816,1.6604537642974793e-05
2480,0.4773752987384796,0.4449653923511505,0.3240991532802582,1.6542674627869747e-05
2481,0.47324174642562866,0.4413268268108368,0.3191492557525635,1.6480916675353898e-05
2482,0.4716504216194153,0.43922626972198486,0.32424136996269226,1.6419263863172997e-05
2483,0.49243056774139404,0.4588981866836548,0.33532392978668213,1.6357716268940372e-05
2484,0.47857552766799927,0.4460854232311249,0.32490113377571106,1.6296273970136977e-05
2485,0.4605029225349426,0.4292156994342804,0.3128722310066223,1.6234937044111152e-05
2486,0.4931414723396301,0.4595383107662201,0.33603158593177795,1.6173705568078578e-05
2487,0.4590861201286316,0.427768349647522,0.31317782402038574,1.611257961912227e-05
2488,0.48677730560302734,0.45387133955955505,0.3290596008300781,1.6051559274192275e-05
2489,0.45777368545532227,0.42614397406578064,0.3162969648838043,1.599064461010581e-05
2490,0.5070071816444397,0.47241976857185364,0.34587398171424866,1.5929835703546993e-05
2491,0.46054336428642273,0.4288161098957062,0.3172726035118103,1.5869132631066808e-05
2492,0.47605589032173157,0.4435318112373352,0.3252406716346741,1.5808535469082996e-05
2493,0.48414215445518494,0.45112743973731995,0.3301470875740051,1.574804429388004e-05
2494,0.4734695255756378,0.44140034914016724,0.3206917941570282,1.5687659181608916e-05
2495,0.4615199565887451,0.429531067609787,0.31988880038261414,1.5627380208287114e-05
2496,0.4410403370857239,0.4107372462749481,0.30303099751472473,1.5567207449798515e-05
2497,0.4808743894100189,0.44810807704925537,0.32766300439834595,1.5507140981893253e-05
2498,0.482210248708725,0.44942593574523926,0.3278430104255676,1.5447180880187706e-05
2499,0.4669426381587982,0.4351221024990082,0.31820541620254517,1.538732722016434e-05
2500,0.4597665071487427,0.4289150536060333,0.30851462483406067,1.5327580077171587e-05
2501,0.45913776755332947,0.42727965116500854,0.31858116388320923,1.5267939526423824e-05
2502,0.4975695312023163,0.46379023790359497,0.3377930223941803,1.520840564300119e-05
2503,0.4428466856479645,0.41240912675857544,0.3043754994869232,1.5148978501849642e-05
2504,0.4694245457649231,0.43741896748542786,0.3200558125972748,1.5089658177780653e-05
2505,0.4931291341781616,0.4594937562942505,0.3363538384437561,1.5030444745471294e-05
2506,0.4739462733268738,0.4411299526691437,0.3281632363796234,1.4971338279464009e-05
2507,0.4538407027721405,0.4226778447628021,0.31162863969802856,1.4912338854166696e-05
2508,0.4863213002681732,0.45347514748573303,0.3284614086151123,1.485344654385239e-05
2509,0.47776347398757935,0.44486039876937866,0.3290309011936188,1.4794661422659306e-05
2510,0.4900720417499542,0.4567424952983856,0.3332955539226532,1.4735983564590783e-05
2511,0.45773470401763916,0.42683833837509155,0.3089635670185089,1.4677413043515042e-05
2512,0.4744187891483307,0.4420112669467926,0.32407519221305847,1.4618949933165272e-05
2513,0.4397805631160736,0.40980029106140137,0.2998026907444,1.4560594307139364e-05
2514,0.45179009437561035,0.4215179979801178,0.3027208745479584,1.4502346238899945e-05
2515,0.4693451225757599,0.43716391921043396,0.3218119740486145,1.4444205801774202e-05
2516,0.4758741855621338,0.4426400363445282,0.33234143257141113,1.4386173068953846e-05
2517,0.4470549523830414,0.41673246026039124,0.3032248020172119,1.4328248113495047e-05
2518,0.4603816568851471,0.4288669526576996,0.31514713168144226,1.427043100831823e-05
2519,0.44934338331222534,0.41837745904922485,0.3096591830253601,1.4212721826208086e-05
2520,0.4643193185329437,0.4325559139251709,0.31763413548469543,1.415512063981339e-05
2521,0.4845024049282074,0.45219382643699646,0.3230859041213989,1.4097627521647061e-05
2522,0.45614171028137207,0.4249204397201538,0.31221285462379456,1.4040242544085913e-05
2523,0.46481651067733765,0.43283528089523315,0.319812148809433,1.3982965779370626e-05
2524,0.47183504700660706,0.439520001411438,0.3231505751609802,1.3925797299605647e-05
2525,0.45201724767684937,0.4207337498664856,0.31283512711524963,1.3868737176759094e-05
2526,0.4635324478149414,0.43164679408073425,0.3188565969467163,1.3811785482662764e-05
2527,0.4722224473953247,0.4399092495441437,0.32313209772109985,1.375494228901184e-05
2528,0.4753026068210602,0.4431065022945404,0.32196110486984253,1.3698207667364982e-05
2529,0.4696098566055298,0.4372625946998596,0.32347264885902405,1.3641581689144156e-05
2530,0.4760330319404602,0.4437619745731354,0.32271042466163635,1.3585064425634542e-05
2531,0.4590928852558136,0.42784810066223145,0.31244781613349915,1.3528655947984504e-05
2532,0.46911707520484924,0.4368756413459778,0.3224143981933594,1.3472356327205405e-05
2533,0.4509264826774597,0.4201299846172333,0.30796512961387634,1.341616563417163e-05
2534,0.4718343913555145,0.44011610746383667,0.31718286871910095,1.3360083939620394e-05
2535,0.48403993248939514,0.4506571888923645,0.3338274359703064,1.330411131415169e-05
2536,0.4947599768638611,0.4606732726097107,0.3408670425415039,1.3248247828228245e-05
2537,0.48244208097457886,0.4491262137889862,0.3331587612628937,1.3192493552175366e-05
2538,0.47955092787742615,0.44639483094215393,0.3315608501434326,1.3136848556180892e-05
2539,0.47138142585754395,0.4389583170413971,0.32423123717308044,1.308131291029504e-05
2540,0.4605247676372528,0.42838016152381897,0.3214460015296936,1.3025886684430467e-05
2541,0.4590584635734558,0.4272487461566925,0.31809720396995544,1.2970569948361999e-05
2542,0.49249815940856934,0.45909303426742554,0.3340514004230499,1.291536277172667e-05
2543,0.4812992811203003,0.4485115706920624,0.327877014875412,1.2860265224023549e-05
2544,0.5173161029815674,0.481528639793396,0.35787445306777954,1.2805277374613744e-05
2545,0.4681802988052368,0.43620672821998596,0.31973570585250854,1.2750399292720283e-05
2546,0.45566415786743164,0.42490941286087036,0.30754733085632324,1.2695631047427937e-05
2547,0.43722254037857056,0.40744486451148987,0.29777681827545166,1.2640972707683252e-05
2548,0.46156978607177734,0.4300711452960968,0.31498631834983826,1.2586424342294412e-05
2549,0.49609386920928955,0.4623382091522217,0.3375566005706787,1.2531986019931119e-05
2550,0.477012038230896,0.4443480372428894,0.32663989067077637,1.2477657809124631e-05
2551,0.48937374353408813,0.45556163787841797,0.33812108635902405,1.242343977826752e-05
2552,0.4663466513156891,0.43425261974334717,0.3209403157234192,1.2369331995613653e-05
2553,0.43314310908317566,0.40335091948509216,0.2979220151901245,1.2315334529278132e-05
2554,0.497954785823822,0.46402788162231445,0.33926913142204285,1.2261447447237195e-05
2555,0.47639578580856323,0.44414499402046204,0.3225077986717224,1.2207670817328066e-05
2556,0.4670908749103546,0.4353032410144806,0.3178762197494507,1.2154004707249011e-05
2557,0.5007403492927551,0.4663678705692291,0.3437249958515167,1.2100449184559093e-05
2558,0.46629220247268677,0.4341543912887573,0.32137826085090637,1.2047004316678156e-05
2559,0.4575657844543457,0.426807165145874,0.3075862228870392,1.1993670170886806e-05
2560,0.45522886514663696,0.4237949550151825,0.31433895230293274,1.19404468143262e-05
2561,0.47697508335113525,0.44414886832237244,0.328262060880661,1.1887334313998066e-05
2562,0.5001426339149475,0.46571436524391174,0.34428268671035767,1.1834332736764554e-05
2563,0.4821234345436096,0.4483882486820221,0.3373520076274872,1.1781442149348155e-05
2564,0.4580129086971283,0.4268772304058075,0.3113568425178528,1.1728662618331698e-05
2565,0.46358436346054077,0.4319886863231659,0.3159567713737488,1.1675994210158181e-05
2566,0.49450212717056274,0.46083712577819824,0.33665016293525696,1.1623436991130654e-05
2567,0.45438528060913086,0.42314043641090393,0.3124485909938812,1.1570991027412304e-05
2568,0.4770086705684662,0.4440780282020569,0.3293064832687378,1.151865638502615e-05
2569,0.44843006134033203,0.41761451959609985,0.30815544724464417,1.1466433129855158e-05
2570,0.46335986256599426,0.43157750368118286,0.31782352924346924,1.141432132764202e-05
2571,0.46904563903808594,0.4366898536682129,0.32355788350105286,1.1362321043989132e-05
2572,0.4815863370895386,0.4483054280281067,0.3328092396259308,1.1310432344358502e-05
2573,0.45667144656181335,0.42567092180252075,0.310005247592926,1.1258655294071685e-05
2574,0.48253604769706726,0.449842244386673,0.3269379436969757,1.1206989958309656e-05
2575,0.4420095682144165,0.411731481552124,0.30278095602989197,1.1155436402112785e-05
2576,0.44014090299606323,0.40999656915664673,0.30144327878952026,1.1103994690380681e-05
2577,0.4887430965900421,0.45534780621528625,0.33395299315452576,1.105266488787221e-05
2578,0.4680475890636444,0.4361548125743866,0.3189277946949005,1.1001447059205305e-05
2579,0.47214144468307495,0.43987447023391724,0.32266971468925476,1.0950341268857e-05
2580,0.4484044015407562,0.41733211278915405,0.3107229471206665,1.0899347581163221e-05
2581,0.48215174674987793,0.4490520656108856,0.33099672198295593,1.0848466060318807e-05
2582,0.4677577614784241,0.4356316924095154,0.3212606906890869,1.0797696770377352e-05
2583,0.48536416888237,0.4522010087966919,0.3316315710544586,1.0747039775251266e-05
2584,0.44912752509117126,0.4188890755176544,0.30238452553749084,1.069649513871147e-05
2585,0.4857901632785797,0.4528209865093231,0.3296917974948883,1.0646062924387512e-05
2586,0.4808332026004791,0.44841665029525757,0.3241655230522156,1.0595743195767393e-05
2587,0.4579930603504181,0.4267197549343109,0.3127329349517822,1.0545536016197499e-05
2588,0.4937749207019806,0.4598713517189026,0.33903560042381287,1.0495441448882571e-05
2589,0.47581323981285095,0.44311419129371643,0.32699036598205566,1.0445459556885517e-05
2590,0.45724719762802124,0.42628568410873413,0.30961522459983826,1.0395590403127486e-05
2591,0.4870655834674835,0.4534149169921875,0.33650654554367065,1.0345834050387627e-05
2592,0.4848577678203583,0.4520179331302643,0.32839828729629517,1.0296190561303132e-05
2593,0.4667738080024719,0.4348231256008148,0.319506973028183,1.024665999836909e-05
2594,0.47103968262672424,0.438504159450531,0.32535532116889954,1.0197242423938446e-05
2595,0.4733611047267914,0.44131898880004883,0.3204212784767151,1.0147937900221883e-05
2596,0.4450085163116455,0.41502445936203003,0.2998405396938324,1.0098746489287758e-05
2597,0.45594561100006104,0.4248017966747284,0.31143805384635925,1.0049668253062105e-05
2598,0.47362181544303894,0.4415723383426666,0.32049474120140076,1.0000703253328414e-05
2599,0.46202272176742554,0.4308215081691742,0.3120121359825134,9.95185155172762e-06
2600,0.4943397641181946,0.4609960615634918,0.3334369659423828,9.903113209758096e-06
2601,0.49907898902893066,0.4646092355251312,0.344697505235672,9.854488288775422e-06
2602,0.445144385099411,0.4147655665874481,0.30378812551498413,9.805976849992494e-06
2603,0.4959869682788849,0.4618168771266937,0.3417009711265564,9.757578954479262e-06
2604,0.4604395925998688,0.42945027351379395,0.30989325046539307,9.709294663162771e-06
2605,0.4803745448589325,0.4473832845687866,0.32991260290145874,9.661124036827063e-06
2606,0.4536481201648712,0.42284172773361206,0.3080640435218811,9.61306713611304e-06
2607,0.46297746896743774,0.4308071732521057,0.3217029571533203,9.565124021518545e-06
2608,0.46822839975357056,0.43573880195617676,0.32489606738090515,9.517294753398064e-06
2609,0.4850240647792816,0.45155763626098633,0.3346642553806305,9.469579391962813e-06
2610,0.4842528998851776,0.4516875147819519,0.32565388083457947,9.421977997280596e-06
2611,0.4904461205005646,0.4566468596458435,0.33799269795417786,9.3744906292758e-06
2612,0.45471426844596863,0.4237135052680969,0.31000766158103943,9.327117347729197e-06
2613,0.4472275972366333,0.4162237346172333,0.31003865599632263,9.27985821227798e-06
2614,0.4453940689563751,0.41522786021232605,0.30166199803352356,9.23271328241564e-06
2615,0.46246272325515747,0.4309752285480499,0.31487491726875305,9.185682617491863e-06
2616,0.45836928486824036,0.42688095569610596,0.31488320231437683,9.138766276712552e-06
2617,0.49782514572143555,0.46381619572639465,0.3400895893573761,9.091964319139645e-06
2618,0.4564862549304962,0.4250677525997162,0.31418514251708984,9.045276803691094e-06
2619,0.48669928312301636,0.45319870114326477,0.3350057601928711,8.998703789140772e-06
2620,0.48755770921707153,0.45429232716560364,0.3326539695262909,8.952245334118414e-06
2621,0.47984981536865234,0.44661715626716614,0.33232659101486206,8.905901497109581e-06
2622,0.49786877632141113,0.46356841921806335,0.3430037200450897,8.85967233645547e-06
2623,0.46931952238082886,0.4369989037513733,0.3232063055038452,8.813557910352999e-06
2624,0.47548210620880127,0.442738801240921,0.3274329900741577,8.76755827685456e-06
2625,0.4454430341720581,0.4155888259410858,0.29854193329811096,8.72167349386811e-06
2626,0.47629427909851074,0.443734735250473,0.32559528946876526,8.675903619156977e-06
2627,0.4620090425014496,0.4297339916229248,0.3227505683898926,8.63024871033985e-06
2628,0.5002110600471497,0.4658668637275696,0.3434421718120575,8.584708824890697e-06
2629,0.46560755372047424,0.43408486247062683,0.3152269423007965,8.539284020138638e-06
2630,0.46805375814437866,0.4359048306941986,0.32148924469947815,8.493974353268019e-06
2631,0.4537677764892578,0.4227743148803711,0.3099346160888672,8.448779881318148e-06
2632,0.46993890404701233,0.43738070130348206,0.32558202743530273,8.403700661183355e-06
2633,0.4449669420719147,0.4148637652397156,0.3010317385196686,8.358736749612873e-06
2634,0.4195488691329956,0.39118799567222595,0.28360873460769653,8.313888203210774e-06
2635,0.448821485042572,0.417885422706604,0.30936047434806824,8.269155078435931e-06
2636,0.4716198742389679,0.4393475353717804,0.32272350788116455,8.224537431601886e-06
2637,0.45752716064453125,0.4266235828399658,0.30903586745262146,8.1800353188768e-06
2638,0.46124425530433655,0.43015792965888977,0.3108632564544678,8.135648796283402e-06
2639,0.4744178354740143,0.442203551530838,0.3221428096294403,8.091377919698895e-06
2640,0.46039533615112305,0.42890021204948425,0.3149513006210327,8.047222744854943e-06
2641,0.47256967425346375,0.4406245946884155,0.3194507956504822,8.003183327337504e-06
2642,0.4498104155063629,0.4189530313014984,0.30857396125793457,7.95925972258683e-06
2643,0.4368254542350769,0.40714871883392334,0.2967672049999237,7.915451985897382e-06
2644,0.4418160319328308,0.4115700125694275,0.3024602234363556,7.871760172417763e-06
2645,0.4665294587612152,0.4349440634250641,0.3158540427684784,7.828184337150613e-06
2646,0.450980007648468,0.4197761118412018,0.3120390772819519,7.784724534952625e-06
2647,0.47508639097213745,0.4426516890525818,0.3243471384048462,7.74138082053436e-06
2648,0.4608578383922577,0.4296181797981262,0.3123965561389923,7.698153248460271e-06
2649,0.4771425724029541,0.4443589746952057,0.3278360962867737,7.655041873148605e-06
2650,0.46287858486175537,0.43144097924232483,0.31437596678733826,7.612046748871327e-06
2651,0.4890177845954895,0.4557481110095978,0.332696795463562,7.56916792975404e-06
2652,0.4579421281814575,0.426561564207077,0.31380558013916016,7.526405469775955e-06
2653,0.4754273593425751,0.44267401099205017,0.3275335133075714,7.483759422769765e-06
2654,0.45123881101608276,0.42021748423576355,0.31021320819854736,7.441229842421671e-06
2655,0.4800925850868225,0.4467993974685669,0.3329317569732666,7.398816782271223e-06
2656,0.4704539179801941,0.4385073781013489,0.31946542859077454,7.3565202957112555e-06
2657,0.4639965295791626,0.43240848183631897,0.31588035821914673,7.314340435987921e-06
2658,0.45089924335479736,0.42011746764183044,0.30781760811805725,7.272277256200499e-06
2659,0.4527047276496887,0.42184802889823914,0.3085671067237854,7.230330809301411e-06
2660,0.46555277705192566,0.4338566064834595,0.3169616460800171,7.1885011480961164e-06
2661,0.4929645359516144,0.45951512455940247,0.33449405431747437,7.1467883252430364e-06
2662,0.47573646903038025,0.44309499859809875,0.3264147639274597,7.105192393253524e-06
2663,0.47413694858551025,0.44170039892196655,0.32436561584472656,7.063713404491812e-06
2664,0.44954729080200195,0.41901645064353943,0.30530843138694763,7.022351411174866e-06
2665,0.47434309124946594,0.4422359764575958,0.32107117772102356,6.981106465372389e-06
2666,0.4559958577156067,0.42505958676338196,0.3093625605106354,6.939978619006737e-06
2667,0.4550800025463104,0.42383962869644165,0.31240373849868774,6.8989679238528395e-06
2668,0.46085646748542786,0.429888516664505,0.3096795082092285,6.858074431538164e-06
2669,0.49526989459991455,0.46158862113952637,0.33681267499923706,6.817298193542643e-06
2670,0.5077762007713318,0.4733043611049652,0.3447186052799225,6.776639261198581e-06
2671,0.46347689628601074,0.43209612369537354,0.31380772590637207,6.736097685690601e-06
2672,0.4723105728626251,0.4398968815803528,0.32413703203201294,6.695673518055579e-06
2673,0.4663330912590027,0.4346168637275696,0.3171622157096863,6.655366809182662e-06
2674,0.4530363976955414,0.4221647381782532,0.30871668457984924,6.615177609813039e-06
2675,0.4505191445350647,0.41955727338790894,0.30961859226226807,6.5751059705400295e-06
2676,0.4662577211856842,0.43411922454833984,0.32138484716415405,6.5351519418089145e-06
2677,0.45425519347190857,0.4232743978500366,0.30980798602104187,6.4953155739169495e-06
2678,0.4662630259990692,0.43414491415023804,0.32118114829063416,6.455596917013273e-06
2679,0.4705319404602051,0.43878108263015747,0.317508727312088,6.415996021098813e-06
2680,0.5082045793533325,0.47379249334335327,0.3441210091114044,6.37651293602628e-06
2681,0.45965954661369324,0.4286290109157562,0.31030547618865967,6.3371477115000466e-06
2682,0.45871877670288086,0.42727145552635193,0.3144732415676117,6.29790039707614e-06
2683,0.456981897354126,0.4259464144706726,0.3103548586368561,6.258771042162137e-06
2684,0.4616853594779968,0.42980340123176575,0.31881949305534363,6.219759696017113e-06
2685,0.4561450779438019,0.42510244250297546,0.31042641401290894,6.180866407751595e-06
2686,0.4741274118423462,0.4420691430568695,0.32058268785476685,6.142091226327484e-06
2687,0.4505845010280609,0.420146644115448,0.3043786287307739,6.103434200558011e-06
2688,0.47092315554618835,0.4389986991882324,0.3192444443702698,6.06489537910766e-06
2689,0.46871674060821533,0.4359828233718872,0.32733917236328125,6.0264748104920776e-06
2690,0.42978161573410034,0.40021249651908875,0.2956910729408264,5.988172543078097e-06
2691,0.45284342765808105,0.4215787351131439,0.3126468062400818,5.9499886250835805e-06
2692,0.50193190574646,0.4678790867328644,0.3405283987522125,5.911923104577455e-06
2693,0.4503519535064697,0.4193572700023651,0.3099469840526581,5.8739760294795335e-06
2694,0.4595336318016052,0.4284614622592926,0.31072181463241577,5.8361474475605695e-06
2695,0.4875856637954712,0.45453041791915894,0.3305525481700897,5.7984374064421035e-06
2696,0.4908653497695923,0.45756691694259644,0.3329842984676361,5.760845953596527e-06
2697,0.4524846076965332,0.4214134216308594,0.31071189045906067,5.723373136346854e-06
2698,0.4715139865875244,0.4391336739063263,0.3238031566143036,5.6860190018667934e-06
2699,0.49401938915252686,0.4602724611759186,0.3374691605567932,5.6487835971806515e-06
2700,0.47947967052459717,0.4462704658508301,0.33209195733070374,5.611666969163243e-06
2701,0.4603120982646942,0.42847296595573425,0.3183914124965668,5.574669164539903e-06
2702,0.4671018719673157,0.43534955382347107,0.3175232708454132,5.537790229886319e-06
2703,0.46272212266921997,0.4312792122364044,0.31442925333976746,5.501030211628599e-06
2704,0.4441009759902954,0.41424092650413513,0.2986004054546356,5.464389156043115e-06
2705,0.46868541836738586,0.43677613139152527,0.3190929889678955,5.427867109256457e-06
2706,0.47080281376838684,0.4386104345321655,0.32192373275756836,5.39146411724547e-06
2707,0.4375893473625183,0.407968133687973,0.29621222615242004,5.355180225837053e-06
2708,0.4855710566043854,0.45202863216400146,0.33542415499687195,5.3190154807082005e-06
2709,0.424397736787796,0.395311176776886,0.29086562991142273,5.282969927385906e-06
2710,0.45118415355682373,0.42064765095710754,0.3053651750087738,5.247043611247127e-06
2711,0.46756434440612793,0.4354405701160431,0.3212378919124603,5.211236577518719e-06
2712,0.4681841731071472,0.4365628659725189,0.31621304154396057,5.175548871277358e-06
2713,0.46407678723335266,0.4320087730884552,0.3206802308559418,5.13998053744954e-06
2714,0.4736759662628174,0.44136500358581543,0.3231096565723419,5.104531620811414e-06
2715,0.46738865971565247,0.43578389286994934,0.316047728061676,5.0692021659888735e-06
2716,0.4795508086681366,0.44700419902801514,0.3254661560058594,5.033992217457395e-06
2717,0.46059420704841614,0.4291097819805145,0.3148442506790161,4.998901819541979e-06
2718,0.48712658882141113,0.45402079820632935,0.33105799555778503,4.963931016417167e-06
2719,0.46701541543006897,0.4354800879955292,0.31535324454307556,4.929079852106933e-06
2720,0.47882309556007385,0.4460189938545227,0.328041136264801,4.8943483704846475e-06
2721,0.466096431016922,0.4342178404331207,0.3187858760356903,4.859736615273003e-06
2722,0.47803404927253723,0.44544535875320435,0.32588693499565125,4.825244630043979e-06
2723,0.45917409658432007,0.4279162585735321,0.3125782608985901,4.790872458218754e-06
2724,0.4747083783149719,0.44226929545402527,0.3243909478187561,4.756620143067725e-06
2725,0.4395017921924591,0.40993568301200867,0.2956611216068268,4.722487727710368e-06
2726,0.4640991687774658,0.4322720170021057,0.31827136874198914,4.688475255115244e-06
2727,0.4757344126701355,0.4435472786426544,0.32187122106552124,4.65458276809988e-06
2728,0.4602927565574646,0.4285312592983246,0.3176148235797882,4.620810309330803e-06
2729,0.4473403990268707,0.41695332527160645,0.3038707673549652,4.587157921323393e-06
2730,0.48272374272346497,0.449324369430542,0.3339938521385193,4.553625646441928e-06
2731,0.4811062514781952,0.4477989077568054,0.33307352662086487,4.520213526899431e-06
2732,0.47140708565711975,0.43929776549339294,0.3210931718349457,4.486921604757699e-06
2733,0.4598408341407776,0.42869216203689575,0.3114866018295288,4.453749921927175e-06
2734,0.4776698350906372,0.44555678963661194,0.32113051414489746,4.420698520166988e-06
2735,0.4776793420314789,0.44427305459976196,0.3340628147125244,4.3877674410848e-06
2736,0.44679826498031616,0.4161917269229889,0.30606526136398315,4.35495672613685e-06
2737,0.5018497705459595,0.4678293764591217,0.3402039706707001,4.322266416627785e-06
2738,0.4710969924926758,0.4395105540752411,0.315864235162735,4.289696553710731e-06
2739,0.46108874678611755,0.4298728406429291,0.31215900182724,4.257247178387192e-06
2740,0.48092588782310486,0.4480034112930298,0.32922467589378357,4.224918331506955e-06
2741,0.42402201890945435,0.39498084783554077,0.2904115915298462,4.19271005376809e-06
2742,0.4734877943992615,0.44098392128944397,0.32503870129585266,4.160622385716895e-06
2743,0.4643249213695526,0.4330846965312958,0.3124021589756012,4.1286553677478136e-06
2744,0.4644778072834015,0.4330272078514099,0.3145059049129486,4.096809040103444e-06
2745,0.47600409388542175,0.4431987404823303,0.32805347442626953,4.065083442874418e-06
2746,0.4265606701374054,0.39774250984191895,0.28818148374557495,4.033478615999376e-06
2747,0.46142205595970154,0.42977213859558105,0.31649911403656006,4.001994599264957e-06
2748,0.4737856388092041,0.4411718547344208,0.3261379897594452,3.970631432305694e-06
2749,0.4736101031303406,0.4413732588291168,0.3223685920238495,3.93938915460399e-06
2750,0.46463561058044434,0.43295684456825256,0.31678757071495056,3.908267805490051e-06
2751,0.45000380277633667,0.418735533952713,0.31268253922462463,3.877267424141862e-06
2752,0.4395465850830078,0.40961721539497375,0.29929378628730774,3.8463880495851146e-06
2753,0.476816326379776,0.44398126006126404,0.3283505439758301,3.815629720693192e-06
2754,0.4608205258846283,0.42914384603500366,0.31676673889160156,3.784992476187066e-06
2755,0.4866083860397339,0.45307600498199463,0.33532392978668213,3.7544763546352834e-06
2756,0.48646920919418335,0.4533638656139374,0.3310534656047821,3.7240813944539153e-06
2757,0.48644325137138367,0.4531485438346863,0.3329469859600067,3.6938076339065207e-06
2758,0.4992266893386841,0.4649359881877899,0.3429068624973297,3.6636551111040475e-06
2759,0.4918675720691681,0.4581564962863922,0.33711084723472595,3.633623864004887e-06
2760,0.4526674747467041,0.4217413365840912,0.3092612624168396,3.6037139304146762e-06
2761,0.46431440114974976,0.4324958026409149,0.31818610429763794,3.573925347986384e-06
2762,0.48265811800956726,0.4497060179710388,0.3295210897922516,3.5442581542201923e-06
2763,0.461932510137558,0.4299013316631317,0.32031190395355225,3.5147123864634924e-06
2764,0.4911951720714569,0.4579700231552124,0.33225151896476746,3.485288081910798e-06
2765,0.49998486042022705,0.4658907949924469,0.3409405052661896,3.455985277603713e-06
2766,0.4547620713710785,0.42375311255455017,0.3100896179676056,3.426804010430884e-06
2767,0.47280994057655334,0.440579891204834,0.32230043411254883,3.3977443171279823e-06
2768,0.4488975703716278,0.41834861040115356,0.30548954010009766,3.3688062342776106e-06
2769,0.4473719000816345,0.4169762432575226,0.30395641922950745,3.339989798309273e-06
2770,0.4618206024169922,0.42999687790870667,0.3182373344898224,3.311295045499363e-06
2771,0.4326981008052826,0.40310966968536377,0.2958844304084778,3.282722011971051e-06
2772,0.4483245611190796,0.4172339141368866,0.3109064996242523,3.254270733694331e-06
2773,0.47355887293815613,0.4408971071243286,0.3266177475452423,3.2259412464858753e-06
2774,0.4659750461578369,0.43389585614204407,0.32079192996025085,3.197733586009055e-06
2775,0.48520898818969727,0.45190051198005676,0.33308470249176025,3.169647787773866e-06
2776,0.4446917176246643,0.4144769608974457,0.3021475374698639,3.1416838871368924e-06
2777,0.4713430404663086,0.43930166959762573,0.32041385769844055,3.1138419193012857e-06
2778,0.46147701144218445,0.4299277663230896,0.31549257040023804,3.086121919316698e-06
2779,0.4813484847545624,0.44864702224731445,0.3270145356655121,3.0585239220792037e-06
2780,0.45898497104644775,0.42787325382232666,0.3111172318458557,3.0310479623313127e-06
2781,0.45956486463546753,0.42821356654167175,0.3135128617286682,3.0036940746619224e-06
2782,0.48550286889076233,0.45201000571250916,0.3349287509918213,2.9764622935062438e-06
2783,0.4885791540145874,0.4547484815120697,0.33830684423446655,2.949352653145754e-06
2784,0.4730775058269501,0.44107529520988464,0.3200221359729767,2.922365187708187e-06
2785,0.4710145592689514,0.4385717809200287,0.3244278132915497,2.8954999311674558e-06
2786,0.4507281184196472,0.4202195107936859,0.3050861954689026,2.8687569173436623e-06
2787,0.47635141015052795,0.44378232955932617,0.32569077610969543,2.842136179902988e-06
2788,0.4777105450630188,0.44510647654533386,0.3260406255722046,2.8156377523576803e-06
2789,0.44805842638015747,0.4174332916736603,0.3062514662742615,2.7892616680660457e-06
2790,0.45682209730148315,0.4255814850330353,0.3124062418937683,2.7630079602323442e-06
2791,0.4399690628051758,0.409807950258255,0.301611065864563,2.7368766619067953e-06
2792,0.47232571244239807,0.4400670826435089,0.322586327791214,2.7108678059855065e-06
2793,0.4607958197593689,0.42914703488349915,0.31648778915405273,2.6849814252104754e-06
2794,0.45265501737594604,0.42167580127716064,0.30979210138320923,2.6592175521694795e-06
2795,0.44585856795310974,0.41535064578056335,0.30507931113243103,2.6335762192960743e-06
2796,0.4803970456123352,0.44727617502212524,0.33120855689048767,2.608057458869606e-06
2797,0.4838714897632599,0.45087572932243347,0.3299577236175537,2.582661303015066e-06
2798,0.4770480990409851,0.44400930404663086,0.3303879201412201,2.5573877837031137e-06
2799,0.502418041229248,0.4680650234222412,0.3435300886631012,2.532236932750021e-06
2800,0.4693029522895813,0.4371432065963745,0.32159745693206787,2.5072087818176382e-06
2801,0.45739540457725525,0.42599809169769287,0.3139731287956238,2.482303362413374e-06
2802,0.4627285897731781,0.4307440221309662,0.3198457956314087,2.457520705890093e-06
2803,0.4501734972000122,0.41961541771888733,0.3055809438228607,2.4328608434461276e-06
2804,0.47417691349983215,0.4417506158351898,0.3242630064487457,2.4083238061252567e-06
2805,0.46100470423698425,0.4297458231449127,0.31258878111839294,2.383909624816616e-06
2806,0.4889988601207733,0.455374151468277,0.3362470269203186,2.3596183302546647e-06
2807,0.4733380675315857,0.4410725235939026,0.322655588388443,2.3354499530191975e-06
2808,0.4600546658039093,0.428582102060318,0.31472572684288025,2.311404523535243e-06
2809,0.48311328887939453,0.45013514161109924,0.32978150248527527,2.2874820720730438e-06
2810,0.4631648659706116,0.43133312463760376,0.3183174729347229,2.2636826287480873e-06
2811,0.4443497657775879,0.41398951411247253,0.3036024272441864,2.240006223520941e-06
2812,0.44959932565689087,0.4188888370990753,0.30710482597351074,2.2164528861973064e-06
2813,0.5037438273429871,0.46912872791290283,0.34615087509155273,2.193022646427978e-06
2814,0.45636627078056335,0.4255068898200989,0.3085937201976776,2.1697155337087604e-06
2815,0.47065281867980957,0.4386095106601715,0.3204331398010254,2.1465315773804616e-06
2816,0.5095539093017578,0.4748183786869049,0.3473551869392395,2.123470806628858e-06
2817,0.46075886487960815,0.4296351671218872,0.31123706698417664,2.1005332504846597e-06
2818,0.4790427088737488,0.4459623396396637,0.33080384135246277,2.0777189378234143e-06
2819,0.46775737404823303,0.4358522891998291,0.31905072927474976,2.0550278973656024e-06
2820,0.4787450432777405,0.44595417380332947,0.3279087543487549,2.032460157676452e-06
2821,0.4536620080471039,0.42302754521369934,0.3063447177410126,2.010015747165983e-06
2822,0.48921942710876465,0.45573660731315613,0.33482825756073,1.9876946940889927e-06
2823,0.46701452136039734,0.4344113767147064,0.32603132724761963,1.965497026544938e-06
2824,0.48074668645858765,0.4478568732738495,0.32889828085899353,1.9434227724779984e-06
2825,0.46750593185424805,0.43532875180244446,0.32177186012268066,1.921471959676957e-06
2826,0.46132898330688477,0.42976176738739014,0.3156720995903015,1.899644615775209e-06
2827,0.4845242500305176,0.4517388939857483,0.3278534710407257,1.8779407682507077e-06
2828,0.457622766494751,0.42590925097465515,0.3171353042125702,1.856360444425953e-06
2829,0.46389394998550415,0.4325736165046692,0.3132034242153168,1.834903671467958e-06
2830,0.47269535064697266,0.44016870856285095,0.325266569852829,1.81357047638816e-06
2831,0.44954222440719604,0.4189528524875641,0.3058938682079315,1.7923608860424658e-06
2832,0.45189547538757324,0.4209216833114624,0.30973777174949646,1.771274927131139e-06
2833,0.47133713960647583,0.43950605392456055,0.31831094622612,1.7503126261988355e-06
2834,0.4571090340614319,0.42575401067733765,0.31355008482933044,1.7294740096345575e-06
2835,0.46949267387390137,0.43706390261650085,0.3242875933647156,1.7087591036715534e-06
2836,0.4515792727470398,0.42119935154914856,0.3037990629673004,1.6881679343873636e-06
2837,0.47023528814315796,0.43752485513687134,0.32710444927215576,1.667700527703775e-06
2838,0.4826054275035858,0.44939520955085754,0.33210206031799316,1.6473569093867436e-06
2839,0.464755654335022,0.43215909600257874,0.32596543431282043,1.6271371050464056e-06
2840,0.468727171421051,0.437021940946579,0.31705227494239807,1.6070411401370334e-06
2841,0.48692870140075684,0.4539286494255066,0.33000051975250244,1.58706903995699e-06
2842,0.4778463840484619,0.44520705938339233,0.326393187046051,1.5672208296486969e-06
2843,0.44744428992271423,0.4165189564228058,0.3092532753944397,1.5474965341986558e-06
2844,0.4415782690048218,0.41162389516830444,0.29954367876052856,1.5278961784373268e-06
2845,0.4718625545501709,0.43935635685920715,0.3250619173049927,1.5084197870391837e-06
2846,0.4884558320045471,0.4553059935569763,0.33149829506874084,1.4890673845226133e-06
2847,0.507707417011261,0.4724156856536865,0.3529171347618103,1.469838995249928e-06
2848,0.446561336517334,0.41619837284088135,0.30362972617149353,1.4507346434273316e-06
2849,0.4487282633781433,0.41835150122642517,0.30376777052879333,1.4317543531048749e-06
2850,0.45649269223213196,0.42522814869880676,0.31264549493789673,1.4128981481764115e-06
2851,0.4435730576515198,0.4128194749355316,0.3075358271598816,1.3941660523796196e-06
2852,0.44898682832717896,0.41806530952453613,0.3092150390148163,1.375558089295914e-06
2853,0.46830958127975464,0.43667152523994446,0.31638041138648987,1.3570742823504567e-06
2854,0.44376370310783386,0.41322842240333557,0.3053528070449829,1.3387146548120899e-06
2855,0.4949353039264679,0.46119579672813416,0.33739519119262695,1.3204792297933588e-06
2856,0.47893446683883667,0.44635075330734253,0.3258371353149414,1.3023680302504338e-06
2857,0.4651868939399719,0.43328237533569336,0.3190450370311737,1.2843810789831102e-06
2858,0.48682042956352234,0.4535183310508728,0.3330208957195282,1.2665183986347528e-06
2859,0.44721439480781555,0.4162794351577759,0.30934956669807434,1.2487800116922966e-06
2860,0.4543054699897766,0.4233326017856598,0.3097286820411682,1.231165940486234e-06
2861,0.46632280945777893,0.4342394769191742,0.32083332538604736,1.2136762071904838e-06
2862,0.46922868490219116,0.43732404708862305,0.31904637813568115,1.1963108338225337e-06
2863,0.4813346862792969,0.44838637113571167,0.32948312163352966,1.1790698422432521e-06
2864,0.46452707052230835,0.4330076277256012,0.31519433856010437,1.1619532541569333e-06
2865,0.5095833539962769,0.4748396873474121,0.34743648767471313,1.1449610911112741e-06
2866,0.4593965411186218,0.4281057119369507,0.3129083812236786,1.128093374497352e-06
2867,0.4823499023914337,0.449458509683609,0.3289138972759247,1.1113501255495485e-06
2868,0.45474839210510254,0.4237397313117981,0.31008657813072205,1.0947313653455694e-06
2869,0.48311856389045715,0.4503783881664276,0.327401727437973,1.0782371148064241e-06
2870,0.4886454939842224,0.45502370595932007,0.33621785044670105,1.0618673946963365e-06
2871,0.47014978528022766,0.4378455579280853,0.3230423927307129,1.0456222256227999e-06
2872,0.4748806655406952,0.4425963759422302,0.3228428065776825,1.0295016280365112e-06
2873,0.44234368205070496,0.41208532452583313,0.3025836944580078,1.0135056222313143e-06
2874,0.47122088074684143,0.439129501581192,0.32091379165649414,9.976342283442463e-07
2875,0.5459582209587097,0.5085787177085876,0.3737948536872864,9.818874663554357e-07
2876,0.4781650900840759,0.4455706775188446,0.3259440064430237,9.662653560881584e-07
2877,0.4572974145412445,0.4262259900569916,0.3107143044471741,9.50767917208728e-07
2878,0.4380282759666443,0.40815332531929016,0.29874950647354126,9.353951692265383e-07
2879,0.4728940427303314,0.44097110629081726,0.3192294239997864,9.20147131493998e-07
2880,0.46029311418533325,0.4292598068714142,0.31033292412757874,9.0502382320653e-07
2881,0.46818169951438904,0.43639111518859863,0.3179057240486145,8.900252634025274e-07
2882,0.45145946741104126,0.42109277844429016,0.3036669194698334,8.751514709633424e-07
2883,0.46541640162467957,0.43362516164779663,0.3179125189781189,8.604024646132857e-07
2884,0.4866958558559418,0.4532202184200287,0.3347562551498413,8.457782629195388e-07
2885,0.49853092432022095,0.46429070830345154,0.34240221977233887,8.31278884292186e-07
2886,0.44270506501197815,0.4127814471721649,0.2992361783981323,8.16904346984193e-07
2887,0.4746103584766388,0.4418383538722992,0.32771995663642883,8.026546690913406e-07
2888,0.47134411334991455,0.43879055976867676,0.32553553581237793,7.885298685522235e-07
2889,0.48259472846984863,0.4495721757411957,0.3302255868911743,7.745299631482405e-07
2890,0.44966137409210205,0.4187208414077759,0.3094051778316498,7.606549705035937e-07
2891,0.47774410247802734,0.4449925422668457,0.32751569151878357,7.469049080851775e-07
2892,0.47484689950942993,0.4425969123840332,0.3224997818470001,7.332797932026459e-07
2893,0.45636269450187683,0.42520251870155334,0.3116016387939453,7.19779643008367e-07
2894,0.4423752427101135,0.4123907685279846,0.29984474182128906,7.064044744973686e-07
2895,0.48132091760635376,0.4486715495586395,0.3264935314655304,6.931543045073708e-07
2896,0.45466819405555725,0.4239146411418915,0.30753546953201294,6.800291497187083e-07
2897,0.4893379509449005,0.4561181962490082,0.3321976661682129,6.670290266543644e-07
2898,0.45454367995262146,0.4231497049331665,0.3139397203922272,6.541539516799033e-07
2899,0.45569321513175964,0.4244016706943512,0.31291547417640686,6.414039410034489e-07
2900,0.4625423550605774,0.43097373843193054,0.3156861662864685,6.287790106757396e-07
2901,0.46816471219062805,0.4360502064228058,0.3211451470851898,6.162791765900177e-07
2902,0.44814008474349976,0.41784918308258057,0.30290910601615906,6.039044544820404e-07
2903,0.4834118187427521,0.45042163133621216,0.329901784658432,5.916548599300576e-07
2904,0.4652233421802521,0.4339452385902405,0.31278112530708313,5.795304083548559e-07
2905,0.4792915880680084,0.4463607668876648,0.3293082118034363,5.675311150195928e-07
2906,0.46476176381111145,0.4326017200946808,0.3216003477573395,5.556569950299517e-07
2907,0.46259093284606934,0.4308193027973175,0.3177163302898407,5.439080633339866e-07
2908,0.4609028100967407,0.4292854070663452,0.316174179315567,5.322843347221662e-07
2909,0.44994065165519714,0.4188498556613922,0.31090790033340454,5.207858238273522e-07
2910,0.4766666293144226,0.4435007572174072,0.33165881037712097,5.094125451247655e-07
2911,0.4288744628429413,0.39971163868904114,0.29162833094596863,4.981645129319756e-07
2912,0.4673878848552704,0.43550923466682434,0.31878662109375,4.870417414088779e-07
2913,0.4730362296104431,0.44046667218208313,0.3256955146789551,4.760442445576829e-07
2914,0.46277356147766113,0.4312274754047394,0.31546083092689514,4.6517203622291615e-07
2915,0.4770076870918274,0.4442360997200012,0.3277157247066498,4.544251300913405e-07
2916,0.47358593344688416,0.44104868173599243,0.32537245750427246,4.438035396920004e-07
2917,0.48028650879859924,0.44751688838005066,0.32769614458084106,4.333072783961889e-07
2918,0.4385306239128113,0.40865474939346313,0.29875877499580383,4.2293635941742517e-07
2919,0.4839600920677185,0.450959175825119,0.33000919222831726,4.1269079581142124e-07
2920,0.4613722264766693,0.42945703864097595,0.3191518187522888,4.025706004760932e-07
2921,0.4818836748600006,0.4483570456504822,0.33526623249053955,3.925757861515389e-07
2922,0.47146421670913696,0.4390902519226074,0.32373958826065063,3.827063654199936e-07
2923,0.5043041706085205,0.4697344899177551,0.3456968367099762,3.7296235070587435e-07
2924,0.4842982590198517,0.45115816593170166,0.3314010202884674,3.633437542756912e-07
2925,0.47235313057899475,0.44011273980140686,0.32240399718284607,3.5385058823809156e-07
2926,0.5041162967681885,0.46951279044151306,0.3460349440574646,3.444828645438047e-07
2927,0.46125638484954834,0.4299401342868805,0.3131626546382904,3.3524059498565297e-07
2928,0.47748199105262756,0.4448067843914032,0.3267519772052765,3.261237911985404e-07
2929,0.49597346782684326,0.4621734321117401,0.3380003273487091,3.171324646593865e-07
2930,0.44688886404037476,0.4158739447593689,0.31014931201934814,3.0826662668720364e-07
2931,0.4544564485549927,0.4236975908279419,0.30758848786354065,2.99526288442975e-07
2932,0.4655280113220215,0.43381696939468384,0.3171103298664093,2.9091146092973254e-07
2933,0.4636535346508026,0.43162691593170166,0.32026609778404236,2.8242215499248993e-07
2934,0.4469434916973114,0.4165443480014801,0.3039914667606354,2.740583813182429e-07
2935,0.4722995162010193,0.43971818685531616,0.3258134126663208,2.658201504359803e-07
2936,0.4666154384613037,0.4349778890609741,0.31637558341026306,2.577074727165951e-07
2937,0.4496481418609619,0.41891995072364807,0.30728185176849365,2.497203583729957e-07
2938,0.4524956941604614,0.4207940399646759,0.3170166015625,2.418588174599612e-07
2939,0.4860043525695801,0.453260600566864,0.3274373710155487,2.3412285987420847e-07
2940,0.49516159296035767,0.46169397234916687,0.33467623591423035,2.265124953543918e-07
2941,0.48107221722602844,0.44777727127075195,0.3329493999481201,2.1902773348100315e-07
2942,0.4926859438419342,0.45871207118034363,0.3397386372089386,2.1166858367646093e-07
2943,0.44798970222473145,0.4179426431655884,0.3004705309867859,2.0443505520503224e-07
2944,0.45001429319381714,0.4197307527065277,0.30283552408218384,1.973271571728441e-07
2945,0.4870639145374298,0.4542354941368103,0.3282843232154846,1.9034489852787218e-07
2946,0.44456955790519714,0.4140034317970276,0.30566126108169556,1.834882880599409e-07
2947,0.4676506519317627,0.436265766620636,0.3138488233089447,1.7675733440066789e-07
2948,0.44950392842292786,0.41861632466316223,0.30887600779533386,1.7015204602350843e-07
2949,0.4603581130504608,0.4294876754283905,0.3087042570114136,1.6367243124372212e-07
2950,0.45021504163742065,0.4195518493652344,0.30663180351257324,1.5731849821833954e-07
2951,0.47754767537117004,0.44493240118026733,0.3261528015136719,1.5109025494620677e-07
2952,0.467332661151886,0.43566611409187317,0.31666532158851624,1.449877092679075e-07
2953,0.4777451753616333,0.44497692584991455,0.32768240571022034,1.3901086886580762e-07
2954,0.4877234697341919,0.4544849395751953,0.33238518238067627,1.3315974126401066e-07
2955,0.45071640610694885,0.42022615671157837,0.30490246415138245,1.274343338283801e-07
2956,0.47764816880226135,0.4446193277835846,0.3302883207798004,1.2183465376650605e-07
2957,0.48018261790275574,0.44686368107795715,0.3331894278526306,1.1636070812770516e-07
2958,0.4664848744869232,0.43475791811943054,0.31726956367492676,1.1101250380300965e-07
2959,0.43487048149108887,0.40423524379730225,0.30635228753089905,1.0579004752513389e-07
2960,0.46031466126441956,0.4286801517009735,0.31634509563446045,1.0069334586854107e-07
2961,0.4761468768119812,0.4438853859901428,0.32261478900909424,9.572240524933218e-08
2962,0.45351096987724304,0.4227614104747772,0.30749568343162537,9.087723192533482e-08
2963,0.47830116748809814,0.4453943371772766,0.3290683925151825,8.615783199602545e-08
2964,0.4637655019760132,0.4321247637271881,0.3164072334766388,8.156421140254056e-08
2965,0.4507312774658203,0.42016732692718506,0.3056395947933197,7.709637592770991e-08
2966,0.46009424328804016,0.4280546009540558,0.3203964829444885,7.275433119596776e-08
2967,0.46697667241096497,0.4348640739917755,0.3211260735988617,6.853808267344164e-08
2968,0.4695446193218231,0.43742430210113525,0.3212031126022339,6.444763566786361e-08
2969,0.45423004031181335,0.423601895570755,0.3062814176082611,6.048299532861457e-08
2970,0.4998069405555725,0.4655620753765106,0.3424486219882965,5.6644166646668826e-08
2971,0.47914788126945496,0.4455958604812622,0.3355202376842499,5.2931154454671783e-08
2972,0.46661093831062317,0.43506696820259094,0.31543973088264465,4.934396342684e-08
2973,0.4422575831413269,0.4117918014526367,0.304657906293869,4.588259807901674e-08
2974,0.4767797589302063,0.4443272054195404,0.32452550530433655,4.254706276862752e-08
2975,0.45722994208335876,0.42645105719566345,0.3077888488769531,3.933736169471347e-08
2976,0.4831157326698303,0.44951796531677246,0.3359776437282562,3.6253498897886873e-08
2977,0.4747169017791748,0.4422129988670349,0.3250389099121094,3.3295478260364496e-08
2978,0.4903360605239868,0.4565306603908539,0.3380541205406189,3.0463303505934295e-08
2979,0.4927206039428711,0.4591639041900635,0.33556702733039856,2.7756978199944273e-08
2980,0.47405847907066345,0.4415878653526306,0.3247062563896179,2.5176505749346936e-08
2981,0.48708271980285645,0.45406100153923035,0.33021703362464905,2.2721889402621545e-08
2982,0.45124608278274536,0.42054545879364014,0.3070063591003418,2.039313224985184e-08
2983,0.504490315914154,0.46984660625457764,0.3464371860027313,1.8190237222648343e-08
2984,0.4810079336166382,0.4481677711009979,0.3284017741680145,1.6113207094181626e-08
2985,0.48655056953430176,0.45308956503868103,0.3346099853515625,1.4162044479182346e-08
2986,0.47149673104286194,0.4394422769546509,0.32054466009140015,1.2336751833941229e-08
2987,0.4640929400920868,0.43253716826438904,0.3155577480792999,1.0637331456264666e-08
2988,0.46919572353363037,0.43705376982688904,0.32141968607902527,9.063785485508014e-09
2989,0.48946401476860046,0.45592552423477173,0.3353850245475769,7.616115902586707e-09
2990,0.464614599943161,0.4325348734855652,0.3207973837852478,6.294324529942941e-09
2991,0.44614943861961365,0.41586044430732727,0.3028899133205414,5.098413031534577e-09
2992,0.4802771806716919,0.44770440459251404,0.3257277309894562,4.028382912890649e-09
2993,0.46539798378944397,0.4335240125656128,0.3187395930290222,3.0842355210336515e-09
2994,0.4702949523925781,0.43822914361953735,0.3206580579280853,2.2659720445239452e-09
2995,0.4600086808204651,0.4287230670452118,0.3128562271595001,1.5735935134708613e-09
2996,0.5053279995918274,0.47045430541038513,0.3487371802330017,1.0071007994771898e-09
2997,0.46347877383232117,0.43182870745658875,0.31650063395500183,5.664946157168949e-10
2998,0.44529324769973755,0.41453710198402405,0.30756133794784546,2.5177551682409317e-10
2999,0.45132753252983093,0.42032840847969055,0.3099912703037262,6.294389901517761e-11
