step,loss,temporal,spectral,lr
0,1.415231704711914,1.319701075553894,0.9553067684173584,1.0000000000000002e-06
1,1.3545832633972168,1.2636263370513916,0.909569263458252,2.0000000000000003e-06
2,1.4315649271011353,1.334708571434021,0.9685631394386292,3e-06
3,1.4658617973327637,1.3664742708206177,0.9938755035400391,4.000000000000001e-06
4,1.5105456113815308,1.4078401327133179,1.0270544290542603,5e-06
5,1.4087975025177002,1.3129973411560059,0.9580015540122986,6e-06
6,1.4812685251235962,1.3812031745910645,1.0006531476974487,7.000000000000001e-06
7,1.4506986141204834,1.3526027202606201,0.9809591770172119,8.000000000000001e-06
8,1.4608180522918701,1.3620154857635498,0.9880254864692688,9e-06
9,1.4634864330291748,1.3659507036209106,0.9753574132919312,1e-05
10,1.432201623916626,1.3360719680786133,0.9612962007522583,1.1000000000000001e-05
11,1.4076627492904663,1.3110493421554565,0.9661343097686768,1.2e-05
12,1.3724899291992188,1.2795078754425049,0.929820716381073,1.3000000000000001e-05
13,1.3826923370361328,1.2892346382141113,0.9345769882202148,1.4000000000000001e-05
14,1.4425214529037476,1.34530508518219,0.9721636176109314,1.5e-05
15,1.4216773509979248,1.3248250484466553,0.9685225486755371,1.6000000000000003e-05
16,1.4763972759246826,1.3759030103683472,1.0049426555633545,1.7000000000000003e-05
17,1.3425090312957764,1.2511203289031982,0.9138867855072021,1.8e-05
18,1.2921860218048096,1.2041983604431152,0.8798764944076538,1.9e-05
19,1.322445273399353,1.2334743738174438,0.8897085785865784,2e-05
20,1.3751530647277832,1.2813359498977661,0.9381714463233948,2.1e-05
21,1.365890383720398,1.2741553783416748,0.9173505902290344,2.2000000000000003e-05
22,1.4270082712173462,1.3296010494232178,0.9740718603134155,2.3000000000000003e-05
23,1.340850830078125,1.2489250898361206,0.9192574620246887,2.4e-05
24,1.2318768501281738,1.148226022720337,0.8365077972412109,2.5e-05
25,1.4321123361587524,1.3350300788879395,0.970822811126709,2.6000000000000002e-05
26,1.3446379899978638,1.252533197402954,0.9210482835769653,2.7000000000000002e-05
27,1.4276684522628784,1.3303529024124146,0.9731552004814148,2.8000000000000003e-05
28,1.2234197854995728,1.1400331258773804,0.8338667154312134,2.9e-05
29,1.3271815776824951,1.2367665767669678,0.9041496515274048,3e-05
30,1.290592074394226,1.2023084163665771,0.8828362226486206,3.1e-05
31,1.3008097410202026,1.2120356559753418,0.8877407312393188,3.2000000000000005e-05
32,1.3005634546279907,1.2110570669174194,0.8950642943382263,3.3e-05
33,1.3433494567871094,1.2497169971466064,0.9363245964050293,3.4000000000000007e-05
34,1.4370489120483398,1.337409257888794,0.9963963627815247,3.5e-05
35,1.4300644397735596,1.3314225673675537,0.9864183068275452,3.6e-05
36,1.252894401550293,1.1667824983596802,0.861119270324707,3.7e-05
37,1.3067213296890259,1.2157809734344482,0.9094039797782898,3.8e-05
38,1.317044734954834,1.2254983186721802,0.9154642224311829,3.9000000000000006e-05
39,1.456194281578064,1.3547523021697998,1.0144197940826416,4e-05
40,1.303731918334961,1.213545799255371,0.901861310005188,4.1e-05
41,1.3468824625015259,1.253503680229187,0.9337872862815857,4.2e-05
42,1.2877662181854248,1.196962833404541,0.9080344438552856,4.3e-05
43,1.2931174039840698,1.2028112411499023,0.9030619859695435,4.4000000000000006e-05
44,1.3468751907348633,1.2528468370437622,0.9402833580970764,4.5e-05
45,1.1517823934555054,1.071425437927246,0.8035693764686584,4.600000000000001e-05
46,1.2497622966766357,1.1631304025650024,0.8663185834884644,4.7e-05
47,1.269116759300232,1.1804282665252686,0.8868847489356995,4.8e-05
48,1.2674286365509033,1.1795774698257446,0.8785114884376526,4.9e-05
49,1.2271004915237427,1.139878273010254,0.872222363948822,5e-05
50,1.2224973440170288,1.13660728931427,0.8589003682136536,5.1000000000000006e-05
51,1.198421597480774,1.1133089065551758,0.8511268496513367,5.2000000000000004e-05
52,1.1623762845993042,1.0803496837615967,0.8202657103538513,5.300000000000001e-05
53,1.2269628047943115,1.1398202180862427,0.871425449848175,5.4000000000000005e-05
54,1.2237334251403809,1.1360710859298706,0.8766238689422607,5.500000000000001e-05
55,1.206777811050415,1.1219325065612793,0.8484529256820679,5.6000000000000006e-05
56,1.1432582139968872,1.0626999139785767,0.805582582950592,5.6999999999999996e-05
57,1.1866426467895508,1.1014937162399292,0.8514894843101501,5.8e-05
58,1.2291382551193237,1.140228033065796,0.8891023993492126,5.9e-05
59,1.190278172492981,1.1060463190078735,0.842318594455719,6e-05
60,1.1697652339935303,1.086103081703186,0.8366217613220215,6.1e-05
61,1.1606214046478271,1.077585220336914,0.8303619623184204,6.2e-05
62,1.145164132118225,1.0637098550796509,0.8145424127578735,6.3e-05
63,1.1413695812225342,1.058874249458313,0.8249528408050537,6.400000000000001e-05
64,1.2046303749084473,1.1181843280792236,0.8644609451293945,6.500000000000001e-05
65,1.121077537536621,1.040319561958313,0.8075792789459229,6.6e-05
66,1.1563843488693237,1.0735437870025635,0.828406035900116,6.7e-05
67,1.1454561948776245,1.0644875764846802,0.8096862435340881,6.800000000000001e-05
68,1.1391987800598145,1.0581135749816895,0.8108519911766052,6.9e-05
69,1.1241514682769775,1.0435431003570557,0.8060836791992188,7e-05
70,1.1873881816864014,1.1016594171524048,0.857287585735321,7.1e-05
71,1.1551982164382935,1.0710413455963135,0.8415685892105103,7.2e-05
72,1.0620697736740112,0.9853289723396301,0.767408549785614,7.3e-05
73,1.1637521982192993,1.0799431800842285,0.8380905389785767,7.4e-05
74,1.1366000175476074,1.0550847053527832,0.8151525259017944,7.500000000000001e-05
75,1.1962720155715942,1.1094467639923096,0.8682530522346497,7.6e-05
76,1.1728564500808716,1.088011384010315,0.8484508395195007,7.7e-05
77,1.057470679283142,0.9800211787223816,0.7744948863983154,7.800000000000001e-05
78,1.006542444229126,0.9329598546028137,0.7358264327049255,7.900000000000001e-05
79,0.9643127918243408,0.8938981890678406,0.7041459679603577,8e-05
80,1.052993655204773,0.9747305512428284,0.7826311588287354,8.1e-05
81,1.127945899963379,1.0455939769744873,0.823519766330719,8.2e-05
82,1.0517082214355469,0.9734470248222351,0.7826117277145386,8.3e-05
83,0.9900285005569458,0.9176246523857117,0.7240381836891174,8.4e-05
84,1.0413737297058105,0.9641071557998657,0.7726660370826721,8.5e-05
85,1.020461082458496,0.94441819190979,0.7604292631149292,8.6e-05
86,0.9391200542449951,0.8704095482826233,0.6871052980422974,8.7e-05
87,1.0344629287719727,0.957061767578125,0.7740121483802795,8.800000000000001e-05
88,1.0844690799713135,1.004789113998413,0.7967994213104248,8.900000000000001e-05
89,1.0049901008605957,0.9312307238578796,0.7375935912132263,9e-05
90,1.0136619806289673,0.9372692108154297,0.7639281153678894,9.1e-05
91,0.9792360663414001,0.9061936736106873,0.730424165725708,9.200000000000001e-05
92,1.0203319787979126,0.94451904296875,0.7581291198730469,9.300000000000001e-05
93,0.9544443488121033,0.8833097219467163,0.7113460898399353,9.4e-05
94,1.0035879611968994,0.9303115606307983,0.7327643036842346,9.5e-05
95,1.0176161527633667,0.9423549771308899,0.7526118159294128,9.6e-05
96,0.9672397375106812,0.8962006568908691,0.7103905081748962,9.7e-05
97,1.0189344882965088,0.9455097913742065,0.7342466115951538,9.8e-05
98,0.9865574836730957,0.9138087034225464,0.7274876236915588,9.900000000000001e-05
99,0.9584161639213562,0.8875023722648621,0.7091379165649414,0.0001
100,0.9715765714645386,0.8978487253189087,0.7372784614562988,0.000101
101,0.9814949035644531,0.9084292054176331,0.7306572198867798,0.00010200000000000001
102,0.9224212765693665,0.8547616600990295,0.6765962243080139,0.00010300000000000001
103,0.9920502305030823,0.9189702868461609,0.730799674987793,0.00010400000000000001
104,0.9577817916870117,0.887143611907959,0.7063820958137512,0.000105
105,1.0515305995941162,0.9718013405799866,0.7972931265830994,0.00010600000000000002
106,0.9345027208328247,0.8658773303031921,0.6862537860870361,0.00010700000000000001
107,0.9327573776245117,0.8631729483604431,0.695844292640686,0.00010800000000000001
108,1.0397382974624634,0.961164653301239,0.7857366800308228,0.000109
109,0.8791256546974182,0.8137905597686768,0.653350830078125,0.00011000000000000002
110,0.8941988348960876,0.8274599313735962,0.6673892736434937,0.00011100000000000001
111,0.901382565498352,0.8339647054672241,0.6741785407066345,0.00011200000000000001
112,0.909730851650238,0.8422304391860962,0.6750041246414185,0.000113
113,0.8922821283340454,0.8258818984031677,0.6640022397041321,0.00011399999999999999
114,0.8822804093360901,0.8166652917861938,0.6561513543128967,0.00011499999999999999
115,0.9113184213638306,0.843873918056488,0.6744449734687805,0.000116
116,0.9152562022209167,0.8470799922943115,0.681762158870697,0.000117
117,0.932695209980011,0.8628339171409607,0.6986127495765686,0.000118
118,0.9466726779937744,0.8761559724807739,0.7051671147346497,0.000119
119,1.004876732826233,0.9294264316558838,0.7545026540756226,0.00012
120,0.9220905900001526,0.8545693159103394,0.6752127408981323,0.000121
121,0.917649507522583,0.848865270614624,0.687842071056366,0.000122
122,0.925546407699585,0.8550334572792053,0.7051296830177307,0.000123
123,0.9782999753952026,0.9055801630020142,0.7271984219551086,0.000124
124,0.8981084227561951,0.8306560516357422,0.6745237708091736,0.000125
125,0.8610724806785583,0.7970774173736572,0.6399504542350769,0.000126
126,0.9154267311096191,0.8468055725097656,0.686211347579956,0.000127
127,0.9251641035079956,0.8558880686759949,0.6927600502967834,0.00012800000000000002
128,0.8265652656555176,0.7641435861587524,0.6242168545722961,0.00012900000000000002
129,0.9441953897476196,0.8722284436225891,0.7196692824363708,0.00013000000000000002
130,0.9117167592048645,0.8438379764556885,0.6787878274917603,0.000131
131,0.9534391164779663,0.8817921280860901,0.7164696455001831,0.000132
132,0.9260410666465759,0.8573702573776245,0.6867078542709351,0.000133
133,0.9305754899978638,0.8620765805244446,0.6849890351295471,0.000134
134,0.8437818288803101,0.780113160610199,0.6366868615150452,0.00013500000000000003
135,0.8660588264465332,0.8002261519432068,0.6583269834518433,0.00013600000000000003
136,0.8528838157653809,0.7902184128761292,0.6266538500785828,0.00013700000000000002
137,0.8997328281402588,0.83189857006073,0.6783426403999329,0.000138
138,0.8774687647819519,0.8102369904518127,0.6723179817199707,0.000139
139,0.8981125354766846,0.8297757506370544,0.6833680272102356,0.00014
140,0.9045509696006775,0.8365735411643982,0.6797742247581482,0.000141
141,0.8865495920181274,0.8194609880447388,0.6708857417106628,0.000142
142,0.9111586213111877,0.8437100052833557,0.6744859218597412,0.000143
143,0.9159895181655884,0.847865641117096,0.6812387108802795,0.000144
144,0.8963882923126221,0.8287467956542969,0.6764147877693176,0.000145
145,0.8269205093383789,0.7631427645683289,0.6377776265144348,0.000146
146,0.8794509172439575,0.8126556873321533,0.6679525375366211,0.000147
147,0.8820381760597229,0.8163254857063293,0.6571266651153564,0.000148
148,0.8759582042694092,0.8107576966285706,0.652005136013031,0.00014900000000000002
149,0.8854488730430603,0.8185588717460632,0.6689001321792603,0.00015000000000000001
150,0.9443475604057312,0.8733557462692261,0.709918200969696,0.000151
151,0.8361334800720215,0.7725521922111511,0.6358131766319275,0.000152
152,0.8992143273353577,0.8298822045326233,0.6933213472366333,0.000153
153,0.8318638801574707,0.7692772150039673,0.6258668899536133,0.000154
154,0.8360247611999512,0.7727826833724976,0.6324208974838257,0.000155
155,0.8772537708282471,0.8101523518562317,0.6710144877433777,0.00015600000000000002
156,0.8309189081192017,0.7678676247596741,0.6305125951766968,0.00015700000000000002
157,0.8335860371589661,0.770704984664917,0.6288103461265564,0.00015800000000000002
158,0.900154173374176,0.8336158394813538,0.6653832197189331,0.00015900000000000002
159,0.8315674662590027,0.7692636847496033,0.6230376362800598,0.00016
160,0.7820422649383545,0.723234236240387,0.5880805850028992,0.000161
161,0.8730310797691345,0.8076924085617065,0.6533867716789246,0.000162
162,0.8284584879875183,0.7652451395988464,0.6321337223052979,0.000163
163,0.8205599784851074,0.7584671974182129,0.620927631855011,0.000164
164,0.9080580472946167,0.8398281931877136,0.6822984218597412,0.000165
165,0.8491223454475403,0.7839422821998596,0.6518006920814514,0.000166
166,0.8435993790626526,0.7810590267181396,0.6254037618637085,0.000167
167,0.8327012062072754,0.7699365615844727,0.6276461482048035,0.000168
168,0.8223559856414795,0.7608537077903748,0.6150228381156921,0.00016900000000000002
169,0.8048351407051086,0.7450196146965027,0.5981550812721252,0.00017
170,0.8208702802658081,0.7590776681900024,0.6179260611534119,0.000171
171,0.8140119314193726,0.7526624798774719,0.6134942770004272,0.000172
172,0.8367876410484314,0.7744105458259583,0.6237708926200867,0.000173
173,0.8116707801818848,0.7505399584770203,0.6113079786300659,0.000174
174,0.822578489780426,0.7608652710914612,0.6171323657035828,0.000175
175,0.7583460211753845,0.7019691467285156,0.5637688040733337,0.00017600000000000002
176,0.8209627270698547,0.7588651776313782,0.6209753751754761,0.00017700000000000002
177,0.7756062746047974,0.7175284624099731,0.580778181552887,0.00017800000000000002
178,0.7847395539283752,0.7269179224967957,0.5782163143157959,0.00017900000000000001
179,0.8231424689292908,0.7610050439834595,0.6213744878768921,0.00018
180,0.8703843355178833,0.8061898946762085,0.6419443488121033,0.000181
181,0.8256970643997192,0.7643047571182251,0.6139232516288757,0.000182
182,0.8449305891990662,0.7821614742279053,0.6276912093162537,0.000183
183,0.8208885192871094,0.7591648101806641,0.6172373294830322,0.00018400000000000003
184,0.8392544984817505,0.7765164971351624,0.627379834651947,0.00018500000000000002
185,0.7901238799095154,0.7308487296104431,0.5927513837814331,0.00018600000000000002
186,0.7540212273597717,0.697178304195404,0.5684294700622559,0.00018700000000000002
187,0.7333000898361206,0.6775496602058411,0.5575040578842163,0.000188
188,0.8076391220092773,0.7469654679298401,0.6067366003990173,0.00018899999999999999
189,0.8095320463180542,0.74782794713974,0.6170411705970764,0.00019
190,0.7751617431640625,0.7165772318840027,0.5858451724052429,0.000191
191,0.8122510313987732,0.7514566779136658,0.607943594455719,0.000192
192,0.8665504455566406,0.8016021847724915,0.6494828462600708,0.000193
193,0.8143817186355591,0.7531412839889526,0.6124040484428406,0.000194
194,0.8034846782684326,0.7441180944442749,0.5936657190322876,0.000195
195,0.7472850680351257,0.6916203498840332,0.5566474199295044,0.000196
196,0.7964845299720764,0.7383489608764648,0.5813556909561157,0.00019700000000000002
197,0.8191738128662109,0.7588852047920227,0.6028863191604614,0.00019800000000000002
198,0.763984203338623,0.7055140733718872,0.5847012996673584,0.000199
199,0.7878289222717285,0.7292148470878601,0.5861409306526184,0.0002
200,0.7957300543785095,0.7370479702949524,0.5868207812309265,0.0002
201,0.7842242121696472,0.725349485874176,0.5887474417686462,0.00019999993705610097
202,0.7292640805244446,0.6745162606239319,0.547478437423706,0.00019999974822448318
203,0.6927474737167358,0.6421467661857605,0.5060071349143982,0.0001999994335053843
204,0.7460946440696716,0.689650297164917,0.5644432306289673,0.00019999899289920055
205,0.7655507326126099,0.7086953520774841,0.5685535669326782,0.00019999842640648654
206,0.7680390477180481,0.712244987487793,0.5579403638839722,0.00019999773402795549
207,0.7625993490219116,0.7054020762443542,0.5719726085662842,0.00019999691576447898
208,0.7941114902496338,0.7345766425132751,0.595348596572876,0.00019999597161708712
209,0.7756181955337524,0.7162249088287354,0.59393310546875,0.00019999490158696846
210,0.8327208757400513,0.7718302607536316,0.6089063882827759,0.00019999370567547008
211,0.7280389666557312,0.6743417382240295,0.5369724035263062,0.00019999238388409744
212,0.7672179937362671,0.7093095183372498,0.5790844559669495,0.0001999909362145145
213,0.7331774830818176,0.6784338355064392,0.5474364757537842,0.00019998936266854377
214,0.776103138923645,0.7187434434890747,0.5735971331596375,0.00019998766324816607
215,0.7287729978561401,0.6759356260299683,0.5283738970756531,0.00019998583795552083
216,0.6949001550674438,0.6422169804573059,0.5268315076828003,0.00019998388679290583
217,0.7181707620620728,0.6650362014770508,0.5313456654548645,0.00019998180976277735
218,0.7771726250648499,0.7198328971862793,0.5733975172042847,0.00019997960686775015
219,0.7497362494468689,0.6937292814254761,0.5600696802139282,0.00019997727811059738
220,0.7844642400741577,0.7263661026954651,0.5809816718101501,0.00019997482349425066
221,0.755752444267273,0.7003410458564758,0.554114043712616,0.00019997224302180006
222,0.7592251896858215,0.7031919956207275,0.5603318810462952,0.0001999695366964941
223,0.6937176585197449,0.6430208683013916,0.506968080997467,0.00019996670452173966
224,0.7656795382499695,0.708882212638855,0.5679733157157898,0.0001999637465011021
225,0.70375657081604,0.6522175073623657,0.5153903365135193,0.00019996066263830531
226,0.7367093563079834,0.6836801171302795,0.5302920937538147,0.00019995745293723138
227,0.7433174252510071,0.6875040531158447,0.5581339597702026,0.000199954117401921
228,0.7019515633583069,0.6500397324562073,0.5191183686256409,0.00019995065603657316
229,0.7290995121002197,0.6764903664588928,0.5260912775993347,0.00019994706884554533
230,0.7562981247901917,0.6993092894554138,0.5698885321617126,0.00019994335583335335
231,0.7471500635147095,0.6906734704971313,0.5647659301757812,0.00019993951700467139
232,0.7686039805412292,0.7123303413391113,0.5627366304397583,0.00019993555236433213
233,0.7474172115325928,0.6920950412750244,0.5532217621803284,0.00019993146191732658
234,0.7738856077194214,0.7174568176269531,0.5642880797386169,0.00019992724566880404
235,0.7762656211853027,0.7197531461715698,0.5651249885559082,0.0001999229036240723
236,0.6549021005630493,0.6070336103439331,0.4786846935749054,0.00019991843578859747
237,0.7716878652572632,0.7158405184745789,0.5584732890129089,0.00019991384216800398
238,0.780332624912262,0.7230406999588013,0.5729191899299622,0.00019990912276807466
239,0.7287219166755676,0.6756890416145325,0.5303289294242859,0.00019990427759475067
240,0.6901558041572571,0.6386889815330505,0.5146681070327759,0.00019989930665413147
241,0.7003219127655029,0.6486132144927979,0.5170869827270508,0.0001998942099524749
242,0.7583645582199097,0.7027986645698547,0.5556591153144836,0.00019988898749619702
243,0.735957145690918,0.6814401149749756,0.5451703071594238,0.0001998836392918723
244,0.7237558960914612,0.670734703540802,0.5302118062973022,0.00019987816534623352
245,0.7266978025436401,0.6739084124565125,0.5278940200805664,0.00019987256566617162
246,0.7413976192474365,0.6877252459526062,0.5367234349250793,0.00019986684025873598
247,0.6824032068252563,0.6316419243812561,0.5076126456260681,0.0001998609891311342
248,0.6984935998916626,0.6469090580940247,0.5158451199531555,0.0001998550122907321
249,0.7625132203102112,0.7066183686256409,0.558948278427124,0.00019984890974505381
250,0.7041531205177307,0.6519855260848999,0.5216759443283081,0.00019984268150178167
251,0.714539647102356,0.6612805128097534,0.5325911641120911,0.0001998363275687563
252,0.6991035342216492,0.6473540663719177,0.517494797706604,0.0001998298479539765
253,0.7176684141159058,0.6640443205833435,0.5362409353256226,0.00019982324266559935
254,0.7302769422531128,0.6769005060195923,0.533764660358429,0.00019981651171194006
255,0.746482789516449,0.6915600299835205,0.5492274165153503,0.00019980965510147213
256,0.76373291015625,0.7072075009346008,0.5652543306350708,0.00019980267284282717
257,0.6779693961143494,0.6291196942329407,0.4884970188140869,0.000199795564944795
258,0.7388567924499512,0.6853375434875488,0.5351925492286682,0.00019978833141632354
259,0.7010157704353333,0.6490154266357422,0.5200034976005554,0.00019978097226651902
260,0.7630606293678284,0.7056996822357178,0.5736092329025269,0.0001997734875046456
261,0.7119684219360352,0.660315215587616,0.5165320634841919,0.0001997658771401258
262,0.7429043054580688,0.6887296438217163,0.5417463183403015,0.00019975814118254007
263,0.7536570429801941,0.6989622116088867,0.5469484329223633,0.00019975027964162702
264,0.770754337310791,0.7145734429359436,0.5618087649345398,0.00019974229252728342
265,0.7428306937217712,0.6885575652122498,0.5427311062812805,0.00019973417984956403
266,0.7483745217323303,0.6934084892272949,0.549660325050354,0.00019972594161868178
267,0.7047187089920044,0.652433454990387,0.5228528380393982,0.00019971757784500752
268,0.7139797210693359,0.662183403968811,0.5179632306098938,0.00019970908853907026
269,0.7012085914611816,0.6498176455497742,0.5139092206954956,0.00019970047371155704
270,0.7494937181472778,0.6956400871276855,0.538536548614502,0.0001996917333733128
271,0.663344144821167,0.6149606108665466,0.48383548855781555,0.00019968286753534062
272,0.6654435992240906,0.6170172691345215,0.4842630922794342,0.00019967387620880146
273,0.710625410079956,0.6585180163383484,0.5210742354393005,0.00019966475940501435
274,0.6755900979042053,0.6259385347366333,0.49651557207107544,0.0001996555171354562
275,0.758106529712677,0.7016981244087219,0.5640838146209717,0.00019964614941176195
276,0.7449455857276917,0.6903407573699951,0.5460480451583862,0.00019963665624572432
277,0.6669042110443115,0.6180169582366943,0.48887282609939575,0.00019962703764929413
278,0.7035123705863953,0.6528564095497131,0.5065596699714661,0.00019961729363458003
279,0.7325630784034729,0.6783525943756104,0.5421047806739807,0.00019960742421384846
280,0.7288395166397095,0.6756999492645264,0.5313955545425415,0.00019959742939952392
281,0.8047070503234863,0.7475239038467407,0.5718315839767456,0.00019958730920418858
282,0.683051347732544,0.6331477761268616,0.49903571605682373,0.00019957706364058257
283,0.7010176777839661,0.6504048705101013,0.5061280131340027,0.00019956669272160383
284,0.6722493767738342,0.6241199374198914,0.48129427433013916,0.00019955619646030802
285,0.7095188498497009,0.6591320037841797,0.5038684606552124,0.00019954557486990868
286,0.7282413244247437,0.6746494174003601,0.5359193086624146,0.00019953482796377712
287,0.7250857353210449,0.6719900369644165,0.5309569835662842,0.00019952395575544233
288,0.7274730205535889,0.6746299862861633,0.528430163860321,0.00019951295825859113
289,0.6837124228477478,0.6327215433120728,0.5099087953567505,0.00019950183548706805
290,0.7726090550422668,0.7165241241455078,0.5608491897583008,0.00019949058745487522
291,0.634743332862854,0.588188111782074,0.46555233001708984,0.00019947921417617267
292,0.6749686002731323,0.6252744197845459,0.4969417154788971,0.00019946771566527785
293,0.7057664394378662,0.6535635590553284,0.5220290422439575,0.000199456091936666
294,0.7056711316108704,0.6536758542060852,0.5199529528617859,0.00019944434300497006
295,0.6613456010818481,0.6121248006820679,0.4922081530094147,0.00019943246888498041
296,0.7096776962280273,0.6579914689064026,0.5168620347976685,0.00019942046959164515
297,0.6506698131561279,0.6026018261909485,0.48068007826805115,0.00019940834514006994
298,0.6467311382293701,0.5993590950965881,0.4737205505371094,0.000199396095545518
299,0.6710560321807861,0.6226763725280762,0.48379653692245483,0.00019938372082341
300,0.6672980785369873,0.6192582845687866,0.4803982079029083,0.00019937122098932428
301,0.6378110647201538,0.5904748439788818,0.4733619689941406,0.00019935859605899655
302,0.6757745742797852,0.6254793405532837,0.5029520392417908,0.00019934584604832013
303,0.6987820267677307,0.6469143033027649,0.5186771154403687,0.00019933297097334565
304,0.6647232174873352,0.6155602931976318,0.4916294813156128,0.00019931997085028132
305,0.684536337852478,0.6344565153121948,0.5007983446121216,0.00019930684569549264
306,0.7586917281150818,0.7050414681434631,0.5365026593208313,0.00019929359552550265
307,0.698868453502655,0.6479491591453552,0.5091927647590637,0.00019928022035699166
308,0.7030808925628662,0.6517956256866455,0.5128528475761414,0.00019926672020679736
309,0.6393121480941772,0.5918377637863159,0.47474390268325806,0.00019925309509191482
310,0.7320957183837891,0.677675724029541,0.5442002415657043,0.00019923934502949644
311,0.7431197762489319,0.6888901591300964,0.5422961711883545,0.00019922547003685176
312,0.7236573100090027,0.6719586253166199,0.5169870257377625,0.0001992114701314478
313,0.7326537370681763,0.6797330975532532,0.5292065143585205,0.00019919734533090867
314,0.6908048391342163,0.6401951909065247,0.5060964822769165,0.0001991830956530158
315,0.6494773626327515,0.601923406124115,0.4755396246910095,0.00019916872111570784
316,0.6590275764465332,0.6110435724258423,0.47983992099761963,0.00019915422173708046
317,0.7352135181427002,0.6822816729545593,0.5293182730674744,0.00019913959753538674
318,0.6894447803497314,0.6396529078483582,0.4979184567928314,0.00019912484852903668
319,0.7386519908905029,0.6856142282485962,0.5303775072097778,0.0001991099747365975
320,0.639611005783081,0.5931528806686401,0.4645812511444092,0.00019909497617679348
321,0.6375837922096252,0.59174644947052,0.45837315917015076,0.000199079852868506
322,0.7219896912574768,0.6692020297050476,0.5278766751289368,0.00019906460483077348
323,0.6839464902877808,0.6341308355331421,0.4981563091278076,0.0001990492320827913
324,0.6834339499473572,0.6342182755470276,0.4921565651893616,0.00019903373464391186
325,0.6809074878692627,0.6315106153488159,0.49396902322769165,0.00019901811253364456
326,0.6641042232513428,0.6156530976295471,0.48451152443885803,0.00019900236577165576
327,0.6517534852027893,0.6041873693466187,0.4756609797477722,0.0001989864943777687
328,0.6210674047470093,0.5768184065818787,0.4424901008605957,0.0001989704983719635
329,0.6344202756881714,0.5884761810302734,0.4594411551952362,0.0001989543777743772
330,0.6567642688751221,0.6091249585151672,0.47639280557632446,0.00019893813260530368
331,0.7296006083488464,0.6767663359642029,0.5283428430557251,0.0001989217628851936
332,0.6848604083061218,0.63637775182724,0.48482653498649597,0.00019890526863465443
333,0.6551719903945923,0.6087309718132019,0.4644104838371277,0.0001988886498744505
334,0.6760592460632324,0.6268849968910217,0.49174270033836365,0.00019887190662550266
335,0.6968739628791809,0.646859347820282,0.5001460313796997,0.00019885503890888876
336,0.695449948310852,0.645354688167572,0.5009527802467346,0.0001988380467458431
337,0.7402775287628174,0.687902569770813,0.523749589920044,0.00019882093015775678
338,0.6623926758766174,0.6156771779060364,0.4671548008918762,0.0001988036891661775
339,0.7726403474807739,0.7154849767684937,0.5715538859367371,0.0001987863237928095
340,0.6637919545173645,0.6165744662284851,0.4721747636795044,0.00019876883405951377
341,0.6245123744010925,0.5798020362854004,0.44710350036621094,0.0001987512199883077
342,0.688224732875824,0.6386176347732544,0.4960710406303406,0.00019873348160136524
343,0.7020406723022461,0.6521079540252686,0.4993274509906769,0.00019871561892101692
344,0.7338887453079224,0.6816563606262207,0.5223238468170166,0.00019869763196974957
345,0.6791326999664307,0.6301382780075073,0.4899439513683319,0.00019867952077020666
346,0.605163037776947,0.5615553259849548,0.4360771179199219,0.0001986612853451879
347,0.7203468084335327,0.6686375737190247,0.5170921683311462,0.00019864292571764955
348,0.6633225679397583,0.6153427958488464,0.4797978103160858,0.00019862444191070408
349,0.6673440337181091,0.6188302040100098,0.4851382076740265,0.0001986058339476204
350,0.6410359144210815,0.5948835611343384,0.4615233242511749,0.0001985871018518236
351,0.6496230363845825,0.6038599014282227,0.4576316177845001,0.00019856824564689515
352,0.7159698605537415,0.6648023128509521,0.5116754174232483,0.00019854926535657267
353,0.6765471696853638,0.6281542181968689,0.48392972350120544,0.00019853016100475007
354,0.6181672215461731,0.5738329887390137,0.44334256649017334,0.0001985109326154774
355,0.6957937479019165,0.6461896896362305,0.49604088068008423,0.00019849158021296081
356,0.6357368230819702,0.589118480682373,0.46618348360061646,0.00019847210382156267
357,0.6411370038986206,0.5948572158813477,0.4627976417541504,0.00019845250346580136
358,0.7051748037338257,0.654715359210968,0.5045947432518005,0.0001984327791703513
359,0.6819601655006409,0.632692813873291,0.49267372488975525,0.00019841293096004302
360,0.6487557291984558,0.6014237999916077,0.47331932187080383,0.00019839295885986296
361,0.6754329204559326,0.6276490092277527,0.47783899307250977,0.00019837286289495361
362,0.6749065518379211,0.6264225244522095,0.48484039306640625,0.00019835264309061326
363,0.7313743829727173,0.6788731217384338,0.5250129103660583,0.00019833229947229623
364,0.7220367193222046,0.6689633131027222,0.5307342410087585,0.00019831183206561262
365,0.7096848487854004,0.658240556716919,0.5144428014755249,0.00019829124089632845
366,0.6456752419471741,0.6003245115280151,0.4535072445869446,0.00019827052599036545
367,0.6443188786506653,0.5979923009872437,0.4632657766342163,0.00019824968737380117
368,0.7113742828369141,0.6609557271003723,0.5041852593421936,0.0001982287250728689
369,0.6698000431060791,0.6223879456520081,0.4741212725639343,0.00019820763911395758
370,0.6772028207778931,0.6283089518547058,0.4889387786388397,0.00019818642952361187
371,0.6311538815498352,0.5860217809677124,0.4513211250305176,0.00019816509632853208
372,0.6924045085906982,0.6425507068634033,0.49853795766830444,0.00019814363955557404
373,0.718596339225769,0.6679441928863525,0.506521463394165,0.0001981220592317493
374,0.6948588490486145,0.646012544631958,0.4884628653526306,0.0001981003553842248
375,0.635841429233551,0.5890095829963684,0.4683187007904053,0.00019807852804032305
376,0.7019475698471069,0.6511856317520142,0.5076192617416382,0.00019805657722752202
377,0.6688675880432129,0.6191268563270569,0.4974074065685272,0.00019803450297345508
378,0.6563695073127747,0.6098676919937134,0.46501824259757996,0.00019801230530591105
379,0.6623583436012268,0.6154956221580505,0.4686274230480194,0.00019798998425283403
380,0.6445339322090149,0.597551167011261,0.469827800989151,0.00019796753984232358
381,0.7257360219955444,0.6741108894348145,0.5162515640258789,0.00019794497210263442
382,0.6648555397987366,0.6179144978523254,0.46941035985946655,0.00019792228106217658
383,0.6538876295089722,0.6067641973495483,0.47123441100120544,0.00019789946674951536
384,0.6999590992927551,0.6506794095039368,0.4927971363067627,0.00019787652919337116
385,0.6587475538253784,0.6123375296592712,0.46410027146339417,0.00019785346842261957
386,0.6693221926689148,0.6217576265335083,0.475645512342453,0.00019783028446629123
387,0.6439113020896912,0.5974758267402649,0.4643546938896179,0.00019780697735357204
388,0.6471608281135559,0.6009567975997925,0.4620405435562134,0.0001977835471138027
389,0.6450444459915161,0.5992627739906311,0.4578169286251068,0.0001977599937764791
390,0.6507830619812012,0.6037519574165344,0.4703112244606018,0.00019773631737125192
391,0.6436834931373596,0.5979514122009277,0.45732101798057556,0.00019771251792792698
392,0.6469776034355164,0.6012040376663208,0.457735538482666,0.00019768859547646478
393,0.7568943500518799,0.7036256194114685,0.5326871275901794,0.00019766455004698082
394,0.6508467793464661,0.6045061349868774,0.46340662240982056,0.00019764038166974535
395,0.631804883480072,0.5869036316871643,0.4490126073360443,0.0001976160903751834
396,0.6452231407165527,0.5986276865005493,0.4659547507762909,0.00019759167619387476
397,0.6407395601272583,0.5938327312469482,0.4690682888031006,0.0001975671391565539
398,0.6651279926300049,0.6165167093276978,0.48611295223236084,0.00019754247929410995
399,0.6626412272453308,0.6152970194816589,0.47344186902046204,0.00019751769663758665
400,0.6437134146690369,0.597496509552002,0.46216881275177,0.00019749279121818235
401,0.6535742282867432,0.6069416403770447,0.46632611751556396,0.00019746776306724998
402,0.5850260257720947,0.5435442924499512,0.4148174822330475,0.0001974426122162969
403,0.6345718502998352,0.589081883430481,0.4548996686935425,0.00019741733869698495
404,0.6343794465065002,0.5898290872573853,0.4455033242702484,0.0001973919425411304
405,0.6884896755218506,0.6387019753456116,0.4978768527507782,0.00019736642378070392
406,0.6301127076148987,0.5844403505325317,0.45672374963760376,0.00019734078244783054
407,0.6237666606903076,0.5785409212112427,0.4522573947906494,0.00019731501857478954
408,0.6202846765518188,0.5765369534492493,0.4374772310256958,0.0001972891321940145
409,0.7332271933555603,0.6804011464118958,0.5282604098320007,0.00019726312333809322
410,0.6896291971206665,0.6400078535079956,0.49621322751045227,0.00019723699203976766
411,0.655852198600769,0.6096645593643188,0.4618765115737915,0.00019721073833193397
412,0.7650327086448669,0.7100772857666016,0.5495542287826538,0.00019718436224764233
413,0.6489709615707397,0.6024288535118103,0.4654209315776825,0.00019715786382009705
414,0.6250779628753662,0.581791341304779,0.4328659176826477,0.00019713124308265635
415,0.6853125095367432,0.6358956098556519,0.4941692650318146,0.00019710450006883256
416,0.6724665760993958,0.6250327825546265,0.47433796525001526,0.00019707763481229183
417,0.6566129922866821,0.6096287369728088,0.4698426425457001,0.00019705064734685425
418,0.6178731918334961,0.5743489265441895,0.43524274230003357,0.00019702353770649378
419,0.6681876182556152,0.619996964931488,0.48190656304359436,0.00019699630592533808
420,0.6478413343429565,0.6022317409515381,0.4560960531234741,0.0001969689520376687
421,0.7501818537712097,0.6972546577453613,0.5292720794677734,0.00019694147607792083
422,0.5843892097473145,0.5430083870887756,0.41380801796913147,0.0001969138780806833
423,0.5893164277076721,0.5471125841140747,0.4220382273197174,0.00019688615808069872
424,0.6949697136878967,0.6460438370704651,0.4892589747905731,0.0001968583161128631
425,0.7037650346755981,0.6533058881759644,0.5045914053916931,0.00019683035221222618
426,0.6211041212081909,0.5757716298103333,0.4533248841762543,0.00019680226641399096
427,0.6647544503211975,0.6180762052536011,0.46678227186203003,0.00019677405875351414
428,0.6746956706047058,0.6263641119003296,0.4833156168460846,0.00019674572926630567
429,0.6821761131286621,0.6326877474784851,0.49488335847854614,0.00019671727798802895
430,0.6335259079933167,0.5887142419815063,0.4481167197227478,0.00019668870495450066
431,0.6800466775894165,0.6312246918678284,0.48821958899497986,0.00019666001020169073
432,0.7164958119392395,0.6660035848617554,0.5049222111701965,0.00019663119376572242
433,0.6322063207626343,0.5868780016899109,0.4532829821109772,0.00019660225568287202
434,0.627776026725769,0.58347487449646,0.4430117607116699,0.00019657319598956913
435,0.6954199075698853,0.6459824442863464,0.4943748414516449,0.0001965440147223963
436,0.6612994074821472,0.6141043305397034,0.4719506502151489,0.00019651471191808924
437,0.6482470035552979,0.6018424034118652,0.4640457034111023,0.00019648528761353652
438,0.6868161559104919,0.6375345587730408,0.4928157329559326,0.00019645574184577982
439,0.6250432133674622,0.5804387331008911,0.44604504108428955,0.00019642607465201364
440,0.6364470720291138,0.5911023020744324,0.45344746112823486,0.00019639628606958533
441,0.6141124963760376,0.5713207721710205,0.4279172122478485,0.0001963663761359951
442,0.6689087152481079,0.621472954750061,0.47435781359672546,0.00019633634488889595
443,0.6247398853302002,0.5802518725395203,0.44488030672073364,0.0001963061923660935
444,0.7026616930961609,0.6534931063652039,0.4916855990886688,0.0001962759186055461
445,0.6271507143974304,0.5824249386787415,0.44725775718688965,0.00019624552364536473
446,0.6509873867034912,0.6064567565917969,0.4453064501285553,0.00019621500752381294
447,0.6656243205070496,0.6197012662887573,0.4592302739620209,0.00019618437027930683
448,0.6709297299385071,0.6236341595649719,0.4729557931423187,0.00019615361195041492
449,0.6788353323936462,0.629332959651947,0.4950239956378937,0.00019612273257585815
450,0.6621520519256592,0.6157814264297485,0.46370652318000793,0.00019609173219450998
451,0.6681396961212158,0.6207029819488525,0.47436732053756714,0.000196060610845396
452,0.6146397590637207,0.5709924697875977,0.43647292256355286,0.0001960293685676943
453,0.6816775798797607,0.6331209540367126,0.48556655645370483,0.00019599800540073505
454,0.6789277791976929,0.6308297514915466,0.48098039627075195,0.00019596652138400064
455,0.6168689727783203,0.5735152959823608,0.4335370659828186,0.0001959349165571256
456,0.7011619210243225,0.6519079804420471,0.49253949522972107,0.0001959031909598966
457,0.6027895212173462,0.560257077217102,0.42532458901405334,0.0001958713446322522
458,0.673873245716095,0.6263015866279602,0.4757167398929596,0.00019583937761428314
459,0.6817464232444763,0.6343998908996582,0.4734652042388916,0.00019580728994623195
460,0.6124798059463501,0.5692879557609558,0.4319184422492981,0.00019577508166849304
461,0.6517360806465149,0.6051046848297119,0.4663136899471283,0.00019574275282161283
462,0.6159112453460693,0.571933388710022,0.4397788643836975,0.00019571030344628926
463,0.6863648295402527,0.6385342478752136,0.47830599546432495,0.00019567773358337222
464,0.6719918251037598,0.6245841979980469,0.4740763008594513,0.00019564504327386316
465,0.6641867160797119,0.6168893575668335,0.47297346591949463,0.0001956122325589152
466,0.6611011028289795,0.6145016551017761,0.46599432826042175,0.00019557930147983302
467,0.652210533618927,0.606590986251831,0.45619550347328186,0.00019554625007807283
468,0.6075035333633423,0.5653668642044067,0.42136672139167786,0.0001955130783952423
469,0.6352135539054871,0.5904701352119446,0.4474342167377472,0.00019547978647310057
470,0.6585180759429932,0.611728310585022,0.46789783239364624,0.00019544637435355808
471,0.6127663850784302,0.5704166293144226,0.4234974682331085,0.00019541284207867662
472,0.6497408747673035,0.6044138073921204,0.45327067375183105,0.0001953791896906692
473,0.6177489757537842,0.5743870139122009,0.43361949920654297,0.0001953454172319001
474,0.6864084005355835,0.6371492147445679,0.49259164929389954,0.00019531152474488477
475,0.6616243124008179,0.6147599816322327,0.46864354610443115,0.00019527751227228963
476,0.7282307147979736,0.6768231987953186,0.5140753388404846,0.0001952433798569323
477,0.6277099847793579,0.5841065049171448,0.4360348880290985,0.00019520912754178123
478,0.6640371084213257,0.6171552538871765,0.468818724155426,0.00019517475536995604
479,0.6315773725509644,0.586209237575531,0.45368143916130066,0.000195140263384727
480,0.6726346611976624,0.6256423592567444,0.46992307901382446,0.00019510565162951537
481,0.6757432818412781,0.6281504034996033,0.4759286046028137,0.0001950709201478931
482,0.6850467920303345,0.6361013650894165,0.48945456743240356,0.00019503606898358284
483,0.6383277177810669,0.5928409695625305,0.4548676311969757,0.00019500109818045805
484,0.6237930059432983,0.5797736048698425,0.440194308757782,0.00019496600778254263
485,0.6797457933425903,0.6328465938568115,0.4689916968345642,0.00019493079783401113
486,0.648326575756073,0.6020865440368652,0.46240025758743286,0.0001948954683791886
487,0.5871543288230896,0.5450049042701721,0.42149409651756287,0.00019486001946255046
488,0.6107620000839233,0.5685896873474121,0.4217228889465332,0.00019482445112872264
489,0.6384261846542358,0.5938158631324768,0.44610294699668884,0.00019478876342248128
490,0.6216685771942139,0.5783237218856812,0.43344852328300476,0.0001947529563887529
491,0.608503520488739,0.5646109580993652,0.4389258325099945,0.00019471703007261412
492,0.6626927256584167,0.6161351203918457,0.46557608246803284,0.00019468098451929183
493,0.659267246723175,0.6129652857780457,0.4630194902420044,0.00019464481977416297
494,0.6765894889831543,0.6293928623199463,0.4719662070274353,0.00019460853588275454
495,0.6428151726722717,0.5969864726066589,0.4582870304584503,0.00019457213289074355
496,0.6215664148330688,0.5778639316558838,0.43702471256256104,0.00019453561084395687
497,0.6254478096961975,0.5820255279541016,0.4342229664325714,0.00019449896978837141
498,0.6763854622840881,0.6292051076889038,0.4718033969402313,0.0001944622097701137
499,0.6297205090522766,0.585377037525177,0.4434346854686737,0.00019442533083546012
500,0.6997228860855103,0.6502277255058289,0.4949517250061035,0.00019438833303083678
501,0.6843773722648621,0.6372349858283997,0.4714239239692688,0.00019435121640281938
502,0.624579131603241,0.5802996754646301,0.4427945911884308,0.00019431398099813323
503,0.6423991918563843,0.5970935225486755,0.45305687189102173,0.00019427662686365314
504,0.6539137363433838,0.6073834300041199,0.4653032124042511,0.0001942391540464035
505,0.6698855757713318,0.6224640607833862,0.474215030670166,0.00019420156259355791
506,0.6219907402992249,0.5783346891403198,0.4365604519844055,0.00019416385255243944
507,0.5986534357070923,0.5565811991691589,0.42072227597236633,0.00019412602397052048
508,0.6910876631736755,0.6432198882102966,0.47867754101753235,0.00019408807689542257
509,0.665540337562561,0.618356466293335,0.4718388617038727,0.00019405001137491642
510,0.6392050981521606,0.5940098762512207,0.45195239782333374,0.0001940118274569219
511,0.6048486828804016,0.5619670152664185,0.42881643772125244,0.00019397352518950794
512,0.6235384345054626,0.5792296528816223,0.4430880546569824,0.00019393510462089236
513,0.6101754903793335,0.5669577121734619,0.4321775734424591,0.000193896565799442
514,0.6391839385032654,0.5939398407936096,0.45244091749191284,0.00019385790877367255
515,0.6846522092819214,0.6364439725875854,0.4820825755596161,0.00019381913359224842
516,0.6800245046615601,0.6323689818382263,0.4765551686286926,0.0001937802403039829
517,0.6692269444465637,0.6224707365036011,0.46756184101104736,0.0001937412289578379
518,0.6307308673858643,0.5854953527450562,0.45235490798950195,0.00019370209960292386
519,0.6465017199516296,0.6015649437904358,0.4493675231933594,0.00019366285228849996
520,0.623186469078064,0.5800974369049072,0.43089058995246887,0.00019362348706397373
521,0.650465190410614,0.6050079464912415,0.4545723497867584,0.0001935840039789012
522,0.6341922283172607,0.589405357837677,0.44786858558654785,0.00019354440308298672
523,0.6446515917778015,0.5992193222045898,0.4543227255344391,0.00019350468442608305
524,0.545854389667511,0.5077462792396545,0.3810809254646301,0.0001934648480581911
525,0.6459676623344421,0.6007658243179321,0.4520185887813568,0.00019342489402945998
526,0.6545106768608093,0.6090425252914429,0.4546814262866974,0.000193384822390187
527,0.6414650678634644,0.5965343117713928,0.4493076801300049,0.00019334463319081735
528,0.6162351965904236,0.5741776823997498,0.4205753207206726,0.00019330432648194444
529,0.6034924387931824,0.5607755184173584,0.42716923356056213,0.00019326390231430942
530,0.7403520345687866,0.6877104640007019,0.5264155268669128,0.00019322336073880142
531,0.5779210925102234,0.5377166867256165,0.4020439684391022,0.00019318270180645737
532,0.6442185044288635,0.5989409685134888,0.4527755379676819,0.00019314192556846185
533,0.6749099493026733,0.6285355091094971,0.4637446701526642,0.00019310103207614718
534,0.6865447163581848,0.6380742192268372,0.4847048819065094,0.00019306002138099327
535,0.6607165336608887,0.6135420203208923,0.4717448353767395,0.00019301889353462762
536,0.5745715498924255,0.5338152647018433,0.40756309032440186,0.00019297764858882514
537,0.6341981887817383,0.59053635597229,0.43661823868751526,0.0001929362865955082
538,0.6242528557777405,0.5804559588432312,0.4379688799381256,0.0001928948076067465
539,0.6384167671203613,0.5945675373077393,0.43849244713783264,0.00019285321167475698
540,0.637382984161377,0.5929828882217407,0.4440009891986847,0.0001928114988519039
541,0.6431952714920044,0.5981255769729614,0.45069676637649536,0.00019276966919069862
542,0.6966531872749329,0.6476191282272339,0.4903406798839569,0.0001927277227437995
543,0.6349831223487854,0.589370846748352,0.45612290501594543,0.00019268565956401208
544,0.6417837142944336,0.5957431793212891,0.46040552854537964,0.00019264347970428876
545,0.6215145587921143,0.5781896114349365,0.433249294757843,0.0001926011832177288
546,0.6571484804153442,0.6115953326225281,0.4555317461490631,0.00019255877015757835
547,0.6309701800346375,0.5868796706199646,0.4409049153327942,0.00019251624057723023
548,0.6163325309753418,0.5736176371574402,0.4271489977836609,0.00019247359453022407
549,0.6370775103569031,0.5924550890922546,0.44622424244880676,0.00019243083207024598
550,0.6802704930305481,0.6324290633201599,0.4784144461154938,0.0001923879532511287
551,0.6560577154159546,0.6097219586372375,0.4633575975894928,0.0001923449581268514
552,0.6808714270591736,0.6336490511894226,0.4722239673137665,0.00019230184675153976
553,0.6095291376113892,0.5668798685073853,0.4264928102493286,0.00019225861917946565
554,0.7193107604980469,0.6690042018890381,0.5030654072761536,0.0001922152754650474
555,0.6194911599159241,0.5767013430595398,0.42789793014526367,0.0001921718156628494
556,0.5971784591674805,0.5552729368209839,0.4190550148487091,0.00019212823982758226
557,0.6381118893623352,0.5938495993614197,0.44262292981147766,0.00019208454801410266
558,0.6312838196754456,0.5870791077613831,0.4420468807220459,0.0001920407402774132
559,0.7118091583251953,0.6625528931617737,0.49256250262260437,0.00019199681667266252
560,0.6430777311325073,0.5977073907852173,0.4537036120891571,0.0001919527772551451
561,0.6482329964637756,0.6022335290908813,0.45999476313591003,0.0001919086220803011
562,0.6394164562225342,0.5947646498680115,0.44651830196380615,0.0001918643512037166
563,0.6865226030349731,0.6389473676681519,0.47575265169143677,0.00019181996468112323
564,0.6440940499305725,0.5996965169906616,0.44397521018981934,0.00019177546256839812
565,0.5927027463912964,0.55137038230896,0.41332390904426575,0.00019173084492156407
566,0.6277071833610535,0.5837089419364929,0.43998268246650696,0.00019168611179678924
567,0.6277714967727661,0.5831363797187805,0.446351021528244,0.00019164126325038714
568,0.658685564994812,0.6118772625923157,0.46808308362960815,0.00019159629933881666
569,0.6581673622131348,0.6122214794158936,0.45945894718170166,0.00019155122011868186
570,0.5890124440193176,0.5476385354995728,0.4137389361858368,0.00019150602564673198
571,0.6021002531051636,0.5593366622924805,0.4276358485221863,0.00019146071597986138
572,0.6226978898048401,0.57894366979599,0.4375419318675995,0.00019141529117510932
573,0.6102319955825806,0.5679234266281128,0.42308592796325684,0.00019136975128966017
574,0.6718901991844177,0.6249271631240845,0.46963033080101013,0.00019132409638084304
575,0.6433455348014832,0.5982508063316345,0.4509473443031311,0.00019127832650613189
576,0.5814023613929749,0.5406762361526489,0.40726107358932495,0.00019123244172314545
577,0.6530658602714539,0.6069181561470032,0.46147677302360535,0.00019118644208964702
578,0.6704562306404114,0.6235265135765076,0.4692972004413605,0.00019114032766354453
579,0.6712453365325928,0.6241560578346252,0.4708930552005768,0.00019109409850289044
580,0.6521531343460083,0.6060687899589539,0.4608434736728668,0.00019104775466588161
581,0.6262410879135132,0.582388699054718,0.43852391839027405,0.00019100129621085925
582,0.617942750453949,0.5739270448684692,0.44015705585479736,0.00019095472319630892
583,0.674701452255249,0.6275637149810791,0.47137758135795593,0.00019090803568086036
584,0.6217705011367798,0.5779930353164673,0.43777477741241455,0.00019086123372328746
585,0.6704859733581543,0.6236537098884583,0.4683225452899933,0.00019081431738250814
586,0.690308153629303,0.6419784426689148,0.4832969605922699,0.00019076728671758438
587,0.6400720477104187,0.5958063006401062,0.4426572024822235,0.00019072014178772202
588,0.6559314131736755,0.6102228164672852,0.4570859968662262,0.00019067288265227082
589,0.6940869688987732,0.6456748843193054,0.48412084579467773,0.00019062550937072424
590,0.6472115516662598,0.6016254425048828,0.4558609127998352,0.00019057802200271942
591,0.6643364429473877,0.6181204915046692,0.46215981245040894,0.0001905304206080372
592,0.627720057964325,0.5833843946456909,0.44335639476776123,0.00019048270524660196
593,0.666243851184845,0.6194078326225281,0.46836018562316895,0.0001904348759784815
594,0.6208420395851135,0.5772880911827087,0.4355394244194031,0.00019038693286388698
595,0.6404633522033691,0.5958320498466492,0.4463129937648773,0.00019033887596317298
596,0.650232195854187,0.6049864888191223,0.45245686173439026,0.00019029070533683725
597,0.6228294968605042,0.5795255899429321,0.43303894996643066,0.00019024242104552074
598,0.6777954697608948,0.6308925747871399,0.4690287709236145,0.00019019402315000752
599,0.6086789965629578,0.5662981271743774,0.4238087236881256,0.00019014551171122457
600,0.6064706444740295,0.5643800497055054,0.42090585827827454,0.0001900968867902419
601,0.6313599348068237,0.5876576900482178,0.4370223581790924,0.0001900481484482724
602,0.5713305473327637,0.531558632850647,0.39771929383277893,0.0001899992967466716
603,0.604338526725769,0.5623998641967773,0.4193863272666931,0.0001899503317469379
604,0.6366676688194275,0.5921963453292847,0.44471341371536255,0.00018990125351071226
605,0.6656209230422974,0.6197769045829773,0.4584403336048126,0.00018985206209977813
606,0.601463794708252,0.5587365031242371,0.4272732138633728,0.00018980275757606157
607,0.6514923572540283,0.6066392660140991,0.4485311806201935,0.00018975334000163093
608,0.6410176753997803,0.5955541729927063,0.45463505387306213,0.00018970380943869687
609,0.6445452570915222,0.5994954109191895,0.45049864053726196,0.00018965416594961238
610,0.6341864466667175,0.5899487733840942,0.4423769414424896,0.00018960440959687254
611,0.6023494005203247,0.5600899457931519,0.4225943088531494,0.0001895545404431145
612,0.647361159324646,0.6020357608795166,0.45325401425361633,0.00018950455855111745
613,0.6109998226165771,0.5686554908752441,0.4234431982040405,0.0001894544639838025
614,0.6971708536148071,0.6491555571556091,0.4801528751850128,0.00018940425680423264
615,0.6389234662055969,0.5942981243133545,0.4462531507015228,0.00018935393707561251
616,0.6025508046150208,0.5607314705848694,0.41819313168525696,0.00018930350486128856
617,0.6423531174659729,0.5976096987724304,0.4474340081214905,0.00018925296022474878
618,0.6275694966316223,0.5841107964515686,0.434586763381958,0.00018920230322962264
619,0.6362425088882446,0.5913789868354797,0.4486350119113922,0.0001891515339396812
620,0.6186628937721252,0.5755906701087952,0.4307219982147217,0.0001891006524188368
621,0.6000880002975464,0.5593504309654236,0.40737587213516235,0.000189049658731143
622,0.591438353061676,0.5502887964248657,0.4114953279495239,0.00018899855294079472
623,0.6362318992614746,0.5922407507896423,0.4399116337299347,0.00018894733511212782
624,0.590156078338623,0.5493885278701782,0.4076754152774811,0.00018889600530961934
625,0.6474857926368713,0.602709174156189,0.44776612520217896,0.00018884456359788724
626,0.6451077461242676,0.599131166934967,0.45976582169532776,0.00018879301004169036
627,0.6553096771240234,0.609682023525238,0.4562762379646301,0.00018874134470592835
628,0.6195908188819885,0.5769381523132324,0.4265265166759491,0.0001886895676556415
629,0.6861129999160767,0.6377926468849182,0.4832036793231964,0.00018863767895601087
630,0.6186327338218689,0.5759777426719666,0.42654991149902344,0.000188585678672358
631,0.6418524980545044,0.596699059009552,0.4515341818332672,0.00018853356687014485
632,0.603381872177124,0.5608548521995544,0.4252699613571167,0.00018848134361497385
633,0.6089677214622498,0.5649786591529846,0.43989068269729614,0.0001884290089725877
634,0.5940333604812622,0.5526332855224609,0.41400086879730225,0.00018837656300886937
635,0.6206076741218567,0.5771143436431885,0.434933066368103,0.00018832400578984183
636,0.6589340567588806,0.6131555438041687,0.4577852487564087,0.0001882713373816683
637,0.6811370253562927,0.6339199542999268,0.47217056155204773,0.00018821855785065185
638,0.5843941569328308,0.5437437891960144,0.40650370717048645,0.00018816566726323548
639,0.6564996838569641,0.610111653804779,0.4638804495334625,0.00018811266568600194
640,0.6623221039772034,0.6163430213928223,0.4597910940647125,0.0001880595531856738
641,0.6417362689971924,0.5966232419013977,0.451130211353302,0.00018800632982911322
642,0.6760970950126648,0.6293134689331055,0.46783608198165894,0.00018795299568332184
643,0.5889279246330261,0.5478476285934448,0.4108027219772339,0.00018789955081544092
644,0.6132241487503052,0.5705586075782776,0.4266551733016968,0.000187845995292751
645,0.6671448945999146,0.6207860708236694,0.463588148355484,0.00018779232918267195
646,0.6083100438117981,0.5652170181274414,0.4309302270412445,0.00018773855255276283
647,0.5911473035812378,0.5496015548706055,0.41545721888542175,0.00018768466547072188
648,0.6271872520446777,0.5832766890525818,0.4391056299209595,0.00018763066800438636
649,0.6357972621917725,0.5906381607055664,0.45159128308296204,0.00018757656022173248
650,0.5982878804206848,0.5564188361167908,0.41869044303894043,0.00018752234219087538
651,0.6831395030021667,0.6355848908424377,0.4755460023880005,0.0001874680139800689
652,0.6140745282173157,0.5715953707695007,0.42479175329208374,0.0001874135756577056
653,0.6562067866325378,0.6100255846977234,0.46181216835975647,0.00018735902729231677
654,0.6377230882644653,0.5932902693748474,0.4443281590938568,0.00018730436895257206
655,0.619933545589447,0.5761253237724304,0.4380820691585541,0.00018724960070727972
656,0.6102185845375061,0.5679922699928284,0.4222630262374878,0.00018719472262538624
657,0.6296002268791199,0.5857582688331604,0.4384196400642395,0.00018713973477597646
658,0.6063172221183777,0.5641782283782959,0.4213900864124298,0.00018708463722827336
659,0.6598474383354187,0.6140359044075012,0.45811542868614197,0.00018702943005163803
660,0.630936861038208,0.5868697762489319,0.44067099690437317,0.00018697411331556956
661,0.5923770666122437,0.5516667366027832,0.407103568315506,0.00018691868708970496
662,0.6456946730613708,0.6004211902618408,0.4527350664138794,0.00018686315144381913
663,0.5902099013328552,0.5487910509109497,0.41418832540512085,0.00018680750644782467
664,0.6448684334754944,0.6003773212432861,0.4449109733104706,0.00018675175217177175
665,0.6306673288345337,0.5862617492675781,0.44405579566955566,0.0001866958886858483
666,0.597277045249939,0.5547983646392822,0.4247870147228241,0.0001866399160603796
667,0.5733008980751038,0.5337966084480286,0.3950427174568176,0.0001865838343658284
668,0.6244223713874817,0.5810858011245728,0.4333656132221222,0.00018652764367279461
669,0.6280715465545654,0.5835983753204346,0.4447314441204071,0.0001864713440520155
670,0.6633080840110779,0.6175010204315186,0.45807087421417236,0.0001864149355743655
671,0.6092419624328613,0.5667356848716736,0.4250630736351013,0.00018635841831085586
672,0.6252959370613098,0.5820690989494324,0.4322686195373535,0.00018630179233263504
673,0.6736018657684326,0.6264095902442932,0.47192245721817017,0.00018624505771098817
674,0.6365799307823181,0.592242956161499,0.4433695077896118,0.00018618821451733724
675,0.5940546989440918,0.5532996654510498,0.4075501561164856,0.00018613126282324092
676,0.5784509181976318,0.5379801392555237,0.4047079384326935,0.0001860742027003944
677,0.6400866508483887,0.5952197909355164,0.44866880774497986,0.0001860170342206294
678,0.6318516731262207,0.5883387327194214,0.4351293742656708,0.0001859597574559141
679,0.6407912373542786,0.5963533520698547,0.44437912106513977,0.00018590237247835293
680,0.5885420441627502,0.5475154519081116,0.41026589274406433,0.00018584487936018661
681,0.5526055097579956,0.5141002535820007,0.38505232334136963,0.00018578727817379195
682,0.6232753396034241,0.5797984600067139,0.4347688853740692,0.0001857295689916818
683,0.6565377116203308,0.6110199093818665,0.4551779627799988,0.00018567175188650498
684,0.6866052746772766,0.6387007236480713,0.4790452718734741,0.00018561382693104615
685,0.6242777109146118,0.5807436108589172,0.43534088134765625,0.00018555579419822583
686,0.6657829880714417,0.6191650032997131,0.4661800265312195,0.0001854976537611001
687,0.6269146800041199,0.582771897315979,0.4414277672767639,0.00018543940569286065
688,0.638948917388916,0.5952982902526855,0.4365065395832062,0.00018538105006683472
689,0.685828447341919,0.6374573707580566,0.4837106466293335,0.00018532258695648496
690,0.5269280672073364,0.4903533458709717,0.36574748158454895,0.00018526401643540922
691,0.6301736235618591,0.5866743326187134,0.4349926710128784,0.0001852053385773407
692,0.6314946413040161,0.5873627066612244,0.4413191080093384,0.00018514655345614763
693,0.6579710841178894,0.6127937436103821,0.45177367329597473,0.00018508766114583332
694,0.6249308586120605,0.5820455551147461,0.428853303194046,0.00018502866172053598
695,0.5760473012924194,0.5360591411590576,0.3998815417289734,0.00018496955525452874
696,0.6120547652244568,0.5702715516090393,0.4178321361541748,0.0001849103418222194
697,0.6361011266708374,0.5911098122596741,0.44991329312324524,0.00018485102149815038
698,0.6342268586158752,0.58943772315979,0.4478915333747864,0.00018479159435699883
699,0.597266435623169,0.5544962286949158,0.42770180106163025,0.00018473206047357619
700,0.6272420287132263,0.5837697386741638,0.4347226917743683,0.00018467241992282843
701,0.665732741355896,0.6197274327278137,0.4600532650947571,0.00018461267277983568
702,0.6546683311462402,0.609065055847168,0.45603296160697937,0.0001845528191198123
703,0.6442339420318604,0.5990910530090332,0.4514288604259491,0.00018449285901810675
704,0.6582735776901245,0.6123919486999512,0.4588160216808319,0.00018443279255020152
705,0.6182732582092285,0.5755363702774048,0.427368700504303,0.0001843726197917129
706,0.6205217242240906,0.5770735144615173,0.43448224663734436,0.0001843123408183911
707,0.6388823986053467,0.5948386192321777,0.4404378831386566,0.00018425195570611998
708,0.6647753715515137,0.6181524991989136,0.4662289619445801,0.00018419146453091701
709,0.6234614849090576,0.5800508856773376,0.43410584330558777,0.0001841308673689332
710,0.6889960169792175,0.6408503651618958,0.4814565181732178,0.00018407016429645303
711,0.6284147500991821,0.5848940014839172,0.4352073669433594,0.0001840093553898942
712,0.6132669448852539,0.5705860257148743,0.4268093705177307,0.00018394844072580773
713,0.6317286491394043,0.5876345634460449,0.4409407675266266,0.00018388742038087777
714,0.6134678721427917,0.5712460875511169,0.42221784591674805,0.00018382629443192144
715,0.6304457783699036,0.5866068601608276,0.43838897347450256,0.00018376506295588886
716,0.5927937030792236,0.552404522895813,0.40389180183410645,0.00018370372602986303
717,0.6977499723434448,0.64835125207901,0.49398690462112427,0.00018364228373105964
718,0.5669997930526733,0.5278816223144531,0.3911817669868469,0.00018358073613682706
719,0.6631850600242615,0.6171318888664246,0.46053174138069153,0.0001835190833246461
720,0.6147240996360779,0.5722872018814087,0.4243687093257904,0.00018345732537213027
721,0.6080484986305237,0.5658875703811646,0.4216090142726898,0.00018339546235702524
722,0.6077241897583008,0.5661857724189758,0.4153839647769928,0.00018333349435720894
723,0.594362735748291,0.5527169704437256,0.41645774245262146,0.0001832714214506916
724,0.6550273299217224,0.6093335151672363,0.4569381773471832,0.0001832092437156154
725,0.6008226275444031,0.5588057041168213,0.42016929388046265,0.00018314696123025454
726,0.6134903430938721,0.5712096691131592,0.42280644178390503,0.00018308457407301503
727,0.7253941893577576,0.6749576330184937,0.5043656826019287,0.00018302208232243473
728,0.7043207287788391,0.6555878520011902,0.4873289167881012,0.00018295948605718314
729,0.6712874174118042,0.625063955783844,0.46223485469818115,0.00018289678535606126
730,0.6433573365211487,0.599273681640625,0.440836638212204,0.00018283398029800166
731,0.5953177809715271,0.5533019304275513,0.4201584458351135,0.00018277107096206826
732,0.5656275749206543,0.5264695882797241,0.3915797770023346,0.00018270805742745617
733,0.6465315818786621,0.6009061932563782,0.4562538266181946,0.00018264493977349184
734,0.6287716031074524,0.5849729776382446,0.4379861056804657,0.0001825817180796326
735,0.604806125164032,0.5631651878356934,0.41640937328338623,0.00018251839242546696
736,0.6072735786437988,0.564994752407074,0.4227882921695709,0.0001824549628907141
737,0.6373900175094604,0.5932638645172119,0.44126179814338684,0.00018239142955522406
738,0.6199072003364563,0.5778308510780334,0.42076346278190613,0.0001823277924989776
739,0.5845847129821777,0.5443337559700012,0.4025096297264099,0.000182264051802086
740,0.6469327211380005,0.6016560792922974,0.4527663290500641,0.00018220020754479102
741,0.6755915284156799,0.627911388874054,0.4768016040325165,0.00018213625980746475
742,0.6183558106422424,0.5755980014801025,0.42757824063301086,0.00018207220867060966
743,0.660694420337677,0.6149974465370178,0.45696988701820374,0.00018200805421485824
744,0.6500808596611023,0.6052055358886719,0.44875308871269226,0.0001819437965209732
745,0.6256597638130188,0.5829541087150574,0.42705655097961426,0.0001818794356698471
746,0.6269413828849792,0.5839360356330872,0.4300534129142761,0.00018181497174250236
747,0.6275847554206848,0.5832387804985046,0.44345954060554504,0.0001817504048200912
748,0.6815063953399658,0.6328607201576233,0.4864567816257477,0.00018168573498389564
749,0.621311366558075,0.5778070688247681,0.4350428283214569,0.00018162096231532694
750,0.6607652306556702,0.6145135760307312,0.46251657605171204,0.00018155608689592604
751,0.6578026413917542,0.6123439073562622,0.4545873701572418,0.0001814911088073632
752,0.6299018263816833,0.5864214897155762,0.4348035752773285,0.00018142602813143785
753,0.6473134756088257,0.6032512187957764,0.4406225085258484,0.00018136084495007872
754,0.6353121995925903,0.5912825465202332,0.4402964413166046,0.0001812955593453434
755,0.6140417456626892,0.5715648531913757,0.4247690439224243,0.0001812301713994185
756,0.6436378359794617,0.5989318490028381,0.44705963134765625,0.00018116468119461953
757,0.6314046382904053,0.5877785086631775,0.43626150488853455,0.00018109908881339058
758,0.647504985332489,0.6022919416427612,0.45213058590888977,0.00018103339433830454
759,0.6234243512153625,0.5804527997970581,0.42971524596214294,0.00018096759785206267
760,0.6251797080039978,0.5812975168228149,0.43882209062576294,0.00018090169943749476
761,0.6286288499832153,0.5847567915916443,0.43872037529945374,0.00018083569917755885
762,0.6415687203407288,0.5965762138366699,0.44992515444755554,0.00018076959715534124
763,0.584793746471405,0.5441504716873169,0.4064325988292694,0.00018070339345405625
764,0.6623519062995911,0.6169978380203247,0.4535406231880188,0.00018063708815704632
765,0.6090924739837646,0.5668123960494995,0.42280104756355286,0.00018057068134778173
766,0.605047881603241,0.5622013807296753,0.42846494913101196,0.00018050417310986052
767,0.6369522213935852,0.5930800437927246,0.4387218654155731,0.00018043756352700846
768,0.6109475493431091,0.5687235593795776,0.42223966121673584,0.00018037085268307889
769,0.6307471990585327,0.5866345167160034,0.44112682342529297,0.0001803040406620526
770,0.6535311341285706,0.6085553765296936,0.44975745677948,0.0001802371275480378
771,0.6169642806053162,0.5745715498924255,0.4239274859428406,0.0001801701134252699
772,0.6292033791542053,0.5857421159744263,0.43461287021636963,0.0001801029983781116
773,0.6530669331550598,0.6077268719673157,0.4534008800983429,0.00018003578249105244
774,0.6237092018127441,0.5804749727249146,0.4323425889015198,0.00017996846584870908
775,0.604960560798645,0.5633373260498047,0.41623225808143616,0.00017990104853582493
776,0.6165279746055603,0.5736714005470276,0.4285658001899719,0.00017983353063727016
777,0.6463676691055298,0.6012694835662842,0.45098212361335754,0.00017976591223804161
778,0.5956779718399048,0.5540933012962341,0.4158467948436737,0.00017969819342326254
779,0.5967683792114258,0.5550637245178223,0.4170466363430023,0.00017963037427818268
780,0.6207084059715271,0.5779209136962891,0.42787477374076843,0.00017956245488817812
781,0.6223738193511963,0.5792074799537659,0.4316631853580475,0.000179494435338751
782,0.6349659562110901,0.5906268954277039,0.44339048862457275,0.00017942631571552973
783,0.6841000914573669,0.6366748213768005,0.4742525517940521,0.0001793580961042685
784,0.6119940876960754,0.5689541697502136,0.43039923906326294,0.00017928977659084755
785,0.6019888520240784,0.5597237944602966,0.4226507842540741,0.00017922135726127275
786,0.6025755405426025,0.56093829870224,0.41637271642684937,0.00017915283820167573
787,0.6071072816848755,0.5649675130844116,0.42139768600463867,0.00017908421949831366
788,0.5885279774665833,0.548191487789154,0.4033651649951935,0.00017901550123756906
789,0.6392406821250916,0.5956625938415527,0.43578097224235535,0.00017894668350594981
790,0.6858691573143005,0.6381195187568665,0.47749629616737366,0.00017887776639008914
791,0.6631952524185181,0.6169420480728149,0.46253201365470886,0.00017880874997674515
792,0.6139841675758362,0.5714766383171082,0.4250752627849579,0.00017873963435280121
793,0.6358187198638916,0.5908927321434021,0.44925957918167114,0.00017867041960526535
794,0.6295238733291626,0.5857029557228088,0.4382094144821167,0.0001786011058212706
795,0.6167769432067871,0.5739642381668091,0.42812708020210266,0.00017853169308807448
796,0.5860918164253235,0.5456996560096741,0.403921514749527,0.0001784621814930592
797,0.5708618760108948,0.5314148664474487,0.39446988701820374,0.00017839257112373132
798,0.6003694534301758,0.5584537982940674,0.4191568195819855,0.00017832286206772186
799,0.648075520992279,0.6032459139823914,0.4482959508895874,0.00017825305441278598
800,0.6327885389328003,0.5890691876411438,0.43719345331192017,0.000178183148246803
801,0.6821525692939758,0.6345757246017456,0.47576847672462463,0.00017811314365777625
802,0.6704337000846863,0.6239910125732422,0.4644266963005066,0.000178043040733833
803,0.6107364892959595,0.5678861141204834,0.42850396037101746,0.0001779728395632242
804,0.6426384449005127,0.5978889465332031,0.44749486446380615,0.00017790254023432466
805,0.66084223985672,0.6152231097221375,0.4561912715435028,0.00017783214283563262
806,0.6445688009262085,0.6002195477485657,0.4434923827648163,0.00017776164745576976
807,0.6046797037124634,0.5629041790962219,0.41775497794151306,0.00017769105418348122
808,0.6206719875335693,0.5777742266654968,0.4289773404598236,0.00017762036310763532
809,0.6208357810974121,0.5782832503318787,0.4255252182483673,0.00017754957431722346
810,0.6185541152954102,0.5758211612701416,0.42732980847358704,0.0001774786879013601
811,0.6124697327613831,0.5706246495246887,0.41845080256462097,0.0001774077039492826
812,0.6272425651550293,0.5835509300231934,0.4369165897369385,0.00017733662255035114
813,0.634482204914093,0.590356171131134,0.44126060605049133,0.0001772654437940484
814,0.6221588253974915,0.578422486782074,0.4373632073402405,0.0001771941677699799
815,0.6425063014030457,0.5987124443054199,0.4379388391971588,0.00017712279456787332
816,0.6097463965415955,0.5682466626167297,0.41499757766723633,0.00017705132427757895
817,0.6519943475723267,0.6058812141418457,0.4611314833164215,0.00017697975698906904
818,0.6046774983406067,0.5621320009231567,0.4254552125930786,0.00017690809279243813
819,0.6263104677200317,0.5831249952316284,0.43185487389564514,0.00017683633177790272
820,0.5930809378623962,0.5512983798980713,0.4178254306316376,0.0001767644740358011
821,0.6485055685043335,0.60389643907547,0.4460911750793457,0.0001766925196565935
822,0.6780938506126404,0.6305814385414124,0.47512415051460266,0.00017662046873086163
823,0.6221972703933716,0.5786605477333069,0.43536701798439026,0.00017654832134930882
824,0.6527125835418701,0.6072666645050049,0.45445939898490906,0.00017647607760275987
825,0.6284842491149902,0.5854200720787048,0.43064188957214355,0.00017640373758216077
826,0.6312167644500732,0.5880019068717957,0.432148814201355,0.0001763313013785788
827,0.6421265006065369,0.5973522663116455,0.4477425515651703,0.00017625876908320236
828,0.6282035112380981,0.5841396450996399,0.4406387507915497,0.00017618614078734069
829,0.5945653319358826,0.5523514151573181,0.422139048576355,0.00017611341658242395
830,0.6350309252738953,0.5906962156295776,0.443347305059433,0.0001760405965600031
831,0.5713993906974792,0.532412588596344,0.3898681402206421,0.00017596768081174963
832,0.6540353894233704,0.6080517768859863,0.4598362445831299,0.00017589466942945556
833,0.6130611896514893,0.5703076124191284,0.4275358021259308,0.00017582156250503335
834,0.655044436454773,0.6096132397651672,0.4543120861053467,0.00017574836013051562
835,0.6267154216766357,0.5836735963821411,0.4304185211658478,0.0001756750623980553
836,0.5968031883239746,0.5552194118499756,0.41583797335624695,0.00017560166939992528
837,0.6163789629936218,0.5728476643562317,0.43531307578086853,0.00017552818122851838
838,0.6436737179756165,0.5993241667747498,0.44349563121795654,0.0001754545979763472
839,0.6373916268348694,0.5934634804725647,0.439281702041626,0.00017538091973604418
840,0.6364683508872986,0.5929688811302185,0.43499496579170227,0.00017530714660036112
841,0.5982707738876343,0.5568764209747314,0.4139433801174164,0.00017523327866216944
842,0.689311146736145,0.6416897177696228,0.4762142300605774,0.00017515931601445986
843,0.6304975152015686,0.5868449807167053,0.4365254342556,0.00017508525875034237
844,0.6388473510742188,0.5938977003097534,0.44949647784233093,0.00017501110696304596
845,0.5824422836303711,0.5410951375961304,0.4134713411331177,0.00017493686074591873
846,0.6252270936965942,0.5812004804611206,0.4402662217617035,0.0001748625201924276
847,0.65982985496521,0.6146618723869324,0.451679527759552,0.00017478808539615824
848,0.731030285358429,0.6804174780845642,0.5061280727386475,0.00017471355645081498
849,0.6570900082588196,0.6121918559074402,0.4489816725254059,0.00017463893345022067
850,0.6591783165931702,0.6132835149765015,0.45894795656204224,0.00017456421648831655
851,0.6265173554420471,0.5834527611732483,0.43064600229263306,0.00017448940565916222
852,0.6139370203018188,0.5712435245513916,0.4269348382949829,0.0001744145010569353
853,0.6346921324729919,0.5903491377830505,0.4434296786785126,0.00017433950277593162
854,0.6351577639579773,0.5917629599571228,0.43394777178764343,0.0001742644109105648
855,0.6497836112976074,0.6050054430961609,0.44778144359588623,0.00017418922555536637
856,0.6291747689247131,0.585557758808136,0.436170369386673,0.0001741139468049855
857,0.593694269657135,0.5527353882789612,0.4095887839794159,0.00017403857475418896
858,0.6096363663673401,0.5674422979354858,0.421940416097641,0.000173963109497861
859,0.5940136313438416,0.552638053894043,0.41375604271888733,0.0001738875511310031
860,0.622200608253479,0.5787966251373291,0.4340396225452423,0.00017381189974873407
861,0.5972856879234314,0.5562926530838013,0.40993034839630127,0.00017373615544628978
862,0.6030077338218689,0.5618135929107666,0.41194164752960205,0.00017366031831902304
863,0.6313163638114929,0.5866085886955261,0.44707754254341125,0.0001735843884624035
864,0.6138586401939392,0.5710262060165405,0.4283241927623749,0.00017350836597201767
865,0.61192786693573,0.5692447423934937,0.4268310070037842,0.00017343225094356855
866,0.6101147532463074,0.5679407119750977,0.42174023389816284,0.0001733560434728757
867,0.5825527310371399,0.5424546599388123,0.4009808897972107,0.00017327974365587495
868,0.622830867767334,0.5792458653450012,0.4358501732349396,0.00017320335158861855
869,0.6404473185539246,0.5964577794075012,0.43989548087120056,0.0001731268673672747
870,0.6210303902626038,0.5781917572021484,0.42838647961616516,0.00017305029108812776
871,0.5712254643440247,0.5314056873321533,0.3981975317001343,0.00017297362284757794
872,0.5949640274047852,0.5535247325897217,0.4143930971622467,0.00017289686274214118
873,0.6504263281822205,0.6052200794219971,0.4520627558231354,0.00017282001086844906
874,0.6375719904899597,0.593353271484375,0.44218742847442627,0.00017274306732324872
875,0.5979692935943604,0.5566927194595337,0.412765771150589,0.0001726660322034027
876,0.5845463275909424,0.5433846116065979,0.41161713004112244,0.00017258890560588888
877,0.6340550780296326,0.5902634859085083,0.4379160404205322,0.00017251168762780013
878,0.5909386277198792,0.5494347214698792,0.41503921151161194,0.0001724343783663445
879,0.6518734693527222,0.6065208911895752,0.45352602005004883,0.00017235697791884494
880,0.6363532543182373,0.5923870801925659,0.4396618604660034,0.00017227948638273916
881,0.6137591004371643,0.5711777210235596,0.4258139729499817,0.00017220190385557955
882,0.6347523927688599,0.5903446078300476,0.4440777003765106,0.00017212423043503301
883,0.604941725730896,0.5629797577857971,0.41961994767189026,0.00017204646621888096
884,0.659960925579071,0.6149103045463562,0.45050618052482605,0.00017196861130501905
885,0.5855011343955994,0.5448724031448364,0.40628716349601746,0.00017189066579145705
886,0.5976774096488953,0.556227445602417,0.4144996106624603,0.0001718126297763189
887,0.6300122737884521,0.5857083797454834,0.44303885102272034,0.0001717345033578424
888,0.6131222248077393,0.5712569952011108,0.41865211725234985,0.00017165628663437922
889,0.5749648809432983,0.5351527333259583,0.39812129735946655,0.00017157797970439464
890,0.5838387608528137,0.5430315136909485,0.40807271003723145,0.00017149958266646754
891,0.641852080821991,0.5973724126815796,0.4447968006134033,0.00017142109561929023
892,0.6637258529663086,0.6181133985519409,0.4561244547367096,0.00017134251866166827
893,0.6278293132781982,0.5847989320755005,0.430303692817688,0.00017126385189252053
894,0.6382541060447693,0.5940637588500977,0.441903680562973,0.00017118509541087887
895,0.6357341408729553,0.5916445255279541,0.44089624285697937,0.00017110624931588806
896,0.5621933937072754,0.5230488777160645,0.3914453089237213,0.0001710273137068057
897,0.6382359266281128,0.5943219065666199,0.4391404390335083,0.00017094828868300215
898,0.6764859557151794,0.6289234757423401,0.47562503814697266,0.0001708691743439602
899,0.6412400603294373,0.59652179479599,0.4471827447414398,0.00017078997078927521
900,0.6121944189071655,0.5694372653961182,0.42757168412208557,0.00017071067811865476
901,0.6047081351280212,0.5626432299613953,0.42064931988716125,0.00017063129643191864
902,0.6188110113143921,0.5758703947067261,0.42940622568130493,0.00017055182582899873
903,0.6316885948181152,0.5874743461608887,0.4421423673629761,0.00017047226640993883
904,0.6078529357910156,0.5654799342155457,0.4237297773361206,0.0001703926182748945
905,0.614990770816803,0.5720837116241455,0.4290708005428314,0.00017031288152413306
906,0.6416840553283691,0.5967680811882019,0.4491596519947052,0.00017023305625803333
907,0.6382327079772949,0.5934385657310486,0.4479411244392395,0.0001701531425770856
908,0.5808437466621399,0.5410162210464478,0.3982754349708557,0.0001700731405818914
909,0.5718588829040527,0.5313742756843567,0.4048461318016052,0.00016999305037316352
910,0.6353090405464172,0.5916140079498291,0.43695053458213806,0.00016991287205172573
911,0.6308525800704956,0.5872243046760559,0.4362824857234955,0.0001698326057185128
912,0.6793027520179749,0.6324909329414368,0.4681183993816376,0.00016975225147457026
913,0.6266350150108337,0.5835776329040527,0.43057408928871155,0.00016967180942105423
914,0.6251063346862793,0.5819423198699951,0.4316399395465851,0.00016959127965923142
915,0.5936964750289917,0.5521243810653687,0.4157208204269409,0.0001695106622904791
916,0.61203533411026,0.5697622895240784,0.4227306544780731,0.0001694299574162846
917,0.6402980089187622,0.5962784290313721,0.44019579887390137,0.0001693491651382455
918,0.6206369400024414,0.5773299932479858,0.4330694079399109,0.0001692682855580695
919,0.5772979855537415,0.5366880893707275,0.40609875321388245,0.00016918731877757406
920,0.6625233888626099,0.616840124130249,0.4568328857421875,0.00016910626489868649
921,0.6187223792076111,0.5763997435569763,0.42322656512260437,0.00016902512402344373
922,0.6493039727210999,0.6051468253135681,0.4415716528892517,0.00016894389625399226
923,0.592004120349884,0.5505959391593933,0.41408199071884155,0.0001688625816925879
924,0.597346842288971,0.5564706921577454,0.40876123309135437,0.00016878118044159578
925,0.6393911838531494,0.5944908857345581,0.449003130197525,0.00016869969260349018
926,0.5762772560119629,0.5372124314308167,0.3906485438346863,0.00016861811828085429
927,0.6371712684631348,0.5926147103309631,0.4455658495426178,0.00016853645757638024
928,0.6455146074295044,0.6002786755561829,0.45235952734947205,0.00016845471059286887
929,0.5914758443832397,0.550754725933075,0.4072110652923584,0.00016837287743322975
930,0.6273711919784546,0.5838896036148071,0.434815913438797,0.00016829095820048072
931,0.6344216465950012,0.5903577208518982,0.4406389892101288,0.00016820895299774814
932,0.6329155564308167,0.5888099670410156,0.44105565547943115,0.00016812686192826663
933,0.5968421101570129,0.5561231374740601,0.4071895182132721,0.00016804468509537874
934,0.6057836413383484,0.5638186931610107,0.419649600982666,0.00016796242260253512
935,0.6433043479919434,0.5985236167907715,0.4478074312210083,0.0001678800745532942
936,0.5930811166763306,0.5522322654724121,0.40848836302757263,0.0001677976410513221
937,0.6379675269126892,0.5938100218772888,0.441575288772583,0.00016771512220039255
938,0.5692992806434631,0.5305500626564026,0.3874923884868622,0.00016763251810438678
939,0.6201223134994507,0.5771906971931458,0.4293164014816284,0.00016754982886729318
940,0.5671814680099487,0.5282658934593201,0.38915571570396423,0.00016746705459320745
941,0.5791159868240356,0.5390742421150208,0.4004177451133728,0.0001673841953863323
942,0.6116830110549927,0.5684817433357239,0.43201279640197754,0.00016730125135097735
943,0.6170592308044434,0.5740501284599304,0.4300912618637085,0.00016721822259155902
944,0.575734555721283,0.5358597040176392,0.39874836802482605,0.0001671351092126004
945,0.593425452709198,0.552081823348999,0.41343632340431213,0.00016705191131873107
946,0.6228598952293396,0.5800957083702087,0.4276418089866638,0.0001669686290146871
947,0.6152999997138977,0.5726602673530579,0.42639726400375366,0.00016688526240531064
948,0.6659868955612183,0.6200393438339233,0.4594752788543701,0.00016680181159555013
949,0.6417226195335388,0.5974816083908081,0.442409873008728,0.00016671827669045998
950,0.5778768062591553,0.537889301776886,0.39987513422966003,0.0001666346577952004
951,0.6227626204490662,0.5795238614082336,0.4323875308036804,0.00016655095501503738
952,0.5767995715141296,0.5367891788482666,0.4001041352748871,0.0001664671684553426
953,0.6169988512992859,0.5748757123947144,0.4212312400341034,0.00016638329822159296
954,0.6347510814666748,0.59052973985672,0.4422132074832916,0.00016629934441937097
955,0.5831115245819092,0.5427173376083374,0.4039418399333954,0.00016621530715436414
956,0.6687496304512024,0.6226245760917664,0.4612506031990051,0.00016613118653236518
957,0.6141349673271179,0.5715769529342651,0.42558005452156067,0.00016604698265927173
958,0.5814973711967468,0.5417861342430115,0.39711251854896545,0.0001659626956410861
959,0.6417308449745178,0.5964056849479675,0.45325180888175964,0.0001658783255839154
960,0.5929851531982422,0.5514069199562073,0.4157823622226715,0.00016579387259397127
961,0.5540053844451904,0.5160288214683533,0.3797657787799835,0.00016570933677756967
962,0.593174934387207,0.5517714023590088,0.41403552889823914,0.00016562471824113092
963,0.5800777673721313,0.5398892164230347,0.4018852412700653,0.0001655400170911794
964,0.5968303084373474,0.5554072856903076,0.41423043608665466,0.00016545523343434356
965,0.5849764347076416,0.5452398061752319,0.39736634492874146,0.00016537036737735564
966,0.5970027446746826,0.5547959208488464,0.4220679998397827,0.00016528541902705162
967,0.6044806241989136,0.5627582669258118,0.4172236919403076,0.00016520038849037117
968,0.5903308987617493,0.5500140190124512,0.40316861867904663,0.00016511527587435737
969,0.5940448045730591,0.5532026290893555,0.40842196345329285,0.00016503008128615655
970,0.6012760400772095,0.559780478477478,0.41495561599731445,0.00016494480483301836
971,0.568953275680542,0.5298435688018799,0.39109691977500916,0.00016485944662229546
972,0.6219549179077148,0.5790106058120728,0.4294431507587433,0.00016477400676144334
973,0.6358363628387451,0.5923670530319214,0.43469294905662537,0.00016468848535802045
974,0.6357855200767517,0.5913122892379761,0.4447323977947235,0.00016460288251968775
975,0.5971941351890564,0.5558053851127625,0.41388747096061707,0.00016451719835420877
976,0.6170347929000854,0.5747979283332825,0.4223684072494507,0.00016443143296944945
977,0.603390634059906,0.5614610314369202,0.41929614543914795,0.0001643455864733779
978,0.6187706589698792,0.5761049389839172,0.42665696144104004,0.0001642596589740644
979,0.6737263798713684,0.6268059611320496,0.46920427680015564,0.00016417365057968123
980,0.6320238709449768,0.5877429246902466,0.4428093731403351,0.0001640875613985024
981,0.590050995349884,0.5492072701454163,0.40843746066093445,0.00016400139153890375
982,0.5856783986091614,0.544962465763092,0.40715906023979187,0.00016391514110936255
983,0.5742568373680115,0.5352102518081665,0.390465646982193,0.00016382881021845762
984,0.5506020188331604,0.5123996138572693,0.3820239007472992,0.000163742398974869
985,0.6703712940216064,0.6244437098503113,0.4592757523059845,0.00016365590748737788
986,0.6449857950210571,0.6013100743293762,0.4367571175098419,0.00016356933586486648
987,0.6378056406974792,0.5937740802764893,0.44031575322151184,0.00016348268421631797
988,0.6012539267539978,0.5596833229064941,0.41570597887039185,0.0001633959526508162
989,0.6089942455291748,0.5675405859947205,0.41453686356544495,0.00016330914127754553
990,0.609443724155426,0.5669471621513367,0.42496538162231445,0.00016322225020579099
991,0.6154099702835083,0.5725969076156616,0.4281304180622101,0.00016313527954493778
992,0.6308842301368713,0.5870153307914734,0.43868905305862427,0.00016304822940447139
993,0.7046591639518738,0.6563248634338379,0.483343243598938,0.0001629610998939773
994,0.6138254404067993,0.5709916353225708,0.42833808064460754,0.00016287389112314092
995,0.6486642956733704,0.6040163040161133,0.446479856967926,0.00016278660320174747
996,0.6518184542655945,0.6066493391990662,0.4516911506652832,0.0001626992362396818
997,0.5706071257591248,0.5313438177108765,0.3926329016685486,0.00016261179034692826
998,0.5931558012962341,0.552097737789154,0.4105806052684784,0.00016252426563357052
999,0.6358072757720947,0.5918275713920593,0.43979722261428833,0.00016243666220979157
1000,0.6519891023635864,0.6069275736808777,0.4506150782108307,0.00016234898018587337
1001,0.5867841243743896,0.5460419654846191,0.40742141008377075,0.0001622612196721969
1002,0.6273730397224426,0.5843120217323303,0.4306100010871887,0.000162173380779242
1003,0.6194865107536316,0.576715886592865,0.4277064800262451,0.00016208546361758707
1004,0.5950707197189331,0.5539781451225281,0.4109254479408264,0.00016199746829790906
1005,0.5905036330223083,0.5497257709503174,0.40777838230133057,0.00016190939493098344
1006,0.6443038582801819,0.6001017689704895,0.4420207440853119,0.00016182124362768368
1007,0.595138430595398,0.553766667842865,0.4137175679206848,0.00016173301449898166
1008,0.60038822889328,0.558749258518219,0.41638997197151184,0.00016164470765594698
1009,0.6189072132110596,0.5756505131721497,0.43256673216819763,0.00016155632320974728
1010,0.657166063785553,0.6112374663352966,0.4592861235141754,0.00016146786127164771
1011,0.6233028769493103,0.5787163376808167,0.4458651542663574,0.00016137932195301114
1012,0.6633021831512451,0.6175045371055603,0.45797616243362427,0.00016129070536529766
1013,0.6495704650878906,0.6046987771987915,0.4487169086933136,0.00016120201162006482
1014,0.614974856376648,0.5732146501541138,0.41760215163230896,0.0001611132408289672
1015,0.6198214292526245,0.5768871903419495,0.42934226989746094,0.00016102439310375637
1016,0.591858983039856,0.551231861114502,0.4062713384628296,0.00016093546855628084
1017,0.6517899632453918,0.6065143942832947,0.45275595784187317,0.00016084646729848568
1018,0.6143732070922852,0.5719026923179626,0.4247051775455475,0.00016075738944241268
1019,0.6653370261192322,0.6192339062690735,0.461031436920166,0.00016066823510019998
1020,0.5718832612037659,0.5327673554420471,0.3911588191986084,0.000160579004384082
1021,0.6014151573181152,0.5599231719970703,0.41491982340812683,0.00016048969740638933
1022,0.5739098191261292,0.5342169404029846,0.3969285786151886,0.00016040031427954853
1023,0.6117126941680908,0.5692997574806213,0.42412933707237244,0.00016031085511608213
1024,0.6586660742759705,0.6128258109092712,0.4584026336669922,0.00016022132002860824
1025,0.6248127222061157,0.5812010169029236,0.4361172318458557,0.00016013170912984058
1026,0.6219813227653503,0.5783110857009888,0.436702162027359,0.00016004202253258842
1027,0.6244460344314575,0.5815514922142029,0.42894554138183594,0.00015995226034975617
1028,0.6007519960403442,0.5594966411590576,0.4125538170337677,0.00015986242269434354
1029,0.5948963761329651,0.5542110800743103,0.40685299038887024,0.00015977250967944508
1030,0.6207982897758484,0.5780243277549744,0.42773956060409546,0.00015968252141825037
1031,0.5879455208778381,0.5475128293037415,0.40432700514793396,0.00015959245802404365
1032,0.6155893802642822,0.5738292336463928,0.41760116815567017,0.00015950231961020373
1033,0.5836387872695923,0.5429543852806091,0.40684428811073303,0.00015941210629020388
1034,0.6589398384094238,0.6136176586151123,0.4532216787338257,0.00015932181817761163
1035,0.594251275062561,0.5528625249862671,0.4138876795768738,0.00015923145538608875
1036,0.641701340675354,0.5973420143127441,0.44359326362609863,0.0001591410180293909
1037,0.6085248589515686,0.5659183263778687,0.42606547474861145,0.00015905050622136777
1038,0.5669720768928528,0.5280845165252686,0.3888753354549408,0.0001589599200759626
1039,0.621889054775238,0.5789909958839417,0.42898038029670715,0.00015886925970721235
1040,0.6041285395622253,0.562425434589386,0.417030930519104,0.00015877852522924732
1041,0.5589080452919006,0.5204310417175293,0.38476982712745667,0.00015868771675629114
1042,0.5827487707138062,0.5423089861869812,0.4043979346752167,0.00015859683440266068
1043,0.5364894866943359,0.4985542893409729,0.37935227155685425,0.00015850587828276564
1044,0.6082153916358948,0.5653448104858398,0.42870569229125977,0.0001584148485111087
1045,0.5932027697563171,0.5526722073554993,0.40530580282211304,0.00015832374520228525
1046,0.5657421946525574,0.5264284014701843,0.39313820004463196,0.00015823256847098324
1047,0.6369737386703491,0.593302845954895,0.4367087185382843,0.00015814131843198308
1048,0.6084973216056824,0.5660557746887207,0.4244152009487152,0.00015804999520015734
1049,0.5755555629730225,0.5343833565711975,0.41172200441360474,0.00015795859889047091
1050,0.6565722823143005,0.6108288168907166,0.45743492245674133,0.0001578671296179806
1051,0.6222228407859802,0.5790093541145325,0.43213486671447754,0.000157775587497835
1052,0.6135734915733337,0.5711877346038818,0.42385756969451904,0.00015768397264527448
1053,0.6403872966766357,0.5954549908638,0.4493231177330017,0.00015759228517563099
1054,0.652499794960022,0.6073209047317505,0.4517887532711029,0.00015750052520432787
1055,0.6034442782402039,0.5618483424186707,0.41595929861068726,0.0001574086928468797
1056,0.6318537592887878,0.5873242616653442,0.4452947974205017,0.00015731678821889224
1057,0.5973823070526123,0.555852472782135,0.4152982532978058,0.0001572248114360622
1058,0.619973361492157,0.5765928626060486,0.43380478024482727,0.00015713276261417706
1059,0.6024830937385559,0.5606582760810852,0.4182482659816742,0.00015704064186911518
1060,0.5924427509307861,0.5500470399856567,0.42395681142807007,0.0001569484493168452
1061,0.5982347726821899,0.5575410723686218,0.40693679451942444,0.0001568561850734264
1062,0.5814837217330933,0.5413512587547302,0.40132448077201843,0.00015676384925500814
1063,0.5772786736488342,0.5376462936401367,0.3963237404823303,0.00015667144197783
1064,0.6172000169754028,0.5747898817062378,0.4241011142730713,0.00015657896335822147
1065,0.6194628477096558,0.576710045337677,0.42752811312675476,0.00015648641351260177
1066,0.602674663066864,0.561063289642334,0.4161136746406555,0.00015639379255747994
1067,0.6163031458854675,0.5732842683792114,0.430188924074173,0.0001563011006094544
1068,0.6252664923667908,0.582004725933075,0.4326173961162567,0.00015620833778521307
1069,0.6597160696983337,0.614041805267334,0.45674243569374084,0.00015611550420153297
1070,0.5899190306663513,0.5492292046546936,0.4068983793258667,0.00015602259997528028
1071,0.6271608471870422,0.5830056071281433,0.44155237078666687,0.0001559296252234101
1072,0.622285783290863,0.579546332359314,0.42739447951316833,0.00015583658006296624
1073,0.586106538772583,0.5459309220314026,0.401756227016449,0.0001557434646110813
1074,0.6145272254943848,0.5720009207725525,0.4252627491950989,0.00015565027898497617
1075,0.603006899356842,0.560729444026947,0.42277443408966064,0.00015555702330196023
1076,0.6324417591094971,0.5882633328437805,0.4417845606803894,0.00015546369767943102
1077,0.6232852339744568,0.5805885791778564,0.4269663691520691,0.0001553703022348741
1078,0.6670637130737305,0.6209084391593933,0.4615527391433716,0.0001552768370858629
1079,0.5736575126647949,0.5343431234359741,0.39314407110214233,0.00015518330235005868
1080,0.5723180174827576,0.5332225561141968,0.39095455408096313,0.00015508969814521025
1081,0.6581586003303528,0.6122813820838928,0.45877203345298767,0.0001549960245891539
1082,0.6091935634613037,0.5669317841529846,0.42261800169944763,0.0001549022817998132
1083,0.6350047588348389,0.5905880928039551,0.44416671991348267,0.00015480846989519885
1084,0.5810633301734924,0.5414183139801025,0.39645034074783325,0.0001547145889934086
1085,0.6279046535491943,0.5855768918991089,0.42327749729156494,0.0001546206392126271
1086,0.6232766509056091,0.5794464945793152,0.4383013844490051,0.0001545266206711256
1087,0.6091083884239197,0.5675731301307678,0.41535258293151855,0.00015443253348726202
1088,0.6269693970680237,0.5836537480354309,0.43315649032592773,0.0001543383777794806
1089,0.5772314071655273,0.5373833775520325,0.3984803557395935,0.00015424415366631188
1090,0.6011834144592285,0.5591843128204346,0.41999101638793945,0.00015414986126637258
1091,0.626883327960968,0.5831552147865295,0.43728137016296387,0.00015405550069836528
1092,0.6691126227378845,0.6231271624565125,0.4598548412322998,0.00015396107208107845
1093,0.5973899364471436,0.5565568208694458,0.408331036567688,0.0001538665755333862
1094,0.6175270676612854,0.5754300355911255,0.42097026109695435,0.00015377201117424812
1095,0.5811077952384949,0.5404947996139526,0.4061300754547119,0.0001536773791227092
1096,0.5626806020736694,0.524196982383728,0.38483598828315735,0.00015358267949789966
1097,0.5622110366821289,0.5238021612167358,0.3840886056423187,0.0001534879124190348
1098,0.64905846118927,0.6036511659622192,0.4540729224681854,0.00015339307800541475
1099,0.6050474643707275,0.5630951523780823,0.4195229411125183,0.00015329817637642454
1100,0.5877602696418762,0.5470430254936218,0.4071725308895111,0.00015320320765153367
1101,0.6169518828392029,0.5741220116615295,0.4282989501953125,0.0001531081719502962
1102,0.6513450741767883,0.6066669821739197,0.44678083062171936,0.00015301306939235053
1103,0.6222934126853943,0.5789444446563721,0.4334896206855774,0.00015291790009741907
1104,0.6152408719062805,0.5731983780860901,0.4204246699810028,0.00015282266418530847
1105,0.5924413800239563,0.5510810017585754,0.4136039912700653,0.000152727361775909
1106,0.6049941778182983,0.5633364319801331,0.4165775775909424,0.00015263199298919488
1107,0.5925713777542114,0.5519821643829346,0.40589219331741333,0.00015253655794522368
1108,0.6485270261764526,0.6037592887878418,0.4476773142814636,0.0001524410567641366
1109,0.6508688926696777,0.6060001254081726,0.4486875832080841,0.00015234548956615784
1110,0.6417016386985779,0.5975967645645142,0.4410485029220581,0.0001522498564715949
1111,0.5704872608184814,0.5310460925102234,0.3944118320941925,0.0001521541576008382
1112,0.662278413772583,0.6167387366294861,0.4553970396518707,0.00015205839307436088
1113,0.5284103155136108,0.49169450998306274,0.367157906293869,0.00015196256301271884
1114,0.6261568069458008,0.5832586884498596,0.42898091673851013,0.0001518666675365504
1115,0.6070935130119324,0.565795361995697,0.41298171877861023,0.00015177070676657633
1116,0.5469244718551636,0.50881028175354,0.38114216923713684,0.00015167468082359945
1117,0.6012399792671204,0.5593104958534241,0.41929471492767334,0.00015157858982850475
1118,0.6343000531196594,0.5902944207191467,0.44005608558654785,0.00015148243390225908
1119,0.601006031036377,0.5590980648994446,0.4190799295902252,0.00015138621316591094
1120,0.5801295042037964,0.5398179292678833,0.40311554074287415,0.00015128992774059063
1121,0.6381306052207947,0.594098687171936,0.44031935930252075,0.00015119357774750965
1122,0.6639722585678101,0.6184468269348145,0.4552541971206665,0.0001510971633079609
1123,0.5628033876419067,0.5235275626182556,0.392758309841156,0.00015100068454331836
1124,0.5877845883369446,0.5472756028175354,0.40508994460105896,0.00015090414157503714
1125,0.6045305728912354,0.5634638071060181,0.4106677770614624,0.00015080753452465296
1126,0.6403224468231201,0.59653240442276,0.43790069222450256,0.00015071086351378231
1127,0.615714967250824,0.5736064910888672,0.4210844933986664,0.00015061412866412225
1128,0.5647671222686768,0.5254240036010742,0.39343148469924927,0.00015051733009745013
1129,0.5958170294761658,0.5542360544204712,0.41580986976623535,0.00015042046793562348
1130,0.6280168294906616,0.5844904184341431,0.43526384234428406,0.00015032354230058004
1131,0.606904923915863,0.5651947855949402,0.41710126399993896,0.00015022655331433727
1132,0.6289507150650024,0.5854141116142273,0.43536609411239624,0.0001501295010989925
1133,0.603775680065155,0.5622778534889221,0.41497814655303955,0.00015003238577672266
1134,0.5821227431297302,0.5421574115753174,0.39965346455574036,0.00014993520746978405
1135,0.6050166487693787,0.56337970495224,0.41636961698532104,0.0001498379663005123
1136,0.6149822473526001,0.572772741317749,0.42209506034851074,0.0001497406623913222
1137,0.6346171498298645,0.5900712609291077,0.44545915722846985,0.00014964329586470752
1138,0.6029279828071594,0.5604823231697083,0.42445680499076843,0.00014954586684324078
1139,0.6462404727935791,0.6013175249099731,0.44922974705696106,0.00014944837544957323
1140,0.608474850654602,0.5667758584022522,0.4169902205467224,0.0001493508218064347
1141,0.6453163027763367,0.6010282039642334,0.4428809881210327,0.00014925320603663327
1142,0.608862042427063,0.5671800374984741,0.41682007908821106,0.00014915552826305533
1143,0.5474176406860352,0.5097651481628418,0.37652474641799927,0.0001490577886086652
1144,0.6006700992584229,0.5594260692596436,0.41244059801101685,0.00014895998719650526
1145,0.5769324898719788,0.5369636416435242,0.3996882140636444,0.00014886212414969553
1146,0.5829285383224487,0.5424938201904297,0.40434741973876953,0.0001487641995914336
1147,0.6294854283332825,0.5865174531936646,0.4296799302101135,0.0001486662136449946
1148,0.5747272968292236,0.5348027944564819,0.39924484491348267,0.00014856816643373083
1149,0.5563498735427856,0.5181468725204468,0.38203004002571106,0.00014847005808107185
1150,0.6388125419616699,0.5948085188865662,0.44004026055336,0.000148371888710524
1151,0.5803897976875305,0.5407034158706665,0.39686405658721924,0.0001482736584456706
1152,0.6158865690231323,0.5739649534225464,0.4192163050174713,0.00014817536741017152
1153,0.6421142816543579,0.5976871252059937,0.4442715048789978,0.00014807701572776323
1154,0.6281168460845947,0.585257887840271,0.4285896420478821,0.00014797860352225853
1155,0.5973113179206848,0.5557591915130615,0.4155210852622986,0.00014788013091754628
1156,0.6249045133590698,0.5820029377937317,0.42901575565338135,0.00014778159803759158
1157,0.5897712111473083,0.5489417910575867,0.40829429030418396,0.00014768300500643517
1158,0.6280059814453125,0.5837319493293762,0.4427405893802643,0.00014758435194819376
1159,0.6369074583053589,0.5931218266487122,0.4378564953804016,0.00014748563898705946
1160,0.5793988108634949,0.5396305322647095,0.39768296480178833,0.00014738686624729986
1161,0.6067667603492737,0.5650511384010315,0.4171559512615204,0.00014728803385325782
1162,0.5617812275886536,0.5227060914039612,0.39075109362602234,0.0001471891419293512
1163,0.6075239777565002,0.5661771893501282,0.4134680926799774,0.00014709019060007286
1164,0.7004282474517822,0.651983380317688,0.48444893956184387,0.00014699117998999054
1165,0.5830750465393066,0.5436778664588928,0.39397189021110535,0.00014689211022374645
1166,0.6550699472427368,0.6101300716400146,0.44939863681793213,0.00014679298142605734
1167,0.6338909268379211,0.5902601480484009,0.4363076984882355,0.0001466937937217143
1168,0.5987476706504822,0.5575412511825562,0.41206416487693787,0.00014659454723558248
1169,0.5716949701309204,0.5315833687782288,0.401116281747818,0.00014649524209260116
1170,0.5484204292297363,0.5108491778373718,0.3757125437259674,0.00014639587841778343
1171,0.5734843015670776,0.5338436961174011,0.39640599489212036,0.0001462964563362159
1172,0.6304762363433838,0.587376058101654,0.4310015141963959,0.00014619697597305898
1173,0.6105801463127136,0.5687388777732849,0.4184124767780304,0.00014609743745354624
1174,0.6248916983604431,0.5805352330207825,0.4435645043849945,0.0001459978409029845
1175,0.6147440075874329,0.5729061365127563,0.41837844252586365,0.00014589818644675378
1176,0.5745842456817627,0.5351165533065796,0.39467698335647583,0.00014579847421030678
1177,0.5884504318237305,0.5477693676948547,0.4068104326725006,0.00014569870431916903
1178,0.6217684745788574,0.578795313835144,0.42973148822784424,0.0001455988768989387
1179,0.608718752861023,0.5671230554580688,0.4159567356109619,0.00014549899207528632
1180,0.6039636135101318,0.5624005198478699,0.41563063859939575,0.00014539904997395468
1181,0.6181967258453369,0.5754997134208679,0.42697036266326904,0.00014529905072075872
1182,0.5737395286560059,0.5336958765983582,0.40043625235557556,0.00014519899444158526
1183,0.6381831765174866,0.5943227410316467,0.438604474067688,0.00014509888126239297
1184,0.5618554949760437,0.5234216451644897,0.3843383491039276,0.00014499871130921213
1185,0.5768041610717773,0.5377360582351685,0.3906809687614441,0.00014489848470814447
1186,0.6454699039459229,0.6014819145202637,0.43987974524497986,0.00014479820158536306
1187,0.6118357181549072,0.5693207383155823,0.4251495599746704,0.00014469786206711214
1188,0.5770500302314758,0.537437915802002,0.39612093567848206,0.00014459746627970685
1189,0.6297438144683838,0.5870025753974915,0.42741209268569946,0.0001444970143495333
1190,0.5930200219154358,0.552435040473938,0.4058498740196228,0.00014439650640304822
1191,0.6534452438354492,0.6086270213127136,0.44818243384361267,0.00014429594256677882
1192,0.6295698881149292,0.5856503248214722,0.43919554352760315,0.0001441953229673227
1193,0.6038121581077576,0.5615079998970032,0.4230414628982544,0.00014409464773134764
1194,0.5764595866203308,0.535709023475647,0.4075058698654175,0.00014399391698559152
1195,0.5934687852859497,0.5528073310852051,0.4066144824028015,0.00014389313085686205
1196,0.5432555079460144,0.5060127973556519,0.372427374124527,0.00014379228947203665
1197,0.586789608001709,0.5463436841964722,0.4044594168663025,0.0001436913929580623
1198,0.6394882798194885,0.5948784947395325,0.44609811902046204,0.00014359044144195547
1199,0.5955674648284912,0.554719865322113,0.4084760546684265,0.00014348943505080173
1200,0.6750681400299072,0.6289939880371094,0.46074149012565613,0.00014338837391175582
1201,0.6388466358184814,0.5949212908744812,0.43925362825393677,0.00014328725815204144
1202,0.5831824541091919,0.5421802401542664,0.41002240777015686,0.00014318608789895088
1203,0.5857273936271667,0.5447182059288025,0.4100916385650635,0.00014308486327984523
1204,0.6057837009429932,0.5645402669906616,0.41243454813957214,0.00014298358442215388
1205,0.6212858557701111,0.5780146718025208,0.4327116906642914,0.00014288225145337466
1206,0.6536476016044617,0.6089462041854858,0.4470139145851135,0.0001427808645010733
1207,0.5837224125862122,0.543510377407074,0.4021204113960266,0.00014267942369288364
1208,0.613073468208313,0.5712525248527527,0.41820967197418213,0.00014257792915650728
1209,0.6283889412879944,0.5852218270301819,0.4316710829734802,0.00014247638101971344
1210,0.5966095328330994,0.5550441741943359,0.4156535863876343,0.00014237477941033888
1211,0.6299683451652527,0.5862137079238892,0.43754634261131287,0.00014227312445628759
1212,0.6224227547645569,0.5790592432022095,0.4336351752281189,0.00014217141628553078
1213,0.5789411664009094,0.5394302606582642,0.3951089084148407,0.00014206965502610655
1214,0.6123155355453491,0.5695532560348511,0.42762261629104614,0.00014196784080612002
1215,0.6428959965705872,0.5988039970397949,0.44092005491256714,0.0001418659737537428
1216,0.6092331409454346,0.5671426057815552,0.420905202627182,0.00014176405399721312
1217,0.5680447220802307,0.5289716720581055,0.3907305896282196,0.00014166208166483548
1218,0.6156253218650818,0.5728193521499634,0.42805954813957214,0.00014156005688498063
1219,0.6606622934341431,0.6151739954948425,0.45488297939300537,0.00014145797978608527
1220,0.6593195796012878,0.6135669946670532,0.4575258195400238,0.00014135585049665207
1221,0.5912386775016785,0.5510451197624207,0.4019353985786438,0.00014125366914524934
1222,0.6132445335388184,0.5718224048614502,0.41422104835510254,0.00014115143586051088
1223,0.6007944345474243,0.558972954750061,0.4182150363922119,0.000141049150771136
1224,0.549608588218689,0.5113903880119324,0.38218194246292114,0.00014094681400588906
1225,0.6330730319023132,0.5893651247024536,0.4370793402194977,0.00014084442569359964
1226,0.6458413004875183,0.6003705859184265,0.45470699667930603,0.00014074198596316205
1227,0.5938569903373718,0.5528610944747925,0.4099590480327606,0.0001406394949435355
1228,0.6218709349632263,0.579151451587677,0.42719510197639465,0.0001405369527637436
1229,0.6019414067268372,0.5605490207672119,0.4139236807823181,0.00014043435955287452
1230,0.6393150091171265,0.5953017473220825,0.4401327073574066,0.00014033171544008052
1231,0.5966604351997375,0.555718183517456,0.4094223082065582,0.00014022902055457802
1232,0.6198408007621765,0.5766494870185852,0.431912899017334,0.00014012627502564743
1233,0.5939257740974426,0.5531556010246277,0.4077017307281494,0.00014002347898263274
1234,0.6046519875526428,0.562984049320221,0.4166795313358307,0.0001399206325549417
1235,0.6049817800521851,0.563565731048584,0.4141605794429779,0.00013981773587204535
1236,0.6283182501792908,0.5848708748817444,0.43447381258010864,0.00013971478906347806
1237,0.6185925006866455,0.5762037634849548,0.42388710379600525,0.00013961179225883735
1238,0.5825040340423584,0.5422710180282593,0.40233033895492554,0.00013950874558778362
1239,0.5929287672042847,0.5513729453086853,0.4155580997467041,0.00013940564918004004
1240,0.596297025680542,0.555480420589447,0.4081658124923706,0.00013930250316539238
1241,0.6060154438018799,0.563308596611023,0.42706847190856934,0.00013919930767368891
1242,0.5677300691604614,0.5288261771202087,0.38903865218162537,0.00013909606283484018
1243,0.6095061302185059,0.5673157572746277,0.42190346121788025,0.00013899276877881884
1244,0.6346849203109741,0.590264081954956,0.44420814514160156,0.0001388894256356595
1245,0.6264284253120422,0.5831323862075806,0.43296054005622864,0.00013878603353545854
1246,0.5808969736099243,0.5402224063873291,0.4067458510398865,0.00013868259260837402
1247,0.615332305431366,0.5723564624786377,0.4297584891319275,0.00013857910298462544
1248,0.6118836998939514,0.5689612627029419,0.4292243421077728,0.0001384755647944936
1249,0.6178085803985596,0.5763750076293945,0.41433587670326233,0.0001383719781683205
1250,0.6271042823791504,0.5830606818199158,0.4404361844062805,0.000138268343236509
1251,0.6198809742927551,0.5771589875221252,0.42722004652023315,0.00013816466012952285
1252,0.570256233215332,0.5312930941581726,0.3896312415599823,0.00013806092897788644
1253,0.5803832411766052,0.5403153300285339,0.4006791412830353,0.00013795714991218463
1254,0.6716465950012207,0.6253759860992432,0.46270638704299927,0.00013785332306306259
1255,0.5798470973968506,0.5399203300476074,0.3992674946784973,0.00013774944856122568
1256,0.6038416624069214,0.5626713037490845,0.41170376539230347,0.0001376455265374392
1257,0.5950121283531189,0.5534496307373047,0.41562479734420776,0.00013754155712252832
1258,0.6540957093238831,0.6092678904533386,0.4482782781124115,0.00013743754044737781
1259,0.5642365217208862,0.5248901844024658,0.393463134765625,0.000137333476642932
1260,0.5676227807998657,0.5286087989807129,0.39013978838920593,0.00013722936584019453
1261,0.5863951444625854,0.5461060404777527,0.4028908908367157,0.00013712520817022817
1262,0.65215003490448,0.6072406768798828,0.44909384846687317,0.00013702100376415473
1263,0.6085583567619324,0.5666804909706116,0.41877877712249756,0.00013691675275315484
1264,0.577727735042572,0.5376684069633484,0.4005933403968811,0.00013681245526846783
1265,0.5800584554672241,0.5401748418807983,0.3988359570503235,0.00013670811144139144
1266,0.5896680355072021,0.5496282577514648,0.40039774775505066,0.00013660372140328187
1267,0.6433706879615784,0.5983772277832031,0.44993433356285095,0.00013649928528555342
1268,0.5905302166938782,0.5500969290733337,0.40433260798454285,0.00013639480321967845
1269,0.65472811460495,0.609382152557373,0.45345962047576904,0.0001362902753371871
1270,0.5870803594589233,0.5469033718109131,0.40176981687545776,0.00013618570176966724
1271,0.6309043169021606,0.5873990654945374,0.43505263328552246,0.0001360810826487642
1272,0.5986595749855042,0.5577482581138611,0.40911322832107544,0.00013597641810618073
1273,0.6554787158966064,0.6097692847251892,0.45709431171417236,0.00013587170827367663
1274,0.5932309627532959,0.5524349212646484,0.4079606235027313,0.00013576695328306894
1275,0.5813324451446533,0.5415539741516113,0.3977847397327423,0.0001356621532662313
1276,0.5701062679290771,0.530855119228363,0.39251142740249634,0.0001355573083550942
1277,0.621110737323761,0.578600287437439,0.4251044988632202,0.00013545241868164457
1278,0.6247501373291016,0.5818536877632141,0.4289642572402954,0.00013534748437792573
1279,0.5348386764526367,0.49795663356781006,0.36882030963897705,0.00013524250557603713
1280,0.5206711888313293,0.4848629832267761,0.3580819368362427,0.0001351374824081343
1281,0.5838052034378052,0.5437564849853516,0.4004872143268585,0.00013503241500642855
1282,0.6379183530807495,0.5939770936965942,0.4394126832485199,0.00013492730350318696
1283,0.5830549001693726,0.5431631803512573,0.3989171087741852,0.00013482214803073209
1284,0.5626397132873535,0.5240494012832642,0.3859028220176697,0.00013471694872144188
1285,0.5908219814300537,0.5494383573532104,0.4138360619544983,0.0001346117057077493
1286,0.5810319781303406,0.5411220192909241,0.3990996479988098,0.00013450641912214262
1287,0.566654622554779,0.5274625420570374,0.39192086458206177,0.00013440108909716468
1288,0.5847821831703186,0.5441247820854187,0.4065741300582886,0.00013429571576541315
1289,0.5984485149383545,0.5573824048042297,0.41066089272499084,0.00013419029925954029
1290,0.6141988635063171,0.5722324848175049,0.41966402530670166,0.0001340848397122525
1291,0.590756893157959,0.5496244430541992,0.41132432222366333,0.00013397933725631055
1292,0.5983720421791077,0.5571826696395874,0.41189369559288025,0.00013387379202452917
1293,0.628662109375,0.585857093334198,0.4280504286289215,0.00013376820414977685
1294,0.5937919616699219,0.5530846118927002,0.40707334876060486,0.0001336625737649759
1295,0.6078063249588013,0.5660384893417358,0.4176783859729767,0.00013355690100310213
1296,0.6574419736862183,0.6118723154067993,0.45569688081741333,0.00013345118599718457
1297,0.6499636173248291,0.6054756045341492,0.4448801875114441,0.00013334542888030553
1298,0.5722801089286804,0.5329554677009583,0.3932465612888336,0.00013323962978560033
1299,0.5903276801109314,0.5494386553764343,0.4088903069496155,0.0001331337888462571
1300,0.6345604062080383,0.5900494456291199,0.44510963559150696,0.00013302790619551674
1301,0.5538935661315918,0.5158313512802124,0.3806222975254059,0.00013292198196667248
1302,0.5514418482780457,0.5136299133300781,0.3781195282936096,0.00013281601629307007
1303,0.6694854497909546,0.6229909062385559,0.4649451971054077,0.00013271000930810737
1304,0.6448688507080078,0.6004006862640381,0.44468194246292114,0.0001326039611452342
1305,0.570179283618927,0.5308606028556824,0.3931869864463806,0.00013249787193795226
1306,0.6248277425765991,0.5817707180976868,0.430570125579834,0.00013239174181981495
1307,0.6465006470680237,0.6016920208930969,0.44808632135391235,0.00013228557092442712
1308,0.5812620520591736,0.5417108535766602,0.39551183581352234,0.00013217935938544497
1309,0.6239938139915466,0.5810725688934326,0.429212361574173,0.00013207310733657585
1310,0.5998387932777405,0.5578449368476868,0.4199387729167938,0.00013196681491157818
1311,0.5695723295211792,0.5303078293800354,0.3926449418067932,0.00013186048224426107
1312,0.6561681032180786,0.6112781763076782,0.4488992393016815,0.00013175410946848445
1313,0.5924671292304993,0.5511237382888794,0.4134340286254883,0.00013164769671815862
1314,0.5757229328155518,0.5361214280128479,0.3960152864456177,0.0001315412441272443
1315,0.610421359539032,0.5677767395973206,0.4264461398124695,0.00013143475182975222
1316,0.5776851773262024,0.5381136536598206,0.39571502804756165,0.00013132821995974326
1317,0.615678608417511,0.5730217099189758,0.42656904458999634,0.00013122164865132807
1318,0.6277762651443481,0.585171639919281,0.4260460436344147,0.00013111503803866684
1319,0.6128437519073486,0.5705338716506958,0.42309874296188354,0.0001310083882559694
1320,0.5958786606788635,0.554787278175354,0.4109136462211609,0.00013090169943749476
1321,0.6419682502746582,0.5976532101631165,0.4431505501270294,0.00013079497171755112
1322,0.6183207631111145,0.5758028626441956,0.42517927289009094,0.00013068820523049572
1323,0.640889048576355,0.596799373626709,0.4408966600894928,0.00013058140011073448
1324,0.5960875153541565,0.5549377202987671,0.4114978015422821,0.00013047455649272207
1325,0.6043341755867004,0.5624372959136963,0.41896891593933105,0.00013036767451096148
1326,0.6208992004394531,0.5787991881370544,0.4210003614425659,0.00013026075430000417
1327,0.6957769393920898,0.6479672193527222,0.4780969023704529,0.00013015379599444957
1328,0.6182546019554138,0.5753253698348999,0.4292924106121063,0.0001300467997289452
1329,0.6879463195800781,0.640580952167511,0.4736536741256714,0.00012993976563818626
1330,0.6841144561767578,0.6370536684989929,0.470608115196228,0.0001298326938569156
1331,0.624086856842041,0.5808606743812561,0.43226179480552673,0.00012972558451992362
1332,0.6385837197303772,0.5945195555686951,0.4406418204307556,0.00012961843776204777
1333,0.6076436042785645,0.5650337934494019,0.4260980188846588,0.00012951125371817281
1334,0.5989134907722473,0.5576291680335999,0.4128432273864746,0.0001294040325232304
1335,0.57637619972229,0.5356466174125671,0.4072955250740051,0.0001292967743121989
1336,0.6271944642066956,0.5837547183036804,0.43439751863479614,0.00012918947922010336
1337,0.6140616536140442,0.5713357329368591,0.4272591173648834,0.00012908214738201513
1338,0.6125110387802124,0.5704088807106018,0.4210215210914612,0.00012897477893305195
1339,0.6112915277481079,0.5683596134185791,0.4293193221092224,0.00012886737400837758
1340,0.6238752007484436,0.5797863602638245,0.44088828563690186,0.00012875993274320173
1341,0.5796996355056763,0.5399135947227478,0.3978605568408966,0.00012865245527277986
1342,0.6204483509063721,0.5779273509979248,0.42521023750305176,0.00012854494173241294
1343,0.584126353263855,0.5439435243606567,0.4018283188343048,0.0001284373922574474
1344,0.5716941356658936,0.5327030420303345,0.38991108536720276,0.00012832980698327496
1345,0.6043511629104614,0.56258624792099,0.4176490306854248,0.00012822218604533232
1346,0.6349850296974182,0.5912581086158752,0.437269389629364,0.00012811452957910109
1347,0.6273993849754333,0.5843612551689148,0.43038150668144226,0.00012800683772010767
1348,0.5730442404747009,0.5332582592964172,0.3978595733642578,0.00012789911060392294
1349,0.6752498745918274,0.6288778185844421,0.46372050046920776,0.00012779134836616218
1350,0.6314266920089722,0.5880765914916992,0.4335012137889862,0.00012768355114248494
1351,0.5825035572052002,0.5421583652496338,0.40345191955566406,0.00012757571906859476
1352,0.5874946117401123,0.5468845963478088,0.40610042214393616,0.00012746785228023904
1353,0.5476136803627014,0.5100914239883423,0.37522244453430176,0.00012735995091320892
1354,0.641210675239563,0.5970896482467651,0.4412100315093994,0.00012725201510333905
1355,0.5679666996002197,0.5285397171974182,0.3942699432373047,0.00012714404498650743
1356,0.554578423500061,0.516289472579956,0.38288959860801697,0.0001270360406986353
1357,0.6142402291297913,0.5721840858459473,0.42056137323379517,0.00012692800237568686
1358,0.5779984593391418,0.5384135842323303,0.39584869146347046,0.00012681993015366917
1359,0.6255472302436829,0.5822610855102539,0.4328616261482239,0.000126711824168632
1360,0.6513981819152832,0.6062701940536499,0.4512799084186554,0.00012660368455666752
1361,0.5885571837425232,0.5488321781158447,0.39725014567375183,0.00012649551145391035
1362,0.5665130019187927,0.5276424884796143,0.3887052834033966,0.0001263873049965373
1363,0.5984557867050171,0.5573614239692688,0.4109436571598053,0.000126279065320767
1364,0.6046113967895508,0.5625651478767395,0.4204626977443695,0.00012617079256286
1365,0.5620928406715393,0.5236847400665283,0.3840809762477875,0.00012606248685911853
1366,0.5655990242958069,0.526115894317627,0.3948313593864441,0.00012595414834588626
1367,0.5829029083251953,0.5426087379455566,0.4029419720172882,0.00012584577715954814
1368,0.5457231998443604,0.5083221197128296,0.3740108907222748,0.00012573737343653024
1369,0.5845867991447449,0.5440261960029602,0.40560609102249146,0.00012562893731329967
1370,0.5635426044464111,0.5249110460281372,0.38631579279899597,0.00012552046892636427
1371,0.6585341691970825,0.6135203242301941,0.45013830065727234,0.00012541196841227246
1372,0.6446834802627563,0.5999903082847595,0.4469316601753235,0.00012530343590761318
1373,0.6000024676322937,0.5585438013076782,0.4145868718624115,0.00012519487154901562
1374,0.6327347755432129,0.5893214344978333,0.43413329124450684,0.0001250862754731491
1375,0.6210788488388062,0.5786879062652588,0.42390912771224976,0.0001249776478167227
1376,0.5930601358413696,0.5524901747703552,0.40569934248924255,0.0001248689887164855
1377,0.5965898633003235,0.5554541945457458,0.41135677695274353,0.000124760298309226
1378,0.5874499082565308,0.5471081137657166,0.4034179449081421,0.00012465157673177216
1379,0.5808476209640503,0.5402258038520813,0.40621790289878845,0.0001245428241209912
1380,0.6220009326934814,0.578476071357727,0.43524858355522156,0.0001244340406137894
1381,0.6121777296066284,0.5697854161262512,0.4239233434200287,0.00012432522634711192
1382,0.6182204484939575,0.5752063393592834,0.43014124035835266,0.0001242163814579426
1383,0.5818722248077393,0.5420089364051819,0.39863258600234985,0.00012410750608330388
1384,0.6379321813583374,0.5938537120819092,0.44078487157821655,0.0001239986003602566
1385,0.6291561722755432,0.5858134031295776,0.4334278106689453,0.0001238896644258998
1386,0.6152380108833313,0.5727035403251648,0.4253445565700531,0.00012378069841737044
1387,0.5918685793876648,0.5510476231575012,0.4082096219062805,0.00012367170247184355
1388,0.5959116816520691,0.55513596534729,0.40775689482688904,0.0001235626767265316
1389,0.6125643849372864,0.5702655911445618,0.42298778891563416,0.0001234536213186848
1390,0.5569880604743958,0.5186511278152466,0.38336941599845886,0.00012334453638559057
1391,0.6226403713226318,0.5791618227958679,0.4347851872444153,0.00012323542206457347
1392,0.5774101614952087,0.5379265546798706,0.3948360085487366,0.00012312627849299523
1393,0.62086421251297,0.577724039554596,0.43140193819999695,0.00012301710580825423
1394,0.5688945055007935,0.528914213180542,0.39980268478393555,0.0001229079041477855
1395,0.5947591662406921,0.5537099242210388,0.4104922413825989,0.00012279867364906071
1396,0.637285590171814,0.5935776233673096,0.43707966804504395,0.00012268941444958765
1397,0.6092946529388428,0.5681109428405762,0.41183724999427795,0.0001225801266869104
1398,0.6017774939537048,0.5598409175872803,0.4193655848503113,0.00012247081049860883
1399,0.5901756286621094,0.5494129061698914,0.40762728452682495,0.00012236146602229874
1400,0.6216936111450195,0.5786465406417847,0.43047061562538147,0.00012225209339563145
1401,0.6184165477752686,0.5754550695419312,0.4296150207519531,0.0001221426927562938
1402,0.6469218730926514,0.6022846102714539,0.4463726282119751,0.00012203326424200778
1403,0.5655333995819092,0.5270337462425232,0.3849962651729584,0.00012192380799053058
1404,0.6439889073371887,0.5995410084724426,0.4444790184497833,0.00012181432413965428
1405,0.5809538960456848,0.5406935811042786,0.40260326862335205,0.00012170481282720563
1406,0.6135882139205933,0.5711009502410889,0.42487239837646484,0.00012159527419104607
1407,0.5569131374359131,0.5186244249343872,0.3828868865966797,0.00012148570836907133
1408,0.5929754376411438,0.5523779392242432,0.40597501397132874,0.00012137611549921146
1409,0.6375717520713806,0.5936973094940186,0.4387444257736206,0.00012126649571943047
1410,0.6197183728218079,0.5765785574913025,0.4313983917236328,0.00012115684916772629
1411,0.6376517415046692,0.5941488146781921,0.4350290596485138,0.00012104717598213056
1412,0.5908274054527283,0.5506685376167297,0.40158864855766296,0.00012093747630070844
1413,0.598208487033844,0.5568264126777649,0.41382065415382385,0.00012082775026155846
1414,0.6221352815628052,0.5781660079956055,0.4396927058696747,0.00012071799800281231
1415,0.6234244704246521,0.5799219012260437,0.43502572178840637,0.00012060821966263465
1416,0.5216493606567383,0.485916405916214,0.35732945799827576,0.00012049841537922307
1417,0.5680511593818665,0.5289998054504395,0.39051365852355957,0.00012038858529080768
1418,0.6027982831001282,0.5613135695457458,0.4148472547531128,0.00012027872953565125
1419,0.6550080180168152,0.6100952625274658,0.4491276443004608,0.00012016884825204875
1420,0.6224715113639832,0.5797425508499146,0.42728951573371887,0.00012005894157832729
1421,0.5699862241744995,0.5310595035552979,0.3892672657966614,0.00011994900965284599
1422,0.5920488238334656,0.5512248277664185,0.4082399010658264,0.00011983905261399566
1423,0.6251972317695618,0.582475483417511,0.4272172749042511,0.00011972907060019887
1424,0.5509493947029114,0.5115969181060791,0.39352455735206604,0.00011961906374990952
1425,0.6279881000518799,0.5855867266654968,0.42401349544525146,0.00011950903220161285
1426,0.6034712195396423,0.5616955757141113,0.417756587266922,0.00011939897609382511
1427,0.5610281825065613,0.5229122638702393,0.381159245967865,0.0001192888955650935
1428,0.5413064360618591,0.5043649673461914,0.36941465735435486,0.000119178790753996
1429,0.5786296129226685,0.5383568406105042,0.4027276039123535,0.00011906866179914116
1430,0.5754709839820862,0.5359267592430115,0.3954422175884247,0.00011895850883916786
1431,0.6246352195739746,0.581662654876709,0.4297259449958801,0.00011884833201274523
1432,0.5735741257667542,0.533578097820282,0.3999600112438202,0.00011873813145857249
1433,0.6099578738212585,0.5683444142341614,0.4161343574523926,0.00011862790731537865
1434,0.5555083155632019,0.5176957845687866,0.37812539935112,0.00011851765972192244
1435,0.6590487360954285,0.6129589080810547,0.460898220539093,0.00011840738881699219
1436,0.6092148423194885,0.5674269795417786,0.41787853837013245,0.00011829709473940547
1437,0.6311492919921875,0.5879990458488464,0.43150272965431213,0.00011818677762800909
1438,0.5777413249015808,0.5380359888076782,0.39705348014831543,0.00011807643762167884
1439,0.5985568165779114,0.5578504800796509,0.40706345438957214,0.00011796607485931928
1440,0.5797862410545349,0.5396961569786072,0.40090060234069824,0.00011785568947986367
1441,0.6209991574287415,0.578490674495697,0.42508456110954285,0.00011774528162227376
1442,0.5346080660820007,0.49738651514053345,0.3722156882286072,0.00011763485142553959
1443,0.5748467445373535,0.5354981422424316,0.3934860825538635,0.00011752439902867925
1444,0.6194246411323547,0.5760399103164673,0.433847039937973,0.00011741392457073888
1445,0.6109240055084229,0.5683173537254333,0.4260665476322174,0.00011730342819079227
1446,0.6196334958076477,0.5765515565872192,0.43081966042518616,0.00011719291002794096
1447,0.6428263783454895,0.598511278629303,0.4431511461734772,0.00011708237022131381
1448,0.6005789637565613,0.559276282787323,0.4130270481109619,0.00011697180891006689
1449,0.6302233338356018,0.5865117907524109,0.4371156394481659,0.00011686122623338349
1450,0.6316769123077393,0.5881648659706116,0.4351206421852112,0.00011675062233047364
1451,0.5969264507293701,0.5559050440788269,0.4102141857147217,0.0001166399973405742
1452,0.6470091938972473,0.6022539734840393,0.4475521743297577,0.00011652935140294852
1453,0.626995325088501,0.5838397145271301,0.4315560758113861,0.0001164186846568863
1454,0.5962231159210205,0.5548310279846191,0.4139207899570465,0.00011630799724170353
1455,0.5982502102851868,0.5566040873527527,0.416461318731308,0.00011619728929674209
1456,0.6561124324798584,0.6113877296447754,0.44724714756011963,0.00011608656096136984
1457,0.6112728714942932,0.5691313743591309,0.42141494154930115,0.0001159758123749802
1458,0.6049309968948364,0.5632625818252563,0.4166843593120575,0.00011586504367699217
1459,0.6405001282691956,0.5969263315200806,0.4357379972934723,0.00011575425500685002
1460,0.5715991854667664,0.5317468643188477,0.3985230624675751,0.0001156434465040231
1461,0.611800491809845,0.5693432092666626,0.4245726466178894,0.00011553261830800586
1462,0.6163713335990906,0.573869526386261,0.4250182509422302,0.00011542177055831745
1463,0.6344039440155029,0.5906448364257812,0.4375911056995392,0.00011531090339450165
1464,0.6172293424606323,0.5743040442466736,0.4292532503604889,0.00011520001695612674
1465,0.6066354513168335,0.5650997161865234,0.41535714268684387,0.00011508911138278515
1466,0.5836145877838135,0.5429068207740784,0.40707772970199585,0.00011497818681409351
1467,0.5598791837692261,0.5214382410049438,0.3844091594219208,0.00011486724338969232
1468,0.626831591129303,0.5840709209442139,0.4276069104671478,0.00011475628124924577
1469,0.6069727540016174,0.5654297471046448,0.4154302477836609,0.00011464530053244169
1470,0.6101959943771362,0.567966878414154,0.42229145765304565,0.00011453430137899129
1471,0.6251742243766785,0.5819678902626038,0.43206319212913513,0.00011442328392862891
1472,0.6278060674667358,0.5828940868377686,0.44912007451057434,0.00011431224832111196
1473,0.559805691242218,0.521184504032135,0.38621196150779724,0.00011420119469622077
1474,0.5900461077690125,0.5498673319816589,0.4017878472805023,0.00011409012319375827
1475,0.6360059976577759,0.5925074815750122,0.43498530983924866,0.00011397903395354996
1476,0.6355981826782227,0.5913134217262268,0.4428473114967346,0.0001138679271154436
1477,0.5783728361129761,0.5387071371078491,0.39665713906288147,0.00011375680281930919
1478,0.6461729407310486,0.601523220539093,0.44649720191955566,0.00011364566120503864
1479,0.6243650317192078,0.5816627144813538,0.42702335119247437,0.0001135345024125456
1480,0.6677725911140442,0.6218269467353821,0.45945650339126587,0.00011342332658176555
1481,0.5753880143165588,0.5350109934806824,0.4037702679634094,0.00011331213385265524
1482,0.6110886335372925,0.5694187879562378,0.416698694229126,0.00011320092436519276
1483,0.6199514269828796,0.5769354104995728,0.43015995621681213,0.00011308969825937725
1484,0.6201140880584717,0.5778421759605408,0.4227190315723419,0.00011297845567522886
1485,0.6153808236122131,0.5733736753463745,0.42007148265838623,0.00011286719675278838
1486,0.5833961367607117,0.5429823398590088,0.40413787961006165,0.00011275592163211726
1487,0.5686410665512085,0.5296941995620728,0.38946861028671265,0.00011264463045329728
1488,0.5506603121757507,0.513240396976471,0.37419918179512024,0.00011253332335643043
1489,0.6691089272499084,0.6228674054145813,0.4624153971672058,0.00011242200048163882
1490,0.6354342103004456,0.5917603373527527,0.4367384612560272,0.0001123106619690643
1491,0.5910976529121399,0.550562858581543,0.4053482115268707,0.0001121993079588685
1492,0.5407968759536743,0.503398060798645,0.37398794293403625,0.00011208793859123257
1493,0.6124598979949951,0.5705573558807373,0.4190256595611572,0.00011197655400635689
1494,0.6155284643173218,0.5726730823516846,0.428553968667984,0.0001118651543444611
1495,0.5404928922653198,0.5031698942184448,0.3732299506664276,0.00011175373974578378
1496,0.6411356329917908,0.5967437028884888,0.44391921162605286,0.00011164231035058228
1497,0.6096398830413818,0.5677992701530457,0.4184059202671051,0.00011153086629913267
1498,0.6588900685310364,0.6133797764778137,0.4551030993461609,0.00011141940773172939
1499,0.6146851181983948,0.5727876424789429,0.41897451877593994,0.00011130793478868515
1500,0.5967506170272827,0.5558311343193054,0.40919458866119385,0.00011119644761033078
1501,0.6295308470726013,0.5863510966300964,0.4317975640296936,0.00011108494633701512
1502,0.6195895671844482,0.5765067934989929,0.4308274984359741,0.00011097343110910452
1503,0.5814401507377625,0.5407717823982239,0.4066835045814514,0.0001108619020669832
1504,0.5799639821052551,0.5396527051925659,0.40311262011528015,0.00011075035935105252
1505,0.6087145209312439,0.5662937164306641,0.4242078363895416,0.00011063880310173113
1506,0.6222870945930481,0.5792153477668762,0.43071720004081726,0.00011052723345945483
1507,0.6260117888450623,0.5826184153556824,0.4339335560798645,0.00011041565056467614
1508,0.5528135299682617,0.5147433876991272,0.3807012736797333,0.00011030405455786425
1509,0.6069940328598022,0.5649735331535339,0.4202048182487488,0.000110192445579505
1510,0.657936155796051,0.6126459836959839,0.4529016315937042,0.00011008082377010045
1511,0.6017979383468628,0.560754656791687,0.41043275594711304,0.00010996918927016886
1512,0.6169646978378296,0.5744213461875916,0.425433486700058,0.00010985754222024436
1513,0.5397709012031555,0.5031363368034363,0.36634567379951477,0.00010974588276087705
1514,0.5889591574668884,0.5482238531112671,0.4073532223701477,0.00010963421103263252
1515,0.6219238042831421,0.5790941715240479,0.42829611897468567,0.00010952252717609188
1516,0.6144846677780151,0.5715655088424683,0.4291912913322449,0.00010941083133185146
1517,0.5876711010932922,0.5472934246063232,0.40377676486968994,0.00010929912364052268
1518,0.610852837562561,0.5681021809577942,0.4275062680244446,0.00010918740424273191
1519,0.6145250201225281,0.572318971157074,0.4220607280731201,0.00010907567327912025
1520,0.5588102340698242,0.5205308794975281,0.3827933371067047,0.00010896393089034336
1521,0.6034256219863892,0.5619082450866699,0.41517385840415955,0.00010885217721707124
1522,0.6551011800765991,0.6090818047523499,0.460193932056427,0.00010874041239998816
1523,0.5580818057060242,0.5201464891433716,0.3793533444404602,0.00010862863657979237
1524,0.5780422687530518,0.5383128523826599,0.3972943127155304,0.00010851684989719594
1525,0.6755713224411011,0.6283326148986816,0.47238683700561523,0.00010840505249292476
1526,0.6099428534507751,0.568169116973877,0.4177372455596924,0.00010829324450771806
1527,0.5611281991004944,0.5226019620895386,0.3852623999118805,0.00010818142608232849
1528,0.577488362789154,0.537405788898468,0.40082550048828125,0.00010806959735752174
1529,0.5828732848167419,0.5422558188438416,0.4061748683452606,0.00010795775847407659
1530,0.5853881239891052,0.5454707741737366,0.39917364716529846,0.0001078459095727845
1531,0.6279174089431763,0.5850350856781006,0.42882296442985535,0.00010773405079444963
1532,0.6219156384468079,0.5791369676589966,0.42778682708740234,0.00010762218227988851
1533,0.5936059951782227,0.5524381995201111,0.41167816519737244,0.00010751030416992996
1534,0.6148220300674438,0.572476863861084,0.42345166206359863,0.00010739841660541487
1535,0.5634022355079651,0.5245805978775024,0.38821637630462646,0.00010728651972719603
1536,0.5846868753433228,0.54405277967453,0.406341016292572,0.00010717461367613793
1537,0.5501348972320557,0.5119231939315796,0.3821169137954712,0.00010706269859311669
1538,0.6586013436317444,0.6127835512161255,0.45817816257476807,0.00010695077461901968
1539,0.6416521072387695,0.5965473055839539,0.4510480463504791,0.00010683884189474558
1540,0.620957612991333,0.5782418251037598,0.42715808749198914,0.00010672690056120399
1541,0.6285135746002197,0.5855257511138916,0.4298783242702484,0.00010661495075931539
1542,0.5551286339759827,0.5164780616760254,0.3865056335926056,0.00010650299263001097
1543,0.6117224097251892,0.5697355270385742,0.41986894607543945,0.0001063910263142323
1544,0.5670647621154785,0.5279918909072876,0.3907284438610077,0.00010627905195293135
1545,0.6111204624176025,0.569538414478302,0.41582033038139343,0.00010616706968707015
1546,0.5930582284927368,0.5521060824394226,0.40952152013778687,0.00010605507965762074
1547,0.5554712414741516,0.516833484172821,0.38637760281562805,0.00010594308200556483
1548,0.6031777858734131,0.5613464713096619,0.418313205242157,0.00010583107687189388
1549,0.5697126388549805,0.5304462313652039,0.3926643431186676,0.00010571906439760866
1550,0.6570491790771484,0.6117992997169495,0.4524987041950226,0.00010560704472371919
1551,0.620189368724823,0.5775080919265747,0.4268128275871277,0.0001054950179912446
1552,0.5947201251983643,0.5546290874481201,0.40091046690940857,0.00010538298434121283
1553,0.6154075860977173,0.5727951526641846,0.42612457275390625,0.00010527094391466061
1554,0.5576520562171936,0.5193598866462708,0.3829216957092285,0.00010515889685263316
1555,0.5754093527793884,0.5357000827789307,0.39709267020225525,0.00010504684329618409
1556,0.6197001934051514,0.5770465135574341,0.4265367388725281,0.00010493478338637512
1557,0.5980228781700134,0.5565455555915833,0.41477325558662415,0.00010482271726427598
1558,0.5866674184799194,0.5465767979621887,0.4009062945842743,0.00010471064507096426
1559,0.6261072158813477,0.5831670165061951,0.4294019937515259,0.00010459856694752521
1560,0.575737714767456,0.5364285111427307,0.39309224486351013,0.00010448648303505151
1561,0.6566615700721741,0.611437201499939,0.452243447303772,0.00010437439347464306
1562,0.59881192445755,0.5571771860122681,0.4163472354412079,0.00010426229840740705
1563,0.5585078597068787,0.519416868686676,0.3909098505973816,0.00010415019797445738
1564,0.629059374332428,0.585708498954773,0.4335090219974518,0.00010403809231691486
1565,0.5806083083152771,0.540635883808136,0.3997242748737335,0.00010392598157590688
1566,0.5997633337974548,0.5580955743789673,0.41667744517326355,0.0001038138658925671
1567,0.5948181748390198,0.5537964701652527,0.41021689772605896,0.00010370174540803556
1568,0.627454936504364,0.5835357308387756,0.43919193744659424,0.00010358962026345824
1569,0.5964718461036682,0.5548161268234253,0.4165569841861725,0.000103477490599987
1570,0.6151250600814819,0.5724259614944458,0.42699068784713745,0.00010336535655877942
1571,0.6012277007102966,0.5589621663093567,0.42265546321868896,0.00010325321828099854
1572,0.6588854193687439,0.6134951114654541,0.4539029598236084,0.00010314107590781284
1573,0.6087523698806763,0.5655127167701721,0.43239670991897583,0.00010302892958039583
1574,0.6206724047660828,0.5778090357780457,0.4286338686943054,0.00010291677943992608
1575,0.6216307878494263,0.5794860124588013,0.4214475452899933,0.0001028046256275869
1576,0.546165943145752,0.5080536007881165,0.3811231851577759,0.00010269246828456629
1577,0.6142720580101013,0.5721971988677979,0.42074885964393616,0.00010258030755205665
1578,0.5820386409759521,0.5422022938728333,0.3983636200428009,0.00010246814357125463
1579,0.6024913191795349,0.5604744553565979,0.42016857862472534,0.00010235597648336104
1580,0.5795322060585022,0.5387495160102844,0.4078270494937897,0.00010224380642958052
1581,0.6644638180732727,0.6186887621879578,0.45775043964385986,0.00010213163355112148
1582,0.6177791953086853,0.5749396085739136,0.42839592695236206,0.00010201945798919593
1583,0.6220115423202515,0.5792474746704102,0.4276404082775116,0.00010190727988501913
1584,0.6017832159996033,0.560662031173706,0.41121193766593933,0.00010179509937980973
1585,0.6284050941467285,0.5855937600135803,0.4281134307384491,0.00010168291661478923
1586,0.6376835107803345,0.5936475992202759,0.44035881757736206,0.00010157073173118208
1587,0.5780147314071655,0.5377443432807922,0.40270403027534485,0.00010145854487021532
1588,0.6745699048042297,0.6275529265403748,0.4701698422431946,0.00010134635617311853
1589,0.5806723237037659,0.5407729148864746,0.3989940583705902,0.00010123416578112365
1590,0.603638768196106,0.5620055794715881,0.41633203625679016,0.0001011219738354646
1591,0.5877000093460083,0.5475798845291138,0.4012013077735901,0.00010100978047737741
1592,0.6162667870521545,0.5740302205085754,0.42236554622650146,0.00010089758584809979
1593,0.6369982361793518,0.5927194356918335,0.4427882432937622,0.00010078539008887114
1594,0.5725546479225159,0.5331858992576599,0.3936874568462372,0.00010067319334093219
1595,0.5552041530609131,0.517032265663147,0.38171911239624023,0.00010056099574552497
1596,0.6126819252967834,0.5705403685569763,0.42141544818878174,0.00010044879744389257
1597,0.6397316455841064,0.5959049463272095,0.4382668137550354,0.00010033659857727893
1598,0.6067619919776917,0.5649787783622742,0.41783207654953003,0.00010022439928692875
1599,0.6396385431289673,0.5954151153564453,0.44223451614379883,0.00010011219971408725
1600,0.6042258739471436,0.562720775604248,0.4150509834289551,0.0001
1601,0.6042942404747009,0.5624221563339233,0.4187210202217102,9.988780028591278e-05
1602,0.6058257818222046,0.5641992688179016,0.4162651598453522,9.977560071307129e-05
1603,0.5755636096000671,0.5359645485877991,0.3959904909133911,9.96634014227211e-05
1604,0.5868842601776123,0.5467537641525269,0.40130501985549927,9.955120255610746e-05
1605,0.5942788124084473,0.553065836429596,0.41212978959083557,9.943900425447505e-05
1606,0.5755252242088318,0.5358346700668335,0.39690545201301575,9.932680665906783e-05
1607,0.6213683485984802,0.57863849401474,0.42729854583740234,9.921460991112891e-05
1608,0.5898855924606323,0.5489625930786133,0.40922993421554565,9.910241415190021e-05
1609,0.6199037432670593,0.5776592493057251,0.42244502902030945,9.89902195226226e-05
1610,0.6019318103790283,0.5600400567054749,0.41891783475875854,9.887802616453542e-05
1611,0.5591537952423096,0.5211514234542847,0.3800237476825714,9.87658342188764e-05
1612,0.6116771101951599,0.568501889705658,0.431752473115921,9.865364382688145e-05
1613,0.6153512597084045,0.573217511177063,0.4213375151157379,9.85414551297847e-05
1614,0.608433187007904,0.5667505860328674,0.41682589054107666,9.842926826881796e-05
1615,0.6016400456428528,0.560509443283081,0.4113061726093292,9.831708338521078e-05
1616,0.5912508368492126,0.5506204962730408,0.406303346157074,9.820490062019029e-05
1617,0.5927602052688599,0.5520293712615967,0.4073081314563751,9.809272011498085e-05
1618,0.5957775115966797,0.5547504425048828,0.41027042269706726,9.798054201080411e-05
1619,0.6170811057090759,0.5748792290687561,0.4220186769962311,9.786836644887856e-05
1620,0.5727188587188721,0.5332241058349609,0.39494770765304565,9.775619357041952e-05
1621,0.6309921741485596,0.5869126319885254,0.44079533219337463,9.764402351663901e-05
1622,0.6285409331321716,0.584598183631897,0.43942752480506897,9.753185642874537e-05
1623,0.627717912197113,0.584741473197937,0.4297645688056946,9.741969244794338e-05
1624,0.5771353840827942,0.5376051664352417,0.3953019380569458,9.730753171543374e-05
1625,0.5618709325790405,0.5235503315925598,0.3832061290740967,9.719537437241312e-05
1626,0.5835319757461548,0.5431758165359497,0.4035617411136627,9.708322056007397e-05
1627,0.5996156930923462,0.5583134293556213,0.41302260756492615,9.697107041960417e-05
1628,0.6094043254852295,0.5672532916069031,0.4215104281902313,9.685892409218717e-05
1629,0.6284946799278259,0.5856656432151794,0.42829039692878723,9.674678171900147e-05
1630,0.6052502393722534,0.5635927319526672,0.4165748953819275,9.663464344122064e-05
1631,0.6299459338188171,0.5863017439842224,0.4364418387413025,9.652250940001302e-05
1632,0.5865855813026428,0.5466218590736389,0.3996373414993286,9.641037973654178e-05
1633,0.5616480708122253,0.5227263569831848,0.3892173171043396,9.629825459196446e-05
1634,0.6211116909980774,0.5781689286231995,0.4294275641441345,9.618613410743291e-05
1635,0.5791493654251099,0.5383354425430298,0.40813934803009033,9.607401842409317e-05
1636,0.5977864861488342,0.5571798086166382,0.4060668349266052,9.596190768308515e-05
1637,0.6479412913322449,0.6033934950828552,0.44547808170318604,9.584980202554266e-05
1638,0.6222919821739197,0.5791670083999634,0.4312499761581421,9.573770159259299e-05
1639,0.5245993137359619,0.48882386088371277,0.3577542304992676,9.562560652535695e-05
1640,0.6510176062583923,0.6060364246368408,0.44981181621551514,9.551351696494854e-05
1641,0.564601719379425,0.5252981781959534,0.39303529262542725,9.540143305247478e-05
1642,0.5912612080574036,0.550146222114563,0.4111499786376953,9.528935492903575e-05
1643,0.615123450756073,0.5729506015777588,0.4217287302017212,9.517728273572403e-05
1644,0.5916387438774109,0.5504216551780701,0.4121708869934082,9.506521661362493e-05
1645,0.627013087272644,0.5839566588401794,0.4305643141269684,9.495315670381591e-05
1646,0.5948328971862793,0.5538797974586487,0.40953120589256287,9.484110314736682e-05
1647,0.595546305179596,0.5542534589767456,0.4129285216331482,9.472905608533941e-05
1648,0.6637765765190125,0.6175780892372131,0.4619848132133484,9.461701565878719e-05
1649,0.5922289490699768,0.5510761141777039,0.4115282893180847,9.450498200875546e-05
1650,0.6162676811218262,0.5740822553634644,0.4218544363975525,9.439295527628081e-05
1651,0.5811908841133118,0.5406521558761597,0.4053872525691986,9.428093560239135e-05
1652,0.568241536617279,0.5286769866943359,0.39564526081085205,9.416892312810614e-05
1653,0.5865963697433472,0.5459562540054321,0.40640097856521606,9.40569179944352e-05
1654,0.610704779624939,0.5681853890419006,0.4251941442489624,9.394492034237931e-05
1655,0.5198778510093689,0.4841882884502411,0.3568958044052124,9.383293031292985e-05
1656,0.6219494342803955,0.5790390372276306,0.429104208946228,9.372094804706867e-05
1657,0.6180208325386047,0.5752216577529907,0.42799174785614014,9.360897368576772e-05
1658,0.6462761759757996,0.6017294526100159,0.44546711444854736,9.349700736998908e-05
1659,0.6326357126235962,0.5892336368560791,0.43402060866355896,9.338504924068462e-05
1660,0.6062633395195007,0.564363956451416,0.41899389028549194,9.327309943879604e-05
1661,0.6612511277198792,0.6154375076293945,0.45813626050949097,9.316115810525446e-05
1662,0.6304949522018433,0.5863597393035889,0.4413524270057678,9.304922538098035e-05
1663,0.6101288199424744,0.568075954914093,0.4205285906791687,9.293730140688336e-05
1664,0.5640630125999451,0.5261799693107605,0.37883058190345764,9.282538632386207e-05
1665,0.5825204253196716,0.5424759387969971,0.4004446864128113,9.2713480272804e-05
1666,0.6553825736045837,0.6100893020629883,0.45293259620666504,9.260158339458514e-05
1667,0.589623749256134,0.5490842461585999,0.4053947925567627,9.248969583007005e-05
1668,0.606421947479248,0.5648571848869324,0.4156475067138672,9.237781772011153e-05
1669,0.6665430068969727,0.620606005191803,0.4593700170516968,9.226594920555037e-05
1670,0.5498929023742676,0.5123149752616882,0.37577930092811584,9.215409042721552e-05
1671,0.6075083613395691,0.565586507320404,0.41921839118003845,9.204224152592343e-05
1672,0.5818325281143188,0.5417952537536621,0.40037301182746887,9.193040264247829e-05
1673,0.6001964807510376,0.5590190887451172,0.4117737412452698,9.181857391767157e-05
1674,0.6190630793571472,0.5757094621658325,0.4335363507270813,9.170675549228194e-05
1675,0.5788645148277283,0.539042592048645,0.39821943640708923,9.159494750707526e-05
1676,0.5846788883209229,0.5447777509689331,0.39901110529899597,9.148315010280408e-05
1677,0.5945258736610413,0.5541200637817383,0.40405791997909546,9.137136342020768e-05
1678,0.616599440574646,0.5742985606193542,0.42300888895988464,9.125958760001189e-05
1679,0.5859143137931824,0.5459476113319397,0.39966729283332825,9.114782278292876e-05
1680,0.5994570255279541,0.5580198764801025,0.41437143087387085,9.103606910965666e-05
1681,0.6583443284034729,0.6116213202476501,0.4672301411628723,9.092432672087977e-05
1682,0.5961956977844238,0.5549255013465881,0.41270217299461365,9.08125957572681e-05
1683,0.5977131128311157,0.5560293793678284,0.4168373644351959,9.070087635947733e-05
1684,0.5692762732505798,0.5299378037452698,0.3933844566345215,9.058916866814858e-05
1685,0.6170676946640015,0.5751509666442871,0.41916754841804504,9.047747282390815e-05
1686,0.5838326215744019,0.5439497232437134,0.39882874488830566,9.036578896736752e-05
1687,0.593346357345581,0.5523702502250671,0.40976110100746155,9.025411723912298e-05
1688,0.6095165610313416,0.5678154826164246,0.4170110523700714,9.014245777975565e-05
1689,0.5807958841323853,0.5411441922187805,0.3965166509151459,9.003081072983117e-05
1690,0.5986509919166565,0.5572599768638611,0.4139101207256317,8.991917622989956e-05
1691,0.5547716617584229,0.5163512825965881,0.38420355319976807,8.980755442049502e-05
1692,0.6116147637367249,0.5697574019432068,0.41857343912124634,8.969594544213578e-05
1693,0.6041080951690674,0.5623845458030701,0.41723576188087463,8.95843494353239e-05
1694,0.609390139579773,0.5672279596328735,0.4216216206550598,8.947276654054518e-05
1695,0.5930715203285217,0.5527195334434509,0.40352001786231995,8.936119689826888e-05
1696,0.5732094645500183,0.5340468287467957,0.39162641763687134,8.924964064894753e-05
1697,0.6108487844467163,0.5692382454872131,0.4161055088043213,8.913809793301681e-05
1698,0.6631355881690979,0.6165015697479248,0.46634015440940857,8.902656889089548e-05
1699,0.6042888760566711,0.5626530647277832,0.41635826230049133,8.891505366298492e-05
1700,0.5961797833442688,0.5556037425994873,0.405760258436203,8.880355238966923e-05
1701,0.6480441689491272,0.6039797067642212,0.44064465165138245,8.869206521131489e-05
1702,0.5757492780685425,0.5358678698539734,0.3988141119480133,8.858059226827062e-05
1703,0.5942527651786804,0.5537400245666504,0.4051271677017212,8.846913370086734e-05
1704,0.6126728653907776,0.5704672932624817,0.4220559298992157,8.835768964941773e-05
1705,0.5969744324684143,0.5557193160057068,0.4125509560108185,8.824626025421626e-05
1706,0.5728757381439209,0.5331695675849915,0.397061824798584,8.813484565553893e-05
1707,0.594662070274353,0.5535851120948792,0.41076967120170593,8.802344599364312e-05
1708,0.6353330612182617,0.5912742614746094,0.4405879080295563,8.791206140876746e-05
1709,0.6180260181427002,0.5746155381202698,0.4341050684452057,8.780069204113153e-05
1710,0.6365114450454712,0.5922691226005554,0.44242310523986816,8.768933803093573e-05
1711,0.6070079207420349,0.5649737119674683,0.4203418791294098,8.757799951836123e-05
1712,0.5944564342498779,0.5535929799079895,0.4086342751979828,8.746667664356956e-05
1713,0.5515478253364563,0.5136271715164185,0.37920674681663513,8.735536954670275e-05
1714,0.5872403383255005,0.5464839339256287,0.40756410360336304,8.724407836788276e-05
1715,0.5777815580368042,0.5376827120780945,0.40098869800567627,8.713280324721163e-05
1716,0.5817323327064514,0.5416478514671326,0.4008449912071228,8.702154432477115e-05
1717,0.5634987354278564,0.52353835105896,0.399603933095932,8.691030174062273e-05
1718,0.6284648180007935,0.5849640369415283,0.4350079298019409,8.679907563480726e-05
1719,0.5811721086502075,0.541462242603302,0.39709845185279846,8.668786614734478e-05
1720,0.6196717619895935,0.5764217376708984,0.4325005114078522,8.657667341823448e-05
1721,0.6296871304512024,0.5858654379844666,0.4382171630859375,8.64654975874544e-05
1722,0.566569983959198,0.5276659727096558,0.3890400826931,8.63543387949614e-05
1723,0.6179129481315613,0.5755774974822998,0.4233545958995819,8.624319718069084e-05
1724,0.6073529124259949,0.5656701326370239,0.41682758927345276,8.613207288455643e-05
1725,0.5590490698814392,0.5202682614326477,0.3878081142902374,8.602096604645009e-05
1726,0.5945833921432495,0.5532063841819763,0.41376993060112,8.590987680624174e-05
1727,0.6019905209541321,0.5609758496284485,0.41014665365219116,8.579880530377926e-05
1728,0.6308250427246094,0.5873188972473145,0.43506157398223877,8.568775167888806e-05
1729,0.5934239029884338,0.5526710748672485,0.4075281322002411,8.557671607137114e-05
1730,0.5969356298446655,0.555870532989502,0.41065117716789246,8.546569862100876e-05
1731,0.6286314725875854,0.5857959389686584,0.42835554480552673,8.53546994675583e-05
1732,0.6209176182746887,0.5779091119766235,0.4300849437713623,8.524371875075425e-05
1733,0.6276220083236694,0.5841919779777527,0.43430060148239136,8.51327566103077e-05
1734,0.6246292591094971,0.5813489556312561,0.432803213596344,8.502181318590652e-05
1735,0.564566969871521,0.5250310301780701,0.3953595757484436,8.491088861721486e-05
1736,0.5843176245689392,0.5440905690193176,0.40227052569389343,8.479998304387329e-05
1737,0.6691175103187561,0.6224701404571533,0.46647390723228455,8.468909660549837e-05
1738,0.5926544070243835,0.5520957112312317,0.40558692812919617,8.457822944168257e-05
1739,0.6333777904510498,0.5899019837379456,0.4347582459449768,8.446738169199418e-05
1740,0.6065174341201782,0.5638409852981567,0.42676469683647156,8.435655349597689e-05
1741,0.618669331073761,0.5756102800369263,0.43059059977531433,8.424574499315e-05
1742,0.5827641487121582,0.5430867671966553,0.3967736065387726,8.413495632300784e-05
1743,0.5568802952766418,0.5187507271766663,0.38129541277885437,8.402418762501982e-05
1744,0.6310842037200928,0.5875368118286133,0.43547409772872925,8.391343903863018e-05
1745,0.5613580942153931,0.522602915763855,0.38755175471305847,8.380271070325789e-05
1746,0.613697350025177,0.5710863471031189,0.42610982060432434,8.369200275829649e-05
1747,0.5750623345375061,0.5363467335700989,0.3871558606624603,8.358131534311372e-05
1748,0.6075323820114136,0.5654100179672241,0.42122334241867065,8.347064859705153e-05
1749,0.5597710609436035,0.5210033059120178,0.38767775893211365,8.336000265942581e-05
1750,0.5828791856765747,0.542591392993927,0.4028777480125427,8.324937766952638e-05
1751,0.6313356161117554,0.5876753926277161,0.43660205602645874,8.313877376661652e-05
1752,0.5662896633148193,0.5271589159965515,0.3913077712059021,8.302819108993312e-05
1753,0.55315762758255,0.5153657793998718,0.37791842222213745,8.291762977868625e-05
1754,0.6102465391159058,0.5679578185081482,0.42288723587989807,8.280708997205904e-05
1755,0.5534135103225708,0.5149250626564026,0.3848845958709717,8.269657180920774e-05
1756,0.5922814011573792,0.5520166754722595,0.40264731645584106,8.258607542926114e-05
1757,0.608853280544281,0.5672053098678589,0.4164799153804779,8.247560097132076e-05
1758,0.5996492505073547,0.5579450726509094,0.41704192757606506,8.236514857446045e-05
1759,0.5850111842155457,0.5446850061416626,0.40326184034347534,8.225471837772623e-05
1760,0.6304630637168884,0.5867589116096497,0.43704137206077576,8.214431052013634e-05
1761,0.5540074706077576,0.5156575441360474,0.38349899649620056,8.203392514068074e-05
1762,0.581211507320404,0.541191816329956,0.40019670128822327,8.19235623783212e-05
1763,0.5664494037628174,0.5269101858139038,0.39539238810539246,8.181322237199094e-05
1764,0.596397876739502,0.5556414723396301,0.4075639545917511,8.170290526059452e-05
1765,0.6259196400642395,0.5824632048606873,0.43456408381462097,8.159261118300782e-05
1766,0.5768466591835022,0.5372485518455505,0.39598098397254944,8.14823402780776e-05
1767,0.6168498992919922,0.5739033222198486,0.4294658601284027,8.13720926846214e-05
1768,0.6016148924827576,0.5594916343688965,0.42123231291770935,8.126186854142752e-05
1769,0.629779577255249,0.586771547794342,0.43008050322532654,8.115166798725478e-05
1770,0.5534138083457947,0.5160307884216309,0.3738301396369934,8.104149116083216e-05
1771,0.6057679653167725,0.5633992552757263,0.423687219619751,8.093133820085888e-05
1772,0.6195633411407471,0.5768776535987854,0.42685699462890625,8.0821209246004e-05
1773,0.5943723320960999,0.553381085395813,0.40991219878196716,8.071110443490652e-05
1774,0.5014089345932007,0.4672880172729492,0.3412090837955475,8.060102390617493e-05
1775,0.6048153042793274,0.5633140802383423,0.4150121510028839,8.049096779838719e-05
1776,0.5860880017280579,0.545631468296051,0.4045652151107788,8.038093625009052e-05
1777,0.5639557242393494,0.524517297744751,0.3943845331668854,8.027092939980115e-05
1778,0.5732694864273071,0.533744752407074,0.39524710178375244,8.016094738600435e-05
1779,0.6213381290435791,0.5791038870811462,0.4223421514034271,8.005099034715404e-05
1780,0.6166254878044128,0.5741307735443115,0.42494720220565796,7.994105842167273e-05
1781,0.5888875722885132,0.5483604669570923,0.4052712619304657,7.983115174795128e-05
1782,0.5634740591049194,0.5246750712394714,0.38799014687538147,7.972127046434878e-05
1783,0.5434851050376892,0.50599205493927,0.37493059039115906,7.961141470919233e-05
1784,0.6800773739814758,0.6333463788032532,0.46731022000312805,7.950158462077697e-05
1785,0.6102927327156067,0.5679798126220703,0.4231294095516205,7.939178033736538e-05
1786,0.6313414573669434,0.5879263877868652,0.4341503977775574,7.928200199718774e-05
1787,0.612367570400238,0.5703883171081543,0.4197925329208374,7.917224973844152e-05
1788,0.5775881409645081,0.5375698208808899,0.40018323063850403,7.906252369929154e-05
1789,0.5692659616470337,0.5304446816444397,0.3882126212120056,7.895282401786945e-05
1790,0.5742717385292053,0.535193920135498,0.39077824354171753,7.884315083227373e-05
1791,0.6255974769592285,0.5824792385101318,0.4311821162700653,7.873350428056957e-05
1792,0.5931487679481506,0.5525827407836914,0.40566012263298035,7.862388450078855e-05
1793,0.5912856459617615,0.5504294633865356,0.4085618555545807,7.851429163092868e-05
1794,0.6161248087882996,0.5732351541519165,0.4288967549800873,7.840472580895396e-05
1795,0.6460137367248535,0.6012731790542603,0.44740551710128784,7.829518717279438e-05
1796,0.6160058379173279,0.5737445950508118,0.42261216044425964,7.818567586034577e-05
1797,0.5910553932189941,0.5499246716499329,0.41130703687667847,7.807619200946942e-05
1798,0.6065133213996887,0.5643056631088257,0.42207640409469604,7.796673575799224e-05
1799,0.5791651010513306,0.5398838520050049,0.3928122818470001,7.785730724370625e-05
1800,0.6004483699798584,0.5594127178192139,0.41035664081573486,7.774790660436858e-05
1801,0.6436630487442017,0.5998380184173584,0.4382501542568207,7.763853397770131e-05
1802,0.5875450968742371,0.5471512675285339,0.4039384126663208,7.752918950139119e-05
1803,0.622832715511322,0.579999566078186,0.42833152413368225,7.741987331308964e-05
1804,0.6129441261291504,0.5708887577056885,0.4205535650253296,7.731058555041237e-05
1805,0.5807569622993469,0.5401766300201416,0.4058033227920532,7.720132635093934e-05
1806,0.5650704503059387,0.5257391929626465,0.39331281185150146,7.709209585221451e-05
1807,0.5558862090110779,0.5177018046379089,0.38184404373168945,7.69828941917458e-05
1808,0.5455082058906555,0.5081483721733093,0.37359845638275146,7.68737215070048e-05
1809,0.608162522315979,0.5666078925132751,0.41554635763168335,7.676457793542654e-05
1810,0.5881639719009399,0.5468133687973022,0.4135058522224426,7.66554636144095e-05
1811,0.6045661568641663,0.5630512833595276,0.41514894366264343,7.654637868131521e-05
1812,0.5762571692466736,0.5357685685157776,0.4048859775066376,7.643732327346842e-05
1813,0.6211028695106506,0.5783000588417053,0.42802828550338745,7.63282975281565e-05
1814,0.5887532234191895,0.5484183430671692,0.4033487141132355,7.621930158262958e-05
1815,0.6437196135520935,0.5995146632194519,0.4420492947101593,7.611033557410026e-05
1816,0.606421172618866,0.5647655129432678,0.4165567457675934,7.600139963974341e-05
1817,0.5553938746452332,0.5171545147895813,0.3823934495449066,7.589249391669616e-05
1818,0.5764449834823608,0.5366791486740112,0.3976581394672394,7.578361854205743e-05
1819,0.595837414264679,0.5547902584075928,0.4104715585708618,7.567477365288813e-05
1820,0.5759908556938171,0.5365204215049744,0.3947046101093292,7.556595938621058e-05
1821,0.6274188756942749,0.5841134786605835,0.43305397033691406,7.545717587900879e-05
1822,0.6116393804550171,0.5693638920783997,0.42275470495224,7.534842326822785e-05
1823,0.5592122077941895,0.5206973552703857,0.385148823261261,7.523970169077402e-05
1824,0.6057515740394592,0.564602792263031,0.4114879369735718,7.513101128351454e-05
1825,0.633210301399231,0.5893599987030029,0.4385031759738922,7.502235218327731e-05
1826,0.5945402383804321,0.5538303256034851,0.4070993661880493,7.491372452685094e-05
1827,0.5739246606826782,0.5344241261482239,0.39500555396080017,7.48051284509844e-05
1828,0.6093445420265198,0.5670912265777588,0.42253321409225464,7.469656409238685e-05
1829,0.5968074202537537,0.5558095574378967,0.4099787175655365,7.458803158772758e-05
1830,0.6103870272636414,0.5681803822517395,0.42206645011901855,7.447953107363574e-05
1831,0.5497168898582458,0.5118615031242371,0.37855368852615356,7.437106268670034e-05
1832,0.5921552777290344,0.5506622791290283,0.4149300456047058,7.426262656346978e-05
1833,0.5894930958747864,0.5493744015693665,0.4011867046356201,7.41542228404519e-05
1834,0.6124103665351868,0.570486307144165,0.41924041509628296,7.404585165411377e-05
1835,0.6304688453674316,0.5870948433876038,0.4337402880191803,7.393751314088146e-05
1836,0.5579730868339539,0.5195316672325134,0.38441410660743713,7.382920743713999e-05
1837,0.5888088345527649,0.5486613512039185,0.40147504210472107,7.372093467923302e-05
1838,0.568777322769165,0.5296207666397095,0.39156532287597656,7.361269500346274e-05
1839,0.5944091081619263,0.5535515546798706,0.40857574343681335,7.350448854608962e-05
1840,0.5824704170227051,0.5423010587692261,0.40169376134872437,7.339631544333249e-05
1841,0.6178897023200989,0.5752705335617065,0.426191508769989,7.328817583136804e-05
1842,0.6308489441871643,0.5876420140266418,0.4320690333843231,7.318006984633085e-05
1843,0.5596483945846558,0.5210273861885071,0.38621026277542114,7.307199762431319e-05
1844,0.6347715854644775,0.5902902483940125,0.4448133409023285,7.29639593013647e-05
1845,0.611639142036438,0.5693540573120117,0.42285099625587463,7.285595501349258e-05
1846,0.6233745813369751,0.5805721879005432,0.4280237555503845,7.274798489666097e-05
1847,0.6618385314941406,0.616223156452179,0.45615360140800476,7.264004908679112e-05
1848,0.6061846613883972,0.564720094203949,0.41464540362358093,7.2532147719761e-05
1849,0.6017876267433167,0.5608745813369751,0.4091302752494812,7.242428093140525e-05
1850,0.6393869519233704,0.595276951789856,0.44109994173049927,7.231644885751507e-05
1851,0.6117454171180725,0.5698372721672058,0.41908133029937744,7.220865163383784e-05
1852,0.6034754514694214,0.5618453621864319,0.41630110144615173,7.210088939607708e-05
1853,0.6181922554969788,0.5752058029174805,0.42986470460891724,7.199316227989236e-05
1854,0.5842440724372864,0.5439314842224121,0.40312594175338745,7.18854704208989e-05
1855,0.5830142498016357,0.5433658361434937,0.39648404717445374,7.177781395466772e-05
1856,0.6048610210418701,0.562623918056488,0.422370970249176,7.167019301672509e-05
1857,0.6783542633056641,0.631739616394043,0.46614664793014526,7.156260774255262e-05
1858,0.5839844942092896,0.5435224175453186,0.40462079644203186,7.145505826758707e-05
1859,0.5994665026664734,0.5586562752723694,0.40810200572013855,7.134754472722017e-05
1860,0.5521349906921387,0.5137041211128235,0.38430845737457275,7.124006725679828e-05
1861,0.5748303532600403,0.5348073244094849,0.4002300500869751,7.113262599162245e-05
1862,0.5808786749839783,0.5408772826194763,0.400014191865921,7.102522106694808e-05
1863,0.6482011675834656,0.6041951775550842,0.4400601387023926,7.09178526179849e-05
1864,0.6202932000160217,0.5776984691619873,0.4259471595287323,7.081052077989667e-05
1865,0.640271008014679,0.5957874059677124,0.4448358416557312,7.07032256878011e-05
1866,0.6167589426040649,0.5742924809455872,0.42466482520103455,7.059596747676962e-05
1867,0.576958954334259,0.5371534824371338,0.398054838180542,7.048874628182722e-05
1868,0.5900622606277466,0.5490598678588867,0.4100242257118225,7.038156223795224e-05
1869,0.6210989952087402,0.5781678557395935,0.4293111264705658,7.027441548007641e-05
1870,0.6021186709403992,0.5603203773498535,0.41798293590545654,7.01673061430844e-05
1871,0.6119275093078613,0.5697678923606873,0.42159587144851685,7.006023436181377e-05
1872,0.6061757802963257,0.5642478466033936,0.4192792773246765,6.995320027105481e-05
1873,0.556245744228363,0.5178839564323425,0.38361769914627075,6.984620400555044e-05
1874,0.593679666519165,0.5525598526000977,0.4111979007720947,6.973924569999585e-05
1875,0.566099226474762,0.5270560383796692,0.3904319107532501,6.963232548903853e-05
1876,0.6960694193840027,0.6471752524375916,0.48894163966178894,6.952544350727799e-05
1877,0.6142286658287048,0.5716825127601624,0.42546144127845764,6.94185998892655e-05
1878,0.6036912798881531,0.5613996386528015,0.42291635274887085,6.931179476950429e-05
1879,0.6095641851425171,0.5674165487289429,0.4214765429496765,6.920502828244889e-05
1880,0.6065993905067444,0.5646765828132629,0.41922834515571594,6.909830056250527e-05
1881,0.6261616349220276,0.5831707715988159,0.4299083948135376,6.899161174403064e-05
1882,0.599065363407135,0.557582676410675,0.4148271381855011,6.888496196133317e-05
1883,0.6012621521949768,0.5601953864097595,0.41066762804985046,6.877835134867196e-05
1884,0.5947185754776001,0.5536300539970398,0.4108853340148926,6.867178004025676e-05
1885,0.5756867527961731,0.5361695885658264,0.39517173171043396,6.85652481702478e-05
1886,0.5670082569122314,0.5277775526046753,0.39230722188949585,6.845875587275576e-05
1887,0.6133137345314026,0.5707569718360901,0.4255678653717041,6.835230328184138e-05
1888,0.6004777550697327,0.5590928196907043,0.4138493537902832,6.824589053151558e-05
1889,0.6378645896911621,0.5935980081558228,0.4426657259464264,6.813951775573896e-05
1890,0.6545142531394958,0.6088635325431824,0.4565070569515228,6.803318508842187e-05
1891,0.5868574380874634,0.5466612577438354,0.40196171402931213,6.792689266342416e-05
1892,0.5543845295906067,0.5155802369117737,0.3880428969860077,6.782064061455504e-05
1893,0.6141003966331482,0.5722455382347107,0.41854846477508545,6.77144290755729e-05
1894,0.5628228783607483,0.5238251686096191,0.38997700810432434,6.760825818018508e-05
1895,0.5920794606208801,0.5508882999420166,0.4119114279747009,6.750212806204777e-05
1896,0.5829344391822815,0.5424903631210327,0.4044404923915863,6.739603885476582e-05
1897,0.614933967590332,0.5726960897445679,0.4223785698413849,6.728999069189263e-05
1898,0.5721879005432129,0.5331027507781982,0.3908514082431793,6.718398370692993e-05
1899,0.6170165538787842,0.5741108059883118,0.42905768752098083,6.707801803332754e-05
1900,0.6334974765777588,0.5899990797042847,0.4349837601184845,6.697209380448333e-05
1901,0.6155229806900024,0.573082685470581,0.42440319061279297,6.68662111537429e-05
1902,0.6323267817497253,0.5883592367172241,0.4396757185459137,6.676037021439971e-05
1903,0.5492287278175354,0.5117943286895752,0.37434378266334534,6.665457111969451e-05
1904,0.5812135934829712,0.5399081707000732,0.41305404901504517,6.654881400281547e-05
1905,0.6060664057731628,0.5644685626029968,0.41597825288772583,6.644309899689793e-05
1906,0.5426064729690552,0.5051766037940979,0.374298632144928,6.63374262350241e-05
1907,0.6207020282745361,0.578403115272522,0.42298904061317444,6.623179585022316e-05
1908,0.5785518288612366,0.5388335585594177,0.3971829414367676,6.612620797547087e-05
1909,0.6747760772705078,0.628567636013031,0.4620843529701233,6.602066274368947e-05
1910,0.555347204208374,0.5165127515792847,0.38834428787231445,6.59151602877475e-05
1911,0.6027927398681641,0.561806321144104,0.4098643958568573,6.580970074045975e-05
1912,0.5797919034957886,0.5393988490104675,0.4039303958415985,6.570428423458687e-05
1913,0.6152702569961548,0.5725522637367249,0.42717984318733215,6.559891090283537e-05
1914,0.5907555818557739,0.5498162508010864,0.4093933403491974,6.549358087785744e-05
1915,0.6767405271530151,0.630011260509491,0.467292457818985,6.538829429225069e-05
1916,0.5803205966949463,0.540127158164978,0.40193453431129456,6.528305127855816e-05
1917,0.5960264801979065,0.554877758026123,0.4114874601364136,6.517785196926792e-05
1918,0.6134001612663269,0.5715145468711853,0.4188559353351593,6.507269649681307e-05
1919,0.6000921726226807,0.5583579540252686,0.4173424243927002,6.496758499357148e-05
1920,0.6101180911064148,0.5683577060699463,0.4176040589809418,6.486251759186572e-05
1921,0.5681819319725037,0.5285214781761169,0.3966047167778015,6.475749442396289e-05
1922,0.5817684531211853,0.5413074493408203,0.4046100974082947,6.465251562207431e-05
1923,0.5438759326934814,0.5060696601867676,0.3780626952648163,6.454758131835545e-05
1924,0.5231264233589172,0.4870893061161041,0.3603714108467102,6.44426916449058e-05
1925,0.553379237651825,0.515113890171051,0.38265374302864075,6.43378467337687e-05
1926,0.5802257061004639,0.5399289727210999,0.4029674232006073,6.423304671693107e-05
1927,0.5817829966545105,0.5412209630012512,0.40562018752098083,6.412829172632338e-05
1928,0.5863235592842102,0.545897364616394,0.40426209568977356,6.402358189381934e-05
1929,0.562979519367218,0.5242279171943665,0.38751575350761414,6.391891735123582e-05
1930,0.6115533113479614,0.569681704044342,0.41871610283851624,6.38142982303328e-05
1931,0.6234936118125916,0.5808454155921936,0.42648208141326904,6.370972466281291e-05
1932,0.6452844142913818,0.6002579927444458,0.4502641558647156,6.360519678032157e-05
1933,0.5906447768211365,0.5499746799468994,0.4067007303237915,6.350071471444661e-05
1934,0.5991426110267639,0.5582425594329834,0.4090006351470947,6.339627859671814e-05
1935,0.6149240732192993,0.5723733305931091,0.4255073666572571,6.32918885586086e-05
1936,0.6003561019897461,0.5586607456207275,0.4169536828994751,6.318754473153221e-05
1937,0.5864036679267883,0.5455738306045532,0.4082986116409302,6.308324724684518e-05
1938,0.5972654819488525,0.5567026734352112,0.4056282341480255,6.297899623584532e-05
1939,0.6404052376747131,0.5961763858795166,0.44228848814964294,6.287479182977184e-05
1940,0.5595224499702454,0.5217056274414062,0.37816834449768066,6.277063415980549e-05
1941,0.6166638135910034,0.5736023783683777,0.43061450123786926,6.266652335706802e-05
1942,0.6032058000564575,0.5622133016586304,0.4099249541759491,6.256245955262221e-05
1943,0.589879035949707,0.5494861006736755,0.4039291739463806,6.245844287747168e-05
1944,0.6343517303466797,0.5903387069702148,0.4401300251483917,6.23544734625608e-05
1945,0.6086936593055725,0.567061185836792,0.4163246750831604,6.225055143877434e-05
1946,0.5641688704490662,0.5251783728599548,0.38990524411201477,6.214667693693744e-05
1947,0.5970081686973572,0.5561895966529846,0.40818557143211365,6.20428500878154e-05
1948,0.6443965435028076,0.5998257398605347,0.44570815563201904,6.193907102211358e-05
1949,0.5697444081306458,0.5309919714927673,0.3875243067741394,6.183533987047716e-05
1950,0.5777860879898071,0.5384039878845215,0.3938208222389221,6.173165676349103e-05
1951,0.6194612383842468,0.5766773819923401,0.4278384745121002,6.162802183167954e-05
1952,0.5826377272605896,0.5420607924461365,0.40576913952827454,6.152443520550641e-05
1953,0.6172785758972168,0.5743218660354614,0.4295673668384552,6.14208970153746e-05
1954,0.6028295755386353,0.5613150596618652,0.41514527797698975,6.1317407391626e-05
1955,0.6037725210189819,0.5621625185012817,0.4160997271537781,6.121396646454149e-05
1956,0.6201270222663879,0.5775809288024902,0.42546093463897705,6.111057436434056e-05
1957,0.597223162651062,0.5557456612586975,0.41477513313293457,6.1007231221181206e-05
1958,0.573129415512085,0.53341144323349,0.3971797227859497,6.090393716515983e-05
1959,0.5623652338981628,0.5241012573242188,0.3826395273208618,6.0800692326311095e-05
1960,0.631813108921051,0.5886204838752747,0.4319262206554413,6.069749683460765e-05
1961,0.610197126865387,0.5677351355552673,0.4246199131011963,6.059435081996001e-05
1962,0.6047999858856201,0.5624887347221375,0.4231123626232147,6.049125441221639e-05
1963,0.6062667369842529,0.5645664930343628,0.41700270771980286,6.038820774116265e-05
1964,0.6107381582260132,0.5688812732696533,0.41856876015663147,6.0285210936521955e-05
1965,0.6242694854736328,0.581831693649292,0.4243782162666321,6.018226412795469e-05
1966,0.5656927824020386,0.527471125125885,0.38221678137779236,6.0079367445058354e-05
1967,0.5799689888954163,0.5396398901939392,0.4032912254333496,5.997652101736726e-05
1968,0.6056556701660156,0.563655436038971,0.4200025200843811,5.9873724974352585e-05
1969,0.6099364757537842,0.5671579241752625,0.42778536677360535,5.977097944542198e-05
1970,0.5955039858818054,0.5548648238182068,0.4063917100429535,5.9668284559919504e-05
1971,0.5860986709594727,0.5455045104026794,0.40594157576560974,5.956564044712551e-05
1972,0.5979659557342529,0.5563026070594788,0.41663333773612976,5.94630472362564e-05
1973,0.5550891160964966,0.5168611407279968,0.38227978348731995,5.936050505646452e-05
1974,0.5928435325622559,0.5513305068016052,0.4151301980018616,5.925801403683797e-05
1975,0.6059476733207703,0.5644629001617432,0.4148479402065277,5.9155574306400395e-05
1976,0.5899314284324646,0.5495487451553345,0.4038269817829132,5.9053185994110974e-05
1977,0.5642352104187012,0.5256089568138123,0.3862624168395996,5.8950849228864025e-05
1978,0.619673490524292,0.5761503577232361,0.43523117899894714,5.884856413948913e-05
1979,0.5711022615432739,0.5317712426185608,0.3933104872703552,5.87463308547507e-05
1980,0.620363175868988,0.5776395797729492,0.4272357225418091,5.864414950334796e-05
1981,0.5845136046409607,0.5445942878723145,0.39919334650039673,5.8542020213914726e-05
1982,0.6311008930206299,0.5874258875846863,0.43675023317337036,5.843994311501939e-05
1983,0.568293035030365,0.5292010307312012,0.39091986417770386,5.833791833516453e-05
1984,0.6480283141136169,0.6039882898330688,0.44040027260780334,5.82359460027869e-05
1985,0.5525950193405151,0.5140211582183838,0.38573870062828064,5.8134026246257225e-05
1986,0.6310508847236633,0.5873640179634094,0.43686842918395996,5.8032159193879985e-05
1987,0.6099879741668701,0.5678063035011292,0.4218165874481201,5.793034497389345e-05
1988,0.6070227026939392,0.5654367804527283,0.4158594608306885,5.782858371446927e-05
1989,0.5943794250488281,0.5531325936317444,0.4124685227870941,5.772687554371241e-05
1990,0.6577060222625732,0.6122710108757019,0.4543498158454895,5.762522058966113e-05
1991,0.5947645306587219,0.5534927845001221,0.41271740198135376,5.752361898028653e-05
1992,0.5538502335548401,0.5157323479652405,0.3811790347099304,5.7422070843492734e-05
1993,0.5652223825454712,0.5259376168251038,0.39284762740135193,5.732057630711638e-05
1994,0.6072841286659241,0.565778374671936,0.4150576591491699,5.721913549892674e-05
1995,0.6317116618156433,0.5884358882904053,0.43275758624076843,5.711774854662535e-05
1996,0.5930756330490112,0.5525836944580078,0.4049191474914551,5.701641557784609e-05
1997,0.577109158039093,0.5372061729431152,0.3990298807621002,5.69151367201548e-05
1998,0.5692033767700195,0.5290881991386414,0.4011516273021698,5.681391210104916e-05
1999,0.601254403591156,0.5601929426193237,0.41061481833457947,5.671274184795865e-05
2000,0.5595080852508545,0.5208016037940979,0.387064665555954,5.6611626088244194e-05
2001,0.6530798673629761,0.6081092357635498,0.4497066140174866,5.651056494919831e-05
2002,0.6106429696083069,0.5687874555587769,0.4185548722743988,5.640955855804455e-05
2003,0.6216991543769836,0.5790354013442993,0.42663776874542236,5.63086070419377e-05
2004,0.5742007493972778,0.5345519185066223,0.3964885473251343,5.620771052796339e-05
2005,0.6537488102912903,0.6091845035552979,0.4456428289413452,5.610686914313796e-05
2006,0.5819542407989502,0.5418562889099121,0.4009797275066376,5.6006083014408484e-05
2007,0.5677723288536072,0.5292611718177795,0.385111540555954,5.590535226865238e-05
2008,0.5919452905654907,0.5504123568534851,0.41532960534095764,5.5804677032677354e-05
2009,0.6420723795890808,0.5975337624549866,0.44538602232933044,5.570405743322124e-05
2010,0.5909604430198669,0.549749493598938,0.41210925579071045,5.560349359695181e-05
2011,0.6236529350280762,0.5812746286392212,0.42378315329551697,5.550298565046672e-05
2012,0.530938446521759,0.49467411637306213,0.36264315247535706,5.540253372029315e-05
2013,0.5753013491630554,0.5355305075645447,0.397708535194397,5.53021379328879e-05
2014,0.5450144410133362,0.5081579089164734,0.368565171957016,5.520179841463693e-05
2015,0.6090973615646362,0.5676349401473999,0.4146239757537842,5.510151529185553e-05
2016,0.5645657181739807,0.525754451751709,0.38811272382736206,5.5001288690787886e-05
2017,0.5713201761245728,0.531790554523468,0.3952963352203369,5.490111873760705e-05
2018,0.6149242520332336,0.572898805141449,0.4202544093132019,5.480100555841478e-05
2019,0.6324712634086609,0.5887113213539124,0.43759915232658386,5.4700949279241295e-05
2020,0.5733386278152466,0.5331335663795471,0.4020504355430603,5.4600950026045326e-05
2021,0.5741985440254211,0.5348498225212097,0.3934870660305023,5.4501007924713707e-05
2022,0.5478013157844543,0.5101274847984314,0.37673839926719666,5.440112310106134e-05
2023,0.6235796213150024,0.5809770822525024,0.4260253310203552,5.4301295680830976e-05
2024,0.5752476453781128,0.5358955264091492,0.393521249294281,5.420152578969326e-05
2025,0.6090341806411743,0.5667248964309692,0.42309287190437317,5.410181355324622e-05
2026,0.6170998811721802,0.5746952891349792,0.42404597997665405,5.400215909701547e-05
2027,0.6207946538925171,0.5780620574951172,0.4273262023925781,5.390256254645378e-05
2028,0.6075490117073059,0.5658420920372009,0.4170692563056946,5.380302402694104e-05
2029,0.6370160579681396,0.59324049949646,0.43775564432144165,5.3703543663784074e-05
2030,0.6248788833618164,0.582115888595581,0.42762988805770874,5.36041215822166e-05
2031,0.6096377372741699,0.567729651927948,0.4190809726715088,5.3504757907398836e-05
2032,0.6114811897277832,0.5694637298583984,0.42017486691474915,5.340545276441755e-05
2033,0.5976786017417908,0.5567188858985901,0.4095974266529083,5.3306206278285734e-05
2034,0.6287722587585449,0.584974467754364,0.43797817826271057,5.320701857394268e-05
2035,0.6099866628646851,0.568070650100708,0.41916021704673767,5.3107889776253536e-05
2036,0.5490095615386963,0.5119655132293701,0.37044018507003784,5.3008820010009464e-05
2037,0.5648087859153748,0.5261828899383545,0.3862590789794922,5.290980939992713e-05
2038,0.6050324440002441,0.5638185739517212,0.412138968706131,5.281085807064881e-05
2039,0.6053953766822815,0.5634538531303406,0.41941529512405396,5.27119661467422e-05
2040,0.6054691672325134,0.5638099908828735,0.416591614484787,5.261313375270014e-05
2041,0.5655736923217773,0.527194619178772,0.3837905824184418,5.251436101294056e-05
2042,0.6003356575965881,0.5587029457092285,0.4163273274898529,5.2415648051806275e-05
2043,0.5865604877471924,0.545866847038269,0.40693649649620056,5.231699499356484e-05
2044,0.6035443544387817,0.5621658563613892,0.4137846827507019,5.221840196240848e-05
2045,0.61186683177948,0.5697778463363647,0.42088958621025085,5.211986908245374e-05
2046,0.5440765619277954,0.5068744421005249,0.3720211982727051,5.202139647774149e-05
2047,0.5927634835243225,0.552136242389679,0.40627264976501465,5.192298427223676e-05
2048,0.6113234162330627,0.5687525868415833,0.42570850253105164,5.182463258982846e-05
2049,0.5663380026817322,0.52704256772995,0.3929545283317566,5.172634155432943e-05
2050,0.5808502435684204,0.5408049821853638,0.4004526436328888,5.1628111289476035e-05
2051,0.6047582030296326,0.56263667345047,0.4212150573730469,5.1529941918928204e-05
2052,0.6346014142036438,0.590800404548645,0.43800991773605347,5.143183356626916e-05
2053,0.6163269281387329,0.573336124420166,0.42990821599960327,5.133378635500543e-05
2054,0.6035134792327881,0.5614952445030212,0.420182466506958,5.123580040856644e-05
2055,0.5804713368415833,0.5406278967857361,0.3984344005584717,5.113787585030454e-05
2056,0.6086053848266602,0.5658420324325562,0.42763328552246094,5.1040012803494795e-05
2057,0.670534610748291,0.624062716960907,0.4647187888622284,5.0942211391334824e-05
2058,0.5979655981063843,0.5563795566558838,0.41586044430732727,5.084447173694469e-05
2059,0.6465685367584229,0.6018925905227661,0.44675955176353455,5.0746793963366744e-05
2060,0.6314069032669067,0.5872659087181091,0.44140979647636414,5.0649178193565314e-05
2061,0.5683623552322388,0.5289775133132935,0.3938482105731964,5.055162455042679e-05
2062,0.5881897211074829,0.546989917755127,0.41199806332588196,5.045413315675924e-05
2063,0.6475853323936462,0.6025240421295166,0.4506129324436188,5.035670413529251e-05
2064,0.5953260660171509,0.5547105073928833,0.4061553478240967,5.025933760867781e-05
2065,0.6702349781990051,0.6243601441383362,0.4587484896183014,5.016203369948773e-05
2066,0.5976040959358215,0.5571573376655579,0.4044675827026367,5.006479253021597e-05
2067,0.6094878315925598,0.5675814151763916,0.4190640151500702,4.996761422327737e-05
2068,0.5821364521980286,0.5421297550201416,0.4000667929649353,4.9870498901007524e-05
2069,0.6144381165504456,0.5721027255058289,0.42335373163223267,4.977344668566275e-05
2070,0.6236622333526611,0.5811803340911865,0.4248186945915222,4.967645769942e-05
2071,0.6340323090553284,0.589786946773529,0.44245368242263794,4.957953206437651e-05
2072,0.5884406566619873,0.5481469035148621,0.40293726325035095,4.9482669902549894e-05
2073,0.5483034253120422,0.5106288194656372,0.376746267080307,4.938587133587777e-05
2074,0.6274783611297607,0.5843791961669922,0.43099141120910645,4.92891364862177e-05
2075,0.6230399012565613,0.5801122188568115,0.42927664518356323,4.919246547534708e-05
2076,0.5440033674240112,0.506337583065033,0.3766576051712036,4.909585842496287e-05
2077,0.6257538795471191,0.5821539759635925,0.43599915504455566,4.899931545668164e-05
2078,0.627298891544342,0.5841719508171082,0.4312693476676941,4.890283669203915e-05
2079,0.5837723016738892,0.5436094403266907,0.401628702878952,4.880642225249041e-05
2080,0.6529679298400879,0.6084665656089783,0.4450134038925171,4.87100722594094e-05
2081,0.5676676034927368,0.5286284685134888,0.3903915584087372,4.8613786834089024e-05
2082,0.6179882287979126,0.5754175186157227,0.4257069230079651,4.851756609774094e-05
2083,0.5845688581466675,0.5440405607223511,0.4052829146385193,4.842141017149526e-05
2084,0.6274368166923523,0.5843360424041748,0.4310075640678406,4.8325319176400576e-05
2085,0.5737427473068237,0.5347793698310852,0.3896334767341614,4.822929323342369e-05
2086,0.6216055154800415,0.578436017036438,0.43169519305229187,4.81333324634496e-05
2087,0.6219356060028076,0.5793091654777527,0.42626452445983887,4.8037436987281194e-05
2088,0.6702528595924377,0.62385094165802,0.46401891112327576,4.794160692563917e-05
2089,0.5752453207969666,0.5359026789665222,0.39342665672302246,4.7845842399161874e-05
2090,0.6118054389953613,0.5700739622116089,0.4173147976398468,4.7750143528405126e-05
2091,0.5908780097961426,0.5500587224960327,0.40819278359413147,4.76545104338422e-05
2092,0.653532087802887,0.6073763370513916,0.4615572392940521,4.755894323586342e-05
2093,0.6243374943733215,0.5808801054954529,0.4345739781856537,4.746344205477631e-05
2094,0.6063036322593689,0.5641512870788574,0.42152324318885803,4.736800701080515e-05
2095,0.6066009998321533,0.5656003355979919,0.4100066125392914,4.727263822409099e-05
2096,0.6074041724205017,0.5659499168395996,0.41454270482063293,4.717733581469157e-05
2097,0.6226285696029663,0.5796996355056763,0.42928919196128845,4.708209990258095e-05
2098,0.6313394904136658,0.5877571105957031,0.4358236491680145,4.6986930607649535e-05
2099,0.6073254346847534,0.564864456653595,0.424609512090683,4.68918280497038e-05
2100,0.6131701469421387,0.5706683397293091,0.4250178039073944,4.6796792348466356e-05
2101,0.5899896621704102,0.5492661595344543,0.40723496675491333,4.67018236235755e-05
2102,0.5773231387138367,0.5376675128936768,0.3965563178062439,4.6606921994585274e-05
2103,0.6359798908233643,0.5916602611541748,0.4431960880756378,4.651208758096521e-05
2104,0.5594197511672974,0.5209980607032776,0.38421720266342163,4.6417320502100316e-05
2105,0.6199121475219727,0.5771422982215881,0.4276987910270691,4.63226208772908e-05
2106,0.5886003375053406,0.547888994216919,0.4071131646633148,4.62279888257519e-05
2107,0.6667346358299255,0.6211271286010742,0.4560753405094147,4.613342446661383e-05
2108,0.6191658973693848,0.5766281485557556,0.4253774881362915,4.603892791892157e-05
2109,0.5270370244979858,0.4911496937274933,0.3588734567165375,4.594449930163471e-05
2110,0.6382790803909302,0.5943266749382019,0.4395240545272827,4.5850138733627434e-05
2111,0.6220083832740784,0.579282283782959,0.4272608757019043,4.575584633368815e-05
2112,0.5659385919570923,0.526923418045044,0.39015182852745056,4.566162222051946e-05
2113,0.5751131176948547,0.5358797907829285,0.3923335373401642,4.556746651273802e-05
2114,0.5950272679328918,0.5535170435905457,0.41510236263275146,4.547337932887443e-05
2115,0.6545594930648804,0.6095420718193054,0.4501742422580719,4.537936078737292e-05
2116,0.6344660520553589,0.5902302265167236,0.442358136177063,4.52854110065914e-05
2117,0.5917154550552368,0.5508348941802979,0.408805787563324,4.519153010480118e-05
2118,0.5783610939979553,0.5392040610313416,0.3915702700614929,4.5097718200186814e-05
2119,0.6110324263572693,0.5686051845550537,0.4242721498012543,4.50039754108461e-05
2120,0.6192117929458618,0.5772280693054199,0.41983750462532043,4.491030185478976e-05
2121,0.6306129097938538,0.587149441242218,0.4346347153186798,4.481669764994134e-05
2122,0.6004394292831421,0.5595826506614685,0.4085679054260254,4.472316291413715e-05
2123,0.5819686055183411,0.5421422719955444,0.39826348423957825,4.4629697765125934e-05
2124,0.5964500904083252,0.5556053519248962,0.40844741463661194,4.453630232056901e-05
2125,0.6624768376350403,0.616675853729248,0.45800963044166565,4.444297669803981e-05
2126,0.5577914118766785,0.5189211368560791,0.3887025713920593,4.434972101502385e-05
2127,0.5633883476257324,0.5246529579162598,0.3873540759086609,4.425653538891874e-05
2128,0.6412647366523743,0.5965460538864136,0.44718703627586365,4.416341993703373e-05
2129,0.6034874320030212,0.5618203282356262,0.4166712462902069,4.407037477658992e-05
2130,0.5804535150527954,0.5397798418998718,0.4067366421222687,4.3977400024719725e-05
2131,0.6637995839118958,0.6180810928344727,0.457184761762619,4.388449579846705e-05
2132,0.5899795293807983,0.5489858388900757,0.4099368453025818,4.379166221478697e-05
2133,0.6312119364738464,0.5874769687652588,0.43734967708587646,4.36988993905456e-05
2134,0.6095789074897766,0.5678297877311707,0.41749098896980286,4.36062074425201e-05
2135,0.5966041088104248,0.5546871423721313,0.41916993260383606,4.351358648739826e-05
2136,0.6346255540847778,0.5906990170478821,0.43926557898521423,4.3421036641778556e-05
2137,0.5523474812507629,0.5142859816551208,0.38061508536338806,4.332855802217e-05
2138,0.5889163613319397,0.548829972743988,0.4008641242980957,4.323615074499183e-05
2139,0.5933535695075989,0.5522826313972473,0.41070932149887085,4.31438149265736e-05
2140,0.5963954329490662,0.5551443696022034,0.412510484457016,4.305155068315481e-05
2141,0.620002806186676,0.577265739440918,0.4273705780506134,4.295935813088487e-05
2142,0.6415557265281677,0.5966193675994873,0.4493633806705475,4.2867237385822935e-05
2143,0.5859249830245972,0.5453965067863464,0.4052848219871521,4.2775188563937843e-05
2144,0.5821627378463745,0.5416586995124817,0.40504032373428345,4.268321178110779e-05
2145,0.5762456059455872,0.5358414649963379,0.4040414094924927,4.259130715312033e-05
2146,0.6134130954742432,0.5705799460411072,0.42833131551742554,4.249947479567218e-05
2147,0.604123055934906,0.5627685189247131,0.4135451018810272,4.2407714824369024e-05
2148,0.5978089570999146,0.5570558309555054,0.40753117203712463,4.231602735472552e-05
2149,0.572790801525116,0.5323991179466248,0.403916597366333,4.222441250216502e-05
2150,0.5733591318130493,0.5337780117988586,0.39581143856048584,4.213287038201943e-05
2151,0.6206300854682922,0.5777650475502014,0.4286503791809082,4.20414011095291e-05
2152,0.5529293417930603,0.5148235559463501,0.3810576796531677,4.195000479984265e-05
2153,0.6370186805725098,0.5931763648986816,0.4384230077266693,4.185868156801694e-05
2154,0.585281491279602,0.5450353026390076,0.4024616777896881,4.1767431529016766e-05
2155,0.5619387030601501,0.5231297016143799,0.3880900740623474,4.1676254797714766e-05
2156,0.6295528411865234,0.5859068632125854,0.43645963072776794,4.1585151488891305e-05
2157,0.5485360622406006,0.5106576085090637,0.37878483533859253,4.149412171723438e-05
2158,0.5656023621559143,0.5268390774726868,0.3876330256462097,4.140316559733935e-05
2159,0.6056167483329773,0.5639516115188599,0.41665157675743103,4.1312283243708836e-05
2160,0.5941743850708008,0.5525984168052673,0.4157595932483673,4.12214747707527e-05
2161,0.5657405257225037,0.527069091796875,0.3867143988609314,4.113074029278765e-05
2162,0.5909141898155212,0.5504714250564575,0.40442749857902527,4.1040079924037386e-05
2163,0.5663288831710815,0.5275163054466248,0.38812580704689026,4.0949493778632244e-05
2164,0.591629147529602,0.551320493221283,0.40308648347854614,4.085898197060911e-05
2165,0.6316916346549988,0.5883979797363281,0.43293634057044983,4.0768544613911294e-05
2166,0.600991427898407,0.5594390630722046,0.415523886680603,4.067818182238838e-05
2167,0.6055192947387695,0.563380241394043,0.4213906228542328,4.058789370979617e-05
2168,0.5961818695068359,0.5550823211669922,0.4109954833984375,4.049768038979631e-05
2169,0.5924054384231567,0.5514203310012817,0.4098508656024933,4.04075419759564e-05
2170,0.6121306419372559,0.5703339576721191,0.4179670214653015,4.031747858174964e-05
2171,0.6288893818855286,0.5859630703926086,0.429263174533844,4.0227490320554916e-05
2172,0.5675234794616699,0.5290096998214722,0.38513806462287903,4.0137577305656485e-05
2173,0.6239838004112244,0.5801502466201782,0.43833571672439575,4.004773965024383e-05
2174,0.5999036431312561,0.5583266615867615,0.4157695770263672,3.9957977467411615e-05
2175,0.5628165602684021,0.5240171551704407,0.3879941999912262,3.9868290870159405e-05
2176,0.5630119442939758,0.5243966579437256,0.3861529529094696,3.9778679971391785e-05
2177,0.6132113933563232,0.5712260007858276,0.4198538661003113,3.96891448839179e-05
2178,0.5672896504402161,0.5283977389335632,0.38891908526420593,3.959968572045148e-05
2179,0.6168217658996582,0.573713481426239,0.43108269572257996,3.951030259361072e-05
2180,0.5762055516242981,0.5365759134292603,0.39629626274108887,3.942099561591802e-05
2181,0.5828132629394531,0.5427655577659607,0.4004773497581482,3.933176489980005e-05
2182,0.6385378241539001,0.5948455929756165,0.43692252039909363,3.924261055758731e-05
2183,0.587729275226593,0.547336220741272,0.40393081307411194,3.915353270151433e-05
2184,0.5989952683448792,0.5575957298278809,0.4139954447746277,3.90645314437192e-05
2185,0.646761417388916,0.6019279360771179,0.4483349621295929,3.897560689624362e-05
2186,0.6201767921447754,0.5771530270576477,0.43023765087127686,3.888675917103283e-05
2187,0.6354867815971375,0.5907679200172424,0.44718876481056213,3.879798837993521e-05
2188,0.5730167627334595,0.5339946746826172,0.39022117853164673,3.8709294634702376e-05
2189,0.6208372712135315,0.5779668688774109,0.42870378494262695,3.862067804698889e-05
2190,0.545415997505188,0.5080124735832214,0.37403514981269836,3.853213872835228e-05
2191,0.5968425273895264,0.5557246804237366,0.41117867827415466,3.844367679025274e-05
2192,0.6512005925178528,0.6063674092292786,0.4483318328857422,3.8355292344053026e-05
2193,0.606852650642395,0.5652770400047302,0.4157562553882599,3.826698550101836e-05
2194,0.5614538192749023,0.5230926275253296,0.3836119771003723,3.8178756372316294e-05
2195,0.5884107351303101,0.5479755997657776,0.40435144305229187,3.8090605069016595e-05
2196,0.6073397397994995,0.5653562545776367,0.41983458399772644,3.800253170209094e-05
2197,0.6210081577301025,0.5779508948326111,0.43057236075401306,3.7914536382412956e-05
2198,0.6593033671379089,0.6132935285568237,0.4600983262062073,3.782661922075803e-05
2199,0.5799073576927185,0.5395338535308838,0.40373513102531433,3.773878032780309e-05
2200,0.5909072160720825,0.5502154231071472,0.4069180488586426,3.7651019814126654e-05
2201,0.6195806264877319,0.5771284699440002,0.42452171444892883,3.7563337790208476e-05
2202,0.6080639958381653,0.5666378736495972,0.4142611622810364,3.747573436642951e-05
2203,0.5661748647689819,0.526475191116333,0.39699652791023254,3.738820965307176e-05
2204,0.588607132434845,0.5483704805374146,0.40236642956733704,3.730076376031821e-05
2205,0.6649975776672363,0.6191920638084412,0.45805492997169495,3.721339679825252e-05
2206,0.6196151375770569,0.5772629976272583,0.42352113127708435,3.712610887685909e-05
2207,0.5610848069190979,0.5223460793495178,0.38738730549812317,3.703890010602274e-05
2208,0.5921228528022766,0.5514315366744995,0.4069133698940277,3.695177059552861e-05
2209,0.6117851138114929,0.56898432970047,0.428007572889328,3.686472045506223e-05
2210,0.6387307047843933,0.5953661203384399,0.43364566564559937,3.677774979420904e-05
2211,0.5823391675949097,0.5424585938453674,0.39880579710006714,3.66908587224545e-05
2212,0.5742005705833435,0.5349761247634888,0.3922443389892578,3.660404734918387e-05
2213,0.5944951176643372,0.5537328124046326,0.4076227843761444,3.6517315783682036e-05
2214,0.5963225960731506,0.5558008551597595,0.4052172601222992,3.643066413513354e-05
2215,0.5926179885864258,0.5510922074317932,0.4152580201625824,3.634409251262217e-05
2216,0.5721542835235596,0.5330144166946411,0.39139890670776367,3.6257601025131026e-05
2217,0.5758308172225952,0.5361319184303284,0.39698898792266846,3.61711897815424e-05
2218,0.5730312466621399,0.533809244632721,0.3922199010848999,3.608485889063744e-05
2219,0.5771526098251343,0.5377606153488159,0.3939198851585388,3.599860846109626e-05
2220,0.5429809093475342,0.5055800080299377,0.37400928139686584,3.591243860149759e-05
2221,0.5734092593193054,0.5338095426559448,0.395997017621994,3.582634942031878e-05
2222,0.5511028170585632,0.5135132074356079,0.37589582800865173,3.574034102593557e-05
2223,0.6224322319030762,0.578858494758606,0.4357373118400574,3.565441352662211e-05
2224,0.6089649200439453,0.5674198865890503,0.4154503643512726,3.556856703055058e-05
2225,0.5920751094818115,0.5513736605644226,0.407014399766922,3.548280164579126e-05
2226,0.5942671895027161,0.5533909797668457,0.4087620675563812,3.539711748031227e-05
2227,0.6013794541358948,0.5599144697189331,0.4146500527858734,3.531151464197957e-05
2228,0.61381596326828,0.571221113204956,0.42594873905181885,3.5225993238556644e-05
2229,0.6401495337486267,0.5956704616546631,0.44479045271873474,3.514055337770455e-05
2230,0.6368266344070435,0.5932175517082214,0.4360908567905426,3.5055195166981645e-05
2231,0.5913683176040649,0.5507017374038696,0.40666553378105164,3.496991871384346e-05
2232,0.6363515853881836,0.5918508768081665,0.44500723481178284,3.488472412564264e-05
2233,0.5912620425224304,0.5507137179374695,0.4054834246635437,3.479961150962884e-05
2234,0.6025305986404419,0.5613155364990234,0.4121505618095398,3.4714580972948406e-05
2235,0.5888604521751404,0.5486980080604553,0.4016242027282715,3.462963262264444e-05
2236,0.6015311479568481,0.5600922107696533,0.4143892526626587,3.4544766565656505e-05
2237,0.5987170934677124,0.5573737621307373,0.41343316435813904,3.445998290882062e-05
2238,0.5941466093063354,0.5534724593162537,0.40674152970314026,3.4375281758869114e-05
2239,0.5702191591262817,0.5310941338539124,0.39124998450279236,3.429066322243033e-05
2240,0.634479284286499,0.5907479524612427,0.437313437461853,3.420612740602875e-05
2241,0.6358376145362854,0.5924401879310608,0.4339745044708252,3.4121674416084584e-05
2242,0.5572072267532349,0.5188168883323669,0.383903443813324,3.403730435891391e-05
2243,0.632451057434082,0.5886112451553345,0.4383982717990875,3.39530173407283e-05
2244,0.5896990895271301,0.5491449236869812,0.40554144978523254,3.386881346763483e-05
2245,0.6311066746711731,0.5873956680297852,0.43711021542549133,3.378469284563589e-05
2246,0.6338376998901367,0.5901606678962708,0.43677008152008057,3.370065558062906e-05
2247,0.5788083076477051,0.5389689207077026,0.39839404821395874,3.3616701778407065e-05
2248,0.5753883719444275,0.5356223583221436,0.3976602852344513,3.353283154465746e-05
2249,0.5958890914916992,0.5545528531074524,0.41336262226104736,3.34490449849626e-05
2250,0.6024676561355591,0.5610562562942505,0.41411375999450684,3.336534220479961e-05
2251,0.6670483946800232,0.6204548478126526,0.46593549847602844,3.3281723309540025e-05
2252,0.5408347249031067,0.5036019682884216,0.3723278343677521,3.319818840444987e-05
2253,0.5880787968635559,0.5475534200668335,0.4052535593509674,3.311473759468938e-05
2254,0.5819565653800964,0.5415214896202087,0.404350608587265,3.3031370985312934e-05
2255,0.5835493206977844,0.5436171889305115,0.39932146668434143,3.294808868126894e-05
2256,0.5961979627609253,0.5555506348609924,0.4064730405807495,3.28648907873996e-05
2257,0.5524269938468933,0.5142616033554077,0.38165363669395447,3.2781777408441e-05
2258,0.56537926197052,0.5266731977462769,0.38706034421920776,3.269874864902269e-05
2259,0.6628616452217102,0.616425633430481,0.4643601179122925,3.261580461366776e-05
2260,0.6187595129013062,0.5759368538856506,0.4282265603542328,3.253294540679257e-05
2261,0.6119534969329834,0.5698314905166626,0.4212203323841095,3.245017113270685e-05
2262,0.6297010779380798,0.5857493877410889,0.4395170509815216,3.236748189561324e-05
2263,0.5621574521064758,0.5231887102127075,0.3896874487400055,3.228487779960745e-05
2264,0.5370301008224487,0.5004710555076599,0.3655907213687897,3.220235894867794e-05
2265,0.6231676936149597,0.5808096528053284,0.4235803484916687,3.211992544670581e-05
2266,0.5826141238212585,0.542822539806366,0.39791589975357056,3.203757739746489e-05
2267,0.6346303224563599,0.590735912322998,0.43894410133361816,3.195531490462128e-05
2268,0.6110015511512756,0.5686835050582886,0.42318055033683777,3.18731380717334e-05
2269,0.6043926477432251,0.562375545501709,0.42017093300819397,3.1791047002251884e-05
2270,0.5636688470840454,0.5248511433601379,0.3881770074367523,3.1709041799519315e-05
2271,0.6039090156555176,0.5616921186447144,0.4221689999103546,3.162712256677032e-05
2272,0.5882537961006165,0.5473515391349792,0.4090223014354706,3.154528940713113e-05
2273,0.6197027564048767,0.5762708783149719,0.43431854248046875,3.1463542423619794e-05
2274,0.6786901354789734,0.6323862075805664,0.4630391299724579,3.1381881719145724e-05
2275,0.5728644132614136,0.533859133720398,0.3900524973869324,3.130030739650983e-05
2276,0.5883840918540955,0.5480102896690369,0.40373820066452026,3.121881955840421e-05
2277,0.614660382270813,0.5727165937423706,0.41943812370300293,3.1137418307412116e-05
2278,0.572866678237915,0.5332188606262207,0.3964780867099762,3.105610374600778e-05
2279,0.6308355927467346,0.587232768535614,0.43602821230888367,3.0974875976556284e-05
2280,0.5685279369354248,0.5296114087104797,0.38916531205177307,3.089373510131355e-05
2281,0.6270011067390442,0.5835981965065002,0.43402937054634094,3.081268122242598e-05
2282,0.5999333262443542,0.5586351156234741,0.41298192739486694,3.073171444193055e-05
2283,0.5986090898513794,0.5567581653594971,0.4185095429420471,3.065083486175451e-05
2284,0.5705810785293579,0.5313526391983032,0.39228421449661255,3.057004258371541e-05
2285,0.5651267170906067,0.5257910490036011,0.3933565616607666,3.0489337709520917e-05
2286,0.5765146017074585,0.536521852016449,0.3999272584915161,3.0408720340768572e-05
2287,0.6182234883308411,0.575551450252533,0.4267204999923706,3.0328190578945815e-05
2288,0.561292290687561,0.5222664475440979,0.39025813341140747,3.0247748525429787e-05
2289,0.6242467164993286,0.5810649394989014,0.4318179488182068,3.0167394281487184e-05
2290,0.5816081166267395,0.5416355729103088,0.39972567558288574,3.008712794827426e-05
2291,0.6416263580322266,0.5972693562507629,0.44356977939605713,3.00069496268365e-05
2292,0.6127004623413086,0.5708726048469543,0.41827887296676636,2.9926859418108644e-05
2293,0.6095116138458252,0.567780613899231,0.41731026768684387,2.9846857422914433e-05
2294,0.67267245054245,0.6259600520133972,0.46712401509284973,2.97669437419667e-05
2295,0.589624285697937,0.5494557619094849,0.4016853868961334,2.9687118475866947e-05
2296,0.5560368895530701,0.5172160863876343,0.38820815086364746,2.960738172510551e-05
2297,0.543617844581604,0.5056571960449219,0.3796064257621765,2.952773359006119e-05
2298,0.6083676815032959,0.5665208101272583,0.4184688329696655,2.9448174171001254e-05
2299,0.574044942855835,0.5343531370162964,0.39691799879074097,2.9368703568081356e-05
2300,0.5961263179779053,0.5548854470252991,0.4124089479446411,2.9289321881345254e-05
2301,0.5730698704719543,0.5334197282791138,0.39650169014930725,2.921002921072481e-05
2302,0.6188762187957764,0.5768318772315979,0.42044350504875183,2.913082565603982e-05
2303,0.6548545956611633,0.6099401712417603,0.4491444528102875,2.9051711316997864e-05
2304,0.5765337347984314,0.5366777181625366,0.3985599875450134,2.8972686293194308e-05
2305,0.6215031147003174,0.5787774920463562,0.4272560179233551,2.8893750684111975e-05
2306,0.6299527287483215,0.5861488580703735,0.43803870677948,2.8814904589121137e-05
2307,0.6594640016555786,0.6138864159584045,0.4557759463787079,2.8736148107479478e-05
2308,0.6098122596740723,0.5674830675125122,0.4232918322086334,2.8657481338331715e-05
2309,0.5816596150398254,0.5419203639030457,0.3973924517631531,2.8578904380709793e-05
2310,0.588840901851654,0.5481909513473511,0.40649929642677307,2.850041733353247e-05
2311,0.5933926105499268,0.5522940158843994,0.410986065864563,2.842202029560538e-05
2312,0.6547648906707764,0.6097630858421326,0.45001834630966187,2.8343713365620772e-05
2313,0.6462169885635376,0.6012881994247437,0.4492878317832947,2.8265496642157597e-05
2314,0.6102288961410522,0.5677276849746704,0.4250122308731079,2.8187370223681132e-05
2315,0.5964003205299377,0.5554726719856262,0.40927666425704956,2.8109334208542993e-05
2316,0.5997565984725952,0.5587595701217651,0.40997010469436646,2.803138869498102e-05
2317,0.5699672102928162,0.5305013656616211,0.3946581780910492,2.7953533781119055e-05
2318,0.6155984401702881,0.5732836127281189,0.4231480360031128,2.7875769564966968e-05
2319,0.6076160073280334,0.5655373930931091,0.4207860827445984,2.779809614442046e-05
2320,0.6409719586372375,0.596317708492279,0.44654223322868347,2.7720513617260856e-05
2321,0.5904200077056885,0.5495144724845886,0.40905526280403137,2.764302208115509e-05
2322,0.6051264405250549,0.5637076497077942,0.4141879379749298,2.7565621633655502e-05
2323,0.6101888418197632,0.568216860294342,0.41971999406814575,2.74883123721999e-05
2324,0.5911256670951843,0.5504505634307861,0.40675094723701477,2.741109439411117e-05
2325,0.6153910160064697,0.5732736587524414,0.4211735129356384,2.7333967796597315e-05
2326,0.601743221282959,0.5606760382652283,0.41067177057266235,2.7256932676751323e-05
2327,0.628924548625946,0.5854821801185608,0.43442368507385254,2.7179989131550977e-05
2328,0.6208404302597046,0.5777023434638977,0.43138107657432556,2.7103137257858868e-05
2329,0.5914056897163391,0.5508775115013123,0.40528154373168945,2.7026377152422067e-05
2330,0.6365520358085632,0.5922943949699402,0.44257646799087524,2.694970891187224e-05
2331,0.6012505888938904,0.5590592622756958,0.4219133257865906,2.6873132632725297e-05
2332,0.5956066846847534,0.5541736483573914,0.41433021426200867,2.6796648411381485e-05
2333,0.6169469356536865,0.574404239654541,0.425427109003067,2.672025634412506e-05
2334,0.5795779824256897,0.5397406220436096,0.3983737826347351,2.6643956527124335e-05
2335,0.5996150970458984,0.5581992864608765,0.41415828466415405,2.6567749056431467e-05
2336,0.574145495891571,0.5346602201461792,0.39485299587249756,2.6491634027982325e-05
2337,0.5971758365631104,0.5560381412506104,0.4113771319389343,2.6415611537596496e-05
2338,0.6070265173912048,0.5648781061172485,0.4214843213558197,2.6339681680977013e-05
2339,0.5680142641067505,0.5286582708358765,0.39356014132499695,2.6263844553710236e-05
2340,0.600871205329895,0.5592271089553833,0.41644108295440674,2.6188100251265945e-05
2341,0.5890418291091919,0.5485390424728394,0.4050278663635254,2.6112448868996897e-05
2342,0.5727751851081848,0.5332139730453491,0.39561232924461365,2.6036890502139035e-05
2343,0.5878095030784607,0.5469755530357361,0.4083394408226013,2.5961425245811055e-05
2344,0.5379788875579834,0.5007243752479553,0.3725450336933136,2.5886053195014538e-05
2345,0.6466907262802124,0.6025438904762268,0.44146841764450073,2.5810774444633644e-05
2346,0.5987921357154846,0.557518482208252,0.4127363860607147,2.573558908943523e-05
2347,0.6043092608451843,0.5626420378684998,0.4166722595691681,2.5660497224068415e-05
2348,0.5670037865638733,0.5283585786819458,0.3864518105983734,2.5585498943064724e-05
2349,0.5838976502418518,0.5435346961021423,0.4036294221878052,2.5510594340837824e-05
2350,0.5825742483139038,0.5426355004310608,0.39938756823539734,2.5435783511683443e-05
2351,0.61795973777771,0.5755043625831604,0.4245535731315613,2.5361066549779356e-05
2352,0.5134710669517517,0.47822365164756775,0.35247427225112915,2.5286443549185036e-05
2353,0.5910564661026001,0.5501803755760193,0.4087611138820648,2.521191460384178e-05
2354,0.6150641441345215,0.5724090337753296,0.42655137181282043,2.5137479807572427e-05
2355,0.6207002997398376,0.5773246884346008,0.4337559938430786,2.506313925408127e-05
2356,0.5504491925239563,0.5123559236526489,0.38093262910842896,2.4988893036954053e-05
2357,0.5891982316970825,0.5482640266418457,0.4093422293663025,2.4914741249657658e-05
2358,0.620968222618103,0.5787683129310608,0.42199939489364624,2.484068398554016e-05
2359,0.6202750205993652,0.5772112011909485,0.4306381642818451,2.47667213378306e-05
2360,0.5763702392578125,0.5357646942138672,0.4060553312301636,2.4692853399638917e-05
2361,0.5696356892585754,0.530012845993042,0.39622825384140015,2.4619080263955875e-05
2362,0.5633730888366699,0.5251115560531616,0.38261547684669495,2.4545402023652784e-05
2363,0.5939958095550537,0.5531720519065857,0.4082375168800354,2.4471818771481648e-05
2364,0.5598669648170471,0.5213527083396912,0.38514265418052673,2.4398330600074713e-05
2365,0.548017144203186,0.5100451707839966,0.37971943616867065,2.4324937601944685e-05
2366,0.5762652158737183,0.5364492535591125,0.3981597125530243,2.4251639869484375e-05
2367,0.5835558176040649,0.5433792471885681,0.40176573395729065,2.4178437494966688e-05
2368,0.6201507449150085,0.5776352882385254,0.42515456676483154,2.410533057054446e-05
2369,0.5601505637168884,0.5218853950500488,0.3826519548892975,2.4032319188250374e-05
2370,0.6054786443710327,0.5639090538024902,0.4156959056854248,2.3959403439996907e-05
2371,0.6059032678604126,0.5639106035232544,0.4199267625808716,2.388658341757607e-05
2372,0.6043239831924438,0.5626364946365356,0.41687503457069397,2.381385921265936e-05
2373,0.6495400667190552,0.6043496131896973,0.4519043564796448,2.3741230916797675e-05
2374,0.5763707160949707,0.536693274974823,0.396774560213089,2.3668698621421216e-05
2375,0.5520372986793518,0.513977587223053,0.38059723377227783,2.3596262417839255e-05
2376,0.6255784630775452,0.5827676057815552,0.428108811378479,2.352392239724016e-05
2377,0.5893181562423706,0.5484908819198608,0.4082726836204529,2.345167865069119e-05
2378,0.6046680212020874,0.5627477169036865,0.4192032814025879,2.33795312691384e-05
2379,0.5677399635314941,0.5287624001502991,0.3897758424282074,2.330748034340651e-05
2380,0.6365132927894592,0.5918440818786621,0.4466918408870697,2.323552596419889e-05
2381,0.5720623135566711,0.5328460335731506,0.39216285943984985,2.3163668222097313e-05
2382,0.6080442070960999,0.5655631422996521,0.4248107373714447,2.309190720756189e-05
2383,0.5816640853881836,0.5414044260978699,0.40259674191474915,2.3020243010930975e-05
2384,0.5533306002616882,0.5154693126678467,0.3786128759384155,2.2948675722421086e-05
2385,0.5569706559181213,0.5187216997146606,0.3824894428253174,2.2877205432126657e-05
2386,0.5985603928565979,0.5575326085090637,0.4102776348590851,2.280583223002012e-05
2387,0.6107518076896667,0.5679616332054138,0.4279016852378845,2.2734556205951596e-05
2388,0.585223913192749,0.5445939898490906,0.40629908442497253,2.266337744964888e-05
2389,0.5664339065551758,0.5275627970695496,0.3887110650539398,2.2592296050717388e-05
2390,0.5869168043136597,0.5463746786117554,0.4054211378097534,2.25213120986399e-05
2391,0.5941194295883179,0.5535118579864502,0.4060755968093872,2.2450425682776565e-05
2392,0.5961751937866211,0.5547741651535034,0.41401004791259766,2.237963689236472e-05
2393,0.5788891911506653,0.5389938950538635,0.3989531993865967,2.230894581651879e-05
2394,0.5563600063323975,0.5178123116493225,0.3854770064353943,2.2238352544230255e-05
2395,0.5971877574920654,0.5559041500091553,0.41283613443374634,2.2167857164367422e-05
2396,0.5764564275741577,0.5366449356079102,0.3981146812438965,2.2097459765675342e-05
2397,0.5958374738693237,0.5550464391708374,0.40791016817092896,2.2027160436775794e-05
2398,0.6226426959037781,0.5800475478172302,0.42595165967941284,2.195695926616702e-05
2399,0.5417895913124084,0.5043901801109314,0.37399423122406006,2.188685634222376e-05
2400,0.5592825412750244,0.5204583406448364,0.38824209570884705,2.1816851753197032e-05
2401,0.5882849097251892,0.5472047924995422,0.4108012914657593,2.174694558721405e-05
2402,0.533849835395813,0.49655404686927795,0.37295764684677124,2.1677137932278147e-05
2403,0.5896480083465576,0.5493299961090088,0.403180330991745,2.1607428876268675e-05
2404,0.5412561893463135,0.5043929815292358,0.36863186955451965,2.153781850694082e-05
2405,0.5500363707542419,0.5124906897544861,0.37545686960220337,2.146830691192553e-05
2406,0.6109037399291992,0.5691760182380676,0.4172772169113159,2.1398894178729423e-05
2407,0.6112414002418518,0.5693221688270569,0.4191923141479492,2.1329580394734638e-05
2408,0.583673357963562,0.5434751510620117,0.40198230743408203,2.1260365647198798e-05
2409,0.589020848274231,0.5488286018371582,0.40192246437072754,2.119125002325485e-05
2410,0.5652685165405273,0.5255435705184937,0.3972495198249817,2.11222336099109e-05
2411,0.580655574798584,0.5401078462600708,0.40547752380371094,2.1053316494050202e-05
2412,0.6383874416351318,0.594726026058197,0.4366140067577362,2.098449876243096e-05
2413,0.5800806879997253,0.5397202372550964,0.4036044478416443,2.0915780501686355e-05
2414,0.5466758012771606,0.5088037252426147,0.3787207007408142,2.0847161798324266e-05
2415,0.6208034753799438,0.578464686870575,0.4233876168727875,2.0778642738727272e-05
2416,0.5645967721939087,0.5260708332061768,0.3852594196796417,2.0710223409152475e-05
2417,0.5741272568702698,0.5348155498504639,0.3931173086166382,2.064190389573153e-05
2418,0.5710612535476685,0.5316360592842102,0.3942519724369049,2.057368428447032e-05
2419,0.6348719000816345,0.5910345315933228,0.4383736252784729,2.0505564661249e-05
2420,0.6034319996833801,0.5615899562835693,0.41842028498649597,2.043754511182191e-05
2421,0.6353966593742371,0.5913949608802795,0.4400169551372528,2.036962572181731e-05
2422,0.6284579634666443,0.5850724577903748,0.4338549077510834,2.0301806576737482e-05
2423,0.6021497845649719,0.5606828331947327,0.41466963291168213,2.023408776195842e-05
2424,0.5983684062957764,0.5566971898078918,0.4167119860649109,2.016646936272987e-05
2425,0.5901688933372498,0.550177812576294,0.39991095662117004,2.009895146417512e-05
2426,0.5923435688018799,0.5521109104156494,0.402326762676239,2.0031534151290953e-05
2427,0.5513135194778442,0.5135835409164429,0.37729981541633606,1.996421750894758e-05
2428,0.5710514187812805,0.5317150950431824,0.3933633863925934,1.9897001621888434e-05
2429,0.5513815879821777,0.5135334730148315,0.3784812092781067,1.9829886574730093e-05
2430,0.5733534693717957,0.5336934924125671,0.3965998888015747,1.9762872451962212e-05
2431,0.5983980894088745,0.5577976107597351,0.4060046672821045,1.969595933794739e-05
2432,0.5885746479034424,0.5478599071502686,0.40714743733406067,1.9629147316921125e-05
2433,0.6296775341033936,0.5865369439125061,0.4314057528972626,1.9562436472991552e-05
2434,0.5871920585632324,0.5466387271881104,0.40553343296051025,1.9495826890139503e-05
2435,0.6230445504188538,0.5803449153900146,0.42699626088142395,1.9429318652218276e-05
2436,0.5960291624069214,0.5550711750984192,0.40957990288734436,1.9362911842953678e-05
2437,0.5598630905151367,0.5212713479995728,0.38591745495796204,1.9296606545943774e-05
2438,0.6158099174499512,0.5735337734222412,0.4227617084980011,1.9230402844658812e-05
2439,0.5381135940551758,0.5015231370925903,0.365904837846756,1.9164300822441194e-05
2440,0.5977184176445007,0.556968629360199,0.4074980616569519,1.9098300562505266e-05
2441,0.5858220458030701,0.5458143353462219,0.4000771939754486,1.9032402147937357e-05
2442,0.614595353603363,0.5718204379081726,0.42774900794029236,1.896660566169548e-05
2443,0.5562917590141296,0.5180646777153015,0.3822706639766693,1.8900911186609426e-05
2444,0.5570507049560547,0.5189828276634216,0.3806786835193634,1.8835318805380507e-05
2445,0.5961241126060486,0.554481029510498,0.4164309799671173,1.8769828600581496e-05
2446,0.5937590003013611,0.5529862642288208,0.40772727131843567,1.870444065465662e-05
2447,0.5956198573112488,0.5548736453056335,0.40746209025382996,1.863915504992131e-05
2448,0.5705944299697876,0.5315892696380615,0.39005184173583984,1.8573971868562156e-05
2449,0.5927162170410156,0.5515859723091125,0.411302387714386,1.8508891192636824e-05
2450,0.6329470872879028,0.5892314910888672,0.43715617060661316,1.8443913104073983e-05
2451,0.5993406772613525,0.5578190088272095,0.4152163863182068,1.8379037684673105e-05
2452,0.5885738134384155,0.5482155084609985,0.4035830795764923,1.8314265016104417e-05
2453,0.5510610342025757,0.5128355026245117,0.3822553753852844,1.8249595179908773e-05
2454,0.651452362537384,0.606690526008606,0.44761839509010315,1.818502825749764e-05
2455,0.587891697883606,0.5469391345977783,0.4095255434513092,1.8120564330152923e-05
2456,0.5620167255401611,0.52366703748703,0.3834971785545349,1.805620347902681e-05
2457,0.5641348361968994,0.5255264043807983,0.38608455657958984,1.799194578514176e-05
2458,0.5727519989013672,0.5337048172950745,0.3904719650745392,1.7927791329390375e-05
2459,0.6123798489570618,0.5699131488800049,0.4246670603752136,1.786374019253526e-05
2460,0.5534606575965881,0.5156870484352112,0.37773630023002625,1.7799792455209018e-05
2461,0.6206586360931396,0.5777151584625244,0.4294349253177643,1.773594819791403e-05
2462,0.5465262532234192,0.5085344910621643,0.37991777062416077,1.767220750102243e-05
2463,0.6013278365135193,0.5601189136505127,0.4120892286300659,1.760857044477596e-05
2464,0.6130450367927551,0.5713419914245605,0.4170307219028473,1.7545037109285946e-05
2465,0.6170867085456848,0.5748724937438965,0.42214205861091614,1.7481607574533044e-05
2466,0.5924094319343567,0.5520052909851074,0.40404146909713745,1.7418281920367373e-05
2467,0.5837647914886475,0.5432183742523193,0.40546414256095886,1.735506022650817e-05
2468,0.6386996507644653,0.5946623086929321,0.44037318229675293,1.7291942572543807e-05
2469,0.6009388566017151,0.5595492124557495,0.4138966202735901,1.722892903793176e-05
2470,0.5824385285377502,0.5410945415496826,0.4134398400783539,1.716601970199836e-05
2471,0.6074806451797485,0.5653327107429504,0.42147955298423767,1.710321464393877e-05
2472,0.5770037770271301,0.5378493666648865,0.3915441334247589,1.7040513942816906e-05
2473,0.5608634948730469,0.522396445274353,0.38467076420783997,1.697791767756527e-05
2474,0.6380294561386108,0.5940267443656921,0.4400273263454437,1.6915425926984986e-05
2475,0.6085205078125,0.5658159852027893,0.4270453453063965,1.6853038769745467e-05
2476,0.5976154804229736,0.5570582151412964,0.4055727422237396,1.6790756284384612e-05
2477,0.6004858613014221,0.5585065484046936,0.41979315876960754,1.6728578549308416e-05
2478,0.5897856950759888,0.549809455871582,0.3997625708580017,1.666650564279105e-05
2479,0.617125391960144,0.5751181244850159,0.4200728237628937,1.6604537642974793e-05
2480,0.59455406665802,0.5536414384841919,0.40912625193595886,1.6542674627869747e-05
2481,0.6294862627983093,0.5858702063560486,0.4361605942249298,1.6480916675353898e-05
2482,0.6035422086715698,0.5618789792060852,0.4166323244571686,1.6419263863172997e-05
2483,0.5792434811592102,0.5394057035446167,0.3983777165412903,1.6357716268940372e-05
2484,0.6041093468666077,0.5630523562431335,0.4105699360370636,1.6296273970136977e-05
2485,0.5766928195953369,0.5371642708778381,0.39528563618659973,1.6234937044111152e-05
2486,0.5696914792060852,0.5306442975997925,0.3904716670513153,1.6173705568078578e-05
2487,0.5914151668548584,0.5503718256950378,0.4104331135749817,1.611257961912227e-05
2488,0.548268735408783,0.5107280611991882,0.37540650367736816,1.6051559274192275e-05
2489,0.5417904853820801,0.5048906803131104,0.36899805068969727,1.599064461010581e-05
2490,0.5572699308395386,0.5183223485946655,0.38947567343711853,1.5929835703546993e-05
2491,0.5712975859642029,0.5318435430526733,0.39454028010368347,1.5869132631066808e-05
2492,0.6011481881141663,0.5600349307060242,0.41113245487213135,1.5808535469082996e-05
2493,0.6198194026947021,0.5773045420646667,0.425148606300354,1.574804429388004e-05
2494,0.5718904733657837,0.5321246981620789,0.39765751361846924,1.5687659181608916e-05
2495,0.5527384281158447,0.5146508812904358,0.38087522983551025,1.5627380208287114e-05
2496,0.601008415222168,0.5593659281730652,0.41642460227012634,1.5567207449798515e-05
2497,0.5821956992149353,0.5421444773674011,0.40051206946372986,1.5507140981893253e-05
2498,0.58124178647995,0.5407047867774963,0.40536996722221375,1.5447180880187706e-05
2499,0.5741041302680969,0.5348160862922668,0.39288046956062317,1.538732722016434e-05
2500,0.5900585651397705,0.5495671629905701,0.4049140512943268,1.5327580077171587e-05
2501,0.5818464159965515,0.5420176982879639,0.39828723669052124,1.5267939526423824e-05
2502,0.6311559677124023,0.587759256362915,0.4339669644832611,1.520840564300119e-05
2503,0.5948490500450134,0.55440354347229,0.4044549763202667,1.5148978501849642e-05
2504,0.5934920907020569,0.5525187849998474,0.40973323583602905,1.5089658177780653e-05
2505,0.6188831329345703,0.5764161348342896,0.4246699810028076,1.5030444745471294e-05
2506,0.6271835565567017,0.5840553641319275,0.43128207325935364,1.4971338279464009e-05
2507,0.5749720931053162,0.5351909399032593,0.39781174063682556,1.4912338854166696e-05
2508,0.5854785442352295,0.5453675985336304,0.40110915899276733,1.485344654385239e-05
2509,0.6171075105667114,0.5738399624824524,0.43267568945884705,1.4794661422659306e-05
2510,0.6066811084747314,0.5648489594459534,0.4183213412761688,1.4735983564590783e-05
2511,0.6449350118637085,0.6002504825592041,0.4468454122543335,1.4677413043515042e-05
2512,0.5637982487678528,0.5251043438911438,0.3869388699531555,1.4618949933165272e-05
2513,0.5732026696205139,0.533191978931427,0.4001067280769348,1.4560594307139364e-05
2514,0.5670998692512512,0.5280510187149048,0.3904886245727539,1.4502346238899945e-05
2515,0.551879346370697,0.5139569044113159,0.3792242109775543,1.4444205801774202e-05
2516,0.5918805599212646,0.5511265993118286,0.407539427280426,1.4386173068953846e-05
2517,0.5884867906570435,0.5482338070869446,0.4025298058986664,1.4328248113495047e-05
2518,0.6110242009162903,0.5688547492027283,0.42169439792633057,1.427043100831823e-05
2519,0.5761334300041199,0.5363604426383972,0.39772963523864746,1.4212721826208086e-05
2520,0.6267639994621277,0.5832090377807617,0.4355498254299164,1.415512063981339e-05
2521,0.6349593997001648,0.5913365483283997,0.43622857332229614,1.4097627521647061e-05
2522,0.6040199995040894,0.5617466568946838,0.42273369431495667,1.4040242544085913e-05
2523,0.6022019386291504,0.5605959892272949,0.41605931520462036,1.3982965779370626e-05
2524,0.6084291338920593,0.565975546836853,0.4245360195636749,1.3925797299605647e-05
2525,0.6068145632743835,0.5655054450035095,0.4130909740924835,1.3868737176759094e-05
2526,0.6074837446212769,0.5652009844779968,0.42282775044441223,1.3811785482662764e-05
2527,0.5427193641662598,0.5054479837417603,0.37271350622177124,1.375494228901184e-05
2528,0.6125234961509705,0.5697327852249146,0.4279073476791382,1.3698207667364982e-05
2529,0.5883477926254272,0.5476237535476685,0.4072404205799103,1.3641581689144156e-05
2530,0.6261199712753296,0.5830864310264587,0.43033549189567566,1.3585064425634542e-05
2531,0.5652676820755005,0.5262947082519531,0.3897295296192169,1.3528655947984504e-05
2532,0.5324673056602478,0.495088130235672,0.37379178404808044,1.3472356327205405e-05
2533,0.5903330445289612,0.54902184009552,0.41311225295066833,1.341616563417163e-05
2534,0.5819831490516663,0.5419161319732666,0.40067020058631897,1.3360083939620394e-05
2535,0.6249207854270935,0.5825168490409851,0.4240393042564392,1.330411131415169e-05
2536,0.6025771498680115,0.5608733892440796,0.41703739762306213,1.3248247828228245e-05
2537,0.5727114677429199,0.5328555107116699,0.3985596001148224,1.3192493552175366e-05
2538,0.5649288296699524,0.5260812640190125,0.38847577571868896,1.3136848556180892e-05
2539,0.6350687146186829,0.5909414887428284,0.4412723481655121,1.308131291029504e-05
2540,0.5880372524261475,0.5474799275398254,0.4055730402469635,1.3025886684430467e-05
2541,0.5923325419425964,0.551482081413269,0.4085044264793396,1.2970569948361999e-05
2542,0.5961336493492126,0.5551422834396362,0.4099137485027313,1.291536277172667e-05
2543,0.6131680011749268,0.5709827542304993,0.4218524098396301,1.2860265224023549e-05
2544,0.5854736566543579,0.5446094274520874,0.4086425304412842,1.2805277374613744e-05
2545,0.5591027140617371,0.5205204486846924,0.3858225345611572,1.2750399292720283e-05
2546,0.6167173385620117,0.5737748146057129,0.42942550778388977,1.2695631047427937e-05
2547,0.617152214050293,0.57487952709198,0.42272666096687317,1.2640972707683252e-05
2548,0.5623250007629395,0.5241604447364807,0.3816458284854889,1.2586424342294412e-05
2549,0.6223490834236145,0.579297661781311,0.4305143654346466,1.2531986019931119e-05
2550,0.5511854887008667,0.513422429561615,0.3776305913925171,1.2477657809124631e-05
2551,0.5825026631355286,0.5422583222389221,0.40244320034980774,1.242343977826752e-05
2552,0.5841227173805237,0.5436818599700928,0.4044087827205658,1.2369331995613653e-05
2553,0.5896382331848145,0.5491069555282593,0.4053128957748413,1.2315334529278132e-05
2554,0.586939811706543,0.5468185544013977,0.4012126922607422,1.2261447447237195e-05
2555,0.6527541875839233,0.6080129146575928,0.44741255044937134,1.2207670817328066e-05
2556,0.5505664944648743,0.5127131342887878,0.37853363156318665,1.2154004707249011e-05
2557,0.6117263436317444,0.569401204586029,0.4232514202594757,1.2100449184559093e-05
2558,0.5590391755104065,0.5205693244934082,0.3846987187862396,1.2047004316678156e-05
2559,0.6134793162345886,0.5711421966552734,0.42337119579315186,1.1993670170886806e-05
2560,0.5756672024726868,0.5357180833816528,0.39949145913124084,1.19404468143262e-05
2561,0.5895790457725525,0.548552930355072,0.410261332988739,1.1887334313998066e-05
2562,0.6117073893547058,0.5691355466842651,0.42571836709976196,1.1834332736764554e-05
2563,0.5523205399513245,0.5138964653015137,0.3842405378818512,1.1781442149348155e-05
2564,0.570993185043335,0.5323583483695984,0.3863486349582672,1.1728662618331698e-05
2565,0.591109037399292,0.5508662462234497,0.4024278223514557,1.1675994210158181e-05
2566,0.643324613571167,0.5993286967277527,0.43995922803878784,1.1623436991130654e-05
2567,0.6069565415382385,0.565662145614624,0.41294386982917786,1.1570991027412304e-05
2568,0.6354210376739502,0.5916019678115845,0.4381905198097229,1.151865638502615e-05
2569,0.6241692304611206,0.5811135172843933,0.43055737018585205,1.1466433129855158e-05
2570,0.616657555103302,0.5740925073623657,0.42565032839775085,1.141432132764202e-05
2571,0.5759463310241699,0.5364945530891418,0.3945174813270569,1.1362321043989132e-05
2572,0.6058006882667542,0.5634264945983887,0.4237421751022339,1.1310432344358502e-05
2573,0.579122006893158,0.5397710800170898,0.39350929856300354,1.1258655294071685e-05
2574,0.5805190801620483,0.5403966903686523,0.40122368931770325,1.1206989958309656e-05
2575,0.5786421298980713,0.5388398170471191,0.3980228900909424,1.1155436402112785e-05
2576,0.5577490329742432,0.5189329981803894,0.3881602883338928,1.1103994690380681e-05
2577,0.5512983798980713,0.5135448575019836,0.377534955739975,1.105266488787221e-05
2578,0.5638504028320312,0.5246456861495972,0.3920469284057617,1.1001447059205305e-05
2579,0.6116399168968201,0.5701557993888855,0.41484108567237854,1.0950341268857e-05
2580,0.5796190500259399,0.5397696495056152,0.39849379658699036,1.0899347581163221e-05
2581,0.5870888233184814,0.547147810459137,0.3994099199771881,1.0848466060318807e-05
2582,0.5796353220939636,0.5396509766578674,0.39984363317489624,1.0797696770377352e-05
2583,0.6061728596687317,0.5642210245132446,0.4195183515548706,1.0747039775251266e-05
2584,0.6037668585777283,0.5624930262565613,0.41273853182792664,1.069649513871147e-05
2585,0.5997994542121887,0.5579588413238525,0.41840630769729614,1.0646062924387512e-05
2586,0.6130257248878479,0.5707584619522095,0.4226723909378052,1.0595743195767393e-05
2587,0.6036897301673889,0.5618792772293091,0.41810452938079834,1.0545536016197499e-05
2588,0.5676418542861938,0.528141438961029,0.3950039744377136,1.0495441448882571e-05
2589,0.5825208425521851,0.5423784255981445,0.4014241397380829,1.0445459556885517e-05
2590,0.565733790397644,0.5275697112083435,0.3816405236721039,1.0395590403127486e-05
2591,0.5923176407814026,0.5519786477088928,0.40338969230651855,1.0345834050387627e-05
2592,0.6301319599151611,0.5868860483169556,0.4324592351913452,1.0296190561303132e-05
2593,0.5787301659584045,0.5390408039093018,0.3968935012817383,1.024665999836909e-05
2594,0.603960394859314,0.562265932559967,0.41694456338882446,1.0197242423938446e-05
2595,0.6069084405899048,0.5645912885665894,0.4231712222099304,1.0147937900221883e-05
2596,0.5599727034568787,0.520840048789978,0.39132630825042725,1.0098746489287758e-05
2597,0.6359915137290955,0.5922967791557312,0.4369472563266754,1.0049668253062105e-05
2598,0.5923879146575928,0.5520551800727844,0.4033273756504059,1.0000703253328414e-05
2599,0.6500946879386902,0.6055133938789368,0.4458131492137909,9.95185155172762e-06
2600,0.6210037469863892,0.5783580541610718,0.4264570474624634,9.903113209758096e-06
2601,0.6287485361099243,0.5859344601631165,0.4281407296657562,9.854488288775422e-06
2602,0.6061415672302246,0.5645554065704346,0.4158618450164795,9.805976849992494e-06
2603,0.549647867679596,0.511938214302063,0.3770962953567505,9.757578954479262e-06
2604,0.561350405216217,0.5232595801353455,0.38090839982032776,9.709294663162771e-06
2605,0.666554868221283,0.6199994087219238,0.46555477380752563,9.661124036827063e-06
2606,0.5867270827293396,0.5465338230133057,0.4019325375556946,9.61306713611304e-06
2607,0.6382832527160645,0.5944640636444092,0.4381917417049408,9.565124021518545e-06
2608,0.6091417670249939,0.5670821070671082,0.4205966889858246,9.517294753398064e-06
2609,0.5594626665115356,0.5216607451438904,0.37801897525787354,9.469579391962813e-06
2610,0.5874067544937134,0.5469782948493958,0.4042842984199524,9.421977997280596e-06
2611,0.6039214730262756,0.5627260208129883,0.41195473074913025,9.3744906292758e-06
2612,0.6599045991897583,0.6144285202026367,0.45476070046424866,9.327117347729197e-06
2613,0.5929540991783142,0.552339494228363,0.4061458110809326,9.27985821227798e-06
2614,0.5793927311897278,0.5395652651786804,0.3982747197151184,9.23271328241564e-06
2615,0.5877483487129211,0.5468842387199402,0.40864118933677673,9.185682617491863e-06
2616,0.5221042037010193,0.4861692488193512,0.35934963822364807,9.138766276712552e-06
2617,0.6409292817115784,0.5969241261482239,0.44005149602890015,9.091964319139645e-06
2618,0.6043222546577454,0.5625898838043213,0.417323499917984,9.045276803691094e-06
2619,0.5819897651672363,0.541435718536377,0.40554025769233704,8.998703789140772e-06
2620,0.6013164520263672,0.5601853132247925,0.4113111197948456,8.952245334118414e-06
2621,0.5916646718978882,0.5510059595108032,0.4065869152545929,8.905901497109581e-06
2622,0.5605757832527161,0.5220789313316345,0.3849687874317169,8.85967233645547e-06
2623,0.5893785953521729,0.5479180812835693,0.41460487246513367,8.813557910352999e-06
2624,0.5994547009468079,0.5578886866569519,0.41565999388694763,8.76755827685456e-06
2625,0.5674778819084167,0.5286504030227661,0.3882746696472168,8.72167349386811e-06
2626,0.5812005400657654,0.5410925149917603,0.4010803997516632,8.675903619156977e-06
2627,0.5964540243148804,0.554728627204895,0.41725391149520874,8.63024871033985e-06
2628,0.6092095375061035,0.567166268825531,0.420432984828949,8.584708824890697e-06
2629,0.564160168170929,0.5251768231391907,0.3898333013057709,8.539284020138638e-06
2630,0.5764087438583374,0.5370303988456726,0.3937837481498718,8.493974353268019e-06
2631,0.5806905031204224,0.5400921702384949,0.4059836268424988,8.448779881318148e-06
2632,0.5941729545593262,0.5526155233383179,0.4155741035938263,8.403700661183355e-06
2633,0.6115841865539551,0.5694279074668884,0.4215629994869232,8.358736749612873e-06
2634,0.5802843570709229,0.5401134490966797,0.4017089009284973,8.313888203210774e-06
2635,0.605654776096344,0.5641364455223083,0.41518357396125793,8.269155078435931e-06
2636,0.5751847624778748,0.5353592038154602,0.39825567603111267,8.224537431601886e-06
2637,0.5751157999038696,0.5354465246200562,0.3966924846172333,8.1800353188768e-06
2638,0.5867603421211243,0.5463879108428955,0.4037243127822876,8.135648796283402e-06
2639,0.5613856911659241,0.5226894617080688,0.38696232438087463,8.091377919698895e-06
2640,0.5688462853431702,0.5293256044387817,0.3952065706253052,8.047222744854943e-06
2641,0.624089777469635,0.5809626579284668,0.43127119541168213,8.003183327337504e-06
2642,0.5620371699333191,0.5230478644371033,0.3898928761482239,7.95925972258683e-06
2643,0.5823976397514343,0.5420424342155457,0.40355202555656433,7.915451985897382e-06
2644,0.5499789118766785,0.5120170712471008,0.3796182870864868,7.871760172417763e-06
2645,0.577427327632904,0.5375040769577026,0.3992326557636261,7.828184337150613e-06
2646,0.6055830717086792,0.56392902135849,0.41654059290885925,7.784724534952625e-06
2647,0.5770196914672852,0.5373231172561646,0.39696553349494934,7.74138082053436e-06
2648,0.5600424408912659,0.5212133526802063,0.3882907032966614,7.698153248460271e-06
2649,0.7012212872505188,0.6525355577468872,0.4868573546409607,7.655041873148605e-06
2650,0.5399934649467468,0.5029289722442627,0.37064507603645325,7.612046748871327e-06
2651,0.6078272461891174,0.5659257173538208,0.41901546716690063,7.56916792975404e-06
2652,0.5659658908843994,0.526872992515564,0.3909287452697754,7.526405469775955e-06
2653,0.586965024471283,0.5464209318161011,0.40544089674949646,7.483759422769765e-06
2654,0.5634119510650635,0.5243390202522278,0.3907293975353241,7.441229842421671e-06
2655,0.5718121528625488,0.5326654314994812,0.391467422246933,7.398816782271223e-06
2656,0.5084668397903442,0.4738504886627197,0.3461633324623108,7.3565202957112555e-06
2657,0.6012047529220581,0.5601772665977478,0.4102751612663269,7.314340435987921e-06
2658,0.593620240688324,0.5528730750083923,0.40747159719467163,7.272277256200499e-06
2659,0.5613009333610535,0.52262282371521,0.3867813050746918,7.230330809301411e-06
2660,0.5757502913475037,0.5358191132545471,0.39931201934814453,7.1885011480961164e-06
2661,0.5716384053230286,0.5325088500976562,0.3912953734397888,7.1467883252430364e-06
2662,0.641595721244812,0.5976828336715698,0.43912872672080994,7.105192393253524e-06
2663,0.6463738083839417,0.6023517847061157,0.44022005796432495,7.063713404491812e-06
2664,0.5828001499176025,0.5426677465438843,0.4013240337371826,7.022351411174866e-06
2665,0.5924875736236572,0.5514085292816162,0.4107905328273773,6.981106465372389e-06
2666,0.5495935678482056,0.5120371580123901,0.3755640387535095,6.939978619006737e-06
2667,0.6031762957572937,0.5616550445556641,0.4152126610279083,6.8989679238528395e-06
2668,0.5753517150878906,0.5356780290603638,0.3967365622520447,6.858074431538164e-06
2669,0.593095600605011,0.5525856614112854,0.40509918332099915,6.817298193542643e-06
2670,0.6047376990318298,0.5626546144485474,0.4208309054374695,6.776639261198581e-06
2671,0.6429873108863831,0.5981618762016296,0.44825440645217896,6.736097685690601e-06
2672,0.5626248717308044,0.5238584876060486,0.3876640200614929,6.695673518055579e-06
2673,0.5774218440055847,0.5379848480224609,0.3943697214126587,6.655366809182662e-06
2674,0.6211994290351868,0.5780145525932312,0.43184876441955566,6.615177609813039e-06
2675,0.5780055522918701,0.5378026366233826,0.4020291864871979,6.5751059705400295e-06
2676,0.6044303178787231,0.5625048279762268,0.4192550778388977,6.5351519418089145e-06
2677,0.5114455223083496,0.47584861516952515,0.3559691309928894,6.4953155739169495e-06
2678,0.586241602897644,0.5467199087142944,0.3952171206474304,6.455596917013273e-06
2679,0.6219344139099121,0.5783959031105042,0.43538519740104675,6.415996021098813e-06
2680,0.5863345861434937,0.5460276007652283,0.40306976437568665,6.37651293602628e-06
2681,0.5858734250068665,0.5450458526611328,0.4082756042480469,6.3371477115000466e-06
2682,0.6463149785995483,0.6019880175590515,0.4432695209980011,6.29790039707614e-06
2683,0.6095609068870544,0.5672310590744019,0.4232982397079468,6.258771042162137e-06
2684,0.6033724546432495,0.5617479681968689,0.4162449836730957,6.219759696017113e-06
2685,0.6079717874526978,0.5654629468917847,0.4250883460044861,6.180866407751595e-06
2686,0.5752569437026978,0.5357474088668823,0.3950953185558319,6.142091226327484e-06
2687,0.6010070443153381,0.5597299933433533,0.41277068853378296,6.103434200558011e-06
2688,0.6121294498443604,0.5703564286231995,0.41773033142089844,6.06489537910766e-06
2689,0.607036828994751,0.5647242665290833,0.42312589287757874,6.0264748104920776e-06
2690,0.6058754324913025,0.5641905665397644,0.4168488085269928,5.988172543078097e-06
2691,0.594767689704895,0.5546097755432129,0.40157902240753174,5.9499886250835805e-06
2692,0.6201804876327515,0.5774343013763428,0.42746204137802124,5.911923104577455e-06
2693,0.6216714978218079,0.5788387060165405,0.42832809686660767,5.8739760294795335e-06
2694,0.5559014081954956,0.5172204375267029,0.3868097960948944,5.8361474475605695e-06
2695,0.5705483555793762,0.5315103530883789,0.390379935503006,5.7984374064421035e-06
2696,0.5803570747375488,0.540522038936615,0.39835047721862793,5.760845953596527e-06
2697,0.5930308699607849,0.5520262122154236,0.4100465476512909,5.723373136346854e-06
2698,0.5818928480148315,0.5416110157966614,0.4028184711933136,5.6860190018667934e-06
2699,0.5724095106124878,0.5332452654838562,0.39164215326309204,5.6487835971806515e-06
2700,0.6042099595069885,0.5625637173652649,0.4164624810218811,5.611666969163243e-06
2701,0.5880425572395325,0.5468034148216248,0.41239121556282043,5.574669164539903e-06
2702,0.5516646504402161,0.5141059756278992,0.3755865693092346,5.537790229886319e-06
2703,0.6042301654815674,0.5623664259910583,0.41863763332366943,5.501030211628599e-06
2704,0.6120033860206604,0.569660484790802,0.4234289228916168,5.464389156043115e-06
2705,0.5651496648788452,0.5263355374336243,0.3881412148475647,5.427867109256457e-06
2706,0.5767054557800293,0.5375088453292847,0.3919662833213806,5.39146411724547e-06
2707,0.613182008266449,0.5713528394699097,0.4182918071746826,5.355180225837053e-06
2708,0.5999662280082703,0.5586569905281067,0.4130924940109253,5.3190154807082005e-06
2709,0.584265947341919,0.5446172952651978,0.39648672938346863,5.282969927385906e-06
2710,0.5610634684562683,0.5224853754043579,0.38578104972839355,5.247043611247127e-06
2711,0.6015899181365967,0.5599662661552429,0.41623643040657043,5.211236577518719e-06
2712,0.5967993140220642,0.5550026297569275,0.41796696186065674,5.175548871277358e-06
2713,0.6087403297424316,0.5671573877334595,0.41582924127578735,5.13998053744954e-06
2714,0.6033035516738892,0.5622066855430603,0.41096892952919006,5.104531620811414e-06
2715,0.6181454658508301,0.5755082964897156,0.42637181282043457,5.0692021659888735e-06
2716,0.5983399152755737,0.5575128793716431,0.40827006101608276,5.033992217457395e-06
2717,0.5605599880218506,0.5218475461006165,0.3871241807937622,4.998901819541979e-06
2718,0.606117844581604,0.5641348958015442,0.419829785823822,4.963931016417167e-06
2719,0.5924544930458069,0.5515272617340088,0.40927228331565857,4.929079852106933e-06
2720,0.5950179696083069,0.5532496571540833,0.4176831543445587,4.8943483704846475e-06
2721,0.5688157677650452,0.5303778648376465,0.3843790888786316,4.859736615273003e-06
2722,0.5995804071426392,0.5584213733673096,0.4115905165672302,4.825244630043979e-06
2723,0.6388334631919861,0.5950050354003906,0.4382842183113098,4.790872458218754e-06
2724,0.6449988484382629,0.6003228425979614,0.44675999879837036,4.756620143067725e-06
2725,0.6524947881698608,0.6079596281051636,0.44535163044929504,4.722487727710368e-06
2726,0.6020073294639587,0.5602638125419617,0.41743528842926025,4.688475255115244e-06
2727,0.5926188826560974,0.5519022941589355,0.407166063785553,4.65458276809988e-06
2728,0.5611632466316223,0.5229006409645081,0.3826259970664978,4.620810309330803e-06
2729,0.6034483313560486,0.5623355507850647,0.41112762689590454,4.587157921323393e-06
2730,0.5502865314483643,0.5123625993728638,0.3792392313480377,4.553625646441928e-06
2731,0.6140298843383789,0.5713900327682495,0.4263985753059387,4.520213526899431e-06
2732,0.5510357618331909,0.5126230120658875,0.3841274380683899,4.486921604757699e-06
2733,0.6202429533004761,0.5770403146743774,0.43202662467956543,4.453749921927175e-06
2734,0.57315593957901,0.5332360863685608,0.3991987705230713,4.420698520166988e-06
2735,0.6297582387924194,0.5860074162483215,0.4375079870223999,4.3877674410848e-06
2736,0.5802513957023621,0.5403174161911011,0.39933979511260986,4.35495672613685e-06
2737,0.5780496001243591,0.5384494662284851,0.3960011601448059,4.322266416627785e-06
2738,0.5696853995323181,0.5307782888412476,0.38907092809677124,4.289696553710731e-06
2739,0.5575927495956421,0.5193644762039185,0.3822827637195587,4.257247178387192e-06
2740,0.5972009897232056,0.5560821294784546,0.41118887066841125,4.224918331506955e-06
2741,0.595270037651062,0.5541746616363525,0.4109535217285156,4.19271005376809e-06
2742,0.5994075536727905,0.557391881942749,0.4201568067073822,4.160622385716895e-06
2743,0.5432042479515076,0.5058767199516296,0.3732753396034241,4.1286553677478136e-06
2744,0.6110759377479553,0.5695350170135498,0.41540923714637756,4.096809040103444e-06
2745,0.6291321516036987,0.5858604311943054,0.432717502117157,4.065083442874418e-06
2746,0.599287211894989,0.5576524138450623,0.41634809970855713,4.033478615999376e-06
2747,0.6391825079917908,0.5953013896942139,0.43881094455718994,4.001994599264957e-06
2748,0.5734922289848328,0.5337390899658203,0.3975312411785126,3.970631432305694e-06
2749,0.6036258339881897,0.5607768893241882,0.42848917841911316,3.93938915460399e-06
2750,0.6092928647994995,0.5675028562545776,0.41790035367012024,3.908267805490051e-06
2751,0.5885600447654724,0.5485154390335083,0.40044617652893066,3.877267424141862e-06
2752,0.565719485282898,0.5271773338317871,0.3854215741157532,3.8463880495851146e-06
2753,0.6491432189941406,0.6042008399963379,0.44942381978034973,3.815629720693192e-06
2754,0.5745096802711487,0.5343456268310547,0.4016404151916504,3.784992476187066e-06
2755,0.5665397047996521,0.5277818441390991,0.3875783383846283,3.7544763546352834e-06
2756,0.5673373341560364,0.5288012027740479,0.38536137342453003,3.7240813944539153e-06
2757,0.5843331217765808,0.543541669845581,0.4079144597053528,3.6938076339065207e-06
2758,0.5920223593711853,0.5509812831878662,0.41041088104248047,3.6636551111040475e-06
2759,0.624609112739563,0.5810274481773376,0.43581637740135193,3.633623864004887e-06
2760,0.5436277389526367,0.5066791772842407,0.36948564648628235,3.6037139304146762e-06
2761,0.6123902201652527,0.5705811381340027,0.4180907607078552,3.573925347986384e-06
2762,0.5552261471748352,0.5163229703903198,0.38903170824050903,3.5442581542201923e-06
2763,0.602750837802887,0.5609610676765442,0.41789788007736206,3.5147123864634924e-06
2764,0.5771164894104004,0.5376903414726257,0.3942616879940033,3.485288081910798e-06
2765,0.6206416487693787,0.5777916312217712,0.42850032448768616,3.455985277603713e-06
2766,0.6277123689651489,0.5851043462753296,0.4260799288749695,3.426804010430884e-06
2767,0.5582067966461182,0.518982470035553,0.39224302768707275,3.3977443171279823e-06
2768,0.6016967296600342,0.5599974989891052,0.4169922173023224,3.3688062342776106e-06
2769,0.5798566937446594,0.5399520993232727,0.3990462124347687,3.339989798309273e-06
2770,0.5992547273635864,0.5574029088020325,0.41851794719696045,3.311295045499363e-06
2771,0.5928862690925598,0.5518438220024109,0.41042447090148926,3.282722011971051e-06
2772,0.6217820644378662,0.5791350603103638,0.4264698028564453,3.254270733694331e-06
2773,0.6247329711914062,0.581760823726654,0.4297212064266205,3.2259412464858753e-06
2774,0.5932270288467407,0.5521847605705261,0.4104226529598236,3.197733586009055e-06
2775,0.6111305356025696,0.5691986680030823,0.419318825006485,3.169647787773866e-06
2776,0.5682082176208496,0.5296453833580017,0.3856280446052551,3.1416838871368924e-06
2777,0.5897091031074524,0.5494666695594788,0.40242457389831543,3.1138419193012857e-06
2778,0.6157992482185364,0.5732161998748779,0.42583027482032776,3.086121919316698e-06
2779,0.5779720544815063,0.5388579964637756,0.391140341758728,3.0585239220792037e-06
2780,0.5512213110923767,0.5130409598350525,0.3818037211894989,3.0310479623313127e-06
2781,0.6171135306358337,0.5744224786758423,0.42691051959991455,3.0036940746619224e-06
2782,0.5768887400627136,0.5372284054756165,0.3966033458709717,2.9764622935062438e-06
2783,0.6030930280685425,0.5617808103561401,0.4131219685077667,2.949352653145754e-06
2784,0.5886484384536743,0.547942578792572,0.4070586562156677,2.922365187708187e-06
2785,0.6131008863449097,0.5708949565887451,0.422059565782547,2.8954999311674558e-06
2786,0.5889726281166077,0.5484024882316589,0.40570151805877686,2.8687569173436623e-06
2787,0.5842593312263489,0.5442384481430054,0.40020906925201416,2.842136179902988e-06
2788,0.6518574357032776,0.6069701910018921,0.4488725960254669,2.8156377523576803e-06
2789,0.5584220290184021,0.5198948979377747,0.38527148962020874,2.7892616680660457e-06
2790,0.5913042426109314,0.5504488348960876,0.408553808927536,2.7630079602323442e-06
2791,0.591884970664978,0.5510414838790894,0.4084348976612091,2.7368766619067953e-06
2792,0.5861713290214539,0.5459303259849548,0.4024101197719574,2.7108678059855065e-06
2793,0.5811156630516052,0.540890634059906,0.4022502303123474,2.6849814252104754e-06
2794,0.6316503286361694,0.5886133909225464,0.43036940693855286,2.6592175521694795e-06
2795,0.5879969000816345,0.5471929907798767,0.4080390930175781,2.6335762192960743e-06
2796,0.5817380547523499,0.5420079231262207,0.39730125665664673,2.608057458869606e-06
2797,0.5985251069068909,0.5575504302978516,0.4097467064857483,2.582661303015066e-06
2798,0.5514641404151917,0.5136097073554993,0.37854427099227905,2.5573877837031137e-06
2799,0.5829789042472839,0.5431350469589233,0.39843878149986267,2.532236932750021e-06
2800,0.5947913527488708,0.5536120533943176,0.41179320216178894,2.5072087818176382e-06
2801,0.6163032650947571,0.5735398530960083,0.4276341199874878,2.482303362413374e-06
2802,0.5800130367279053,0.5400692820549011,0.39943742752075195,2.457520705890093e-06
2803,0.6153607964515686,0.5727068185806274,0.4265395700931549,2.4328608434461276e-06
2804,0.5517886281013489,0.5140190720558167,0.3776954412460327,2.4083238061252567e-06
2805,0.538707435131073,0.501324474811554,0.3738294839859009,2.383909624816616e-06
2806,0.5387479066848755,0.5010873079299927,0.3766058385372162,2.3596183302546647e-06
2807,0.5516171455383301,0.513584315776825,0.3803284168243408,2.3354499530191975e-06
2808,0.6115433573722839,0.5689573287963867,0.4258604645729065,2.311404523535243e-06
2809,0.582533061504364,0.5425769686698914,0.3995611071586609,2.2874820720730438e-06
2810,0.6302029490470886,0.5866323709487915,0.4357059597969055,2.2636826287480873e-06
2811,0.5548932552337646,0.5164525508880615,0.3844071626663208,2.240006223520941e-06
2812,0.6175341606140137,0.5748643279075623,0.4266985058784485,2.2164528861973064e-06
2813,0.5720332264900208,0.5327815413475037,0.39251694083213806,2.193022646427978e-06
2814,0.5552233457565308,0.5169644951820374,0.38258829712867737,2.1697155337087604e-06
2815,0.5831901431083679,0.543187141418457,0.4000299274921417,2.1465315773804616e-06
2816,0.5731248259544373,0.5328971743583679,0.4022767245769501,2.123470806628858e-06
2817,0.6386892199516296,0.594409704208374,0.442795068025589,2.1005332504846597e-06
2818,0.6331727504730225,0.5896477699279785,0.4352498948574066,2.0777189378234143e-06
2819,0.5659314393997192,0.5267329812049866,0.3919846713542938,2.0550278973656024e-06
2820,0.606506884098053,0.5647127628326416,0.4179411828517914,2.032460157676452e-06
2821,0.6014834046363831,0.5602251291275024,0.41258275508880615,2.010015747165983e-06
2822,0.5790280699729919,0.5394111275672913,0.39616966247558594,1.9876946940889927e-06
2823,0.544302225112915,0.5069282650947571,0.37373968958854675,1.965497026544938e-06
2824,0.608579158782959,0.5669541358947754,0.41624996066093445,1.9434227724779984e-06
2825,0.5469990968704224,0.5091174244880676,0.37881651520729065,1.921471959676957e-06
2826,0.6625394821166992,0.617054283618927,0.4548521041870117,1.899644615775209e-06
2827,0.6268540620803833,0.5837079286575317,0.4314614534378052,1.8779407682507077e-06
2828,0.6338486075401306,0.5904787182807922,0.43369901180267334,1.856360444425953e-06
2829,0.6251356601715088,0.5817725658416748,0.43363094329833984,1.834903671467958e-06
2830,0.6107589602470398,0.5690547823905945,0.4170418381690979,1.81357047638816e-06
2831,0.5643838047981262,0.5257917046546936,0.3859212100505829,1.7923608860424658e-06
2832,0.601108729839325,0.5595331192016602,0.4157559275627136,1.771274927131139e-06
2833,0.6019009351730347,0.5601891279220581,0.41711801290512085,1.7503126261988355e-06
2834,0.6032117605209351,0.5623331069946289,0.40878626704216003,1.7294740096345575e-06
2835,0.5527244210243225,0.5145295858383179,0.3819481432437897,1.7087591036715534e-06
2836,0.6015811562538147,0.5602790713310242,0.4130205810070038,1.6881679343873636e-06
2837,0.6095601320266724,0.5676542520523071,0.41905906796455383,1.667700527703775e-06
2838,0.568120002746582,0.5284315347671509,0.3968844711780548,1.6473569093867436e-06
2839,0.5797659158706665,0.5403428673744202,0.39423057436943054,1.6271371050464056e-06
2840,0.5824036598205566,0.5426029562950134,0.3980069160461426,1.6070411401370334e-06
2841,0.5491141676902771,0.5103528499603271,0.3876132369041443,1.58706903995699e-06
2842,0.604072630405426,0.5622479915618896,0.4182465374469757,1.5672208296486969e-06
2843,0.5467979907989502,0.5088315606117249,0.37966400384902954,1.5474965341986558e-06
2844,0.5850691199302673,0.5444306135177612,0.4063851535320282,1.5278961784373268e-06
2845,0.6439292430877686,0.599723756313324,0.44205498695373535,1.5084197870391837e-06
2846,0.5893511176109314,0.5486383438110352,0.40712785720825195,1.4890673845226133e-06
2847,0.5523262023925781,0.5141362547874451,0.38189956545829773,1.469838995249928e-06
2848,0.6046953797340393,0.5628580451011658,0.4183732569217682,1.4507346434273316e-06
2849,0.5979126691818237,0.5567494034767151,0.4116329550743103,1.4317543531048749e-06
2850,0.6076024770736694,0.5650807023048401,0.42521756887435913,1.4128981481764115e-06
2851,0.61295485496521,0.5702015161514282,0.42753341794013977,1.3941660523796196e-06
2852,0.5599815249443054,0.5222030282020569,0.3777850866317749,1.375558089295914e-06
2853,0.595145583152771,0.5537583231925964,0.41387248039245605,1.3570742823504567e-06
2854,0.6480980515480042,0.6026818752288818,0.45416197180747986,1.3387146548120899e-06
2855,0.5952479839324951,0.554619312286377,0.4062867760658264,1.3204792297933588e-06
2856,0.6206954717636108,0.5782201290130615,0.42475318908691406,1.3023680302504338e-06
2857,0.6343576908111572,0.5908286571502686,0.4352900981903076,1.2843810789831102e-06
2858,0.5737253427505493,0.5345397591590881,0.39185577630996704,1.2665183986347528e-06
2859,0.563916027545929,0.5254378914833069,0.3847813606262207,1.2487800116922966e-06
2860,0.6418619751930237,0.5981473326683044,0.4371466338634491,1.231165940486234e-06
2861,0.5985201001167297,0.5569722652435303,0.4154781699180603,1.2136762071904838e-06
2862,0.6069291830062866,0.5647397637367249,0.4218943119049072,1.1963108338225337e-06
2863,0.5772109031677246,0.5377404689788818,0.394704133272171,1.1790698422432521e-06
2864,0.6625845432281494,0.6171489953994751,0.4543556869029999,1.1619532541569333e-06
2865,0.6396204233169556,0.5955567359924316,0.4406367540359497,1.1449610911112741e-06
2866,0.6111178398132324,0.5692132711410522,0.41904589533805847,1.128093374497352e-06
2867,0.6065126061439514,0.5652560591697693,0.41256558895111084,1.1113501255495485e-06
2868,0.5896065831184387,0.5491979718208313,0.4040861129760742,1.0947313653455694e-06
2869,0.6215286254882812,0.5784003734588623,0.43128272891044617,1.0782371148064241e-06
2870,0.6161373853683472,0.5737361907958984,0.4240119755268097,1.0618673946963365e-06
2871,0.5879809856414795,0.5473235249519348,0.40657472610473633,1.0456222256227999e-06
2872,0.5783613920211792,0.5384339690208435,0.39927440881729126,1.0295016280365112e-06
2873,0.5915643572807312,0.550446629524231,0.41117700934410095,1.0135056222313143e-06
2874,0.5612282156944275,0.5228376984596252,0.3839051425457001,9.976342283442463e-07
2875,0.6620188355445862,0.6158249378204346,0.46193915605545044,9.818874663554357e-07
2876,0.5581761002540588,0.5199151039123535,0.3826097846031189,9.662653560881584e-07
2877,0.6182935237884521,0.575828492641449,0.42465031147003174,9.50767917208728e-07
2878,0.5463279485702515,0.5089458227157593,0.3738209903240204,9.353951692265383e-07
2879,0.6126052737236023,0.5707951784133911,0.41810089349746704,9.20147131493998e-07
2880,0.5933069586753845,0.5521342754364014,0.41172677278518677,9.0502382320653e-07
2881,0.5851654410362244,0.5440102219581604,0.41155198216438293,8.900252634025274e-07
2882,0.5925887227058411,0.552156925201416,0.4043179750442505,8.751514709633424e-07
2883,0.5793333649635315,0.5392109155654907,0.4012245237827301,8.604024646132857e-07
2884,0.5643160939216614,0.5253201723098755,0.3899593949317932,8.457782629195388e-07
2885,0.6257992386817932,0.5830613970756531,0.42737826704978943,8.31278884292186e-07
2886,0.5940073728561401,0.5529134273529053,0.41093966364860535,8.16904346984193e-07
2887,0.5925806164741516,0.5508671998977661,0.4171343147754669,8.026546690913406e-07
2888,0.6394525766372681,0.595740556716919,0.4371199309825897,7.885298685522235e-07
2889,0.628075897693634,0.5845826864242554,0.43493226170539856,7.745299631482405e-07
2890,0.6011290550231934,0.5600684285163879,0.41060611605644226,7.606549705035937e-07
2891,0.6058623194694519,0.5640308260917664,0.4183151125907898,7.469049080851775e-07
2892,0.5824416875839233,0.5423019528388977,0.4013974070549011,7.332797932026459e-07
2893,0.5935918688774109,0.5527871251106262,0.40804728865623474,7.19779643008367e-07
2894,0.6013568043708801,0.5596490502357483,0.41707733273506165,7.064044744973686e-07
2895,0.5682337880134583,0.5290655493736267,0.39168229699134827,6.931543045073708e-07
2896,0.6001574993133545,0.5593628287315369,0.4079466760158539,6.800291497187083e-07
2897,0.6043299436569214,0.5626481771469116,0.41681763529777527,6.670290266543644e-07
2898,0.5862679481506348,0.5461987257003784,0.40069204568862915,6.541539516799033e-07
2899,0.5635453462600708,0.5250449180603027,0.38500407338142395,6.414039410034489e-07
2900,0.6203985810279846,0.5775641798973083,0.4283437728881836,6.287790106757396e-07
2901,0.6152418851852417,0.5732524394989014,0.41989436745643616,6.162791765900177e-07
2902,0.5568534135818481,0.5185128450393677,0.3834056854248047,6.039044544820404e-07
2903,0.6173295378684998,0.574870765209198,0.42458775639533997,5.916548599300576e-07
2904,0.5530340671539307,0.5145329236984253,0.3850117325782776,5.795304083548559e-07
2905,0.5896577835083008,0.5483008027076721,0.41356977820396423,5.675311150195928e-07
2906,0.5641526579856873,0.5252352356910706,0.38917437195777893,5.556569950299517e-07
2907,0.6050925254821777,0.562952995300293,0.4213951826095581,5.439080633339866e-07
2908,0.5672847628593445,0.5283108353614807,0.3897394835948944,5.322843347221662e-07
2909,0.6119557023048401,0.5695779323577881,0.42377766966819763,5.207858238273522e-07
2910,0.5786314606666565,0.5391543507575989,0.39477092027664185,5.094125451247655e-07
2911,0.5727367401123047,0.5334326028823853,0.3930412828922272,4.981645129319756e-07
2912,0.5285991430282593,0.4924423098564148,0.36156806349754333,4.870417414088779e-07
2913,0.5722372531890869,0.5329942107200623,0.39243051409721375,4.760442445576829e-07
2914,0.5900582671165466,0.5497832894325256,0.4027498662471771,4.6517203622291615e-07
2915,0.6091018319129944,0.5675711631774902,0.4153067469596863,4.544251300913405e-07
2916,0.5852386355400085,0.5447832942008972,0.40455368161201477,4.438035396920004e-07
2917,0.6043595671653748,0.5628817081451416,0.41477879881858826,4.333072783961889e-07
2918,0.5722516775131226,0.5323699712753296,0.3988172709941864,4.2293635941742517e-07
2919,0.5673309564590454,0.5281219482421875,0.3920902907848358,4.1269079581142124e-07
2920,0.5840224027633667,0.543868362903595,0.4015401303768158,4.025706004760932e-07
2921,0.5626940727233887,0.5239166021347046,0.38777491450309753,3.925757861515389e-07
2922,0.5911940932273865,0.5503882169723511,0.40805894136428833,3.827063654199936e-07
2923,0.6065042018890381,0.5645991563796997,0.4190504252910614,3.7296235070587435e-07
2924,0.5845819115638733,0.5441145896911621,0.4046729803085327,3.633437542756912e-07
2925,0.5887295603752136,0.5477564334869385,0.409731388092041,3.5385058823809156e-07
2926,0.5903205871582031,0.5494932532310486,0.4082731306552887,3.444828645438047e-07
2927,0.6205992102622986,0.5774695873260498,0.4312962293624878,3.3524059498565297e-07
2928,0.6231254935264587,0.5796236991882324,0.4350182116031647,3.261237911985404e-07
2929,0.5841209888458252,0.5436236262321472,0.4049738645553589,3.171324646593865e-07
2930,0.6093946099281311,0.567215085029602,0.4217950701713562,3.0826662668720364e-07
2931,0.6516650915145874,0.6066693067550659,0.449957937002182,2.99526288442975e-07
2932,0.5810866355895996,0.5412357449531555,0.3985089361667633,2.9091146092973254e-07
2933,0.5733444094657898,0.5336877703666687,0.3965664207935333,2.8242215499248993e-07
2934,0.5670061111450195,0.5273476243019104,0.39658457040786743,2.740583813182429e-07
2935,0.578677237033844,0.5392243266105652,0.3945291340351105,2.658201504359803e-07
2936,0.5918166041374207,0.5508487224578857,0.40967878699302673,2.577074727165951e-07
2937,0.5779958963394165,0.5381830334663391,0.3981287479400635,2.497203583729957e-07
2938,0.5968887805938721,0.5562801957130432,0.40608566999435425,2.418588174599612e-07
2939,0.565693736076355,0.5262212753295898,0.3947245478630066,2.3412285987420847e-07
2940,0.5549701452255249,0.5168319940567017,0.3813812732696533,2.265124953543918e-07
2941,0.622934103012085,0.5801193118095398,0.428148090839386,2.1902773348100315e-07
2942,0.5994925498962402,0.5579702258110046,0.4152231514453888,2.1166858367646093e-07
2943,0.5900419354438782,0.549509584903717,0.40532368421554565,2.0443505520503224e-07
2944,0.5734793543815613,0.5344329476356506,0.39046379923820496,1.973271571728441e-07
2945,0.5739864706993103,0.5343095064163208,0.3967697322368622,1.9034489852787218e-07
2946,0.566901445388794,0.5281998515129089,0.3870159983634949,1.834882880599409e-07
2947,0.6072666049003601,0.5655962228775024,0.41670364141464233,1.7675733440066789e-07
2948,0.5628683567047119,0.5243022441864014,0.38566121459007263,1.7015204602350843e-07
2949,0.5743154287338257,0.5348952412605286,0.39420196413993835,1.6367243124372212e-07
2950,0.5291070938110352,0.49261701107025146,0.364901065826416,1.5731849821833954e-07
2951,0.5622901320457458,0.52415931224823,0.38130825757980347,1.5109025494620677e-07
2952,0.6115455627441406,0.5690403580665588,0.42505189776420593,1.449877092679075e-07
2953,0.5715194940567017,0.5325897932052612,0.38929688930511475,1.3901086886580762e-07
2954,0.6215832829475403,0.5783808827400208,0.43202412128448486,1.3315974126401066e-07
2955,0.612092912197113,0.5691347718238831,0.42958149313926697,1.274343338283801e-07
2956,0.6005141139030457,0.5596765279769897,0.40837588906288147,1.2183465376650605e-07
2957,0.6102709174156189,0.5681670308113098,0.4210391342639923,1.1636070812770516e-07
2958,0.6155953407287598,0.573331356048584,0.4226396977901459,1.1101250380300965e-07
2959,0.5873615145683289,0.5472696423530579,0.40091851353645325,1.0579004752513389e-07
2960,0.6019971966743469,0.5601381063461304,0.4185907244682312,1.0069334586854107e-07
2961,0.6142992973327637,0.571945071220398,0.42354223132133484,9.572240524933218e-08
2962,0.5955864787101746,0.5544009804725647,0.4118548631668091,9.087723192533482e-08
2963,0.6009504795074463,0.5591224431991577,0.4182804226875305,8.615783199602545e-08
2964,0.5859241485595703,0.545767068862915,0.4015706479549408,8.156421140254056e-08
2965,0.6100378632545471,0.5676565766334534,0.4238130450248718,7.709637592770991e-08
2966,0.61236971616745,0.57076096534729,0.41608738899230957,7.275433119596776e-08
2967,0.6156177520751953,0.5723906755447388,0.43227070569992065,6.853808267344164e-08
2968,0.6299687027931213,0.5866590142250061,0.43309682607650757,6.444763566786361e-08
2969,0.5853649377822876,0.545108437538147,0.40256500244140625,6.048299532861457e-08
2970,0.5757269263267517,0.5358315110206604,0.3989538848400116,5.6644166646668826e-08
2971,0.555442214012146,0.5172905921936035,0.3815160393714905,5.2931154454671783e-08
2972,0.571364164352417,0.5320212244987488,0.39342954754829407,4.934396342684e-08
2973,0.630628228187561,0.5862165093421936,0.44411733746528625,4.588259807901674e-08
2974,0.6015470623970032,0.5607185959815979,0.408284455537796,4.254706276862752e-08
2975,0.5656786561012268,0.5265730023384094,0.391056627035141,3.933736169471347e-08
2976,0.6128453016281128,0.5705286264419556,0.42316654324531555,3.6253498897886873e-08
2977,0.5826672315597534,0.5418969988822937,0.40770211815834045,3.3295478260364496e-08
2978,0.6149630546569824,0.5730971693992615,0.4186590313911438,3.0463303505934295e-08
2979,0.6250598430633545,0.581716001033783,0.43343862891197205,2.7756978199944273e-08
2980,0.6002207398414612,0.5582467913627625,0.4197394847869873,2.5176505749346936e-08
2981,0.598059892654419,0.5569850206375122,0.41074851155281067,2.2721889402621545e-08
2982,0.642900824546814,0.5976625680923462,0.4523827135562897,2.039313224985184e-08
2983,0.6540026068687439,0.6087677478790283,0.45234841108322144,1.8190237222648343e-08
2984,0.5732480883598328,0.5338013172149658,0.3944678008556366,1.6113207094181626e-08
2985,0.5992753505706787,0.557613730430603,0.41661620140075684,1.4162044479182346e-08
2986,0.5568934679031372,0.5185564160346985,0.38337036967277527,1.2336751833941229e-08
2987,0.5823191404342651,0.542259156703949,0.40059998631477356,1.0637331456264666e-08
2988,0.6046833992004395,0.5632530450820923,0.41430366039276123,9.063785485508014e-09
2989,0.5696732997894287,0.5301012992858887,0.39571988582611084,7.616115902586707e-09
2990,0.5952427387237549,0.5539337992668152,0.41308918595314026,6.294324529942941e-09
2991,0.6194577813148499,0.5771684050559998,0.4228938817977905,5.098413031534577e-09
2992,0.5593015551567078,0.5208418965339661,0.3845966160297394,4.028382912890649e-09
2993,0.5489959716796875,0.5116378664970398,0.3735813498497009,3.0842355210336515e-09
2994,0.5675836801528931,0.5284767746925354,0.39106878638267517,2.2659720445239452e-09
2995,0.5633188486099243,0.5249158143997192,0.38403040170669556,1.5735935134708613e-09
2996,0.6267719268798828,0.5836712718009949,0.43100664019584656,1.0071007994771898e-09
2997,0.6228177547454834,0.5795972943305969,0.43220463395118713,5.664946157168949e-10
2998,0.5637526512145996,0.5250864028930664,0.38666245341300964,2.5177551682409317e-10
2999,0.5885015726089478,0.5479301810264587,0.4057137966156006,6.294389901517761e-11
