step,loss,temporal,spectral,lr
0,0.894359827041626,0.8344672322273254,0.5989260673522949,1.0000000000000002e-06
1,0.9230057597160339,0.8610337972640991,0.6197194457054138,2.0000000000000003e-06
2,0.9510821104049683,0.8878539800643921,0.6322810053825378,3e-06
3,0.8847593069076538,0.8258652091026306,0.5889412760734558,4.000000000000001e-06
4,0.9027044177055359,0.8426975011825562,0.6000690460205078,5e-06
5,0.9238668084144592,0.861553966999054,0.6231286525726318,6e-06
6,0.9764300584793091,0.9104856252670288,0.6594445109367371,7.000000000000001e-06
7,0.9837732315063477,0.9166941046714783,0.67079097032547,8.000000000000001e-06
8,0.9429855942726135,0.8785642385482788,0.6442137360572815,9e-06
9,0.9292191863059998,0.8676608204841614,0.6155838370323181,1e-05
10,0.9319174885749817,0.8700463771820068,0.6187111735343933,1.1000000000000001e-05
11,0.9046305418014526,0.8437641859054565,0.6086634993553162,1.2e-05
12,0.8976412415504456,0.837316632270813,0.6032463312149048,1.3000000000000001e-05
13,0.8965266942977905,0.8363814949989319,0.601452112197876,1.4000000000000001e-05
14,0.9457504153251648,0.8813394904136658,0.6441094279289246,1.5e-05
15,0.9405300617218018,0.8762495517730713,0.6428053975105286,1.6000000000000003e-05
16,0.8856095671653748,0.826272189617157,0.5933735370635986,1.7000000000000003e-05
17,0.8636549115180969,0.8057925701141357,0.5786235928535461,1.8e-05
18,0.9014270901679993,0.8398958444595337,0.6153126955032349,1.9e-05
19,0.9362759590148926,0.872684121131897,0.6359183192253113,2e-05
20,0.8806447982788086,0.8207101225852966,0.5993466377258301,2.1e-05
21,0.8794928193092346,0.8194342255592346,0.6005858182907104,2.2000000000000003e-05
22,0.8883642554283142,0.8276856541633606,0.6067858338356018,2.3000000000000003e-05
23,0.8835321664810181,0.8234346508979797,0.6009749174118042,2.4e-05
24,0.8769630193710327,0.8170372843742371,0.5992574691772461,2.5e-05
25,0.8970855474472046,0.8353270888328552,0.6175843477249146,2.6000000000000002e-05
26,0.8241695165634155,0.7678143382072449,0.5635519623756409,2.7000000000000002e-05
27,0.8663389682769775,0.8074039220809937,0.5893507599830627,2.8000000000000003e-05
28,0.8448885679244995,0.7873719930648804,0.5751660466194153,2.9e-05
29,0.8377894759178162,0.7807064652442932,0.5708299279212952,3e-05
30,0.8339294195175171,0.7764618396759033,0.5746755003929138,3.1e-05
31,0.8488739132881165,0.7900152206420898,0.5885869860649109,3.2000000000000005e-05
32,0.8462767004966736,0.7877801060676575,0.5849658250808716,3.3e-05
33,0.8506235480308533,0.7910380959510803,0.5958546996116638,3.4000000000000007e-05
34,0.8125655651092529,0.7560039162635803,0.5656164884567261,3.5e-05
35,0.8492161631584167,0.7901286482810974,0.5908753275871277,3.6e-05
36,0.8106356859207153,0.7539401054382324,0.5669556856155396,3.7e-05
37,0.7834328413009644,0.7284790873527527,0.5495376586914062,3.8e-05
38,0.7821487784385681,0.7275927066802979,0.5455606579780579,3.9000000000000006e-05
39,0.8060889840126038,0.750447690486908,0.5564130544662476,4e-05
40,0.7965638637542725,0.7407599687576294,0.5580390691757202,4.1e-05
41,0.7493690252304077,0.6972076892852783,0.5216134786605835,4.2e-05
42,0.7618361115455627,0.7086637616157532,0.5317233204841614,4.3e-05
43,0.8261792063713074,0.7689121961593628,0.5726701021194458,4.4000000000000006e-05
44,0.7391231060028076,0.6876330971717834,0.5148998498916626,4.5e-05
45,0.774482250213623,0.7188522815704346,0.5562999248504639,4.600000000000001e-05
46,0.8080255389213562,0.7506521344184875,0.5737342238426208,4.7e-05
47,0.755053699016571,0.7009293437004089,0.5412434935569763,4.8e-05
48,0.7747370600700378,0.7204892039299011,0.5424787402153015,4.9e-05
49,0.7370198369026184,0.6848596334457397,0.5216020345687866,5e-05
50,0.7046937942504883,0.6551594734191895,0.4953429102897644,5.1000000000000006e-05
51,0.7804417014122009,0.7246572971343994,0.5578439235687256,5.2000000000000004e-05
52,0.7445628643035889,0.6913180351257324,0.5324485301971436,5.300000000000001e-05
53,0.7130633592605591,0.6619677543640137,0.5109559893608093,5.4000000000000005e-05
54,0.7508664131164551,0.6979218125343323,0.5294461846351624,5.500000000000001e-05
55,0.7119989395141602,0.6614346504211426,0.5056426525115967,5.6000000000000006e-05
56,0.7500368356704712,0.6963217854499817,0.5371507406234741,5.6999999999999996e-05
57,0.7707332968711853,0.7155201435089111,0.5521312952041626,5.8e-05
58,0.7377407550811768,0.6846463680267334,0.530943751335144,5.9e-05
59,0.7258971333503723,0.6729029417037964,0.5299420356750488,6e-05
60,0.6894044280052185,0.6399365663528442,0.4946787655353546,6.1e-05
61,0.7252712845802307,0.6733036637306213,0.5196760892868042,6.2e-05
62,0.6925085186958313,0.6426401138305664,0.49868422746658325,6.3e-05
63,0.6652849912643433,0.6171115040779114,0.48173457384109497,6.400000000000001e-05
64,0.6604567766189575,0.6134511828422546,0.4700562059879303,6.500000000000001e-05
65,0.6943179368972778,0.6447890996932983,0.4952881336212158,6.6e-05
66,0.7035386562347412,0.6523491740226746,0.5118945837020874,6.7e-05
67,0.6419634819030762,0.5949673056602478,0.4699615240097046,6.800000000000001e-05
68,0.6918702125549316,0.6429383158683777,0.4893191456794739,6.9e-05
69,0.698499321937561,0.6484053730964661,0.5009394288063049,7e-05
70,0.6481137871742249,0.6008099317550659,0.47303837537765503,7.1e-05
71,0.6705232262611389,0.6223384737968445,0.4818476140499115,7.2e-05
72,0.6773072481155396,0.6278243660926819,0.49482911825180054,7.3e-05
73,0.6855776309967041,0.6358634829521179,0.49714165925979614,7.4e-05
74,0.684136152267456,0.6342930197715759,0.498431533575058,7.500000000000001e-05
75,0.7019810676574707,0.6509655714035034,0.5101549029350281,7.6e-05
76,0.6347522139549255,0.5879612565040588,0.4679098427295685,7.7e-05
77,0.6816473603248596,0.6320751309394836,0.4957221746444702,7.800000000000001e-05
78,0.6899366974830627,0.6386524438858032,0.51284259557724,7.900000000000001e-05
79,0.6480125784873962,0.601571798324585,0.4644078016281128,8e-05
80,0.6358920335769653,0.5898729562759399,0.46019092202186584,8.1e-05
81,0.625577986240387,0.5797227621078491,0.45855212211608887,8.2e-05
82,0.6251825094223022,0.5801430344581604,0.45039474964141846,8.3e-05
83,0.6419572830200195,0.5957919359207153,0.46165362000465393,8.4e-05
84,0.6345230937004089,0.5881065726280212,0.46416521072387695,8.5e-05
85,0.6576159000396729,0.6105638742446899,0.4705200493335724,8.6e-05
86,0.6251574754714966,0.5801611542701721,0.4499633312225342,8.7e-05
87,0.6619729399681091,0.6132978796958923,0.48675039410591125,8.800000000000001e-05
88,0.6241790056228638,0.5783283710479736,0.45850637555122375,8.900000000000001e-05
89,0.6117963790893555,0.5675671100616455,0.44229254126548767,9e-05
90,0.6259862780570984,0.5810863971710205,0.4489990174770355,9.1e-05
91,0.6204386353492737,0.575457751750946,0.44980868697166443,9.200000000000001e-05
92,0.5963497161865234,0.5528962016105652,0.43453535437583923,9.300000000000001e-05
93,0.6136770248413086,0.5690843462944031,0.4459264874458313,9.4e-05
94,0.6471548676490784,0.6004501581192017,0.46704691648483276,9.5e-05
95,0.6478062272071838,0.599864661693573,0.4794153869152069,9.6e-05
96,0.6304377317428589,0.5843241214752197,0.4611362814903259,9.7e-05
97,0.668634295463562,0.6204947233200073,0.48139551281929016,9.8e-05
98,0.614144504070282,0.5702707171440125,0.4387378990650177,9.900000000000001e-05
99,0.6207743287086487,0.5756313800811768,0.45142921805381775,0.0001
100,0.6557577252388,0.6082546710968018,0.4750303030014038,0.000101
101,0.6452525854110718,0.59861820936203,0.4663434624671936,0.00010200000000000001
102,0.6579985022544861,0.6101714372634888,0.47827062010765076,0.00010300000000000001
103,0.6360199451446533,0.590088963508606,0.4593096077442169,0.00010400000000000001
104,0.60975182056427,0.5658677816390991,0.43884044885635376,0.000105
105,0.6457681059837341,0.5992828607559204,0.4648524224758148,0.00010600000000000002
106,0.6463876366615295,0.59950852394104,0.4687911868095398,0.00010700000000000001
107,0.5806844234466553,0.5386865139007568,0.4199788272380829,0.00010800000000000001
108,0.5994412302970886,0.5558844804763794,0.435567706823349,0.000109
109,0.6034802198410034,0.5601469874382019,0.43333229422569275,0.00011000000000000002
110,0.612605631351471,0.5684415102005005,0.44164106249809265,0.00011100000000000001
111,0.6330829858779907,0.5858162641525269,0.47266703844070435,0.00011200000000000001
112,0.6336106061935425,0.5870621800422668,0.4654843509197235,0.000113
113,0.5915195345878601,0.5486308932304382,0.42888638377189636,0.00011399999999999999
114,0.6114072799682617,0.566461980342865,0.44945284724235535,0.00011499999999999999
115,0.5862606763839722,0.544022262096405,0.4223838746547699,0.000116
116,0.5923968553543091,0.5499730110168457,0.42423832416534424,0.000117
117,0.6477503180503845,0.6005098223686218,0.4724051058292389,0.000118
118,0.6355735063552856,0.5902870297431946,0.4528648555278778,0.000119
119,0.5831061005592346,0.541180431842804,0.41925641894340515,0.00012
120,0.6022660732269287,0.5586592555046082,0.43606799840927124,0.000121
121,0.5995274186134338,0.5558338761329651,0.4369354844093323,0.000122
122,0.5919333100318909,0.5482766032218933,0.436567097902298,0.000123
123,0.6174061894416809,0.5720217823982239,0.4538438022136688,0.000124
124,0.6141259074211121,0.5694355964660645,0.4469030201435089,0.000125
125,0.5715407133102417,0.5306977033615112,0.4084300994873047,0.000126
126,0.559135377407074,0.5189101696014404,0.4022521376609802,0.000127
127,0.6262218952178955,0.5808303952217102,0.45391497015953064,0.00012800000000000002
128,0.5827780365943909,0.540438711643219,0.42339345812797546,0.00012900000000000002
129,0.6016708612442017,0.5579941272735596,0.4367673099040985,0.00013000000000000002
130,0.5897823572158813,0.5469970107078552,0.427853524684906,0.000131
131,0.6074560880661011,0.5639650821685791,0.4349100887775421,0.000132
132,0.6102201342582703,0.5664422512054443,0.43777889013290405,0.000133
133,0.6412168741226196,0.5956063866615295,0.4561046361923218,0.000134
134,0.6071054935455322,0.5637129545211792,0.4339255094528198,0.00013500000000000003
135,0.557113766670227,0.5169858336448669,0.4012795686721802,0.00013600000000000003
136,0.635694682598114,0.5903801321983337,0.45314568281173706,0.00013700000000000002
137,0.561222493648529,0.5206340551376343,0.405884325504303,0.000138
138,0.5818122029304504,0.5392706394195557,0.4254157543182373,0.000139
139,0.5964166522026062,0.5525375008583069,0.4387914538383484,0.00014
140,0.5891374349594116,0.546995997428894,0.4214143753051758,0.000141
141,0.5666957497596741,0.5259361863136292,0.4075954556465149,0.000142
142,0.599777102470398,0.5561320781707764,0.4364500939846039,0.000143
143,0.602411687374115,0.5592389702796936,0.43172743916511536,0.000144
144,0.5867509245872498,0.5442598462104797,0.42491090297698975,0.000145
145,0.6017414331436157,0.5571062564849854,0.4463517665863037,0.000146
146,0.6005251407623291,0.5571321845054626,0.43392929434776306,0.000147
147,0.5616194009780884,0.5210791826248169,0.40540188550949097,0.000148
148,0.5978521704673767,0.5556188225746155,0.4223335385322571,0.00014900000000000002
149,0.5697463154792786,0.5287222862243652,0.41024014353752136,0.00015000000000000001
150,0.5900744199752808,0.5482320785522461,0.4184233844280243,0.000151
151,0.6017900109291077,0.5576305389404297,0.441594660282135,0.000152
152,0.6116597056388855,0.5669996738433838,0.4466002583503723,0.000153
153,0.5736645460128784,0.5332346558570862,0.4042990803718567,0.000154
154,0.5583354234695435,0.5185019373893738,0.3983345627784729,0.000155
155,0.5945432782173157,0.5512370467185974,0.4330620765686035,0.00015600000000000002
156,0.5637357234954834,0.5225745439529419,0.4116120934486389,0.00015700000000000002
157,0.5614413619041443,0.5203125476837158,0.41128841042518616,0.00015800000000000002
158,0.5848464369773865,0.5423668622970581,0.42479556798934937,0.00015900000000000002
159,0.5728488564491272,0.5316482186317444,0.41200655698776245,0.00016
160,0.5763226747512817,0.5335078835487366,0.42814794182777405,0.000161
161,0.5798225998878479,0.5377349257469177,0.42087656259536743,0.000162
162,0.5933483242988586,0.5486379861831665,0.44710326194763184,0.000163
163,0.5754612684249878,0.5341494083404541,0.4131184220314026,0.000164
164,0.5618296265602112,0.5211985111236572,0.4063112735748291,0.000165
165,0.571029543876648,0.5301573872566223,0.4087214171886444,0.000166
166,0.5917984843254089,0.5487625598907471,0.43035951256752014,0.000167
167,0.5526015162467957,0.5129424929618835,0.396589994430542,0.000168
168,0.5704278349876404,0.5281893610954285,0.4223846197128296,0.00016900000000000002
169,0.5936659574508667,0.550827145576477,0.42838796973228455,0.00017
170,0.5578972101211548,0.5174774527549744,0.4041973054409027,0.000171
171,0.5714898705482483,0.5295863747596741,0.4190351366996765,0.000172
172,0.5641984939575195,0.5224772691726685,0.41721251606941223,0.000173
173,0.5444174408912659,0.5033948421478271,0.4102262556552887,0.000174
174,0.5497328042984009,0.509689450263977,0.40043383836746216,0.000175
175,0.5132207870483398,0.47581034898757935,0.3741043210029602,0.00017600000000000002
176,0.5486844182014465,0.5083682537078857,0.4031616151332855,0.00017700000000000002
177,0.5443292856216431,0.5046239495277405,0.39705315232276917,0.00017800000000000002
178,0.5517875552177429,0.5108977556228638,0.40889811515808105,0.00017900000000000001
179,0.5465030670166016,0.5057496428489685,0.40753448009490967,0.00018
180,0.5670381784439087,0.5258887410163879,0.41149434447288513,0.000181
181,0.5781234502792358,0.5351760387420654,0.4294743537902832,0.000182
182,0.6074033379554749,0.5640837550163269,0.4331958591938019,0.000183
183,0.6019355654716492,0.557487964630127,0.4444758892059326,0.00018400000000000003
184,0.6002585887908936,0.556239128112793,0.440194308757782,0.00018500000000000002
185,0.5471762418746948,0.5071960091590881,0.39980223774909973,0.00018600000000000002
186,0.5729547142982483,0.5300705432891846,0.4288414716720581,0.00018700000000000002
187,0.5480345487594604,0.5075675845146179,0.40466946363449097,0.000188
188,0.5745914578437805,0.5322067141532898,0.4238471984863281,0.00018899999999999999
189,0.5592312812805176,0.5179230570793152,0.4130825400352478,0.00019
190,0.5429885387420654,0.5025232434272766,0.40465283393859863,0.000191
191,0.5349207520484924,0.496433824300766,0.38486921787261963,0.000192
192,0.5446249842643738,0.5056340098381042,0.38990986347198486,0.000193
193,0.5663425326347351,0.5242803692817688,0.42062142491340637,0.000194
194,0.568095862865448,0.5261574983596802,0.41938385367393494,0.000195
195,0.5428425669670105,0.5026788711547852,0.4016367197036743,0.000196
196,0.5283647775650024,0.4895544648170471,0.3881029188632965,0.00019700000000000002
197,0.5597279071807861,0.5176975131034851,0.4203038215637207,0.00019800000000000002
198,0.5150330066680908,0.47738245129585266,0.37650543451309204,0.000199
199,0.5546180009841919,0.513738751411438,0.4087923765182495,0.0002
200,0.5769389867782593,0.5344295501708984,0.42509427666664124,0.0002
201,0.5360652804374695,0.49594762921333313,0.4011766016483307,0.00019999993705610097
202,0.5592361688613892,0.518855094909668,0.40381067991256714,0.00019999974822448318
203,0.5671838521957397,0.5244202613830566,0.42763596773147583,0.0001999994335053843
204,0.5365139245986938,0.49756112694740295,0.3895277678966522,0.00019999899289920055
205,0.5670862793922424,0.5252658724784851,0.4182039499282837,0.00019999842640648654
206,0.5712800621986389,0.5294835567474365,0.4179648756980896,0.00019999773402795549
207,0.540899395942688,0.5016387701034546,0.39260607957839966,0.00019999691576447898
208,0.5174074172973633,0.4800543189048767,0.3735312819480896,0.00019999597161708712
209,0.5210563540458679,0.48189061880111694,0.391657292842865,0.00019999490158696846
210,0.544858992099762,0.5055067539215088,0.3935222029685974,0.00019999370567547008
211,0.531109094619751,0.49239465594291687,0.3871442973613739,0.00019999238388409744
212,0.5510004758834839,0.5106562376022339,0.4034424424171448,0.0001999909362145145
213,0.5235556960105896,0.48538893461227417,0.3816675841808319,0.00019998936266854377
214,0.5458625555038452,0.5056706070899963,0.401919424533844,0.00019998766324816607
215,0.5610715746879578,0.5202701091766357,0.4080146849155426,0.00019998583795552083
216,0.49568575620651245,0.4588943421840668,0.3679141700267792,0.00019998388679290583
217,0.5290940403938293,0.4902060925960541,0.3888796269893646,0.00019998180976277735
218,0.5573771595954895,0.5170896649360657,0.40287473797798157,0.00019997960686775015
219,0.5591751933097839,0.5179138779640198,0.4126129150390625,0.00019997727811059738
220,0.5309222340583801,0.49171683192253113,0.3920537829399109,0.00019997482349425066
221,0.5408148169517517,0.5013731718063354,0.39441654086112976,0.00019997224302180006
222,0.5382640957832336,0.498847633600235,0.39416447281837463,0.0001999695366964941
223,0.526658296585083,0.48832112550735474,0.3833715319633484,0.00019996670452173966
224,0.5275570750236511,0.4887595474720001,0.3879753351211548,0.0001999637465011021
225,0.5253775715827942,0.487209290266037,0.3816825747489929,0.00019996066263830531
226,0.5275331735610962,0.4884887933731079,0.39044392108917236,0.00019995745293723138
227,0.5414466261863708,0.5008020997047424,0.4064449965953827,0.000199954117401921
228,0.5147228240966797,0.47637343406677246,0.3834940791130066,0.00019995065603657316
229,0.5151475071907043,0.47750189900398254,0.3764563500881195,0.00019994706884554533
230,0.518721342086792,0.4813617467880249,0.3735959231853485,0.00019994335583335335
231,0.5248505473136902,0.4870745837688446,0.377759724855423,0.00019993951700467139
232,0.5010411143302917,0.4643510580062866,0.3669005334377289,0.00019993555236433213
233,0.5402769446372986,0.5008282661437988,0.3944869935512543,0.00019993146191732658
234,0.5518954396247864,0.5118218064308167,0.4007365107536316,0.00019992724566880404
235,0.5316280722618103,0.493179589509964,0.3844850957393646,0.0001999229036240723
236,0.5232648849487305,0.48398280143737793,0.3928210735321045,0.00019991843578859747
237,0.5565844774246216,0.5154159665107727,0.41168493032455444,0.00019991384216800398
238,0.5514416098594666,0.5108197927474976,0.40621817111968994,0.00019990912276807466
239,0.5227881669998169,0.484437495470047,0.3835065960884094,0.00019990427759475067
240,0.4891290068626404,0.4534623920917511,0.35666611790657043,0.00019989930665413147
241,0.5342315435409546,0.4947494566440582,0.39482080936431885,0.0001998942099524749
242,0.5396793484687805,0.4993608891963959,0.4031845033168793,0.00019988898749619702
243,0.4960441589355469,0.46031537652015686,0.3572879135608673,0.0001998836392918723
244,0.5439950823783875,0.5041210055351257,0.39874085783958435,0.00019987816534623352
245,0.4997691810131073,0.46386703848838806,0.35902151465415955,0.00019987256566617162
246,0.5008282661437988,0.46421846747398376,0.3660981059074402,0.00019986684025873598
247,0.5009498000144958,0.46434101462364197,0.36608773469924927,0.0001998609891311342
248,0.5439648628234863,0.5042977333068848,0.3966710865497589,0.0001998550122907321
249,0.5896223783493042,0.5475594997406006,0.4206288754940033,0.00019984890974505381
250,0.5258346796035767,0.48754236102104187,0.38292306661605835,0.00019984268150178167
251,0.5405960083007812,0.5017189383506775,0.3887706696987152,0.0001998363275687563
252,0.5003395676612854,0.464432954788208,0.35906606912612915,0.0001998298479539765
253,0.5186527371406555,0.48162946105003357,0.37023302912712097,0.00019982324266559935
254,0.5468101501464844,0.5070142149925232,0.3979593515396118,0.00019981651171194006
255,0.510615885257721,0.47342225909233093,0.3719363510608673,0.00019980965510147213
256,0.5250470042228699,0.4862605333328247,0.38786444067955017,0.00019980267284282717
257,0.5247382521629333,0.486409068107605,0.3832915723323822,0.000199795564944795
258,0.5192722082138062,0.4817144274711609,0.3755775988101959,0.00019978833141632354
259,0.5179262757301331,0.4808400571346283,0.3708622455596924,0.00019978097226651902
260,0.5671623349189758,0.5259320139884949,0.41230320930480957,0.0001997734875046456
261,0.5219569206237793,0.48370835185050964,0.38248589634895325,0.0001997658771401258
262,0.5553027987480164,0.51473468542099,0.4056810438632965,0.00019975814118254007
263,0.5559697151184082,0.5161065459251404,0.39863142371177673,0.00019975027964162702
264,0.522030234336853,0.48426637053489685,0.37763845920562744,0.00019974229252728342
265,0.4995076656341553,0.4634476602077484,0.36059993505477905,0.00019973417984956403
266,0.5053941607475281,0.4698675870895386,0.3552655875682831,0.00019972594161868178
267,0.49736329913139343,0.46134138107299805,0.3602190911769867,0.00019971757784500752
268,0.4796622693538666,0.4454149305820465,0.34247347712516785,0.00019970908853907026
269,0.46371209621429443,0.4300731420516968,0.3363894820213318,0.00019970047371155704
270,0.5277788043022156,0.4893905520439148,0.38388246297836304,0.0001996917333733128
271,0.49329856038093567,0.4579835832118988,0.3531498610973358,0.00019968286753534062
272,0.5003862380981445,0.46442437171936035,0.3596189022064209,0.00019967387620880146
273,0.514753520488739,0.47709646821022034,0.37657061219215393,0.00019966475940501435
274,0.52959805727005,0.49124065041542053,0.3835742175579071,0.0001996555171354562
275,0.5447360873222351,0.5045535564422607,0.4018251597881317,0.00019964614941176195
276,0.5198315382003784,0.48172876238822937,0.3810277581214905,0.00019963665624572432
277,0.5367223024368286,0.4985722005367279,0.3815012574195862,0.00019962703764929413
278,0.5194762349128723,0.4820461869239807,0.3743003010749817,0.00019961729363458003
279,0.5050535202026367,0.46897849440574646,0.3607499897480011,0.00019960742421384846
280,0.5183860063552856,0.48008036613464355,0.3830561637878418,0.00019959742939952392
281,0.5543250441551208,0.5151312947273254,0.39193737506866455,0.00019958730920418858
282,0.5032909512519836,0.4672781825065613,0.3601277768611908,0.00019957706364058257
283,0.5112818479537964,0.4738812744617462,0.374005526304245,0.00019956669272160383
284,0.507056474685669,0.4700471758842468,0.3700926899909973,0.00019955619646030802
285,0.513827919960022,0.4767839312553406,0.37044012546539307,0.00019954557486990868
286,0.5183230638504028,0.4818165898323059,0.3650650382041931,0.00019953482796377712
287,0.5474873781204224,0.50736403465271,0.401233434677124,0.00019952395575544233
288,0.4924736022949219,0.45729508996009827,0.351785272359848,0.00019951295825859113
289,0.5054317712783813,0.46894600987434387,0.36485767364501953,0.00019950183548706805
290,0.5264386534690857,0.48883241415023804,0.37606245279312134,0.00019949058745487522
291,0.5446459054946899,0.5057149529457092,0.38930952548980713,0.00019947921417617267
292,0.5467893481254578,0.5068722367286682,0.3991709053516388,0.00019946771566527785
293,0.5065274238586426,0.46992626786231995,0.36601153016090393,0.000199456091936666
294,0.5422106981277466,0.5015099048614502,0.40700793266296387,0.00019944434300497006
295,0.47827470302581787,0.4444107711315155,0.33863916993141174,0.00019943246888498041
296,0.49783241748809814,0.461702436208725,0.3612998425960541,0.00019942046959164515
297,0.4865974187850952,0.4520007073879242,0.34596720337867737,0.00019940834514006994
298,0.5443654656410217,0.5042301416397095,0.40135297179222107,0.000199396095545518
299,0.48995986580848694,0.45560047030448914,0.343593955039978,0.00019938372082341
300,0.5292577743530273,0.49073326587677,0.3852452337741852,0.00019937122098932428
301,0.5074039697647095,0.47127988934516907,0.3612406551837921,0.00019935859605899655
302,0.49529948830604553,0.45894721150398254,0.36352264881134033,0.00019934584604832013
303,0.4762192368507385,0.4420894682407379,0.3412976861000061,0.00019933297097334565
304,0.5108211636543274,0.47416216135025024,0.36658981442451477,0.00019931997085028132
305,0.47903987765312195,0.44488516449928284,0.34154725074768066,0.00019930684569549264
306,0.5431280136108398,0.5040973424911499,0.3903064727783203,0.00019929359552550265
307,0.5118313431739807,0.4756293296813965,0.3620202839374542,0.00019928022035699166
308,0.5423997640609741,0.5030016899108887,0.39398056268692017,0.00019926672020679736
309,0.5144959688186646,0.4762274920940399,0.38268449902534485,0.00019925309509191482
310,0.5232954025268555,0.4850941002368927,0.3820129334926605,0.00019923934502949644
311,0.5211489796638489,0.4842468500137329,0.36902114748954773,0.00019922547003685176
312,0.5022956728935242,0.465623676776886,0.3667198717594147,0.0001992114701314478
313,0.5186346769332886,0.4805288016796112,0.3810587227344513,0.00019919734533090867
314,0.5110735893249512,0.47478407621383667,0.36289525032043457,0.0001991830956530158
315,0.48954862356185913,0.45434749126434326,0.35201144218444824,0.00019916872111570784
316,0.4982030689716339,0.4623402953147888,0.3586277961730957,0.00019915422173708046
317,0.5166321396827698,0.4798361361026764,0.36796003580093384,0.00019913959753538674
318,0.5279848575592041,0.48988083004951477,0.3810402452945709,0.00019912484852903668
319,0.5086171627044678,0.47221848368644714,0.36398664116859436,0.0001991099747365975
320,0.4816760718822479,0.4474291205406189,0.3424694240093231,0.00019909497617679348
321,0.5023666024208069,0.4663686156272888,0.35997992753982544,0.000199079852868506
322,0.5009148120880127,0.46517413854599,0.35740673542022705,0.00019906460483077348
323,0.5220084190368652,0.4843134582042694,0.3769496977329254,0.0001990492320827913
324,0.5304156541824341,0.4922714829444885,0.3814418315887451,0.00019903373464391186
325,0.5333632826805115,0.49580901861190796,0.37554267048835754,0.00019901811253364456
326,0.5267165303230286,0.48796579241752625,0.3875071704387665,0.00019900236577165576
327,0.4912148118019104,0.45673075318336487,0.3448406755924225,0.0001989864943777687
328,0.4790576100349426,0.4454443156719208,0.3361329138278961,0.0001989704983719635
329,0.5148586630821228,0.4778668284416199,0.369918555021286,0.0001989543777743772
330,0.5097694396972656,0.47239920496940613,0.37370243668556213,0.00019893813260530368
331,0.5497388243675232,0.5107095837593079,0.3902922570705414,0.0001989217628851936
332,0.5083093643188477,0.47093111276626587,0.3737827241420746,0.00019890526863465443
333,0.5101274847984314,0.4735701382160187,0.3655731976032257,0.0001988886498744505
334,0.4927406907081604,0.4581674337387085,0.34573251008987427,0.00019887190662550266
335,0.5200194716453552,0.4816265106201172,0.38392964005470276,0.00019885503890888876
336,0.5343522429466248,0.49571311473846436,0.3863915503025055,0.0001988380467458431
337,0.5251344442367554,0.4877261519432068,0.37408292293548584,0.00019882093015775678
338,0.5274539589881897,0.4901431202888489,0.3731081485748291,0.0001988036891661775
339,0.5359787940979004,0.4977628290653229,0.38215988874435425,0.0001987863237928095
340,0.5235969424247742,0.4866238832473755,0.3697305917739868,0.00019876883405951377
341,0.4982576072216034,0.4624166190624237,0.3584098815917969,0.0001987512199883077
342,0.5226961970329285,0.48516061902046204,0.3753558099269867,0.00019873348160136524
343,0.49871543049812317,0.462199866771698,0.36515551805496216,0.00019871561892101692
344,0.5270673036575317,0.48961836099624634,0.3744894862174988,0.00019869763196974957
345,0.5037539005279541,0.4681653678417206,0.3558851480484009,0.00019867952077020666
346,0.49322205781936646,0.4574577808380127,0.3576428294181824,0.0001986612853451879
347,0.504915714263916,0.46893444657325745,0.35981252789497375,0.00019864292571764955
348,0.5038547515869141,0.46837007999420166,0.35484644770622253,0.00019862444191070408
349,0.4916415810585022,0.4568375051021576,0.34804078936576843,0.0001986058339476204
350,0.5072892308235168,0.47085124254226685,0.3643796443939209,0.0001985871018518236
351,0.4863037168979645,0.45233187079429626,0.3397185206413269,0.00019856824564689515
352,0.5265846848487854,0.4888448119163513,0.37739866971969604,0.00019854926535657267
353,0.5107795596122742,0.4744136333465576,0.36365920305252075,0.00019853016100475007
354,0.4581489562988281,0.4255973696708679,0.3255159556865692,0.0001985109326154774
355,0.47921818494796753,0.4444563686847687,0.3476181924343109,0.00019849158021296081
356,0.5035043954849243,0.46810951828956604,0.3539489507675171,0.00019847210382156267
357,0.466545969247818,0.43349599838256836,0.3304995894432068,0.00019845250346580136
358,0.5096547603607178,0.47309058904647827,0.36564162373542786,0.0001984327791703513
359,0.5287169814109802,0.49063512682914734,0.3808186948299408,0.00019841293096004302
360,0.5045219659805298,0.468544065952301,0.35977908968925476,0.00019839295885986296
361,0.5192946791648865,0.4823828935623169,0.36911773681640625,0.00019837286289495361
362,0.49512749910354614,0.46030473709106445,0.34822747111320496,0.00019835264309061326
363,0.5240868926048279,0.4865800142288208,0.37506893277168274,0.00019833229947229623
364,0.537034273147583,0.49879932403564453,0.38234975934028625,0.00019831183206561262
365,0.5267618298530579,0.4890627861022949,0.3769904673099518,0.00019829124089632845
366,0.4978792369365692,0.4623684287071228,0.35510799288749695,0.00019827052599036545
367,0.49996060132980347,0.4631302058696747,0.3683040142059326,0.00019824968737380117
368,0.5199242234230042,0.48248350620269775,0.3744069039821625,0.0001982287250728689
369,0.5128947496414185,0.47560837864875793,0.37286344170570374,0.00019820763911395758
370,0.4896933138370514,0.45459437370300293,0.35098931193351746,0.00019818642952361187
371,0.5009084939956665,0.46486932039260864,0.36039161682128906,0.00019816509632853208
372,0.5053679943084717,0.4694952666759491,0.3587275445461273,0.00019814363955557404
373,0.5165762305259705,0.47943761944770813,0.3713858723640442,0.0001981220592317493
374,0.5372596979141235,0.49861660599708557,0.3864312171936035,0.0001981003553842248
375,0.5002183318138123,0.46491295099258423,0.35305356979370117,0.00019807852804032305
376,0.5220760107040405,0.48548299074172974,0.3659301698207855,0.00019805657722752202
377,0.4898163378238678,0.45501506328582764,0.34801268577575684,0.00019803450297345508
378,0.4837300777435303,0.4489864110946655,0.3474365472793579,0.00019801230530591105
379,0.4879761338233948,0.4535292387008667,0.3444688618183136,0.00019798998425283403
380,0.5131425261497498,0.4761791229248047,0.3696340024471283,0.00019796753984232358
381,0.49899616837501526,0.46368393301963806,0.3531222343444824,0.00019794497210263442
382,0.49801719188690186,0.46216022968292236,0.35856956243515015,0.00019792228106217658
383,0.4698331356048584,0.4368153512477875,0.3301779329776764,0.00019789946674951536
384,0.5088790655136108,0.4729056656360626,0.3597339391708374,0.00019787652919337116
385,0.4956589937210083,0.46094226837158203,0.3471671938896179,0.00019785346842261957
386,0.5007801651954651,0.4654054045677185,0.3537476360797882,0.00019783028446629123
387,0.5108429789543152,0.47408273816108704,0.367602676153183,0.00019780697735357204
388,0.48114466667175293,0.4465421438217163,0.34602513909339905,0.0001977835471138027
389,0.48279058933258057,0.44842275977134705,0.34367844462394714,0.0001977599937764791
390,0.4994891583919525,0.4645062983036041,0.34982872009277344,0.00019773631737125192
391,0.5137442946434021,0.47793692350387573,0.35807356238365173,0.00019771251792792698
392,0.5212213397026062,0.4838367998600006,0.3738456666469574,0.00019768859547646478
393,0.5573626160621643,0.5176629424095154,0.39699679613113403,0.00019766455004698082
394,0.46595558524131775,0.432890385389328,0.3306519687175751,0.00019764038166974535
395,0.4839821755886078,0.4489898383617401,0.34992334246635437,0.0001976160903751834
396,0.48503202199935913,0.4505051076412201,0.34526923298835754,0.00019759167619387476
397,0.48178985714912415,0.4472246468067169,0.3456519842147827,0.0001975671391565539
398,0.5006723403930664,0.46487680077552795,0.35795530676841736,0.00019754247929410995
399,0.5215305685997009,0.48430749773979187,0.37223055958747864,0.00019751769663758665
400,0.47871899604797363,0.44496870040893555,0.3375028073787689,0.00019749279121818235
401,0.4878326952457428,0.453339159488678,0.34493523836135864,0.00019746776306724998
402,0.5008795261383057,0.4649237394332886,0.35955798625946045,0.0001974426122162969
403,0.5145664215087891,0.4779996871948242,0.3656674027442932,0.00019741733869698495
404,0.4951916038990021,0.45943784713745117,0.35753747820854187,0.0001973919425411304
405,0.49321651458740234,0.4578414559364319,0.3537505567073822,0.00019736642378070392
406,0.4930448532104492,0.4577018618583679,0.35343003273010254,0.00019734078244783054
407,0.45877528190612793,0.4254327714443207,0.3334250748157501,0.00019731501857478954
408,0.5028354525566101,0.4665256440639496,0.36309814453125,0.0001972891321940145
409,0.5339223146438599,0.4958174526691437,0.3810487985610962,0.00019726312333809322
410,0.5254351496696472,0.4879739284515381,0.37461206316947937,0.00019723699203976766
411,0.5089638233184814,0.4727117419242859,0.36252087354660034,0.00019721073833193397
412,0.5280326008796692,0.4896540939807892,0.38378506898880005,0.00019718436224764233
413,0.4667612612247467,0.43396615982055664,0.32795095443725586,0.00019715786382009705
414,0.5303823947906494,0.49357715249061584,0.3680521249771118,0.00019713124308265635
415,0.5108389854431152,0.4743753969669342,0.3646359443664551,0.00019710450006883256
416,0.4999037981033325,0.4641532599925995,0.35750535130500793,0.00019707763481229183
417,0.489847332239151,0.4548485577106476,0.34998762607574463,0.00019705064734685425
418,0.48923996090888977,0.45367541909217834,0.3556455373764038,0.00019702353770649378
419,0.505476713180542,0.4687637388706207,0.3671296238899231,0.00019699630592533808
420,0.49134010076522827,0.4567369222640991,0.34603169560432434,0.0001969689520376687
421,0.5562797784805298,0.5169678330421448,0.3931195139884949,0.00019694147607792083
422,0.48545074462890625,0.45079997181892395,0.34650784730911255,0.0001969138780806833
423,0.4637836515903473,0.4311397075653076,0.32643938064575195,0.00019688615808069872
424,0.4806100130081177,0.4473350942134857,0.33274921774864197,0.0001968583161128631
425,0.5206647515296936,0.4842272698879242,0.36437493562698364,0.00019683035221222618
426,0.4963299036026001,0.4610096514225006,0.3532024025917053,0.00019680226641399096
427,0.4981720745563507,0.46229425072669983,0.358778178691864,0.00019677405875351414
428,0.4850148856639862,0.45158442854881287,0.334304541349411,0.00019674572926630567
429,0.490915447473526,0.4568205773830414,0.3409486413002014,0.00019671727798802895
430,0.4903082251548767,0.45556312799453735,0.34745097160339355,0.00019668870495450066
431,0.4875669479370117,0.4526388943195343,0.3492806851863861,0.00019666001020169073
432,0.5271165370941162,0.4900960922241211,0.37020426988601685,0.00019663119376572242
433,0.48466455936431885,0.45070624351501465,0.3395830988883972,0.00019660225568287202
434,0.4634853005409241,0.42983371019363403,0.3365158438682556,0.00019657319598956913
435,0.501617431640625,0.46612074971199036,0.3549667298793793,0.0001965440147223963
436,0.5025841593742371,0.4666804373264313,0.35903745889663696,0.00019651471191808924
437,0.48448336124420166,0.4497548043727875,0.34728550910949707,0.00019648528761353652
438,0.5040907859802246,0.4685242772102356,0.3556652367115021,0.00019645574184577982
439,0.4639606177806854,0.4312831461429596,0.3267747759819031,0.00019642607465201364
440,0.5109280347824097,0.4741348922252655,0.3679317235946655,0.00019639628606958533
441,0.5191258192062378,0.48225027322769165,0.3687554597854614,0.0001963663761359951
442,0.5163758397102356,0.4796941876411438,0.36681658029556274,0.00019633634488889595
443,0.5058656334877014,0.46976274251937866,0.36102914810180664,0.0001963061923660935
444,0.4823819100856781,0.44785740971565247,0.34524500370025635,0.0001962759186055461
445,0.4745664596557617,0.44125717878341675,0.33309268951416016,0.00019624552364536473
446,0.5189527273178101,0.4825698733329773,0.36382824182510376,0.00019621500752381294
447,0.4916824698448181,0.4569073021411896,0.3477517366409302,0.00019618437027930683
448,0.49546435475349426,0.4605129063129425,0.34951454401016235,0.00019615361195041492
449,0.48989319801330566,0.4541776478290558,0.35715556144714355,0.00019612273257585815
450,0.5242133140563965,0.48712870478630066,0.3708461821079254,0.00019609173219450998
451,0.49982574582099915,0.4639418125152588,0.35883933305740356,0.000196060610845396
452,0.4709867835044861,0.43654146790504456,0.3444531261920929,0.0001960293685676943
453,0.5228561758995056,0.48569628596305847,0.37159863114356995,0.00019599800540073505
454,0.5235193967819214,0.48685207962989807,0.3666731119155884,0.00019596652138400064
455,0.46843287348747253,0.4336271584033966,0.3480571210384369,0.0001959349165571256
456,0.5023075342178345,0.46684813499450684,0.35459429025650024,0.0001959031909598966
457,0.4684322476387024,0.43555864691734314,0.32873591780662537,0.0001958713446322522
458,0.5016095042228699,0.465366393327713,0.36243104934692383,0.00019583937761428314
459,0.5433922410011292,0.5048215985298157,0.3857065439224243,0.00019580728994623195
460,0.49445703625679016,0.4587288796901703,0.3572815954685211,0.00019577508166849304
461,0.5287156701087952,0.4907034635543823,0.3801223337650299,0.00019574275282161283
462,0.49870213866233826,0.4628880023956299,0.3581412434577942,0.00019571030344628926
463,0.4987756311893463,0.46288758516311646,0.3588804602622986,0.00019567773358337222
464,0.48821622133255005,0.4532809257507324,0.34935301542282104,0.00019564504327386316
465,0.5036364793777466,0.46809542179107666,0.35541072487831116,0.0001956122325589152
466,0.4965452551841736,0.4610535204410553,0.3549173176288605,0.00019557930147983302
467,0.47177112102508545,0.4387989640235901,0.3297216594219208,0.00019554625007807283
468,0.48088744282722473,0.4481792151927948,0.3270823657512665,0.0001955130783952423
469,0.5079215168952942,0.47230738401412964,0.35614117980003357,0.00019547978647310057
470,0.48874688148498535,0.45359131693840027,0.35155564546585083,0.00019544637435355808
471,0.4711765646934509,0.43755170702934265,0.33624860644340515,0.00019541284207867662
472,0.4773072302341461,0.4436708688735962,0.33636370301246643,0.0001953791896906692
473,0.5090517401695251,0.4734526574611664,0.35599079728126526,0.0001953454172319001
474,0.49349379539489746,0.45863407850265503,0.34859710931777954,0.00019531152474488477
475,0.4863227605819702,0.4515523314476013,0.3477044105529785,0.00019527751227228963
476,0.5119242072105408,0.47615405917167664,0.3577016294002533,0.0001952433798569323
477,0.5170571208000183,0.4801488518714905,0.3690827786922455,0.00019520912754178123
478,0.4955810010433197,0.46051305532455444,0.35067951679229736,0.00019517475536995604
479,0.4817692041397095,0.4472848176956177,0.3448437750339508,0.000195140263384727
480,0.4822619557380676,0.4483928084373474,0.33869150280952454,0.00019510565162951537
481,0.4909600019454956,0.45581743121147156,0.3514256179332733,0.0001950709201478931
482,0.501886248588562,0.4656917154788971,0.36194559931755066,0.00019503606898358284
483,0.4731181263923645,0.43981194496154785,0.3330618441104889,0.00019500109818045805
484,0.4861563444137573,0.4520329535007477,0.3412337899208069,0.00019496600778254263
485,0.4983656406402588,0.46294477581977844,0.35420867800712585,0.00019493079783401113
486,0.4952324628829956,0.4609736204147339,0.34258848428726196,0.0001948954683791886
487,0.47376716136932373,0.4400435984134674,0.337235689163208,0.00019486001946255046
488,0.4847177565097809,0.45038145780563354,0.34336304664611816,0.00019482445112872264
489,0.5017842650413513,0.4660269320011139,0.3575732111930847,0.00019478876342248128
490,0.5065245032310486,0.4705694019794464,0.35955092310905457,0.0001947529563887529
491,0.47170373797416687,0.43814122676849365,0.33562514185905457,0.00019471703007261412
492,0.4940301477909088,0.4592140316963196,0.3481610417366028,0.00019468098451929183
493,0.47664251923561096,0.44287675619125366,0.33765771985054016,0.00019464481977416297
494,0.5275226831436157,0.49091529846191406,0.36607396602630615,0.00019460853588275454
495,0.489913672208786,0.4551512897014618,0.34762394428253174,0.00019457213289074355
496,0.49901682138442993,0.4631653130054474,0.35851508378982544,0.00019453561084395687
497,0.4858502745628357,0.4513687193393707,0.3448154032230377,0.00019449896978837141
498,0.491779625415802,0.4571726322174072,0.346069872379303,0.0001944622097701137
499,0.5037395358085632,0.4675455391407013,0.36193975806236267,0.00019442533083546012
500,0.5119894742965698,0.4763981103897095,0.3559134602546692,0.00019438833303083678
501,0.5229225754737854,0.48539161682128906,0.3753093481063843,0.00019435121640281938
502,0.48411068320274353,0.4499151408672333,0.3419554829597473,0.00019431398099813323
503,0.49481725692749023,0.45992568135261536,0.34891563653945923,0.00019427662686365314
504,0.4960446059703827,0.46100395917892456,0.3504064381122589,0.0001942391540464035
505,0.5067918300628662,0.4711878299713135,0.3560402989387512,0.00019420156259355791
506,0.4849323332309723,0.4507123827934265,0.3421994745731354,0.00019416385255243944
507,0.44977542757987976,0.41794273257255554,0.318326860666275,0.00019412602397052048
508,0.5078631043434143,0.47252213954925537,0.35340988636016846,0.00019408807689542257
509,0.5108698606491089,0.4743841290473938,0.3648572266101837,0.00019405001137491642
510,0.49078264832496643,0.4551429748535156,0.3563968539237976,0.0001940118274569219
511,0.4889017343521118,0.45452040433883667,0.34381338953971863,0.00019397352518950794
512,0.45525062084198,0.42274460196495056,0.32506030797958374,0.00019393510462089236
513,0.47652435302734375,0.4435853660106659,0.3293897807598114,0.000193896565799442
514,0.5103394389152527,0.4742221236228943,0.36117300391197205,0.00019385790877367255
515,0.49231550097465515,0.4582131505012512,0.3410235047340393,0.00019381913359224842
516,0.5039213299751282,0.4683855175971985,0.3553581237792969,0.0001937802403039829
517,0.5094152688980103,0.47355762124061584,0.3585766851902008,0.0001937412289578379
518,0.46745410561561584,0.43433988094329834,0.3311423063278198,0.00019370209960292386
519,0.48366644978523254,0.4493916630744934,0.3427478075027466,0.00019366285228849996
520,0.4822494387626648,0.448822557926178,0.3342689573764801,0.00019362348706397373
521,0.4981241822242737,0.46294206380844116,0.3518212139606476,0.0001935840039789012
522,0.48073631525039673,0.44692039489746094,0.33815914392471313,0.00019354440308298672
523,0.4838964343070984,0.4500773549079895,0.3381907045841217,0.00019350468442608305
524,0.4505757987499237,0.4187623858451843,0.31813424825668335,0.0001934648480581911
525,0.4979225993156433,0.4618888199329376,0.3603379428386688,0.00019342489402945998
526,0.479849636554718,0.4461347758769989,0.3371487259864807,0.000193384822390187
527,0.4971887171268463,0.46208032965660095,0.3510838449001312,0.00019334463319081735
528,0.4849819242954254,0.4512569010257721,0.337250292301178,0.00019330432648194444
529,0.4959167540073395,0.45998504757881165,0.35931703448295593,0.00019326390231430942
530,0.5067399740219116,0.4713825583457947,0.3535744249820709,0.00019322336073880142
531,0.4849463999271393,0.4509199559688568,0.34026435017585754,0.00019318270180645737
532,0.5239880681037903,0.48667192459106445,0.3731614351272583,0.00019314192556846185
533,0.514192521572113,0.4777669310569763,0.36425602436065674,0.00019310103207614718
534,0.5072627663612366,0.47168922424316406,0.35573527216911316,0.00019306002138099327
535,0.49618247151374817,0.4616750180721283,0.3450744152069092,0.00019301889353462762
536,0.4521845281124115,0.42049267888069153,0.3169185519218445,0.00019297764858882514
537,0.5057213306427002,0.46971285343170166,0.36008498072624207,0.0001929362865955082
538,0.4939209222793579,0.45919719338417053,0.34723716974258423,0.0001928948076067465
539,0.5040221810340881,0.4686679244041443,0.3535424768924713,0.00019285321167475698
540,0.4957161843776703,0.46124783158302307,0.34468361735343933,0.0001928114988519039
541,0.48362332582473755,0.4489971101284027,0.34626227617263794,0.00019276966919069862
542,0.5336295366287231,0.49591225385665894,0.3771727979183197,0.0001927277227437995
543,0.4804117679595947,0.4472082257270813,0.33203548192977905,0.00019268565956401208
544,0.49616536498069763,0.46189555525779724,0.34269803762435913,0.00019264347970428876
545,0.46210092306137085,0.4300467371940613,0.32054197788238525,0.0001926011832177288
546,0.4841947555541992,0.4503852128982544,0.3380955755710602,0.00019255877015757835
547,0.5099542140960693,0.4737568497657776,0.3619735836982727,0.00019251624057723023
548,0.4595493674278259,0.42798465490341187,0.3156470060348511,0.00019247359453022407
549,0.48289865255355835,0.44895750284194946,0.33941155672073364,0.00019243083207024598
550,0.5023595690727234,0.46734973788261414,0.35009831190109253,0.0001923879532511287
551,0.48334020376205444,0.44966691732406616,0.33673280477523804,0.0001923449581268514
552,0.49912315607070923,0.46405842900276184,0.3506474196910858,0.00019230184675153976
553,0.49415382742881775,0.45931023359298706,0.3484359085559845,0.00019225861917946565
554,0.5344096422195435,0.4968016445636749,0.376079797744751,0.0001922152754650474
555,0.477508544921875,0.44400346279144287,0.3350507616996765,0.0001921718156628494
556,0.45766884088516235,0.4249632656574249,0.32705578207969666,0.00019212823982758226
557,0.5259767770767212,0.4891824424266815,0.3679434657096863,0.00019208454801410266
558,0.4819394052028656,0.4475458264350891,0.3439357876777649,0.0001920407402774132
559,0.5121515393257141,0.47565412521362305,0.36497434973716736,0.00019199681667266252
560,0.503190279006958,0.4671608805656433,0.36029407382011414,0.0001919527772551451
561,0.494346022605896,0.45935308933258057,0.3499292731285095,0.0001919086220803011
562,0.48296618461608887,0.4492351710796356,0.33731019496917725,0.0001918643512037166
563,0.4906614124774933,0.45669546723365784,0.3396594822406769,0.00019181996468112323
564,0.46610912680625916,0.433550626039505,0.32558494806289673,0.00019177546256839812
565,0.48352062702178955,0.4500769078731537,0.33443713188171387,0.00019173084492156407
566,0.477369099855423,0.44390955567359924,0.33459556102752686,0.00019168611179678924
567,0.48794832825660706,0.45392075181007385,0.3402758240699768,0.00019164126325038714
568,0.47619277238845825,0.4425489604473114,0.33643826842308044,0.00019159629933881666
569,0.5056787729263306,0.47005021572113037,0.3562852740287781,0.00019155122011868186
570,0.47704869508743286,0.4436909258365631,0.33357757329940796,0.00019150602564673198
571,0.4620159864425659,0.43008488416671753,0.3193109929561615,0.00019146071597986138
572,0.45897454023361206,0.42670294642448425,0.3227159380912781,0.00019141529117510932
573,0.5238000750541687,0.48643386363983154,0.37366190552711487,0.00019136975128966017
574,0.5007970333099365,0.4660593271255493,0.34737715125083923,0.00019132409638084304
575,0.5024620890617371,0.467014342546463,0.354477196931839,0.00019127832650613189
576,0.45231613516807556,0.4206317663192749,0.31684377789497375,0.00019123244172314545
577,0.4686403274536133,0.4361293315887451,0.32510995864868164,0.00019118644208964702
578,0.49088412523269653,0.45681434869766235,0.34069788455963135,0.00019114032766354453
579,0.5115380883216858,0.47441565990448,0.37122422456741333,0.00019109409850289044
580,0.5167123675346375,0.48057740926742554,0.3613494038581848,0.00019104775466588161
581,0.505791187286377,0.4703797698020935,0.3541138768196106,0.00019100129621085925
582,0.4983528256416321,0.4632035195827484,0.35149314999580383,0.00019095472319630892
583,0.49878665804862976,0.4631367325782776,0.35649925470352173,0.00019090803568086036
584,0.5222228765487671,0.4849713146686554,0.3725157082080841,0.00019086123372328746
585,0.49857252836227417,0.4638201892375946,0.3475232720375061,0.00019081431738250814
586,0.46465903520584106,0.431932270526886,0.32726773619651794,0.00019076728671758438
587,0.47523418068885803,0.44217753410339355,0.33056655526161194,0.00019072014178772202
588,0.5329540371894836,0.49497419595718384,0.37979844212532043,0.00019067288265227082
589,0.5456864237785339,0.5068966746330261,0.3878973424434662,0.00019062550937072424
590,0.4804030656814575,0.4469766318798065,0.33426421880722046,0.00019057802200271942
591,0.4822872579097748,0.4485374391078949,0.3374980688095093,0.0001905304206080372
592,0.4978293180465698,0.46258196234703064,0.3524734675884247,0.00019048270524660196
593,0.48783254623413086,0.4532907009124756,0.34541836380958557,0.0001904348759784815
594,0.49562954902648926,0.46052610874176025,0.3510342538356781,0.00019038693286388698
595,0.5052729845046997,0.469698965549469,0.35574036836624146,0.00019033887596317298
596,0.5326910614967346,0.4950765073299408,0.3761453926563263,0.00019029070533683725
597,0.493754118680954,0.45963433384895325,0.3411978781223297,0.00019024242104552074
598,0.4964696764945984,0.46164727210998535,0.348224014043808,0.00019019402315000752
599,0.5033767223358154,0.46801701188087463,0.35359707474708557,0.00019014551171122457
600,0.4944164454936981,0.4592030644416809,0.3521338403224945,0.0001900968867902419
601,0.4695209562778473,0.4363068640232086,0.33214104175567627,0.0001900481484482724
602,0.48556748032569885,0.45185819268226624,0.337092787027359,0.0001899992967466716
603,0.44441959261894226,0.4133329391479492,0.31086644530296326,0.0001899503317469379
604,0.48306068778038025,0.44844764471054077,0.34613037109375,0.00018990125351071226
605,0.5325587391853333,0.4947766363620758,0.37782081961631775,0.00018985206209977813
606,0.4853561222553253,0.4515097737312317,0.3384634554386139,0.00018980275757606157
607,0.49319276213645935,0.45823636651039124,0.3495638966560364,0.00018975334000163093
608,0.48749637603759766,0.4534352719783783,0.34061115980148315,0.00018970380943869687
609,0.4638960063457489,0.43089234828948975,0.33003658056259155,0.00018965416594961238
610,0.48707282543182373,0.4536539912223816,0.33418819308280945,0.00018960440959687254
611,0.4863991439342499,0.4525422155857086,0.33856937289237976,0.0001895545404431145
612,0.4895361363887787,0.45503708720207214,0.34499043226242065,0.00018950455855111745
613,0.5093623399734497,0.4735405147075653,0.35821834206581116,0.0001894544639838025
614,0.5139721035957336,0.4772222340106964,0.36749881505966187,0.00018940425680423264
615,0.500714123249054,0.46552029252052307,0.35193848609924316,0.00018935393707561251
616,0.47551077604293823,0.4422590434551239,0.33251717686653137,0.00018930350486128856
617,0.5173970460891724,0.48132574558258057,0.36071282625198364,0.00018925296022474878
618,0.45783892273902893,0.4251888394355774,0.3265007436275482,0.00018920230322962264
619,0.4727489948272705,0.4402253031730652,0.32523682713508606,0.0001891515339396812
620,0.45691701769828796,0.4248870313167572,0.32029980421066284,0.0001891006524188368
621,0.47098076343536377,0.4380722939968109,0.329084575176239,0.000189049658731143
622,0.4902479350566864,0.45625096559524536,0.33996957540512085,0.00018899855294079472
623,0.5171418786048889,0.48094430565834045,0.36197584867477417,0.00018894733511212782
624,0.4768446385860443,0.4436984062194824,0.33146241307258606,0.00018889600530961934
625,0.4871465563774109,0.45268434286117554,0.34462225437164307,0.00018884456359788724
626,0.48686790466308594,0.4526809751987457,0.34186941385269165,0.00018879301004169036
627,0.514856219291687,0.47880348563194275,0.3605273962020874,0.00018874134470592835
628,0.4982248544692993,0.46300584077835083,0.35219019651412964,0.0001886895676556415
629,0.5572917461395264,0.5185570120811462,0.3873472213745117,0.00018863767895601087
630,0.48463743925094604,0.45018666982650757,0.34450772404670715,0.000188585678672358
631,0.46635815501213074,0.4337761402130127,0.32582005858421326,0.00018853356687014485
632,0.48546820878982544,0.45130863785743713,0.34159567952156067,0.00018848134361497385
633,0.4343826174736023,0.4048318862915039,0.29550719261169434,0.0001884290089725877
634,0.46860817074775696,0.43595176935195923,0.32656413316726685,0.00018837656300886937
635,0.46656131744384766,0.4341050088405609,0.3245631754398346,0.00018832400578984183
636,0.48553523421287537,0.4522479772567749,0.3328724503517151,0.0001882713373816683
637,0.5083881616592407,0.47259223461151123,0.3579590320587158,0.00018821855785065185
638,0.4842032790184021,0.45035186409950256,0.3385142385959625,0.00018816566726323548
639,0.5376942157745361,0.4994482398033142,0.38245972990989685,0.00018811266568600194
640,0.5085357427597046,0.47286173701286316,0.3567400276660919,0.0001880595531856738
641,0.46857351064682007,0.43586817383766174,0.32705339789390564,0.00018800632982911322
642,0.5025166273117065,0.4672306180000305,0.35286036133766174,0.00018795299568332184
643,0.4740292429924011,0.4410237669944763,0.33005473017692566,0.00018789955081544092
644,0.48677414655685425,0.4522836208343506,0.34490522742271423,0.000187845995292751
645,0.4873839020729065,0.45341014862060547,0.3397374749183655,0.00018779232918267195
646,0.45538538694381714,0.4234566390514374,0.31928732991218567,0.00018773855255276283
647,0.46467694640159607,0.43184155225753784,0.3283538520336151,0.00018768466547072188
648,0.5133988261222839,0.4772835969924927,0.36115220189094543,0.00018763066800438636
649,0.4749985933303833,0.4411460757255554,0.33852532505989075,0.00018757656022173248
650,0.4872353672981262,0.4532598555088043,0.33975520730018616,0.00018752234219087538
651,0.5197659730911255,0.483387291431427,0.363786906003952,0.0001874680139800689
652,0.4755963087081909,0.44213661551475525,0.33459705114364624,0.0001874135756577056
653,0.4970758557319641,0.46284720301628113,0.34228649735450745,0.00018735902729231677
654,0.45574283599853516,0.42418965697288513,0.3155319392681122,0.00018730436895257206
655,0.47940298914909363,0.445823073387146,0.3357992172241211,0.00018724960070727972
656,0.46028223633766174,0.42764973640441895,0.32632511854171753,0.00018719472262538624
657,0.48019465804100037,0.44659551978111267,0.3359913229942322,0.00018713973477597646
658,0.4798429310321808,0.44566792249679565,0.3417501747608185,0.00018708463722827336
659,0.4978639483451843,0.4633261561393738,0.345378041267395,0.00018702943005163803
660,0.4961284399032593,0.46113064885139465,0.349977970123291,0.00018697411331556956
661,0.4731060862541199,0.4402100145816803,0.32896071672439575,0.00018691868708970496
662,0.48496317863464355,0.45139992237091064,0.33563247323036194,0.00018686315144381913
663,0.457790732383728,0.42607778310775757,0.3171294033527374,0.00018680750644782467
664,0.49818798899650574,0.46298709511756897,0.3520088493824005,0.00018675175217177175
665,0.46186795830726624,0.4288064241409302,0.3306153118610382,0.0001866958886858483
666,0.4419091045856476,0.4107615053653717,0.31147605180740356,0.0001866399160603796
667,0.4640600085258484,0.4315129220485687,0.32547077536582947,0.0001865838343658284
668,0.4916323721408844,0.4570254683494568,0.3460690379142761,0.00018652764367279461
669,0.4931933581829071,0.4593661427497864,0.3382720649242401,0.0001864713440520155
670,0.49401092529296875,0.4591253697872162,0.3488554358482361,0.0001864149355743655
671,0.4813280999660492,0.44763311743736267,0.33694973587989807,0.00018635841831085586
672,0.5017006993293762,0.46692830324172974,0.3477241098880768,0.00018630179233263504
673,0.5077813267707825,0.47187983989715576,0.3590150475502014,0.00018624505771098817
674,0.4717349410057068,0.43904781341552734,0.32687118649482727,0.00018618821451733724
675,0.4493066668510437,0.4179968237876892,0.3130984902381897,0.00018613126282324092
676,0.4662940800189972,0.4340665638446808,0.3222751021385193,0.0001860742027003944
677,0.49514898657798767,0.4603622853755951,0.347866952419281,0.0001860170342206294
678,0.4660170376300812,0.4333563446998596,0.3266068994998932,0.0001859597574559141
679,0.46115079522132874,0.4291597306728363,0.31991055607795715,0.00018590237247835293
680,0.46039289236068726,0.4279835522174835,0.32409340143203735,0.00018584487936018661
681,0.45172324776649475,0.4199698269367218,0.31753408908843994,0.00018578727817379195
682,0.49376970529556274,0.4592832028865814,0.3448648750782013,0.0001857295689916818
683,0.4712865352630615,0.4384854733943939,0.328010618686676,0.00018567175188650498
684,0.4849332571029663,0.45117929577827454,0.3375396430492401,0.00018561382693104615
685,0.47398561239242554,0.44068479537963867,0.3330080807209015,0.00018555579419822583
686,0.4886924624443054,0.45451515913009644,0.34177306294441223,0.0001854976537611001
687,0.48077157139778137,0.4470587372779846,0.337128221988678,0.00018543940569286065
688,0.4974502623081207,0.46312788128852844,0.3432239294052124,0.00018538105006683472
689,0.48709017038345337,0.45296087861061096,0.34129297733306885,0.00018532258695648496
690,0.44233065843582153,0.41160255670547485,0.3072810769081116,0.00018526401643540922
691,0.4814305007457733,0.44746342301368713,0.33967089653015137,0.0001852053385773407
692,0.4706358313560486,0.43807369470596313,0.32562151551246643,0.00018514655345614763
693,0.517019510269165,0.48159193992614746,0.3542754650115967,0.00018508766114583332
694,0.504779577255249,0.46978306770324707,0.3499651253223419,0.00018502866172053598
695,0.4730159044265747,0.44024837017059326,0.3276752531528473,0.00018496955525452874
696,0.5031766891479492,0.46829184889793396,0.348848432302475,0.0001849103418222194
697,0.48865270614624023,0.453824907541275,0.3482779860496521,0.00018485102149815038
698,0.47537124156951904,0.4422862231731415,0.3308502733707428,0.00018479159435699883
699,0.4842177629470825,0.44990792870521545,0.3430982828140259,0.00018473206047357619
700,0.48587408661842346,0.45214441418647766,0.33729663491249084,0.00018467241992282843
701,0.49021658301353455,0.45583295822143555,0.3438361883163452,0.00018461267277983568
702,0.47156062722206116,0.43879321217536926,0.3276742398738861,0.0001845528191198123
703,0.4862615764141083,0.45316243171691895,0.3309914767742157,0.00018449285901810675
704,0.5105530023574829,0.4748210906982422,0.35731905698776245,0.00018443279255020152
705,0.4900275766849518,0.4559624195098877,0.3406515419483185,0.0001843726197917129
706,0.49049580097198486,0.45565661787986755,0.34839189052581787,0.0001843123408183911
707,0.48477691411972046,0.45081591606140137,0.3396100699901581,0.00018425195570611998
708,0.4793234169483185,0.4463462829589844,0.32977139949798584,0.00018419146453091701
709,0.48759302496910095,0.4533597230911255,0.34233301877975464,0.0001841308673689332
710,0.48474931716918945,0.45084720849990845,0.3390209376811981,0.00018407016429645303
711,0.5056007504463196,0.4704809784889221,0.3511975407600403,0.0001840093553898942
712,0.49749454855918884,0.46308162808418274,0.3441290855407715,0.00018394844072580773
713,0.4962913393974304,0.4610956907272339,0.3519565761089325,0.00018388742038087777
714,0.4631669521331787,0.43159419298171997,0.31572774052619934,0.00018382629443192144
715,0.495006799697876,0.46063047647476196,0.343763142824173,0.00018376506295588886
716,0.47546109557151794,0.4430469870567322,0.32414114475250244,0.00018370372602986303
717,0.5164477825164795,0.4806354343891144,0.3581236004829407,0.00018364228373105964
718,0.46719157695770264,0.4337678849697113,0.3342370390892029,0.00018358073613682706
719,0.4998779594898224,0.46472427248954773,0.35153689980506897,0.0001835190833246461
720,0.4591616094112396,0.4274473190307617,0.31714293360710144,0.00018345732537213027
721,0.48144933581352234,0.4481007754802704,0.33348560333251953,0.00018339546235702524
722,0.4531468152999878,0.42133447527885437,0.31812337040901184,0.00018333349435720894
723,0.46010372042655945,0.42829516530036926,0.318085640668869,0.0001832714214506916
724,0.4986315965652466,0.4646889865398407,0.3394261598587036,0.0001832092437156154
725,0.4536019265651703,0.42212605476379395,0.3147587180137634,0.00018314696123025454
726,0.46752750873565674,0.43476471304893494,0.32762783765792847,0.00018308457407301503
727,0.5357559323310852,0.4969313442707062,0.38824567198753357,0.00018302208232243473
728,0.4896005690097809,0.4555538594722748,0.34046703577041626,0.00018295948605718314
729,0.5001168847084045,0.4653703272342682,0.34746575355529785,0.00018289678535606126
730,0.490497350692749,0.4557317793369293,0.34765565395355225,0.00018283398029800166
731,0.49250519275665283,0.45730018615722656,0.3520500957965851,0.00018277107096206826
732,0.45491576194763184,0.4236137866973877,0.3130197823047638,0.00018270805742745617
733,0.4813002347946167,0.4478748142719269,0.33425426483154297,0.00018264493977349184
734,0.4814445674419403,0.4476321339607239,0.33812421560287476,0.0001825817180796326
735,0.4868740141391754,0.45314040780067444,0.3373361825942993,0.00018251839242546696
736,0.4763338565826416,0.4433734714984894,0.3296038806438446,0.0001824549628907141
737,0.4622485339641571,0.4305514693260193,0.31697070598602295,0.00018239142955522406
738,0.45924967527389526,0.4273899793624878,0.31859689950942993,0.0001823277924989776
739,0.48029568791389465,0.44630610942840576,0.3398958444595337,0.000182264051802086
740,0.47151443362236023,0.43817365169525146,0.3334077298641205,0.00018220020754479102
741,0.5055296421051025,0.4704850912094116,0.35044538974761963,0.00018213625980746475
742,0.4727393686771393,0.4394805431365967,0.332588255405426,0.00018207220867060966
743,0.5018253922462463,0.4673713147640228,0.34454086422920227,0.00018200805421485824
744,0.4953140616416931,0.46098676323890686,0.3432730436325073,0.0001819437965209732
745,0.488569438457489,0.4548114538192749,0.3375799059867859,0.0001818794356698471
746,0.5008405447006226,0.4651622772216797,0.35678282380104065,0.00018181497174250236
747,0.5095778703689575,0.4733073115348816,0.3627055883407593,0.0001817504048200912
748,0.4978407025337219,0.46311911940574646,0.3472159504890442,0.00018168573498389564
749,0.4796637296676636,0.4463697075843811,0.33294007182121277,0.00018162096231532694
750,0.49097302556037903,0.4575280547142029,0.3344496190547943,0.00018155608689592604
751,0.4862203598022461,0.4524664878845215,0.33753862977027893,0.0001814911088073632
752,0.5000321865081787,0.4651854634284973,0.34846702218055725,0.00018142602813143785
753,0.5150489807128906,0.47943952679634094,0.3560948371887207,0.00018136084495007872
754,0.4948384463787079,0.46022680401802063,0.34611639380455017,0.0001812955593453434
755,0.4735577404499054,0.4404293894767761,0.3312835097312927,0.0001812301713994185
756,0.4913458228111267,0.4574303925037384,0.3391542136669159,0.00018116468119461953
757,0.5055885314941406,0.4698791801929474,0.3570934236049652,0.00018109908881339058
758,0.5066677927970886,0.4714376926422119,0.35230082273483276,0.00018103339433830454
759,0.5130943655967712,0.47716447710990906,0.3592986464500427,0.00018096759785206267
760,0.46948155760765076,0.43662622570991516,0.3285532593727112,0.00018090169943749476
761,0.4939254820346832,0.4601903557777405,0.33735138177871704,0.00018083569917755885
762,0.49006086587905884,0.45548492670059204,0.3457593023777008,0.00018076959715534124
763,0.4662625193595886,0.43425267934799194,0.32009848952293396,0.00018070339345405625
764,0.49633345007896423,0.4622127115726471,0.3412072956562042,0.00018063708815704632
765,0.45589861273765564,0.4238216280937195,0.32076993584632874,0.00018057068134778173
766,0.46507465839385986,0.43161314725875854,0.3346150815486908,0.00018050417310986052
767,0.49384111166000366,0.45939114689826965,0.3444995582103729,0.00018043756352700846
768,0.477282851934433,0.44373664259910583,0.3354620337486267,0.00018037085268307889
769,0.4788514971733093,0.4453828036785126,0.33468687534332275,0.0001803040406620526
770,0.4661482572555542,0.43406906723976135,0.32079192996025085,0.0001802371275480378
771,0.47291961312294006,0.43999266624450684,0.3292694091796875,0.0001801701134252699
772,0.48598822951316833,0.4522946774959564,0.336935430765152,0.0001801029983781116
773,0.4632795751094818,0.4312469959259033,0.32032591104507446,0.00018003578249105244
774,0.464968740940094,0.4326232373714447,0.32345518469810486,0.00017996846584870908
775,0.45626911520957947,0.42404934763908386,0.3221977651119232,0.00017990104853582493
776,0.48714038729667664,0.4531088173389435,0.3403158187866211,0.00017983353063727016
777,0.51214599609375,0.4758048355579376,0.3634115755558014,0.00017976591223804161
778,0.47910523414611816,0.4458247125148773,0.3328053653240204,0.00017969819342326254
779,0.4659896194934845,0.4339398145675659,0.32049793004989624,0.00017963037427818268
780,0.4731907844543457,0.44057413935661316,0.32616645097732544,0.00017956245488817812
781,0.4582376778125763,0.4259446859359741,0.3229300379753113,0.000179494435338751
782,0.48796817660331726,0.45424288511276245,0.3372529447078705,0.00017942631571552973
783,0.4931563436985016,0.45823219418525696,0.34924137592315674,0.0001793580961042685
784,0.499612033367157,0.4644976556301117,0.35114380717277527,0.00017928977659084755
785,0.4905373454093933,0.45525795221328735,0.3527940511703491,0.00017922135726127275
786,0.4867022633552551,0.4527052342891693,0.33997035026550293,0.00017915283820167573
787,0.4742104709148407,0.44136226177215576,0.3284822106361389,0.00017908421949831366
788,0.46059343218803406,0.4284185469150543,0.32174885272979736,0.00017901550123756906
789,0.5129649639129639,0.47706425189971924,0.35900717973709106,0.00017894668350594981
790,0.46147963404655457,0.429613322019577,0.3186630606651306,0.00017887776639008914
791,0.5116928219795227,0.47647881507873535,0.35214003920555115,0.00017880874997674515
792,0.44267982244491577,0.41235822439193726,0.303215891122818,0.00017873963435280121
793,0.48562777042388916,0.45167073607444763,0.33957040309906006,0.00017867041960526535
794,0.46201884746551514,0.4297464191913605,0.32272419333457947,0.0001786011058212706
795,0.4903571307659149,0.4560454785823822,0.3431166410446167,0.00017853169308807448
796,0.47604048252105713,0.44270816445350647,0.33332309126853943,0.0001784621814930592
797,0.44965481758117676,0.4187203347682953,0.30934494733810425,0.00017839257112373132
798,0.5116565227508545,0.47624948620796204,0.35407039523124695,0.00017832286206772186
799,0.48463404178619385,0.45077940821647644,0.338546484708786,0.00017825305441278598
800,0.4770476818084717,0.4430254101753235,0.34022286534309387,0.000178183148246803
801,0.5359800457954407,0.49928441643714905,0.3669563829898834,0.00017811314365777625
802,0.48897621035575867,0.45467495918273926,0.34301263093948364,0.000178043040733833
803,0.4907362163066864,0.4566549062728882,0.3408129811286926,0.0001779728395632242
804,0.4742068350315094,0.4412781596183777,0.32928675413131714,0.00017790254023432466
805,0.5020784139633179,0.4671112895011902,0.34967106580734253,0.00017783214283563262
806,0.47593456506729126,0.4430663585662842,0.3286820948123932,0.00017776164745576976
807,0.4674566984176636,0.4346098005771637,0.3284689784049988,0.00017769105418348122
808,0.4657420516014099,0.4325283169746399,0.33213719725608826,0.00017762036310763532
809,0.48424768447875977,0.450926274061203,0.33321407437324524,0.00017754957431722346
810,0.48137176036834717,0.44798344373703003,0.33388325572013855,0.0001774786879013601
811,0.45652931928634644,0.42439568042755127,0.3213362991809845,0.0001774077039492826
812,0.4915738105773926,0.4573063254356384,0.3426748514175415,0.00017733662255035114
813,0.4795107841491699,0.4462832808494568,0.33227500319480896,0.0001772654437940484
814,0.4817746877670288,0.44798287749290466,0.3379180133342743,0.0001771941677699799
815,0.4748728275299072,0.442013144493103,0.32859694957733154,0.00017712279456787332
816,0.5043178200721741,0.46908053755760193,0.3523728549480438,0.00017705132427757895
817,0.5202021598815918,0.48450472950935364,0.35697412490844727,0.00017697975698906904
818,0.4975663423538208,0.4621129035949707,0.3545343279838562,0.00017690809279243813
819,0.46423664689064026,0.4319079518318176,0.3232869803905487,0.00017683633177790272
820,0.4581032991409302,0.426449179649353,0.3165411651134491,0.0001767644740358011
821,0.48851868510246277,0.4541882872581482,0.3433040976524353,0.0001766925196565935
822,0.4927511513233185,0.4583316743373871,0.34419482946395874,0.00017662046873086163
823,0.5149638056755066,0.47974440455436707,0.35219377279281616,0.00017654832134930882
824,0.49876895546913147,0.4641542136669159,0.34614741802215576,0.00017647607760275987
825,0.47237929701805115,0.43921753764152527,0.33161771297454834,0.00017640373758216077
826,0.48488980531692505,0.45087799429893494,0.3401182293891907,0.0001763313013785788
827,0.52268385887146,0.48657697439193726,0.3610691428184509,0.00017625876908320236
828,0.4863598644733429,0.45240873098373413,0.33951130509376526,0.00017618614078734069
829,0.47446346282958984,0.44135749340057373,0.3310595750808716,0.00017611341658242395
830,0.5080831050872803,0.47304120659828186,0.3504190146923065,0.0001760405965600031
831,0.4894014894962311,0.4551135003566742,0.3428799510002136,0.00017596768081174963
832,0.49952736496925354,0.46441930532455444,0.3510807156562805,0.00017589466942945556
833,0.514821469783783,0.47862404584884644,0.36197414994239807,0.00017582156250503335
834,0.48772725462913513,0.4537908434867859,0.33936408162117004,0.00017574836013051562
835,0.4848536252975464,0.45092493295669556,0.3392868638038635,0.0001756750623980553
836,0.4819638133049011,0.4485018253326416,0.33461993932724,0.00017560166939992528
837,0.475119024515152,0.4424374997615814,0.3268153667449951,0.00017552818122851838
838,0.48981064558029175,0.4555529057979584,0.34257739782333374,0.0001754545979763472
839,0.47713184356689453,0.44479918479919434,0.3233264684677124,0.00017538091973604418
840,0.48342084884643555,0.4497590661048889,0.3366177976131439,0.00017530714660036112
841,0.46380114555358887,0.4320180118083954,0.3178313374519348,0.00017523327866216944
842,0.501259982585907,0.46655070781707764,0.3470925986766815,0.00017515931601445986
843,0.512200117111206,0.47612616419792175,0.36073923110961914,0.00017508525875034237
844,0.4966723620891571,0.46219804883003235,0.34474310278892517,0.00017501110696304596
845,0.4620981216430664,0.4304344952106476,0.3166362941265106,0.00017493686074591873
846,0.4850993752479553,0.4515356123447418,0.3356377184391022,0.0001748625201924276
847,0.5182163715362549,0.48154640197753906,0.3666994571685791,0.00017478808539615824
848,0.5019861459732056,0.4671405851840973,0.3484553098678589,0.00017471355645081498
849,0.48712003231048584,0.4536247253417969,0.3349531888961792,0.00017463893345022067
850,0.4808872938156128,0.4473988711833954,0.3348841965198517,0.00017456421648831655
851,0.48154425621032715,0.4484732151031494,0.3307102620601654,0.00017448940565916222
852,0.4839732348918915,0.4498356282711029,0.34137600660324097,0.0001744145010569353
853,0.5013179183006287,0.46587255597114563,0.3544537425041199,0.00017433950277593162
854,0.46423837542533875,0.43227872252464294,0.3195964992046356,0.0001742644109105648
855,0.4952845573425293,0.46101582050323486,0.3426873981952667,0.00017418922555536637
856,0.5002342462539673,0.46524176001548767,0.34992456436157227,0.0001741139468049855
857,0.4649217426776886,0.4328933358192444,0.3202839493751526,0.00017403857475418896
858,0.4874395728111267,0.4526943564414978,0.34745216369628906,0.000173963109497861
859,0.45505499839782715,0.4237872064113617,0.3126780390739441,0.0001738875511310031
860,0.4653957188129425,0.43252265453338623,0.3287307322025299,0.00017381189974873407
861,0.469674676656723,0.4372990131378174,0.32375672459602356,0.00017373615544628978
862,0.4939746856689453,0.4597814977169037,0.3419320285320282,0.00017366031831902304
863,0.48395997285842896,0.450214684009552,0.3374527394771576,0.0001735843884624035
864,0.4907070994377136,0.45613721013069153,0.3456988036632538,0.00017350836597201767
865,0.5118765234947205,0.4763774275779724,0.3549911677837372,0.00017343225094356855
866,0.49295252561569214,0.4585069715976715,0.3444554805755615,0.0001733560434728757
867,0.45599618554115295,0.42482253909111023,0.31173649430274963,0.00017327974365587495
868,0.4898485243320465,0.45628800988197327,0.33560505509376526,0.00017320335158861855
869,0.503404438495636,0.4684101343154907,0.3499431014060974,0.0001731268673672747
870,0.47317832708358765,0.43996408581733704,0.33214235305786133,0.00017305029108812776
871,0.44529277086257935,0.4138137400150299,0.31479039788246155,0.00017297362284757794
872,0.45891499519348145,0.42700260877609253,0.3191237151622772,0.00017289686274214118
873,0.477605402469635,0.4441835880279541,0.33421823382377625,0.00017282001086844906
874,0.5136519074440002,0.47752267122268677,0.36129245162010193,0.00017274306732324872
875,0.48640576004981995,0.4524920880794525,0.33913660049438477,0.0001726660322034027
876,0.4494819641113281,0.41797876358032227,0.31503209471702576,0.00017258890560588888
877,0.4772564768791199,0.44432589411735535,0.32930582761764526,0.00017251168762780013
878,0.49011939764022827,0.4561068117618561,0.3401259183883667,0.0001724343783663445
879,0.5144230127334595,0.47910940647125244,0.3531358242034912,0.00017235697791884494
880,0.48922064900398254,0.4549764096736908,0.34244242310523987,0.00017227948638273916
881,0.4704938530921936,0.4377737045288086,0.32720139622688293,0.00017220190385557955
882,0.4873657524585724,0.453872412443161,0.33493342995643616,0.00017212423043503301
883,0.48019903898239136,0.4465382397174835,0.33660799264907837,0.00017204646621888096
884,0.5018697381019592,0.46671396493911743,0.3515576124191284,0.00017196861130501905
885,0.4675266146659851,0.43550044298171997,0.3202616572380066,0.00017189066579145705
886,0.46195662021636963,0.4297887086868286,0.3216789662837982,0.0001718126297763189
887,0.4961763024330139,0.4612986147403717,0.34877681732177734,0.0001717345033578424
888,0.485005259513855,0.451174259185791,0.33831000328063965,0.00017165628663437922
889,0.4739949405193329,0.44127124547958374,0.3272368609905243,0.00017157797970439464
890,0.43882715702056885,0.4082000255584717,0.30627119541168213,0.00017149958266646754
891,0.4979913830757141,0.46334749460220337,0.3464389741420746,0.00017142109561929023
892,0.481279581785202,0.4479539096355438,0.3332568109035492,0.00017134251866166827
893,0.47482943534851074,0.44194385409355164,0.3288559019565582,0.00017126385189252053
894,0.47513628005981445,0.44281721115112305,0.32319074869155884,0.00017118509541087887
895,0.49048665165901184,0.45634669065475464,0.34139958024024963,0.00017110624931588806
896,0.4683380722999573,0.4358481466770172,0.3248994052410126,0.0001710273137068057
897,0.46833673119544983,0.43615779280662537,0.3217895030975342,0.00017094828868300215
898,0.495357483625412,0.46083754301071167,0.3451993465423584,0.0001708691743439602
899,0.4796825051307678,0.44659748673439026,0.3308503031730652,0.00017078997078927521
900,0.47236698865890503,0.4398499131202698,0.3251707851886749,0.00017071067811865476
901,0.4763236939907074,0.44327422976493835,0.3304947316646576,0.00017063129643191864
902,0.5225497484207153,0.48657292127609253,0.35976821184158325,0.00017055182582899873
903,0.47129467129707336,0.4376676678657532,0.33627012372016907,0.00017047226640993883
904,0.4900330901145935,0.45591071248054504,0.341223806142807,0.0001703926182748945
905,0.45540741086006165,0.4242580235004425,0.31149396300315857,0.00017031288152413306
906,0.4759317934513092,0.4434858560562134,0.324459433555603,0.00017023305625803333
907,0.4808345139026642,0.4480612874031067,0.32773223519325256,0.0001701531425770856
908,0.5112932324409485,0.475892037153244,0.3540121912956238,0.0001700731405818914
909,0.458307147026062,0.4258542060852051,0.3245293200016022,0.00016999305037316352
910,0.4856610894203186,0.45201927423477173,0.3364182710647583,0.00016991287205172573
911,0.49479904770851135,0.4608812630176544,0.3391779661178589,0.0001698326057185128
912,0.5049779415130615,0.46975648403167725,0.3522143065929413,0.00016975225147457026
913,0.4715852439403534,0.4386880397796631,0.3289720416069031,0.00016967180942105423
914,0.4830598533153534,0.44891586899757385,0.34143975377082825,0.00016959127965923142
915,0.4948655068874359,0.4603478014469147,0.34517693519592285,0.0001695106622904791
916,0.472898930311203,0.44010135531425476,0.3279757797718048,0.0001694299574162846
917,0.4795755445957184,0.44622111320495605,0.33354419469833374,0.0001693491651382455
918,0.5064682960510254,0.4715971052646637,0.34871193766593933,0.0001692682855580695
919,0.4772266149520874,0.4435192048549652,0.33707401156425476,0.00016918731877757406
920,0.4915570616722107,0.45667046308517456,0.3488661050796509,0.00016910626489868649
921,0.4682036340236664,0.4361582100391388,0.32045429944992065,0.00016902512402344373
922,0.4716228246688843,0.4384412169456482,0.331816166639328,0.00016894389625399226
923,0.4721621870994568,0.4393073618412018,0.3285481333732605,0.0001688625816925879
924,0.5151413083076477,0.47936561703681946,0.3577568233013153,0.00016878118044159578
925,0.49592018127441406,0.4612586498260498,0.3466153144836426,0.00016869969260349018
926,0.4513586461544037,0.41962099075317383,0.31737658381462097,0.00016861811828085429
927,0.5444568991661072,0.5066901445388794,0.37766769528388977,0.00016853645757638024
928,0.47757506370544434,0.44464465975761414,0.3293040990829468,0.00016845471059286887
929,0.4662858843803406,0.43380802869796753,0.32477858662605286,0.00016837287743322975
930,0.5129879117012024,0.4766257703304291,0.363621324300766,0.00016829095820048072
931,0.46377891302108765,0.4318487346172333,0.31930190324783325,0.00016820895299774814
932,0.49364569783210754,0.4591674208641052,0.3447827398777008,0.00016812686192826663
933,0.4556249976158142,0.42409995198249817,0.3152504563331604,0.00016804468509537874
934,0.4781174063682556,0.44497543573379517,0.33141982555389404,0.00016796242260253512
935,0.47695645689964294,0.4437156319618225,0.33240827918052673,0.0001678800745532942
936,0.49426379799842834,0.4601486325263977,0.34115177392959595,0.0001677976410513221
937,0.5034525394439697,0.46803975105285645,0.3541278839111328,0.00016771512220039255
938,0.458660751581192,0.4268910586833954,0.3176969587802887,0.00016763251810438678
939,0.49860328435897827,0.46370211243629456,0.3490116000175476,0.00016754982886729318
940,0.4752006530761719,0.4422135353088379,0.3298710286617279,0.00016746705459320745
941,0.4702698588371277,0.43735215067863464,0.32917723059654236,0.0001673841953863323
942,0.4681243300437927,0.43575888872146606,0.32365432381629944,0.00016730125135097735
943,0.4753091335296631,0.4423099458217621,0.32999172806739807,0.00016721822259155902
944,0.448947936296463,0.41689378023147583,0.3205415606498718,0.0001671351092126004
945,0.4761962890625,0.44313111901283264,0.33065173029899597,0.00016705191131873107
946,0.4950390160083771,0.45983701944351196,0.3520198464393616,0.0001669686290146871
947,0.5033650398254395,0.4685235917568207,0.3484146296977997,0.00016688526240531064
948,0.48816776275634766,0.45442935824394226,0.3373841941356659,0.00016680181159555013
949,0.4966256618499756,0.4622958302497864,0.3432983160018921,0.00016671827669045998
950,0.47741496562957764,0.44447392225265503,0.3294103443622589,0.0001666346577952004
951,0.5065591335296631,0.4713376462459564,0.35221484303474426,0.00016655095501503738
952,0.484904021024704,0.4508376717567444,0.3406635820865631,0.0001664671684553426
953,0.49656713008880615,0.4621189534664154,0.3444817364215851,0.00016638329822159296
954,0.4718639552593231,0.4392677843570709,0.3259616196155548,0.00016629934441937097
955,0.4532967209815979,0.4221680760383606,0.3112863600254059,0.00016621530715436414
956,0.49209973216056824,0.4577595591545105,0.34340161085128784,0.00016613118653236518
957,0.49554455280303955,0.4612329602241516,0.34311607480049133,0.00016604698265927173
958,0.5091617703437805,0.47348809242248535,0.35673701763153076,0.0001659626956410861
959,0.48549744486808777,0.4518985450267792,0.33598893880844116,0.0001658783255839154
960,0.48708581924438477,0.4536442160606384,0.33441615104675293,0.00016579387259397127
961,0.44916653633117676,0.4173620939254761,0.318044513463974,0.00016570933677756967
962,0.5031059384346008,0.46815550327301025,0.3495045304298401,0.00016562471824113092
963,0.46440982818603516,0.432843416929245,0.31566402316093445,0.0001655400170911794
964,0.5175034999847412,0.48171353340148926,0.3578994572162628,0.00016545523343434356
965,0.48265084624290466,0.44967517256736755,0.3297567367553711,0.00016537036737735564
966,0.47230643033981323,0.44005951285362244,0.32246923446655273,0.00016528541902705162
967,0.48760804533958435,0.45382794737815857,0.33780086040496826,0.00016520038849037117
968,0.4570295810699463,0.4257618486881256,0.31267717480659485,0.00016511527587435737
969,0.49628204107284546,0.46061205863952637,0.3566998541355133,0.00016503008128615655
970,0.46259939670562744,0.43112942576408386,0.31469979882240295,0.00016494480483301836
971,0.45432785153388977,0.4228159785270691,0.31511884927749634,0.00016485944662229546
972,0.5080360770225525,0.47323817014694214,0.34797903895378113,0.00016477400676144334
973,0.5049741864204407,0.47061383724212646,0.34360337257385254,0.00016468848535802045
974,0.4894414246082306,0.4551451802253723,0.34296244382858276,0.00016460288251968775
975,0.4437198042869568,0.4128275215625763,0.30892279744148254,0.00016451719835420877
976,0.4445529282093048,0.4133610725402832,0.3119184374809265,0.00016443143296944945
977,0.483737051486969,0.44890516996383667,0.3483186960220337,0.0001643455864733779
978,0.5030714273452759,0.46810072660446167,0.34970688819885254,0.0001642596589740644
979,0.48471489548683167,0.45110440254211426,0.3361048996448517,0.00016417365057968123
980,0.5010973811149597,0.4660361409187317,0.3506123423576355,0.0001640875613985024
981,0.45597320795059204,0.4246201813220978,0.3135303854942322,0.00016400139153890375
982,0.5116366744041443,0.47610658407211304,0.35530102252960205,0.00016391514110936255
983,0.47449395060539246,0.4415605068206787,0.3293343484401703,0.00016382881021845762
984,0.4752868115901947,0.44216153025627136,0.3312528431415558,0.000163742398974869
985,0.4902842342853546,0.4563315808773041,0.33952659368515015,0.00016365590748737788
986,0.49161750078201294,0.45755359530448914,0.3406389057636261,0.00016356933586486648
987,0.4932026267051697,0.45867347717285156,0.34529146552085876,0.00016348268421631797
988,0.47986525297164917,0.4469468593597412,0.32918381690979004,0.0001633959526508162
989,0.45852673053741455,0.4269271492958069,0.31599584221839905,0.00016330914127754553
990,0.5178853273391724,0.4823433458805084,0.3554196357727051,0.00016322225020579099
991,0.5084846615791321,0.4732840359210968,0.35200610756874084,0.00016313527954493778
992,0.442107617855072,0.4113970994949341,0.30710503458976746,0.00016304822940447139
993,0.5035597681999207,0.46842560172080994,0.3513414263725281,0.0001629610998939773
994,0.5011051893234253,0.4665374457836151,0.34567728638648987,0.00016287389112314092
995,0.5006160736083984,0.46601513028144836,0.3460095226764679,0.00016278660320174747
996,0.48444664478302,0.44994431734085083,0.34502333402633667,0.0001626992362396818
997,0.4716314971446991,0.4386921525001526,0.32939353585243225,0.00016261179034692826
998,0.48221340775489807,0.44852426648139954,0.33689141273498535,0.00016252426563357052
999,0.4831130802631378,0.44990190863609314,0.33211183547973633,0.00016243666220979157
1000,0.4737775921821594,0.4403873383998871,0.3339024782180786,0.00016234898018587337
1001,0.4895063638687134,0.4547760486602783,0.3473030626773834,0.0001622612196721969
1002,0.49503153562545776,0.46046075224876404,0.34570780396461487,0.000162173380779242
1003,0.4873502254486084,0.4538111090660095,0.33539101481437683,0.00016208546361758707
1004,0.4715806543827057,0.4391414225101471,0.3243923783302307,0.00016199746829790906
1005,0.4954754114151001,0.46103909611701965,0.3443630039691925,0.00016190939493098344
1006,0.4944472908973694,0.4602261781692505,0.342210978269577,0.00016182124362768368
1007,0.45488303899765015,0.4237724840641022,0.31110548973083496,0.00016173301449898166
1008,0.49681320786476135,0.46301060914993286,0.33802610635757446,0.00016164470765594698
1009,0.4994567036628723,0.4644315540790558,0.3502514958381653,0.00016155632320974728
1010,0.48990321159362793,0.45631781220436096,0.33585408329963684,0.00016146786127164771
1011,0.46718141436576843,0.4351506233215332,0.32030799984931946,0.00016137932195301114
1012,0.4799317419528961,0.44678664207458496,0.33145108819007874,0.00016129070536529766
1013,0.5125768184661865,0.47745460271835327,0.3512222468852997,0.00016120201162006482
1014,0.4877661466598511,0.4540560245513916,0.33710116147994995,0.0001611132408289672
1015,0.4809858202934265,0.44669070839881897,0.3429509997367859,0.00016102439310375637
1016,0.45381858944892883,0.4220319986343384,0.31786584854125977,0.00016093546855628084
1017,0.5118424892425537,0.47615987062454224,0.3568260371685028,0.00016084646729848568
1018,0.484038382768631,0.45032697916030884,0.3371140956878662,0.00016075738944241268
1019,0.5138251185417175,0.4783078134059906,0.3551730513572693,0.00016066823510019998
1020,0.4849740266799927,0.4513087868690491,0.3366524875164032,0.000160579004384082
1021,0.47920259833335876,0.44617581367492676,0.3302678167819977,0.00016048969740638933
1022,0.46545010805130005,0.4336230456829071,0.3182707726955414,0.00016040031427954853
1023,0.4971291422843933,0.4628838896751404,0.3424524962902069,0.00016031085511608213
1024,0.4893989562988281,0.45578035712242126,0.33618611097335815,0.00016022132002860824
1025,0.49296361207962036,0.458782821893692,0.3418078124523163,0.00016013170912984058
1026,0.49578240513801575,0.46189239621162415,0.33889999985694885,0.00016004202253258842
1027,0.5310432314872742,0.49404895305633545,0.3699430227279663,0.00015995226034975617
1028,0.4516078233718872,0.4210689067840576,0.30538901686668396,0.00015986242269434354
1029,0.4962696433067322,0.46151861548423767,0.34751033782958984,0.00015977250967944508
1030,0.49856460094451904,0.4635442793369293,0.3502033054828644,0.00015968252141825037
1031,0.47658678889274597,0.4436527490615845,0.32934048771858215,0.00015959245802404365
1032,0.479209840297699,0.44657039642333984,0.32639434933662415,0.00015950231961020373
1033,0.462357759475708,0.4303625226020813,0.3199523091316223,0.00015941210629020388
1034,0.49578970670700073,0.46173474192619324,0.3405495285987854,0.00015932181817761163
1035,0.47161757946014404,0.43871793150901794,0.32899633049964905,0.00015923145538608875
1036,0.5070682168006897,0.4722042381763458,0.3486396074295044,0.0001591410180293909
1037,0.4658859968185425,0.4330863654613495,0.32799622416496277,0.00015905050622136777
1038,0.46812522411346436,0.4358574151992798,0.3226780295372009,0.0001589599200759626
1039,0.496243417263031,0.46199703216552734,0.3424638509750366,0.00015886925970721235
1040,0.4769359230995178,0.4439471364021301,0.3298877775669098,0.00015877852522924732
1041,0.458614319562912,0.42734137177467346,0.3127294182777405,0.00015868771675629114
1042,0.47052061557769775,0.43768760561943054,0.3283301591873169,0.00015859683440266068
1043,0.4705018699169159,0.43777480721473694,0.3272705674171448,0.00015850587828276564
1044,0.475479394197464,0.4424925744533539,0.3298681080341339,0.0001584148485111087
1045,0.4955594539642334,0.461383581161499,0.3417588770389557,0.00015832374520228525
1046,0.47552403807640076,0.44245514273643494,0.330689013004303,0.00015823256847098324
1047,0.5015854835510254,0.46674761176109314,0.3483785092830658,0.00015814131843198308
1048,0.46552714705467224,0.43320950865745544,0.3231762647628784,0.00015804999520015734
1049,0.485606849193573,0.4515504837036133,0.3405638039112091,0.00015795859889047091
1050,0.4749473035335541,0.44232669472694397,0.32620617747306824,0.0001578671296179806
1051,0.49625909328460693,0.4617065191268921,0.34552574157714844,0.000157775587497835
1052,0.4836098849773407,0.45046862959861755,0.33141252398490906,0.00015768397264527448
1053,0.5029639601707458,0.46831396222114563,0.3464997410774231,0.00015759228517563099
1054,0.4708484709262848,0.4381813108921051,0.3266715407371521,0.00015750052520432787
1055,0.487636923789978,0.45390138030052185,0.33735552430152893,0.0001574086928468797
1056,0.47548332810401917,0.4420856237411499,0.3339769244194031,0.00015731678821889224
1057,0.47808730602264404,0.44469937682151794,0.33387917280197144,0.0001572248114360622
1058,0.5220035314559937,0.486072838306427,0.3593066930770874,0.00015713276261417706
1059,0.45283061265945435,0.421590119600296,0.31240493059158325,0.00015704064186911518
1060,0.5360600352287292,0.4991413652896881,0.36918675899505615,0.0001569484493168452
1061,0.49071478843688965,0.4565817713737488,0.3413301110267639,0.0001568561850734264
1062,0.4749293923377991,0.44185078144073486,0.33078616857528687,0.00015676384925500814
1063,0.43436598777770996,0.40426287055015564,0.3010311722755432,0.00015667144197783
1064,0.45601916313171387,0.42427748441696167,0.31741687655448914,0.00015657896335822147
1065,0.49601662158966064,0.4616541862487793,0.3436242938041687,0.00015648641351260177
1066,0.47791150212287903,0.44445985555648804,0.33451658487319946,0.00015639379255747994
1067,0.4784676432609558,0.4457082748413086,0.3275935649871826,0.0001563011006094544
1068,0.4997665584087372,0.4655332565307617,0.342333048582077,0.00015620833778521307
1069,0.5039938688278198,0.46937721967697144,0.3461664021015167,0.00015611550420153297
1070,0.4900972247123718,0.45603543519973755,0.3406180143356323,0.00015602259997528028
1071,0.47971177101135254,0.44638246297836304,0.3332931101322174,0.0001559296252234101
1072,0.4926777482032776,0.45845597982406616,0.34221768379211426,0.00015583658006296624
1073,0.4805971682071686,0.4476160705089569,0.3298110365867615,0.0001557434646110813
1074,0.4756814241409302,0.4425181746482849,0.3316323459148407,0.00015565027898497617
1075,0.4841722548007965,0.45054545998573303,0.33626800775527954,0.00015555702330196023
1076,0.4907400608062744,0.4564889371395111,0.3425110876560211,0.00015546369767943102
1077,0.48169010877609253,0.44789597392082214,0.337941437959671,0.0001553703022348741
1078,0.5005131959915161,0.46573948860168457,0.3477369546890259,0.0001552768370858629
1079,0.4667486846446991,0.4342116415500641,0.3253704011440277,0.00015518330235005868
1080,0.48621946573257446,0.45264601707458496,0.33573445677757263,0.00015508969814521025
1081,0.5134916305541992,0.47772452235221863,0.35767120122909546,0.0001549960245891539
1082,0.4904900789260864,0.4561663866043091,0.34323692321777344,0.0001549022817998132
1083,0.46187472343444824,0.4305979311466217,0.3127678632736206,0.00015480846989519885
1084,0.4587443470954895,0.42714983224868774,0.3159451484680176,0.0001547145889934086
1085,0.4951540231704712,0.46112513542175293,0.3402888774871826,0.0001546206392126271
1086,0.49388551712036133,0.46007221937179565,0.3381328284740448,0.0001545266206711256
1087,0.4604451358318329,0.42841529846191406,0.32029828429222107,0.00015443253348726202
1088,0.47354739904403687,0.44052577018737793,0.3302164077758789,0.0001543383777794806
1089,0.4946017861366272,0.45990949869155884,0.34692278504371643,0.00015424415366631188
1090,0.5074260234832764,0.4721764326095581,0.3524956703186035,0.00015414986126637258
1091,0.5044111013412476,0.46938690543174744,0.3502417206764221,0.00015405550069836528
1092,0.49550119042396545,0.46101340651512146,0.3448779582977295,0.00015396107208107845
1093,0.4605797529220581,0.42905575037002563,0.3152399957180023,0.0001538665755333862
1094,0.48555809259414673,0.4519781768321991,0.3357992470264435,0.00015377201117424812
1095,0.4555567502975464,0.42422980070114136,0.31326961517333984,0.0001536773791227092
1096,0.43897557258605957,0.4093274474143982,0.29648134112358093,0.00015358267949789966
1097,0.48197486996650696,0.44818103313446045,0.33793824911117554,0.0001534879124190348
1098,0.46045243740081787,0.4288944602012634,0.31557974219322205,0.00015339307800541475
1099,0.46689456701278687,0.434618204832077,0.3227636218070984,0.00015329817637642454
1100,0.47832971811294556,0.4457486867904663,0.3258104622364044,0.00015320320765153367
1101,0.49324434995651245,0.45908036828041077,0.34163978695869446,0.0001531081719502962
1102,0.5085355043411255,0.47320160269737244,0.3533388674259186,0.00015301306939235053
1103,0.4810064733028412,0.4479435384273529,0.3306294083595276,0.00015291790009741907
1104,0.46589067578315735,0.43386757373809814,0.32023105025291443,0.00015282266418530847
1105,0.47477400302886963,0.44187280535697937,0.32901203632354736,0.000152727361775909
1106,0.4935451149940491,0.4598748981952667,0.33670204877853394,0.00015263199298919488
1107,0.44690924882888794,0.41600534319877625,0.30903902649879456,0.00015253655794522368
1108,0.5293133854866028,0.49271976947784424,0.36593639850616455,0.0001524410567641366
1109,0.48258712887763977,0.44881579279899597,0.33771347999572754,0.00015234548956615784
1110,0.5376317501068115,0.5002375245094299,0.3739420771598816,0.0001522498564715949
1111,0.4796304702758789,0.44661638140678406,0.3301407992839813,0.0001521541576008382
1112,0.4840218722820282,0.4505893290042877,0.33432552218437195,0.00015205839307436088
1113,0.4335985481739044,0.4036754369735718,0.29923099279403687,0.00015196256301271884
1114,0.4723467528820038,0.4401964843273163,0.32150259613990784,0.0001518666675365504
1115,0.47313162684440613,0.4406059980392456,0.3252563178539276,0.00015177070676657633
1116,0.4671286940574646,0.4351396858692169,0.3198900520801544,0.00015167468082359945
1117,0.4896414875984192,0.45565709471702576,0.3398440480232239,0.00015157858982850475
1118,0.4975227117538452,0.4630484879016876,0.34474217891693115,0.00015148243390225908
1119,0.48830848932266235,0.4541417956352234,0.34166696667671204,0.00015138621316591094
1120,0.45883047580718994,0.42608559131622314,0.3274488151073456,0.00015128992774059063
1121,0.47266966104507446,0.43958780169487,0.3308187425136566,0.00015119357774750965
1122,0.5342851281166077,0.49762842059135437,0.36656680703163147,0.0001510971633079609
1123,0.4721236526966095,0.4392012059688568,0.32922452688217163,0.00015100068454331836
1124,0.4823591411113739,0.4486072361469269,0.33751893043518066,0.00015090414157503714
1125,0.502499520778656,0.46733322739601135,0.3516629636287689,0.00015080753452465296
1126,0.4858849346637726,0.45260778069496155,0.3327715992927551,0.00015071086351378231
1127,0.49142032861709595,0.4571993350982666,0.34220996499061584,0.00015061412866412225
1128,0.45485395193099976,0.4228832721710205,0.31970667839050293,0.00015051733009745013
1129,0.45891064405441284,0.42692840099334717,0.3198225200176239,0.00015042046793562348
1130,0.48271653056144714,0.44901204109191895,0.33704492449760437,0.00015032354230058004
1131,0.49743497371673584,0.46208035945892334,0.3535462021827698,0.00015022655331433727
1132,0.5102400779724121,0.47522982954978943,0.3501022458076477,0.0001501295010989925
1133,0.4856959879398346,0.45265933871269226,0.3303663730621338,0.00015003238577672266
1134,0.4578489363193512,0.4264601469039917,0.31388798356056213,0.00014993520746978405
1135,0.47088509798049927,0.4381134808063507,0.327716201543808,0.0001498379663005123
1136,0.47469937801361084,0.442070871591568,0.3262849450111389,0.0001497406623913222
1137,0.47366276383399963,0.44083139300346375,0.32831358909606934,0.00014964329586470752
1138,0.49222269654273987,0.45817098021507263,0.3405172824859619,0.00014954586684324078
1139,0.5032275915145874,0.4684940278530121,0.34733542799949646,0.00014944837544957323
1140,0.4881041646003723,0.454555481672287,0.33548668026924133,0.0001493508218064347
1141,0.5182693004608154,0.4825724959373474,0.3569680154323578,0.00014925320603663327
1142,0.4883531332015991,0.4538491368293762,0.34503990411758423,0.00014915552826305533
1143,0.4657955467700958,0.43318966031074524,0.326058954000473,0.0001490577886086652
1144,0.46454405784606934,0.43266382813453674,0.3188023567199707,0.00014895998719650526
1145,0.4671439826488495,0.43468499183654785,0.3245900273323059,0.00014886212414969553
1146,0.47365570068359375,0.441158652305603,0.3249703645706177,0.0001487641995914336
1147,0.48299068212509155,0.44913479685783386,0.33855873346328735,0.0001486662136449946
1148,0.4473474323749542,0.416005402803421,0.3134203851222992,0.00014856816643373083
1149,0.4719930589199066,0.4396299421787262,0.3236311674118042,0.00014847005808107185
1150,0.4559324085712433,0.4244284927845001,0.3150390386581421,0.000148371888710524
1151,0.47074204683303833,0.4385400116443634,0.32202044129371643,0.0001482736584456706
1152,0.497800350189209,0.4635949432849884,0.34205397963523865,0.00014817536741017152
1153,0.48422929644584656,0.4507485330104828,0.3348076343536377,0.00014807701572776323
1154,0.4504936933517456,0.41955557465553284,0.30938124656677246,0.00014797860352225853
1155,0.5315741300582886,0.4945891201496124,0.3698502480983734,0.00014788013091754628
1156,0.47900259494781494,0.4460691511631012,0.32933446764945984,0.00014778159803759158
1157,0.47153475880622864,0.4390399754047394,0.3249478042125702,0.00014768300500643517
1158,0.47509676218032837,0.4423142373561859,0.3278251588344574,0.00014758435194819376
1159,0.5212552547454834,0.4852350056171417,0.3602024018764496,0.00014748563898705946
1160,0.4482962191104889,0.4174222946166992,0.3087393343448639,0.00014738686624729986
1161,0.48760563135147095,0.4532717168331146,0.3433391749858856,0.00014728803385325782
1162,0.4699293375015259,0.43713322281837463,0.3279610276222229,0.0001471891419293512
1163,0.4461350739002228,0.4155714809894562,0.3056360185146332,0.00014709019060007286
1164,0.49278512597084045,0.4587007462978363,0.34084373712539673,0.00014699117998999054
1165,0.49553191661834717,0.46186044812202454,0.3367146849632263,0.00014689211022374645
1166,0.48326218128204346,0.4495709240436554,0.3369126617908478,0.00014679298142605734
1167,0.4772225022315979,0.4446966350078583,0.32525867223739624,0.0001466937937217143
1168,0.46576717495918274,0.4332948923110962,0.32472288608551025,0.00014659454723558248
1169,0.46102067828178406,0.42901766300201416,0.320030152797699,0.00014649524209260116
1170,0.4442594349384308,0.4138064682483673,0.30452972650527954,0.00014639587841778343
1171,0.4849173426628113,0.4510292112827301,0.33888140320777893,0.0001462964563362159
1172,0.48322317004203796,0.44962912797927856,0.33594051003456116,0.00014619697597305898
1173,0.4598138630390167,0.4278838038444519,0.3193006217479706,0.00014609743745354624
1174,0.4601803421974182,0.4286400079727173,0.3154033422470093,0.0001459978409029845
1175,0.4834763705730438,0.4504881501197815,0.3298821747303009,0.00014589818644675378
1176,0.46807971596717834,0.4359680414199829,0.32111677527427673,0.00014579847421030678
1177,0.4695509374141693,0.4368544816970825,0.3269646465778351,0.00014569870431916903
1178,0.4940146505832672,0.4596443772315979,0.34370261430740356,0.0001455988768989387
1179,0.4868677258491516,0.4533764719963074,0.33491238951683044,0.00014549899207528632
1180,0.500582218170166,0.4660341143608093,0.34548094868659973,0.00014539904997395468
1181,0.4957265853881836,0.4616389274597168,0.34087666869163513,0.00014529905072075872
1182,0.48101064562797546,0.447902649641037,0.3310799300670624,0.00014519899444158526
1183,0.4927665889263153,0.4586491882801056,0.3411738872528076,0.00014509888126239297
1184,0.47133997082710266,0.4387521743774414,0.3258780241012573,0.00014499871130921213
1185,0.4747384190559387,0.44204843044281006,0.32689979672431946,0.00014489848470814447
1186,0.4721565246582031,0.4395110011100769,0.32645514607429504,0.00014479820158536306
1187,0.4888024926185608,0.455209881067276,0.33592596650123596,0.00014469786206711214
1188,0.4542468786239624,0.4230461120605469,0.31200751662254333,0.00014459746627970685
1189,0.4772316813468933,0.44440215826034546,0.3282950818538666,0.0001444970143495333
1190,0.4734691381454468,0.44054746627807617,0.32921671867370605,0.00014439650640304822
1191,0.5016295909881592,0.4669651687145233,0.3466440737247467,0.00014429594256677882
1192,0.4748397171497345,0.441867858171463,0.3297184705734253,0.0001441953229673227
1193,0.4621676206588745,0.4304126501083374,0.3175496459007263,0.00014409464773134764
1194,0.44629716873168945,0.4152793884277344,0.3101777732372284,0.00014399391698559152
1195,0.4871263802051544,0.45340394973754883,0.33722424507141113,0.00014389313085686205
1196,0.48520776629447937,0.4516611397266388,0.33546632528305054,0.00014379228947203665
1197,0.48586639761924744,0.4523642361164093,0.3350215256214142,0.0001436913929580623
1198,0.49533337354660034,0.4609675109386444,0.34365853667259216,0.00014359044144195547
1199,0.4610276222229004,0.4292672872543335,0.3176034986972809,0.00014348943505080173
1200,0.48805201053619385,0.4543818235397339,0.33670201897621155,0.00014338837391175582
1201,0.49545663595199585,0.4615827798843384,0.3387385308742523,0.00014328725815204144
1202,0.4619540274143219,0.43028703331947327,0.31666994094848633,0.00014318608789895088
1203,0.4785611629486084,0.44529637694358826,0.33264777064323425,0.00014308486327984523
1204,0.4875189960002899,0.45354723930358887,0.3397175967693329,0.00014298358442215388
1205,0.4904165267944336,0.4571462869644165,0.3327024281024933,0.00014288225145337466
1206,0.5260772109031677,0.4895956814289093,0.3648150563240051,0.0001427808645010733
1207,0.4814692437648773,0.4484417140483856,0.33027517795562744,0.00014267942369288364
1208,0.4835241436958313,0.45034611225128174,0.33178040385246277,0.00014257792915650728
1209,0.45824766159057617,0.4268953502178192,0.31352323293685913,0.00014247638101971344
1210,0.4570423364639282,0.42571136355400085,0.31330975890159607,0.00014237477941033888
1211,0.47751668095588684,0.44413450360298157,0.3338218033313751,0.00014227312445628759
1212,0.4711739122867584,0.4386843144893646,0.32489606738090515,0.00014217141628553078
1213,0.44916877150535583,0.4183137118816376,0.30855047702789307,0.00014206965502610655
1214,0.4931430220603943,0.45934730768203735,0.33795708417892456,0.00014196784080612002
1215,0.49850019812583923,0.4642783999443054,0.34221789240837097,0.0001418659737537428
1216,0.47126343846321106,0.43875283002853394,0.32510608434677124,0.00014176405399721312
1217,0.48484134674072266,0.45158496499061584,0.33256375789642334,0.00014166208166483548
1218,0.4723128378391266,0.4393511116504669,0.3296172022819519,0.00014156005688498063
1219,0.4822790324687958,0.449432373046875,0.3284665048122406,0.00014145797978608527
1220,0.49660801887512207,0.4618713855743408,0.3473662734031677,0.00014135585049665207
1221,0.4551321268081665,0.4236561357975006,0.3147599399089813,0.00014125366914524934
1222,0.49816399812698364,0.4631808400154114,0.3498316705226898,0.00014115143586051088
1223,0.48336759209632874,0.45045703649520874,0.32910555601119995,0.000141049150771136
1224,0.4577254354953766,0.4257469177246094,0.31978508830070496,0.00014094681400588906
1225,0.4995232820510864,0.46505385637283325,0.34469425678253174,0.00014084442569359964
1226,0.47383782267570496,0.4411695599555969,0.32668259739875793,0.00014074198596316205
1227,0.4881175458431244,0.454806923866272,0.3331061899662018,0.0001406394949435355
1228,0.48435425758361816,0.4511091113090515,0.33245158195495605,0.0001405369527637436
1229,0.48544928431510925,0.45163223147392273,0.3381706178188324,0.00014043435955287452
1230,0.49073585867881775,0.4559926688671112,0.34743183851242065,0.00014033171544008052
1231,0.4888194501399994,0.45479848980903625,0.3402095437049866,0.00014022902055457802
1232,0.47983941435813904,0.4463668465614319,0.33472567796707153,0.00014012627502564743
1233,0.5014591217041016,0.46647611260414124,0.34982994198799133,0.00014002347898263274
1234,0.4760664999485016,0.4425676763057709,0.3349883556365967,0.0001399206325549417
1235,0.49707648158073425,0.46304625272750854,0.34030237793922424,0.00013981773587204535
1236,0.4569326639175415,0.4250149428844452,0.31917712092399597,0.00013971478906347806
1237,0.4980405867099762,0.46295836567878723,0.35082224011421204,0.00013961179225883735
1238,0.46472081542015076,0.4326147735118866,0.3210604190826416,0.00013950874558778362
1239,0.4633049964904785,0.4316747486591339,0.3163023293018341,0.00013940564918004004
1240,0.49024540185928345,0.45653006434440613,0.3371534049510956,0.00013930250316539238
1241,0.4656803011894226,0.433787077665329,0.3189321756362915,0.00013919930767368891
1242,0.47191163897514343,0.4393995702266693,0.3251206576824188,0.00013909606283484018
1243,0.48357266187667847,0.4495719373226166,0.34000739455223083,0.00013899276877881884
1244,0.491120308637619,0.45720580220222473,0.33914506435394287,0.0001388894256356595
1245,0.4725363552570343,0.4396853446960449,0.32851022481918335,0.00013878603353545854
1246,0.4843234717845917,0.45126256346702576,0.3306090533733368,0.00013868259260837402
1247,0.49383655190467834,0.4596090614795685,0.3422749936580658,0.00013857910298462544
1248,0.48182618618011475,0.4478166699409485,0.340095192193985,0.0001384755647944936
1249,0.4771783947944641,0.4443054795265198,0.32872915267944336,0.0001383719781683205
1250,0.47634074091911316,0.44303810596466064,0.33302628993988037,0.000138268343236509
1251,0.4819074869155884,0.4486241340637207,0.33283352851867676,0.00013816466012952285
1252,0.4645344018936157,0.43246033787727356,0.320740669965744,0.00013806092897788644
1253,0.47927019000053406,0.44663873314857483,0.3263144791126251,0.00013795714991218463
1254,0.5006545782089233,0.4663139581680298,0.3434062898159027,0.00013785332306306259
1255,0.4573911726474762,0.42592012882232666,0.3147105276584625,0.00013774944856122568
1256,0.474318265914917,0.44219228625297546,0.32125982642173767,0.0001376455265374392
1257,0.4538819193840027,0.42270684242248535,0.3117508888244629,0.00013754155712252832
1258,0.49860718846321106,0.46418145298957825,0.3442574739456177,0.00013743754044737781
1259,0.44855746626853943,0.41739165782928467,0.3116580545902252,0.000137333476642932
1260,0.46941301226615906,0.4370356500148773,0.32377371191978455,0.00013722936584019453
1261,0.45210012793540955,0.4204612374305725,0.3163888454437256,0.00013712520817022817
1262,0.4691689908504486,0.43672654032707214,0.32442447543144226,0.00013702100376415473
1263,0.4774218797683716,0.4444868862628937,0.32934999465942383,0.00013691675275315484
1264,0.449684202671051,0.4185568690299988,0.3112732768058777,0.00013681245526846783
1265,0.43150055408477783,0.40185126662254333,0.29649296402931213,0.00013670811144139144
1266,0.47073397040367126,0.4385918974876404,0.3214206099510193,0.00013660372140328187
1267,0.47329267859458923,0.4407077729701996,0.32584917545318604,0.00013649928528555342
1268,0.45017144083976746,0.4187461733818054,0.3142525851726532,0.00013639480321967845
1269,0.47680187225341797,0.4442218542098999,0.3258000612258911,0.0001362902753371871
1270,0.4533127546310425,0.42202669382095337,0.31286075711250305,0.00013618570176966724
1271,0.48592865467071533,0.45239654183387756,0.33532100915908813,0.0001360810826487642
1272,0.46930721402168274,0.43668046593666077,0.3262676000595093,0.00013597641810618073
1273,0.47314876317977905,0.4406585991382599,0.3249015808105469,0.00013587170827367663
1274,0.5139408111572266,0.47865915298461914,0.35281655192375183,0.00013576695328306894
1275,0.4580579996109009,0.4270274341106415,0.31030571460723877,0.0001356621532662313
1276,0.4790014922618866,0.4455108344554901,0.334906667470932,0.0001355573083550942
1277,0.46404165029525757,0.43207457661628723,0.31967073678970337,0.00013545241868164457
1278,0.5076148509979248,0.4726223945617676,0.34992486238479614,0.00013534748437792573
1279,0.4750719368457794,0.44251158833503723,0.3256034553050995,0.00013524250557603713
1280,0.4412553310394287,0.4111923277378082,0.3006300628185272,0.0001351374824081343
1281,0.4618307948112488,0.43003612756729126,0.3179466426372528,0.00013503241500642855
1282,0.49955546855926514,0.4655943512916565,0.3396112620830536,0.00013492730350318696
1283,0.4750622510910034,0.4419165849685669,0.3314565122127533,0.00013482214803073209
1284,0.4906845688819885,0.45668068528175354,0.34003889560699463,0.00013471694872144188
1285,0.4568951725959778,0.42585426568984985,0.31040894985198975,0.0001346117057077493
1286,0.4611820876598358,0.4296969473361969,0.31485143303871155,0.00013450641912214262
1287,0.4589475691318512,0.4269081950187683,0.3203936517238617,0.00013440108909716468
1288,0.49418842792510986,0.4602591395378113,0.339292973279953,0.00013429571576541315
1289,0.4650292992591858,0.43261387944221497,0.324154257774353,0.00013419029925954029
1290,0.4729885756969452,0.4403265416622162,0.32662028074264526,0.0001340848397122525
1291,0.46363040804862976,0.43191230297088623,0.31718116998672485,0.00013397933725631055
1292,0.4843563139438629,0.4508419632911682,0.33514341711997986,0.00013387379202452917
1293,0.5070488452911377,0.4724743068218231,0.345745325088501,0.00013376820414977685
1294,0.4850313663482666,0.45191091299057007,0.33120444416999817,0.0001336625737649759
1295,0.4794779121875763,0.446459025144577,0.3301888406276703,0.00013355690100310213
1296,0.48040297627449036,0.44686922430992126,0.33533748984336853,0.00013345118599718457
1297,0.47738876938819885,0.4445163607597351,0.32872408628463745,0.00013334542888030553
1298,0.4654320180416107,0.4333099126815796,0.32122111320495605,0.00013323962978560033
1299,0.48399618268013,0.4508461058139801,0.3315007984638214,0.0001331337888462571
1300,0.5128702521324158,0.47710898518562317,0.3576125502586365,0.00013302790619551674
1301,0.4782646596431732,0.44551607966423035,0.32748574018478394,0.00013292198196667248
1302,0.4551466703414917,0.42339029908180237,0.3175638020038605,0.00013281601629307007
1303,0.5047714114189148,0.46958640217781067,0.35184985399246216,0.00013271000930810737
1304,0.5116561055183411,0.47663170099258423,0.3502441942691803,0.0001326039611452342
1305,0.46875298023223877,0.43639910221099854,0.32353881001472473,0.00013249787193795226
1306,0.4758358299732208,0.4428343176841736,0.33001509308815,0.00013239174181981495
1307,0.5196540951728821,0.48372283577919006,0.3593128025531769,0.00013228557092442712
1308,0.4721801280975342,0.43960464000701904,0.32575488090515137,0.00013217935938544497
1309,0.46991047263145447,0.4377880096435547,0.3212246894836426,0.00013207310733657585
1310,0.44550973176956177,0.4148780107498169,0.3063172698020935,0.00013196681491157818
1311,0.46555662155151367,0.43341064453125,0.32145991921424866,0.00013186048224426107
1312,0.5032870173454285,0.46830183267593384,0.3498520851135254,0.00013175410946848445
1313,0.47000887989997864,0.43734169006347656,0.3266717791557312,0.00013164769671815862
1314,0.46583181619644165,0.4339257478713989,0.3190605342388153,0.0001315412441272443
1315,0.49244555830955505,0.458084374666214,0.3436117470264435,0.00013143475182975222
1316,0.48854905366897583,0.4548209011554718,0.33728161454200745,0.00013132821995974326
1317,0.4949394166469574,0.46075722575187683,0.34182196855545044,0.00013122164865132807
1318,0.47382572293281555,0.44075945019721985,0.3306627571582794,0.00013111503803866684
1319,0.46971771121025085,0.43734854459762573,0.3236916959285736,0.0001310083882559694
1320,0.49224740266799927,0.4580537676811218,0.3419363796710968,0.00013090169943749476
1321,0.496982216835022,0.4627675414085388,0.342146635055542,0.00013079497171755112
1322,0.48263412714004517,0.4490635097026825,0.33570605516433716,0.00013068820523049572
1323,0.5086901783943176,0.4736637473106384,0.3502640426158905,0.00013058140011073448
1324,0.4981929063796997,0.46321791410446167,0.34975001215934753,0.00013047455649272207
1325,0.496910035610199,0.4625767171382904,0.3433331251144409,0.00013036767451096148
1326,0.46619731187820435,0.43419700860977173,0.3200030028820038,0.00013026075430000417
1327,0.5010619163513184,0.4663420617580414,0.3471983075141907,0.00013015379599444957
1328,0.4871875047683716,0.4532310962677002,0.3395642340183258,0.0001300467997289452
1329,0.4889305531978607,0.45499148964881897,0.33939075469970703,0.00012993976563818626
1330,0.5120114684104919,0.4769262373447418,0.35085219144821167,0.0001298326938569156
1331,0.4823016822338104,0.44921040534973145,0.3309127986431122,0.00012972558451992362
1332,0.526271641254425,0.4895356297492981,0.36736002564430237,0.00012961843776204777
1333,0.47593915462493896,0.4431680142879486,0.3277113437652588,0.00012951125371817281
1334,0.4778054356575012,0.44518154859542847,0.32623887062072754,0.0001294040325232304
1335,0.45985862612724304,0.4278523623943329,0.32006269693374634,0.0001292967743121989
1336,0.500655472278595,0.46571558713912964,0.3493990898132324,0.00012918947922010336
1337,0.4890139102935791,0.45510005950927734,0.33913856744766235,0.00012908214738201513
1338,0.4955366849899292,0.46165451407432556,0.3388217091560364,0.00012897477893305195
1339,0.4825183153152466,0.44898301362991333,0.3353530764579773,0.00012886737400837758
1340,0.45031651854515076,0.4193381667137146,0.3097834289073944,0.00012875993274320173
1341,0.4918018579483032,0.4577646553516388,0.3403720259666443,0.00012865245527277986
1342,0.5206571817398071,0.48457127809524536,0.3608592450618744,0.00012854494173241294
1343,0.47887033224105835,0.4454074800014496,0.33462855219841003,0.0001284373922574474
1344,0.4659193456172943,0.4334835410118103,0.32435816526412964,0.00012832980698327496
1345,0.4780479371547699,0.4453186094760895,0.3272932767868042,0.00012822218604533232
1346,0.4718054234981537,0.4390682578086853,0.3273715376853943,0.00012811452957910109
1347,0.4888005256652832,0.4547508656978607,0.3404967188835144,0.00012800683772010767
1348,0.43682849407196045,0.40685683488845825,0.29971662163734436,0.00012789911060392294
1349,0.5184261202812195,0.4828895032405853,0.35536617040634155,0.00012779134836616218
1350,0.48891904950141907,0.4552420377731323,0.3367701470851898,0.00012768355114248494
1351,0.4502454102039337,0.4190141558647156,0.31231245398521423,0.00012757571906859476
1352,0.4799434542655945,0.44686102867126465,0.33082422614097595,0.00012746785228023904
1353,0.457623690366745,0.42666521668434143,0.3095847964286804,0.00012735995091320892
1354,0.5071340799331665,0.4718092679977417,0.35324838757514954,0.00012725201510333905
1355,0.5000137686729431,0.46535393595695496,0.3465983271598816,0.00012714404498650743
1356,0.4761642515659332,0.4433010220527649,0.3286324143409729,0.0001270360406986353
1357,0.4953598082065582,0.4604042172431946,0.34955593943595886,0.00012692800237568686
1358,0.4798109531402588,0.44649675488471985,0.33314213156700134,0.00012681993015366917
1359,0.4920198321342468,0.45807433128356934,0.3394550681114197,0.000126711824168632
1360,0.4863365888595581,0.4531351625919342,0.33201417326927185,0.00012660368455666752
1361,0.4817543625831604,0.448409765958786,0.33344587683677673,0.00012649551145391035
1362,0.46805188059806824,0.43560707569122314,0.3244481682777405,0.0001263873049965373
1363,0.4903466999530792,0.45640337467193604,0.3394332230091095,0.000126279065320767
1364,0.4749787747859955,0.4423564672470093,0.3262230455875397,0.00012617079256286
1365,0.45945435762405396,0.42706385254859924,0.3239051103591919,0.00012606248685911853
1366,0.4383930563926697,0.4084886908531189,0.29904359579086304,0.00012595414834588626
1367,0.47046592831611633,0.4383891224861145,0.3207681179046631,0.00012584577715954814
1368,0.48235008120536804,0.4497106969356537,0.32639384269714355,0.00012573737343653024
1369,0.4730655550956726,0.44073015451431274,0.3233540952205658,0.00012562893731329967
1370,0.4873430132865906,0.45339593291282654,0.339470773935318,0.00012552046892636427
1371,0.4783773124217987,0.4454062879085541,0.32971030473709106,0.00012541196841227246
1372,0.5055956244468689,0.47084999084472656,0.347456157207489,0.00012530343590761318
1373,0.4627232849597931,0.430873304605484,0.318499892950058,0.00012519487154901562
1374,0.47661593556404114,0.4437445402145386,0.328713983297348,0.0001250862754731491
1375,0.49174168705940247,0.45774969458580017,0.33991992473602295,0.0001249776478167227
1376,0.45838701725006104,0.4264615476131439,0.31925472617149353,0.0001248689887164855
1377,0.47927621006965637,0.44620048999786377,0.3307572603225708,0.000124760298309226
1378,0.46416234970092773,0.4315849542617798,0.32577404379844666,0.00012465157673177216
1379,0.5003842711448669,0.46565112471580505,0.34733161330223083,0.0001245428241209912
1380,0.4848910868167877,0.4512348175048828,0.33656278252601624,0.0001244340406137894
1381,0.4898175597190857,0.4553201198577881,0.3449745178222656,0.00012432522634711192
1382,0.4586692750453949,0.42720991373062134,0.314593642950058,0.0001242163814579426
1383,0.45005860924720764,0.419498473405838,0.30560141801834106,0.00012410750608330388
1384,0.477972149848938,0.4449482560157776,0.3302389979362488,0.0001239986003602566
1385,0.48374587297439575,0.4501399099826813,0.33605968952178955,0.0001238896644258998
1386,0.4678112864494324,0.4354415535926819,0.3236974775791168,0.00012378069841737044
1387,0.462228000164032,0.4303000867366791,0.31927919387817383,0.00012367170247184355
1388,0.4914312958717346,0.45674094557762146,0.34690359234809875,0.0001235626767265316
1389,0.4689456522464752,0.4366145133972168,0.3233114182949066,0.0001234536213186848
1390,0.45845234394073486,0.42699211835861206,0.3146023154258728,0.00012334453638559057
1391,0.5066044330596924,0.471344530582428,0.3525993227958679,0.00012323542206457347
1392,0.4771367907524109,0.4440203905105591,0.3311641216278076,0.00012312627849299523
1393,0.5089635252952576,0.474221795797348,0.3474172055721283,0.00012301710580825423
1394,0.45746636390686035,0.42586076259613037,0.31605616211891174,0.0001229079041477855
1395,0.4328032433986664,0.4026328921318054,0.30170342326164246,0.00012279867364906071
1396,0.5130106806755066,0.4775815010070801,0.3542916774749756,0.00012268941444958765
1397,0.4965910315513611,0.4621241092681885,0.34466907382011414,0.0001225801266869104
1398,0.4961817264556885,0.46213260293006897,0.3404911160469055,0.00012247081049860883
1399,0.49291107058525085,0.4583866000175476,0.34524473547935486,0.00012236146602229874
1400,0.49082204699516296,0.4567994177341461,0.3402261734008789,0.00012225209339563145
1401,0.49716708064079285,0.4638599753379822,0.33307093381881714,0.0001221426927562938
1402,0.5062922239303589,0.47063499689102173,0.3565724790096283,0.00012203326424200778
1403,0.5018619298934937,0.46683087944984436,0.3503105044364929,0.00012192380799053058
1404,0.478596031665802,0.44552576541900635,0.33070266246795654,0.00012181432413965428
1405,0.4623810052871704,0.43009689450263977,0.32284101843833923,0.00012170481282720563
1406,0.5047770142555237,0.47002896666526794,0.34748050570487976,0.00012159527419104607
1407,0.4844870865345001,0.4507887661457062,0.3369830846786499,0.00012148570836907133
1408,0.4929552972316742,0.4593261182308197,0.3362918198108673,0.00012137611549921146
1409,0.5187667012214661,0.48312312364578247,0.35643601417541504,0.00012126649571943047
1410,0.47793257236480713,0.4445195198059082,0.3341304361820221,0.00012115684916772629
1411,0.48034635186195374,0.44691863656044006,0.3342772126197815,0.00012104717598213056
1412,0.4765594005584717,0.4440976679325104,0.3246173858642578,0.00012093747630070844
1413,0.4793664813041687,0.44628459215164185,0.330818772315979,0.00012082775026155846
1414,0.47814691066741943,0.4449450671672821,0.33201849460601807,0.00012071799800281231
1415,0.4945220351219177,0.4602799415588379,0.3424209952354431,0.00012060821966263465
1416,0.46168753504753113,0.42948105931282043,0.32206472754478455,0.00012049841537922307
1417,0.4817218482494354,0.44889330863952637,0.3282853960990906,0.00012038858529080768
1418,0.5066277384757996,0.4721137285232544,0.3451402485370636,0.00012027872953565125
1419,0.5033519864082336,0.4684748649597168,0.34877124428749084,0.00012016884825204875
1420,0.48977237939834595,0.4557386040687561,0.3403378129005432,0.00012005894157832729
1421,0.4933360517024994,0.45753538608551025,0.35800662636756897,0.00011994900965284599
1422,0.4847068190574646,0.4517795145511627,0.3292730152606964,0.00011983905261399566
1423,0.4863682985305786,0.4528856873512268,0.3348260223865509,0.00011972907060019887
1424,0.46727222204208374,0.4349312484264374,0.32340964674949646,0.00011961906374990952
1425,0.4977249205112457,0.46337100863456726,0.3435389995574951,0.00011950903220161285
1426,0.4742273688316345,0.4418148696422577,0.32412490248680115,0.00011939897609382511
1427,0.45482781529426575,0.4233977794647217,0.31430044770240784,0.0001192888955650935
1428,0.46749138832092285,0.4349026679992676,0.3258873522281647,0.000119178790753996
1429,0.46530547738075256,0.4328325390815735,0.3247293531894684,0.00011906866179914116
1430,0.4760792553424835,0.4436531960964203,0.3242607116699219,0.00011895850883916786
1431,0.4942857623100281,0.4601579010486603,0.34127873182296753,0.00011884833201274523
1432,0.4738614559173584,0.44169875979423523,0.32162684202194214,0.00011873813145857249
1433,0.505026638507843,0.47039204835891724,0.3463456332683563,0.00011862790731537865
1434,0.49083471298217773,0.4568774998188019,0.33957216143608093,0.00011851765972192244
1435,0.4746509790420532,0.4415830671787262,0.3306790590286255,0.00011840738881699219
1436,0.4983302354812622,0.46394458413124084,0.3438566029071808,0.00011829709473940547
1437,0.4877728223800659,0.45392775535583496,0.33845070004463196,0.00011818677762800909
1438,0.47017335891723633,0.43810391426086426,0.32069456577301025,0.00011807643762167884
1439,0.47978493571281433,0.44672414660453796,0.3306078314781189,0.00011796607485931928
1440,0.4727543592453003,0.44010740518569946,0.3264696002006531,0.00011785568947986367
1441,0.4785406291484833,0.4447858929634094,0.3375474214553833,0.00011774528162227376
1442,0.48500344157218933,0.45148923993110657,0.3351421356201172,0.00011763485142553959
1443,0.4712549149990082,0.43876513838768005,0.3248976469039917,0.00011752439902867925
1444,0.48676586151123047,0.45256307721138,0.3420277535915375,0.00011741392457073888
1445,0.48407959938049316,0.4504951238632202,0.3358447253704071,0.00011730342819079227
1446,0.4752996265888214,0.44263991713523865,0.3265969753265381,0.00011719291002794096
1447,0.5066603422164917,0.470974326133728,0.35686007142066956,0.00011708237022131381
1448,0.4732157588005066,0.4405284821987152,0.32687270641326904,0.00011697180891006689
1449,0.4836004376411438,0.4504391551017761,0.3316127359867096,0.00011686122623338349
1450,0.4960748255252838,0.4615947902202606,0.3448004126548767,0.00011675062233047364
1451,0.4535904824733734,0.4218418598175049,0.3174862563610077,0.0001166399973405742
1452,0.5120079517364502,0.47623786330223083,0.35770076513290405,0.00011652935140294852
1453,0.5026073455810547,0.4678853154182434,0.34722036123275757,0.0001164186846568863
1454,0.488492876291275,0.45451995730400085,0.3397291898727417,0.00011630799724170353
1455,0.4837554097175598,0.4503732919692993,0.3338210880756378,0.00011619728929674209
1456,0.4818735718727112,0.4485669732093811,0.3330661356449127,0.00011608656096136984
1457,0.4810328185558319,0.44771629571914673,0.33316513895988464,0.0001159758123749802
1458,0.5038467049598694,0.4692661464214325,0.3458055853843689,0.00011586504367699217
1459,0.47787439823150635,0.4450954794883728,0.3277893364429474,0.00011575425500685002
1460,0.45398905873298645,0.42280274629592896,0.31186315417289734,0.0001156434465040231
1461,0.4651545584201813,0.4326426088809967,0.32511958479881287,0.00011553261830800586
1462,0.48388826847076416,0.45067474246025085,0.33213523030281067,0.00011542177055831745
1463,0.469646155834198,0.4372003674507141,0.32445788383483887,0.00011531090339450165
1464,0.47057148814201355,0.4387294054031372,0.3184208869934082,0.00011520001695612674
1465,0.5224582552909851,0.4855382442474365,0.36920034885406494,0.00011508911138278515
1466,0.46937596797943115,0.4365336000919342,0.32842352986335754,0.00011497818681409351
1467,0.44537806510925293,0.41499871015548706,0.30379366874694824,0.00011486724338969232
1468,0.4740654230117798,0.4411836266517639,0.32881784439086914,0.00011475628124924577
1469,0.49048224091529846,0.45694512128829956,0.3353712856769562,0.00011464530053244169
1470,0.46849989891052246,0.43585970997810364,0.3264017403125763,0.00011453430137899129
1471,0.46793776750564575,0.43619686365127563,0.317408949136734,0.00011442328392862891
1472,0.49682655930519104,0.46222227811813354,0.3460429012775421,0.00011431224832111196
1473,0.4445400834083557,0.41349026560783386,0.31049826741218567,0.00011420119469622077
1474,0.4906746745109558,0.45654529333114624,0.34129366278648376,0.00011409012319375827
1475,0.4893183708190918,0.45590469241142273,0.33413684368133545,0.00011397903395354996
1476,0.4911184012889862,0.45716509222984314,0.3395330309867859,0.0001138679271154436
1477,0.4604935646057129,0.4280177652835846,0.3247579038143158,0.00011375680281930919
1478,0.47227922081947327,0.4398249387741089,0.32454293966293335,0.00011364566120503864
1479,0.481012225151062,0.4473133683204651,0.336988627910614,0.0001135345024125456
1480,0.4894150495529175,0.45540651679039,0.3400851786136627,0.00011342332658176555
1481,0.45714712142944336,0.4259434938430786,0.3120362460613251,0.00011331213385265524
1482,0.4568996727466583,0.42497900128364563,0.3192066252231598,0.00011320092436519276
1483,0.4968065619468689,0.4626409411430359,0.3416561484336853,0.00011308969825937725
1484,0.49729087948799133,0.4628174602985382,0.3447342813014984,0.00011297845567522886
1485,0.5013590455055237,0.4660014510154724,0.3535761535167694,0.00011286719675278838
1486,0.46329063177108765,0.4317527115345001,0.3153790831565857,0.00011275592163211726
1487,0.4609092175960541,0.4287565052509308,0.32152706384658813,0.00011264463045329728
1488,0.465844988822937,0.4339020252227783,0.31942954659461975,0.00011253332335643043
1489,0.48544442653656006,0.4516182839870453,0.33826133608818054,0.00011242200048163882
1490,0.4732326567173004,0.44045960903167725,0.3277304470539093,0.0001123106619690643
1491,0.4624539017677307,0.4302912652492523,0.3216264545917511,0.0001121993079588685
1492,0.43889120221138,0.40905681252479553,0.29834383726119995,0.00011208793859123257
1493,0.46471360325813293,0.43195822834968567,0.32755371928215027,0.00011197655400635689
1494,0.4701116383075714,0.4377117156982422,0.3239993155002594,0.0001118651543444611
1495,0.45861291885375977,0.42670440673828125,0.3190852105617523,0.00011175373974578378
1496,0.49147260189056396,0.45763927698135376,0.3383331000804901,0.00011164231035058228
1497,0.47190558910369873,0.4393199682235718,0.3258562982082367,0.00011153086629913267
1498,0.49011772871017456,0.4560379087924957,0.34079834818840027,0.00011141940773172939
1499,0.4958266317844391,0.46206724643707275,0.33759379386901855,0.00011130793478868515
1500,0.47742345929145813,0.44425708055496216,0.3316637873649597,0.00011119644761033078
1501,0.4977809488773346,0.46361687779426575,0.3416405916213989,0.00011108494633701512
1502,0.5038695931434631,0.46940121054649353,0.34468385577201843,0.00011097343110910452
1503,0.454997181892395,0.42382290959358215,0.3117428421974182,0.0001108619020669832
1504,0.457987904548645,0.426471471786499,0.3151642978191376,0.00011075035935105252
1505,0.4783346652984619,0.44546374678611755,0.32870912551879883,0.00011063880310173113
1506,0.49567514657974243,0.4618488848209381,0.3382626175880432,0.00011052723345945483
1507,0.46345850825309753,0.43174585700035095,0.3171265125274658,0.00011041565056467614
1508,0.456307977437973,0.4249521791934967,0.313557893037796,0.00011030405455786425
1509,0.48035120964050293,0.44719502329826355,0.3315618336200714,0.000110192445579505
1510,0.5058005452156067,0.4714820981025696,0.34318453073501587,0.00011008082377010045
1511,0.5108091831207275,0.4757058918476105,0.35103291273117065,0.00010996918927016886
1512,0.4751846194267273,0.4424137473106384,0.32770872116088867,0.00010985754222024436
1513,0.4740673303604126,0.44117239117622375,0.328949511051178,0.00010974588276087705
1514,0.47355782985687256,0.4402027428150177,0.33355072140693665,0.00010963421103263252
1515,0.48479482531547546,0.45157235860824585,0.33222469687461853,0.00010952252717609188
1516,0.5015062689781189,0.4668378233909607,0.34668466448783875,0.00010941083133185146
1517,0.4468889832496643,0.4164245128631592,0.30464479327201843,0.00010929912364052268
1518,0.49226438999176025,0.4587321877479553,0.33532193303108215,0.00010918740424273191
1519,0.4651887118816376,0.4333437979221344,0.31844913959503174,0.00010907567327912025
1520,0.4680291712284088,0.4358503818511963,0.32178786396980286,0.00010896393089034336
1521,0.5047694444656372,0.46982845664024353,0.3494095802307129,0.00010885217721707124
1522,0.5408533811569214,0.5037453770637512,0.37107983231544495,0.00010874041239998816
1523,0.46734437346458435,0.4350677728652954,0.32276594638824463,0.00010862863657979237
1524,0.445060133934021,0.4147126078605652,0.30347535014152527,0.00010851684989719594
1525,0.5095888376235962,0.47327548265457153,0.3631332516670227,0.00010840505249292476
1526,0.5002349019050598,0.4652700424194336,0.3496483862400055,0.00010829324450771806
1527,0.45054855942726135,0.41947120428085327,0.310773640871048,0.00010818142608232849
1528,0.45771706104278564,0.4262717068195343,0.31445369124412537,0.00010806959735752174
1529,0.4670451581478119,0.4347897469997406,0.32255420088768005,0.00010795775847407659
1530,0.47309717535972595,0.4405764937400818,0.32520684599876404,0.0001078459095727845
1531,0.4910779595375061,0.4571916162967682,0.3388635218143463,0.00010773405079444963
1532,0.49866485595703125,0.46380946040153503,0.34855392575263977,0.00010762218227988851
1533,0.4724850356578827,0.43971118330955505,0.3277384638786316,0.00010751030416992996
1534,0.49580395221710205,0.46137571334838867,0.34428226947784424,0.00010739841660541487
1535,0.4873097538948059,0.4537135064601898,0.33596235513687134,0.00010728651972719603
1536,0.4843460023403168,0.45099058747291565,0.3335542678833008,0.00010717461367613793
1537,0.43121427297592163,0.4015658497810364,0.2964842915534973,0.00010706269859311669
1538,0.5048130750656128,0.4702457785606384,0.3456726670265198,0.00010695077461901968
1539,0.478567510843277,0.4457192122936249,0.3284829258918762,0.00010683884189474558
1540,0.4795679748058319,0.4464191198348999,0.3314885199069977,0.00010672690056120399
1541,0.46606123447418213,0.4334494471549988,0.32611778378486633,0.00010661495075931539
1542,0.4636678695678711,0.43155717849731445,0.32110705971717834,0.00010650299263001097
1543,0.46953099966049194,0.4373619556427002,0.3216904103755951,0.0001063910263142323
1544,0.4598744511604309,0.4280956983566284,0.3177875280380249,0.00010627905195293135
1545,0.48300009965896606,0.4500090777873993,0.3299103081226349,0.00010616706968707015
1546,0.47654739022254944,0.4434879720211029,0.3305942118167877,0.00010605507965762074
1547,0.4474799931049347,0.4164508581161499,0.31029123067855835,0.00010594308200556483
1548,0.4822382628917694,0.4487636685371399,0.3347459137439728,0.00010583107687189388
1549,0.44539839029312134,0.4150516986846924,0.3034669756889343,0.00010571906439760866
1550,0.4971531331539154,0.4624423086643219,0.34710821509361267,0.00010560704472371919
1551,0.4853026866912842,0.45143866539001465,0.33864036202430725,0.0001054950179912446
1552,0.48376598954200745,0.4505496025085449,0.33216384053230286,0.00010538298434121283
1553,0.493781715631485,0.4599139988422394,0.3386771082878113,0.00010527094391466061
1554,0.4757080376148224,0.44254761934280396,0.33160415291786194,0.00010515889685263316
1555,0.46597668528556824,0.4342779219150543,0.3169877231121063,0.00010504684329618409
1556,0.4840073585510254,0.45070114731788635,0.333062082529068,0.00010493478338637512
1557,0.49537065625190735,0.460679292678833,0.34691375494003296,0.00010482271726427598
1558,0.4567263722419739,0.42564690113067627,0.3107947111129761,0.00010471064507096426
1559,0.49935972690582275,0.4648634195327759,0.3449629545211792,0.00010459856694752521
1560,0.4926198124885559,0.4585539698600769,0.3406584560871124,0.00010448648303505151
1561,0.5008509159088135,0.4662262797355652,0.3462466597557068,0.00010437439347464306
1562,0.4467882812023163,0.41571298241615295,0.3107529878616333,0.00010426229840740705
1563,0.4722669720649719,0.4396834969520569,0.3258347511291504,0.00010415019797445738
1564,0.4796801507472992,0.4461059868335724,0.33574172854423523,0.00010403809231691486
1565,0.45131611824035645,0.420218825340271,0.31097307801246643,0.00010392598157590688
1566,0.4934769868850708,0.4590854048728943,0.343915730714798,0.0001038138658925671
1567,0.49728086590766907,0.4629680812358856,0.3431277573108673,0.00010370174540803556
1568,0.4927935302257538,0.45801785588264465,0.3477567136287689,0.00010358962026345824
1569,0.4839535653591156,0.45011478662490845,0.3383878171443939,0.000103477490599987
1570,0.49675336480140686,0.4626353979110718,0.34117957949638367,0.00010336535655877942
1571,0.47297555208206177,0.44024530053138733,0.3273024260997772,0.00010325321828099854
1572,0.5151580572128296,0.4797185957431793,0.35439449548721313,0.00010314107590781284
1573,0.5102538466453552,0.47463279962539673,0.35621023178100586,0.00010302892958039583
1574,0.465114563703537,0.43316128849983215,0.3195328414440155,0.00010291677943992608
1575,0.5049707889556885,0.47019559144973755,0.34775203466415405,0.0001028046256275869
1576,0.464134156703949,0.4312114715576172,0.3292270004749298,0.00010269246828456629
1577,0.49221885204315186,0.4579448103904724,0.34274056553840637,0.00010258030755205665
1578,0.4948450028896332,0.46052414178848267,0.3432086110115051,0.00010246814357125463
1579,0.500262975692749,0.46604034304618835,0.3422262668609619,0.00010235597648336104
1580,0.47900551557540894,0.4459373950958252,0.3306811451911926,0.00010224380642958052
1581,0.5087672472000122,0.47387510538101196,0.3489212691783905,0.00010213163355112148
1582,0.4561592638492584,0.42457595467567444,0.3158330023288727,0.00010201945798919593
1583,0.4905688762664795,0.4568535387516022,0.3371533155441284,0.00010190727988501913
1584,0.4923839867115021,0.4584828317165375,0.33901146054267883,0.00010179509937980973
1585,0.512504518032074,0.47726401686668396,0.3524048626422882,0.00010168291661478923
1586,0.48354366421699524,0.45026895403862,0.3327471613883972,0.00010157073173118208
1587,0.47101694345474243,0.43840888142585754,0.3260805308818817,0.00010145854487021532
1588,0.526960551738739,0.4904235899448395,0.36536967754364014,0.00010134635617311853
1589,0.47949039936065674,0.44677743315696716,0.3271295428276062,0.00010123416578112365
1590,0.4438762068748474,0.413481205701828,0.30395007133483887,0.0001011219738354646
1591,0.4630693793296814,0.43080154061317444,0.32267850637435913,0.00010100978047737741
1592,0.5099186301231384,0.4744630455970764,0.354555606842041,0.00010089758584809979
1593,0.4859524369239807,0.4522874355316162,0.33664989471435547,0.00010078539008887114
1594,0.4635346531867981,0.43063345551490784,0.32901182770729065,0.00010067319334093219
1595,0.45836910605430603,0.42649611830711365,0.31872987747192383,0.00010056099574552497
1596,0.49339646100997925,0.45952078700065613,0.338756799697876,0.00010044879744389257
1597,0.5019766688346863,0.4675522744655609,0.3442437946796417,0.00010033659857727893
1598,0.4703157842159271,0.43793848156929016,0.32377296686172485,0.00010022439928692875
1599,0.4737834632396698,0.4407968819141388,0.3298656940460205,0.00010011219971408725
1600,0.49692854285240173,0.4628625810146332,0.34065955877304077,0.0001
1601,0.46634015440940857,0.43373337388038635,0.32606783509254456,9.988780028591278e-05
1602,0.4521280527114868,0.42129433155059814,0.3083372414112091,9.977560071307129e-05
1603,0.45378199219703674,0.42254868149757385,0.3123331367969513,9.96634014227211e-05
1604,0.46204873919487,0.43042051792144775,0.3162823021411896,9.955120255610746e-05
1605,0.47729215025901794,0.44413191080093384,0.33160242438316345,9.943900425447505e-05
1606,0.47887957096099854,0.44567516446113586,0.33204421401023865,9.932680665906783e-05
1607,0.4810725450515747,0.4470788538455963,0.3399370014667511,9.921460991112891e-05
1608,0.47636309266090393,0.44409504532814026,0.32268044352531433,9.910241415190021e-05
1609,0.47880008816719055,0.44513997435569763,0.3366011381149292,9.89902195226226e-05
1610,0.4863819181919098,0.45302578806877136,0.33356139063835144,9.887802616453542e-05
1611,0.4705240726470947,0.4379551112651825,0.32568955421447754,9.87658342188764e-05
1612,0.4745224118232727,0.44195571541786194,0.32566696405410767,9.865364382688145e-05
1613,0.4672442674636841,0.4348246157169342,0.3241964280605316,9.85414551297847e-05
1614,0.48963651061058044,0.45572084188461304,0.3391566574573517,9.842926826881796e-05
1615,0.46606555581092834,0.43377840518951416,0.32287147641181946,9.831708338521078e-05
1616,0.49901071190834045,0.4643458127975464,0.3466491103172302,9.820490062019029e-05
1617,0.4852184057235718,0.4517561197280884,0.33462294936180115,9.809272011498085e-05
1618,0.4949624538421631,0.46053454279899597,0.34427908062934875,9.798054201080411e-05
1619,0.5192811489105225,0.48340097069740295,0.35880181193351746,9.786836644887856e-05
1620,0.4541769027709961,0.42305096983909607,0.3112594783306122,9.775619357041952e-05
1621,0.4971499741077423,0.46294069290161133,0.34209269285202026,9.764402351663901e-05
1622,0.5001324415206909,0.46490415930747986,0.3522830605506897,9.753185642874537e-05
1623,0.48812437057495117,0.4548270106315613,0.3329736292362213,9.741969244794338e-05
1624,0.462938129901886,0.43092623353004456,0.32011905312538147,9.730753171543374e-05
1625,0.4972834289073944,0.4628054201602936,0.3447801172733307,9.719537437241312e-05
1626,0.4649304747581482,0.4331367611885071,0.3179372251033783,9.708322056007397e-05
1627,0.4844399094581604,0.4511125385761261,0.33327364921569824,9.697107041960417e-05
1628,0.4580383896827698,0.42589446902275085,0.32143914699554443,9.685892409218717e-05
1629,0.5029818415641785,0.46798187494277954,0.34999987483024597,9.674678171900147e-05
1630,0.47583162784576416,0.44258347153663635,0.3324816823005676,9.663464344122064e-05
1631,0.4875602722167969,0.45403942465782166,0.3352084457874298,9.652250940001302e-05
1632,0.4676969647407532,0.4356537163257599,0.3204326033592224,9.641037973654178e-05
1633,0.48582419753074646,0.4516390562057495,0.3418513238430023,9.629825459196446e-05
1634,0.4908081591129303,0.4569338262081146,0.33874326944351196,9.618613410743291e-05
1635,0.4811300039291382,0.44750985503196716,0.33620163798332214,9.607401842409317e-05
1636,0.472476065158844,0.44017699360847473,0.3229907751083374,9.596190768308515e-05
1637,0.5005291700363159,0.4660484790802002,0.34480711817741394,9.584980202554266e-05
1638,0.4682594835758209,0.4361548125743866,0.32104671001434326,9.573770159259299e-05
1639,0.4692811667919159,0.4370446503162384,0.32236525416374207,9.562560652535695e-05
1640,0.5071055889129639,0.47213706374168396,0.3496852219104767,9.551351696494854e-05
1641,0.4939427077770233,0.4596982002258301,0.3424450159072876,9.540143305247478e-05
1642,0.4634477198123932,0.43191981315612793,0.31527894735336304,9.528935492903575e-05
1643,0.4563644528388977,0.4253028333187103,0.31061628460884094,9.517728273572403e-05
1644,0.4982990622520447,0.4635215699672699,0.34777480363845825,9.506521661362493e-05
1645,0.48384779691696167,0.4510459899902344,0.3280179500579834,9.495315670381591e-05
1646,0.47461509704589844,0.442085325717926,0.32529762387275696,9.484110314736682e-05
1647,0.47246506810188293,0.44019219279289246,0.32272884249687195,9.472905608533941e-05
1648,0.5285322070121765,0.4914967119693756,0.37035515904426575,9.461701565878719e-05
1649,0.46938878297805786,0.43749067187309265,0.3189811706542969,9.450498200875546e-05
1650,0.4606266915798187,0.42871373891830444,0.3191295564174652,9.439295527628081e-05
1651,0.4732506573200226,0.43974700570106506,0.33503642678260803,9.428093560239135e-05
1652,0.4581771194934845,0.4265248477458954,0.3165227174758911,9.416892312810614e-05
1653,0.5003547668457031,0.4655434787273407,0.3481126129627228,9.40569179944352e-05
1654,0.46988600492477417,0.43772855401039124,0.3215745687484741,9.394492034237931e-05
1655,0.44799402356147766,0.41751447319984436,0.30479541420936584,9.383293031292985e-05
1656,0.4954782724380493,0.461393803358078,0.3408445417881012,9.372094804706867e-05
1657,0.4846104383468628,0.4509269595146179,0.3368349075317383,9.360897368576772e-05
1658,0.49136707186698914,0.4576745331287384,0.33692529797554016,9.349700736998908e-05
1659,0.47484150528907776,0.44200918078422546,0.32832324504852295,9.338504924068462e-05
1660,0.5098795294761658,0.47463148832321167,0.3524806499481201,9.327309943879604e-05
1661,0.5223655104637146,0.4862819015979767,0.36083635687828064,9.316115810525446e-05
1662,0.46529051661491394,0.4329306483268738,0.32359856367111206,9.304922538098035e-05
1663,0.4696302115917206,0.4371126890182495,0.3251751661300659,9.293730140688336e-05
1664,0.44225624203681946,0.4120345711708069,0.30221664905548096,9.282538632386207e-05
1665,0.4860150218009949,0.4529731273651123,0.33041879534721375,9.2713480272804e-05
1666,0.47751009464263916,0.4441356360912323,0.3337446451187134,9.260158339458514e-05
1667,0.4462410509586334,0.41543877124786377,0.30802270770072937,9.248969583007005e-05
1668,0.49122869968414307,0.45707225799560547,0.34156450629234314,9.237781772011153e-05
1669,0.5188723802566528,0.48317334055900574,0.3569906949996948,9.226594920555037e-05
1670,0.4825061857700348,0.44914934039115906,0.33356836438179016,9.215409042721552e-05
1671,0.49666959047317505,0.4621920585632324,0.3447754681110382,9.204224152592343e-05
1672,0.487197607755661,0.45376813411712646,0.33429470658302307,9.193040264247829e-05
1673,0.4971528649330139,0.4627443850040436,0.34408465027809143,9.181857391767157e-05
1674,0.4740695059299469,0.4410064220428467,0.33063074946403503,9.170675549228194e-05
1675,0.464171439409256,0.43213900923728943,0.3203243613243103,9.159494750707526e-05
1676,0.4598008990287781,0.42778295278549194,0.32017940282821655,9.148315010280408e-05
1677,0.47415193915367126,0.4411921203136444,0.32959818840026855,9.137136342020768e-05
1678,0.46474242210388184,0.43289753794670105,0.3184487521648407,9.125958760001189e-05
1679,0.47087985277175903,0.43827924132347107,0.32600605487823486,9.114782278292876e-05
1680,0.5085995197296143,0.4738103151321411,0.34789231419563293,9.103606910965666e-05
1681,0.4868457019329071,0.45279479026794434,0.3405090868473053,9.092432672087977e-05
1682,0.4667866826057434,0.4344084560871124,0.32378214597702026,9.08125957572681e-05
1683,0.45084214210510254,0.4196767807006836,0.3116534948348999,9.070087635947733e-05
1684,0.4682373106479645,0.43602755665779114,0.322097510099411,9.058916866814858e-05
1685,0.48404544591903687,0.4509793519973755,0.33066096901893616,9.047747282390815e-05
1686,0.502502977848053,0.46680891513824463,0.35694074630737305,9.036578896736752e-05
1687,0.49165159463882446,0.4585115909576416,0.3314000368118286,9.025411723912298e-05
1688,0.4879336357116699,0.4544094502925873,0.3352417051792145,9.014245777975565e-05
1689,0.4781281650066376,0.4448189437389374,0.3330923318862915,9.003081072983117e-05
1690,0.5042715072631836,0.4696568250656128,0.34614700078964233,8.991917622989956e-05
1691,0.4937743544578552,0.460435688495636,0.3333868086338043,8.980755442049502e-05
1692,0.48782598972320557,0.4541687071323395,0.33657288551330566,8.969594544213578e-05
1693,0.46073153614997864,0.42865145206451416,0.3208009600639343,8.95843494353239e-05
1694,0.4840245544910431,0.4507097005844116,0.3331485092639923,8.947276654054518e-05
1695,0.49072152376174927,0.45680463314056396,0.3391689658164978,8.936119689826888e-05
1696,0.46319469809532166,0.4316714107990265,0.3152329623699188,8.924964064894753e-05
1697,0.47801700234413147,0.4449188709259033,0.33098119497299194,8.913809793301681e-05
1698,0.500294029712677,0.4659600555896759,0.3433400094509125,8.902656889089548e-05
1699,0.45158177614212036,0.42054495215415955,0.31036821007728577,8.891505366298492e-05
1700,0.4599107801914215,0.42849698662757874,0.3141380250453949,8.880355238966923e-05
1701,0.4907335937023163,0.4567488133907318,0.3398478627204895,8.869206521131489e-05
1702,0.4926929473876953,0.45840564370155334,0.3428730368614197,8.858059226827062e-05
1703,0.5194480419158936,0.48355430364608765,0.35893720388412476,8.846913370086734e-05
1704,0.46653226017951965,0.4343130886554718,0.3221917748451233,8.835768964941773e-05
1705,0.4896259903907776,0.45517465472221375,0.344513475894928,8.824626025421626e-05
1706,0.4909399747848511,0.45680731534957886,0.3413267433643341,8.813484565553893e-05
1707,0.4676670730113983,0.43523284792900085,0.3243422508239746,8.802344599364312e-05
1708,0.48087501525878906,0.447729229927063,0.3314579427242279,8.791206140876746e-05
1709,0.4607785642147064,0.42863985896110535,0.32138705253601074,8.780069204113153e-05
1710,0.4788963198661804,0.4460148811340332,0.3288142681121826,8.768933803093573e-05
1711,0.46418988704681396,0.4320363402366638,0.32153546810150146,8.757799951836123e-05
1712,0.4797627627849579,0.4468368589878082,0.3292590081691742,8.746667664356956e-05
1713,0.4860962927341461,0.4523163139820099,0.33779987692832947,8.735536954670275e-05
1714,0.47190406918525696,0.4394427537918091,0.32461312413215637,8.724407836788276e-05
1715,0.4540547728538513,0.42307284474372864,0.30981916189193726,8.713280324721163e-05
1716,0.49133020639419556,0.45759084820747375,0.33739352226257324,8.702154432477115e-05
1717,0.4696272015571594,0.4370230436325073,0.3260416090488434,8.691030174062273e-05
1718,0.49001747369766235,0.45665544271469116,0.3336203694343567,8.679907563480726e-05
1719,0.4544459879398346,0.4228491187095642,0.315968781709671,8.668786614734478e-05
1720,0.4670497179031372,0.4347687065601349,0.32281026244163513,8.657667341823448e-05
1721,0.4866154193878174,0.4533991515636444,0.3321625888347626,8.64654975874544e-05
1722,0.44913017749786377,0.4185466468334198,0.30583539605140686,8.63543387949614e-05
1723,0.4734256863594055,0.4407130181789398,0.32712677121162415,8.624319718069084e-05
1724,0.47234371304512024,0.43997934460639954,0.3236437141895294,8.613207288455643e-05
1725,0.4779376983642578,0.44480961561203003,0.3312808573246002,8.602096604645009e-05
1726,0.4641112685203552,0.43224018812179565,0.31871092319488525,8.590987680624174e-05
1727,0.455153226852417,0.42358070611953735,0.31572529673576355,8.579880530377926e-05
1728,0.5113211274147034,0.47600090503692627,0.3532019853591919,8.568775167888806e-05
1729,0.4756275713443756,0.44259214401245117,0.3303542733192444,8.557671607137114e-05
1730,0.4821142256259918,0.4490380585193634,0.33076155185699463,8.546569862100876e-05
1731,0.5001452565193176,0.46534833312034607,0.3479693531990051,8.53546994675583e-05
1732,0.4854107201099396,0.45204177498817444,0.3336893916130066,8.524371875075425e-05
1733,0.45117437839508057,0.4203491508960724,0.30825233459472656,8.51327566103077e-05
1734,0.4740798771381378,0.44091707468032837,0.3316279351711273,8.502181318590652e-05
1735,0.48815277218818665,0.45452365279197693,0.3362910747528076,8.491088861721486e-05
1736,0.4771343767642975,0.4444425106048584,0.32691866159439087,8.479998304387329e-05
1737,0.4728250205516815,0.4404377043247223,0.3238731920719147,8.468909660549837e-05
1738,0.49026092886924744,0.45638585090637207,0.3387508690357208,8.457822944168257e-05
1739,0.4820142686367035,0.4487268924713135,0.332873672246933,8.446738169199418e-05
1740,0.48686760663986206,0.4537043571472168,0.3316325545310974,8.435655349597689e-05
1741,0.46663135290145874,0.43477723002433777,0.3185412287712097,8.424574499315e-05
1742,0.46021509170532227,0.4285717010498047,0.31643393635749817,8.413495632300784e-05
1743,0.447014719247818,0.41618531942367554,0.3082939088344574,8.402418762501982e-05
1744,0.4744960367679596,0.440809041261673,0.3368700444698334,8.391343903863018e-05
1745,0.4567025601863861,0.4246141016483307,0.3208845853805542,8.380271070325789e-05
1746,0.4699501395225525,0.4376697540283203,0.32280397415161133,8.369200275829649e-05
1747,0.47069263458251953,0.43777918815612793,0.32913458347320557,8.358131534311372e-05
1748,0.46553394198417664,0.43325933814048767,0.3227459490299225,8.347064859705153e-05
1749,0.47623828053474426,0.44335290789604187,0.32885363698005676,8.336000265942581e-05
1750,0.4552820920944214,0.42445605993270874,0.3082602620124817,8.324937766952638e-05
1751,0.4853712320327759,0.45139798521995544,0.3397325277328491,8.313877376661652e-05
1752,0.45948582887649536,0.4275042414665222,0.31981590390205383,8.302819108993312e-05
1753,0.4449211061000824,0.41464313864707947,0.3027796447277069,8.291762977868625e-05
1754,0.4748113751411438,0.442403107881546,0.32408276200294495,8.280708997205904e-05
1755,0.4702751934528351,0.4382583796977997,0.320168137550354,8.269657180920774e-05
1756,0.4688850939273834,0.4364045262336731,0.3248056173324585,8.258607542926114e-05
1757,0.47458213567733765,0.4416014850139618,0.32980653643608093,8.247560097132076e-05
1758,0.46409204602241516,0.4321564733982086,0.31935566663742065,8.236514857446045e-05
1759,0.4847554862499237,0.4509775638580322,0.3377792537212372,8.225471837772623e-05
1760,0.4907519519329071,0.4570343792438507,0.3371756076812744,8.214431052013634e-05
1761,0.4548977017402649,0.423847496509552,0.31050220131874084,8.203392514068074e-05
1762,0.473035603761673,0.43923503160476685,0.3380056917667389,8.19235623783212e-05
1763,0.4818355441093445,0.4482768476009369,0.3355868458747864,8.181322237199094e-05
1764,0.4706032872200012,0.43811947107315063,0.32483813166618347,8.170290526059452e-05
1765,0.522513747215271,0.48643186688423157,0.3608188033103943,8.159261118300782e-05
1766,0.47168925404548645,0.43931782245635986,0.3237142562866211,8.14823402780776e-05
1767,0.4902118444442749,0.45605048537254333,0.34161365032196045,8.13720926846214e-05
1768,0.4658575654029846,0.43370258808135986,0.32154974341392517,8.126186854142752e-05
1769,0.45788681507110596,0.4266683757305145,0.3121843636035919,8.115166798725478e-05
1770,0.4338308572769165,0.40384021401405334,0.29990649223327637,8.104149116083216e-05
1771,0.48765626549720764,0.4535309970378876,0.3412525951862335,8.093133820085888e-05
1772,0.4708145260810852,0.4381767511367798,0.3263777494430542,8.0821209246004e-05
1773,0.5162061452865601,0.4799727499485016,0.3623338043689728,8.071110443490652e-05
1774,0.42593130469322205,0.3965587019920349,0.29372602701187134,8.060102390617493e-05
1775,0.473181813955307,0.4410566985607147,0.3212510943412781,8.049096779838719e-05
1776,0.46270790696144104,0.4309732913970947,0.31734606623649597,8.038093625009052e-05
1777,0.4525642395019531,0.421601265668869,0.30962979793548584,8.027092939980115e-05
1778,0.5116303563117981,0.47636085748672485,0.3526952266693115,8.016094738600435e-05
1779,0.47105973958969116,0.4383196234703064,0.3274010717868805,8.005099034715404e-05
1780,0.48775798082351685,0.4541335105895996,0.3362447917461395,7.994105842167273e-05
1781,0.48459556698799133,0.45172491669654846,0.32870662212371826,7.983115174795128e-05
1782,0.44182088971138,0.4115685820579529,0.30252310633659363,7.972127046434878e-05
1783,0.45010289549827576,0.41938841342926025,0.3071449100971222,7.961141470919233e-05
1784,0.4816550016403198,0.4477691352367401,0.33885860443115234,7.950158462077697e-05
1785,0.4774995446205139,0.4443419277667999,0.3315761983394623,7.939178033736538e-05
1786,0.4880601465702057,0.4543258249759674,0.33734333515167236,7.928200199718774e-05
1787,0.50096595287323,0.466091513633728,0.3487444519996643,7.917224973844152e-05
1788,0.4811394512653351,0.447756826877594,0.3338261842727661,7.906252369929154e-05
1789,0.4949771761894226,0.46058008074760437,0.34397092461586,7.895282401786945e-05
1790,0.4678102731704712,0.43576228618621826,0.3204798400402069,7.884315083227373e-05
1791,0.5111103653907776,0.4754185676574707,0.356918066740036,7.873350428056957e-05
1792,0.47986799478530884,0.44695279002189636,0.3291521370410919,7.862388450078855e-05
1793,0.47146376967430115,0.43922191858291626,0.3224183917045593,7.851429163092868e-05
1794,0.4826803505420685,0.44947105646133423,0.33209294080734253,7.840472580895396e-05
1795,0.47867244482040405,0.44607505202293396,0.32597386837005615,7.829518717279438e-05
1796,0.47633758187294006,0.4437914788722992,0.32546111941337585,7.818567586034577e-05
1797,0.4715805947780609,0.43920058012008667,0.3238001763820648,7.807619200946942e-05
1798,0.4523073732852936,0.4209785461425781,0.3132883310317993,7.796673575799224e-05
1799,0.462179034948349,0.4295819103717804,0.3259713351726532,7.785730724370625e-05
1800,0.4538522958755493,0.4225844740867615,0.3126782476902008,7.774790660436858e-05
1801,0.4822034239768982,0.44912779331207275,0.33075618743896484,7.763853397770131e-05
1802,0.4911346435546875,0.45767197012901306,0.3346267640590668,7.752918950139119e-05
1803,0.4810986816883087,0.44783705472946167,0.3326163589954376,7.741987331308964e-05
1804,0.5209335684776306,0.48512935638427734,0.3580421507358551,7.731058555041237e-05
1805,0.44716933369636536,0.41657525300979614,0.3059408664703369,7.720132635093934e-05
1806,0.4839404821395874,0.4508351683616638,0.331053227186203,7.709209585221451e-05
1807,0.49194517731666565,0.4576013684272766,0.34343817830085754,7.69828941917458e-05
1808,0.47950437664985657,0.446300745010376,0.33203622698783875,7.68737215070048e-05
1809,0.4816480875015259,0.44873929023742676,0.32908788323402405,7.676457793542654e-05
1810,0.47225630283355713,0.4393146336078644,0.3294166922569275,7.66554636144095e-05
1811,0.5094221234321594,0.47425830364227295,0.3516382873058319,7.654637868131521e-05
1812,0.4751056432723999,0.44272029399871826,0.3238535523414612,7.643732327346842e-05
1813,0.5052131414413452,0.470119446516037,0.3509368896484375,7.63282975281565e-05
1814,0.4845731258392334,0.4514366388320923,0.3313647508621216,7.621930158262958e-05
1815,0.48135530948638916,0.44765573740005493,0.33699557185173035,7.611033557410026e-05
1816,0.46352288126945496,0.4315522313117981,0.31970641016960144,7.600139963974341e-05
1817,0.4799366891384125,0.4464294910430908,0.33507198095321655,7.589249391669616e-05
1818,0.46119266748428345,0.4292222559452057,0.3197040557861328,7.578361854205743e-05
1819,0.5047595500946045,0.4703223705291748,0.344371497631073,7.567477365288813e-05
1820,0.4604714810848236,0.42918455600738525,0.31286925077438354,7.556595938621058e-05
1821,0.48177653551101685,0.4482257664203644,0.3355078101158142,7.545717587900879e-05
1822,0.48922595381736755,0.45529904961586,0.33926907181739807,7.534842326822785e-05
1823,0.46844160556793213,0.43617451190948486,0.3226708471775055,7.523970169077402e-05
1824,0.49090367555618286,0.45710304379463196,0.3380063474178314,7.513101128351454e-05
1825,0.47948941588401794,0.446111261844635,0.33378157019615173,7.502235218327731e-05
1826,0.47001874446868896,0.43809929490089417,0.3191945254802704,7.491372452685094e-05
1827,0.4700712561607361,0.43756115436553955,0.3251010775566101,7.48051284509844e-05
1828,0.5165103673934937,0.4810447692871094,0.3546561002731323,7.469656409238685e-05
1829,0.4816053509712219,0.4482671916484833,0.33338144421577454,7.458803158772758e-05
1830,0.5060548186302185,0.4705629050731659,0.35491934418678284,7.447953107363574e-05
1831,0.44993460178375244,0.4186249077320099,0.3130967915058136,7.437106268670034e-05
1832,0.44078490138053894,0.41028931736946106,0.30495592951774597,7.426262656346978e-05
1833,0.4666880965232849,0.43456560373306274,0.32122501730918884,7.41542228404519e-05
1834,0.46855711936950684,0.43626073002815247,0.32296404242515564,7.404585165411377e-05
1835,0.5092670917510986,0.47388580441474915,0.3538128435611725,7.393751314088146e-05
1836,0.4446256756782532,0.41350945830345154,0.3111623227596283,7.382920743713999e-05
1837,0.48112937808036804,0.44808119535446167,0.3304818570613861,7.372093467923302e-05
1838,0.48496073484420776,0.4511203169822693,0.3384042978286743,7.361269500346274e-05
1839,0.5182425379753113,0.4825018346309662,0.3574070334434509,7.350448854608962e-05
1840,0.48167216777801514,0.44844552874565125,0.33226627111434937,7.339631544333249e-05
1841,0.4964120388031006,0.46208319067955017,0.343288391828537,7.328817583136804e-05
1842,0.48278698325157166,0.44919270277023315,0.3359428942203522,7.318006984633085e-05
1843,0.47667625546455383,0.4438363015651703,0.3283994495868683,7.307199762431319e-05
1844,0.48286911845207214,0.4494607448577881,0.33408379554748535,7.29639593013647e-05
1845,0.48913976550102234,0.4558499753475189,0.33289793133735657,7.285595501349258e-05
1846,0.49849167466163635,0.4647296667098999,0.3376200199127197,7.274798489666097e-05
1847,0.4787446856498718,0.44578513503074646,0.32959556579589844,7.264004908679112e-05
1848,0.46542441844940186,0.43356069922447205,0.31863725185394287,7.2532147719761e-05
1849,0.5186665654182434,0.4824756979942322,0.36190861463546753,7.242428093140525e-05
1850,0.5222049951553345,0.486784964799881,0.354200541973114,7.231644885751507e-05
1851,0.4852624237537384,0.4516626298427582,0.335997998714447,7.220865163383784e-05
1852,0.48640963435173035,0.4528954029083252,0.33514219522476196,7.210088939607708e-05
1853,0.47156980633735657,0.43903636932373047,0.32533442974090576,7.199316227989236e-05
1854,0.46483105421066284,0.43313732743263245,0.3169373571872711,7.18854704208989e-05
1855,0.5006346106529236,0.46665093302726746,0.33983683586120605,7.177781395466772e-05
1856,0.48688846826553345,0.4537712335586548,0.3311724066734314,7.167019301672509e-05
1857,0.5084072351455688,0.47334393858909607,0.35063305497169495,7.156260774255262e-05
1858,0.487080454826355,0.45401355624198914,0.3306688964366913,7.145505826758707e-05
1859,0.5035473704338074,0.4684964418411255,0.3505091369152069,7.134754472722017e-05
1860,0.4411327540874481,0.41068026423454285,0.30452480912208557,7.124006725679828e-05
1861,0.496290385723114,0.46208369731903076,0.34206685423851013,7.113262599162245e-05
1862,0.48500964045524597,0.45162904262542725,0.33380600810050964,7.102522106694808e-05
1863,0.5040489435195923,0.46942567825317383,0.3462323844432831,7.09178526179849e-05
1864,0.48232302069664,0.44967707991600037,0.32645952701568604,7.081052077989667e-05
1865,0.49169662594795227,0.45778796076774597,0.33908674120903015,7.07032256878011e-05
1866,0.4892898201942444,0.45586642622947693,0.3342337906360626,7.059596747676962e-05
1867,0.4971238076686859,0.46315672993659973,0.33967068791389465,7.048874628182722e-05
1868,0.48229336738586426,0.4491119980812073,0.3318138122558594,7.038156223795224e-05
1869,0.48953911662101746,0.45633402466773987,0.33205103874206543,7.027441548007641e-05
1870,0.4549240469932556,0.42322057485580444,0.3170348107814789,7.01673061430844e-05
1871,0.47888222336769104,0.4458199441432953,0.3306228816509247,7.006023436181377e-05
1872,0.47023773193359375,0.4382336437702179,0.3200407922267914,6.995320027105481e-05
1873,0.44328540563583374,0.4125624895095825,0.30722907185554504,6.984620400555044e-05
1874,0.4702119529247284,0.4378918707370758,0.32320091128349304,6.973924569999585e-05
1875,0.45856407284736633,0.42719635367393494,0.3136773109436035,6.963232548903853e-05
1876,0.5279648900032043,0.4919264018535614,0.3603847026824951,6.952544350727799e-05
1877,0.4649733901023865,0.4330141544342041,0.31959250569343567,6.94185998892655e-05
1878,0.48516833782196045,0.4514683187007904,0.3370000720024109,6.931179476950429e-05
1879,0.48593202233314514,0.45286431908607483,0.33067697286605835,6.920502828244889e-05
1880,0.4707842767238617,0.4382844567298889,0.3249981701374054,6.909830056250527e-05
1881,0.47750017046928406,0.4449097514152527,0.32590410113334656,6.899161174403064e-05
1882,0.4586225152015686,0.42659375071525574,0.3202877640724182,6.888496196133317e-05
1883,0.49595558643341064,0.46148473024368286,0.3447086215019226,6.877835134867196e-05
1884,0.47324803471565247,0.4410146176815033,0.32233405113220215,6.867178004025676e-05
1885,0.47024568915367126,0.4381507337093353,0.3209495544433594,6.85652481702478e-05
1886,0.4967710077762604,0.462664395570755,0.3410661518573761,6.845875587275576e-05
1887,0.49309423565864563,0.45793628692626953,0.35157954692840576,6.835230328184138e-05
1888,0.4858540892601013,0.45239126682281494,0.33462831377983093,6.824589053151558e-05
1889,0.4851917028427124,0.45200449228286743,0.33187201619148254,6.813951775573896e-05
1890,0.4873240888118744,0.45384150743484497,0.33482587337493896,6.803318508842187e-05
1891,0.471827894449234,0.4392611086368561,0.3256678879261017,6.792689266342416e-05
1892,0.4442823529243469,0.41360315680503845,0.3067919611930847,6.782064061455504e-05
1893,0.4854026734828949,0.4521064758300781,0.33296188712120056,6.77144290755729e-05
1894,0.46266621351242065,0.4308325946331024,0.3183363378047943,6.760825818018508e-05
1895,0.4726567268371582,0.4400845170021057,0.3257220387458801,6.750212806204777e-05
1896,0.44268539547920227,0.41205018758773804,0.3063521981239319,6.739603885476582e-05
1897,0.47009557485580444,0.4377478063106537,0.3234776258468628,6.728999069189263e-05
1898,0.4578373432159424,0.42575907707214355,0.3207828104496002,6.718398370692993e-05
1899,0.48631852865219116,0.4524722993373871,0.3384622633457184,6.707801803332754e-05
1900,0.5114975571632385,0.47652745246887207,0.34970104694366455,6.697209380448333e-05
1901,0.4746779501438141,0.44163286685943604,0.33045074343681335,6.68662111537429e-05
1902,0.45388084650039673,0.4229309856891632,0.30949869751930237,6.676037021439971e-05
1903,0.4530588686466217,0.42135387659072876,0.317050039768219,6.665457111969451e-05
1904,0.4721773564815521,0.43987253308296204,0.32304811477661133,6.654881400281547e-05
1905,0.5084331631660461,0.4730437099933624,0.3538944721221924,6.644309899689793e-05
1906,0.45493820309638977,0.4237178862094879,0.3122031092643738,6.63374262350241e-05
1907,0.4549236297607422,0.4235489070415497,0.3137471377849579,6.623179585022316e-05
1908,0.4572897255420685,0.42581966519355774,0.3147006332874298,6.612620797547087e-05
1909,0.4973104000091553,0.4628201723098755,0.3449023365974426,6.602066274368947e-05
1910,0.44372129440307617,0.41324254870414734,0.3047875761985779,6.59151602877475e-05
1911,0.4580904245376587,0.4264102876186371,0.3168014585971832,6.580970074045975e-05
1912,0.4942149221897125,0.4596250057220459,0.34589919447898865,6.570428423458687e-05
1913,0.45320773124694824,0.42147043347358704,0.3173729479312897,6.559891090283537e-05
1914,0.497073233127594,0.46363383531570435,0.33439406752586365,6.549358087785744e-05
1915,0.469692200422287,0.4377024471759796,0.3198974132537842,6.538829429225069e-05
1916,0.49331825971603394,0.4592006206512451,0.341176301240921,6.528305127855816e-05
1917,0.4888467490673065,0.454382985830307,0.34463760256767273,6.517785196926792e-05
1918,0.46553224325180054,0.43396100401878357,0.3157123923301697,6.507269649681307e-05
1919,0.47442907094955444,0.44183385372161865,0.3259522616863251,6.496758499357148e-05
1920,0.4638337790966034,0.43191343545913696,0.3192034661769867,6.486251759186572e-05
1921,0.44491392374038696,0.41420674324035645,0.30707165598869324,6.475749442396289e-05
1922,0.4570482075214386,0.42576542496681213,0.31282779574394226,6.465251562207431e-05
1923,0.4669661223888397,0.4346936047077179,0.3227252960205078,6.454758131835545e-05
1924,0.4530869126319885,0.4217641353607178,0.31322792172431946,6.44426916449058e-05
1925,0.47726690769195557,0.44360387325286865,0.33663037419319153,6.43378467337687e-05
1926,0.49134230613708496,0.4571400284767151,0.3420226573944092,6.423304671693107e-05
1927,0.47929438948631287,0.4458272159099579,0.3346717357635498,6.412829172632338e-05
1928,0.49846893548965454,0.46409741044044495,0.3437153995037079,6.402358189381934e-05
1929,0.4916795790195465,0.45787501335144043,0.33804577589035034,6.391891735123582e-05
1930,0.49346503615379333,0.4589797854423523,0.34485238790512085,6.38142982303328e-05
1931,0.4807263910770416,0.44797688722610474,0.32749512791633606,6.370972466281291e-05
1932,0.4770949184894562,0.44440191984176636,0.32693004608154297,6.360519678032157e-05
1933,0.4568253457546234,0.4255286455154419,0.31296706199645996,6.350071471444661e-05
1934,0.4869428277015686,0.4537198543548584,0.3322298228740692,6.339627859671814e-05
1935,0.4997715353965759,0.4654744565486908,0.3429708778858185,6.32918885586086e-05
1936,0.5159541964530945,0.4801274240016937,0.35826796293258667,6.318754473153221e-05
1937,0.462137371301651,0.4303387999534607,0.3179855942726135,6.308324724684518e-05
1938,0.4864344596862793,0.4526906907558441,0.33743777871131897,6.297899623584532e-05
1939,0.5468747019767761,0.5093716979026794,0.3750302493572235,6.287479182977184e-05
1940,0.47971439361572266,0.4471738040447235,0.3254057765007019,6.277063415980549e-05
1941,0.46656176447868347,0.43424955010414124,0.3231220245361328,6.266652335706802e-05
1942,0.47512853145599365,0.4420474171638489,0.330811083316803,6.256245955262221e-05
1943,0.4701298773288727,0.43783506751060486,0.3229481875896454,6.245844287747168e-05
1944,0.5005525350570679,0.4658786356449127,0.3467390239238739,6.23544734625608e-05
1945,0.47161534428596497,0.43902674317359924,0.3258858919143677,6.225055143877434e-05
1946,0.4879610538482666,0.4535113275051117,0.34449729323387146,6.214667693693744e-05
1947,0.48237350583076477,0.4493432641029358,0.3303023874759674,6.20428500878154e-05
1948,0.49674779176712036,0.462973415851593,0.3377436399459839,6.193907102211358e-05
1949,0.5011001825332642,0.4669018089771271,0.3419835865497589,6.183533987047716e-05
1950,0.46875789761543274,0.4363691508769989,0.32388734817504883,6.173165676349103e-05
1951,0.4800903797149658,0.4472513496875763,0.3283901810646057,6.162802183167954e-05
1952,0.46912360191345215,0.43680745363235474,0.32316163182258606,6.152443520550641e-05
1953,0.49936795234680176,0.46457532048225403,0.34792619943618774,6.14208970153746e-05
1954,0.47176530957221985,0.4391595423221588,0.3260577917098999,6.1317407391626e-05
1955,0.4627697467803955,0.43108895421028137,0.3168077766895294,6.121396646454149e-05
1956,0.5019881725311279,0.4671989381313324,0.3478924036026001,6.111057436434056e-05
1957,0.4840894639492035,0.4510905146598816,0.32998940348625183,6.1007231221181206e-05
1958,0.47543829679489136,0.44266510009765625,0.3277319669723511,6.090393716515983e-05
1959,0.46579015254974365,0.4338308870792389,0.31959280371665955,6.0800692326311095e-05
1960,0.4729920029640198,0.4405499994754791,0.32441994547843933,6.069749683460765e-05
1961,0.4946931004524231,0.46050989627838135,0.3418319821357727,6.059435081996001e-05
1962,0.478314071893692,0.44489580392837524,0.3341827392578125,6.049125441221639e-05
1963,0.4694537818431854,0.43708130717277527,0.3237247169017792,6.038820774116265e-05
1964,0.5085717439651489,0.4724712669849396,0.36100447177886963,6.0285210936521955e-05
1965,0.4682529866695404,0.4361783266067505,0.320746511220932,6.018226412795469e-05
1966,0.47940027713775635,0.4461938440799713,0.33206436038017273,6.0079367445058354e-05
1967,0.4662943184375763,0.4340807795524597,0.3221353590488434,5.997652101736726e-05
1968,0.4923308789730072,0.4584563672542572,0.3387451767921448,5.9873724974352585e-05
1969,0.5116944313049316,0.47625967860221863,0.3543475270271301,5.977097944542198e-05
1970,0.4537979066371918,0.42238813638687134,0.31409773230552673,5.9668284559919504e-05
1971,0.4853575825691223,0.4516493082046509,0.3370828628540039,5.956564044712551e-05
1972,0.4929150938987732,0.45921242237091064,0.3370266556739807,5.94630472362564e-05
1973,0.4873657822608948,0.4544350504875183,0.32930728793144226,5.936050505646452e-05
1974,0.48202693462371826,0.4487358629703522,0.33291080594062805,5.925801403683797e-05
1975,0.48786285519599915,0.4541565179824829,0.33706334233283997,5.9155574306400395e-05
1976,0.48388728499412537,0.45105859637260437,0.3282868266105652,5.9053185994110974e-05
1977,0.46331924200057983,0.4307901859283447,0.32529062032699585,5.8950849228864025e-05
1978,0.4848148226737976,0.45150628685951233,0.33308544754981995,5.884856413948913e-05
1979,0.45953553915023804,0.428195059299469,0.3134048283100128,5.87463308547507e-05
1980,0.4816470146179199,0.44811517000198364,0.33531850576400757,5.864414950334796e-05
1981,0.45348578691482544,0.42212730646133423,0.31358468532562256,5.8542020213914726e-05
1982,0.5037948489189148,0.4689336121082306,0.34861260652542114,5.843994311501939e-05
1983,0.48625364899635315,0.4525192379951477,0.3373440206050873,5.833791833516453e-05
1984,0.4906798005104065,0.456790566444397,0.3388921916484833,5.82359460027869e-05
1985,0.4681030213832855,0.43602490425109863,0.32078123092651367,5.8134026246257225e-05
1986,0.49497073888778687,0.4607771039009094,0.341936320066452,5.8032159193879985e-05
1987,0.5001311898231506,0.465303510427475,0.3482769727706909,5.793034497389345e-05
1988,0.4477868676185608,0.4173106849193573,0.3047617971897125,5.782858371446927e-05
1989,0.4881261885166168,0.4549965262413025,0.33129653334617615,5.772687554371241e-05
1990,0.48138558864593506,0.44834157824516296,0.330439954996109,5.762522058966113e-05
1991,0.4612163007259369,0.429203063249588,0.3201322555541992,5.752361898028653e-05
1992,0.48055529594421387,0.44808194041252136,0.3247336447238922,5.7422070843492734e-05
1993,0.465553343296051,0.4339119791984558,0.316413551568985,5.732057630711638e-05
1994,0.46714067459106445,0.43495744466781616,0.32183215022087097,5.721913549892674e-05
1995,0.516560971736908,0.4810435473918915,0.35517406463623047,5.711774854662535e-05
1996,0.4765726327896118,0.44376659393310547,0.3280603885650635,5.701641557784609e-05
1997,0.5017013549804688,0.467632532119751,0.3406882584095001,5.69151367201548e-05
1998,0.45502087473869324,0.4239812195301056,0.3103964924812317,5.681391210104916e-05
1999,0.4924170970916748,0.4575154483318329,0.3490164577960968,5.671274184795865e-05
2000,0.4601881504058838,0.4290604889392853,0.31127673387527466,5.6611626088244194e-05
2001,0.48849108815193176,0.45480597019195557,0.3368512690067291,5.651056494919831e-05
2002,0.4989437758922577,0.4648171663284302,0.3412662148475647,5.640955855804455e-05
2003,0.5011254549026489,0.46648266911506653,0.3464280366897583,5.63086070419377e-05
2004,0.4740012288093567,0.44131919741630554,0.32682016491889954,5.620771052796339e-05
2005,0.4817884862422943,0.448832243680954,0.3295624852180481,5.610686914313796e-05
2006,0.48166316747665405,0.44813457131385803,0.33528611063957214,5.6006083014408484e-05
2007,0.45360156893730164,0.4224459230899811,0.3115563988685608,5.590535226865238e-05
2008,0.47385841608047485,0.4410927891731262,0.3276561498641968,5.5804677032677354e-05
2009,0.46433404088020325,0.43205320835113525,0.3228083550930023,5.570405743322124e-05
2010,0.4779201149940491,0.44488346576690674,0.3303664028644562,5.560349359695181e-05
2011,0.475109726190567,0.44249463081359863,0.32615089416503906,5.550298565046672e-05
2012,0.44442448019981384,0.4133653938770294,0.3105909824371338,5.540253372029315e-05
2013,0.45702123641967773,0.42543476819992065,0.3158647418022156,5.53021379328879e-05
2014,0.4623889923095703,0.4305168390274048,0.3187214732170105,5.520179841463693e-05
2015,0.4977676272392273,0.4634585380554199,0.34309089183807373,5.510151529185553e-05
2016,0.46213966608047485,0.4307488203048706,0.3139084577560425,5.5001288690787886e-05
2017,0.4921130836009979,0.45819854736328125,0.3391452729701996,5.490111873760705e-05
2018,0.509033203125,0.47387394309043884,0.3515925109386444,5.480100555841478e-05
2019,0.48915961384773254,0.45535895228385925,0.33800655603408813,5.4700949279241295e-05
2020,0.46486350893974304,0.43322688341140747,0.3163662552833557,5.4600950026045326e-05
2021,0.4656819999217987,0.4331824779510498,0.32499533891677856,5.4501007924713707e-05
2022,0.4521854519844055,0.42097923159599304,0.3120621144771576,5.440112310106134e-05
2023,0.48157817125320435,0.44867047667503357,0.3290768265724182,5.4301295680830976e-05
2024,0.463820219039917,0.4320589005947113,0.31761324405670166,5.420152578969326e-05
2025,0.508831262588501,0.47244545817375183,0.36385804414749146,5.410181355324622e-05
2026,0.48066338896751404,0.4479770362377167,0.32686349749565125,5.400215909701547e-05
2027,0.48804885149002075,0.4544617533683777,0.3358708620071411,5.390256254645378e-05
2028,0.4921836853027344,0.457487553358078,0.3469611704349518,5.380302402694104e-05
2029,0.5017417073249817,0.4676957428455353,0.34045955538749695,5.3703543663784074e-05
2030,0.5044726729393005,0.4694889485836029,0.3498373329639435,5.36041215822166e-05
2031,0.4679526388645172,0.43575072288513184,0.32201918959617615,5.3504757907398836e-05
2032,0.48291534185409546,0.4496903121471405,0.3322504460811615,5.340545276441755e-05
2033,0.4838969111442566,0.45074477791786194,0.33152124285697937,5.3306206278285734e-05
2034,0.48441728949546814,0.4506216049194336,0.3379567563533783,5.320701857394268e-05
2035,0.48140591382980347,0.4479966461658478,0.33409252762794495,5.3107889776253536e-05
2036,0.4648222029209137,0.43279239535331726,0.3202979564666748,5.3008820010009464e-05
2037,0.48165369033813477,0.44857466220855713,0.3307901918888092,5.290980939992713e-05
2038,0.5001766085624695,0.4664424955844879,0.33734130859375,5.281085807064881e-05
2039,0.4738141596317291,0.44133567810058594,0.3247847855091095,5.27119661467422e-05
2040,0.4725339412689209,0.44019749760627747,0.3233644664287567,5.261313375270014e-05
2041,0.4614107310771942,0.4296164810657501,0.31794238090515137,5.251436101294056e-05
2042,0.490367591381073,0.45708638429641724,0.33281195163726807,5.2415648051806275e-05
2043,0.4912530481815338,0.45759162306785583,0.3366142213344574,5.231699499356484e-05
2044,0.4794474244117737,0.4462102949619293,0.33237120509147644,5.221840196240848e-05
2045,0.47266098856925964,0.43973931670188904,0.32921674847602844,5.211986908245374e-05
2046,0.4824106991291046,0.4495806097984314,0.32830095291137695,5.202139647774149e-05
2047,0.5007805824279785,0.4660288393497467,0.3475174903869629,5.192298427223676e-05
2048,0.4686623513698578,0.43564045429229736,0.3302188813686371,5.182463258982846e-05
2049,0.5052309632301331,0.4705009162425995,0.34730061888694763,5.172634155432943e-05
2050,0.47826844453811646,0.44533324241638184,0.32935190200805664,5.1628111289476035e-05
2051,0.4733598530292511,0.44067123532295227,0.32688620686531067,5.1529941918928204e-05
2052,0.5039247274398804,0.4689186215400696,0.35006099939346313,5.143183356626916e-05
2053,0.46698254346847534,0.4351761043071747,0.31806448101997375,5.133378635500543e-05
2054,0.48483726382255554,0.45098066329956055,0.3385659456253052,5.123580040856644e-05
2055,0.4361827075481415,0.40649712085723877,0.2968558669090271,5.113787585030454e-05
2056,0.49077290296554565,0.4573659896850586,0.33406922221183777,5.1040012803494795e-05
2057,0.497714638710022,0.46347370743751526,0.3424091935157776,5.0942211391334824e-05
2058,0.45101529359817505,0.42022252082824707,0.30792778730392456,5.084447173694469e-05
2059,0.4607800543308258,0.4290909469127655,0.3168911039829254,5.0746793963366744e-05
2060,0.4933091700077057,0.45860758423805237,0.34701597690582275,5.0649178193565314e-05
2061,0.5130864381790161,0.4778780937194824,0.3520835041999817,5.055162455042679e-05
2062,0.49568697810173035,0.46103721857070923,0.3464975953102112,5.045413315675924e-05
2063,0.4947696328163147,0.4600827395915985,0.34686896204948425,5.035670413529251e-05
2064,0.4959384799003601,0.46167048811912537,0.3426799476146698,5.025933760867781e-05
2065,0.49807295203208923,0.4634722173213959,0.34600725769996643,5.016203369948773e-05
2066,0.4973217844963074,0.46371030807495117,0.336114764213562,5.006479253021597e-05
2067,0.49409329891204834,0.4602414071559906,0.33851879835128784,4.996761422327737e-05
2068,0.46993064880371094,0.4375731945037842,0.3235744535923004,4.9870498901007524e-05
2069,0.46016502380371094,0.42860355973243713,0.3156147599220276,4.977344668566275e-05
2070,0.47441866993904114,0.4423544406890869,0.3206422030925751,4.967645769942e-05
2071,0.4911329746246338,0.4569820761680603,0.34150904417037964,4.957953206437651e-05
2072,0.47116807103157043,0.4387986660003662,0.323694109916687,4.9482669902549894e-05
2073,0.4621240198612213,0.4303598701953888,0.3176414966583252,4.938587133587777e-05
2074,0.5106214284896851,0.4757402539253235,0.34881147742271423,4.92891364862177e-05
2075,0.46951591968536377,0.43769386410713196,0.3182206153869629,4.919246547534708e-05
2076,0.45696020126342773,0.42557084560394287,0.31389370560646057,4.909585842496287e-05
2077,0.4688126742839813,0.4364756941795349,0.3233698606491089,4.899931545668164e-05
2078,0.5059536099433899,0.47126466035842896,0.346889466047287,4.890283669203915e-05
2079,0.4771708846092224,0.44376978278160095,0.3340110778808594,4.880642225249041e-05
2080,0.4816243648529053,0.44776761531829834,0.3385676443576813,4.87100722594094e-05
2081,0.4626767933368683,0.4306459128856659,0.3203089237213135,4.8613786834089024e-05
2082,0.5023106932640076,0.46800363063812256,0.3430706560611725,4.851756609774094e-05
2083,0.4359085261821747,0.40557482838630676,0.3033369481563568,4.842141017149526e-05
2084,0.4829004108905792,0.44914934039115906,0.33751070499420166,4.8325319176400576e-05
2085,0.4702989459037781,0.4377000331878662,0.3259890675544739,4.822929323342369e-05
2086,0.4811481833457947,0.4474762976169586,0.3367187976837158,4.81333324634496e-05
2087,0.5010359287261963,0.4663376212120056,0.34698301553726196,4.8037436987281194e-05
2088,0.5026088953018188,0.4673905670642853,0.3521835505962372,4.794160692563917e-05
2089,0.43167397379875183,0.4021632969379425,0.2951067090034485,4.7845842399161874e-05
2090,0.49599534273147583,0.4619310200214386,0.34064316749572754,4.7750143528405126e-05
2091,0.5022792220115662,0.4675534963607788,0.3472574055194855,4.76545104338422e-05
2092,0.4656188488006592,0.4336562156677246,0.3196262717247009,4.755894323586342e-05
2093,0.49214833974838257,0.4587671756744385,0.3338116705417633,4.746344205477631e-05
2094,0.48473650217056274,0.45167696475982666,0.3305954337120056,4.736800701080515e-05
2095,0.4621531665325165,0.4303347170352936,0.318184494972229,4.727263822409099e-05
2096,0.46074169874191284,0.42955282330513,0.3118886649608612,4.717733581469157e-05
2097,0.48613590002059937,0.45268717408180237,0.3344871699810028,4.708209990258095e-05
2098,0.4818287789821625,0.4484923779964447,0.3333640694618225,4.6986930607649535e-05
2099,0.48697715997695923,0.45324742794036865,0.3372974693775177,4.68918280497038e-05
2100,0.5030562281608582,0.4681715667247772,0.34884655475616455,4.6796792348466356e-05
2101,0.4938133955001831,0.460100919008255,0.3371247351169586,4.67018236235755e-05
2102,0.4656764566898346,0.433683842420578,0.3199261724948883,4.6606921994585274e-05
2103,0.5072532296180725,0.4721646010875702,0.3508860766887665,4.651208758096521e-05
2104,0.47176092863082886,0.4394960105419159,0.3226493000984192,4.6417320502100316e-05
2105,0.47728145122528076,0.4444231390953064,0.3285832405090332,4.63226208772908e-05
2106,0.4947856068611145,0.46052247285842896,0.3426314890384674,4.62279888257519e-05
2107,0.4872712790966034,0.4535205662250519,0.337507039308548,4.613342446661383e-05
2108,0.4900326728820801,0.45626047253608704,0.33772188425064087,4.603892791892157e-05
2109,0.46184399724006653,0.430104523897171,0.3173946440219879,4.594449930163471e-05
2110,0.46780747175216675,0.43560606241226196,0.32201412320137024,4.5850138733627434e-05
2111,0.49273785948753357,0.45904481410980225,0.33693042397499084,4.575584633368815e-05
2112,0.4750405251979828,0.4425424635410309,0.3249807357788086,4.566162222051946e-05
2113,0.4881487190723419,0.454290509223938,0.33858218789100647,4.556746651273802e-05
2114,0.44244900345802307,0.41209372878074646,0.30355286598205566,4.547337932887443e-05
2115,0.5313889384269714,0.49468210339546204,0.3670680820941925,4.537936078737292e-05
2116,0.4891114830970764,0.4552637040615082,0.3384776711463928,4.52854110065914e-05
2117,0.5013551712036133,0.4664447605609894,0.3491043448448181,4.519153010480118e-05
2118,0.4653524160385132,0.43331587314605713,0.3203655481338501,4.5097718200186814e-05
2119,0.4794580340385437,0.4465087950229645,0.3294925093650818,4.50039754108461e-05
2120,0.4815903306007385,0.4485211968421936,0.3306911885738373,4.491030185478976e-05
2121,0.4997393488883972,0.46532049775123596,0.3441884219646454,4.481669764994134e-05
2122,0.4782799184322357,0.44572508335113525,0.32554829120635986,4.472316291413715e-05
2123,0.47508126497268677,0.44262656569480896,0.32454702258110046,4.4629697765125934e-05
2124,0.45675113797187805,0.4251496493816376,0.3160147964954376,4.453630232056901e-05
2125,0.4959581196308136,0.4620116055011749,0.33946511149406433,4.444297669803981e-05
2126,0.4984268844127655,0.4640265107154846,0.3440037965774536,4.434972101502385e-05
2127,0.45893359184265137,0.4275743067264557,0.313592791557312,4.425653538891874e-05
2128,0.48799046874046326,0.4546978175640106,0.3329264521598816,4.416341993703373e-05
2129,0.49144551157951355,0.45778849720954895,0.3365701735019684,4.407037477658992e-05
2130,0.4753572344779968,0.443185031414032,0.3217219114303589,4.3977400024719725e-05
2131,0.5143688321113586,0.47899094223976135,0.3537786304950714,4.388449579846705e-05
2132,0.47421199083328247,0.4418065845966339,0.32405415177345276,4.379166221478697e-05
2133,0.4868898093700409,0.4536125659942627,0.33277246356010437,4.36988993905456e-05
2134,0.4995341897010803,0.4649982154369354,0.34535959362983704,4.36062074425201e-05
2135,0.4656408131122589,0.43345826864242554,0.32182544469833374,4.351358648739826e-05
2136,0.5105500817298889,0.47515761852264404,0.3539246618747711,4.3421036641778556e-05
2137,0.46392685174942017,0.43195316195487976,0.3197368383407593,4.332855802217e-05
2138,0.4763288199901581,0.443630576133728,0.3269825577735901,4.323615074499183e-05
2139,0.4579542577266693,0.42617514729499817,0.3177911043167114,4.31438149265736e-05
2140,0.4803045988082886,0.4470956027507782,0.33208999037742615,4.305155068315481e-05
2141,0.5074926018714905,0.47268298268318176,0.34809598326683044,4.295935813088487e-05
2142,0.4928377568721771,0.4590093493461609,0.3382839560508728,4.2867237385822935e-05
2143,0.4720946252346039,0.4392467439174652,0.3284788429737091,4.2775188563937843e-05
2144,0.45663782954216003,0.4256446063518524,0.30993223190307617,4.268321178110779e-05
2145,0.4568644165992737,0.4250618517398834,0.31802570819854736,4.259130715312033e-05
2146,0.49394094944000244,0.4600054621696472,0.33935490250587463,4.249947479567218e-05
2147,0.5031487941741943,0.4686136841773987,0.3453512191772461,4.2407714824369024e-05
2148,0.4765993356704712,0.44416162371635437,0.32437705993652344,4.231602735472552e-05
2149,0.45796000957489014,0.426393985748291,0.31566035747528076,4.222441250216502e-05
2150,0.47174832224845886,0.43943217396736145,0.32316145300865173,4.213287038201943e-05
2151,0.49408793449401855,0.4602642357349396,0.3382370173931122,4.20414011095291e-05
2152,0.45488500595092773,0.4237905740737915,0.31094419956207275,4.195000479984265e-05
2153,0.5010221004486084,0.4666932225227356,0.34328898787498474,4.185868156801694e-05
2154,0.5025824308395386,0.4674779176712036,0.3510448634624481,4.1767431529016766e-05
2155,0.47057074308395386,0.4384860098361969,0.32084721326828003,4.1676254797714766e-05
2156,0.5095481872558594,0.47468993067741394,0.34858280420303345,4.1585151488891305e-05
2157,0.4537559747695923,0.42284297943115234,0.3091300427913666,4.149412171723438e-05
2158,0.4480515122413635,0.417319655418396,0.30731865763664246,4.140316559733935e-05
2159,0.4594421982765198,0.4280412197113037,0.3140099346637726,4.1312283243708836e-05
2160,0.469984769821167,0.4377429187297821,0.32241857051849365,4.12214747707527e-05
2161,0.4841492474079132,0.4511200189590454,0.33029234409332275,4.113074029278765e-05
2162,0.4597167670726776,0.42807361483573914,0.31643152236938477,4.1040079924037386e-05
2163,0.47275441884994507,0.44053247570991516,0.322219580411911,4.0949493778632244e-05
2164,0.44779133796691895,0.4168040454387665,0.3098727762699127,4.085898197060911e-05
2165,0.4924977421760559,0.4583643674850464,0.3413335978984833,4.0768544613911294e-05
2166,0.4687049090862274,0.4358830153942108,0.32821881771087646,4.067818182238838e-05
2167,0.5197102427482605,0.4836048483848572,0.3610537052154541,4.058789370979617e-05
2168,0.4757465720176697,0.4426426589488983,0.331039160490036,4.049768038979631e-05
2169,0.48458364605903625,0.45127663016319275,0.33307015895843506,4.04075419759564e-05
2170,0.4595524072647095,0.4280322194099426,0.3152017295360565,4.031747858174964e-05
2171,0.4761618971824646,0.4430229663848877,0.3313892185688019,4.0227490320554916e-05
2172,0.4398665726184845,0.40992799401283264,0.29938584566116333,4.0137577305656485e-05
2173,0.46917128562927246,0.4372926950454712,0.31878605484962463,4.004773965024383e-05
2174,0.47751370072364807,0.44476649165153503,0.327472060918808,3.9957977467411615e-05
2175,0.44399821758270264,0.4134926497936249,0.30505555868148804,3.9868290870159405e-05
2176,0.4529068171977997,0.42161479592323303,0.3129202127456665,3.9778679971391785e-05
2177,0.4876226484775543,0.4541071653366089,0.33515480160713196,3.96891448839179e-05
2178,0.4621511995792389,0.4306257963180542,0.31525394320487976,3.959968572045148e-05
2179,0.48600873351097107,0.45255184173583984,0.3345688283443451,3.951030259361072e-05
2180,0.4684581458568573,0.4355337917804718,0.32924363017082214,3.942099561591802e-05
2181,0.4682987928390503,0.43641266226768494,0.31886130571365356,3.933176489980005e-05
2182,0.5023021101951599,0.4675891697406769,0.3471294939517975,3.924261055758731e-05
2183,0.5145841836929321,0.47925764322280884,0.35326552391052246,3.915353270151433e-05
2184,0.4833889603614807,0.44997209310531616,0.3341686427593231,3.90645314437192e-05
2185,0.4780276119709015,0.44497501850128174,0.3305259644985199,3.897560689624362e-05
2186,0.503187894821167,0.4685911238193512,0.34596768021583557,3.888675917103283e-05
2187,0.520686686038971,0.4845743477344513,0.3611234128475189,3.879798837993521e-05
2188,0.4676087498664856,0.43521973490715027,0.32389000058174133,3.8709294634702376e-05
2189,0.4883113503456116,0.454366534948349,0.3394480049610138,3.862067804698889e-05
2190,0.47447097301483154,0.4417782127857208,0.3269274830818176,3.853213872835228e-05
2191,0.472103089094162,0.43974876403808594,0.3235433101654053,3.844367679025274e-05
2192,0.4854796230792999,0.4522300362586975,0.33249595761299133,3.8355292344053026e-05
2193,0.46585723757743835,0.43394735455513,0.31909891963005066,3.826698550101836e-05
2194,0.47647273540496826,0.44285523891448975,0.3361748158931732,3.8178756372316294e-05
2195,0.4799157977104187,0.44707441329956055,0.32841381430625916,3.8090605069016595e-05
2196,0.4780086278915405,0.44534268975257874,0.326659232378006,3.800253170209094e-05
2197,0.46922245621681213,0.4366017282009125,0.32620730996131897,3.7914536382412956e-05
2198,0.4820740818977356,0.44883114099502563,0.33242934942245483,3.782661922075803e-05
2199,0.48249828815460205,0.4491167366504669,0.3338155448436737,3.773878032780309e-05
2200,0.44844746589660645,0.4173628091812134,0.3108465075492859,3.7651019814126654e-05
2201,0.46887874603271484,0.4362851679325104,0.32593581080436707,3.7563337790208476e-05
2202,0.473775178194046,0.4413456916809082,0.324294775724411,3.747573436642951e-05
2203,0.44407689571380615,0.41353070735931396,0.30546194314956665,3.738820965307176e-05
2204,0.47972312569618225,0.44711926579475403,0.3260386884212494,3.730076376031821e-05
2205,0.493489533662796,0.4594750702381134,0.3401446044445038,3.721339679825252e-05
2206,0.49918296933174133,0.4652288854122162,0.3395407497882843,3.712610887685909e-05
2207,0.47336041927337646,0.44073283672332764,0.32627567648887634,3.703890010602274e-05
2208,0.4818416237831116,0.4485153257846832,0.3332631289958954,3.695177059552861e-05
2209,0.4758955240249634,0.44291698932647705,0.32978522777557373,3.686472045506223e-05
2210,0.5036767721176147,0.46897411346435547,0.3470267653465271,3.677774979420904e-05
2211,0.4735264480113983,0.4405477046966553,0.3297875225543976,3.66908587224545e-05
2212,0.47550466656684875,0.44226428866386414,0.33240368962287903,3.660404734918387e-05
2213,0.4700041115283966,0.4374369978904724,0.32567107677459717,3.6517315783682036e-05
2214,0.492784708738327,0.45850858092308044,0.34276139736175537,3.643066413513354e-05
2215,0.4730985164642334,0.4409216046333313,0.3217690587043762,3.634409251262217e-05
2216,0.45256271958351135,0.4212978184223175,0.31264907121658325,3.6257601025131026e-05
2217,0.4862458109855652,0.4527018070220947,0.3354399800300598,3.61711897815424e-05
2218,0.4594520330429077,0.42794322967529297,0.3150880038738251,3.608485889063744e-05
2219,0.4795185327529907,0.4465918242931366,0.3292671740055084,3.599860846109626e-05
2220,0.47433820366859436,0.4416484832763672,0.3268972635269165,3.591243860149759e-05
2221,0.4926743507385254,0.4583877921104431,0.342865526676178,3.582634942031878e-05
2222,0.47395527362823486,0.44094714522361755,0.33008140325546265,3.574034102593557e-05
2223,0.47254446148872375,0.43971776962280273,0.32826700806617737,3.565441352662211e-05
2224,0.44072383642196655,0.41084542870521545,0.29878413677215576,3.556856703055058e-05
2225,0.46351897716522217,0.43156567215919495,0.319533109664917,3.548280164579126e-05
2226,0.4890018701553345,0.4552263021469116,0.3377557396888733,3.539711748031227e-05
2227,0.46336448192596436,0.4310899078845978,0.32274582982063293,3.531151464197957e-05
2228,0.4638078808784485,0.43197885155677795,0.31829023361206055,3.5225993238556644e-05
2229,0.53277987241745,0.4961881637573242,0.3659168481826782,3.514055337770455e-05
2230,0.4771459400653839,0.4439760744571686,0.33169853687286377,3.5055195166981645e-05
2231,0.446013480424881,0.41514572501182556,0.3086775541305542,3.496991871384346e-05
2232,0.4990033209323883,0.4648243486881256,0.3417896628379822,3.488472412564264e-05
2233,0.4674835503101349,0.435668408870697,0.3181515038013458,3.479961150962884e-05
2234,0.4868742525577545,0.4535437822341919,0.33330482244491577,3.4714580972948406e-05
2235,0.5029608011245728,0.4679063558578491,0.35054439306259155,3.462963262264444e-05
2236,0.4903222322463989,0.456539124250412,0.3378311097621918,3.4544766565656505e-05
2237,0.49041759967803955,0.4570385217666626,0.33379065990448,3.445998290882062e-05
2238,0.4724441170692444,0.44050344824790955,0.31940680742263794,3.4375281758869114e-05
2239,0.4675566554069519,0.4354478120803833,0.3210885524749756,3.429066322243033e-05
2240,0.5018690824508667,0.4670538604259491,0.3481521010398865,3.420612740602875e-05
2241,0.49700334668159485,0.4628511667251587,0.3415217101573944,3.4121674416084584e-05
2242,0.46200239658355713,0.43036866188049316,0.31633737683296204,3.403730435891391e-05
2243,0.4812101423740387,0.4477546215057373,0.33455508947372437,3.39530173407283e-05
2244,0.48814117908477783,0.4546425938606262,0.33498573303222656,3.386881346763483e-05
2245,0.49082866311073303,0.4571380913257599,0.3369058072566986,3.378469284563589e-05
2246,0.4966176748275757,0.4627048671245575,0.3391279876232147,3.370065558062906e-05
2247,0.45781999826431274,0.4260804057121277,0.31739577651023865,3.3616701778407065e-05
2248,0.49021220207214355,0.45658478140830994,0.33627408742904663,3.353283154465746e-05
2249,0.5049805641174316,0.47023746371269226,0.34743085503578186,3.34490449849626e-05
2250,0.4839686155319214,0.4513084292411804,0.32660192251205444,3.336534220479961e-05
2251,0.48897966742515564,0.4554373621940613,0.33542293310165405,3.3281723309540025e-05
2252,0.45776498317718506,0.4262048006057739,0.3156017065048218,3.319818840444987e-05
2253,0.45686227083206177,0.42548397183418274,0.31378301978111267,3.311473759468938e-05
2254,0.47119277715682983,0.43833836913108826,0.3285439908504486,3.3031370985312934e-05
2255,0.4688771963119507,0.43684232234954834,0.3203488290309906,3.294808868126894e-05
2256,0.4606042802333832,0.428696870803833,0.31907400488853455,3.28648907873996e-05
2257,0.45126500725746155,0.42048773169517517,0.3077726364135742,3.2781777408441e-05
2258,0.44721168279647827,0.416596382856369,0.3061530292034149,3.269874864902269e-05
2259,0.483955979347229,0.45074284076690674,0.33213141560554504,3.261580461366776e-05
2260,0.4974937438964844,0.46286770701408386,0.3462602496147156,3.253294540679257e-05
2261,0.46796858310699463,0.4357360303401947,0.3223256766796112,3.245017113270685e-05
2262,0.47484272718429565,0.4423926770687103,0.3245006501674652,3.236748189561324e-05
2263,0.47465550899505615,0.44164806604385376,0.3300745487213135,3.228487779960745e-05
2264,0.433240681886673,0.4037277102470398,0.2951296865940094,3.220235894867794e-05
2265,0.48171329498291016,0.4489247500896454,0.32788556814193726,3.211992544670581e-05
2266,0.5049057006835938,0.4702789783477783,0.3462671935558319,3.203757739746489e-05
2267,0.47008779644966125,0.43804308772087097,0.32044699788093567,3.195531490462128e-05
2268,0.4940538704395294,0.45998135209083557,0.3407250642776489,3.18731380717334e-05
2269,0.48600661754608154,0.4524407684803009,0.33565855026245117,3.1791047002251884e-05
2270,0.47272011637687683,0.44085460901260376,0.3186551630496979,3.1709041799519315e-05
2271,0.46356984972953796,0.4321405589580536,0.3142929673194885,3.162712256677032e-05
2272,0.46153613924980164,0.42983943223953247,0.3169671297073364,3.154528940713113e-05
2273,0.4911693036556244,0.4570534825325012,0.34115827083587646,3.1463542423619794e-05
2274,0.4991781413555145,0.46475446224212646,0.34423691034317017,3.1381881719145724e-05
2275,0.47516053915023804,0.44254714250564575,0.3261338174343109,3.130030739650983e-05
2276,0.43269822001457214,0.4028107523918152,0.29887455701828003,3.121881955840421e-05
2277,0.4843103289604187,0.4510623514652252,0.33247965574264526,3.1137418307412116e-05
2278,0.47967222332954407,0.44660723209381104,0.3306499421596527,3.105610374600778e-05
2279,0.4850398600101471,0.45139047503471375,0.3364938199520111,3.0974875976556284e-05
2280,0.4795050323009491,0.4464227259159088,0.33082300424575806,3.089373510131355e-05
2281,0.4752703607082367,0.442549467086792,0.32720881700515747,3.081268122242598e-05
2282,0.4612991213798523,0.42916449904441833,0.3213461935520172,3.073171444193055e-05
2283,0.46377915143966675,0.43236783146858215,0.3141133487224579,3.065083486175451e-05
2284,0.440218448638916,0.4103620946407318,0.2985634505748749,3.057004258371541e-05
2285,0.45994922518730164,0.4283199906349182,0.316292405128479,3.0489337709520917e-05
2286,0.4539014995098114,0.4227394759654999,0.31162014603614807,3.0408720340768572e-05
2287,0.4644480049610138,0.43285223841667175,0.3159576952457428,3.0328190578945815e-05
2288,0.4495220482349396,0.418348103761673,0.31173932552337646,3.0247748525429787e-05
2289,0.4889320731163025,0.45511311292648315,0.3381894528865814,3.0167394281487184e-05
2290,0.4634811580181122,0.43134361505508423,0.32137531042099,3.008712794827426e-05
2291,0.5014129877090454,0.4672984778881073,0.34114524722099304,3.00069496268365e-05
2292,0.47778111696243286,0.4441274404525757,0.3365367650985718,2.9926859418108644e-05
2293,0.5035802721977234,0.46868783235549927,0.348924458026886,2.9846857422914433e-05
2294,0.5136973857879639,0.4782378673553467,0.35459497570991516,2.97669437419667e-05
2295,0.4862930476665497,0.4526076912879944,0.33685368299484253,2.9687118475866947e-05
2296,0.4611051678657532,0.4293009340763092,0.31804224848747253,2.960738172510551e-05
2297,0.447978138923645,0.41688722372055054,0.3109090030193329,2.952773359006119e-05
2298,0.4660017490386963,0.433831125497818,0.321706086397171,2.9448174171001254e-05
2299,0.4724205732345581,0.43994057178497314,0.3248001039028168,2.9368703568081356e-05
2300,0.5022550821304321,0.46786734461784363,0.34387728571891785,2.9289321881345254e-05
2301,0.4881570041179657,0.45453372597694397,0.3362327814102173,2.921002921072481e-05
2302,0.48328596353530884,0.44869038462638855,0.34595587849617004,2.913082565603982e-05
2303,0.47316500544548035,0.44058218598365784,0.32582810521125793,2.9051711316997864e-05
2304,0.45009374618530273,0.4189164638519287,0.3117729127407074,2.8972686293194308e-05
2305,0.47762611508369446,0.44366326928138733,0.33962857723236084,2.8893750684111975e-05
2306,0.46117979288101196,0.429880291223526,0.3129951059818268,2.8814904589121137e-05
2307,0.4737892150878906,0.44111230969429016,0.32676899433135986,2.8736148107479478e-05
2308,0.4615846276283264,0.42961734533309937,0.31967267394065857,2.8657481338331715e-05
2309,0.4407403767108917,0.4104824364185333,0.30257949233055115,2.8578904380709793e-05
2310,0.47357115149497986,0.4412580728530884,0.32313084602355957,2.850041733353247e-05
2311,0.4758642017841339,0.44274112582206726,0.33123064041137695,2.842202029560538e-05
2312,0.4948800206184387,0.46008485555648804,0.3479515016078949,2.8343713365620772e-05
2313,0.4978783130645752,0.4640708267688751,0.33807501196861267,2.8265496642157597e-05
2314,0.436159610748291,0.4063335955142975,0.29826003313064575,2.8187370223681132e-05
2315,0.4665907323360443,0.43444597721099854,0.32144761085510254,2.8109334208542993e-05
2316,0.47666874527931213,0.4436236321926117,0.3304511308670044,2.803138869498102e-05
2317,0.5049962997436523,0.4696941077709198,0.35302162170410156,2.7953533781119055e-05
2318,0.47554659843444824,0.44296765327453613,0.32578954100608826,2.7875769564966968e-05
2319,0.499742329120636,0.46558576822280884,0.3415656089782715,2.779809614442046e-05
2320,0.4884521961212158,0.45488980412483215,0.33562377095222473,2.7720513617260856e-05
2321,0.4912523031234741,0.45748254656791687,0.3376975953578949,2.764302208115509e-05
2322,0.4852094352245331,0.45123133063316345,0.3397810757160187,2.7565621633655502e-05
2323,0.46111634373664856,0.42972055077552795,0.31395792961120605,2.74883123721999e-05
2324,0.47485047578811646,0.44205334782600403,0.32797113060951233,2.741109439411117e-05
2325,0.48136264085769653,0.44811269640922546,0.33249959349632263,2.7333967796597315e-05
2326,0.4617226719856262,0.4298856556415558,0.31837013363838196,2.7256932676751323e-05
2327,0.5157245397567749,0.47954291105270386,0.36181640625,2.7179989131550977e-05
2328,0.49052226543426514,0.4566424489021301,0.33879825472831726,2.7103137257858868e-05
2329,0.46881669759750366,0.43656277656555176,0.32253918051719666,2.7026377152422067e-05
2330,0.4826568067073822,0.4491986632347107,0.3345813751220703,2.694970891187224e-05
2331,0.47236326336860657,0.4399171471595764,0.3244611918926239,2.6873132632725297e-05
2332,0.4815366566181183,0.4484488368034363,0.33087822794914246,2.6796648411381485e-05
2333,0.4823029935359955,0.4488694369792938,0.33433547616004944,2.672025634412506e-05
2334,0.4543183743953705,0.42344993352890015,0.308684378862381,2.6643956527124335e-05
2335,0.49845919013023376,0.46419382095336914,0.3426535725593567,2.6567749056431467e-05
2336,0.4679374098777771,0.4358450174331665,0.3209240734577179,2.6491634027982325e-05
2337,0.4559799134731293,0.424748033285141,0.3123188614845276,2.6415611537596496e-05
2338,0.4686717092990875,0.4366607367992401,0.3201097846031189,2.6339681680977013e-05
2339,0.4607521593570709,0.42838865518569946,0.32363516092300415,2.6263844553710236e-05
2340,0.4505458176136017,0.4196777939796448,0.30868014693260193,2.6188100251265945e-05
2341,0.4855280816555023,0.45243939757347107,0.3308869004249573,2.6112448868996897e-05
2342,0.5002642869949341,0.466122031211853,0.3414224684238434,2.6036890502139035e-05
2343,0.4697977602481842,0.4374145567417145,0.32383203506469727,2.5961425245811055e-05
2344,0.44883856177330017,0.41781944036483765,0.3101913034915924,2.5886053195014538e-05
2345,0.5077638030052185,0.47300320863723755,0.3476058542728424,2.5810774444633644e-05
2346,0.4611257314682007,0.42934271693229675,0.31782999634742737,2.573558908943523e-05
2347,0.49559730291366577,0.4618181586265564,0.337791383266449,2.5660497224068415e-05
2348,0.4861396253108978,0.45248842239379883,0.33651202917099,2.5585498943064724e-05
2349,0.466175377368927,0.43409183621406555,0.32083553075790405,2.5510594340837824e-05
2350,0.4670861065387726,0.43472349643707275,0.32362598180770874,2.5435783511683443e-05
2351,0.45429378747940063,0.42341822385787964,0.3087555468082428,2.5361066549779356e-05
2352,0.47066935896873474,0.43780219554901123,0.32867172360420227,2.5286443549185036e-05
2353,0.4708874523639679,0.43798214197158813,0.32905319333076477,2.521191460384178e-05
2354,0.47285619378089905,0.4402378797531128,0.326183021068573,2.5137479807572427e-05
2355,0.48405617475509644,0.45067068934440613,0.33385491371154785,2.506313925408127e-05
2356,0.453931987285614,0.422902911901474,0.3102908730506897,2.4988893036954053e-05
2357,0.4523065686225891,0.42123061418533325,0.31075963377952576,2.4914741249657658e-05
2358,0.5213958024978638,0.48569992184638977,0.3569585680961609,2.484068398554016e-05
2359,0.4669259190559387,0.43527501821517944,0.3165091276168823,2.47667213378306e-05
2360,0.49299412965774536,0.4585905075073242,0.34403613209724426,2.4692853399638917e-05
2361,0.4556857943534851,0.42397743463516235,0.3170834481716156,2.4619080263955875e-05
2362,0.4903697967529297,0.45646852254867554,0.33901262283325195,2.4545402023652784e-05
2363,0.4703328013420105,0.4382196366786957,0.3211316168308258,2.4471818771481648e-05
2364,0.44218572974205017,0.4117313325405121,0.30454400181770325,2.4398330600074713e-05
2365,0.445892333984375,0.4155580401420593,0.3033428192138672,2.4324937601944685e-05
2366,0.4458208978176117,0.41510701179504395,0.3071388006210327,2.4251639869484375e-05
2367,0.4759317934513092,0.44326141476631165,0.32670390605926514,2.4178437494966688e-05
2368,0.4694768786430359,0.43683212995529175,0.32644763588905334,2.410533057054446e-05
2369,0.4599456787109375,0.42846500873565674,0.3148066997528076,2.4032319188250374e-05
2370,0.5007556080818176,0.46597549319267273,0.347801148891449,2.3959403439996907e-05
2371,0.48592156171798706,0.4527353346347809,0.33186233043670654,2.388658341757607e-05
2372,0.4890913963317871,0.45529529452323914,0.33796095848083496,2.381385921265936e-05
2373,0.49061599373817444,0.4564792811870575,0.3413670063018799,2.3741230916797675e-05
2374,0.4666652977466583,0.43446338176727295,0.3220190703868866,2.3668698621421216e-05
2375,0.44240379333496094,0.41193440556526184,0.3046940267086029,2.3596262417839255e-05
2376,0.4918908476829529,0.45788654685020447,0.3400428891181946,2.352392239724016e-05
2377,0.48050346970558167,0.4471389353275299,0.3336452841758728,2.345167865069119e-05
2378,0.4972480833530426,0.46295252442359924,0.34295570850372314,2.33795312691384e-05
2379,0.4641825556755066,0.43250033259391785,0.31682220101356506,2.330748034340651e-05
2380,0.47659415006637573,0.4436438977718353,0.32950258255004883,2.323552596419889e-05
2381,0.4624413251876831,0.43083125352859497,0.3161006271839142,2.3163668222097313e-05
2382,0.47651901841163635,0.4436071217060089,0.329118937253952,2.309190720756189e-05
2383,0.4746893644332886,0.44195032119750977,0.3273904025554657,2.3020243010930975e-05
2384,0.4898533225059509,0.45622381567955017,0.33629515767097473,2.2948675722421086e-05
2385,0.4683755338191986,0.436362624168396,0.3201291263103485,2.2877205432126657e-05
2386,0.4908852279186249,0.4573003053665161,0.33584919571876526,2.280583223002012e-05
2387,0.46382367610931396,0.431723028421402,0.32100656628608704,2.2734556205951596e-05
2388,0.5009679794311523,0.46640315651893616,0.34564822912216187,2.266337744964888e-05
2389,0.46142610907554626,0.43034711480140686,0.3107898235321045,2.2592296050717388e-05
2390,0.4796231985092163,0.4468672275543213,0.32755962014198303,2.25213120986399e-05
2391,0.49575984477996826,0.46190571784973145,0.33854126930236816,2.2450425682776565e-05
2392,0.4769851565361023,0.4445112645626068,0.32473888993263245,2.237963689236472e-05
2393,0.47713443636894226,0.44410496950149536,0.33029478788375854,2.230894581651879e-05
2394,0.46093249320983887,0.4291727542877197,0.3175974190235138,2.2238352544230255e-05
2395,0.4817388951778412,0.44904348254203796,0.3269540071487427,2.2167857164367422e-05
2396,0.47958236932754517,0.4460618495941162,0.3352053165435791,2.2097459765675342e-05
2397,0.4875319302082062,0.4542418122291565,0.3329011797904968,2.2027160436775794e-05
2398,0.47125956416130066,0.43914154171943665,0.321180135011673,2.195695926616702e-05
2399,0.47240328788757324,0.439676970243454,0.3272632360458374,2.188685634222376e-05
2400,0.4561392068862915,0.4248915910720825,0.31247618794441223,2.1816851753197032e-05
2401,0.4908333718776703,0.45692309737205505,0.3391028344631195,2.174694558721405e-05
2402,0.4489898085594177,0.41790565848350525,0.31084150075912476,2.1677137932278147e-05
2403,0.48191773891448975,0.44847235083580017,0.3344537913799286,2.1607428876268675e-05
2404,0.4532802999019623,0.42228439450263977,0.30995896458625793,2.153781850694082e-05
2405,0.4756503403186798,0.4426073431968689,0.3304300010204315,2.146830691192553e-05
2406,0.47735074162483215,0.4439208507537842,0.3342990279197693,2.1398894178729423e-05
2407,0.48952892422676086,0.456216961145401,0.3331196904182434,2.1329580394734638e-05
2408,0.47610196471214294,0.44363683462142944,0.3246512711048126,2.1260365647198798e-05
2409,0.4774084985256195,0.4445686340332031,0.32839876413345337,2.119125002325485e-05
2410,0.5077716708183289,0.47261762619018555,0.3515402674674988,2.11222336099109e-05
2411,0.4581727385520935,0.42671507596969604,0.314576655626297,2.1053316494050202e-05
2412,0.48821890354156494,0.45478004217147827,0.33438852429389954,2.098449876243096e-05
2413,0.44080618023872375,0.410756379365921,0.3004979193210602,2.0915780501686355e-05
2414,0.47112059593200684,0.4389019012451172,0.3221869170665741,2.0847161798324266e-05
2415,0.5095366835594177,0.4744369387626648,0.35099729895591736,2.0778642738727272e-05
2416,0.46682098507881165,0.43493029475212097,0.3189069330692291,2.0710223409152475e-05
2417,0.49806761741638184,0.4634932279586792,0.3457437753677368,2.064190389573153e-05
2418,0.5018227100372314,0.46735936403274536,0.3446335196495056,2.057368428447032e-05
2419,0.5105944275856018,0.4756952226161957,0.3489920496940613,2.0505564661249e-05
2420,0.5005306005477905,0.4661405682563782,0.34390029311180115,2.043754511182191e-05
2421,0.5228763818740845,0.4866621792316437,0.36214181780815125,2.036962572181731e-05
2422,0.47435301542282104,0.4419327974319458,0.3242020606994629,2.0301806576737482e-05
2423,0.5174336433410645,0.48219308257102966,0.35240572690963745,2.023408776195842e-05
2424,0.49179843068122864,0.457390695810318,0.34407737851142883,2.016646936272987e-05
2425,0.4737188518047333,0.4412693977355957,0.3244946300983429,2.009895146417512e-05
2426,0.44711077213287354,0.4163147807121277,0.3079599440097809,2.0031534151290953e-05
2427,0.45251429080963135,0.42135006189346313,0.31164243817329407,1.996421750894758e-05
2428,0.44893568754196167,0.41787776350975037,0.3105792999267578,1.9897001621888434e-05
2429,0.4736452102661133,0.4411916732788086,0.3245353698730469,1.9829886574730093e-05
2430,0.4869529902935028,0.4530433714389801,0.33909618854522705,1.9762872451962212e-05
2431,0.47461095452308655,0.44207730889320374,0.3253365159034729,1.969595933794739e-05
2432,0.48243099451065063,0.4489433169364929,0.33487674593925476,1.9629147316921125e-05
2433,0.5173235535621643,0.4817754328250885,0.35548117756843567,1.9562436472991552e-05
2434,0.48202088475227356,0.4485386312007904,0.33482256531715393,1.9495826890139503e-05
2435,0.48331284523010254,0.4503192603588104,0.32993578910827637,1.9429318652218276e-05
2436,0.46535322070121765,0.43281090259552,0.3254232704639435,1.9362911842953678e-05
2437,0.47573038935661316,0.4433828592300415,0.3234754204750061,1.9296606545943774e-05
2438,0.4975014626979828,0.46362313628196716,0.3387833535671234,1.9230402844658812e-05
2439,0.43551650643348694,0.40600213408470154,0.29514366388320923,1.9164300822441194e-05
2440,0.46666792035102844,0.43490102887153625,0.3176690340042114,1.9098300562505266e-05
2441,0.4849776327610016,0.45127928256988525,0.3369835913181305,1.9032402147937357e-05
2442,0.49466344714164734,0.46014413237571716,0.3451930582523346,1.896660566169548e-05
2443,0.4454875886440277,0.41505923867225647,0.30428338050842285,1.8900911186609426e-05
2444,0.4330151081085205,0.4031515419483185,0.2986357510089874,1.8835318805380507e-05
2445,0.4768366515636444,0.44365307688713074,0.3318358361721039,1.8769828600581496e-05
2446,0.4811968207359314,0.44781866669654846,0.3337816894054413,1.870444065465662e-05
2447,0.47581911087036133,0.4423297047615051,0.33489394187927246,1.863915504992131e-05
2448,0.46833154559135437,0.4361722767353058,0.32159262895584106,1.8573971868562156e-05
2449,0.5229378938674927,0.48680949211120605,0.3612843155860901,1.8508891192636824e-05
2450,0.5102449655532837,0.4746667444705963,0.355782151222229,1.8443913104073983e-05
2451,0.491865873336792,0.4582597315311432,0.3360612690448761,1.8379037684673105e-05
2452,0.4787088632583618,0.4455280303955078,0.33180826902389526,1.8314265016104417e-05
2453,0.48069462180137634,0.44801065325737,0.3268396854400635,1.8249595179908773e-05
2454,0.48514631390571594,0.451703816652298,0.33442506194114685,1.818502825749764e-05
2455,0.4701504111289978,0.43788400292396545,0.3226640224456787,1.8120564330152923e-05
2456,0.47081947326660156,0.4386081397533417,0.3221134841442108,1.805620347902681e-05
2457,0.47006067633628845,0.4382884204387665,0.3177226781845093,1.799194578514176e-05
2458,0.449920654296875,0.4187891483306885,0.3113149106502533,1.7927791329390375e-05
2459,0.4796280264854431,0.4466399848461151,0.3298805058002472,1.786374019253526e-05
2460,0.47013425827026367,0.43792253732681274,0.3221170902252197,1.7799792455209018e-05
2461,0.4503664970397949,0.41945841908454895,0.3090808391571045,1.773594819791403e-05
2462,0.48665153980255127,0.4527336359024048,0.3391791880130768,1.767220750102243e-05
2463,0.4826531708240509,0.4497244656085968,0.32928717136383057,1.760857044477596e-05
2464,0.4969894587993622,0.46284645795822144,0.3414299786090851,1.7545037109285946e-05
2465,0.49991393089294434,0.4655323326587677,0.34381598234176636,1.7481607574533044e-05
2466,0.47303175926208496,0.4409305453300476,0.3210121691226959,1.7418281920367373e-05
2467,0.451589435338974,0.4208572208881378,0.30732208490371704,1.735506022650817e-05
2468,0.49021318554878235,0.4561389088630676,0.34074270725250244,1.7291942572543807e-05
2469,0.478080153465271,0.44498303532600403,0.33097124099731445,1.722892903793176e-05
2470,0.48609644174575806,0.4530516564846039,0.33044785261154175,1.716601970199836e-05
2471,0.499714195728302,0.4649299085140228,0.34784290194511414,1.710321464393877e-05
2472,0.5068922638893127,0.47230789065361023,0.3458438813686371,1.7040513942816906e-05
2473,0.44507843255996704,0.41402676701545715,0.31051671504974365,1.697791767756527e-05
2474,0.47439736127853394,0.4418737590312958,0.32523593306541443,1.6915425926984986e-05
2475,0.46577829122543335,0.4336201250553131,0.32158157229423523,1.6853038769745467e-05
2476,0.4803183078765869,0.44766882061958313,0.32649487257003784,1.6790756284384612e-05
2477,0.4644288122653961,0.432775616645813,0.3165318965911865,1.6728578549308416e-05
2478,0.4797455072402954,0.44650354981422424,0.3324195444583893,1.666650564279105e-05
2479,0.45888009667396545,0.4269591271877289,0.3192097246646881,1.6604537642974793e-05
2480,0.4421005845069885,0.41202425956726074,0.30076321959495544,1.6542674627869747e-05
2481,0.5182591080665588,0.4831070601940155,0.3515203297138214,1.6480916675353898e-05
2482,0.4785974323749542,0.44517749547958374,0.3341992497444153,1.6419263863172997e-05
2483,0.44167476892471313,0.411066472530365,0.306083083152771,1.6357716268940372e-05
2484,0.49455031752586365,0.46106699109077454,0.3348332941532135,1.6296273970136977e-05
2485,0.46064043045043945,0.429363489151001,0.31276935338974,1.6234937044111152e-05
2486,0.4954930543899536,0.4610353410243988,0.34457704424858093,1.6173705568078578e-05
2487,0.4882970452308655,0.4549008011817932,0.3339625597000122,1.611257961912227e-05
2488,0.4443725347518921,0.4141790568828583,0.3019348680973053,1.6051559274192275e-05
2489,0.4470238983631134,0.4160335659980774,0.3099033534526825,1.599064461010581e-05
2490,0.4291478395462036,0.39896783232688904,0.30180007219314575,1.5929835703546993e-05
2491,0.4643184542655945,0.4323905110359192,0.31927943229675293,1.5869132631066808e-05
2492,0.4920867085456848,0.4583088457584381,0.3377785086631775,1.5808535469082996e-05
2493,0.47479990124702454,0.4420587718486786,0.327411413192749,1.574804429388004e-05
2494,0.46567511558532715,0.43356576561927795,0.3210935890674591,1.5687659181608916e-05
2495,0.4610591530799866,0.42959800362586975,0.3146113455295563,1.5627380208287114e-05
2496,0.4506063163280487,0.4201338589191437,0.30472463369369507,1.5567207449798515e-05
2497,0.4802902340888977,0.44665592908859253,0.3363429605960846,1.5507140981893253e-05
2498,0.4644573926925659,0.4328848123550415,0.3157256543636322,1.5447180880187706e-05
2499,0.48381608724594116,0.45056384801864624,0.3325222432613373,1.538732722016434e-05
2500,0.45782965421676636,0.4262648820877075,0.31564778089523315,1.5327580077171587e-05
2501,0.452039897441864,0.4210963547229767,0.30943530797958374,1.5267939526423824e-05
2502,0.479968786239624,0.4472174346446991,0.3275134265422821,1.520840564300119e-05
2503,0.4826962351799011,0.4495921730995178,0.3310405910015106,1.5148978501849642e-05
2504,0.4628588557243347,0.43107157945632935,0.3178728520870209,1.5089658177780653e-05
2505,0.5037120580673218,0.4689650535583496,0.3474697470664978,1.5030444745471294e-05
2506,0.4990769624710083,0.4646182954311371,0.34458673000335693,1.4971338279464009e-05
2507,0.48920178413391113,0.45538821816444397,0.3381357192993164,1.4912338854166696e-05
2508,0.4884567856788635,0.4543556272983551,0.3410114645957947,1.485344654385239e-05
2509,0.4901534616947174,0.45645204186439514,0.33701416850090027,1.4794661422659306e-05
2510,0.4801892042160034,0.44733381271362305,0.32855403423309326,1.4735983564590783e-05
2511,0.5004348754882812,0.46578678488731384,0.3464806377887726,1.4677413043515042e-05
2512,0.45149195194244385,0.42025935649871826,0.3123258054256439,1.4618949933165272e-05
2513,0.45946061611175537,0.42808499932289124,0.3137562572956085,1.4560594307139364e-05
2514,0.48787012696266174,0.4541971683502197,0.3367294669151306,1.4502346238899945e-05
2515,0.45597678422927856,0.4246472120285034,0.3132956027984619,1.4444205801774202e-05
2516,0.47914305329322815,0.4458256661891937,0.33317384123802185,1.4386173068953846e-05
2517,0.4958321154117584,0.4612683653831482,0.3456374406814575,1.4328248113495047e-05
2518,0.4727044999599457,0.43997764587402344,0.32726866006851196,1.427043100831823e-05
2519,0.4753388464450836,0.44252994656562805,0.3280891180038452,1.4212721826208086e-05
2520,0.5020505785942078,0.4674053490161896,0.34645238518714905,1.415512063981339e-05
2521,0.5000292062759399,0.46554097533226013,0.3448823094367981,1.4097627521647061e-05
2522,0.5033046007156372,0.4685302972793579,0.34774330258369446,1.4040242544085913e-05
2523,0.46360674500465393,0.43200525641441345,0.31601500511169434,1.3982965779370626e-05
2524,0.4796410799026489,0.44625377655029297,0.3338730037212372,1.3925797299605647e-05
2525,0.47866153717041016,0.44595959782600403,0.32701927423477173,1.3868737176759094e-05
2526,0.47745269536972046,0.44450870156288147,0.32944002747535706,1.3811785482662764e-05
2527,0.4745895564556122,0.4425487816333771,0.3204077482223511,1.375494228901184e-05
2528,0.4749264121055603,0.44256266951560974,0.32363733649253845,1.3698207667364982e-05
2529,0.46523433923721313,0.4327271282672882,0.3250722587108612,1.3641581689144156e-05
2530,0.49872830510139465,0.4645845293998718,0.3414377272129059,1.3585064425634542e-05
2531,0.4955049157142639,0.46116942167282104,0.34335482120513916,1.3528655947984504e-05
2532,0.44680920243263245,0.41628074645996094,0.3052845597267151,1.3472356327205405e-05
2533,0.45694079995155334,0.4252665042877197,0.31674283742904663,1.341616563417163e-05
2534,0.4788847267627716,0.4462607204914093,0.3262401223182678,1.3360083939620394e-05
2535,0.4936050772666931,0.45969513058662415,0.3390994966030121,1.330411131415169e-05
2536,0.4674810767173767,0.4353022277355194,0.3217884600162506,1.3248247828228245e-05
2537,0.47952648997306824,0.4466034173965454,0.3292306661605835,1.3192493552175366e-05
2538,0.47321197390556335,0.44068580865859985,0.32526156306266785,1.3136848556180892e-05
2539,0.4929928183555603,0.4592288136482239,0.3376398980617523,1.308131291029504e-05
2540,0.4972122013568878,0.4630291759967804,0.34183016419410706,1.3025886684430467e-05
2541,0.48713749647140503,0.4537596106529236,0.33377891778945923,1.2970569948361999e-05
2542,0.45645666122436523,0.4254009425640106,0.3105570673942566,1.291536277172667e-05
2543,0.4922574758529663,0.45820343494415283,0.3405405580997467,1.2860265224023549e-05
2544,0.4638063907623291,0.43199244141578674,0.31813952326774597,1.2805277374613744e-05
2545,0.46217307448387146,0.4305966794490814,0.31576400995254517,1.2750399292720283e-05
2546,0.5098332762718201,0.4742712676525116,0.35561996698379517,1.2695631047427937e-05
2547,0.5026906132698059,0.4680097997188568,0.3468083441257477,1.2640972707683252e-05
2548,0.47375017404556274,0.4415207803249359,0.3222939372062683,1.2586424342294412e-05
2549,0.5049325227737427,0.46989181637763977,0.35040730237960815,1.2531986019931119e-05
2550,0.46542882919311523,0.43348830938339233,0.31940507888793945,1.2477657809124631e-05
2551,0.4699748754501343,0.43824517726898193,0.31729692220687866,1.242343977826752e-05
2552,0.4824158847332001,0.4492557942867279,0.33160099387168884,1.2369331995613653e-05
2553,0.487216055393219,0.4538506865501404,0.3336538076400757,1.2315334529278132e-05
2554,0.5059236884117126,0.4716230630874634,0.3430064022541046,1.2261447447237195e-05
2555,0.5036185383796692,0.46918097138404846,0.344375878572464,1.2207670817328066e-05
2556,0.4720803499221802,0.439659982919693,0.32420361042022705,1.2154004707249011e-05
2557,0.47077691555023193,0.43814027309417725,0.32636648416519165,1.2100449184559093e-05
2558,0.46754026412963867,0.43485409021377563,0.32686179876327515,1.2047004316678156e-05
2559,0.48481041193008423,0.451437771320343,0.3337263762950897,1.1993670170886806e-05
2560,0.4793054461479187,0.44676581025123596,0.32539644837379456,1.19404468143262e-05
2561,0.4682602882385254,0.43605145812034607,0.32208824157714844,1.1887334313998066e-05
2562,0.46039843559265137,0.42819342017173767,0.3220502734184265,1.1834332736764554e-05
2563,0.4642958641052246,0.4322444498538971,0.3205142915248871,1.1781442149348155e-05
2564,0.4725383520126343,0.44027435779571533,0.32264000177383423,1.1728662618331698e-05
2565,0.47816523909568787,0.4454291760921478,0.3273605704307556,1.1675994210158181e-05
2566,0.49201682209968567,0.45847266912460327,0.3354414403438568,1.1623436991130654e-05
2567,0.47796085476875305,0.4449419379234314,0.3301890790462494,1.1570991027412304e-05
2568,0.4742323160171509,0.44184720516204834,0.3238511085510254,1.151865638502615e-05
2569,0.5166354179382324,0.4805479943752289,0.3608740568161011,1.1466433129855158e-05
2570,0.4874860346317291,0.45369991660118103,0.3378610908985138,1.141432132764202e-05
2571,0.4975932836532593,0.4635568857192993,0.34036409854888916,1.1362321043989132e-05
2572,0.45789834856987,0.4266488254070282,0.3124951422214508,1.1310432344358502e-05
2573,0.44155436754226685,0.41143885254859924,0.301155149936676,1.1258655294071685e-05
2574,0.46362295746803284,0.4313129186630249,0.3231004476547241,1.1206989958309656e-05
2575,0.47607219219207764,0.4434375464916229,0.3263463079929352,1.1155436402112785e-05
2576,0.47334742546081543,0.44009944796562195,0.33247989416122437,1.1103994690380681e-05
2577,0.46346786618232727,0.43200722336769104,0.3146064281463623,1.105266488787221e-05
2578,0.5099009871482849,0.47443318367004395,0.35467806458473206,1.1001447059205305e-05
2579,0.49132728576660156,0.45737364888191223,0.33953624963760376,1.0950341268857e-05
2580,0.4582248032093048,0.42657992243766785,0.3164488673210144,1.0899347581163221e-05
2581,0.4749671220779419,0.4428066611289978,0.32160475850105286,1.0848466060318807e-05
2582,0.4663988947868347,0.4339151084423065,0.32483789324760437,1.0797696770377352e-05
2583,0.5089765191078186,0.474113404750824,0.34863126277923584,1.0747039775251266e-05
2584,0.47749587893486023,0.44465598464012146,0.32839885354042053,1.069649513871147e-05
2585,0.48731374740600586,0.4536243975162506,0.33689337968826294,1.0646062924387512e-05
2586,0.5006512403488159,0.46616294980049133,0.3448827564716339,1.0595743195767393e-05
2587,0.479276180267334,0.4464126229286194,0.32863545417785645,1.0545536016197499e-05
2588,0.5007056593894958,0.46629980206489563,0.34405866265296936,1.0495441448882571e-05
2589,0.48131680488586426,0.4480518698692322,0.332649290561676,1.0445459556885517e-05
2590,0.45568928122520447,0.4242819845676422,0.31407293677330017,1.0395590403127486e-05
2591,0.5070676803588867,0.47241947054862976,0.34648197889328003,1.0345834050387627e-05
2592,0.4896758198738098,0.45601344108581543,0.3366236686706543,1.0296190561303132e-05
2593,0.4673628509044647,0.43554365634918213,0.3181920051574707,1.024665999836909e-05
2594,0.49650275707244873,0.46282434463500977,0.3367839753627777,1.0197242423938446e-05
2595,0.4730277359485626,0.4401916265487671,0.32836106419563293,1.0147937900221883e-05
2596,0.46453607082366943,0.4323807656764984,0.32155317068099976,1.0098746489287758e-05
2597,0.490484356880188,0.45682257413864136,0.3366178274154663,1.0049668253062105e-05
2598,0.46325060725212097,0.43144676089286804,0.3180384337902069,1.0000703253328414e-05
2599,0.49933838844299316,0.46521392464637756,0.3412446677684784,9.95185155172762e-06
2600,0.49551093578338623,0.4613722860813141,0.3413864076137543,9.903113209758096e-06
2601,0.48386502265930176,0.45060890913009644,0.3325609862804413,9.854488288775422e-06
2602,0.47413137555122375,0.44177496433258057,0.3235641121864319,9.805976849992494e-06
2603,0.4690094292163849,0.4367715120315552,0.3223792016506195,9.757578954479262e-06
2604,0.43729883432388306,0.4074396789073944,0.2985917031764984,9.709294663162771e-06
2605,0.4944530129432678,0.4603818655014038,0.3407116234302521,9.661124036827063e-06
2606,0.4655410051345825,0.4336695671081543,0.31871429085731506,9.61306713611304e-06
2607,0.4828169643878937,0.4496873617172241,0.3312959372997284,9.565124021518545e-06
2608,0.489496648311615,0.4558961093425751,0.336005300283432,9.517294753398064e-06
2609,0.4563310742378235,0.4247412383556366,0.3158983290195465,9.469579391962813e-06
2610,0.4875491261482239,0.4538668990135193,0.33682215213775635,9.421977997280596e-06
2611,0.4592777490615845,0.42763447761535645,0.31643274426460266,9.3744906292758e-06
2612,0.483913779258728,0.45055919885635376,0.33354565501213074,9.327117347729197e-06
2613,0.44582462310791016,0.41501253843307495,0.3081209659576416,9.27985821227798e-06
2614,0.48183950781822205,0.44836685061454773,0.334726482629776,9.23271328241564e-06
2615,0.4542231857776642,0.422851026058197,0.31372156739234924,9.185682617491863e-06
2616,0.45388033986091614,0.4226049482822418,0.3127540349960327,9.138766276712552e-06
2617,0.4734715223312378,0.4407370388507843,0.32734498381614685,9.091964319139645e-06
2618,0.4728606045246124,0.4406312108039856,0.32229384779930115,9.045276803691094e-06
2619,0.47920680046081543,0.44620281457901,0.330039918422699,8.998703789140772e-06
2620,0.47452548146247864,0.44189342856407166,0.32632043957710266,8.952245334118414e-06
2621,0.480509877204895,0.4473649263381958,0.33144935965538025,8.905901497109581e-06
2622,0.46063458919525146,0.4290272891521454,0.31607288122177124,8.85967233645547e-06
2623,0.48206719756126404,0.4487729072570801,0.332942932844162,8.813557910352999e-06
2624,0.500842273235321,0.46668222546577454,0.34160059690475464,8.76755827685456e-06
2625,0.45971861481666565,0.4280300736427307,0.31688544154167175,8.72167349386811e-06
2626,0.46931812167167664,0.4368784427642822,0.3243967294692993,8.675903619156977e-06
2627,0.48299846053123474,0.4493948817253113,0.33603575825691223,8.63024871033985e-06
2628,0.4869941473007202,0.4532933235168457,0.33700811862945557,8.584708824890697e-06
2629,0.4494081735610962,0.41794353723526,0.31464630365371704,8.539284020138638e-06
2630,0.4641227722167969,0.43197327852249146,0.32149505615234375,8.493974353268019e-06
2631,0.45774632692337036,0.42644745111465454,0.31298860907554626,8.448779881318148e-06
2632,0.46129685640335083,0.42977237701416016,0.31524473428726196,8.403700661183355e-06
2633,0.4892849028110504,0.4560244083404541,0.33260488510131836,8.358736749612873e-06
2634,0.4945527911186218,0.4606531858444214,0.338996022939682,8.313888203210774e-06
2635,0.48718932271003723,0.4530643820762634,0.34124934673309326,8.269155078435931e-06
2636,0.5050052404403687,0.47034546732902527,0.34659767150878906,8.224537431601886e-06
2637,0.4752368927001953,0.44291114807128906,0.3232573866844177,8.1800353188768e-06
2638,0.46573665738105774,0.43305379152297974,0.32682859897613525,8.135648796283402e-06
2639,0.4461328983306885,0.4155835211277008,0.30549365282058716,8.091377919698895e-06
2640,0.4846912622451782,0.4516516923904419,0.3303956687450409,8.047222744854943e-06
2641,0.49952432513237,0.46464383602142334,0.348804771900177,8.003183327337504e-06
2642,0.4719805419445038,0.4391571283340454,0.3282342553138733,7.95925972258683e-06
2643,0.47783857583999634,0.44501662254333496,0.3282194137573242,7.915451985897382e-06
2644,0.4653266966342926,0.4336322546005249,0.31694453954696655,7.871760172417763e-06
2645,0.4551766812801361,0.4240531325340271,0.3112355172634125,7.828184337150613e-06
2646,0.497936487197876,0.46324124932289124,0.3469524681568146,7.784724534952625e-06
2647,0.4797239303588867,0.4463796615600586,0.3334425687789917,7.74138082053436e-06
2648,0.4437822997570038,0.41356855630874634,0.3021373748779297,7.698153248460271e-06
2649,0.501903772354126,0.4666709899902344,0.3523281216621399,7.655041873148605e-06
2650,0.45013758540153503,0.4193633496761322,0.3077424466609955,7.612046748871327e-06
2651,0.48179495334625244,0.44853952527046204,0.33255425095558167,7.56916792975404e-06
2652,0.45495063066482544,0.4238571524620056,0.31093478202819824,7.526405469775955e-06
2653,0.4684599041938782,0.43620678782463074,0.3225311040878296,7.483759422769765e-06
2654,0.45754939317703247,0.42597371339797974,0.3157567083835602,7.441229842421671e-06
2655,0.4519726634025574,0.42089298367500305,0.31079667806625366,7.398816782271223e-06
2656,0.44773733615875244,0.41701799631118774,0.3071935176849365,7.3565202957112555e-06
2657,0.4357277452945709,0.4057862162590027,0.2994154095649719,7.314340435987921e-06
2658,0.4785965085029602,0.4459390938282013,0.3265739977359772,7.272277256200499e-06
2659,0.4841986298561096,0.45112285017967224,0.33075767755508423,7.230330809301411e-06
2660,0.5075702667236328,0.47252121567726135,0.35049036145210266,7.1885011480961164e-06
2661,0.48075005412101746,0.4473513066768646,0.33398738503456116,7.1467883252430364e-06
2662,0.5262999534606934,0.4896661937236786,0.3663373291492462,7.105192393253524e-06
2663,0.5109003186225891,0.4753437936306,0.3555653393268585,7.063713404491812e-06
2664,0.4580639898777008,0.42661458253860474,0.31449419260025024,7.022351411174866e-06
2665,0.4942271113395691,0.4603734016418457,0.3385371267795563,6.981106465372389e-06
2666,0.47593414783477783,0.44275668263435364,0.33177468180656433,6.939978619006737e-06
2667,0.44434210658073425,0.4137384295463562,0.30603671073913574,6.8989679238528395e-06
2668,0.4347676932811737,0.4052213728427887,0.29546308517456055,6.858074431538164e-06
2669,0.4735284447669983,0.4405738115310669,0.3295462429523468,6.817298193542643e-06
2670,0.47285014390945435,0.4404667019844055,0.32383447885513306,6.776639261198581e-06
2671,0.49938082695007324,0.46498560905456543,0.3439522981643677,6.736097685690601e-06
2672,0.4614924192428589,0.42923232913017273,0.32260075211524963,6.695673518055579e-06
2673,0.5167091488838196,0.48151883482933044,0.35190293192863464,6.655366809182662e-06
2674,0.46794867515563965,0.43523022532463074,0.32718461751937866,6.615177609813039e-06
2675,0.47453609108924866,0.4423418343067169,0.32194268703460693,6.5751059705400295e-06
2676,0.4675122797489166,0.4353788495063782,0.32133421301841736,6.5351519418089145e-06
2677,0.42395779490470886,0.39453354477882385,0.29424238204956055,6.4953155739169495e-06
2678,0.46504682302474976,0.433002769947052,0.3204406201839447,6.455596917013273e-06
2679,0.5082957148551941,0.47305426001548767,0.35241463780403137,6.415996021098813e-06
2680,0.4721551537513733,0.4394738972187042,0.3268124759197235,6.37651293602628e-06
2681,0.46894800662994385,0.4366064965724945,0.32341524958610535,6.3371477115000466e-06
2682,0.503159761428833,0.4686189591884613,0.34540802240371704,6.29790039707614e-06
2683,0.4648451805114746,0.4329875111579895,0.3185766935348511,6.258771042162137e-06
2684,0.4633057117462158,0.43149828910827637,0.31807413697242737,6.219759696017113e-06
2685,0.4733375012874603,0.4406099021434784,0.32727599143981934,6.180866407751595e-06
2686,0.4666408598423004,0.4349623918533325,0.3167845606803894,6.142091226327484e-06
2687,0.4539913237094879,0.42273178696632385,0.3125953674316406,6.103434200558011e-06
2688,0.4466917812824249,0.4159465730190277,0.30745211243629456,6.06489537910766e-06
2689,0.46899789571762085,0.4364706575870514,0.32527247071266174,6.0264748104920776e-06
2690,0.46115589141845703,0.4294760525226593,0.31679853796958923,5.988172543078097e-06
2691,0.4975874423980713,0.4632844030857086,0.34303030371665955,5.9499886250835805e-06
2692,0.49505549669265747,0.46020248532295227,0.3485300838947296,5.911923104577455e-06
2693,0.512130081653595,0.47650930285453796,0.3562075197696686,5.8739760294795335e-06
2694,0.4848605990409851,0.45192453265190125,0.3293607532978058,5.8361474475605695e-06
2695,0.4866795241832733,0.453545480966568,0.3313405513763428,5.7984374064421035e-06
2696,0.47898536920547485,0.4459714889526367,0.33013880252838135,5.760845953596527e-06
2697,0.47156330943107605,0.4393584728240967,0.3220483660697937,5.723373136346854e-06
2698,0.4528598487377167,0.42184895277023315,0.31010890007019043,5.6860190018667934e-06
2699,0.4741736948490143,0.44101789593696594,0.33155810832977295,5.6487835971806515e-06
2700,0.4949702322483063,0.4613616466522217,0.33608582615852356,5.611666969163243e-06
2701,0.48171040415763855,0.4483041763305664,0.33406221866607666,5.574669164539903e-06
2702,0.46115365624427795,0.429494172334671,0.31659480929374695,5.537790229886319e-06
2703,0.5000070333480835,0.4653417468070984,0.34665271639823914,5.501030211628599e-06
2704,0.47418004274368286,0.4416765570640564,0.3250347673892975,5.464389156043115e-06
2705,0.4791414439678192,0.4458921253681183,0.33249324560165405,5.427867109256457e-06
2706,0.45613062381744385,0.42446136474609375,0.3166925311088562,5.39146411724547e-06
2707,0.4825477600097656,0.4491965174674988,0.3335125148296356,5.355180225837053e-06
2708,0.4588196873664856,0.4275466501712799,0.3127305209636688,5.3190154807082005e-06
2709,0.4655550718307495,0.43354007601737976,0.3201499581336975,5.282969927385906e-06
2710,0.4644647538661957,0.43227723240852356,0.3218752443790436,5.247043611247127e-06
2711,0.48156338930130005,0.4478859603404999,0.33677414059638977,5.211236577518719e-06
2712,0.487982839345932,0.45410990715026855,0.33872923254966736,5.175548871277358e-06
2713,0.47263067960739136,0.4401525557041168,0.3247810900211334,5.13998053744954e-06
2714,0.48729807138442993,0.4541243016719818,0.3317376375198364,5.104531620811414e-06
2715,0.48864832520484924,0.4550267159938812,0.3362160921096802,5.0692021659888735e-06
2716,0.4917757213115692,0.45825862884521484,0.33517104387283325,5.033992217457395e-06
2717,0.4802950620651245,0.4474952220916748,0.32799848914146423,4.998901819541979e-06
2718,0.48664432764053345,0.4535379111766815,0.3310641348361969,4.963931016417167e-06
2719,0.4815097749233246,0.4482120871543884,0.33297696709632874,4.929079852106933e-06
2720,0.46066200733184814,0.4288988411426544,0.31763166189193726,4.8943483704846475e-06
2721,0.4511427879333496,0.42044374346733093,0.3069903254508972,4.859736615273003e-06
2722,0.4609462320804596,0.4293496608734131,0.31596583127975464,4.825244630043979e-06
2723,0.515886664390564,0.4801468551158905,0.35739821195602417,4.790872458218754e-06
2724,0.47756847739219666,0.4450245499610901,0.32543933391571045,4.756620143067725e-06
2725,0.4965970516204834,0.4624629020690918,0.34134161472320557,4.722487727710368e-06
2726,0.4786461591720581,0.4458330571651459,0.3281310200691223,4.688475255115244e-06
2727,0.46002012491226196,0.4279567301273346,0.3206339180469513,4.65458276809988e-06
2728,0.4572831392288208,0.4256244897842407,0.3165866434574127,4.620810309330803e-06
2729,0.4921042025089264,0.4582403600215912,0.33863845467567444,4.587157921323393e-06
2730,0.490540087223053,0.4568592607975006,0.33680829405784607,4.553625646441928e-06
2731,0.47215643525123596,0.4395178258419037,0.32638609409332275,4.520213526899431e-06
2732,0.47487640380859375,0.4424270987510681,0.3244931995868683,4.486921604757699e-06
2733,0.5060362219810486,0.4712410867214203,0.34795138239860535,4.453749921927175e-06
2734,0.4692263603210449,0.4369474947452545,0.3227885663509369,4.420698520166988e-06
2735,0.4973829686641693,0.46337956190109253,0.34003403782844543,4.3877674410848e-06
2736,0.4697398245334625,0.4371495246887207,0.32590293884277344,4.35495672613685e-06
2737,0.4786130487918854,0.44568967819213867,0.3292337656021118,4.322266416627785e-06
2738,0.4881379008293152,0.45473089814186096,0.334070086479187,4.289696553710731e-06
2739,0.4876423478126526,0.45338720083236694,0.34255146980285645,4.257247178387192e-06
2740,0.47312745451927185,0.4405813217163086,0.32546132802963257,4.224918331506955e-06
2741,0.47033217549324036,0.43812841176986694,0.32203763723373413,4.19271005376809e-06
2742,0.4906725287437439,0.45734521746635437,0.3332729637622833,4.160622385716895e-06
2743,0.47237148880958557,0.4392140805721283,0.331574022769928,4.1286553677478136e-06
2744,0.471998393535614,0.4389193058013916,0.33079078793525696,4.096809040103444e-06
2745,0.5033002495765686,0.46824225783348083,0.35057976841926575,4.065083442874418e-06
2746,0.473693311214447,0.4411621391773224,0.3253117799758911,4.033478615999376e-06
2747,0.48319095373153687,0.44973224401474,0.334587037563324,4.001994599264957e-06
2748,0.4740203022956848,0.44150444865226746,0.3251584470272064,3.970631432305694e-06
2749,0.4879922568798065,0.45390236377716064,0.34089887142181396,3.93938915460399e-06
2750,0.4876972436904907,0.4538968801498413,0.3380035161972046,3.908267805490051e-06
2751,0.46174052357673645,0.4303172826766968,0.3142325282096863,3.877267424141862e-06
2752,0.4545295834541321,0.4235149025917053,0.31014686822891235,3.8463880495851146e-06
2753,0.49514099955558777,0.46143218874931335,0.33708810806274414,3.815629720693192e-06
2754,0.4661751687526703,0.433892160654068,0.32283008098602295,3.784992476187066e-06
2755,0.4505043625831604,0.41993948817253113,0.3056487441062927,3.7544763546352834e-06
2756,0.48051026463508606,0.44762641191482544,0.32883864641189575,3.7240813944539153e-06
2757,0.46250879764556885,0.43133193254470825,0.31176871061325073,3.6938076339065207e-06
2758,0.4834044277667999,0.4504438638687134,0.32960575819015503,3.6636551111040475e-06
2759,0.4699559509754181,0.43757325410842896,0.3238268792629242,3.633623864004887e-06
2760,0.46833503246307373,0.4358326494693756,0.32502371072769165,3.6037139304146762e-06
2761,0.4841786026954651,0.45070070028305054,0.33477887511253357,3.573925347986384e-06
2762,0.4746817946434021,0.4421222507953644,0.32559528946876526,3.5442581542201923e-06
2763,0.472195029258728,0.4399045407772064,0.3229050040245056,3.5147123864634924e-06
2764,0.4896741509437561,0.45586472749710083,0.3380940854549408,3.485288081910798e-06
2765,0.4723111689090729,0.4400116205215454,0.32299554347991943,3.455985277603713e-06
2766,0.44648846983909607,0.41556528210639954,0.30923178791999817,3.426804010430884e-06
2767,0.470846951007843,0.438350111246109,0.32496851682662964,3.3977443171279823e-06
2768,0.48817428946495056,0.4544827342033386,0.33691561222076416,3.3688062342776106e-06
2769,0.477602481842041,0.44450533390045166,0.3309714198112488,3.339989798309273e-06
2770,0.47662195563316345,0.4437370002269745,0.3288494944572449,3.311295045499363e-06
2771,0.4763922691345215,0.4440026581287384,0.32389625906944275,3.282722011971051e-06
2772,0.48259055614471436,0.44922029972076416,0.33370262384414673,3.254270733694331e-06
2773,0.48703575134277344,0.4536619782447815,0.33373770117759705,3.2259412464858753e-06
2774,0.4922143220901489,0.45870542526245117,0.3350889980792999,3.197733586009055e-06
2775,0.4937192499637604,0.4598373472690582,0.3388189375400543,3.169647787773866e-06
2776,0.4417136609554291,0.41154834628105164,0.3016531765460968,3.1416838871368924e-06
2777,0.44530895352363586,0.4148111641407013,0.30497777462005615,3.1138419193012857e-06
2778,0.49080583453178406,0.4568929374217987,0.33912885189056396,3.086121919316698e-06
2779,0.471382200717926,0.43860679864883423,0.3277539312839508,3.0585239220792037e-06
2780,0.4704863429069519,0.43834778666496277,0.32138562202453613,3.0310479623313127e-06
2781,0.4703883230686188,0.4378281831741333,0.3256015181541443,3.0036940746619224e-06
2782,0.4502789378166199,0.4193250834941864,0.30953869223594666,2.9764622935062438e-06
2783,0.48548275232315063,0.4520114064216614,0.3347134292125702,2.949352653145754e-06
2784,0.4777873754501343,0.4444292187690735,0.33358147740364075,2.922365187708187e-06
2785,0.495368629693985,0.4612795114517212,0.34089112281799316,2.8954999311674558e-06
2786,0.4553380608558655,0.4239588677883148,0.31379199028015137,2.8687569173436623e-06
2787,0.48584550619125366,0.4521464705467224,0.33699020743370056,2.842136179902988e-06
2788,0.5056402087211609,0.47036561369895935,0.35274580121040344,2.8156377523576803e-06
2789,0.47476595640182495,0.44236698746681213,0.32398971915245056,2.7892616680660457e-06
2790,0.4901033937931061,0.45635050535202026,0.3375287652015686,2.7630079602323442e-06
2791,0.4863794147968292,0.451954185962677,0.3442522883415222,2.7368766619067953e-06
2792,0.45957934856414795,0.42796340584754944,0.31615951657295227,2.7108678059855065e-06
2793,0.5194481611251831,0.48384010791778564,0.3560802936553955,2.6849814252104754e-06
2794,0.472463458776474,0.4398866891860962,0.3257676362991333,2.6592175521694795e-06
2795,0.47404026985168457,0.44167330861091614,0.3236697018146515,2.6335762192960743e-06
2796,0.472608357667923,0.43957021832466125,0.33038130402565,2.608057458869606e-06
2797,0.46015068888664246,0.4281667172908783,0.31983983516693115,2.582661303015066e-06
2798,0.4772794544696808,0.4443448483943939,0.3293461799621582,2.5573877837031137e-06
2799,0.5005246996879578,0.46611446142196655,0.34410256147384644,2.532236932750021e-06
2800,0.46947136521339417,0.4368138909339905,0.3265746533870697,2.5072087818176382e-06
2801,0.4982911944389343,0.4638773500919342,0.3441382944583893,2.482303362413374e-06
2802,0.48399221897125244,0.45042699575424194,0.3356523811817169,2.457520705890093e-06
2803,0.46787211298942566,0.43558722734451294,0.32284894585609436,2.4328608434461276e-06
2804,0.45796433091163635,0.4263404309749603,0.3162388801574707,2.4083238061252567e-06
2805,0.45682886242866516,0.42573487758636475,0.3109397292137146,2.383909624816616e-06
2806,0.44219955801963806,0.41153663396835327,0.3066292405128479,2.3596183302546647e-06
2807,0.48029330372810364,0.4477410614490509,0.3255224823951721,2.3354499530191975e-06
2808,0.4541214108467102,0.4234103858470917,0.3071103096008301,2.311404523535243e-06
2809,0.4836035966873169,0.45048537850379944,0.3311820328235626,2.2874820720730438e-06
2810,0.48997727036476135,0.456307590007782,0.33669692277908325,2.2636826287480873e-06
2811,0.4975619316101074,0.46288278698921204,0.3467913568019867,2.240006223520941e-06
2812,0.4632342755794525,0.43175145983695984,0.3148280680179596,2.2164528861973064e-06
2813,0.48275646567344666,0.4494348466396332,0.33321613073349,2.193022646427978e-06
2814,0.4666452407836914,0.4346406161785126,0.32004621624946594,2.1697155337087604e-06
2815,0.46875864267349243,0.43661507964134216,0.3214357793331146,2.1465315773804616e-06
2816,0.4528428316116333,0.4218428432941437,0.3100000023841858,2.123470806628858e-06
2817,0.476148396730423,0.44320932030677795,0.32939067482948303,2.1005332504846597e-06
2818,0.4771037697792053,0.4437977075576782,0.33306071162223816,2.0777189378234143e-06
2819,0.4581134021282196,0.4264971911907196,0.3161621391773224,2.0550278973656024e-06
2820,0.49448391795158386,0.45928502082824707,0.3519890606403351,2.032460157676452e-06
2821,0.5099108815193176,0.47518351674079895,0.34727364778518677,2.010015747165983e-06
2822,0.509436845779419,0.47429221868515015,0.3514464497566223,1.9876946940889927e-06
2823,0.4679984450340271,0.4358190596103668,0.32179394364356995,1.965497026544938e-06
2824,0.5066291689872742,0.4718131721019745,0.3481597602367401,1.9434227724779984e-06
2825,0.4675906002521515,0.43579375743865967,0.3179685175418854,1.921471959676957e-06
2826,0.477323055267334,0.44464921951293945,0.32673823833465576,1.899644615775209e-06
2827,0.5033980011940002,0.4680439233779907,0.35354089736938477,1.8779407682507077e-06
2828,0.4778357148170471,0.44491738080978394,0.32918334007263184,1.856360444425953e-06
2829,0.46285778284072876,0.43090274930000305,0.31955039501190186,1.834903671467958e-06
2830,0.48385855555534363,0.4502066373825073,0.3365193009376526,1.81357047638816e-06
2831,0.4520151913166046,0.4208139181137085,0.3120127022266388,1.7923608860424658e-06
2832,0.46905532479286194,0.4366163909435272,0.32438933849334717,1.771274927131139e-06
2833,0.502045750617981,0.46744072437286377,0.3460499942302704,1.7503126261988355e-06
2834,0.48872309923171997,0.4546811282634735,0.34041982889175415,1.7294740096345575e-06
2835,0.44155192375183105,0.4107004702091217,0.30851465463638306,1.7087591036715534e-06
2836,0.4741556942462921,0.44138461351394653,0.32771071791648865,1.6881679343873636e-06
2837,0.5019697546958923,0.4673062860965729,0.34663474559783936,1.667700527703775e-06
2838,0.47907280921936035,0.44598037004470825,0.33092424273490906,1.6473569093867436e-06
2839,0.5069552063941956,0.4719655513763428,0.3498964011669159,1.6271371050464056e-06
2840,0.4640620946884155,0.431907057762146,0.32155048847198486,1.6070411401370334e-06
2841,0.44712162017822266,0.41689828038215637,0.3022335469722748,1.58706903995699e-06
2842,0.42888695001602173,0.39939001202583313,0.2949695289134979,1.5672208296486969e-06
2843,0.4574585556983948,0.42596060037612915,0.314979612827301,1.5474965341986558e-06
2844,0.4825787842273712,0.4485931098461151,0.3398568332195282,1.5278961784373268e-06
2845,0.4786864221096039,0.4455718398094177,0.3311459422111511,1.5084197870391837e-06
2846,0.4712733328342438,0.4385916590690613,0.32681676745414734,1.4890673845226133e-06
2847,0.45723554491996765,0.4261297881603241,0.3110576272010803,1.469838995249928e-06
2848,0.47798436880111694,0.44544562697410583,0.325387567281723,1.4507346434273316e-06
2849,0.4866943359375,0.453328400850296,0.33365926146507263,1.4317543531048749e-06
2850,0.5033679008483887,0.4686976373195648,0.3467027246952057,1.4128981481764115e-06
2851,0.46797382831573486,0.435108482837677,0.32865360379219055,1.3941660523796196e-06
2852,0.47800618410110474,0.4451906681060791,0.3281553089618683,1.375558089295914e-06
2853,0.4857828617095947,0.45229974389076233,0.334831178188324,1.3570742823504567e-06
2854,0.4985489547252655,0.46452537178993225,0.34023573994636536,1.3387146548120899e-06
2855,0.483049601316452,0.4500710368156433,0.32978555560112,1.3204792297933588e-06
2856,0.4960878789424896,0.4611491560935974,0.3493872284889221,1.3023680302504338e-06
2857,0.496751606464386,0.4627969264984131,0.33954665064811707,1.2843810789831102e-06
2858,0.4585743844509125,0.42689335346221924,0.3168102204799652,1.2665183986347528e-06
2859,0.47451937198638916,0.4418841302394867,0.32635244727134705,1.2487800116922966e-06
2860,0.4901774823665619,0.4563896656036377,0.3378782868385315,1.231165940486234e-06
2861,0.5075547099113464,0.47272834181785583,0.3482637405395508,1.2136762071904838e-06
2862,0.4881826341152191,0.4544755816459656,0.33707040548324585,1.1963108338225337e-06
2863,0.489269495010376,0.45535439252853394,0.3391511142253876,1.1790698422432521e-06
2864,0.5077980160713196,0.4728497862815857,0.3494825065135956,1.1619532541569333e-06
2865,0.4796144366264343,0.4463769495487213,0.33237501978874207,1.1449610911112741e-06
2866,0.49215391278266907,0.4580146074295044,0.34139305353164673,1.128093374497352e-06
2867,0.4678085744380951,0.43554094433784485,0.3226762115955353,1.1113501255495485e-06
2868,0.4731883108615875,0.4404486119747162,0.32739710807800293,1.0947313653455694e-06
2869,0.4818272888660431,0.448587030172348,0.33240264654159546,1.0782371148064241e-06
2870,0.4897834062576294,0.4561022222042084,0.33681172132492065,1.0618673946963365e-06
2871,0.4892541766166687,0.45539534091949463,0.33858832716941833,1.0456222256227999e-06
2872,0.4838942289352417,0.4502222239971161,0.33672019839286804,1.0295016280365112e-06
2873,0.4834524095058441,0.4502108693122864,0.33241528272628784,1.0135056222313143e-06
2874,0.4756603538990021,0.44297727942466736,0.3268308639526367,9.976342283442463e-07
2875,0.493092805147171,0.459803968667984,0.33288830518722534,9.818874663554357e-07
2876,0.4755935072898865,0.4420316219329834,0.3356187045574188,9.662653560881584e-07
2877,0.49740350246429443,0.46313416957855225,0.34269341826438904,9.50767917208728e-07
2878,0.44180697202682495,0.4118598401546478,0.2994711995124817,9.353951692265383e-07
2879,0.5092811584472656,0.47432488203048706,0.34956255555152893,9.20147131493998e-07
2880,0.47992560267448425,0.4464341700077057,0.33491429686546326,9.0502382320653e-07
2881,0.48098841309547424,0.44785237312316895,0.3313603401184082,8.900252634025274e-07
2882,0.4767014682292938,0.44366270303726196,0.33038777112960815,8.751514709633424e-07
2883,0.5044405460357666,0.4701192080974579,0.34321337938308716,8.604024646132857e-07
2884,0.45332473516464233,0.4222969710826874,0.3102774918079376,8.457782629195388e-07
2885,0.5086838006973267,0.47367098927497864,0.350128173828125,8.31278884292186e-07
2886,0.4781779646873474,0.4456518292427063,0.3252612054347992,8.16904346984193e-07
2887,0.4822080135345459,0.44895169138908386,0.33256325125694275,8.026546690913406e-07
2888,0.4798223078250885,0.4467940926551819,0.3302820920944214,7.885298685522235e-07
2889,0.4629104733467102,0.43058568239212036,0.32324784994125366,7.745299631482405e-07
2890,0.47684192657470703,0.4442324638366699,0.32609447836875916,7.606549705035937e-07
2891,0.4757252633571625,0.44266703724861145,0.33058229088783264,7.469049080851775e-07
2892,0.4645666480064392,0.43259555101394653,0.31971099972724915,7.332797932026459e-07
2893,0.45868685841560364,0.42726606130599976,0.3142080008983612,7.19779643008367e-07
2894,0.4699009358882904,0.43761810660362244,0.3228282630443573,7.064044744973686e-07
2895,0.4739498496055603,0.44115346670150757,0.3279639780521393,6.931543045073708e-07
2896,0.49011021852493286,0.4564632773399353,0.3364693522453308,6.800291497187083e-07
2897,0.5256535410881042,0.48985201120376587,0.35801541805267334,6.670290266543644e-07
2898,0.4996088743209839,0.4646105170249939,0.3499835133552551,6.541539516799033e-07
2899,0.4661281704902649,0.4342202842235565,0.31907880306243896,6.414039410034489e-07
2900,0.5044782161712646,0.46959811449050903,0.3488008975982666,6.287790106757396e-07
2901,0.48129546642303467,0.44866639375686646,0.3262906074523926,6.162791765900177e-07
2902,0.4676225781440735,0.4343055188655853,0.33317044377326965,6.039044544820404e-07
2903,0.48554539680480957,0.4519597589969635,0.3358563780784607,5.916548599300576e-07
2904,0.4617415964603424,0.4304550290107727,0.3128657639026642,5.795304083548559e-07
2905,0.49090442061424255,0.45677193999290466,0.34132471680641174,5.675311150195928e-07
2906,0.4770820438861847,0.444078266620636,0.3300377130508423,5.556569950299517e-07
2907,0.46317121386528015,0.4318311810493469,0.31340041756629944,5.439080633339866e-07
2908,0.46552613377571106,0.4337521195411682,0.31774017214775085,5.322843347221662e-07
2909,0.48387861251831055,0.4507112205028534,0.33167389035224915,5.207858238273522e-07
2910,0.5024721026420593,0.4677995443344116,0.3467257022857666,5.094125451247655e-07
2911,0.44272831082344055,0.4119323194026947,0.30795982480049133,4.981645129319756e-07
2912,0.4574998915195465,0.4263971447944641,0.3110273778438568,4.870417414088779e-07
2913,0.4455115497112274,0.4141506552696228,0.31360888481140137,4.760442445576829e-07
2914,0.4742024540901184,0.4418237805366516,0.3237866461277008,4.6517203622291615e-07
2915,0.4837779104709625,0.44990473985671997,0.338731586933136,4.544251300913405e-07
2916,0.48599493503570557,0.4523323178291321,0.3366261124610901,4.438035396920004e-07
2917,0.4956416189670563,0.46178773045539856,0.3385389745235443,4.333072783961889e-07
2918,0.47495096921920776,0.4421776831150055,0.3277328908443451,4.2293635941742517e-07
2919,0.45784884691238403,0.42670875787734985,0.31140080094337463,4.1269079581142124e-07
2920,0.4692476987838745,0.43641307950019836,0.328346312046051,4.025706004760932e-07
2921,0.4953496754169464,0.46137136220932007,0.33978310227394104,3.925757861515389e-07
2922,0.4903887212276459,0.45675021409988403,0.33638516068458557,3.827063654199936e-07
2923,0.4313102066516876,0.4018028974533081,0.2950729727745056,3.7296235070587435e-07
2924,0.46607136726379395,0.43374839425086975,0.3232298791408539,3.633437542756912e-07
2925,0.4941643476486206,0.46001380681991577,0.3415054976940155,3.5385058823809156e-07
2926,0.47556793689727783,0.442565381526947,0.33002567291259766,3.444828645438047e-07
2927,0.49710169434547424,0.4630892276763916,0.3401246964931488,3.3524059498565297e-07
2928,0.4811069965362549,0.4478182792663574,0.3328872621059418,3.261237911985404e-07
2929,0.4660212993621826,0.43422502279281616,0.3179626762866974,3.171324646593865e-07
2930,0.46461087465286255,0.4327966272830963,0.3181423544883728,3.0826662668720364e-07
2931,0.4986513555049896,0.4639124870300293,0.3473885655403137,2.99526288442975e-07
2932,0.4410717487335205,0.41030699014663696,0.3076476752758026,2.9091146092973254e-07
2933,0.48398640751838684,0.4508177638053894,0.3316865563392639,2.8242215499248993e-07
2934,0.45822110772132874,0.42645612359046936,0.3176499307155609,2.740583813182429e-07
2935,0.47687041759490967,0.4444201588630676,0.3245026469230652,2.658201504359803e-07
2936,0.49092045426368713,0.45742201805114746,0.3349844515323639,2.577074727165951e-07
2937,0.5025515556335449,0.4674648642539978,0.35086721181869507,2.497203583729957e-07
2938,0.4883718192577362,0.4543428122997284,0.3402899503707886,2.418588174599612e-07
2939,0.4759131669998169,0.44242027401924133,0.33492887020111084,2.3412285987420847e-07
2940,0.49277403950691223,0.458292692899704,0.34481343626976013,2.265124953543918e-07
2941,0.48358750343322754,0.4506570100784302,0.329304963350296,2.1902773348100315e-07
2942,0.46807631850242615,0.43602254986763,0.3205375671386719,2.1166858367646093e-07
2943,0.5084322690963745,0.47348281741142273,0.3494948148727417,2.0443505520503224e-07
2944,0.4929480254650116,0.4584704339504242,0.3447757959365845,1.973271571728441e-07
2945,0.47816386818885803,0.4454275965690613,0.32736262679100037,1.9034489852787218e-07
2946,0.48656025528907776,0.4531044065952301,0.3345584273338318,1.834882880599409e-07
2947,0.4564343988895416,0.4249459505081177,0.31488460302352905,1.7675733440066789e-07
2948,0.4596460163593292,0.4275047779083252,0.3214123547077179,1.7015204602350843e-07
2949,0.45832931995391846,0.4268375039100647,0.31491830945014954,1.6367243124372212e-07
2950,0.4711287021636963,0.4389953315258026,0.3213338255882263,1.5731849821833954e-07
2951,0.4717593193054199,0.43839988112449646,0.333594411611557,1.5109025494620677e-07
2952,0.46941524744033813,0.43729084730148315,0.3212439715862274,1.449877092679075e-07
2953,0.47607341408729553,0.44328561425209045,0.32787805795669556,1.3901086886580762e-07
2954,0.4895724058151245,0.4556141793727875,0.33958232402801514,1.3315974126401066e-07
2955,0.47298359870910645,0.4401039779186249,0.3287963271141052,1.274343338283801e-07
2956,0.4796937108039856,0.4457918703556061,0.33901840448379517,1.2183465376650605e-07
2957,0.5089306235313416,0.47408968210220337,0.34840965270996094,1.1636070812770516e-07
2958,0.48786044120788574,0.4541131556034088,0.33747297525405884,1.1101250380300965e-07
2959,0.4771454930305481,0.44408169388771057,0.33063799142837524,1.0579004752513389e-07
2960,0.4779447913169861,0.44456538558006287,0.33379414677619934,1.0069334586854107e-07
2961,0.47836679220199585,0.4452228546142578,0.3314394950866699,9.572240524933218e-08
2962,0.5375965237617493,0.499884694814682,0.37711817026138306,9.087723192533482e-08
2963,0.47168001532554626,0.4393651783466339,0.32314833998680115,8.615783199602545e-08
2964,0.45939862728118896,0.4273058772087097,0.32092753052711487,8.156421140254056e-08
2965,0.4982849359512329,0.46372270584106445,0.34562239050865173,7.709637592770991e-08
2966,0.4795225262641907,0.44645795226097107,0.33064576983451843,7.275433119596776e-08
2967,0.4840049147605896,0.4503084719181061,0.33696451783180237,6.853808267344164e-08
2968,0.4885060489177704,0.4546271562576294,0.33878886699676514,6.444763566786361e-08
2969,0.4907884895801544,0.457019180059433,0.33769312500953674,6.048299532861457e-08
2970,0.4706586003303528,0.43858370184898376,0.32074904441833496,5.6644166646668826e-08
2971,0.4836621582508087,0.44975465536117554,0.33907508850097656,5.2931154454671783e-08
2972,0.4510018527507782,0.4203522801399231,0.30649563670158386,4.934396342684e-08
2973,0.48143264651298523,0.4480762481689453,0.33356401324272156,4.588259807901674e-08
2974,0.45634305477142334,0.4248526692390442,0.31490400433540344,4.254706276862752e-08
2975,0.4752879738807678,0.44250795245170593,0.32780027389526367,3.933736169471347e-08
2976,0.48533010482788086,0.45213112235069275,0.33198994398117065,3.6253498897886873e-08
2977,0.4579462707042694,0.426645964384079,0.3130030632019043,3.3295478260364496e-08
2978,0.4833306074142456,0.4500737190246582,0.33256879448890686,3.0463303505934295e-08
2979,0.4916655421257019,0.4577651023864746,0.3390044569969177,2.7756978199944273e-08
2980,0.48501694202423096,0.45120370388031006,0.338132381439209,2.5176505749346936e-08
2981,0.4880189895629883,0.45444202423095703,0.33576953411102295,2.2721889402621545e-08
2982,0.47570058703422546,0.4435468912124634,0.32153698801994324,2.039313224985184e-08
2983,0.52958083152771,0.49266234040260315,0.3691847324371338,1.8190237222648343e-08
2984,0.45188289880752563,0.420469731092453,0.3141315281391144,1.6113207094181626e-08
2985,0.5342891216278076,0.49721187353134155,0.3707726001739502,1.4162044479182346e-08
2986,0.44708091020584106,0.4161915183067322,0.30889400839805603,1.2336751833941229e-08
2987,0.4651529788970947,0.4332684576511383,0.31884530186653137,1.0637331456264666e-08
2988,0.46441003680229187,0.432404488325119,0.3200555741786957,9.063785485508014e-09
2989,0.459689736366272,0.42832738161087036,0.3136235475540161,7.616115902586707e-09
2990,0.4908822774887085,0.45712924003601074,0.3375302851200104,6.294324529942941e-09
2991,0.4893884062767029,0.45589780807495117,0.33490586280822754,5.098413031534577e-09
2992,0.4628581404685974,0.43150627613067627,0.3135187327861786,4.028382912890649e-09
2993,0.4554275870323181,0.4241314232349396,0.31296175718307495,3.0842355210336515e-09
2994,0.4855061173439026,0.45209944248199463,0.3340667486190796,2.2659720445239452e-09
2995,0.4697529077529907,0.437997430562973,0.3175547122955322,1.5735935134708613e-09
2996,0.48787587881088257,0.4541599154472351,0.33715978264808655,1.0071007994771898e-09
2997,0.4896627366542816,0.4562387764453888,0.3342396020889282,5.664946157168949e-10
2998,0.48427507281303406,0.45112794637680054,0.33147114515304565,2.5177551682409317e-10
2999,0.48609933257102966,0.4526822865009308,0.33417055010795593,6.294389901517761e-11
