step,loss,temporal,spectral,lr
0,2.0915234088897705,1.9495831727981567,1.4194014072418213,1.0000000000000002e-06
1,2.0601935386657715,1.9200992584228516,1.4009428024291992,2.0000000000000003e-06
2,2.106062412261963,1.9623467922210693,1.437157392501831,3e-06
3,2.13259220123291,1.9868354797363281,1.4575674533843994,4.000000000000001e-06
4,2.1664187908172607,2.0178964138031006,1.4852248430252075,5e-06
5,2.095950126647949,1.9528628587722778,1.4308733940124512,6e-06
6,2.13950777053833,1.9934492111206055,1.460586667060852,7.000000000000001e-06
7,2.143247127532959,1.996067762374878,1.4717929363250732,8.000000000000001e-06
8,2.115588903427124,1.971508264541626,1.4408060312271118,9e-06
9,2.085954427719116,1.9442936182022095,1.416607141494751,1e-05
10,2.085200786590576,1.9423340559005737,1.4286667108535767,1.1000000000000001e-05
11,2.1594395637512207,2.01222562789917,1.472139596939087,1.2e-05
12,2.0223822593688965,1.881880760192871,1.4050142765045166,1.3000000000000001e-05
13,2.085036039352417,1.942169427871704,1.428665041923523,1.4000000000000001e-05
14,2.1677305698394775,2.0187525749206543,1.489778995513916,1.5e-05
15,2.0131332874298096,1.8749645948410034,1.3816859722137451,1.6000000000000003e-05
16,2.1266140937805176,1.9805192947387695,1.4609475135803223,1.7000000000000003e-05
17,2.038888454437256,1.9004881381988525,1.3840022087097168,1.8e-05
18,2.1324405670166016,1.9875595569610596,1.4488089084625244,1.9e-05
19,2.035541296005249,1.8965401649475098,1.3900102376937866,2e-05
20,1.9603919982910156,1.8258106708526611,1.345813512802124,2.1e-05
21,2.006101369857788,1.8675508499145508,1.385504961013794,2.2000000000000003e-05
22,2.119004726409912,1.9735041856765747,1.4550055265426636,2.3000000000000003e-05
23,2.017390489578247,1.878660798072815,1.3872963190078735,2.4e-05
24,2.038581609725952,1.8997458219528198,1.388358473777771,2.5e-05
25,2.1063172817230225,1.9619662761688232,1.4435104131698608,2.6000000000000002e-05
26,2.0569472312927246,1.9147868156433105,1.421604037284851,2.7000000000000002e-05
27,1.9861958026885986,1.84982168674469,1.3637406826019287,2.8000000000000003e-05
28,2.0440168380737305,1.902927279472351,1.410895824432373,2.9e-05
29,2.0413198471069336,1.900578260421753,1.407416582107544,3e-05
30,2.0290985107421875,1.8907827138900757,1.3831570148468018,3.1e-05
31,1.9571173191070557,1.8224714994430542,1.3464579582214355,3.2000000000000005e-05
32,1.983851432800293,1.8481889963150024,1.356624960899353,3.3e-05
33,2.04488205909729,1.904249906539917,1.4063225984573364,3.4000000000000007e-05
34,1.9726977348327637,1.8375052213668823,1.351925253868103,3.5e-05
35,2.040990114212036,1.8992401361465454,1.4174996614456177,3.6e-05
36,1.978796362876892,1.841942548751831,1.3685382604599,3.7e-05
37,2.0245206356048584,1.8858555555343628,1.386651635169983,3.8e-05
38,1.8952445983886719,1.763312578201294,1.319319725036621,3.9000000000000006e-05
39,1.9774891138076782,1.8417398929595947,1.3574920892715454,4e-05
40,1.969559907913208,1.8341350555419922,1.354249119758606,4.1e-05
41,1.899975061416626,1.7678546905517578,1.3212034702301025,4.2e-05
42,1.9965275526046753,1.858377456665039,1.3815014362335205,4.3e-05
43,1.9073437452316284,1.776066780090332,1.312769889831543,4.4000000000000006e-05
44,1.9125840663909912,1.7776613235473633,1.3492268323898315,4.5e-05
45,1.9068248271942139,1.7736161947250366,1.3320858478546143,4.600000000000001e-05
46,1.9466233253479004,1.810728669166565,1.3589471578598022,4.7e-05
47,1.90239679813385,1.7696446180343628,1.3275216817855835,4.8e-05
48,1.8732373714447021,1.7422676086425781,1.3096973896026611,4.9e-05
49,1.9294219017028809,1.7935646772384644,1.3585717678070068,5e-05
50,1.8759613037109375,1.7442162036895752,1.317450761795044,5.1000000000000006e-05
51,1.8471362590789795,1.7170203924179077,1.3011584281921387,5.2000000000000004e-05
52,1.8039616346359253,1.6770575046539307,1.2690417766571045,5.300000000000001e-05
53,1.8492391109466553,1.7197422981262207,1.2949682474136353,5.4000000000000005e-05
54,1.816270112991333,1.6884361505508423,1.2783399820327759,5.500000000000001e-05
55,1.8003164529800415,1.6736834049224854,1.2663301229476929,5.6000000000000006e-05
56,1.8727319240570068,1.7406349182128906,1.3209699392318726,5.6999999999999996e-05
57,1.775570273399353,1.6495845317840576,1.2598570585250854,5.8e-05
58,1.756960153579712,1.633436918258667,1.235231876373291,5.9e-05
59,1.7666963338851929,1.6412911415100098,1.254051923751831,6e-05
60,1.8007066249847412,1.6730021238327026,1.2770456075668335,6.1e-05
61,1.7732778787612915,1.647510051727295,1.2576779127120972,6.2e-05
62,1.7304682731628418,1.6075255870819092,1.229426383972168,6.3e-05
63,1.7746777534484863,1.649431586265564,1.2524619102478027,6.400000000000001e-05
64,1.7871092557907104,1.6605224609375,1.2658674716949463,6.500000000000001e-05
65,1.7547894716262817,1.6297237873077393,1.2506564855575562,6.6e-05
66,1.7874658107757568,1.6605198383331299,1.26945960521698,6.7e-05
67,1.665109634399414,1.5458687543869019,1.1924083232879639,6.800000000000001e-05
68,1.7364639043807983,1.6103969812393188,1.2606688737869263,6.9e-05
69,1.7372452020645142,1.6125835180282593,1.2466171979904175,7e-05
70,1.7277840375900269,1.603063702583313,1.2472038269042969,7.1e-05
71,1.6756322383880615,1.554826259613037,1.2080601453781128,7.2e-05
72,1.6332188844680786,1.5145176649093628,1.1870123147964478,7.3e-05
73,1.6748908758163452,1.5525888204574585,1.223020076751709,7.4e-05
74,1.6295361518859863,1.511385202407837,1.1815093755722046,7.500000000000001e-05
75,1.606151819229126,1.4902504682540894,1.1590137481689453,7.6e-05
76,1.6150890588760376,1.4983800649642944,1.1670902967453003,7.7e-05
77,1.5262564420700073,1.4149502515792847,1.1130616664886475,7.800000000000001e-05
78,1.580188274383545,1.4638559818267822,1.1633235216140747,7.900000000000001e-05
79,1.5424433946609497,1.4279464483261108,1.1449689865112305,8e-05
80,1.53621506690979,1.422658920288086,1.135561227798462,8.1e-05
81,1.5644699335098267,1.4485708475112915,1.1589910984039307,8.2e-05
82,1.4721271991729736,1.3626506328582764,1.094765543937683,8.3e-05
83,1.4325059652328491,1.325147271156311,1.07358717918396,8.4e-05
84,1.571183681488037,1.4547103643417358,1.164732575416565,8.5e-05
85,1.4721012115478516,1.3623547554016113,1.097464680671692,8.6e-05
86,1.4697070121765137,1.3590929508209229,1.1061407327651978,8.7e-05
87,1.398483395576477,1.2925102710723877,1.0597316026687622,8.800000000000001e-05
88,1.46449613571167,1.3540403842926025,1.104557991027832,8.900000000000001e-05
89,1.3990814685821533,1.292986273765564,1.060952067375183,9e-05
90,1.3295466899871826,1.2283424139022827,1.012042760848999,9.1e-05
91,1.4335941076278687,1.3249940872192383,1.086000680923462,9.200000000000001e-05
92,1.3536099195480347,1.251096487045288,1.0251343250274658,9.300000000000001e-05
93,1.3631304502487183,1.260670781135559,1.0245965719223022,9.4e-05
94,1.373664379119873,1.2707639932632446,1.0290043354034424,9.5e-05
95,1.3181211948394775,1.2185841798782349,0.9953696131706238,9.6e-05
96,1.346421718597412,1.2441998720169067,1.0222188234329224,9.7e-05
97,1.355684757232666,1.2519782781600952,1.0370644330978394,9.8e-05
98,1.402186632156372,1.2958768606185913,1.0630983114242554,9.900000000000001e-05
99,1.3549972772598267,1.2523316144943237,1.026656985282898,0.0001
100,1.3270437717437744,1.2260465621948242,1.0099716186523438,0.000101
101,1.3861771821975708,1.2825372219085693,1.036399483680725,0.00010200000000000001
102,1.295821189880371,1.198197364807129,0.9762383699417114,0.00010300000000000001
103,1.3488235473632812,1.246039628982544,1.0278385877609253,0.00010400000000000001
104,1.3338698148727417,1.2331061363220215,1.007636547088623,0.000105
105,1.2848753929138184,1.1857596635818481,0.9911575317382812,0.00010600000000000002
106,1.3035004138946533,1.2036856412887573,0.9981480836868286,0.00010700000000000001
107,1.2797117233276367,1.1807942390441895,0.9891743659973145,0.00010800000000000001
108,1.307395577430725,1.2078752517700195,0.9952030777931213,0.000109
109,1.2514413595199585,1.1559807062149048,0.9546062350273132,0.00011000000000000002
110,1.3093541860580444,1.207983136177063,1.013710379600525,0.00011100000000000001
111,1.358384132385254,1.254517912864685,1.0386617183685303,0.00011200000000000001
112,1.2933746576309204,1.1951826810836792,0.981919527053833,0.000113
113,1.3098134994506836,1.2095894813537598,1.002240538597107,0.00011399999999999999
114,1.3112328052520752,1.2110000848770142,1.0023268461227417,0.00011499999999999999
115,1.2406121492385864,1.1464868783950806,0.9412522315979004,0.000116
116,1.276230812072754,1.1787971258163452,0.974337100982666,0.000117
117,1.2564533948898315,1.1588306427001953,0.9762278199195862,0.000118
118,1.2845436334609985,1.18522047996521,0.9932310581207275,0.000119
119,1.2770161628723145,1.1790796518325806,0.9793646335601807,0.00012
120,1.2103869915008545,1.1160755157470703,0.943115234375,0.000121
121,1.3217570781707764,1.2217353582382202,1.000217080116272,0.000122
122,1.2632348537445068,1.1658556461334229,0.9737926721572876,0.000123
123,1.2396068572998047,1.1442816257476807,0.953251838684082,0.000124
124,1.2417864799499512,1.1460986137390137,0.9568781852722168,0.000125
125,1.1935633420944214,1.1012787818908691,0.9228456020355225,0.000126
126,1.2296000719070435,1.136584758758545,0.9301536679267883,0.000127
127,1.2944860458374023,1.194253921508789,1.002320647239685,0.00012800000000000002
128,1.2097864151000977,1.1169373989105225,0.9284906387329102,0.00012900000000000002
129,1.192594289779663,1.1001100540161133,0.924842894077301,0.00013000000000000002
130,1.1802042722702026,1.0877604484558105,0.9244383573532104,0.000131
131,1.2625503540039062,1.165558934211731,0.9699141383171082,0.000132
132,1.1875073909759521,1.0935311317443848,0.9397627115249634,0.000133
133,1.1575353145599365,1.0683848857879639,0.8915039896965027,0.000134
134,1.197969913482666,1.1047627925872803,0.9320716857910156,0.00013500000000000003
135,1.1549222469329834,1.065040111541748,0.8988210558891296,0.00013600000000000003
136,1.2084869146347046,1.1154346466064453,0.9305223226547241,0.00013700000000000002
137,1.2790035009384155,1.1814099550247192,0.9759353399276733,0.000138
138,1.2027223110198975,1.1104153394699097,0.9230695962905884,0.000139
139,1.1919633150100708,1.1002622842788696,0.9170099496841431,0.00014
140,1.1687723398208618,1.0801430940628052,0.8862925171852112,0.000141
141,1.2326152324676514,1.1394823789596558,0.9313282370567322,0.000142
142,1.2040419578552246,1.1107548475265503,0.9328710436820984,0.000143
143,1.1847726106643677,1.0934534072875977,0.9131916165351868,0.000144
144,1.1718825101852417,1.0816587209701538,0.9022380709648132,0.000145
145,1.1136691570281982,1.0285974740982056,0.8507171869277954,0.000146
146,1.2216286659240723,1.1277343034744263,0.9389440417289734,0.000147
147,1.085367202758789,1.0015546083450317,0.8381258845329285,0.000148
148,1.1168268918991089,1.0326886177062988,0.8413832783699036,0.00014900000000000002
149,1.1220897436141968,1.0354210138320923,0.8666877746582031,0.00015000000000000001
150,1.091209053993225,1.0066215991973877,0.8458746075630188,0.000151
151,1.1554787158966064,1.0667132139205933,0.8876545429229736,0.000152
152,1.114257574081421,1.0300220251083374,0.8423554301261902,0.000153
153,1.110345721244812,1.0258796215057373,0.8446606397628784,0.000154
154,1.0787217617034912,0.9957672357559204,0.8295449614524841,0.000155
155,1.1110490560531616,1.0242919921875,0.8675708770751953,0.00015600000000000002
156,1.0858020782470703,1.0030796527862549,0.8272238969802856,0.00015700000000000002
157,1.055220603942871,0.9732886552810669,0.8193188905715942,0.00015800000000000002
158,1.1311885118484497,1.0464199781417847,0.8476858735084534,0.00015900000000000002
159,1.1197643280029297,1.0334751605987549,0.8628916144371033,0.00016
160,1.062319040298462,0.981838583946228,0.8048046231269836,0.000161
161,1.1118602752685547,1.0275843143463135,0.8427597880363464,0.000162
162,1.0806396007537842,0.997279167175293,0.8336037993431091,0.000163
163,1.0830652713775635,0.9992538094520569,0.8381150960922241,0.000164
164,1.0615957975387573,0.9803329706192017,0.8126283884048462,0.000165
165,1.135735034942627,1.0493800640106201,0.8635491132736206,0.000166
166,1.1064140796661377,1.0234283208847046,0.829858124256134,0.000167
167,1.09236478805542,1.0077084302902222,0.8465641140937805,0.000168
168,1.116926908493042,1.0332056283950806,0.8372126817703247,0.00016900000000000002
169,1.0750823020935059,0.9937567710876465,0.8132548928260803,0.00017
170,1.0325065851211548,0.9546922445297241,0.7781438827514648,0.000171
171,1.074800729751587,0.9931646585464478,0.8163608908653259,0.000172
172,1.1473288536071777,1.0621039867401123,0.8522486090660095,0.000173
173,1.0475707054138184,0.9669886827468872,0.8058202862739563,0.000174
174,0.9982641935348511,0.9199596047401428,0.7830456495285034,0.000175
175,1.0166150331497192,0.9399226307868958,0.7669245004653931,0.00017600000000000002
176,1.0281497240066528,0.950515866279602,0.7763384580612183,0.00017700000000000002
177,1.0521092414855957,0.9728060960769653,0.7930313944816589,0.00017800000000000002
178,1.002869725227356,0.9256786108016968,0.7719112634658813,0.00017900000000000001
179,1.0211386680603027,0.943431556224823,0.7770706415176392,0.00018
180,1.0102618932724,0.9347149729728699,0.7554689645767212,0.000181
181,1.0636205673217773,0.9820854067802429,0.8153513073921204,0.000182
182,1.01827871799469,0.9415884613990784,0.7669026255607605,0.000183
183,1.085718035697937,1.003623366355896,0.8209471702575684,0.00018400000000000003
184,1.048410177230835,0.967841386795044,0.805687427520752,0.00018500000000000002
185,1.0257091522216797,0.9473842978477478,0.7832486629486084,0.00018600000000000002
186,1.0612084865570068,0.9815112352371216,0.7969722747802734,0.00018700000000000002
187,1.026210069656372,0.9476810693740845,0.7852903604507446,0.000188
188,0.9874438047409058,0.9141129851341248,0.7333083152770996,0.00018899999999999999
189,1.0354835987091064,0.9567429423332214,0.7874065637588501,0.00019
190,0.9950500726699829,0.9193978905677795,0.756521999835968,0.000191
191,1.0182549953460693,0.9432938694953918,0.7496110200881958,0.000192
192,0.98122638463974,0.9087455868721008,0.7248080968856812,0.000193
193,0.9307863712310791,0.8610910773277283,0.6969531178474426,0.000194
194,1.0000615119934082,0.9264858365058899,0.7357563376426697,0.000195
195,1.084437370300293,1.0043081045150757,0.8012921214103699,0.000196
196,0.9987909197807312,0.9240996241569519,0.7469131350517273,0.00019700000000000002
197,0.9543712735176086,0.8811184167861938,0.7325283885002136,0.00019800000000000002
198,0.9774690270423889,0.9028294086456299,0.7463961243629456,0.000199
199,1.046018362045288,0.9677796363830566,0.7823877334594727,0.0002
200,0.9159491658210754,0.8474802374839783,0.6846893429756165,0.0002
201,1.0112870931625366,0.9352750182151794,0.760120689868927,0.00019999993705610097
202,0.9461400508880615,0.8756057620048523,0.7053428292274475,0.00019999974822448318
203,0.943288266658783,0.8709771633148193,0.7231109738349915,0.0001999994335053843
204,1.0306379795074463,0.9547275304794312,0.7591050863265991,0.00019999899289920055
205,0.9823839068412781,0.9095407128334045,0.7284321188926697,0.00019999842640648654
206,0.9821067452430725,0.9101842641830444,0.7192246913909912,0.00019999773402795549
207,0.9614207744598389,0.8889051079750061,0.725156843662262,0.00019999691576447898
208,1.0261691808700562,0.949033796787262,0.7713533043861389,0.00019999597161708712
209,0.9816815257072449,0.907630980014801,0.7405052781105042,0.00019999490158696846
210,0.9328398704528809,0.8629846572875977,0.6985523700714111,0.00019999370567547008
211,0.9569747447967529,0.8858202695846558,0.7115448117256165,0.00019999238388409744
212,0.9403579235076904,0.86870938539505,0.7164855599403381,0.0001999909362145145
213,0.9921649694442749,0.9178410172462463,0.74323970079422,0.00019998936266854377
214,0.9416202306747437,0.8724779486656189,0.6914229989051819,0.00019998766324816607
215,0.91655433177948,0.8484886884689331,0.6806567311286926,0.00019998583795552083
216,1.0168055295944214,0.9408188462257385,0.7598671913146973,0.00019998388679290583
217,0.9536422491073608,0.8822295069694519,0.7141273617744446,0.00019998180976277735
218,1.0188512802124023,0.9436121582984924,0.7523913979530334,0.00019997960686775015
219,0.9878038167953491,0.9155122637748718,0.7229152917861938,0.00019997727811059738
220,1.0421463251113892,0.9669807553291321,0.7516561150550842,0.00019997482349425066
221,0.9508147239685059,0.8812804222106934,0.6953431963920593,0.00019997224302180006
222,0.9940353035926819,0.9205886125564575,0.7344666719436646,0.0001999695366964941
223,0.9584144353866577,0.8876512050628662,0.7076321840286255,0.00019996670452173966
224,0.9458495378494263,0.8760603070259094,0.6978924870491028,0.0001999637465011021
225,0.9749813079833984,0.9029166102409363,0.7206467390060425,0.00019996066263830531
226,0.9699029326438904,0.8980544805526733,0.7184847593307495,0.00019995745293723138
227,0.9353872537612915,0.8664904832839966,0.6889678239822388,0.000199954117401921
228,0.9421067237854004,0.8734277486801147,0.6867900490760803,0.00019995065603657316
229,0.9733227491378784,0.9013944268226624,0.7192831039428711,0.00019994706884554533
230,0.9248694777488708,0.856114387512207,0.6875508427619934,0.00019994335583335335
231,0.9341047406196594,0.8648338317871094,0.6927092671394348,0.00019993951700467139
232,0.9822669625282288,0.9104148149490356,0.7185215353965759,0.00019993555236433213
233,0.9253119826316833,0.8558931350708008,0.6941882371902466,0.00019993146191732658
234,0.9352013468742371,0.8662117123603821,0.689896285533905,0.00019992724566880404
235,0.9822377562522888,0.9109094142913818,0.713283360004425,0.0001999229036240723
236,0.9986006021499634,0.9263594150543213,0.7224121689796448,0.00019991843578859747
237,0.9863435626029968,0.9137582182884216,0.7258532643318176,0.00019991384216800398
238,0.9062275886535645,0.8393175601959229,0.6691004633903503,0.00019990912276807466
239,0.9169952273368835,0.8512495756149292,0.6574564576148987,0.00019990427759475067
240,0.9340361952781677,0.8634653687477112,0.7057082653045654,0.00019989930665413147
241,0.9710568785667419,0.8997287750244141,0.713280975818634,0.0001998942099524749
242,0.9402493834495544,0.8711565732955933,0.6909281015396118,0.00019988898749619702
243,0.9352246522903442,0.8672028183937073,0.6802182197570801,0.0001998836392918723
244,0.9495450258255005,0.8794243931770325,0.7012063264846802,0.00019987816534623352
245,0.9218804240226746,0.855269193649292,0.6661121845245361,0.00019987256566617162
246,0.8898221254348755,0.8246996402740479,0.6512249708175659,0.00019986684025873598
247,0.969222903251648,0.8986096978187561,0.7061322927474976,0.0001998609891311342
248,0.9244875311851501,0.8572417497634888,0.6724579930305481,0.0001998550122907321
249,0.9711822867393494,0.900625467300415,0.7055681347846985,0.00019984890974505381
250,0.9166052341461182,0.8496010303497314,0.6700418591499329,0.00019984268150178167
251,0.9755421280860901,0.9048836827278137,0.7065845131874084,0.0001998363275687563
252,0.9917790293693542,0.9192145466804504,0.7256450653076172,0.0001998298479539765
253,0.9119341969490051,0.8460289239883423,0.659052848815918,0.00019982324266559935
254,0.9623742699623108,0.89312344789505,0.6925083994865417,0.00019981651171194006
255,0.9267407655715942,0.859462559223175,0.6727821230888367,0.00019980965510147213
256,0.9187521934509277,0.8514054417610168,0.6734674572944641,0.00019980267284282717
257,0.9505603909492493,0.8818336725234985,0.6872671246528625,0.000199795564944795
258,0.910226047039032,0.8434388637542725,0.6678720712661743,0.00019978833141632354
259,0.9168619513511658,0.8490998148918152,0.6776211857795715,0.00019978097226651902
260,0.8670573234558105,0.8034430742263794,0.6361422538757324,0.0001997734875046456
261,0.9495277404785156,0.8806166648864746,0.6891109943389893,0.0001997658771401258
262,0.8186399340629578,0.7591686248779297,0.5947128534317017,0.00019975814118254007
263,0.9206265211105347,0.8529036641120911,0.677228569984436,0.00019975027964162702
264,0.9015284776687622,0.8377840518951416,0.6374441385269165,0.00019974229252728342
265,0.9118285775184631,0.8461325168609619,0.6569605469703674,0.00019973417984956403
266,0.9217627048492432,0.8544877767562866,0.6727493405342102,0.00019972594161868178
267,0.9649626016616821,0.897316038608551,0.6764655709266663,0.00019971757784500752
268,1.0332486629486084,0.9588956832885742,0.743529200553894,0.00019970908853907026
269,0.8948554396629333,0.8304831385612488,0.6437232494354248,0.00019970047371155704
270,0.940809965133667,0.8739984035491943,0.6681153178215027,0.0001996917333733128
271,0.9336804747581482,0.864925742149353,0.6875474452972412,0.00019968286753534062
272,0.9092400670051575,0.8433244824409485,0.6591557264328003,0.00019967387620880146
273,0.9405269026756287,0.8741437792778015,0.6638312339782715,0.00019966475940501435
274,0.8851598501205444,0.8223029375076294,0.6285693049430847,0.0001996555171354562
275,0.9526256322860718,0.8842802047729492,0.6834542751312256,0.00019964614941176195
276,0.9058712124824524,0.8411317467689514,0.6473946571350098,0.00019963665624572432
277,0.8995766639709473,0.8357253670692444,0.6385126709938049,0.00019962703764929413
278,0.9213674068450928,0.8561801910400391,0.6518722176551819,0.00019961729363458003
279,0.9236714243888855,0.8561341166496277,0.6753729581832886,0.00019960742421384846
280,0.8934774398803711,0.8293776512145996,0.6409976482391357,0.00019959742939952392
281,0.877886950969696,0.8157244920730591,0.6216245889663696,0.00019958730920418858
282,0.8568142652511597,0.7936322689056396,0.6318199634552002,0.00019957706364058257
283,0.9275163412094116,0.8606869578361511,0.668293833732605,0.00019956669272160383
284,0.9820588231086731,0.9105244278907776,0.7153439521789551,0.00019955619646030802
285,0.9426537752151489,0.8745183348655701,0.6813545823097229,0.00019954557486990868
286,0.849348783493042,0.7878649830818176,0.6148382425308228,0.00019953482796377712
287,0.9080172777175903,0.843634843826294,0.6438243389129639,0.00019952395575544233
288,0.8726156949996948,0.8092659711837769,0.6334970593452454,0.00019951295825859113
289,0.8965631723403931,0.8322329521179199,0.6433025002479553,0.00019950183548706805
290,0.842495858669281,0.7830591797828674,0.5943665504455566,0.00019949058745487522
291,0.870955765247345,0.8082938194274902,0.6266193389892578,0.00019947921417617267
292,0.8360211849212646,0.7764270901679993,0.5959412455558777,0.00019946771566527785
293,0.935912549495697,0.8688923120498657,0.6702021360397339,0.000199456091936666
294,0.8768903613090515,0.8155611753463745,0.6132920980453491,0.00019944434300497006
295,0.9217590689659119,0.8558794260025024,0.6587962508201599,0.00019943246888498041
296,0.8935668468475342,0.829421877861023,0.6414498090744019,0.00019942046959164515
297,0.8620702028274536,0.8005609512329102,0.6150926351547241,0.00019940834514006994
298,0.8914446234703064,0.8272800445556641,0.6416459083557129,0.000199396095545518
299,0.9765326380729675,0.9076882004737854,0.6884442567825317,0.00019938372082341
300,0.8490586280822754,0.7887317538261414,0.6032686233520508,0.00019937122098932428
301,0.9017834663391113,0.8372466564178467,0.6453680992126465,0.00019935859605899655
302,0.8991281986236572,0.8353509902954102,0.6377717852592468,0.00019934584604832013
303,0.8800004720687866,0.8173106908798218,0.6268976926803589,0.00019933297097334565
304,0.9103816747665405,0.8460428714752197,0.6433880925178528,0.00019931997085028132
305,0.8736599087715149,0.8106527924537659,0.6300711631774902,0.00019930684569549264
306,0.9139506816864014,0.8479440212249756,0.6600663661956787,0.00019929359552550265
307,0.8659073710441589,0.8041338920593262,0.6177346706390381,0.00019928022035699166
308,0.9623728394508362,0.8928341269493103,0.6953873038291931,0.00019926672020679736
309,0.9181690216064453,0.8537555932998657,0.6441342830657959,0.00019925309509191482
310,0.9297453761100769,0.8643710017204285,0.6537438035011292,0.00019923934502949644
311,0.9156109690666199,0.8504958152770996,0.6511514782905579,0.00019922547003685176
312,0.8682557344436646,0.8060492873191833,0.6220647692680359,0.0001992114701314478
313,0.9254754781723022,0.8593080639839172,0.661674439907074,0.00019919734533090867
314,0.8496650457382202,0.7878668308258057,0.6179823279380798,0.0001991830956530158
315,0.9486548900604248,0.8820255994796753,0.6662927269935608,0.00019916872111570784
316,0.8412901163101196,0.7798449993133545,0.6144514679908752,0.00019915422173708046
317,0.9290705919265747,0.8610175251960754,0.680530846118927,0.00019913959753538674
318,0.8700544834136963,0.8088210225105286,0.6123347878456116,0.00019912484852903668
319,0.9299288988113403,0.8636978268623352,0.6623108386993408,0.0001991099747365975
320,0.8514711260795593,0.7914721965789795,0.5999892950057983,0.00019909497617679348
321,0.8173526525497437,0.7588337063789368,0.5851892232894897,0.000199079852868506
322,0.8614974021911621,0.8008334636688232,0.6066392064094543,0.00019906460483077348
323,0.8878082633018494,0.8259174823760986,0.6189079880714417,0.0001990492320827913
324,0.8674004077911377,0.8061686158180237,0.6123178005218506,0.00019903373464391186
325,0.8748523592948914,0.812394917011261,0.624574601650238,0.00019901811253364456
326,0.8425325155258179,0.7838685512542725,0.5866398811340332,0.00019900236577165576
327,0.9147863388061523,0.8504317998886108,0.643545389175415,0.0001989864943777687
328,0.904153048992157,0.8403821587562561,0.6377087831497192,0.0001989704983719635
329,0.945218026638031,0.878643274307251,0.6657476425170898,0.0001989543777743772
330,0.9341558218002319,0.8691092729568481,0.650465190410614,0.00019893813260530368
331,0.9537683129310608,0.8874013423919678,0.6636698842048645,0.0001989217628851936
332,0.820259690284729,0.7613617777824402,0.5889789462089539,0.00019890526863465443
333,0.9128773808479309,0.8482463955879211,0.6463099718093872,0.0001988886498744505
334,0.873564600944519,0.8117710947990417,0.617935061454773,0.00019887190662550266
335,0.8561770915985107,0.7947099208831787,0.6146717667579651,0.00019885503890888876
336,0.8446782827377319,0.7848888039588928,0.5978946685791016,0.0001988380467458431
337,0.8681735992431641,0.8067786693572998,0.6139492988586426,0.00019882093015775678
338,0.8340362310409546,0.7747957110404968,0.5924050211906433,0.0001988036891661775
339,0.8329299688339233,0.774636447429657,0.5829349756240845,0.0001987863237928095
340,0.8718737959861755,0.8104059100151062,0.614678680896759,0.00019876883405951377
341,0.8190032839775085,0.7598145604133606,0.5918871164321899,0.0001987512199883077
342,0.9101083278656006,0.8452922701835632,0.6481603384017944,0.00019873348160136524
343,0.8926423192024231,0.8298579454421997,0.6278436779975891,0.00019871561892101692
344,0.8771101236343384,0.8155363202095032,0.6157383322715759,0.00019869763196974957
345,0.8742918968200684,0.8118699193000793,0.6242194771766663,0.00019867952077020666
346,0.9106854796409607,0.846193253993988,0.6449224948883057,0.0001986612853451879
347,0.8778749108314514,0.8160570859909058,0.6181784868240356,0.00019864292571764955
348,0.944090723991394,0.8778464198112488,0.6624429225921631,0.00019862444191070408
349,0.8523060083389282,0.7915769219398499,0.6072908639907837,0.0001986058339476204
350,0.8457571268081665,0.7863048911094666,0.5945220589637756,0.0001985871018518236
351,0.8817601799964905,0.819350004196167,0.6241015195846558,0.00019856824564689515
352,0.8290160894393921,0.7702634334564209,0.587526798248291,0.00019854926535657267
353,0.8658013343811035,0.8038834929466248,0.6191784739494324,0.00019853016100475007
354,0.8671553134918213,0.8064766526222229,0.6067864894866943,0.0001985109326154774
355,0.8479578495025635,0.7881451845169067,0.5981264710426331,0.00019849158021296081
356,0.838444173336029,0.7790361046791077,0.5940806269645691,0.00019847210382156267
357,0.8488385081291199,0.7885206937789917,0.6031779646873474,0.00019845250346580136
358,0.8427547216415405,0.7823129296302795,0.6044180393218994,0.0001984327791703513
359,0.8407734632492065,0.7809237837791443,0.5984970927238464,0.00019841293096004302
360,0.8183906078338623,0.7593941688537598,0.5899643301963806,0.00019839295885986296
361,0.8009827733039856,0.7450950145721436,0.5588778257369995,0.00019837286289495361
362,0.8063315153121948,0.748896598815918,0.5743489861488342,0.00019835264309061326
363,0.8157411813735962,0.7588645815849304,0.5687657594680786,0.00019833229947229623
364,0.8500272631645203,0.7890828847885132,0.6094440221786499,0.00019831183206561262
365,0.8532030582427979,0.7921332120895386,0.6106983423233032,0.00019829124089632845
366,0.8429656028747559,0.7842411994934082,0.5872443318367004,0.00019827052599036545
367,0.877425491809845,0.8158561587333679,0.6156933903694153,0.00019824968737380117
368,0.8448941111564636,0.785018801689148,0.5987528562545776,0.0001982287250728689
369,0.831458568572998,0.7725884914398193,0.5887007713317871,0.00019820763911395758
370,0.8593131899833679,0.7990186810493469,0.6029452681541443,0.00019818642952361187
371,0.8117344379425049,0.7538541555404663,0.5788030624389648,0.00019816509632853208
372,0.9160218834877014,0.8517636656761169,0.6425822377204895,0.00019814363955557404
373,0.8738951683044434,0.8120296001434326,0.6186556220054626,0.0001981220592317493
374,0.8685451745986938,0.8078739643096924,0.6067120432853699,0.0001981003553842248
375,0.8696223497390747,0.8089136481285095,0.6070867776870728,0.00019807852804032305
376,0.9031543731689453,0.8405432105064392,0.6261117458343506,0.00019805657722752202
377,0.8400787711143494,0.7811307907104492,0.589479923248291,0.00019803450297345508
378,0.809812605381012,0.7522584199905396,0.5755417346954346,0.00019801230530591105
379,0.801662266254425,0.7464091777801514,0.5525311231613159,0.00019798998425283403
380,0.879875659942627,0.8182721138000488,0.6160354018211365,0.00019796753984232358
381,0.8617980480194092,0.8019017577171326,0.598962664604187,0.00019794497210263442
382,0.846930980682373,0.7871044874191284,0.5982646346092224,0.00019792228106217658
383,0.7837588787078857,0.7281033396720886,0.5565552115440369,0.00019789946674951536
384,0.8490546941757202,0.7899129986763,0.5914170742034912,0.00019787652919337116
385,0.7820877432823181,0.7259020209312439,0.5618574619293213,0.00019785346842261957
386,0.7875718474388123,0.7320409417152405,0.5553088188171387,0.00019783028446629123
387,0.8989441394805908,0.8367303609848022,0.6221379637718201,0.00019780697735357204
388,0.8926242589950562,0.8285346627235413,0.6408959031105042,0.0001977835471138027
389,0.9409958720207214,0.8756932020187378,0.6530267000198364,0.0001977599937764791
390,0.850239634513855,0.7894159555435181,0.608237087726593,0.00019773631737125192
391,0.9243318438529968,0.8598746657371521,0.6445717811584473,0.00019771251792792698
392,0.8234689831733704,0.7664884328842163,0.5698056817054749,0.00019768859547646478
393,0.8971397876739502,0.8327375054359436,0.6440231204032898,0.00019766455004698082
394,0.8748173117637634,0.8131051659584045,0.6171214580535889,0.00019764038166974535
395,0.838103175163269,0.7787024974822998,0.5940067768096924,0.0001976160903751834
396,0.8455069661140442,0.7861043214797974,0.5940265655517578,0.00019759167619387476
397,0.8738523125648499,0.8118436932563782,0.6200859546661377,0.0001975671391565539
398,0.8278356790542603,0.7699682116508484,0.5786746144294739,0.00019754247929410995
399,0.8417932987213135,0.7829769849777222,0.5881630182266235,0.00019751769663758665
400,0.7826854586601257,0.7281257510185242,0.5455970168113708,0.00019749279121818235
401,0.8161700963973999,0.7590853571891785,0.5708473324775696,0.00019746776306724998
402,0.8720177412033081,0.8111120462417603,0.6090572476387024,0.0001974426122162969
403,0.8955196738243103,0.8320702910423279,0.6344938278198242,0.00019741733869698495
404,0.9310416579246521,0.8667907118797302,0.6425092816352844,0.0001973919425411304
405,0.8537465929985046,0.7945071458816528,0.5923945307731628,0.00019736642378070392
406,0.8592755794525146,0.799023449420929,0.6025211811065674,0.00019734078244783054
407,0.8123860955238342,0.7554402351379395,0.5694586634635925,0.00019731501857478954
408,0.8108241558074951,0.7538504004478455,0.5697376132011414,0.0001972891321940145
409,0.8299557566642761,0.7721261382102966,0.5782963633537292,0.00019726312333809322
410,0.7952664494514465,0.7401984930038452,0.5506798028945923,0.00019723699203976766
411,0.8149467706680298,0.7579473257064819,0.5699946880340576,0.00019721073833193397
412,0.8365423083305359,0.7779892683029175,0.5855304598808289,0.00019718436224764233
413,0.7685812711715698,0.7136790156364441,0.5490227937698364,0.00019715786382009705
414,0.7752723693847656,0.7202288508415222,0.5504353642463684,0.00019713124308265635
415,0.8901053071022034,0.828307569026947,0.6179772019386292,0.00019710450006883256
416,0.8381196856498718,0.7795907855033875,0.5852888226509094,0.00019707763481229183
417,0.8644942045211792,0.8044612407684326,0.6003293395042419,0.00019705064734685425
418,0.825655460357666,0.7685009837150574,0.5715444684028625,0.00019702353770649378
419,0.8701621890068054,0.809205174446106,0.6095701456069946,0.00019699630592533808
420,0.8874945044517517,0.8254762887954712,0.6201820373535156,0.0001969689520376687
421,0.7997704148292542,0.7443032264709473,0.554672122001648,0.00019694147607792083
422,0.8070085048675537,0.7502309083938599,0.5677757859230042,0.0001969138780806833
423,0.83686763048172,0.778355598449707,0.5851204991340637,0.00019688615808069872
424,0.882932186126709,0.8214426040649414,0.6148958802223206,0.0001968583161128631
425,0.8185425996780396,0.7620449066162109,0.5649769902229309,0.00019683035221222618
426,0.8568456768989563,0.7971864938735962,0.5965916514396667,0.00019680226641399096
427,0.8754174113273621,0.812778651714325,0.6263878345489502,0.00019677405875351414
428,0.8699356317520142,0.8086416125297546,0.6129404306411743,0.00019674572926630567
429,0.8578191995620728,0.7970607280731201,0.6075845956802368,0.00019671727798802895
430,0.8114776611328125,0.7548549175262451,0.5662273168563843,0.00019668870495450066
431,0.8716932535171509,0.8111315965652466,0.6056166887283325,0.00019666001020169073
432,0.8571116924285889,0.7967577576637268,0.6035395264625549,0.00019663119376572242
433,0.7573848366737366,0.7037988305091858,0.535860002040863,0.00019660225568287202
434,0.8152159452438354,0.7571566700935364,0.5805925726890564,0.00019657319598956913
435,0.7756127715110779,0.7212016582489014,0.5441110134124756,0.0001965440147223963
436,0.8847765922546387,0.8226940035820007,0.6208256483078003,0.00019651471191808924
437,0.8618499040603638,0.8011906147003174,0.6065928936004639,0.00019648528761353652
438,0.8127805590629578,0.7562005519866943,0.5658003091812134,0.00019645574184577982
439,0.7534299492835999,0.6994851231575012,0.539448082447052,0.00019642607465201364
440,0.8225292563438416,0.7655885815620422,0.5694069862365723,0.00019639628606958533
441,0.8704713582992554,0.8092483282089233,0.6122300624847412,0.0001963663761359951
442,0.8831404447555542,0.822217583656311,0.6092286109924316,0.00019633634488889595
443,0.829432487487793,0.7721184492111206,0.5731403827667236,0.0001963061923660935
444,0.8069426417350769,0.7510669231414795,0.5587573051452637,0.0001962759186055461
445,0.8457046747207642,0.7870044112205505,0.5870027542114258,0.00019624552364536473
446,0.7784980535507202,0.7241702079772949,0.5432784557342529,0.00019621500752381294
447,0.8422995209693909,0.7832152843475342,0.590842604637146,0.00019618437027930683
448,0.8158425688743591,0.7576617002487183,0.5818088054656982,0.00019615361195041492
449,0.8330707550048828,0.7746995091438293,0.5837124586105347,0.00019612273257585815
450,0.769656777381897,0.7152832746505737,0.5437348484992981,0.00019609173219450998
451,0.8362266421318054,0.7781570553779602,0.5806958079338074,0.000196060610845396
452,0.8611034750938416,0.8006498217582703,0.6045366525650024,0.0001960293685676943
453,0.8472720384597778,0.7878957390785217,0.5937631726264954,0.00019599800540073505
454,0.8287935256958008,0.7709340453147888,0.5785951018333435,0.00019596652138400064
455,0.863903284072876,0.8024649024009705,0.6143840551376343,0.0001959349165571256
456,0.7538303732872009,0.7007525563240051,0.5307784080505371,0.0001959031909598966
457,0.8413722515106201,0.7811762094497681,0.6019605398178101,0.0001958713446322522
458,0.8670012950897217,0.8061988353729248,0.608024537563324,0.00019583937761428314
459,0.818873405456543,0.7631643414497375,0.5570903420448303,0.00019580728994623195
460,0.856130838394165,0.79716557264328,0.5896528363227844,0.00019577508166849304
461,0.7998734712600708,0.7445840835571289,0.5528936982154846,0.00019574275282161283
462,0.8555442690849304,0.7952393293380737,0.603049635887146,0.00019571030344628926
463,0.8665359020233154,0.8058818578720093,0.6065402030944824,0.00019567773358337222
464,0.8246867656707764,0.7682346105575562,0.5645217895507812,0.00019564504327386316
465,0.7762516736984253,0.7224717736244202,0.5377990007400513,0.0001956122325589152
466,0.806235671043396,0.7489117980003357,0.5732389688491821,0.00019557930147983302
467,0.8557159900665283,0.7951677441596985,0.6054825782775879,0.00019554625007807283
468,0.783767580986023,0.7287531495094299,0.550144612789154,0.0001955130783952423
469,0.8069621324539185,0.7497305870056152,0.5723157525062561,0.00019547978647310057
470,0.8038855195045471,0.7475188970565796,0.5636664628982544,0.00019544637435355808
471,0.8584466576576233,0.7998806238174438,0.5856605172157288,0.00019541284207867662
472,0.7874981760978699,0.7328217029571533,0.5467649698257446,0.0001953791896906692
473,0.789272665977478,0.7349240183830261,0.5434867143630981,0.0001953454172319001
474,0.813352108001709,0.7568159103393555,0.5653618574142456,0.00019531152474488477
475,0.822504460811615,0.7651385068893433,0.5736593008041382,0.00019527751227228963
476,0.7901416420936584,0.7346441745758057,0.5549749135971069,0.0001952433798569323
477,0.7770669460296631,0.7234906554222107,0.5357632040977478,0.00019520912754178123
478,0.842911422252655,0.7845997214317322,0.5831170678138733,0.00019517475536995604
479,0.7920581698417664,0.7360390424728394,0.5601910352706909,0.000195140263384727
480,0.7846271991729736,0.7303232550621033,0.5430397391319275,0.00019510565162951537
481,0.8278892040252686,0.7695632576942444,0.5832592844963074,0.0001950709201478931
482,0.8546650409698486,0.7961053252220154,0.5855972170829773,0.00019503606898358284
483,0.7474855184555054,0.6939827799797058,0.5350270867347717,0.00019500109818045805
484,0.8029990792274475,0.7466405630111694,0.5635849833488464,0.00019496600778254263
485,0.8495254516601562,0.7897143959999084,0.5981107354164124,0.00019493079783401113
486,0.8440040946006775,0.785396933555603,0.5860717296600342,0.0001948954683791886
487,0.8057609796524048,0.7494838237762451,0.5627715587615967,0.00019486001946255046
488,0.8220151662826538,0.7656243443489075,0.5639079809188843,0.00019482445112872264
489,0.7648488283157349,0.7111343145370483,0.5371448397636414,0.00019478876342248128
490,0.785607635974884,0.7308852076530457,0.5472240447998047,0.0001947529563887529
491,0.782913863658905,0.7278354167938232,0.5507844090461731,0.00019471703007261412
492,0.7933018207550049,0.7386191487312317,0.5468266606330872,0.00019468098451929183
493,0.816829264163971,0.7594528794288635,0.5737636685371399,0.00019464481977416297
494,0.8510857820510864,0.7922901511192322,0.5879560112953186,0.00019460853588275454
495,0.7984945774078369,0.7434983849525452,0.549962043762207,0.00019457213289074355
496,0.7968201041221619,0.7413628101348877,0.5545727014541626,0.00019453561084395687
497,0.780705988407135,0.7268925309181213,0.5381345152854919,0.00019449896978837141
498,0.8391074538230896,0.780780553817749,0.5832691192626953,0.0001944622097701137
499,0.8525958061218262,0.7928354144096375,0.5976040363311768,0.00019442533083546012
500,0.830646812915802,0.773277223110199,0.5736956596374512,0.00019438833303083678
501,0.7822566628456116,0.7273552417755127,0.5490142107009888,0.00019435121640281938
502,0.8253309726715088,0.7685644626617432,0.5676649212837219,0.00019431398099813323
503,0.8305379152297974,0.7712817788124084,0.5925611853599548,0.00019427662686365314
504,0.8078693151473999,0.752074122428894,0.5579519867897034,0.0001942391540464035
505,0.7714661955833435,0.7181806564331055,0.532855212688446,0.00019420156259355791
506,0.7564899325370789,0.7029141783714294,0.5357575416564941,0.00019416385255243944
507,0.7549570798873901,0.7025699019432068,0.5238719582557678,0.00019412602397052048
508,0.8469278216362,0.7880140542984009,0.5891374349594116,0.00019408807689542257
509,0.829620361328125,0.771213948726654,0.5840643644332886,0.00019405001137491642
510,0.7572822570800781,0.7041472792625427,0.5313496589660645,0.0001940118274569219
511,0.7986578345298767,0.7436910271644592,0.5496681928634644,0.00019397352518950794
512,0.8443755507469177,0.7849050760269165,0.5947045087814331,0.00019393510462089236
513,0.872376561164856,0.8115336298942566,0.6084291934967041,0.000193896565799442
514,0.822065532207489,0.7654315233230591,0.5663400888442993,0.00019385790877367255
515,0.8248416781425476,0.7672284245491028,0.5761326551437378,0.00019381913359224842
516,0.8201027512550354,0.761860191822052,0.5824257731437683,0.0001937802403039829
517,0.8492803573608398,0.7900353074073792,0.5924504995346069,0.0001937412289578379
518,0.7905485033988953,0.735401451587677,0.5514703989028931,0.00019370209960292386
519,0.7503180503845215,0.6982282400131226,0.5208984017372131,0.00019366285228849996
520,0.8689209818840027,0.8079540133476257,0.6096698641777039,0.00019362348706397373
521,0.7978565692901611,0.7421264052391052,0.557301938533783,0.0001935840039789012
522,0.7677191495895386,0.7143025994300842,0.5341655611991882,0.00019354440308298672
523,0.7889509797096252,0.7337075471878052,0.5524345636367798,0.00019350468442608305
524,0.8046187162399292,0.7481517195701599,0.564670205116272,0.0001934648480581911
525,0.8431460857391357,0.7843553423881531,0.5879073143005371,0.00019342489402945998
526,0.7900287508964539,0.7338821291923523,0.5614663362503052,0.000193384822390187
527,0.848618745803833,0.7897250056266785,0.5889371633529663,0.00019334463319081735
528,0.807216465473175,0.7515671849250793,0.556492805480957,0.00019330432648194444
529,0.7943455576896667,0.7398238778114319,0.5452166199684143,0.00019326390231430942
530,0.7827937006950378,0.7284084558486938,0.5438522100448608,0.00019322336073880142
531,0.8248397707939148,0.7676741480827332,0.5716559886932373,0.00019318270180645737
532,0.7802914977073669,0.7256307601928711,0.5466073155403137,0.00019314192556846185
533,0.755415678024292,0.7031416296958923,0.5227406620979309,0.00019310103207614718
534,0.7289717793464661,0.6788827776908875,0.5008901953697205,0.00019306002138099327
535,0.8412060141563416,0.783560574054718,0.576454222202301,0.00019301889353462762
536,0.7958628535270691,0.7411988377571106,0.5466400980949402,0.00019297764858882514
537,0.8215588927268982,0.7644224762916565,0.5713639855384827,0.0001929362865955082
538,0.7632447481155396,0.7099363207817078,0.5330845713615417,0.0001928948076067465
539,0.7960653901100159,0.7408938407897949,0.551715612411499,0.00019285321167475698
540,0.7885486483573914,0.7332113981246948,0.5533726811408997,0.0001928114988519039
541,0.7682299613952637,0.7146047353744507,0.5362524390220642,0.00019276966919069862
542,0.7676122784614563,0.714735746383667,0.5287651419639587,0.0001927277227437995
543,0.8094698190689087,0.7537572383880615,0.557125985622406,0.00019268565956401208
544,0.7869282364845276,0.7325239181518555,0.5440431833267212,0.00019264347970428876
545,0.7664922475814819,0.712923526763916,0.5356869697570801,0.0001926011832177288
546,0.7787591218948364,0.7244099974632263,0.543491542339325,0.00019255877015757835
547,0.7771400213241577,0.7229493260383606,0.541907012462616,0.00019251624057723023
548,0.8215926289558411,0.7646970748901367,0.5689553618431091,0.00019247359453022407
549,0.7595944404602051,0.7074888944625854,0.5210555195808411,0.00019243083207024598
550,0.790249764919281,0.7351065874099731,0.5514319539070129,0.0001923879532511287
551,0.8228691816329956,0.7665432691574097,0.5632590651512146,0.0001923449581268514
552,0.8344775438308716,0.7765438556671143,0.5793371796607971,0.00019230184675153976
553,0.8294774889945984,0.7712937593460083,0.58183753490448,0.00019225861917946565
554,0.8041497468948364,0.7484076023101807,0.5574217438697815,0.0001922152754650474
555,0.8583267331123352,0.798920214176178,0.5940650105476379,0.0001921718156628494
556,0.8049395084381104,0.7488042712211609,0.5613524317741394,0.00019212823982758226
557,0.8073599934577942,0.7505148649215698,0.568451464176178,0.00019208454801410266
558,0.7787678837776184,0.7254255414009094,0.5334234237670898,0.0001920407402774132
559,0.81589674949646,0.7591140866279602,0.5678264498710632,0.00019199681667266252
560,0.7616857886314392,0.7090982794761658,0.5258753299713135,0.0001919527772551451
561,0.8158959746360779,0.7599319815635681,0.5596396923065186,0.0001919086220803011
562,0.7729149460792542,0.7198185920715332,0.5309635400772095,0.0001918643512037166
563,0.81550133228302,0.7594383358955383,0.5606300830841064,0.00019181996468112323
564,0.8365917205810547,0.7775146961212158,0.5907701849937439,0.00019177546256839812
565,0.8074923157691956,0.7522501349449158,0.5524217486381531,0.00019173084492156407
566,0.7997161149978638,0.7448673844337463,0.5484871864318848,0.00019168611179678924
567,0.7518289089202881,0.6996445655822754,0.5218436121940613,0.00019164126325038714
568,0.7356622219085693,0.6847474575042725,0.5091477036476135,0.00019159629933881666
569,0.7745565176010132,0.7201623916625977,0.5439410209655762,0.00019155122011868186
570,0.7639557123184204,0.7106059789657593,0.5334975719451904,0.00019150602564673198
571,0.7576720714569092,0.7044848799705505,0.531872034072876,0.00019146071597986138
572,0.7708617448806763,0.7174449563026428,0.5341677665710449,0.00019141529117510932
573,0.7328015565872192,0.681731641292572,0.5106992125511169,0.00019136975128966017
574,0.7711598873138428,0.7179630994796753,0.5319681167602539,0.00019132409638084304
575,0.8378838300704956,0.7786347270011902,0.592491090297699,0.00019127832650613189
576,0.7882785201072693,0.7335947155952454,0.5468379259109497,0.00019123244172314545
577,0.7413982152938843,0.6905218362808228,0.5087639093399048,0.00019118644208964702
578,0.743463933467865,0.6918309330940247,0.5163302421569824,0.00019114032766354453
579,0.7804521322250366,0.7265657782554626,0.5388636589050293,0.00019109409850289044
580,0.7403528094291687,0.6886905431747437,0.5166224837303162,0.00019104775466588161
581,0.7514243721961975,0.6989056468009949,0.5251874923706055,0.00019100129621085925
582,0.7917220592498779,0.7367221713066101,0.5499986410140991,0.00019095472319630892
583,0.7602545022964478,0.708401620388031,0.5185290575027466,0.00019090803568086036
584,0.7730341553688049,0.718863308429718,0.5417086482048035,0.00019086123372328746
585,0.771385133266449,0.7179557085037231,0.5342942476272583,0.00019081431738250814
586,0.7882053852081299,0.7338064312934875,0.5439897775650024,0.00019076728671758438
587,0.7983766198158264,0.7438772916793823,0.5449931025505066,0.00019072014178772202
588,0.8046784400939941,0.7483327388763428,0.5634571313858032,0.00019067288265227082
589,0.8093021512031555,0.7532799243927002,0.5602220296859741,0.00019062550937072424
590,0.7703825235366821,0.7169137001037598,0.5346883535385132,0.00019057802200271942
591,0.7257115840911865,0.6747940182685852,0.509175717830658,0.0001905304206080372
592,0.7816705703735352,0.7273002862930298,0.5437031388282776,0.00019048270524660196
593,0.7916794419288635,0.7374205589294434,0.5425890684127808,0.0001904348759784815
594,0.7998495697975159,0.7449556589126587,0.5489389896392822,0.00019038693286388698
595,0.7725196480751038,0.7184410691261292,0.5407859086990356,0.00019033887596317298
596,0.8054475784301758,0.7491329908370972,0.563145637512207,0.00019029070533683725
597,0.7818580269813538,0.7284128665924072,0.534451425075531,0.00019024242104552074
598,0.8145545125007629,0.7585361003875732,0.560184121131897,0.00019019402315000752
599,0.7515878081321716,0.6997519731521606,0.5183584690093994,0.00019014551171122457
600,0.8013594150543213,0.7462531924247742,0.5510621070861816,0.0001900968867902419
601,0.7379432320594788,0.6870460510253906,0.5089718699455261,0.0001900481484482724
602,0.7705804109573364,0.7166324257850647,0.5394796133041382,0.0001899992967466716
603,0.8303665518760681,0.7736361026763916,0.567304253578186,0.0001899503317469379
604,0.7377712726593018,0.6869931221008301,0.5077815651893616,0.00018990125351071226
605,0.7823305130004883,0.727667510509491,0.5466299057006836,0.00018985206209977813
606,0.817984402179718,0.760857343673706,0.5712707042694092,0.00018980275757606157
607,0.8468828797340393,0.7885649800300598,0.5831788778305054,0.00018975334000163093
608,0.7329394817352295,0.6825737357139587,0.5036576986312866,0.00018970380943869687
609,0.8368489146232605,0.7791839838027954,0.5766490697860718,0.00018965416594961238
610,0.8009109497070312,0.7456555962562561,0.5525534152984619,0.00018960440959687254
611,0.8158207535743713,0.7579789757728577,0.5784177184104919,0.0001895545404431145
612,0.7411607503890991,0.690244197845459,0.5091652274131775,0.00018950455855111745
613,0.7801384925842285,0.7259836792945862,0.5415482521057129,0.0001894544639838025
614,0.8209488391876221,0.7639368176460266,0.5701202154159546,0.00018940425680423264
615,0.7974269986152649,0.7424436807632446,0.5498331785202026,0.00018935393707561251
616,0.8120681047439575,0.7555359601974487,0.5653212070465088,0.00018930350486128856
617,0.8031750917434692,0.7472336888313293,0.559413731098175,0.00018925296022474878
618,0.7555719017982483,0.7028417587280273,0.5273013710975647,0.00018920230322962264
619,0.8599547147750854,0.8004629015922546,0.5949180722236633,0.0001891515339396812
620,0.7113857865333557,0.6614283919334412,0.49957388639450073,0.0001891006524188368
621,0.8056743741035461,0.7503131031990051,0.5536128878593445,0.000189049658731143
622,0.7606860995292664,0.7083383798599243,0.5234770774841309,0.00018899855294079472
623,0.7426685094833374,0.6911588907241821,0.5150958895683289,0.00018894733511212782
624,0.7769165635108948,0.7236453890800476,0.5327116847038269,0.00018889600530961934
625,0.7399197816848755,0.6878830790519714,0.5203670859336853,0.00018884456359788724
626,0.8159913420677185,0.759802520275116,0.5618879795074463,0.00018879301004169036
627,0.8290886878967285,0.7719467878341675,0.5714187622070312,0.00018874134470592835
628,0.7437174320220947,0.6911043524742126,0.5261305570602417,0.0001886895676556415
629,0.7793818116188049,0.724990725517273,0.5439107418060303,0.00018863767895601087
630,0.7244709134101868,0.675288736820221,0.4918217957019806,0.000188585678672358
631,0.7851639986038208,0.7308506369590759,0.5431333184242249,0.00018853356687014485
632,0.759784460067749,0.7075940370559692,0.5219040513038635,0.00018848134361497385
633,0.8194363713264465,0.7628976106643677,0.565387487411499,0.0001884290089725877
634,0.7494234442710876,0.6976563334465027,0.5176710486412048,0.00018837656300886937
635,0.7904366850852966,0.7356954216957092,0.5474128723144531,0.00018832400578984183
636,0.7545292377471924,0.7019004821777344,0.5262874364852905,0.0001882713373816683
637,0.7744145393371582,0.720710277557373,0.5370428562164307,0.00018821855785065185
638,0.7662200331687927,0.713156521320343,0.5306352972984314,0.00018816566726323548
639,0.7287503480911255,0.6783182621002197,0.5043206810951233,0.00018811266568600194
640,0.7718116044998169,0.718156099319458,0.5365553498268127,0.0001880595531856738
641,0.8318899273872375,0.7751466035842896,0.5674334764480591,0.00018800632982911322
642,0.7491693496704102,0.6969783306121826,0.5219103097915649,0.00018795299568332184
643,0.7523325085639954,0.7006633877754211,0.5166913866996765,0.00018789955081544092
644,0.7693977952003479,0.7171867489814758,0.5221104025840759,0.000187845995292751
645,0.8091898560523987,0.7533434629440308,0.5584638714790344,0.00018779232918267195
646,0.7930856943130493,0.7370846271514893,0.5600104331970215,0.00018773855255276283
647,0.7848634719848633,0.7302080392837524,0.5465542078018188,0.00018768466547072188
648,0.7982504367828369,0.7425644993782043,0.5568591952323914,0.00018763066800438636
649,0.700695812702179,0.6526903510093689,0.4800547957420349,0.00018757656022173248
650,0.7484080195426941,0.6971810460090637,0.5122696161270142,0.00018752234219087538
651,0.7892487049102783,0.7346002459526062,0.5464845299720764,0.0001874680139800689
652,0.7393921613693237,0.6880556344985962,0.5133649706840515,0.0001874135756577056
653,0.7853273153305054,0.7315029501914978,0.5382437109947205,0.00018735902729231677
654,0.7296425104141235,0.6793370842933655,0.5030542612075806,0.00018730436895257206
655,0.8280981779098511,0.7711188197135925,0.5697935819625854,0.00018724960070727972
656,0.8496113419532776,0.7904557585716248,0.5915560126304626,0.00018719472262538624
657,0.7836014032363892,0.7294384837150574,0.5416291356086731,0.00018713973477597646
658,0.764080822467804,0.7113058567047119,0.5277495384216309,0.00018708463722827336
659,0.8036260604858398,0.7479939460754395,0.5563209056854248,0.00018702943005163803
660,0.7938824892044067,0.7388611435890198,0.550213634967804,0.00018697411331556956
661,0.8094187378883362,0.7532902359962463,0.5612849593162537,0.00018691868708970496
662,0.7707532644271851,0.7169051766395569,0.5384808778762817,0.00018686315144381913
663,0.7480983734130859,0.6969070434570312,0.5119132995605469,0.00018680750644782467
664,0.7896620631217957,0.7346940636634827,0.5496799349784851,0.00018675175217177175
665,0.7811300158500671,0.7269685864448547,0.5416143536567688,0.0001866958886858483
666,0.7829006910324097,0.7287156581878662,0.5418503284454346,0.0001866399160603796
667,0.7399965524673462,0.6882045865058899,0.5179198384284973,0.0001865838343658284
668,0.7566783428192139,0.7045121192932129,0.5216620564460754,0.00018652764367279461
669,0.7680357098579407,0.7153164148330688,0.527193009853363,0.0001864713440520155
670,0.7719419002532959,0.7186228036880493,0.5331912040710449,0.0001864149355743655
671,0.753542959690094,0.7004386186599731,0.5310433506965637,0.00018635841831085586
672,0.7959588766098022,0.7409593462944031,0.5499956011772156,0.00018630179233263504
673,0.7535603642463684,0.7009963989257812,0.5256398916244507,0.00018624505771098817
674,0.8113783001899719,0.754554808139801,0.5682350993156433,0.00018618821451733724
675,0.7264422178268433,0.6767404675483704,0.49701744318008423,0.00018613126282324092
676,0.8301272988319397,0.7730715870857239,0.5705571174621582,0.0001860742027003944
677,0.7795208096504211,0.7261066436767578,0.5341414213180542,0.0001860170342206294
678,0.8104355335235596,0.7546288967132568,0.5580661296844482,0.0001859597574559141
679,0.7498999834060669,0.6988765001296997,0.510235071182251,0.00018590237247835293
680,0.7953862547874451,0.7403618693351746,0.5502438545227051,0.00018584487936018661
681,0.7481305003166199,0.6955733299255371,0.5255716443061829,0.00018578727817379195
682,0.845944344997406,0.7878797054290771,0.580646276473999,0.0001857295689916818
683,0.8249678611755371,0.7673731446266174,0.5759471654891968,0.00018567175188650498
684,0.7708472013473511,0.7165358066558838,0.543113648891449,0.00018561382693104615
685,0.7702614068984985,0.7170042991638184,0.5325711965560913,0.00018555579419822583
686,0.8365002870559692,0.7781044840812683,0.5839577913284302,0.0001854976537611001
687,0.7941957116127014,0.7392439246177673,0.5495177507400513,0.00018543940569286065
688,0.7525209188461304,0.7005987167358398,0.5192221999168396,0.00018538105006683472
689,0.7574668526649475,0.7048325538635254,0.5263428092002869,0.00018532258695648496
690,0.7507904171943665,0.6990169286727905,0.5177348852157593,0.00018526401643540922
691,0.8183624744415283,0.7616609334945679,0.567015528678894,0.0001852053385773407
692,0.7658216953277588,0.7118741869926453,0.5394747853279114,0.00018514655345614763
693,0.7803899645805359,0.7266058921813965,0.5378406047821045,0.00018508766114583332
694,0.7239527106285095,0.6737841367721558,0.5016857385635376,0.00018502866172053598
695,0.7961351275444031,0.741267740726471,0.5486737489700317,0.00018496955525452874
696,0.727228581905365,0.677040159702301,0.5018842220306396,0.0001849103418222194
697,0.8070161938667297,0.7513315677642822,0.556846022605896,0.00018485102149815038
698,0.7837934494018555,0.7297705411911011,0.540229082107544,0.00018479159435699883
699,0.793681263923645,0.7391939163208008,0.5448732376098633,0.00018473206047357619
700,0.7679104804992676,0.7141342759132385,0.5377617478370667,0.00018467241992282843
701,0.7583728432655334,0.7058379650115967,0.5253490209579468,0.00018461267277983568
702,0.7878339886665344,0.7335602045059204,0.5427376627922058,0.0001845528191198123
703,0.8030113577842712,0.7476215362548828,0.5538983941078186,0.00018449285901810675
704,0.753890872001648,0.7019218802452087,0.519689679145813,0.00018443279255020152
705,0.7378510236740112,0.6859616637229919,0.5188937187194824,0.0001843726197917129
706,0.7242540717124939,0.6736657619476318,0.505882978439331,0.0001843123408183911
707,0.7768147587776184,0.7235444188117981,0.5327034592628479,0.00018425195570611998
708,0.7655827403068542,0.7127740383148193,0.5280872583389282,0.00018419146453091701
709,0.7630694508552551,0.7105619311332703,0.5250753164291382,0.0001841308673689332
710,0.7332446575164795,0.682771623134613,0.5047305822372437,0.00018407016429645303
711,0.764599621295929,0.7116640210151672,0.5293558239936829,0.0001840093553898942
712,0.7590634226799011,0.707251250743866,0.5181218385696411,0.00018394844072580773
713,0.7660177946090698,0.7127068042755127,0.5331102013587952,0.00018388742038087777
714,0.7631116509437561,0.7098289132118225,0.5328273773193359,0.00018382629443192144
715,0.8112905621528625,0.7552356123924255,0.5605496168136597,0.00018376506295588886
716,0.7704170346260071,0.71658855676651,0.5382846593856812,0.00018370372602986303
717,0.7394319772720337,0.6873886585235596,0.5204331874847412,0.00018364228373105964
718,0.7214617133140564,0.6707081198692322,0.5075361132621765,0.00018358073613682706
719,0.7657067775726318,0.7124743461608887,0.5323242545127869,0.0001835190833246461
720,0.7964626550674438,0.7415221929550171,0.5494046211242676,0.00018345732537213027
721,0.7595131993293762,0.7066464424133301,0.5286673307418823,0.00018339546235702524
722,0.7392902970314026,0.6876074075698853,0.516828715801239,0.00018333349435720894
723,0.8042829036712646,0.7482684850692749,0.5601441264152527,0.0001832714214506916
724,0.7237468957901001,0.6736655235290527,0.5008140206336975,0.0001832092437156154
725,0.7544026374816895,0.701898455619812,0.5250419974327087,0.00018314696123025454
726,0.7618325352668762,0.7094103097915649,0.5242223739624023,0.00018308457407301503
727,0.8146576881408691,0.7581548094749451,0.5650286078453064,0.00018302208232243473
728,0.8373750448226929,0.7797687649726868,0.5760625600814819,0.00018295948605718314
729,0.7283340096473694,0.6777709722518921,0.5056304931640625,0.00018289678535606126
730,0.771640956401825,0.7184689044952393,0.5317204594612122,0.00018283398029800166
731,0.7777668833732605,0.7238100171089172,0.5395688414573669,0.00018277107096206826
732,0.729957640171051,0.6791033148765564,0.5085432529449463,0.00018270805742745617
733,0.746533215045929,0.6953608393669128,0.5117239356040955,0.00018264493977349184
734,0.7453557252883911,0.6941757798194885,0.5117992162704468,0.0001825817180796326
735,0.7532849311828613,0.7004402875900269,0.5284461379051208,0.00018251839242546696
736,0.8122478723526001,0.7559487223625183,0.5629917979240417,0.0001824549628907141
737,0.7531077265739441,0.7011807560920715,0.5192699432373047,0.00018239142955522406
738,0.8106802105903625,0.7548009753227234,0.5587924718856812,0.0001823277924989776
739,0.7206760048866272,0.6715197563171387,0.4915626645088196,0.000182264051802086
740,0.7762892842292786,0.722638726234436,0.5365055203437805,0.00018220020754479102
741,0.7730359435081482,0.7194780707359314,0.5355789661407471,0.00018213625980746475
742,0.7874384522438049,0.7332075834274292,0.5423088073730469,0.00018207220867060966
743,0.7616136074066162,0.7087510824203491,0.5286253690719604,0.00018200805421485824
744,0.7564277052879333,0.7045961022377014,0.5183157920837402,0.0001819437965209732
745,0.7251291275024414,0.6755468249320984,0.4958230257034302,0.0001818794356698471
746,0.8268989324569702,0.7696764469146729,0.5722249150276184,0.00018181497174250236
747,0.7874614596366882,0.7326557040214539,0.5480577945709229,0.0001817504048200912
748,0.789409875869751,0.7351791262626648,0.5423077940940857,0.00018168573498389564
749,0.7574868202209473,0.7045994997024536,0.5288733243942261,0.00018162096231532694
750,0.7249359488487244,0.6740385293960571,0.5089743733406067,0.00018155608689592604
751,0.7596123218536377,0.7071189284324646,0.5249337553977966,0.0001814911088073632
752,0.7956013083457947,0.7405807375907898,0.5502058863639832,0.00018142602813143785
753,0.7700462341308594,0.7168737053871155,0.5317253470420837,0.00018136084495007872
754,0.8501031398773193,0.7909827828407288,0.5912036299705505,0.0001812955593453434
755,0.7772904634475708,0.723873496055603,0.534169614315033,0.0001812301713994185
756,0.7643837332725525,0.7118704915046692,0.525132417678833,0.00018116468119461953
757,0.6977985501289368,0.6495919227600098,0.4820663332939148,0.00018109908881339058
758,0.761982798576355,0.7087456583976746,0.5323715806007385,0.00018103339433830454
759,0.7639958262443542,0.7117138504981995,0.5228198170661926,0.00018096759785206267
760,0.7718213200569153,0.719030499458313,0.5279080867767334,0.00018090169943749476
761,0.7762369513511658,0.7223384380340576,0.5389850735664368,0.00018083569917755885
762,0.7884863615036011,0.7342619895935059,0.5422435998916626,0.00018076959715534124
763,0.7365596294403076,0.6857249736785889,0.5083467364311218,0.00018070339345405625
764,0.7308971881866455,0.6797599792480469,0.5113723278045654,0.00018063708815704632
765,0.7778937816619873,0.7241321206092834,0.5376166701316833,0.00018057068134778173
766,0.7503253221511841,0.6990482807159424,0.5127705931663513,0.00018050417310986052
767,0.7911496162414551,0.7362695336341858,0.5488008260726929,0.00018043756352700846
768,0.8047612309455872,0.7490853667259216,0.5567584037780762,0.00018037085268307889
769,0.7314255833625793,0.6805852651596069,0.5084034204483032,0.0001803040406620526
770,0.727765679359436,0.6772115230560303,0.5055417418479919,0.0001802371275480378
771,0.7660494446754456,0.7121339440345764,0.539155125617981,0.0001801701134252699
772,0.7605156898498535,0.7083752751350403,0.5214043259620667,0.0001801029983781116
773,0.7956300377845764,0.7415590286254883,0.5407103300094604,0.00018003578249105244
774,0.7479275465011597,0.696100652217865,0.518268883228302,0.00017996846584870908
775,0.721305251121521,0.6721631288528442,0.491421103477478,0.00017990104853582493
776,0.774331271648407,0.7215009927749634,0.5283029675483704,0.00017983353063727016
777,0.7943484783172607,0.7391969561576843,0.5515149235725403,0.00017976591223804161
778,0.8012384176254272,0.7467650771141052,0.5447331070899963,0.00017969819342326254
779,0.7770572304725647,0.7232152819633484,0.5384194254875183,0.00017963037427818268
780,0.7495178580284119,0.6985086798667908,0.5100919604301453,0.00017956245488817812
781,0.787143349647522,0.7331623435020447,0.5398098826408386,0.000179494435338751
782,0.7705182433128357,0.7178582549095154,0.5266001224517822,0.00017942631571552973
783,0.7586497068405151,0.7055965662002563,0.5305311679840088,0.0001793580961042685
784,0.8222307562828064,0.7656529545783997,0.5657780766487122,0.00017928977659084755
785,0.7825057506561279,0.7277733683586121,0.5473237633705139,0.00017922135726127275
786,0.7621329426765442,0.7094951868057251,0.5263776183128357,0.00017915283820167573
787,0.7638680338859558,0.7107750773429871,0.5309297442436218,0.00017908421949831366
788,0.7958000898361206,0.7412521839141846,0.5454789996147156,0.00017901550123756906
789,0.6953626275062561,0.6475743055343628,0.4778834879398346,0.00017894668350594981
790,0.7512160539627075,0.6991437077522278,0.5207236409187317,0.00017887776639008914
791,0.816706657409668,0.7604072690010071,0.5629939436912537,0.00017880874997674515
792,0.7306945323944092,0.6803247928619385,0.5036971569061279,0.00017873963435280121
793,0.7696908712387085,0.7166032195091248,0.530876636505127,0.00017867041960526535
794,0.7229774594306946,0.6724004745483398,0.505769670009613,0.0001786011058212706
795,0.7025755643844604,0.6536685228347778,0.4890703558921814,0.00017853169308807448
796,0.7432360649108887,0.6917974948883057,0.514385998249054,0.0001784621814930592
797,0.7603797912597656,0.7080709338188171,0.523088276386261,0.00017839257112373132
798,0.7711716890335083,0.7182729840278625,0.5289868712425232,0.00017832286206772186
799,0.8083831667900085,0.7521795034408569,0.562036395072937,0.00017825305441278598
800,0.7512715458869934,0.6989402770996094,0.5233127474784851,0.000178183148246803
801,0.7858189940452576,0.73106849193573,0.5475051403045654,0.00017811314365777625
802,0.719093382358551,0.6686418056488037,0.5045158267021179,0.000178043040733833
803,0.7570847272872925,0.7040264010429382,0.5305835008621216,0.0001779728395632242
804,0.7748980522155762,0.7215912938117981,0.533067524433136,0.00017790254023432466
805,0.7246835231781006,0.6745904088020325,0.5009311437606812,0.00017783214283563262
806,0.708992600440979,0.660396158695221,0.48596468567848206,0.00017776164745576976
807,0.7478468418121338,0.6960779428482056,0.5176891684532166,0.00017769105418348122
808,0.770043134689331,0.7171791195869446,0.5286399722099304,0.00017762036310763532
809,0.7418013215065002,0.6900621056556702,0.5173920392990112,0.00017754957431722346
810,0.7722605466842651,0.719128429889679,0.5313209891319275,0.0001774786879013601
811,0.746630847454071,0.6949305534362793,0.5170028209686279,0.0001774077039492826
812,0.7617186903953552,0.7088748216629028,0.5284388661384583,0.00017733662255035114
813,0.8010755181312561,0.7466433644294739,0.5443216562271118,0.0001772654437940484
814,0.7450072765350342,0.6938119530677795,0.5119534134864807,0.0001771941677699799
815,0.768787145614624,0.7155673503875732,0.5321981906890869,0.00017712279456787332
816,0.7878673672676086,0.733135461807251,0.5473192930221558,0.00017705132427757895
817,0.7607939839363098,0.707007646560669,0.5378634333610535,0.00017697975698906904
818,0.7823801636695862,0.7279831767082214,0.543969988822937,0.00017690809279243813
819,0.7498407363891602,0.6986324191093445,0.5120832920074463,0.00017683633177790272
820,0.749159038066864,0.6971640586853027,0.5199497938156128,0.0001767644740358011
821,0.7045067548751831,0.6557825803756714,0.48724165558815,0.0001766925196565935
822,0.7715853452682495,0.7180191874504089,0.5356613397598267,0.00017662046873086163
823,0.7476549744606018,0.6963610649108887,0.5129390954971313,0.00017654832134930882
824,0.7820256352424622,0.7271233797073364,0.549022376537323,0.00017647607760275987
825,0.7491427063941956,0.6967064142227173,0.5243628025054932,0.00017640373758216077
826,0.7743167281150818,0.7204144597053528,0.5390229225158691,0.0001763313013785788
827,0.7925844192504883,0.7380825877189636,0.5450184941291809,0.00017625876908320236
828,0.7561915516853333,0.7045950293540955,0.5159653425216675,0.00017618614078734069
829,0.7650037407875061,0.7122836112976074,0.5272015333175659,0.00017611341658242395
830,0.7649902701377869,0.7124228477478027,0.525674045085907,0.0001760405965600031
831,0.6945344805717468,0.6459968686103821,0.48537594079971313,0.00017596768081174963
832,0.7519318461418152,0.7004362940788269,0.5149556398391724,0.00017589466942945556
833,0.7236964702606201,0.6736946702003479,0.5000179409980774,0.00017582156250503335
834,0.7395191192626953,0.688159167766571,0.5135993957519531,0.00017574836013051562
835,0.7760298252105713,0.7218218445777893,0.542079508304596,0.0001756750623980553
836,0.7627978324890137,0.7100372314453125,0.5276059508323669,0.00017560166939992528
837,0.7990044355392456,0.7432330846786499,0.557713508605957,0.00017552818122851838
838,0.78777015209198,0.73335862159729,0.5441152453422546,0.0001754545979763472
839,0.7807283997535706,0.7261021733283997,0.546262264251709,0.00017538091973604418
840,0.7685049772262573,0.7150912284851074,0.5341376066207886,0.00017530714660036112
841,0.7735236287117004,0.7199184894561768,0.5360512137413025,0.00017523327866216944
842,0.7579799890518188,0.7063215970993042,0.5165841579437256,0.00017515931601445986
843,0.7423346042633057,0.6914042234420776,0.5093039274215698,0.00017508525875034237
844,0.7297160029411316,0.6796144247055054,0.5010155439376831,0.00017501110696304596
845,0.7192968130111694,0.6689602732658386,0.5033653974533081,0.00017493686074591873
846,0.7437161207199097,0.691629946231842,0.5208616852760315,0.0001748625201924276
847,0.7320076823234558,0.6822183728218079,0.4978932738304138,0.00017478808539615824
848,0.7557157874107361,0.7043157815933228,0.513999879360199,0.00017471355645081498
849,0.7196583151817322,0.6707313656806946,0.4892692565917969,0.00017463893345022067
850,0.754500150680542,0.702075183391571,0.5242496728897095,0.00017456421648831655
851,0.7488864064216614,0.697479248046875,0.5140715837478638,0.00017448940565916222
852,0.7257124185562134,0.6755879521369934,0.5012447834014893,0.0001744145010569353
853,0.775859534740448,0.7226316928863525,0.5322784781455994,0.00017433950277593162
854,0.7268145680427551,0.6766185760498047,0.5019598007202148,0.0001742644109105648
855,0.7112962007522583,0.6620386242866516,0.4925755262374878,0.00017418922555536637
856,0.7419528961181641,0.6902863383293152,0.5166656374931335,0.0001741139468049855
857,0.7459257245063782,0.6945986151695251,0.513271152973175,0.00017403857475418896
858,0.7150086164474487,0.6657384634017944,0.4927017390727997,0.000173963109497861
859,0.7652708292007446,0.7126534581184387,0.5261736512184143,0.0001738875511310031
860,0.7389950156211853,0.6879259347915649,0.5106908679008484,0.00017381189974873407
861,0.7387675642967224,0.6885255575180054,0.5024198293685913,0.00017373615544628978
862,0.7169003486633301,0.6674461364746094,0.49454206228256226,0.00017366031831902304
863,0.7258449196815491,0.6756948828697205,0.5015002489089966,0.0001735843884624035
864,0.7377996444702148,0.6868985891342163,0.5090106129646301,0.00017350836597201767
865,0.7136293649673462,0.6646801829338074,0.48949161171913147,0.00017343225094356855
866,0.7197631597518921,0.6696184277534485,0.5014473795890808,0.0001733560434728757
867,0.7618470191955566,0.7091678977012634,0.5267912745475769,0.00017327974365587495
868,0.750851035118103,0.6994871497154236,0.5136386156082153,0.00017320335158861855
869,0.7618358731269836,0.7103894948959351,0.5144637823104858,0.0001731268673672747
870,0.7699148058891296,0.7175131440162659,0.5240163803100586,0.00017305029108812776
871,0.7401952743530273,0.6892713308334351,0.5092394351959229,0.00017297362284757794
872,0.7579896450042725,0.7052019238471985,0.5278772711753845,0.00017289686274214118
873,0.6723064184188843,0.6263270974159241,0.45979300141334534,0.00017282001086844906
874,0.7298663854598999,0.6796393394470215,0.5022701621055603,0.00017274306732324872
875,0.7527494430541992,0.7010164856910706,0.5173292756080627,0.0001726660322034027
876,0.7324033379554749,0.6821385622024536,0.5026479363441467,0.00017258890560588888
877,0.7294929623603821,0.6798388361930847,0.49654144048690796,0.00017251168762780013
878,0.7751879096031189,0.721821665763855,0.5336624383926392,0.0001724343783663445
879,0.7458546757698059,0.6942048072814941,0.5164988040924072,0.00017235697791884494
880,0.7190861701965332,0.6695756912231445,0.49510452151298523,0.00017227948638273916
881,0.755052924156189,0.7025370001792908,0.5251591801643372,0.00017220190385557955
882,0.7633478045463562,0.7103025913238525,0.5304520726203918,0.00017212423043503301
883,0.727693498134613,0.6776545643806458,0.5003894567489624,0.00017204646621888096
884,0.7343540787696838,0.6845666766166687,0.4978742301464081,0.00017196861130501905
885,0.742839515209198,0.6908328533172607,0.5200667977333069,0.00017189066579145705
886,0.6984578967094421,0.650044858455658,0.48413053154945374,0.0001718126297763189
887,0.7788000702857971,0.7251514792442322,0.5364858508110046,0.0001717345033578424
888,0.7389991879463196,0.6888031959533691,0.5019600987434387,0.00017165628663437922
889,0.7263607382774353,0.6762728095054626,0.5008792877197266,0.00017157797970439464
890,0.7402116060256958,0.6887489557266235,0.5146264433860779,0.00017149958266646754
891,0.7674471139907837,0.7145934700965881,0.5285366773605347,0.00017142109561929023
892,0.7507628798484802,0.6991615295410156,0.516013503074646,0.00017134251866166827
893,0.7397371530532837,0.6885604858398438,0.5117665529251099,0.00017126385189252053
894,0.7638744115829468,0.7104060649871826,0.5346837043762207,0.00017118509541087887
895,0.7540398836135864,0.7020329833030701,0.5200691223144531,0.00017110624931588806
896,0.7125890851020813,0.664197564125061,0.4839153587818146,0.0001710273137068057
897,0.735188364982605,0.6840416789054871,0.5114666819572449,0.00017094828868300215
898,0.7274578809738159,0.6773756742477417,0.5008219480514526,0.0001708691743439602
899,0.7468400597572327,0.6957004070281982,0.5113964676856995,0.00017078997078927521
900,0.7874263525009155,0.7324310541152954,0.5499527454376221,0.00017071067811865476
901,0.726402997970581,0.6766617298126221,0.4974128305912018,0.00017063129643191864
902,0.6909658908843994,0.6435686945915222,0.47397175431251526,0.00017055182582899873
903,0.7767167687416077,0.7228513360023499,0.538654088973999,0.00017047226640993883
904,0.6585817337036133,0.6132100820541382,0.4537164866924286,0.0001703926182748945
905,0.7114421725273132,0.6620475649833679,0.4939461946487427,0.00017031288152413306
906,0.7555214166641235,0.7031526565551758,0.5236878991127014,0.00017023305625803333
907,0.7440879940986633,0.692639172077179,0.5144883394241333,0.0001701531425770856
908,0.7692664265632629,0.7163389921188354,0.5292744040489197,0.0001700731405818914
909,0.7094499468803406,0.6606007814407349,0.488491415977478,0.00016999305037316352
910,0.7307955026626587,0.6807190775871277,0.5007644295692444,0.00016991287205172573
911,0.7635594010353088,0.710097074508667,0.5346233248710632,0.0001698326057185128
912,0.7147601246833801,0.6651297807693481,0.4963034987449646,0.00016975225147457026
913,0.7885631322860718,0.734584391117096,0.5397876501083374,0.00016967180942105423
914,0.7145358920097351,0.6652398109436035,0.4929610788822174,0.00016959127965923142
915,0.75541090965271,0.7039676904678345,0.514432430267334,0.0001695106622904791
916,0.7430568933486938,0.6921992301940918,0.5085766315460205,0.0001694299574162846
917,0.7817482948303223,0.7274655103683472,0.5428280234336853,0.0001693491651382455
918,0.7460219860076904,0.6944097280502319,0.5161222815513611,0.0001692682855580695
919,0.715245246887207,0.6663203835487366,0.48924869298934937,0.00016918731877757406
920,0.7263240218162537,0.6760408282279968,0.5028321146965027,0.00016910626489868649
921,0.7716794610023499,0.71873539686203,0.5294405221939087,0.00016902512402344373
922,0.7284058928489685,0.6783460378646851,0.5005983710289001,0.00016894389625399226
923,0.7291594743728638,0.6793046593666077,0.4985482692718506,0.0001688625816925879
924,0.7715708613395691,0.7180234789848328,0.5354737639427185,0.00016878118044159578
925,0.7530426383018494,0.7017457485198975,0.5129688382148743,0.00016869969260349018
926,0.706478476524353,0.6577233076095581,0.4875515401363373,0.00016861811828085429
927,0.7331233620643616,0.6817196011543274,0.5140377283096313,0.00016853645757638024
928,0.7098153829574585,0.6608927845954895,0.48922592401504517,0.00016845471059286887
929,0.682395875453949,0.6357066035270691,0.4668924808502197,0.00016837287743322975
930,0.7539920210838318,0.7021034359931946,0.5188860297203064,0.00016829095820048072
931,0.7626184225082397,0.709688127040863,0.5293028950691223,0.00016820895299774814
932,0.6584067344665527,0.6125017404556274,0.4590498208999634,0.00016812686192826663
933,0.7626287341117859,0.7099471092224121,0.5268161296844482,0.00016804468509537874
934,0.7125750780105591,0.6638672947883606,0.48707759380340576,0.00016796242260253512
935,0.6972916722297668,0.649667501449585,0.4762416183948517,0.0001678800745532942
936,0.697943389415741,0.6499548554420471,0.4798853397369385,0.0001677976410513221
937,0.7420910596847534,0.6904371380805969,0.5165390372276306,0.00016771512220039255
938,0.7065218687057495,0.6571548581123352,0.49366995692253113,0.00016763251810438678
939,0.7455418109893799,0.6938060522079468,0.517357349395752,0.00016754982886729318
940,0.7022699117660522,0.6525856256484985,0.49684277176856995,0.00016746705459320745
941,0.7327938675880432,0.6828488707542419,0.4994497001171112,0.0001673841953863323
942,0.7286402583122253,0.6783428192138672,0.502974271774292,0.00016730125135097735
943,0.7039722800254822,0.6554078459739685,0.4856443405151367,0.00016721822259155902
944,0.7142547369003296,0.6652339696884155,0.4902075529098511,0.0001671351092126004
945,0.6978172659873962,0.650375247001648,0.4744203984737396,0.00016705191131873107
946,0.7734419107437134,0.7196590304374695,0.5378286242485046,0.0001669686290146871
947,0.6871950626373291,0.6400530934333801,0.4714197814464569,0.00016688526240531064
948,0.7054381370544434,0.6573159098625183,0.48122239112854004,0.00016680181159555013
949,0.7606308460235596,0.7079606652259827,0.5267019271850586,0.00016671827669045998
950,0.7150644659996033,0.6658909916877747,0.4917348623275757,0.0001666346577952004
951,0.7841707468032837,0.7303504943847656,0.5382024049758911,0.00016655095501503738
952,0.7646674513816833,0.7120921611785889,0.5257529616355896,0.0001664671684553426
953,0.7125063538551331,0.6636406779289246,0.4886569082736969,0.00016638329822159296
954,0.7953633069992065,0.7391605377197266,0.5620279908180237,0.00016629934441937097
955,0.7150207161903381,0.6653901934623718,0.49630534648895264,0.00016621530715436414
956,0.7498556971549988,0.6984485983848572,0.5140709280967712,0.00016613118653236518
957,0.701265811920166,0.6529006958007812,0.48365113139152527,0.00016604698265927173
958,0.8026365041732788,0.747334897518158,0.5530162453651428,0.0001659626956410861
959,0.6653478741645813,0.6198588609695435,0.4548902213573456,0.0001658783255839154
960,0.7826014161109924,0.727607786655426,0.5499362349510193,0.00016579387259397127
961,0.6985677480697632,0.6508802771568298,0.47687458992004395,0.00016570933677756967
962,0.7264618277549744,0.6762658357620239,0.5019601583480835,0.00016562471824113092
963,0.6793159246444702,0.6330843567848206,0.46231594681739807,0.0001655400170911794
964,0.7286209464073181,0.6784898638725281,0.5013107657432556,0.00016545523343434356
965,0.7766036987304688,0.7227051258087158,0.5389857888221741,0.00016537036737735564
966,0.7005417346954346,0.652873694896698,0.4766804873943329,0.00016528541902705162
967,0.6964051127433777,0.6481825113296509,0.4822259247303009,0.00016520038849037117
968,0.7259243130683899,0.6757720112800598,0.5015232563018799,0.00016511527587435737
969,0.7302215695381165,0.6796777248382568,0.5054385662078857,0.00016503008128615655
970,0.7557136416435242,0.7031074166297913,0.5260621905326843,0.00016494480483301836
971,0.7203848958015442,0.6708709001541138,0.4951396882534027,0.00016485944662229546
972,0.6993937492370605,0.6505178213119507,0.4887593686580658,0.00016477400676144334
973,0.7899562120437622,0.7354041934013367,0.545520007610321,0.00016468848535802045
974,0.7456570267677307,0.6942017674446106,0.5145525336265564,0.00016460288251968775
975,0.7297866344451904,0.6783424615859985,0.5144414305686951,0.00016451719835420877
976,0.8039838671684265,0.7490724325180054,0.5491141080856323,0.00016443143296944945
977,0.7371890544891357,0.6863306760787964,0.5085840821266174,0.0001643455864733779
978,0.6746198534965515,0.6283612251281738,0.46258649230003357,0.0001642596589740644
979,0.7359317541122437,0.684904932975769,0.5102682113647461,0.00016417365057968123
980,0.7042928338050842,0.6551059484481812,0.49186861515045166,0.0001640875613985024
981,0.7450595498085022,0.6937684416770935,0.5129109025001526,0.00016400139153890375
982,0.7530174255371094,0.7005314826965332,0.5248591303825378,0.00016391514110936255
983,0.7272088527679443,0.6773837804794312,0.4982506334781647,0.00016382881021845762
984,0.7245867252349854,0.6744304299354553,0.5015630125999451,0.000163742398974869
985,0.7964867353439331,0.7421431541442871,0.5434355139732361,0.00016365590748737788
986,0.7916151881217957,0.737321138381958,0.5429402589797974,0.00016356933586486648
987,0.7432886958122253,0.6918821930885315,0.5140652060508728,0.00016348268421631797
988,0.7317291498184204,0.6815891265869141,0.5014002323150635,0.0001633959526508162
989,0.6905720233917236,0.6428589820861816,0.4771304428577423,0.00016330914127754553
990,0.7716783285140991,0.7181872129440308,0.5349111557006836,0.00016322225020579099
991,0.72563236951828,0.6754648685455322,0.5016747713088989,0.00016313527954493778
992,0.7551501393318176,0.7026420831680298,0.5250805020332336,0.00016304822940447139
993,0.6961785554885864,0.6475201845169067,0.4865839183330536,0.0001629610998939773
994,0.747626006603241,0.69587242603302,0.5175356864929199,0.00016287389112314092
995,0.6905035972595215,0.6415891051292419,0.48914483189582825,0.00016278660320174747
996,0.7739198803901672,0.7206206917762756,0.5329921245574951,0.0001626992362396818
997,0.7360895872116089,0.6856016516685486,0.5048795342445374,0.00016261179034692826
998,0.7040533423423767,0.6560843586921692,0.47968974709510803,0.00016252426563357052
999,0.7372999787330627,0.6870167851448059,0.502831757068634,0.00016243666220979157
1000,0.7540878653526306,0.7014880180358887,0.5259984135627747,0.00016234898018587337
1001,0.7601146101951599,0.7078444361686707,0.5227019786834717,0.0001622612196721969
1002,0.6973091959953308,0.6489065885543823,0.4840262234210968,0.000162173380779242
1003,0.721639096736908,0.6724948287010193,0.4914429187774658,0.00016208546361758707
1004,0.6832846999168396,0.6360682249069214,0.4721645414829254,0.00016199746829790906
1005,0.6801591515541077,0.6322184801101685,0.4794067144393921,0.00016190939493098344
1006,0.7368590831756592,0.684863805770874,0.519952654838562,0.00016182124362768368
1007,0.6758402585983276,0.629189670085907,0.46650558710098267,0.00016173301449898166
1008,0.7285868525505066,0.6784719824790955,0.5011489391326904,0.00016164470765594698
1009,0.7068235874176025,0.658503532409668,0.4832005798816681,0.00016155632320974728
1010,0.7006476521492004,0.6532504558563232,0.4739718735218048,0.00016146786127164771
1011,0.7177943587303162,0.6677658557891846,0.5002849102020264,0.00016137932195301114
1012,0.79926598072052,0.7445860505104065,0.5467991232872009,0.00016129070536529766
1013,0.7092055082321167,0.6602831482887268,0.48922351002693176,0.00016120201162006482
1014,0.7194091081619263,0.6698701977729797,0.4953889846801758,0.0001611132408289672
1015,0.7182958126068115,0.6683304309844971,0.49965405464172363,0.00016102439310375637
1016,0.7032637000083923,0.6546552181243896,0.48608455061912537,0.00016093546855628084
1017,0.7079419493675232,0.6597803235054016,0.48161640763282776,0.00016084646729848568
1018,0.7240818738937378,0.6738712787628174,0.5021058320999146,0.00016075738944241268
1019,0.709776759147644,0.6609429717063904,0.4883379638195038,0.00016066823510019998
1020,0.6874294281005859,0.6404858231544495,0.4694359302520752,0.000160579004384082
1021,0.7320305109024048,0.6817062497138977,0.5032424926757812,0.00016048969740638933
1022,0.6982194185256958,0.6502766013145447,0.4794282615184784,0.00016040031427954853
1023,0.7622750997543335,0.7104653120040894,0.5180978178977966,0.00016031085511608213
1024,0.6906285881996155,0.6431689262390137,0.47459670901298523,0.00016022132002860824
1025,0.7496793866157532,0.6973066329956055,0.5237277150154114,0.00016013170912984058
1026,0.7219482064247131,0.6718311905860901,0.5011703968048096,0.00016004202253258842
1027,0.7092191576957703,0.6608048677444458,0.48414313793182373,0.00015995226034975617
1028,0.7360736131668091,0.6855208277702332,0.5055280327796936,0.00015986242269434354
1029,0.6968981623649597,0.6487786769866943,0.48119497299194336,0.00015977250967944508
1030,0.7112695574760437,0.6627228856086731,0.48546651005744934,0.00015968252141825037
1031,0.6610349416732788,0.6154223680496216,0.4561254382133484,0.00015959245802404365
1032,0.7318657040596008,0.682119607925415,0.49746084213256836,0.00015950231961020373
1033,0.7042719721794128,0.6561965942382812,0.48075351119041443,0.00015941210629020388
1034,0.7013148069381714,0.6533106565475464,0.4800417721271515,0.00015932181817761163
1035,0.7397425770759583,0.6886842846870422,0.5105828642845154,0.00015923145538608875
1036,0.7016718983650208,0.6533199548721313,0.4835193157196045,0.0001591410180293909
1037,0.7184735536575317,0.6691015362739563,0.4937201738357544,0.00015905050622136777
1038,0.6711685061454773,0.6252596974372864,0.4590878188610077,0.0001589599200759626
1039,0.7057100534439087,0.6572151184082031,0.4849493205547333,0.00015886925970721235
1040,0.7097500562667847,0.6612761616706848,0.48473888635635376,0.00015877852522924732
1041,0.7232607007026672,0.6732264161109924,0.5003427863121033,0.00015868771675629114
1042,0.702888548374176,0.6539621949195862,0.48926377296447754,0.00015859683440266068
1043,0.7068076133728027,0.6574856042861938,0.49322009086608887,0.00015850587828276564
1044,0.7324722409248352,0.68135666847229,0.5111556649208069,0.0001584148485111087
1045,0.7185167074203491,0.6694801449775696,0.4903653860092163,0.00015832374520228525
1046,0.727301836013794,0.6772854328155518,0.5001639127731323,0.00015823256847098324
1047,0.7282758355140686,0.6780338287353516,0.5024203062057495,0.00015814131843198308
1048,0.6754237413406372,0.6290919780731201,0.4633176624774933,0.00015804999520015734
1049,0.753508985042572,0.701572597026825,0.5193639993667603,0.00015795859889047091
1050,0.7433143854141235,0.6921783089637756,0.5113608837127686,0.0001578671296179806
1051,0.6976094841957092,0.6496122479438782,0.4799722731113434,0.000157775587497835
1052,0.7110996842384338,0.6622380614280701,0.4886164665222168,0.00015768397264527448
1053,0.7548745274543762,0.7028721570968628,0.5200238823890686,0.00015759228517563099
1054,0.8067516088485718,0.7515709400177002,0.5518066883087158,0.00015750052520432787
1055,0.7392750978469849,0.6882820129394531,0.5099308490753174,0.0001574086928468797
1056,0.7125936150550842,0.663435697555542,0.4915792644023895,0.00015731678821889224
1057,0.7708683013916016,0.7175083160400391,0.5336000919342041,0.0001572248114360622
1058,0.7507690191268921,0.6987732648849487,0.5199573040008545,0.00015713276261417706
1059,0.725188136100769,0.6745134592056274,0.5067470669746399,0.00015704064186911518
1060,0.6990689635276794,0.6499379277229309,0.4913104772567749,0.0001569484493168452
1061,0.6861677169799805,0.6389474272727966,0.47220316529273987,0.0001568561850734264
1062,0.6787245273590088,0.6323386430740356,0.46385878324508667,0.00015676384925500814
1063,0.7143702507019043,0.664661705493927,0.4970856010913849,0.00015667144197783
1064,0.7704181671142578,0.7174497246742249,0.5296842455863953,0.00015657896335822147
1065,0.7434627413749695,0.6923435926437378,0.5111916661262512,0.00015648641351260177
1066,0.748388409614563,0.69698166847229,0.5140673518180847,0.00015639379255747994
1067,0.7077018618583679,0.6577626466751099,0.4993918836116791,0.0001563011006094544
1068,0.6995027661323547,0.6511700749397278,0.48332691192626953,0.00015620833778521307
1069,0.7229096293449402,0.6726368069648743,0.5027280449867249,0.00015611550420153297
1070,0.756212055683136,0.7047203779220581,0.5149168968200684,0.00015602259997528028
1071,0.7063018679618835,0.6578707695007324,0.4843108355998993,0.0001559296252234101
1072,0.7166348695755005,0.6673915982246399,0.49243301153182983,0.00015583658006296624
1073,0.7069531679153442,0.6576831340789795,0.49270012974739075,0.0001557434646110813
1074,0.7273011803627014,0.6767805814743042,0.5052059888839722,0.00015565027898497617
1075,0.7289740443229675,0.6789486408233643,0.5002542734146118,0.00015555702330196023
1076,0.6814514994621277,0.6346670389175415,0.46784481406211853,0.00015546369767943102
1077,0.699322521686554,0.6502142548561096,0.4910825788974762,0.0001553703022348741
1078,0.757507860660553,0.7054388523101807,0.5206903219223022,0.0001552768370858629
1079,0.6823959350585938,0.6355825662612915,0.46813347935676575,0.00015518330235005868
1080,0.730368435382843,0.68001389503479,0.5035454034805298,0.00015508969814521025
1081,0.6793825030326843,0.6328079700469971,0.46574535965919495,0.0001549960245891539
1082,0.6952837705612183,0.6473121047019958,0.47971683740615845,0.0001549022817998132
1083,0.7213289737701416,0.6717167496681213,0.49612200260162354,0.00015480846989519885
1084,0.715825617313385,0.6667797565460205,0.4904584586620331,0.0001547145889934086
1085,0.7372066974639893,0.6865363717079163,0.5067033767700195,0.0001546206392126271
1086,0.7178945541381836,0.6676892638206482,0.5020530819892883,0.0001545266206711256
1087,0.73325115442276,0.683188259601593,0.5006289482116699,0.00015443253348726202
1088,0.7594034671783447,0.7068889737129211,0.5251449346542358,0.0001543383777794806
1089,0.7536957263946533,0.7019994854927063,0.516962468624115,0.00015424415366631188
1090,0.7079513072967529,0.6588078737258911,0.4914345145225525,0.00015414986126637258
1091,0.7216087579727173,0.6720937490463257,0.49514997005462646,0.00015405550069836528
1092,0.721910834312439,0.6711669564247131,0.5074385404586792,0.00015396107208107845
1093,0.7100108861923218,0.6614341139793396,0.48576778173446655,0.0001538665755333862
1094,0.642986536026001,0.5989620685577393,0.4402444362640381,0.00015377201117424812
1095,0.716148316860199,0.6666324138641357,0.4951588213443756,0.0001536773791227092
1096,0.6770161390304565,0.6309118866920471,0.46104270219802856,0.00015358267949789966
1097,0.6547232866287231,0.6097554564476013,0.44967854022979736,0.0001534879124190348
1098,0.6961233615875244,0.647858202457428,0.4826517403125763,0.00015339307800541475
1099,0.6495243906974792,0.6048250198364258,0.44699373841285706,0.00015329817637642454
1100,0.669810950756073,0.6235021948814392,0.46308761835098267,0.00015320320765153367
1101,0.6835732460021973,0.636480450630188,0.47092822194099426,0.0001531081719502962
1102,0.7356505990028381,0.684683620929718,0.5096696019172668,0.00015301306939235053
1103,0.7572154998779297,0.705245316028595,0.5197016000747681,0.00015291790009741907
1104,0.748761773109436,0.6971251964569092,0.5163660049438477,0.00015282266418530847
1105,0.7181270122528076,0.6684025526046753,0.4972446858882904,0.000152727361775909
1106,0.7298938035964966,0.6793055534362793,0.5058826804161072,0.00015263199298919488
1107,0.7257689237594604,0.6762274503707886,0.49541449546813965,0.00015253655794522368
1108,0.7163494229316711,0.6671267747879028,0.492226243019104,0.0001524410567641366
1109,0.6962180137634277,0.6481926441192627,0.48025399446487427,0.00015234548956615784
1110,0.7246549129486084,0.6755079030990601,0.49147021770477295,0.0001522498564715949
1111,0.6706887483596802,0.6248936653137207,0.4579509198665619,0.0001521541576008382
1112,0.7101935744285583,0.6616535186767578,0.48540031909942627,0.00015205839307436088
1113,0.7890374064445496,0.7344041466712952,0.546332597732544,0.00015196256301271884
1114,0.7133083939552307,0.6643186211585999,0.4898976981639862,0.0001518666675365504
1115,0.7249646186828613,0.675338864326477,0.4962574541568756,0.00015177070676657633
1116,0.7314942479133606,0.680977463722229,0.5051677823066711,0.00015167468082359945
1117,0.6851961612701416,0.6379400491714478,0.4725610017776489,0.00015157858982850475
1118,0.7007859945297241,0.6525107026100159,0.4827529788017273,0.00015148243390225908
1119,0.7148605585098267,0.6660956144332886,0.48764944076538086,0.00015138621316591094
1120,0.7682253122329712,0.7155431509017944,0.5268216729164124,0.00015128992774059063
1121,0.7026254534721375,0.6534537076950073,0.4917173385620117,0.00015119357774750965
1122,0.7325154542922974,0.6822754740715027,0.5024001002311707,0.0001510971633079609
1123,0.7427557706832886,0.6918378472328186,0.5091794729232788,0.00015100068454331836
1124,0.6746779084205627,0.6283819079399109,0.462959885597229,0.00015090414157503714
1125,0.756903886795044,0.705018937587738,0.518849790096283,0.00015080753452465296
1126,0.7375602722167969,0.6862207055091858,0.5133957862854004,0.00015071086351378231
1127,0.7325537204742432,0.6823654770851135,0.5018827319145203,0.00015061412866412225
1128,0.8091717958450317,0.7534865140914917,0.5568525791168213,0.00015051733009745013
1129,0.7289657592773438,0.6788890957832336,0.5007664561271667,0.00015042046793562348
1130,0.7454484105110168,0.6948516368865967,0.5059677958488464,0.00015032354230058004
1131,0.6800541877746582,0.6333284378051758,0.4672577679157257,0.00015022655331433727
1132,0.7707422375679016,0.717254638671875,0.5348758101463318,0.0001501295010989925
1133,0.710510790348053,0.6619418263435364,0.485689640045166,0.00015003238577672266
1134,0.6831545829772949,0.6358696222305298,0.47284942865371704,0.00014993520746978405
1135,0.6922241449356079,0.6444154977798462,0.47808629274368286,0.0001498379663005123
1136,0.6996567249298096,0.6516222953796387,0.4803439974784851,0.0001497406623913222
1137,0.7196628451347351,0.6709330081939697,0.48729848861694336,0.00014964329586470752
1138,0.7377334833145142,0.6869492530822754,0.5078421235084534,0.00014954586684324078
1139,0.7275428771972656,0.6775507926940918,0.4999210238456726,0.00014944837544957323
1140,0.7676259875297546,0.7153894305229187,0.5223657488822937,0.0001493508218064347
1141,0.7120875716209412,0.6633121967315674,0.4877540171146393,0.00014925320603663327
1142,0.6742260456085205,0.6282355189323425,0.4599054753780365,0.00014915552826305533
1143,0.70136958360672,0.6526309847831726,0.487386018037796,0.0001490577886086652
1144,0.6914547681808472,0.6435930132865906,0.47861748933792114,0.00014895998719650526
1145,0.7067878842353821,0.6574016213417053,0.4938623905181885,0.00014886212414969553
1146,0.71192866563797,0.6633452773094177,0.4858337938785553,0.0001487641995914336
1147,0.7224074602127075,0.6725428700447083,0.4986458420753479,0.0001486662136449946
1148,0.7056659460067749,0.6573678851127625,0.48298048973083496,0.00014856816643373083
1149,0.6908819079399109,0.6433026194572449,0.4757927358150482,0.00014847005808107185
1150,0.6734545230865479,0.6271091103553772,0.46345391869544983,0.000148371888710524
1151,0.6639466881752014,0.6182401180267334,0.4570659399032593,0.0001482736584456706
1152,0.6842201352119446,0.6371031403541565,0.47117021679878235,0.00014817536741017152
1153,0.6689644455909729,0.6227229237556458,0.46241509914398193,0.00014807701572776323
1154,0.7199760675430298,0.6706565022468567,0.49319547414779663,0.00014797860352225853
1155,0.696137547492981,0.6488173604011536,0.4732021689414978,0.00014788013091754628
1156,0.7059488892555237,0.6576333045959473,0.4831559956073761,0.00014778159803759158
1157,0.7142417430877686,0.6654825806617737,0.48759135603904724,0.00014768300500643517
1158,0.699874222278595,0.6515231728553772,0.4835103154182434,0.00014758435194819376
1159,0.6524633169174194,0.6071312427520752,0.45332100987434387,0.00014748563898705946
1160,0.7381593585014343,0.6865599155426025,0.515994668006897,0.00014738686624729986
1161,0.7014762163162231,0.6533470749855042,0.48129135370254517,0.00014728803385325782
1162,0.7381964325904846,0.687712550163269,0.5048390626907349,0.0001471891419293512
1163,0.7031460404396057,0.6551655530929565,0.4798049032688141,0.00014709019060007286
1164,0.7314557433128357,0.6808176040649414,0.5063815116882324,0.00014699117998999054
1165,0.7013469338417053,0.6536398530006409,0.47707104682922363,0.00014689211022374645
1166,0.7251795530319214,0.6753745675086975,0.4980495572090149,0.00014679298142605734
1167,0.6756565570831299,0.628643810749054,0.4701274633407593,0.0001466937937217143
1168,0.6831738948822021,0.6364884972572327,0.4668542444705963,0.00014659454723558248
1169,0.7068076729774475,0.6585555076599121,0.4825216829776764,0.00014649524209260116
1170,0.7264307737350464,0.6765259504318237,0.4990481734275818,0.00014639587841778343
1171,0.7140679955482483,0.6646407246589661,0.49427270889282227,0.0001462964563362159
1172,0.6360015869140625,0.5923324823379517,0.43669095635414124,0.00014619697597305898
1173,0.6793307065963745,0.6328787803649902,0.4645189642906189,0.00014609743745354624
1174,0.6698771119117737,0.6237857937812805,0.46091318130493164,0.0001459978409029845
1175,0.7410269975662231,0.6901863217353821,0.508406937122345,0.00014589818644675378
1176,0.746417224407196,0.694818377494812,0.5159885287284851,0.00014579847421030678
1177,0.751095175743103,0.7003782987594604,0.5071687698364258,0.00014569870431916903
1178,0.655393660068512,0.6103376746177673,0.45055970549583435,0.0001455988768989387
1179,0.7026661038398743,0.6540428996086121,0.48623213171958923,0.00014549899207528632
1180,0.7693827152252197,0.716783344745636,0.5259938836097717,0.00014539904997395468
1181,0.7099323868751526,0.6610649824142456,0.4886742830276489,0.00014529905072075872
1182,0.7186182141304016,0.6701318621635437,0.4848634898662567,0.00014519899444158526
1183,0.7383154630661011,0.6879843473434448,0.5033109188079834,0.00014509888126239297
1184,0.668424665927887,0.6218020915985107,0.46622565388679504,0.00014499871130921213
1185,0.7521072626113892,0.700202226638794,0.519050121307373,0.00014489848470814447
1186,0.7047727704048157,0.6565250754356384,0.48247674107551575,0.00014479820158536306
1187,0.7118222117424011,0.6627842783927917,0.49037933349609375,0.00014469786206711214
1188,0.755675733089447,0.7033947110176086,0.5228102207183838,0.00014459746627970685
1189,0.7313479781150818,0.6809991002082825,0.5034886002540588,0.0001444970143495333
1190,0.7308613657951355,0.6801156401634216,0.5074570178985596,0.00014439650640304822
1191,0.7120305299758911,0.6626678705215454,0.49362650513648987,0.00014429594256677882
1192,0.7480714321136475,0.6970085501670837,0.5106286406517029,0.0001441953229673227
1193,0.7088456153869629,0.6596675515174866,0.49178075790405273,0.00014409464773134764
1194,0.6898212432861328,0.6420341730117798,0.4778708815574646,0.00014399391698559152
1195,0.7138358950614929,0.6644265651702881,0.4940933287143707,0.00014389313085686205
1196,0.7533264756202698,0.7018378973007202,0.5148859024047852,0.00014379228947203665
1197,0.7050327658653259,0.6554256677627563,0.4960711896419525,0.0001436913929580623
1198,0.6985359191894531,0.6507250070571899,0.47810930013656616,0.00014359044144195547
1199,0.6937393546104431,0.6457206010818481,0.4801873564720154,0.00014348943505080173
1200,0.7037137746810913,0.6557388305664062,0.4797491729259491,0.00014338837391175582
1201,0.7184281349182129,0.6684110760688782,0.5001705884933472,0.00014328725815204144
1202,0.6791345477104187,0.632463812828064,0.4667074978351593,0.00014318608789895088
1203,0.733496367931366,0.6833161115646362,0.5018024444580078,0.00014308486327984523
1204,0.6905977725982666,0.6435205340385437,0.4707724452018738,0.00014298358442215388
1205,0.7115129232406616,0.6619486212730408,0.4956431984901428,0.00014288225145337466
1206,0.7168650031089783,0.6671918034553528,0.4967321753501892,0.0001427808645010733
1207,0.6795504689216614,0.6328580379486084,0.46692436933517456,0.00014267942369288364
1208,0.715927243232727,0.6664928197860718,0.49434447288513184,0.00014257792915650728
1209,0.7514438033103943,0.6995342969894409,0.5190951824188232,0.00014247638101971344
1210,0.7055971622467041,0.6569111943244934,0.4868599772453308,0.00014237477941033888
1211,0.6643036007881165,0.6181151866912842,0.4618842601776123,0.00014227312445628759
1212,0.6926277279853821,0.6452153921127319,0.47412315011024475,0.00014217141628553078
1213,0.705960750579834,0.6575912833213806,0.4836946129798889,0.00014206965502610655
1214,0.6792281270027161,0.6323819160461426,0.4684622585773468,0.00014196784080612002
1215,0.7238684296607971,0.6742045283317566,0.4966389834880829,0.0001418659737537428
1216,0.665968656539917,0.6201940178871155,0.45774659514427185,0.00014176405399721312
1217,0.7404096722602844,0.6889892816543579,0.5142040848731995,0.00014166208166483548
1218,0.7365193367004395,0.6861080527305603,0.5041130781173706,0.00014156005688498063
1219,0.6755977272987366,0.6295689344406128,0.4602876603603363,0.00014145797978608527
1220,0.7536314129829407,0.7021616101264954,0.5146982669830322,0.00014135585049665207
1221,0.7363861799240112,0.6857563853263855,0.5062979459762573,0.00014125366914524934
1222,0.7076252102851868,0.6584061980247498,0.49219006299972534,0.00014115143586051088
1223,0.7073545455932617,0.6582987904548645,0.4905575215816498,0.000141049150771136
1224,0.7357588410377502,0.6849893927574158,0.507694661617279,0.00014094681400588906
1225,0.7340993881225586,0.6830695867538452,0.5102982521057129,0.00014084442569359964
1226,0.7198498845100403,0.6701024770736694,0.4974742531776428,0.00014074198596316205
1227,0.6953923106193542,0.6473574042320251,0.48034903407096863,0.0001406394949435355
1228,0.6990239024162292,0.6513476967811584,0.47676196694374084,0.0001405369527637436
1229,0.6855860948562622,0.6384695172309875,0.4711654782295227,0.00014043435955287452
1230,0.6831249594688416,0.6358177065849304,0.4730726480484009,0.00014033171544008052
1231,0.7006231546401978,0.6524368524551392,0.48186320066452026,0.00014022902055457802
1232,0.7023683190345764,0.6538355350494385,0.48532798886299133,0.00014012627502564743
1233,0.764633059501648,0.7122639417648315,0.5236913561820984,0.00014002347898263274
1234,0.6900638937950134,0.642246663570404,0.4781722128391266,0.0001399206325549417
1235,0.7125604152679443,0.6632050275802612,0.49355363845825195,0.00013981773587204535
1236,0.7392038702964783,0.6889774203300476,0.5022647380828857,0.00013971478906347806
1237,0.6830860376358032,0.6362523436546326,0.4683370292186737,0.00013961179225883735
1238,0.7118255496025085,0.6623612642288208,0.49464261531829834,0.00013950874558778362
1239,0.7306759357452393,0.6801209449768066,0.5055497288703918,0.00013940564918004004
1240,0.6992189884185791,0.6510220170021057,0.48196953535079956,0.00013930250316539238
1241,0.7194713354110718,0.6697695851325989,0.4970174729824066,0.00013919930767368891
1242,0.7018504738807678,0.6532698273658752,0.48580652475357056,0.00013909606283484018
1243,0.6945071816444397,0.6465104818344116,0.47996723651885986,0.00013899276877881884
1244,0.701571524143219,0.6526840329170227,0.4888748526573181,0.0001388894256356595
1245,0.7270621061325073,0.6772019267082214,0.49860185384750366,0.00013878603353545854
1246,0.7230445146560669,0.6729520559310913,0.5009247660636902,0.00013868259260837402
1247,0.723059892654419,0.6731536388397217,0.49906229972839355,0.00013857910298462544
1248,0.7174518704414368,0.6686445474624634,0.4880729615688324,0.0001384755647944936
1249,0.6825008392333984,0.634837806224823,0.4766302704811096,0.0001383719781683205
1250,0.7167550325393677,0.6667313575744629,0.5002366304397583,0.000138268343236509
1251,0.6675437092781067,0.6225130558013916,0.4503064453601837,0.00013816466012952285
1252,0.760371208190918,0.708314061164856,0.5205713510513306,0.00013806092897788644
1253,0.6823429465293884,0.6355245113372803,0.46818453073501587,0.00013795714991218463
1254,0.7180198431015015,0.6687886118888855,0.492312490940094,0.00013785332306306259
1255,0.677524745464325,0.6308891773223877,0.46635571122169495,0.00013774944856122568
1256,0.7107896208763123,0.6612686514854431,0.49520978331565857,0.0001376455265374392
1257,0.6843093037605286,0.6373888850212097,0.46920421719551086,0.00013754155712252832
1258,0.646271824836731,0.6017481684684753,0.4452366232872009,0.00013743754044737781
1259,0.7117181420326233,0.6626969575881958,0.4902116358280182,0.000137333476642932
1260,0.7018961310386658,0.6535722613334656,0.48323875665664673,0.00013722936584019453
1261,0.7009012699127197,0.6530294418334961,0.47871798276901245,0.00013712520817022817
1262,0.695777177810669,0.6477563977241516,0.4802077114582062,0.00013702100376415473
1263,0.68012934923172,0.6335364580154419,0.4659290611743927,0.00013691675275315484
1264,0.7470287084579468,0.6959438920021057,0.5108479857444763,0.00013681245526846783
1265,0.6849295496940613,0.6383011937141418,0.46628379821777344,0.00013670811144139144
1266,0.7050714492797852,0.6561985015869141,0.4887297749519348,0.00013660372140328187
1267,0.6840291023254395,0.6368123292922974,0.4721677303314209,0.00013649928528555342
1268,0.6886924505233765,0.6412438154220581,0.47448620200157166,0.00013639480321967845
1269,0.7016324400901794,0.6528375744819641,0.48794859647750854,0.0001362902753371871
1270,0.7418094277381897,0.6906912326812744,0.5111818313598633,0.00013618570176966724
1271,0.6965141296386719,0.6488442420959473,0.47669893503189087,0.0001360810826487642
1272,0.7164785861968994,0.6666042804718018,0.4987429082393646,0.00013597641810618073
1273,0.6820648908615112,0.6345363259315491,0.4752858877182007,0.00013587170827367663
1274,0.6747097969055176,0.6284756660461426,0.4623410701751709,0.00013576695328306894
1275,0.6676945686340332,0.62221360206604,0.4548097550868988,0.0001356621532662313
1276,0.7006762027740479,0.6527994275093079,0.4787676930427551,0.0001355573083550942
1277,0.679437518119812,0.6322610974311829,0.4717642664909363,0.00013545241868164457
1278,0.7069718241691589,0.6581173539161682,0.4885447919368744,0.00013534748437792573
1279,0.7381627559661865,0.6869046688079834,0.5125806927680969,0.00013524250557603713
1280,0.666301429271698,0.620779275894165,0.45522138476371765,0.0001351374824081343
1281,0.7064628005027771,0.6578980684280396,0.48564720153808594,0.00013503241500642855
1282,0.7047369480133057,0.6559193730354309,0.48817577958106995,0.00013492730350318696
1283,0.6939399838447571,0.6460490226745605,0.4789097011089325,0.00013482214803073209
1284,0.7267932295799255,0.6767811179161072,0.5001208782196045,0.00013471694872144188
1285,0.7135555744171143,0.6639810800552368,0.4957447648048401,0.0001346117057077493
1286,0.697270929813385,0.6494044661521912,0.4786648154258728,0.00013450641912214262
1287,0.7027544379234314,0.6541019082069397,0.4865252375602722,0.00013440108909716468
1288,0.7188272476196289,0.6690530180931091,0.49774226546287537,0.00013429571576541315
1289,0.7065548300743103,0.6573944091796875,0.4916040003299713,0.00013419029925954029
1290,0.6980641484260559,0.6501017212867737,0.4796240031719208,0.0001340848397122525
1291,0.700916588306427,0.6518290638923645,0.4908753037452698,0.00013397933725631055
1292,0.7398204803466797,0.6889082789421082,0.5091220736503601,0.00013387379202452917
1293,0.7098884582519531,0.6609451174736023,0.4894335865974426,0.00013376820414977685
1294,0.7098813056945801,0.6609637141227722,0.4891756474971771,0.0001336625737649759
1295,0.7077219486236572,0.6583316922187805,0.4939028024673462,0.00013355690100310213
1296,0.7380751967430115,0.6869668364524841,0.5110837817192078,0.00013345118599718457
1297,0.7315099835395813,0.680913507938385,0.5059646368026733,0.00013334542888030553
1298,0.6827396154403687,0.6350932121276855,0.47646385431289673,0.00013323962978560033
1299,0.669607400894165,0.6236342787742615,0.4597310721874237,0.0001331337888462571
1300,0.6766510605812073,0.6300150156021118,0.4663603901863098,0.00013302790619551674
1301,0.7052814960479736,0.6567183136940002,0.48563167452812195,0.00013292198196667248
1302,0.7107388377189636,0.6619217991828918,0.4881705045700073,0.00013281601629307007
1303,0.7081379890441895,0.6594829559326172,0.4865500330924988,0.00013271000930810737
1304,0.6670793294906616,0.6210851669311523,0.4599417448043823,0.0001326039611452342
1305,0.786858081817627,0.7319283485412598,0.5492976307868958,0.00013249787193795226
1306,0.7430124282836914,0.6920808553695679,0.5093156099319458,0.00013239174181981495
1307,0.733458399772644,0.6829156875610352,0.505426824092865,0.00013228557092442712
1308,0.6994286179542542,0.6514555811882019,0.4797302484512329,0.00013217935938544497
1309,0.6986274123191833,0.6505363583564758,0.4809102714061737,0.00013207310733657585
1310,0.7262638807296753,0.6760015487670898,0.5026230812072754,0.00013196681491157818
1311,0.7215598821640015,0.671372652053833,0.5018721222877502,0.00013186048224426107
1312,0.7041460871696472,0.6553821563720703,0.48763924837112427,0.00013175410946848445
1313,0.700053334236145,0.6519088745117188,0.4814446270465851,0.00013164769671815862
1314,0.7008671760559082,0.651846170425415,0.4902101755142212,0.0001315412441272443
1315,0.692379891872406,0.6451489925384521,0.47230902314186096,0.00013143475182975222
1316,0.7141813635826111,0.6648848056793213,0.4929655194282532,0.00013132821995974326
1317,0.6927667260169983,0.6448643207550049,0.47902384400367737,0.00013122164865132807
1318,0.7214898467063904,0.6719935536384583,0.4949628412723541,0.00013111503803866684
1319,0.7163888812065125,0.6675764918327332,0.4881237745285034,0.0001310083882559694
1320,0.6163838505744934,0.5738968849182129,0.4248693883419037,0.00013090169943749476
1321,0.7258832454681396,0.6756145358085632,0.5026868581771851,0.00013079497171755112
1322,0.7177876234054565,0.6684626340866089,0.4932498633861542,0.00013068820523049572
1323,0.6780748963356018,0.631367027759552,0.46707895398139954,0.00013058140011073448
1324,0.7195519208908081,0.6696988940238953,0.4985300898551941,0.00013047455649272207
1325,0.7247679829597473,0.6746411919593811,0.5012680888175964,0.00013036767451096148
1326,0.720638632774353,0.6712049245834351,0.49433714151382446,0.00013026075430000417
1327,0.6962751746177673,0.6489934325218201,0.47281721234321594,0.00013015379599444957
1328,0.7034335732460022,0.6546154022216797,0.4881814420223236,0.0001300467997289452
1329,0.696704089641571,0.6482263803482056,0.48477694392204285,0.00012993976563818626
1330,0.7358717918395996,0.685309886932373,0.5056188106536865,0.0001298326938569156
1331,0.7024782299995422,0.6544787287712097,0.4799952507019043,0.00012972558451992362
1332,0.7149778008460999,0.6656036972999573,0.4937410354614258,0.00012961843776204777
1333,0.7074797749519348,0.6583282351493835,0.4915156066417694,0.00012951125371817281
1334,0.6824383735656738,0.6353533267974854,0.4708506166934967,0.0001294040325232304
1335,0.7232813835144043,0.6733630895614624,0.49918270111083984,0.0001292967743121989
1336,0.7329429984092712,0.6824334859848022,0.5050952434539795,0.00012918947922010336
1337,0.7275481224060059,0.6775251626968384,0.5002294182777405,0.00012908214738201513
1338,0.6878086924552917,0.6409355401992798,0.468731552362442,0.00012897477893305195
1339,0.6836421489715576,0.6369342803955078,0.46707868576049805,0.00012886737400837758
1340,0.6714766025543213,0.6253362894058228,0.46140339970588684,0.00012875993274320173
1341,0.6988475918769836,0.6497134566307068,0.49134108424186707,0.00012865245527277986
1342,0.6746631264686584,0.6289013624191284,0.4576176702976227,0.00012854494173241294
1343,0.7434886693954468,0.6914270520210266,0.5206161737442017,0.0001284373922574474
1344,0.6839645504951477,0.6359958648681641,0.47968700528144836,0.00012832980698327496
1345,0.7359659075737,0.6844098567962646,0.5155602693557739,0.00012822218604533232
1346,0.7282066941261292,0.6788122653961182,0.4939444959163666,0.00012811452957910109
1347,0.7237442135810852,0.6733845472335815,0.503596842288971,0.00012800683772010767
1348,0.6660218238830566,0.6197360157966614,0.46285805106163025,0.00012789911060392294
1349,0.659584105014801,0.6138498783111572,0.4573425352573395,0.00012779134836616218
1350,0.672440767288208,0.6262093186378479,0.4623141884803772,0.00012768355114248494
1351,0.7273644804954529,0.677234947681427,0.5012953281402588,0.00012757571906859476
1352,0.656423807144165,0.611275315284729,0.4514850676059723,0.00012746785228023904
1353,0.7445486187934875,0.6933953762054443,0.5115324854850769,0.00012735995091320892
1354,0.6872997283935547,0.63880854845047,0.48491171002388,0.00012725201510333905
1355,0.6644626259803772,0.618672251701355,0.457903653383255,0.00012714404498650743
1356,0.7629221081733704,0.7103424668312073,0.5257963538169861,0.0001270360406986353
1357,0.6728556156158447,0.6267496943473816,0.46105948090553284,0.00012692800237568686
1358,0.7026995420455933,0.6544767618179321,0.48222777247428894,0.00012681993015366917
1359,0.6956988573074341,0.6476686000823975,0.4803023934364319,0.000126711824168632
1360,0.7171295881271362,0.6677314043045044,0.4939817190170288,0.00012660368455666752
1361,0.6813830733299255,0.6343759894371033,0.47007060050964355,0.00012649551145391035
1362,0.7295973300933838,0.6784933805465698,0.5110393166542053,0.0001263873049965373
1363,0.6716451644897461,0.6245665550231934,0.47078603506088257,0.000126279065320767
1364,0.6710543036460876,0.6248195171356201,0.4623481035232544,0.00012617079256286
1365,0.6808294057846069,0.6338503956794739,0.46978992223739624,0.00012606248685911853
1366,0.7181523442268372,0.6690335273742676,0.49118831753730774,0.00012595414834588626
1367,0.719357967376709,0.6704137921333313,0.4894416332244873,0.00012584577715954814
1368,0.7371925711631775,0.6863137483596802,0.5087881088256836,0.00012573737343653024
1369,0.7110902070999146,0.6617733836174011,0.49316832423210144,0.00012562893731329967
1370,0.6596988439559937,0.6145694255828857,0.4512944221496582,0.00012552046892636427
1371,0.7016323804855347,0.6533780097961426,0.48254358768463135,0.00012541196841227246
1372,0.7415793538093567,0.6898072361946106,0.5177211761474609,0.00012530343590761318
1373,0.6876215934753418,0.6402698755264282,0.47351744771003723,0.00012519487154901562
1374,0.724827766418457,0.6753270030021667,0.4950076639652252,0.0001250862754731491
1375,0.6993215680122375,0.6509751081466675,0.48346444964408875,0.0001249776478167227
1376,0.7076235413551331,0.6590818762779236,0.4854167699813843,0.0001248689887164855
1377,0.6708099246025085,0.6246472597122192,0.46162673830986023,0.000124760298309226
1378,0.667793333530426,0.6220155954360962,0.45777738094329834,0.00012465157673177216
1379,0.7354548573493958,0.6851167678833008,0.5033811330795288,0.0001245428241209912
1380,0.7253270745277405,0.6751816868782043,0.5014536380767822,0.0001244340406137894
1381,0.6607604622840881,0.6149412989616394,0.4581919014453888,0.00012432522634711192
1382,0.6801091432571411,0.6334946751594543,0.46614494919776917,0.0001242163814579426
1383,0.7305331230163574,0.6800428032875061,0.5049031972885132,0.00012410750608330388
1384,0.7123260498046875,0.6632483005523682,0.49077773094177246,0.0001239986003602566
1385,0.7259536385536194,0.6756086945533752,0.5034496784210205,0.0001238896644258998
1386,0.7092798352241516,0.6601108908653259,0.49168968200683594,0.00012378069841737044
1387,0.7455143332481384,0.6942577362060547,0.5125659108161926,0.00012367170247184355
1388,0.6634849309921265,0.6176113486289978,0.4587356746196747,0.0001235626767265316
1389,0.6763862371444702,0.6291296482086182,0.47256579995155334,0.0001234536213186848
1390,0.7067294120788574,0.6578904390335083,0.488389790058136,0.00012334453638559057
1391,0.713189959526062,0.6637391448020935,0.4945083558559418,0.00012323542206457347
1392,0.7018620371818542,0.6538088917732239,0.4805315434932709,0.00012312627849299523
1393,0.7092115879058838,0.6603018641471863,0.4890972971916199,0.00012301710580825423
1394,0.7029907703399658,0.6541764140129089,0.4881433844566345,0.0001229079041477855
1395,0.6684085726737976,0.6227561235427856,0.4565246105194092,0.00012279867364906071
1396,0.6994302272796631,0.6518821716308594,0.4754807651042938,0.00012268941444958765
1397,0.6961311101913452,0.6486884355545044,0.4744267761707306,0.0001225801266869104
1398,0.7287386059761047,0.6782392263412476,0.5049936771392822,0.00012247081049860883
1399,0.7222673892974854,0.672224223613739,0.500431478023529,0.00012236146602229874
1400,0.6904217004776001,0.6430773735046387,0.4734434485435486,0.00012225209339563145
1401,0.6696972250938416,0.6235300898551941,0.461671382188797,0.0001221426927562938
1402,0.6999045610427856,0.6516459584236145,0.4825860261917114,0.00012203326424200778
1403,0.6773732900619507,0.6310002207756042,0.46373048424720764,0.00012192380799053058
1404,0.7166698575019836,0.6667926907539368,0.498771607875824,0.00012181432413965428
1405,0.7433754205703735,0.6917598843574524,0.5161551833152771,0.00012170481282720563
1406,0.7387732863426208,0.6883584856987,0.5041480660438538,0.00012159527419104607
1407,0.6762372255325317,0.6298698782920837,0.46367347240448,0.00012148570836907133
1408,0.7300249934196472,0.6798034906387329,0.5022152066230774,0.00012137611549921146
1409,0.6973354816436768,0.6496638059616089,0.47671690583229065,0.00012126649571943047
1410,0.7109805345535278,0.6622612476348877,0.48719295859336853,0.00012115684916772629
1411,0.7521924376487732,0.7002688050270081,0.5192364454269409,0.00012104717598213056
1412,0.6956649422645569,0.6483743190765381,0.4729059636592865,0.00012093747630070844
1413,0.7260249257087708,0.6756834387779236,0.5034148097038269,0.00012082775026155846
1414,0.6556578278541565,0.6104013919830322,0.4525645077228546,0.00012071799800281231
1415,0.6975370645523071,0.6503034830093384,0.4723358154296875,0.00012060821966263465
1416,0.6861395835876465,0.6391296982765198,0.4700988531112671,0.00012049841537922307
1417,0.6848545074462891,0.6375616788864136,0.4729282259941101,0.00012038858529080768
1418,0.6769137382507324,0.6302667260169983,0.4664698839187622,0.00012027872953565125
1419,0.6888352036476135,0.6417288184165955,0.4710640013217926,0.00012016884825204875
1420,0.6895323395729065,0.6414043307304382,0.4812800884246826,0.00012005894157832729
1421,0.6513965129852295,0.6070347428321838,0.44361749291419983,0.00011994900965284599
1422,0.6842002272605896,0.6362259984016418,0.47974202036857605,0.00011983905261399566
1423,0.6581742763519287,0.6124701499938965,0.4570411145687103,0.00011972907060019887
1424,0.7033079862594604,0.6552767753601074,0.4803120791912079,0.00011961906374990952
1425,0.7072685360908508,0.6581559181213379,0.4911263585090637,0.00011950903220161285
1426,0.6548712849617004,0.6099769473075867,0.44894352555274963,0.00011939897609382511
1427,0.7224481105804443,0.672898530960083,0.49549591541290283,0.0001192888955650935
1428,0.6395592093467712,0.5953993201255798,0.4415988326072693,0.000119178790753996
1429,0.6610807776451111,0.6159345507621765,0.4514620304107666,0.00011906866179914116
1430,0.6841070652008057,0.6367701888084412,0.4733685553073883,0.00011895850883916786
1431,0.7303357124328613,0.6800498366355896,0.5028587579727173,0.00011884833201274523
1432,0.6536637544631958,0.6085973978042603,0.4506635367870331,0.00011873813145857249
1433,0.6965731978416443,0.6487076878547668,0.4786548912525177,0.00011862790731537865
1434,0.6869477033615112,0.6397544741630554,0.4719323217868805,0.00011851765972192244
1435,0.71579909324646,0.6663654446601868,0.49433672428131104,0.00011840738881699219
1436,0.7402017116546631,0.68902587890625,0.5117580890655518,0.00011829709473940547
1437,0.6838928461074829,0.636803150177002,0.4708966612815857,0.00011818677762800909
1438,0.6921374797821045,0.6454059481620789,0.46731558442115784,0.00011807643762167884
1439,0.6341210007667542,0.5900794863700867,0.4404151141643524,0.00011796607485931928
1440,0.6856170296669006,0.6388627886772156,0.467542439699173,0.00011785568947986367
1441,0.7402878403663635,0.6888431310653687,0.5144472122192383,0.00011774528162227376
1442,0.6220245957374573,0.5792875289916992,0.4273706078529358,0.00011763485142553959
1443,0.6774986982345581,0.6302816271781921,0.47217097878456116,0.00011752439902867925
1444,0.6583605408668518,0.6123420000076294,0.46018558740615845,0.00011741392457073888
1445,0.6632550358772278,0.6180092096328735,0.4524582028388977,0.00011730342819079227
1446,0.6864035129547119,0.6393845677375793,0.47018951177597046,0.00011719291002794096
1447,0.670509397983551,0.6247833967208862,0.457259863615036,0.00011708237022131381
1448,0.662564754486084,0.6172857284545898,0.4527902901172638,0.00011697180891006689
1449,0.7173281908035278,0.6686222553253174,0.4870591163635254,0.00011686122623338349
1450,0.7068422436714172,0.6578684449195862,0.4897378385066986,0.00011675062233047364
1451,0.7550352811813354,0.7037068009376526,0.5132845044136047,0.0001166399973405742
1452,0.6879124641418457,0.6403710246086121,0.47541436553001404,0.00011652935140294852
1453,0.7134455442428589,0.6640923023223877,0.49353256821632385,0.0001164186846568863
1454,0.7117208242416382,0.6627135872840881,0.4900720715522766,0.00011630799724170353
1455,0.726112961769104,0.6764926910400391,0.49620285630226135,0.00011619728929674209
1456,0.7145807147026062,0.6654608845710754,0.4911983907222748,0.00011608656096136984
1457,0.7358340620994568,0.6850204467773438,0.5081362724304199,0.0001159758123749802
1458,0.6598644256591797,0.6146720051765442,0.45192450284957886,0.00011586504367699217
1459,0.6714467406272888,0.625591516494751,0.45855242013931274,0.00011575425500685002
1460,0.6926146745681763,0.6447924375534058,0.4782226085662842,0.0001156434465040231
1461,0.6709227561950684,0.6240522861480713,0.46870481967926025,0.00011553261830800586
1462,0.7121210098266602,0.6620391607284546,0.5008183717727661,0.00011542177055831745
1463,0.6669387817382812,0.6205676198005676,0.46371179819107056,0.00011531090339450165
1464,0.6923180818557739,0.6450241208076477,0.47293969988822937,0.00011520001695612674
1465,0.6890854239463806,0.641629159450531,0.4745629131793976,0.00011508911138278515
1466,0.7199032306671143,0.6703914999961853,0.4951171875,0.00011497818681409351
1467,0.6430110335350037,0.598359227180481,0.4465179443359375,0.00011486724338969232
1468,0.6679581999778748,0.6226340532302856,0.453241229057312,0.00011475628124924577
1469,0.6923650503158569,0.6441976428031921,0.48167431354522705,0.00011464530053244169
1470,0.6620136499404907,0.6165500283241272,0.45463642477989197,0.00011453430137899129
1471,0.7245750427246094,0.6744876503944397,0.5008740425109863,0.00011442328392862891
1472,0.6933417916297913,0.6449897289276123,0.4835204482078552,0.00011431224832111196
1473,0.7477701306343079,0.6957793235778809,0.5199081897735596,0.00011420119469622077
1474,0.6780349612236023,0.6312422752380371,0.4679270088672638,0.00011409012319375827
1475,0.661689043045044,0.6160607933998108,0.456282377243042,0.00011397903395354996
1476,0.7227582931518555,0.6730096340179443,0.49748650193214417,0.0001138679271154436
1477,0.7679877877235413,0.7149354219436646,0.5305235981941223,0.00011375680281930919
1478,0.6881206035614014,0.6409534811973572,0.4716712236404419,0.00011364566120503864
1479,0.7306256294250488,0.6807394027709961,0.49886220693588257,0.0001135345024125456
1480,0.7034053802490234,0.6547895669937134,0.48615795373916626,0.00011342332658176555
1481,0.7140082716941833,0.6654150485992432,0.48593246936798096,0.00011331213385265524
1482,0.7039686441421509,0.655096173286438,0.4887244999408722,0.00011320092436519276
1483,0.7013887166976929,0.6532886028289795,0.48100095987319946,0.00011308969825937725
1484,0.6679086685180664,0.6221048831939697,0.45803794264793396,0.00011297845567522886
1485,0.698632538318634,0.6505178213119507,0.48114722967147827,0.00011286719675278838
1486,0.6606167554855347,0.6150702834129333,0.4554648697376251,0.00011275592163211726
1487,0.7518330216407776,0.699876606464386,0.5195642113685608,0.00011264463045329728
1488,0.6732312440872192,0.6273765563964844,0.45854702591896057,0.00011253332335643043
1489,0.7015141248703003,0.6533716320991516,0.4814247488975525,0.00011242200048163882
1490,0.6930713653564453,0.6451964378356934,0.47874900698661804,0.0001123106619690643
1491,0.6908352375030518,0.643878161907196,0.4695706069469452,0.0001121993079588685
1492,0.6963696479797363,0.6486964225769043,0.4767322540283203,0.00011208793859123257
1493,0.6842659711837769,0.637474000453949,0.4679195284843445,0.00011197655400635689
1494,0.713302493095398,0.6643198132514954,0.48982688784599304,0.0001118651543444611
1495,0.668820858001709,0.6224085688591003,0.4641229212284088,0.00011175373974578378
1496,0.6904081702232361,0.6429938077926636,0.4741438329219818,0.00011164231035058228
1497,0.7069070935249329,0.6582434773445129,0.48663604259490967,0.00011153086629913267
1498,0.687114417552948,0.640428364276886,0.46686068177223206,0.00011141940773172939
1499,0.6988006830215454,0.6510665416717529,0.4773412048816681,0.00011130793478868515
1500,0.6546747088432312,0.6099633574485779,0.4471132457256317,0.00011119644761033078
1501,0.7234906554222107,0.6729769110679626,0.50513756275177,0.00011108494633701512
1502,0.6647908687591553,0.6194853186607361,0.4530556797981262,0.00011097343110910452
1503,0.6922141909599304,0.6450254321098328,0.47188761830329895,0.0001108619020669832
1504,0.735235869884491,0.6845198273658752,0.5071606636047363,0.00011075035935105252
1505,0.6780797243118286,0.6313654184341431,0.46714287996292114,0.00011063880310173113
1506,0.6905258297920227,0.6430232524871826,0.4750256836414337,0.00011052723345945483
1507,0.6853141784667969,0.6383911371231079,0.46923011541366577,0.00011041565056467614
1508,0.6632667779922485,0.6176398396492004,0.4562690854072571,0.00011030405455786425
1509,0.681901216506958,0.6346868872642517,0.4721429944038391,0.000110192445579505
1510,0.7431927919387817,0.6925250887870789,0.5066767334938049,0.00011008082377010045
1511,0.6861987113952637,0.6390389204025269,0.4715978801250458,0.00010996918927016886
1512,0.6602752804756165,0.6150838732719421,0.451913982629776,0.00010985754222024436
1513,0.6849358677864075,0.6379359364509583,0.4699993133544922,0.00010974588276087705
1514,0.654170036315918,0.6091917157173157,0.44978344440460205,0.00010963421103263252
1515,0.7090805768966675,0.6602523326873779,0.4882827401161194,0.00010952252717609188
1516,0.7108132839202881,0.66184401512146,0.48969289660453796,0.00010941083133185146
1517,0.6588062644004822,0.613124668598175,0.45681607723236084,0.00010929912364052268
1518,0.7340952157974243,0.6834337711334229,0.5066145658493042,0.00010918740424273191
1519,0.6905133724212646,0.6428521275520325,0.47661274671554565,0.00010907567327912025
1520,0.6668528318405151,0.6209174990653992,0.45935338735580444,0.00010896393089034336
1521,0.700226902961731,0.6514712572097778,0.4875563681125641,0.00010885217721707124
1522,0.7458533048629761,0.6946122646331787,0.5124103426933289,0.00010874041239998816
1523,0.6950296759605408,0.6474979519844055,0.47531747817993164,0.00010862863657979237
1524,0.6901054382324219,0.6423958539962769,0.4770957827568054,0.00010851684989719594
1525,0.7128278017044067,0.6638367772102356,0.4899100363254547,0.00010840505249292476
1526,0.6852201819419861,0.6380923390388489,0.47127869725227356,0.00010829324450771806
1527,0.6597878932952881,0.6139065623283386,0.45881348848342896,0.00010818142608232849
1528,0.7045240998268127,0.6559560894966125,0.4856799244880676,0.00010806959735752174
1529,0.7107269763946533,0.6615279316902161,0.4919906556606293,0.00010795775847407659
1530,0.7506519556045532,0.6983892917633057,0.5226263999938965,0.0001078459095727845
1531,0.7191994786262512,0.6691953539848328,0.5000412464141846,0.00010773405079444963
1532,0.6963887810707092,0.6483428478240967,0.4804590940475464,0.00010762218227988851
1533,0.6914198994636536,0.6437710523605347,0.47648847103118896,0.00010751030416992996
1534,0.708007276058197,0.6591869592666626,0.48820316791534424,0.00010739841660541487
1535,0.7073928713798523,0.6583150625228882,0.4907780587673187,0.00010728651972719603
1536,0.6769384741783142,0.6301794052124023,0.4675908088684082,0.00010717461367613793
1537,0.6686052680015564,0.62267005443573,0.45935195684432983,0.00010706269859311669
1538,0.6655884981155396,0.6195024251937866,0.4608609080314636,0.00010695077461901968
1539,0.7043077945709229,0.6557822227478027,0.48525547981262207,0.00010683884189474558
1540,0.714192271232605,0.6651842594146729,0.4900800585746765,0.00010672690056120399
1541,0.691457211971283,0.6441550254821777,0.473021924495697,0.00010661495075931539
1542,0.6555044651031494,0.6107997894287109,0.4470469355583191,0.00010650299263001097
1543,0.6621603965759277,0.6166236996650696,0.45536667108535767,0.0001063910263142323
1544,0.6796357035636902,0.6329203248023987,0.46715396642684937,0.00010627905195293135
1545,0.7003613710403442,0.6527100801467896,0.4765130877494812,0.00010616706968707015
1546,0.6680243015289307,0.6223732829093933,0.4565103054046631,0.00010605507965762074
1547,0.7177324295043945,0.6686899065971375,0.4904251992702484,0.00010594308200556483
1548,0.6727573275566101,0.6260336637496948,0.46723672747612,0.00010583107687189388
1549,0.6734825372695923,0.6271559596061707,0.4632655084133148,0.00010571906439760866
1550,0.6569003462791443,0.6112293601036072,0.45670998096466064,0.00010560704472371919
1551,0.6961097717285156,0.6483603715896606,0.47749394178390503,0.0001054950179912446
1552,0.7163035869598389,0.6673004031181335,0.49003174901008606,0.00010538298434121283
1553,0.6772031188011169,0.6297603249549866,0.4744280278682709,0.00010527094391466061
1554,0.7069620490074158,0.658000111579895,0.4896192252635956,0.00010515889685263316
1555,0.7233350276947021,0.6730740666389465,0.5026094913482666,0.00010504684329618409
1556,0.6438177824020386,0.5994485020637512,0.4436925947666168,0.00010493478338637512
1557,0.6695541739463806,0.6238558888435364,0.4569827616214752,0.00010482271726427598
1558,0.6895607709884644,0.6420775651931763,0.4748319685459137,0.00010471064507096426
1559,0.6935368180274963,0.6455174088478088,0.4801938533782959,0.00010459856694752521
1560,0.6742684245109558,0.6284255385398865,0.45842868089675903,0.00010448648303505151
1561,0.7141153812408447,0.6652119755744934,0.48903390765190125,0.00010437439347464306
1562,0.6753343939781189,0.6289443969726562,0.46389999985694885,0.00010426229840740705
1563,0.7255811095237732,0.6752720475196838,0.5030906200408936,0.00010415019797445738
1564,0.7338852286338806,0.6834818124771118,0.5040339231491089,0.00010403809231691486
1565,0.7246427536010742,0.6746281981468201,0.5001453757286072,0.00010392598157590688
1566,0.6488609910011292,0.6048591732978821,0.44001805782318115,0.0001038138658925671
1567,0.6463499665260315,0.6020957827568054,0.4425418972969055,0.00010370174540803556
1568,0.691588819026947,0.6442249417304993,0.4736389219760895,0.00010358962026345824
1569,0.7095016837120056,0.6603882908821106,0.49113383889198303,0.000103477490599987
1570,0.6801127791404724,0.6336826086044312,0.4643017053604126,0.00010336535655877942
1571,0.7007722854614258,0.652580201625824,0.48192065954208374,0.00010325321828099854
1572,0.7199615836143494,0.6702563762664795,0.49705228209495544,0.00010314107590781284
1573,0.6458303928375244,0.6015059947967529,0.44324374198913574,0.00010302892958039583
1574,0.6595102548599243,0.6140856146812439,0.45424652099609375,0.00010291677943992608
1575,0.6871773600578308,0.6391568779945374,0.4802049994468689,0.0001028046256275869
1576,0.6469908952713013,0.6024048328399658,0.44586074352264404,0.00010269246828456629
1577,0.6820739507675171,0.6351543664932251,0.4691959321498871,0.00010258030755205665
1578,0.7502626180648804,0.6988368034362793,0.5142583250999451,0.00010246814357125463
1579,0.7005865573883057,0.6527218222618103,0.4786473512649536,0.00010235597648336104
1580,0.7047904133796692,0.6559576988220215,0.48832690715789795,0.00010224380642958052
1581,0.6759287118911743,0.6292193531990051,0.4670937955379486,0.00010213163355112148
1582,0.7052469849586487,0.6570454835891724,0.48201486468315125,0.00010201945798919593
1583,0.6681602597236633,0.6222684383392334,0.4589182138442993,0.00010190727988501913
1584,0.7147475481033325,0.6646813154220581,0.5006623864173889,0.00010179509937980973
1585,0.6749647259712219,0.6285980939865112,0.46366646885871887,0.00010168291661478923
1586,0.695323646068573,0.6474520564079285,0.4787158668041229,0.00010157073173118208
1587,0.6747098565101624,0.6281439661979675,0.46565893292427063,0.00010145854487021532
1588,0.6788235306739807,0.6323046088218689,0.46518924832344055,0.00010134635617311853
1589,0.6418904662132263,0.5981239080429077,0.43766582012176514,0.00010123416578112365
1590,0.720963180065155,0.671147882938385,0.4981529712677002,0.0001011219738354646
1591,0.7222729325294495,0.6720470786094666,0.5022587776184082,0.00010100978047737741
1592,0.6961776614189148,0.6480695009231567,0.4810815751552582,0.00010089758584809979
1593,0.6878262758255005,0.6405972838401794,0.47229012846946716,0.00010078539008887114
1594,0.695826530456543,0.6480889916419983,0.4773753881454468,0.00010067319334093219
1595,0.6657432317733765,0.6200072169303894,0.4573598802089691,0.00010056099574552497
1596,0.7169041037559509,0.6674880385398865,0.4941604435443878,0.00010044879744389257
1597,0.7293203473091125,0.6779317259788513,0.5138862133026123,0.00010033659857727893
1598,0.7026551961898804,0.6546163558959961,0.48038849234580994,0.00010022439928692875
1599,0.6716901659965515,0.6256186962127686,0.4607149660587311,0.00010011219971408725
1600,0.7123726010322571,0.663330614566803,0.4904198944568634,0.0001
1601,0.7574509382247925,0.7056013345718384,0.5184962749481201,9.988780028591278e-05
1602,0.6635155081748962,0.6170579195022583,0.4645758867263794,9.977560071307129e-05
1603,0.6975874304771423,0.6495199799537659,0.4806745648384094,9.96634014227211e-05
1604,0.6420393586158752,0.5985051393508911,0.43534237146377563,9.955120255610746e-05
1605,0.7117127776145935,0.6635839343070984,0.48128849267959595,9.943900425447505e-05
1606,0.7001335620880127,0.6523615121841431,0.4777207374572754,9.932680665906783e-05
1607,0.725954532623291,0.6754878163337708,0.5046672821044922,9.921460991112891e-05
1608,0.7209120392799377,0.671859860420227,0.49052193760871887,9.910241415190021e-05
1609,0.678721010684967,0.6322571635246277,0.4646386504173279,9.89902195226226e-05
1610,0.6980793476104736,0.648689329624176,0.49390023946762085,9.887802616453542e-05
1611,0.6827273964881897,0.6354866623878479,0.47240743041038513,9.87658342188764e-05
1612,0.7096734046936035,0.661016047000885,0.4865737557411194,9.865364382688145e-05
1613,0.6497134566307068,0.6049214601516724,0.4479197561740875,9.85414551297847e-05
1614,0.6995512843132019,0.6512132287025452,0.48338082432746887,9.842926826881796e-05
1615,0.6830846667289734,0.6366716027259827,0.46413078904151917,9.831708338521078e-05
1616,0.6811414957046509,0.6347914934158325,0.46350017189979553,9.820490062019029e-05
1617,0.6970766186714172,0.6490784883499146,0.4799812138080597,9.809272011498085e-05
1618,0.66656494140625,0.620891809463501,0.45673149824142456,9.798054201080411e-05
1619,0.7155017256736755,0.6658979654312134,0.4960377514362335,9.786836644887856e-05
1620,0.7819809913635254,0.7280993461608887,0.5388166904449463,9.775619357041952e-05
1621,0.7692292928695679,0.7161421775817871,0.5308709740638733,9.764402351663901e-05
1622,0.6963266134262085,0.6478107571601868,0.48515841364860535,9.753185642874537e-05
1623,0.7282710671424866,0.6782183647155762,0.5005269646644592,9.741969244794338e-05
1624,0.6768220067024231,0.6301292181015015,0.46692779660224915,9.730753171543374e-05
1625,0.7014933824539185,0.6531398296356201,0.4835353195667267,9.719537437241312e-05
1626,0.6668338179588318,0.6207065582275391,0.4612724483013153,9.708322056007397e-05
1627,0.6970539689064026,0.6491449475288391,0.47909027338027954,9.697107041960417e-05
1628,0.7419580221176147,0.6910847425460815,0.5087329149246216,9.685892409218717e-05
1629,0.679096519947052,0.6319013833999634,0.47195127606391907,9.674678171900147e-05
1630,0.6690214276313782,0.6231085062026978,0.4591293931007385,9.663464344122064e-05
1631,0.6683077216148376,0.6228086352348328,0.45499086380004883,9.652250940001302e-05
1632,0.7017895579338074,0.6528804302215576,0.489091157913208,9.641037973654178e-05
1633,0.699749231338501,0.6513757109642029,0.483735054731369,9.629825459196446e-05
1634,0.7486203908920288,0.6969634890556335,0.5165687799453735,9.618613410743291e-05
1635,0.6650225520133972,0.619255006313324,0.45767533779144287,9.607401842409317e-05
1636,0.700138509273529,0.6519279479980469,0.48210567235946655,9.596190768308515e-05
1637,0.6950117945671082,0.6466924548149109,0.4831933379173279,9.584980202554266e-05
1638,0.662479817867279,0.6169443130493164,0.4553552567958832,9.573770159259299e-05
1639,0.6710105538368225,0.6248779892921448,0.46132537722587585,9.562560652535695e-05
1640,0.6844587922096252,0.6381530165672302,0.46305787563323975,9.551351696494854e-05
1641,0.6771015524864197,0.6305136680603027,0.4658786356449127,9.540143305247478e-05
1642,0.6754936575889587,0.6289305090904236,0.46563130617141724,9.528935492903575e-05
1643,0.7162368893623352,0.6667059063911438,0.4953097403049469,9.517728273572403e-05
1644,0.6889210939407349,0.6414455771446228,0.4747549891471863,9.506521661362493e-05
1645,0.6586847901344299,0.6135667562484741,0.4511806070804596,9.495315670381591e-05
1646,0.6794785857200623,0.6323489546775818,0.4712962508201599,9.484110314736682e-05
1647,0.6792039275169373,0.6327518820762634,0.4645204544067383,9.472905608533941e-05
1648,0.6843715310096741,0.6375328898429871,0.46838653087615967,9.461701565878719e-05
1649,0.6395930051803589,0.5950124263763428,0.44580599665641785,9.450498200875546e-05
1650,0.6380472183227539,0.5947599411010742,0.43287283182144165,9.439295527628081e-05
1651,0.6580961346626282,0.6127727627754211,0.4532339572906494,9.428093560239135e-05
1652,0.7024888396263123,0.654863715171814,0.4762510359287262,9.416892312810614e-05
1653,0.6981209516525269,0.6507508754730225,0.4737005829811096,9.40569179944352e-05
1654,0.6910980343818665,0.6432018280029297,0.47896212339401245,9.394492034237931e-05
1655,0.7368240356445312,0.6861381530761719,0.506858766078949,9.383293031292985e-05
1656,0.684558093547821,0.6371498107910156,0.474082887172699,9.372094804706867e-05
1657,0.7114665508270264,0.6624285578727722,0.4903798997402191,9.360897368576772e-05
1658,0.676421046257019,0.6297364234924316,0.46684613823890686,9.349700736998908e-05
1659,0.6904306411743164,0.6435088515281677,0.46921786665916443,9.338504924068462e-05
1660,0.6578258275985718,0.612160861492157,0.45664942264556885,9.327309943879604e-05
1661,0.7043195366859436,0.6556713581085205,0.4864817261695862,9.316115810525446e-05
1662,0.6754087805747986,0.6291590929031372,0.46249666810035706,9.304922538098035e-05
1663,0.6861409544944763,0.6395030617713928,0.46637895703315735,9.293730140688336e-05
1664,0.6810369491577148,0.6337854266166687,0.47251543402671814,9.282538632386207e-05
1665,0.7275349497795105,0.6773135662078857,0.5022136569023132,9.2713480272804e-05
1666,0.6466429233551025,0.6023595333099365,0.44283393025398254,9.260158339458514e-05
1667,0.6757491827011108,0.6286632418632507,0.47085922956466675,9.248969583007005e-05
1668,0.6976672410964966,0.6490399241447449,0.4862733781337738,9.237781772011153e-05
1669,0.7598810791969299,0.7070727348327637,0.5280833840370178,9.226594920555037e-05
1670,0.655820369720459,0.6100448369979858,0.45775508880615234,9.215409042721552e-05
1671,0.7233848571777344,0.6726513504981995,0.5073350071907043,9.204224152592343e-05
1672,0.7317498922348022,0.6817485690116882,0.5000129342079163,9.193040264247829e-05
1673,0.6876994371414185,0.6400523781776428,0.4764706790447235,9.181857391767157e-05
1674,0.744907557964325,0.6931747198104858,0.5173283815383911,9.170675549228194e-05
1675,0.6920304298400879,0.6441961526870728,0.4783425033092499,9.159494750707526e-05
1676,0.6872795224189758,0.6401507258415222,0.47128820419311523,9.148315010280408e-05
1677,0.7278076410293579,0.6776690483093262,0.5013861656188965,9.137136342020768e-05
1678,0.6788866519927979,0.6321307420730591,0.4675593376159668,9.125958760001189e-05
1679,0.6730266213417053,0.6275840997695923,0.4544253349304199,9.114782278292876e-05
1680,0.6804175972938538,0.6331200003623962,0.4729757308959961,9.103606910965666e-05
1681,0.6521511673927307,0.6075573563575745,0.4459379017353058,9.092432672087977e-05
1682,0.6734950542449951,0.6278473138809204,0.4564773738384247,9.08125957572681e-05
1683,0.7138974666595459,0.6644710898399353,0.4942637085914612,9.070087635947733e-05
1684,0.6743179559707642,0.627206027507782,0.47111907601356506,9.058916866814858e-05
1685,0.6921401619911194,0.6440122723579407,0.48127883672714233,9.047747282390815e-05
1686,0.7220711708068848,0.6724480986595154,0.4962308406829834,9.036578896736752e-05
1687,0.6444607377052307,0.6002889275550842,0.4417179524898529,9.025411723912298e-05
1688,0.7509477734565735,0.6991589069366455,0.5178885459899902,9.014245777975565e-05
1689,0.7072948813438416,0.6580360531806946,0.4925883710384369,9.003081072983117e-05
1690,0.7235398888587952,0.6735567450523376,0.49983125925064087,8.991917622989956e-05
1691,0.7372970581054688,0.6866763234138489,0.5062073469161987,8.980755442049502e-05
1692,0.66999351978302,0.6241610050201416,0.4583248794078827,8.969594544213578e-05
1693,0.7529723048210144,0.7008019089698792,0.5217041373252869,8.95843494353239e-05
1694,0.680255115032196,0.6338146328926086,0.46440503001213074,8.947276654054518e-05
1695,0.7296202182769775,0.6791196465492249,0.5050055384635925,8.936119689826888e-05
1696,0.704476535320282,0.6557732224464417,0.48703330755233765,8.924964064894753e-05
1697,0.6952586770057678,0.6469789147377014,0.4827977120876312,8.913809793301681e-05
1698,0.6245876550674438,0.5821282863616943,0.42459359765052795,8.902656889089548e-05
1699,0.7350775003433228,0.6846473813056946,0.5043011903762817,8.891505366298492e-05
1700,0.6951755881309509,0.6472054123878479,0.47970202565193176,8.880355238966923e-05
1701,0.7391241788864136,0.6882146000862122,0.5090957880020142,8.869206521131489e-05
1702,0.7220543622970581,0.6727310419082642,0.49323341250419617,8.858059226827062e-05
1703,0.6945285201072693,0.6460414528846741,0.4848705530166626,8.846913370086734e-05
1704,0.6862881183624268,0.6386606693267822,0.4762742519378662,8.835768964941773e-05
1705,0.7461535930633545,0.6942688822746277,0.5188473463058472,8.824626025421626e-05
1706,0.6765396595001221,0.6302060484886169,0.46333637833595276,8.813484565553893e-05
1707,0.6897723078727722,0.6424851417541504,0.4728715121746063,8.802344599364312e-05
1708,0.6736156940460205,0.6272576451301575,0.4635803699493408,8.791206140876746e-05
1709,0.6854433417320251,0.6391746997833252,0.462686151266098,8.780069204113153e-05
1710,0.6775137782096863,0.6309336423873901,0.4658014476299286,8.768933803093573e-05
1711,0.7146070003509521,0.6654260754585266,0.49180927872657776,8.757799951836123e-05
1712,0.6501575112342834,0.6054555773735046,0.44701912999153137,8.746667664356956e-05
1713,0.6978417634963989,0.6497519016265869,0.48089879751205444,8.735536954670275e-05
1714,0.6881310939788818,0.6406437754631042,0.47487348318099976,8.724407836788276e-05
1715,0.6875275373458862,0.6403588056564331,0.4716874361038208,8.713280324721163e-05
1716,0.7351223230361938,0.6841403245925903,0.5098199248313904,8.702154432477115e-05
1717,0.6940523386001587,0.6461583971977234,0.47893932461738586,8.691030174062273e-05
1718,0.6955512166023254,0.6477298736572266,0.47821319103240967,8.679907563480726e-05
1719,0.7060123682022095,0.6572620868682861,0.4875028431415558,8.668786614734478e-05
1720,0.6535900831222534,0.6090653538703918,0.4452473223209381,8.657667341823448e-05
1721,0.7059663534164429,0.657566487789154,0.4839985966682434,8.64654975874544e-05
1722,0.7078706622123718,0.658603310585022,0.49267351627349854,8.63543387949614e-05
1723,0.651289701461792,0.6063863635063171,0.44903314113616943,8.624319718069084e-05
1724,0.6889694929122925,0.6413703560829163,0.475991427898407,8.613207288455643e-05
1725,0.6824617385864258,0.6352210640907288,0.4724065661430359,8.602096604645009e-05
1726,0.6939038634300232,0.6457387804985046,0.48165082931518555,8.590987680624174e-05
1727,0.6871967315673828,0.639731228351593,0.4746547341346741,8.579880530377926e-05
1728,0.7524676322937012,0.7009810209274292,0.5148664116859436,8.568775167888806e-05
1729,0.6763930916786194,0.6298559308052063,0.465371698141098,8.557671607137114e-05
1730,0.7264444231987,0.6758090257644653,0.5063542127609253,8.546569862100876e-05
1731,0.7306170463562012,0.6798806190490723,0.5073641538619995,8.53546994675583e-05
1732,0.7021902799606323,0.6542384028434753,0.4795190393924713,8.524371875075425e-05
1733,0.6522035598754883,0.6070472598075867,0.4515630602836609,8.51327566103077e-05
1734,0.6560359001159668,0.6112654805183411,0.4477041959762573,8.502181318590652e-05
1735,0.7205254435539246,0.6705989837646484,0.4992644190788269,8.491088861721486e-05
1736,0.7128485441207886,0.6638328433036804,0.4901571571826935,8.479998304387329e-05
1737,0.79325270652771,0.7387634515762329,0.5448927879333496,8.468909660549837e-05
1738,0.6374741196632385,0.5929927825927734,0.4448135495185852,8.457822944168257e-05
1739,0.7020796537399292,0.654082179069519,0.4799749553203583,8.446738169199418e-05
1740,0.6565813422203064,0.6110338568687439,0.4554746448993683,8.435655349597689e-05
1741,0.6425638198852539,0.5982441306114197,0.4431968033313751,8.424574499315e-05
1742,0.6474641561508179,0.6028559803962708,0.4460819959640503,8.413495632300784e-05
1743,0.6754525303840637,0.6283482909202576,0.4710421562194824,8.402418762501982e-05
1744,0.6377624869346619,0.5938054919242859,0.43957021832466125,8.391343903863018e-05
1745,0.6666223406791687,0.6208621859550476,0.45760130882263184,8.380271070325789e-05
1746,0.7032480239868164,0.6550306677818298,0.4821738004684448,8.369200275829649e-05
1747,0.6961376667022705,0.648790717124939,0.47346925735473633,8.358131534311372e-05
1748,0.6693642735481262,0.6227044463157654,0.4665985107421875,8.347064859705153e-05
1749,0.7269213795661926,0.6774671673774719,0.49454206228256226,8.336000265942581e-05
1750,0.6830745935440063,0.6362430453300476,0.4683156907558441,8.324937766952638e-05
1751,0.6970068216323853,0.6493746042251587,0.47632214426994324,8.313877376661652e-05
1752,0.6947737336158752,0.6470984816551208,0.4767525792121887,8.302819108993312e-05
1753,0.6717001795768738,0.6255115866661072,0.46188580989837646,8.291762977868625e-05
1754,0.6767628192901611,0.6299564242362976,0.46806374192237854,8.280708997205904e-05
1755,0.6533220410346985,0.6085965633392334,0.44725465774536133,8.269657180920774e-05
1756,0.7203491926193237,0.6703638434410095,0.4998537003993988,8.258607542926114e-05
1757,0.6513866186141968,0.6062062978744507,0.4518032371997833,8.247560097132076e-05
1758,0.6667490601539612,0.6204820275306702,0.4626702666282654,8.236514857446045e-05
1759,0.6901585459709167,0.6427541971206665,0.4740432798862457,8.225471837772623e-05
1760,0.7161718606948853,0.6671596765518188,0.4901215732097626,8.214431052013634e-05
1761,0.643926739692688,0.5994275212287903,0.44499242305755615,8.203392514068074e-05
1762,0.7036750316619873,0.6553884148597717,0.4828658998012543,8.19235623783212e-05
1763,0.6268166303634644,0.5843613147735596,0.4245532751083374,8.181322237199094e-05
1764,0.6710999608039856,0.6250539422035217,0.4604604244232178,8.170290526059452e-05
1765,0.7148627638816833,0.665801465511322,0.4906129539012909,8.159261118300782e-05
1766,0.6587339043617249,0.6133235096931458,0.4541041851043701,8.14823402780776e-05
1767,0.6866047978401184,0.6398324966430664,0.46772274374961853,8.13720926846214e-05
1768,0.7395498156547546,0.6882399916648865,0.513098418712616,8.126186854142752e-05
1769,0.7346549034118652,0.6839293837547302,0.507255494594574,8.115166798725478e-05
1770,0.6950897574424744,0.6472617387771606,0.47828030586242676,8.104149116083216e-05
1771,0.7096546292304993,0.6607560515403748,0.48898574709892273,8.093133820085888e-05
1772,0.7561635971069336,0.703934371471405,0.5222923755645752,8.0821209246004e-05
1773,0.7492489218711853,0.6971476674079895,0.521012544631958,8.071110443490652e-05
1774,0.7471081614494324,0.6955420970916748,0.5156607627868652,8.060102390617493e-05
1775,0.6514748334884644,0.6061984896659851,0.45276322960853577,8.049096779838719e-05
1776,0.7010785937309265,0.6529920101165771,0.4808656871318817,8.038093625009052e-05
1777,0.664014458656311,0.6179376244544983,0.46076861023902893,8.027092939980115e-05
1778,0.7464490532875061,0.6947768926620483,0.5167214274406433,8.016094738600435e-05
1779,0.7265196442604065,0.6758665442466736,0.5065310597419739,8.005099034715404e-05
1780,0.7644970417022705,0.7116893529891968,0.5280767679214478,7.994105842167273e-05
1781,0.6571313142776489,0.6120625734329224,0.45068734884262085,7.983115174795128e-05
1782,0.7260357141494751,0.6751495599746704,0.5088616013526917,7.972127046434878e-05
1783,0.66286301612854,0.6168459057807922,0.46017083525657654,7.961141470919233e-05
1784,0.6660937666893005,0.6204562783241272,0.45637503266334534,7.950158462077697e-05
1785,0.6729068756103516,0.6269432902336121,0.45963582396507263,7.939178033736538e-05
1786,0.710911214351654,0.6615004539489746,0.49410760402679443,7.928200199718774e-05
1787,0.6839238405227661,0.6365342736244202,0.473895788192749,7.917224973844152e-05
1788,0.6915897727012634,0.6444323658943176,0.47157421708106995,7.906252369929154e-05
1789,0.6602789163589478,0.6150345802307129,0.45244333148002625,7.895282401786945e-05
1790,0.7214617133140564,0.6717021465301514,0.49759581685066223,7.884315083227373e-05
1791,0.6573770642280579,0.6121137142181396,0.4526336193084717,7.873350428056957e-05
1792,0.6533751487731934,0.6081663370132446,0.45208799839019775,7.862388450078855e-05
1793,0.6742298007011414,0.6284217238426208,0.45808061957359314,7.851429163092868e-05
1794,0.676403820514679,0.6299488544464111,0.4645494520664215,7.840472580895396e-05
1795,0.674562931060791,0.6285681128501892,0.4599480628967285,7.829518717279438e-05
1796,0.6637916564941406,0.6186221837997437,0.4516945481300354,7.818567586034577e-05
1797,0.6607304215431213,0.6156339645385742,0.4509645700454712,7.807619200946942e-05
1798,0.716264545917511,0.6668645739555359,0.4939999580383301,7.796673575799224e-05
1799,0.716863751411438,0.6672187447547913,0.4964500367641449,7.785730724370625e-05
1800,0.7363069653511047,0.6859313249588013,0.5037564039230347,7.774790660436858e-05
1801,0.6670693159103394,0.6210943460464478,0.4597497284412384,7.763853397770131e-05
1802,0.7160426378250122,0.6670483946800232,0.48994264006614685,7.752918950139119e-05
1803,0.6678962111473083,0.6215720772743225,0.4632416069507599,7.741987331308964e-05
1804,0.7071996927261353,0.6589555740356445,0.48244112730026245,7.731058555041237e-05
1805,0.6960712671279907,0.648344099521637,0.4772716462612152,7.720132635093934e-05
1806,0.69966059923172,0.6510233283042908,0.48637285828590393,7.709209585221451e-05
1807,0.6633172035217285,0.6172855496406555,0.46031683683395386,7.69828941917458e-05
1808,0.7527028322219849,0.7004255652427673,0.5227724313735962,7.68737215070048e-05
1809,0.6369584202766418,0.5931936502456665,0.4376475214958191,7.676457793542654e-05
1810,0.6922261118888855,0.6451640725135803,0.47062012553215027,7.66554636144095e-05
1811,0.7012397050857544,0.6530522108078003,0.48187485337257385,7.654637868131521e-05
1812,0.6621978878974915,0.6162533164024353,0.4594455659389496,7.643732327346842e-05
1813,0.7376012206077576,0.6865738034248352,0.5102740526199341,7.63282975281565e-05
1814,0.6647936105728149,0.6185285449028015,0.46265047788619995,7.621930158262958e-05
1815,0.6813271045684814,0.6350507140159607,0.46276360750198364,7.611033557410026e-05
1816,0.653060793876648,0.6084058284759521,0.446549654006958,7.600139963974341e-05
1817,0.6325140595436096,0.5891837477684021,0.4333033263683319,7.589249391669616e-05
1818,0.7128642797470093,0.6636475324630737,0.4921676516532898,7.578361854205743e-05
1819,0.6832596659660339,0.6361814141273499,0.47078269720077515,7.567477365288813e-05
1820,0.6732593178749084,0.6264150738716125,0.46844246983528137,7.556595938621058e-05
1821,0.6354309320449829,0.5914912819862366,0.4393964409828186,7.545717587900879e-05
1822,0.6597530245780945,0.614512026309967,0.4524097442626953,7.534842326822785e-05
1823,0.6715750694274902,0.6254041790962219,0.4617086946964264,7.523970169077402e-05
1824,0.6445457339286804,0.5999159812927246,0.4462977945804596,7.513101128351454e-05
1825,0.6178832650184631,0.5753796696662903,0.42503610253334045,7.502235218327731e-05
1826,0.7523092031478882,0.6997913122177124,0.5251790285110474,7.491372452685094e-05
1827,0.6685620546340942,0.6228631734848022,0.4569885730743408,7.48051284509844e-05
1828,0.7100229263305664,0.6608403921127319,0.4918256402015686,7.469656409238685e-05
1829,0.7212800979614258,0.6711115837097168,0.5016852617263794,7.458803158772758e-05
1830,0.6960105895996094,0.6482365727424622,0.4777401089668274,7.447953107363574e-05
1831,0.7502773404121399,0.6987213492393494,0.5155599117279053,7.437106268670034e-05
1832,0.6668592691421509,0.6209681034088135,0.4589115381240845,7.426262656346978e-05
1833,0.6792805790901184,0.6319829225540161,0.4729767441749573,7.41542228404519e-05
1834,0.6973412036895752,0.6493286490440369,0.48012542724609375,7.404585165411377e-05
1835,0.7049922347068787,0.6564947366714478,0.48497506976127625,7.393751314088146e-05
1836,0.7291845083236694,0.6789962649345398,0.5018826723098755,7.382920743713999e-05
1837,0.6631558537483215,0.6173206567764282,0.4583517909049988,7.372093467923302e-05
1838,0.6915552616119385,0.6441277861595154,0.47427454590797424,7.361269500346274e-05
1839,0.6406404376029968,0.5963124632835388,0.4432799518108368,7.350448854608962e-05
1840,0.6581079959869385,0.6129307150840759,0.45177268981933594,7.339631544333249e-05
1841,0.6944741010665894,0.6462029814720154,0.4827112555503845,7.328817583136804e-05
1842,0.6777992844581604,0.6309792995452881,0.4681999087333679,7.318006984633085e-05
1843,0.6925692558288574,0.6450153589248657,0.47553884983062744,7.307199762431319e-05
1844,0.6542794704437256,0.6094099879264832,0.44869464635849,7.29639593013647e-05
1845,0.6486660242080688,0.6037872433662415,0.44878771901130676,7.285595501349258e-05
1846,0.7259681820869446,0.6758753657341003,0.5009279847145081,7.274798489666097e-05
1847,0.6584329009056091,0.6127650737762451,0.45667847990989685,7.264004908679112e-05
1848,0.685038685798645,0.6379851698875427,0.4705352187156677,7.2532147719761e-05
1849,0.6796709299087524,0.6324723362922668,0.47198590636253357,7.242428093140525e-05
1850,0.6983999609947205,0.6495640873908997,0.48835891485214233,7.231644885751507e-05
1851,0.7259840965270996,0.6762581467628479,0.4972594380378723,7.220865163383784e-05
1852,0.726310133934021,0.676931619644165,0.49378496408462524,7.210088939607708e-05
1853,0.6582090854644775,0.6131905913352966,0.45018470287323,7.199316227989236e-05
1854,0.664719820022583,0.6187738180160522,0.45945972204208374,7.18854704208989e-05
1855,0.7080996036529541,0.6596148610115051,0.48484739661216736,7.177781395466772e-05
1856,0.6676687002182007,0.6215586066246033,0.4611007273197174,7.167019301672509e-05
1857,0.6743439435958862,0.6281256079673767,0.46218326687812805,7.156260774255262e-05
1858,0.718093752861023,0.6682900786399841,0.4980368912220001,7.145505826758707e-05
1859,0.7110579609870911,0.6618911027908325,0.49166879057884216,7.134754472722017e-05
1860,0.6603524684906006,0.6146371364593506,0.45715317130088806,7.124006725679828e-05
1861,0.6686913371086121,0.6223452687263489,0.46346068382263184,7.113262599162245e-05
1862,0.7206494212150574,0.6703630685806274,0.5028634071350098,7.102522106694808e-05
1863,0.669602632522583,0.623575747013092,0.46026861667633057,7.09178526179849e-05
1864,0.7111019492149353,0.6625013947486877,0.4860057532787323,7.081052077989667e-05
1865,0.7153550386428833,0.6665292382240295,0.4882583022117615,7.07032256878011e-05
1866,0.655647873878479,0.6108772158622742,0.44770631194114685,7.059596747676962e-05
1867,0.6500463485717773,0.6056200265884399,0.4442632794380188,7.048874628182722e-05
1868,0.634765625,0.591147243976593,0.436183899641037,7.038156223795224e-05
1869,0.7101401686668396,0.6611031293869019,0.49037060141563416,7.027441548007641e-05
1870,0.6839437484741211,0.6365381479263306,0.47405606508255005,7.01673061430844e-05
1871,0.6461738348007202,0.6015695333480835,0.4460432827472687,7.006023436181377e-05
1872,0.6684202551841736,0.6230738759040833,0.4534636437892914,6.995320027105481e-05
1873,0.7314207553863525,0.6811438202857971,0.5027694702148438,6.984620400555044e-05
1874,0.6967214345932007,0.648321807384491,0.4839960038661957,6.973924569999585e-05
1875,0.6598008275032043,0.61400306224823,0.45797744393348694,6.963232548903853e-05
1876,0.7376507520675659,0.6867396235466003,0.5091110467910767,6.952544350727799e-05
1877,0.6597221493721008,0.6148551106452942,0.4486701488494873,6.94185998892655e-05
1878,0.71238112449646,0.662580668926239,0.4980047941207886,6.931179476950429e-05
1879,0.738471269607544,0.6870689988136292,0.5140228867530823,6.920502828244889e-05
1880,0.703676164150238,0.6554623246192932,0.48213833570480347,6.909830056250527e-05
1881,0.7199696898460388,0.6709151864051819,0.4905450642108917,6.899161174403064e-05
1882,0.6944864988327026,0.6459949612617493,0.48491525650024414,6.888496196133317e-05
1883,0.6957284808158875,0.6475310921669006,0.4819738268852234,6.877835134867196e-05
1884,0.69428551197052,0.6469266414642334,0.473588764667511,6.867178004025676e-05
1885,0.7257227301597595,0.6757432818412781,0.49979421496391296,6.85652481702478e-05
1886,0.6762209534645081,0.6299138069152832,0.4630715548992157,6.845875587275576e-05
1887,0.6981920599937439,0.6503633260726929,0.4782872200012207,6.835230328184138e-05
1888,0.6530489325523376,0.6084477305412292,0.4460122585296631,6.824589053151558e-05
1889,0.6872852444648743,0.6402938961982727,0.4699132740497589,6.813951775573896e-05
1890,0.6542639136314392,0.6090281009674072,0.45235833525657654,6.803318508842187e-05
1891,0.7411990165710449,0.6901436448097229,0.5105540156364441,6.792689266342416e-05
1892,0.6873122453689575,0.6396974325180054,0.4761483073234558,6.782064061455504e-05
1893,0.6868852972984314,0.639339029788971,0.4754626154899597,6.77144290755729e-05
1894,0.7068891525268555,0.6582363843917847,0.48652738332748413,6.760825818018508e-05
1895,0.669263482093811,0.6237804293632507,0.4548308253288269,6.750212806204777e-05
1896,0.6984745264053345,0.6505221128463745,0.4795239269733429,6.739603885476582e-05
1897,0.6996340155601501,0.6514285206794739,0.482055127620697,6.728999069189263e-05
1898,0.7140939831733704,0.6646789908409119,0.4941501319408417,6.718398370692993e-05
1899,0.7238807082176208,0.6740677952766418,0.4981291890144348,6.707801803332754e-05
1900,0.7033253312110901,0.6549073457717896,0.4841800630092621,6.697209380448333e-05
1901,0.7357593774795532,0.6853069067001343,0.5045244097709656,6.68662111537429e-05
1902,0.7186777591705322,0.6696749329566956,0.4900284707546234,6.676037021439971e-05
1903,0.6769806742668152,0.6304542422294617,0.46526458859443665,6.665457111969451e-05
1904,0.6815606951713562,0.6345576643943787,0.47003015875816345,6.654881400281547e-05
1905,0.7190144062042236,0.6696227192878723,0.4939168691635132,6.644309899689793e-05
1906,0.706287682056427,0.6578800678253174,0.4840759038925171,6.63374262350241e-05
1907,0.7028049826622009,0.6535698771476746,0.4923512041568756,6.623179585022316e-05
1908,0.7312092781066895,0.6808755993843079,0.5033367276191711,6.612620797547087e-05
1909,0.6728122234344482,0.6264387369155884,0.46373510360717773,6.602066274368947e-05
1910,0.6877882480621338,0.6409475207328796,0.46840712428092957,6.59151602877475e-05
1911,0.6876385807991028,0.6407324075698853,0.4690619707107544,6.580970074045975e-05
1912,0.7091301083564758,0.6609887480735779,0.4814138114452362,6.570428423458687e-05
1913,0.7195448875427246,0.6702045202255249,0.49340370297431946,6.559891090283537e-05
1914,0.676355242729187,0.6300984621047974,0.4625679850578308,6.549358087785744e-05
1915,0.6826547384262085,0.6356925964355469,0.4696212112903595,6.538829429225069e-05
1916,0.6599283218383789,0.6146222352981567,0.45306065678596497,6.528305127855816e-05
1917,0.6451205611228943,0.6003658771514893,0.4475468099117279,6.517785196926792e-05
1918,0.680155336856842,0.6333310604095459,0.4682427644729614,6.507269649681307e-05
1919,0.7229136228561401,0.6724364757537842,0.50477135181427,6.496758499357148e-05
1920,0.6675066947937012,0.621804416179657,0.45702287554740906,6.486251759186572e-05
1921,0.702584445476532,0.6536234617233276,0.4896097779273987,6.475749442396289e-05
1922,0.6659236550331116,0.6205510497093201,0.45372632145881653,6.465251562207431e-05
1923,0.7086142301559448,0.6598986387252808,0.48715588450431824,6.454758131835545e-05
1924,0.709387481212616,0.6601271629333496,0.4926029443740845,6.44426916449058e-05
1925,0.6770567893981934,0.6305016279220581,0.4655516445636749,6.43378467337687e-05
1926,0.6880230903625488,0.6411504745483398,0.4687260091304779,6.423304671693107e-05
1927,0.7174418568611145,0.6673291325569153,0.5011272430419922,6.412829172632338e-05
1928,0.6834143996238708,0.636563777923584,0.4685060977935791,6.402358189381934e-05
1929,0.6729808449745178,0.6265875697135925,0.4639325737953186,6.391891735123582e-05
1930,0.6903650164604187,0.6430390477180481,0.4732597768306732,6.38142982303328e-05
1931,0.6492599248886108,0.6045722365379333,0.44687676429748535,6.370972466281291e-05
1932,0.6835746169090271,0.6367667317390442,0.46807894110679626,6.360519678032157e-05
1933,0.6674368381500244,0.6209835410118103,0.4645331799983978,6.350071471444661e-05
1934,0.6614406704902649,0.6163912415504456,0.4504944086074829,6.339627859671814e-05
1935,0.6819532513618469,0.634528398513794,0.4742487370967865,6.32918885586086e-05
1936,0.7237234115600586,0.6737691760063171,0.4995422661304474,6.318754473153221e-05
1937,0.6966705322265625,0.6490212082862854,0.476493239402771,6.308324724684518e-05
1938,0.6131841540336609,0.5713103413581848,0.41873833537101746,6.297899623584532e-05
1939,0.6890099048614502,0.6414748430252075,0.47535067796707153,6.287479182977184e-05
1940,0.6704952120780945,0.6238398551940918,0.46655377745628357,6.277063415980549e-05
1941,0.7063603401184082,0.6579609513282776,0.4839939475059509,6.266652335706802e-05
1942,0.6150726675987244,0.5728288888931274,0.4224378764629364,6.256245955262221e-05
1943,0.6726309061050415,0.6258179545402527,0.46812963485717773,6.245844287747168e-05
1944,0.6765819787979126,0.6301030516624451,0.46478909254074097,6.23544734625608e-05
1945,0.6781937479972839,0.631217360496521,0.46976375579833984,6.225055143877434e-05
1946,0.6880118250846863,0.6402936577796936,0.4771815538406372,6.214667693693744e-05
1947,0.7120358943939209,0.6629744172096252,0.4906148910522461,6.20428500878154e-05
1948,0.7523471117019653,0.7002148628234863,0.5213224291801453,6.193907102211358e-05
1949,0.7151252627372742,0.6662068367004395,0.4891843795776367,6.183533987047716e-05
1950,0.7263987064361572,0.6762710809707642,0.5012764930725098,6.173165676349103e-05
1951,0.7114403247833252,0.6626411080360413,0.4879921078681946,6.162802183167954e-05
1952,0.6916593909263611,0.6438376307487488,0.47821754217147827,6.152443520550641e-05
1953,0.6736084222793579,0.6271389126777649,0.464695006608963,6.14208970153746e-05
1954,0.6854913830757141,0.6386333107948303,0.4685807526111603,6.1317407391626e-05
1955,0.6369348764419556,0.5927567481994629,0.4417809844017029,6.121396646454149e-05
1956,0.7390795946121216,0.6880877017974854,0.5099189877510071,6.111057436434056e-05
1957,0.670468807220459,0.6245221495628357,0.45946651697158813,6.1007231221181206e-05
1958,0.6971731781959534,0.6491314768791199,0.48041701316833496,6.090393716515983e-05
1959,0.6729820966720581,0.6260745525360107,0.4690752625465393,6.0800692326311095e-05
1960,0.738556981086731,0.6874280571937561,0.5112892389297485,6.069749683460765e-05
1961,0.7115864753723145,0.6629514694213867,0.48635002970695496,6.059435081996001e-05
1962,0.6913626194000244,0.6439833045005798,0.4737932085990906,6.049125441221639e-05
1963,0.6863354444503784,0.6395560503005981,0.4677942395210266,6.038820774116265e-05
1964,0.7062761783599854,0.6571612358093262,0.4911494553089142,6.0285210936521955e-05
1965,0.6667011380195618,0.6209410429000854,0.45760104060173035,6.018226412795469e-05
1966,0.6961017847061157,0.6480847597122192,0.48017027974128723,6.0079367445058354e-05
1967,0.6835896372795105,0.6364673972129822,0.4712224006652832,5.997652101736726e-05
1968,0.6877695918083191,0.6407023072242737,0.4706728458404541,5.9873724974352585e-05
1969,0.664480447769165,0.6189610958099365,0.45519372820854187,5.977097944542198e-05
1970,0.6612734794616699,0.615778923034668,0.4549456834793091,5.9668284559919504e-05
1971,0.6727986335754395,0.6254586577415466,0.47339990735054016,5.956564044712551e-05
1972,0.6876388788223267,0.640399694442749,0.47239211201667786,5.94630472362564e-05
1973,0.6986323595046997,0.6504020094871521,0.48230329155921936,5.936050505646452e-05
1974,0.7005418539047241,0.652731716632843,0.47810113430023193,5.925801403683797e-05
1975,0.6721767783164978,0.6252080202102661,0.4696877896785736,5.9155574306400395e-05
1976,0.7314503192901611,0.6814611554145813,0.49989184737205505,5.9053185994110974e-05
1977,0.6378763914108276,0.5942634344100952,0.43612945079803467,5.8950849228864025e-05
1978,0.6964440941810608,0.6479722857475281,0.4847182333469391,5.884856413948913e-05
1979,0.640229344367981,0.5960772633552551,0.4415207803249359,5.87463308547507e-05
1980,0.7315372228622437,0.6812438368797302,0.5029336810112,5.864414950334796e-05
1981,0.6829723715782166,0.636338472366333,0.4663391411304474,5.8542020213914726e-05
1982,0.6690704822540283,0.6231021285057068,0.45968350768089294,5.843994311501939e-05
1983,0.6704882383346558,0.6244471073150635,0.46041110157966614,5.833791833516453e-05
1984,0.6903667449951172,0.6428722143173218,0.474945604801178,5.82359460027869e-05
1985,0.6722103953361511,0.6260244250297546,0.46185994148254395,5.8134026246257225e-05
1986,0.7292197942733765,0.6789155602455139,0.5030426383018494,5.8032159193879985e-05
1987,0.6969168782234192,0.6491521000862122,0.4776480197906494,5.793034497389345e-05
1988,0.6757446527481079,0.6287342309951782,0.4701042175292969,5.782858371446927e-05
1989,0.6964346766471863,0.6481397151947021,0.48294976353645325,5.772687554371241e-05
1990,0.664839506149292,0.6199042797088623,0.4493522644042969,5.762522058966113e-05
1991,0.6613391041755676,0.6155503988265991,0.4578872621059418,5.752361898028653e-05
1992,0.6493368148803711,0.605286717414856,0.44050127267837524,5.7422070843492734e-05
1993,0.7368155717849731,0.686438262462616,0.5037727952003479,5.732057630711638e-05
1994,0.682370126247406,0.6356874108314514,0.4668271541595459,5.721913549892674e-05
1995,0.6610737442970276,0.6160127520561218,0.45060980319976807,5.711774854662535e-05
1996,0.6757640242576599,0.6290905475616455,0.46673479676246643,5.701641557784609e-05
1997,0.6865227818489075,0.6394021511077881,0.47120606899261475,5.69151367201548e-05
1998,0.6902363300323486,0.6432792544364929,0.46957066655158997,5.681391210104916e-05
1999,0.68263179063797,0.6357811689376831,0.46850645542144775,5.671274184795865e-05
2000,0.7341241836547852,0.6839314103126526,0.5019277334213257,5.6611626088244194e-05
2001,0.6919299364089966,0.6444792151451111,0.47450748085975647,5.651056494919831e-05
2002,0.6617386341094971,0.615979015827179,0.4575961232185364,5.640955855804455e-05
2003,0.6546295285224915,0.6096110343933105,0.45018497109413147,5.63086070419377e-05
2004,0.6708146929740906,0.624668538570404,0.4614613652229309,5.620771052796339e-05
2005,0.6954734325408936,0.6479213237762451,0.4755208492279053,5.610686914313796e-05
2006,0.6806688904762268,0.6333382725715637,0.4733062982559204,5.6006083014408484e-05
2007,0.6666227579116821,0.6205443143844604,0.460784375667572,5.590535226865238e-05
2008,0.661322295665741,0.6160542964935303,0.4526797831058502,5.5804677032677354e-05
2009,0.6573421955108643,0.6119694709777832,0.45372718572616577,5.570405743322124e-05
2010,0.6842266321182251,0.6375360488891602,0.46690553426742554,5.560349359695181e-05
2011,0.6653289198875427,0.6195635795593262,0.4576532244682312,5.550298565046672e-05
2012,0.6851556897163391,0.6383320689201355,0.46823644638061523,5.540253372029315e-05
2013,0.7023345232009888,0.6540976762771606,0.48236873745918274,5.53021379328879e-05
2014,0.673199474811554,0.6267594695091248,0.4643998146057129,5.520179841463693e-05
2015,0.6597409248352051,0.6142218708992004,0.4551906883716583,5.510151529185553e-05
2016,0.6504855751991272,0.6063969731330872,0.44088613986968994,5.5001288690787886e-05
2017,0.6481382250785828,0.6030598282814026,0.45078402757644653,5.490111873760705e-05
2018,0.710240364074707,0.6616508364677429,0.48589515686035156,5.480100555841478e-05
2019,0.7134062051773071,0.6645418405532837,0.48864349722862244,5.4700949279241295e-05
2020,0.6221619248390198,0.5796967148780823,0.42465198040008545,5.4600950026045326e-05
2021,0.7194023728370667,0.6703301668167114,0.4907219409942627,5.4501007924713707e-05
2022,0.7180131077766418,0.6686052680015564,0.49407845735549927,5.440112310106134e-05
2023,0.6576269268989563,0.612457811832428,0.4516911208629608,5.4301295680830976e-05
2024,0.7151545286178589,0.6661349534988403,0.49019554257392883,5.420152578969326e-05
2025,0.6394908428192139,0.5953409075737,0.44149941205978394,5.410181355324622e-05
2026,0.6988033056259155,0.6498550176620483,0.48948267102241516,5.400215909701547e-05
2027,0.6397823095321655,0.595650315284729,0.44131970405578613,5.390256254645378e-05
2028,0.6413437128067017,0.5974900126457214,0.438537061214447,5.380302402694104e-05
2029,0.6508793830871582,0.6060498952865601,0.4482947885990143,5.3703543663784074e-05
2030,0.6802033185958862,0.6336745023727417,0.465287983417511,5.36041215822166e-05
2031,0.6180034875869751,0.5753242373466492,0.426792711019516,5.3504757907398836e-05
2032,0.6809056997299194,0.6342957019805908,0.46610012650489807,5.340545276441755e-05
2033,0.6691129207611084,0.6233204007148743,0.4579251706600189,5.3306206278285734e-05
2034,0.6541705131530762,0.6092782616615295,0.44892242550849915,5.320701857394268e-05
2035,0.6539283990859985,0.6086157560348511,0.45312654972076416,5.3107889776253536e-05
2036,0.6833401918411255,0.6362793445587158,0.4706084132194519,5.3008820010009464e-05
2037,0.7183365821838379,0.6686820387840271,0.49654534459114075,5.290980939992713e-05
2038,0.6619184613227844,0.6166340708732605,0.4528437852859497,5.281085807064881e-05
2039,0.7022852301597595,0.6542209982872009,0.4806424379348755,5.27119661467422e-05
2040,0.6300332546234131,0.587171196937561,0.4286207854747772,5.261313375270014e-05
2041,0.6614735126495361,0.6164228320121765,0.45050665736198425,5.251436101294056e-05
2042,0.6889126896858215,0.6418316960334778,0.4708101749420166,5.2415648051806275e-05
2043,0.6833059191703796,0.6357762217521667,0.4752972424030304,5.231699499356484e-05
2044,0.6469815373420715,0.6026009321212769,0.4438060522079468,5.221840196240848e-05
2045,0.6770435571670532,0.6305752396583557,0.4646831452846527,5.211986908245374e-05
2046,0.6612551212310791,0.6154227256774902,0.45832404494285583,5.202139647774149e-05
2047,0.6440069675445557,0.5998817086219788,0.44125255942344666,5.192298427223676e-05
2048,0.680683434009552,0.6336718201637268,0.4701163172721863,5.182463258982846e-05
2049,0.6861920356750488,0.6393673419952393,0.4682471454143524,5.172634155432943e-05
2050,0.7001540660858154,0.6516513824462891,0.48502689599990845,5.1628111289476035e-05
2051,0.6595232486724854,0.6135924458503723,0.4593081772327423,5.1529941918928204e-05
2052,0.6744359135627747,0.6277685165405273,0.4666741192340851,5.143183356626916e-05
2053,0.7179620862007141,0.6683012247085571,0.49660879373550415,5.133378635500543e-05
2054,0.6900641918182373,0.6430891156196594,0.4697507619857788,5.123580040856644e-05
2055,0.6775285601615906,0.631183922290802,0.46344611048698425,5.113787585030454e-05
2056,0.6814587116241455,0.6342384219169617,0.4722026288509369,5.1040012803494795e-05
2057,0.6430633664131165,0.5991133451461792,0.4395003318786621,5.0942211391334824e-05
2058,0.6433945298194885,0.5992198586463928,0.4417467415332794,5.084447173694469e-05
2059,0.700934648513794,0.652492344379425,0.4844227433204651,5.0746793963366744e-05
2060,0.642151951789856,0.5985114574432373,0.43640488386154175,5.0649178193565314e-05
2061,0.6523460745811462,0.6071279048919678,0.45218196511268616,5.055162455042679e-05
2062,0.6902706027030945,0.6422601938247681,0.4801042377948761,5.045413315675924e-05
2063,0.663867175579071,0.6177348494529724,0.461323082447052,5.035670413529251e-05
2064,0.7202218174934387,0.6707169413566589,0.49504879117012024,5.025933760867781e-05
2065,0.6505734324455261,0.6058377027511597,0.44735702872276306,5.016203369948773e-05
2066,0.683410108089447,0.6363600492477417,0.4705003499984741,5.006479253021597e-05
2067,0.6687495708465576,0.6230523586273193,0.4569723308086395,4.996761422327737e-05
2068,0.6615225076675415,0.616435170173645,0.45087331533432007,4.9870498901007524e-05
2069,0.6542434692382812,0.6090738773345947,0.4516957998275757,4.977344668566275e-05
2070,0.6498143076896667,0.6047475337982178,0.4506675899028778,4.967645769942e-05
2071,0.6643943190574646,0.6183037757873535,0.4609055817127228,4.957953206437651e-05
2072,0.641372561454773,0.5970572829246521,0.44315269589424133,4.9482669902549894e-05
2073,0.677483081817627,0.6306189894676208,0.46864068508148193,4.938587133587777e-05
2074,0.6667203307151794,0.6208943128585815,0.45826029777526855,4.92891364862177e-05
2075,0.705496609210968,0.657405436038971,0.48091164231300354,4.919246547534708e-05
2076,0.680475115776062,0.6327792406082153,0.47695860266685486,4.909585842496287e-05
2077,0.6937059164047241,0.6452938914299011,0.48412004113197327,4.899931545668164e-05
2078,0.711332380771637,0.6620428562164307,0.49289536476135254,4.890283669203915e-05
2079,0.6894503831863403,0.6421265006065369,0.47323888540267944,4.880642225249041e-05
2080,0.6444947123527527,0.5999011397361755,0.4459359645843506,4.87100722594094e-05
2081,0.6593315601348877,0.6138882637023926,0.45443296432495117,4.8613786834089024e-05
2082,0.6201158165931702,0.5780282616615295,0.42087551951408386,4.851756609774094e-05
2083,0.6798371076583862,0.6332130432128906,0.4662407338619232,4.842141017149526e-05
2084,0.6378232836723328,0.5938916206359863,0.43931666016578674,4.8325319176400576e-05
2085,0.6955298781394958,0.6476724743843079,0.47857382893562317,4.822929323342369e-05
2086,0.7052484750747681,0.6568354964256287,0.4841299057006836,4.81333324634496e-05
2087,0.6835424900054932,0.6364098191261292,0.47132664918899536,4.8037436987281194e-05
2088,0.729485809803009,0.6792308688163757,0.5025495290756226,4.794160692563917e-05
2089,0.6994375586509705,0.6510782241821289,0.483593612909317,4.7845842399161874e-05
2090,0.7021635174751282,0.6538644433021545,0.4829905927181244,4.7750143528405126e-05
2091,0.6909621953964233,0.6436091065406799,0.47353067994117737,4.76545104338422e-05
2092,0.6550456881523132,0.610084056854248,0.44961610436439514,4.755894323586342e-05
2093,0.6728320121765137,0.6269429922103882,0.45889008045196533,4.746344205477631e-05
2094,0.6766847372055054,0.6294668912887573,0.4721781611442566,4.736800701080515e-05
2095,0.6949010491371155,0.6467718482017517,0.48129189014434814,4.727263822409099e-05
2096,0.7168105840682983,0.6676256060600281,0.4918496906757355,4.717733581469157e-05
2097,0.6851727366447449,0.6373299956321716,0.4784276485443115,4.708209990258095e-05
2098,0.6703500747680664,0.6240331530570984,0.4631692171096802,4.6986930607649535e-05
2099,0.7147141695022583,0.6657557487487793,0.4895842671394348,4.68918280497038e-05
2100,0.6823849678039551,0.6355419754981995,0.4684300422668457,4.6796792348466356e-05
2101,0.7096255421638489,0.6602170467376709,0.4940852224826813,4.67018236235755e-05
2102,0.6789202094078064,0.6320923566818237,0.46827876567840576,4.6606921994585274e-05
2103,0.7257516980171204,0.6754315495491028,0.5032016634941101,4.651208758096521e-05
2104,0.6592188477516174,0.6135923266410828,0.4562651813030243,4.6417320502100316e-05
2105,0.7082836627960205,0.660205602645874,0.48078054189682007,4.63226208772908e-05
2106,0.6914567351341248,0.6435540318489075,0.47902676463127136,4.62279888257519e-05
2107,0.6555348038673401,0.6100554466247559,0.4547934830188751,4.613342446661383e-05
2108,0.6594703793525696,0.6145514845848083,0.4491891860961914,4.603892791892157e-05
2109,0.6924238204956055,0.6449258327484131,0.4749796688556671,4.594449930163471e-05
2110,0.736950159072876,0.6856696605682373,0.5128048062324524,4.5850138733627434e-05
2111,0.6880826354026794,0.6404297947883606,0.47652846574783325,4.575584633368815e-05
2112,0.6775693893432617,0.631015956401825,0.4655340611934662,4.566162222051946e-05
2113,0.7119246125221252,0.6626383066177368,0.492863267660141,4.556746651273802e-05
2114,0.6542752981185913,0.6092605590820312,0.45014718174934387,4.547337932887443e-05
2115,0.6474335193634033,0.603061854839325,0.4437165856361389,4.537936078737292e-05
2116,0.7214541435241699,0.6710821986198425,0.503719687461853,4.52854110065914e-05
2117,0.6886919736862183,0.6418024897575378,0.4688948392868042,4.519153010480118e-05
2118,0.6825147867202759,0.6352800726890564,0.47234705090522766,4.5097718200186814e-05
2119,0.649582028388977,0.6054911613464355,0.4409087002277374,4.50039754108461e-05
2120,0.7167763710021973,0.6676920056343079,0.4908435046672821,4.491030185478976e-05
2121,0.7409971952438354,0.6901671290397644,0.50830078125,4.481669764994134e-05
2122,0.7093101143836975,0.6601202487945557,0.4918988049030304,4.472316291413715e-05
2123,0.7384738922119141,0.6875221133232117,0.5095179080963135,4.4629697765125934e-05
2124,0.7086569666862488,0.6589810848236084,0.49675866961479187,4.453630232056901e-05
2125,0.6743676662445068,0.6283324360847473,0.4603521227836609,4.444297669803981e-05
2126,0.6522719860076904,0.6077985763549805,0.4447343945503235,4.434972101502385e-05
2127,0.6639721393585205,0.6184303760528564,0.4554176926612854,4.425653538891874e-05
2128,0.7024827003479004,0.6539269089698792,0.4855581820011139,4.416341993703373e-05
2129,0.7029598355293274,0.6546928286552429,0.48267021775245667,4.407037477658992e-05
2130,0.6776318550109863,0.6307424902915955,0.46889346837997437,4.3977400024719725e-05
2131,0.6456530094146729,0.6002938151359558,0.4535917341709137,4.388449579846705e-05
2132,0.7253859043121338,0.6753742694854736,0.5001160502433777,4.379166221478697e-05
2133,0.7063823938369751,0.6583383679389954,0.4804399609565735,4.36988993905456e-05
2134,0.7167742252349854,0.6673447489738464,0.4942946434020996,4.36062074425201e-05
2135,0.7269694805145264,0.6775410771369934,0.494284063577652,4.351358648739826e-05
2136,0.6898447275161743,0.6424863934516907,0.4735835790634155,4.3421036641778556e-05
2137,0.730799674987793,0.6807349324226379,0.5006474852561951,4.332855802217e-05
2138,0.7100134491920471,0.6609184145927429,0.4909505844116211,4.323615074499183e-05
2139,0.6914660930633545,0.643663763999939,0.47802355885505676,4.31438149265736e-05
2140,0.6627439856529236,0.6175134778022766,0.4523051083087921,4.305155068315481e-05
2141,0.6734448075294495,0.6269656419754028,0.4647916257381439,4.295935813088487e-05
2142,0.6925033330917358,0.6450768113136292,0.4742651581764221,4.2867237385822935e-05
2143,0.6759322285652161,0.6297796368598938,0.46152615547180176,4.2775188563937843e-05
2144,0.7373814582824707,0.6867983937263489,0.5058308243751526,4.268321178110779e-05
2145,0.6992760896682739,0.651645839214325,0.47630247473716736,4.259130715312033e-05
2146,0.6431785225868225,0.5989760160446167,0.44202494621276855,4.249947479567218e-05
2147,0.6753484606742859,0.6287792921066284,0.4656914472579956,4.2407714824369024e-05
2148,0.6534483432769775,0.6085386276245117,0.44909724593162537,4.231602735472552e-05
2149,0.7520848512649536,0.7005123496055603,0.515725314617157,4.222441250216502e-05
2150,0.7005650401115417,0.6520076990127563,0.48557355999946594,4.213287038201943e-05
2151,0.6530870199203491,0.6078920960426331,0.4519490897655487,4.20414011095291e-05
2152,0.6916385889053345,0.643619179725647,0.4801943302154541,4.195000479984265e-05
2153,0.6457239389419556,0.6010331511497498,0.4469081461429596,4.185868156801694e-05
2154,0.6718599796295166,0.6258940696716309,0.45965924859046936,4.1767431529016766e-05
2155,0.6877040863037109,0.6407359838485718,0.4696808159351349,4.1676254797714766e-05
2156,0.6832157969474792,0.6367843151092529,0.4643149971961975,4.1585151488891305e-05
2157,0.7095238566398621,0.660603940486908,0.48919913172721863,4.149412171723438e-05
2158,0.7232190370559692,0.6728399991989136,0.5037902593612671,4.140316559733935e-05
2159,0.6999108791351318,0.6516919136047363,0.482189416885376,4.1312283243708836e-05
2160,0.6823740601539612,0.6354291439056396,0.46944934129714966,4.12214747707527e-05
2161,0.6980611085891724,0.6498315930366516,0.48229485750198364,4.113074029278765e-05
2162,0.7075477242469788,0.6587475538253784,0.48800143599510193,4.1040079924037386e-05
2163,0.702228307723999,0.6531582474708557,0.4907006621360779,4.0949493778632244e-05
2164,0.6757605671882629,0.6291911602020264,0.4656939208507538,4.085898197060911e-05
2165,0.6611315011978149,0.6161758899688721,0.4495564103126526,4.0768544613911294e-05
2166,0.6853167414665222,0.6381433010101318,0.4717342257499695,4.067818182238838e-05
2167,0.646668016910553,0.6017493605613708,0.4491865932941437,4.058789370979617e-05
2168,0.6419078707695007,0.5974758863449097,0.44431978464126587,4.049768038979631e-05
2169,0.7497000098228455,0.6974613070487976,0.5223870277404785,4.04075419759564e-05
2170,0.6880917549133301,0.6403664946556091,0.4772527515888214,4.031747858174964e-05
2171,0.6857526898384094,0.6382001638412476,0.47552505135536194,4.0227490320554916e-05
2172,0.7309135794639587,0.6806502938270569,0.502632737159729,4.0137577305656485e-05
2173,0.6758154630661011,0.6293951869010925,0.4642029106616974,4.004773965024383e-05
2174,0.6756443977355957,0.6293889284133911,0.4625549614429474,3.9957977467411615e-05
2175,0.6371662616729736,0.5932765007019043,0.4388975501060486,3.9868290870159405e-05
2176,0.6961659789085388,0.6475886106491089,0.48577380180358887,3.9778679971391785e-05
2177,0.6523811221122742,0.6073899865150452,0.4499112069606781,3.96891448839179e-05
2178,0.6542810797691345,0.6091815829277039,0.45099470019340515,3.959968572045148e-05
2179,0.7231832146644592,0.6732966899871826,0.49886515736579895,3.951030259361072e-05
2180,0.6877453923225403,0.6402806043624878,0.4746479094028473,3.942099561591802e-05
2181,0.693951427936554,0.6462257504463196,0.4772566556930542,3.933176489980005e-05
2182,0.6835745573043823,0.636633038520813,0.46941521763801575,3.924261055758731e-05
2183,0.6690427660942078,0.622860312461853,0.4618246257305145,3.915353270151433e-05
2184,0.6626711487770081,0.6179660558700562,0.4470510184764862,3.90645314437192e-05
2185,0.7054237723350525,0.6570869088172913,0.4833686351776123,3.897560689624362e-05
2186,0.6705674529075623,0.6240977048873901,0.46469756960868835,3.888675917103283e-05
2187,0.7098626494407654,0.6610255241394043,0.48837149143218994,3.879798837993521e-05
2188,0.6778533458709717,0.6310149431228638,0.46838414669036865,3.8709294634702376e-05
2189,0.6772931218147278,0.6307806372642517,0.46512478590011597,3.862067804698889e-05
2190,0.7002795338630676,0.6520728468894958,0.48206713795661926,3.853213872835228e-05
2191,0.7091318368911743,0.6605353951454163,0.48596420884132385,3.844367679025274e-05
2192,0.6437903046607971,0.599980354309082,0.4380996823310852,3.8355292344053026e-05
2193,0.7052615284919739,0.6566615104675293,0.4860002398490906,3.826698550101836e-05
2194,0.6820283532142639,0.6346985101699829,0.47329822182655334,3.8178756372316294e-05
2195,0.7035485506057739,0.6549879908561707,0.48560571670532227,3.8090605069016595e-05
2196,0.6843208074569702,0.6375903487205505,0.4673042893409729,3.800253170209094e-05
2197,0.6646528244018555,0.619283139705658,0.45369699597358704,3.7914536382412956e-05
2198,0.6459487080574036,0.6013714075088501,0.44577285647392273,3.782661922075803e-05
2199,0.7093908190727234,0.6603003740310669,0.4909042716026306,3.773878032780309e-05
2200,0.7175897359848022,0.6683582067489624,0.49231499433517456,3.7651019814126654e-05
2201,0.6785823702812195,0.632229745388031,0.46352618932724,3.7563337790208476e-05
2202,0.7233596444129944,0.673248827457428,0.5011079907417297,3.747573436642951e-05
2203,0.705316960811615,0.6570321321487427,0.48284852504730225,3.738820965307176e-05
2204,0.67013019323349,0.6242585182189941,0.4587167203426361,3.730076376031821e-05
2205,0.7033427953720093,0.6551030278205872,0.4823978543281555,3.721339679825252e-05
2206,0.6679269075393677,0.6221098899841309,0.45817047357559204,3.712610887685909e-05
2207,0.6159935593605042,0.5735074877738953,0.4248604476451874,3.703890010602274e-05
2208,0.7084846496582031,0.6596413850784302,0.4884325861930847,3.695177059552861e-05
2209,0.7499609589576721,0.6980029940605164,0.5195795297622681,3.686472045506223e-05
2210,0.710178554058075,0.661810576915741,0.48367971181869507,3.677774979420904e-05
2211,0.6838957071304321,0.6372867822647095,0.4660894572734833,3.66908587224545e-05
2212,0.7460097074508667,0.6946917176246643,0.5131801962852478,3.660404734918387e-05
2213,0.7162694931030273,0.6670482754707336,0.49221229553222656,3.6517315783682036e-05
2214,0.6528831124305725,0.6077241897583008,0.4515892267227173,3.643066413513354e-05
2215,0.6903619766235352,0.642778754234314,0.47583234310150146,3.634409251262217e-05
2216,0.6393489837646484,0.5948219299316406,0.445270299911499,3.6257601025131026e-05
2217,0.7069125175476074,0.6577874422073364,0.49125081300735474,3.61711897815424e-05
2218,0.6508313417434692,0.6065986752510071,0.44232669472694397,3.608485889063744e-05
2219,0.7516142725944519,0.699284553527832,0.5232974290847778,3.599860846109626e-05
2220,0.6567338109016418,0.6117655634880066,0.4496826231479645,3.591243860149759e-05
2221,0.7182051539421082,0.6688653826713562,0.4933975636959076,3.582634942031878e-05
2222,0.7025073170661926,0.654127299785614,0.48380014300346375,3.574034102593557e-05
2223,0.6542907357215881,0.6092119812965393,0.4507875442504883,3.565441352662211e-05
2224,0.7029284238815308,0.6545556783676147,0.4837273955345154,3.556856703055058e-05
2225,0.7085339426994324,0.6595655679702759,0.4896836280822754,3.548280164579126e-05
2226,0.6829159259796143,0.6356627941131592,0.472531259059906,3.539711748031227e-05
2227,0.6667378544807434,0.6205344200134277,0.46203407645225525,3.531151464197957e-05
2228,0.6439669728279114,0.5992055535316467,0.44761407375335693,3.5225993238556644e-05
2229,0.697388231754303,0.6499017477035522,0.4748646020889282,3.514055337770455e-05
2230,0.692862331867218,0.6454514265060425,0.4741089344024658,3.5055195166981645e-05
2231,0.6406816244125366,0.596119225025177,0.4456237554550171,3.496991871384346e-05
2232,0.6758590936660767,0.6289803981781006,0.46878689527511597,3.488472412564264e-05
2233,0.709183394908905,0.6606490612030029,0.48534339666366577,3.479961150962884e-05
2234,0.6846047639846802,0.6370938420295715,0.47510892152786255,3.4714580972948406e-05
2235,0.6833159923553467,0.6366033554077148,0.4671265184879303,3.462963262264444e-05
2236,0.6813587546348572,0.6348669528961182,0.46491819620132446,3.4544766565656505e-05
2237,0.6417903900146484,0.5978710055351257,0.4391941428184509,3.445998290882062e-05
2238,0.6763972043991089,0.6298104524612427,0.46586740016937256,3.4375281758869114e-05
2239,0.7122727632522583,0.6629949808120728,0.49277809262275696,3.429066322243033e-05
2240,0.6778152585029602,0.6307340860366821,0.47081154584884644,3.420612740602875e-05
2241,0.6634979844093323,0.6181677579879761,0.45330241322517395,3.4121674416084584e-05
2242,0.6824123859405518,0.6355822086334229,0.46830159425735474,3.403730435891391e-05
2243,0.7151100635528564,0.6655629873275757,0.49547049403190613,3.39530173407283e-05
2244,0.7174610495567322,0.6678521037101746,0.4960891902446747,3.386881346763483e-05
2245,0.6522316336631775,0.6076986193656921,0.4453299045562744,3.378469284563589e-05
2246,0.6674189567565918,0.6211056113243103,0.46313321590423584,3.370065558062906e-05
2247,0.7679506540298462,0.7145364880561829,0.5341419577598572,3.3616701778407065e-05
2248,0.6443710923194885,0.5998377799987793,0.44533294439315796,3.353283154465746e-05
2249,0.7017233967781067,0.6533035039901733,0.4841991662979126,3.34490449849626e-05
2250,0.6729466915130615,0.6269562840461731,0.4599040746688843,3.336534220479961e-05
2251,0.7134366035461426,0.664567232131958,0.48869386315345764,3.3281723309540025e-05
2252,0.6777956485748291,0.6312206387519836,0.4657498300075531,3.319818840444987e-05
2253,0.6631864309310913,0.6164613366127014,0.4672507345676422,3.311473759468938e-05
2254,0.7288527488708496,0.678766131401062,0.5008658766746521,3.3031370985312934e-05
2255,0.6653810143470764,0.6193630695343018,0.4601794481277466,3.294808868126894e-05
2256,0.6906605958938599,0.6432543396949768,0.47406256198883057,3.28648907873996e-05
2257,0.6793140172958374,0.6323562860488892,0.4695773124694824,3.2781777408441e-05
2258,0.6384174227714539,0.5943136215209961,0.4410382807254791,3.269874864902269e-05
2259,0.7072842717170715,0.6575614213943481,0.49722859263420105,3.261580461366776e-05
2260,0.6631080508232117,0.6169149875640869,0.4619304835796356,3.253294540679257e-05
2261,0.6739461421966553,0.6274747252464294,0.464714378118515,3.245017113270685e-05
2262,0.6039156913757324,0.562628448009491,0.4128723442554474,3.236748189561324e-05
2263,0.6238416433334351,0.581009566783905,0.4283207654953003,3.228487779960745e-05
2264,0.6798182725906372,0.6329718232154846,0.46846437454223633,3.220235894867794e-05
2265,0.6908059120178223,0.6435280442237854,0.47277870774269104,3.211992544670581e-05
2266,0.6404199600219727,0.5960724353790283,0.4434754252433777,3.203757739746489e-05
2267,0.6993798613548279,0.6515589952468872,0.47820845246315,3.195531490462128e-05
2268,0.669572114944458,0.6236409544944763,0.4593113660812378,3.18731380717334e-05
2269,0.6588674783706665,0.6134980320930481,0.4536944031715393,3.1791047002251884e-05
2270,0.6409399509429932,0.59628826379776,0.44651681184768677,3.1709041799519315e-05
2271,0.7025227546691895,0.65425044298172,0.48272332549095154,3.162712256677032e-05
2272,0.6517075300216675,0.6067426800727844,0.44964855909347534,3.154528940713113e-05
2273,0.6888765692710876,0.6412885189056396,0.4758804142475128,3.1463542423619794e-05
2274,0.6898576021194458,0.6426475048065186,0.4721008837223053,3.1381881719145724e-05
2275,0.7138673663139343,0.6646103858947754,0.49256986379623413,3.130030739650983e-05
2276,0.7090904116630554,0.6602978706359863,0.48792514204978943,3.121881955840421e-05
2277,0.6348755955696106,0.5912120938301086,0.4366351366043091,3.1137418307412116e-05
2278,0.7544364929199219,0.7025202512741089,0.5191624760627747,3.105610374600778e-05
2279,0.6737054586410522,0.6267841458320618,0.46921324729919434,3.0974875976556284e-05
2280,0.7011271715164185,0.6524080038070679,0.4871918261051178,3.089373510131355e-05
2281,0.661790132522583,0.616560697555542,0.45229414105415344,3.081268122242598e-05
2282,0.6893236637115479,0.6421489715576172,0.4717472195625305,3.073171444193055e-05
2283,0.7045921087265015,0.6563059687614441,0.48286136984825134,3.065083486175451e-05
2284,0.6549749970436096,0.6097636818885803,0.4521132707595825,3.057004258371541e-05
2285,0.642756462097168,0.5981569886207581,0.44599470496177673,3.0489337709520917e-05
2286,0.6787904500961304,0.6311847567558289,0.4760570824146271,3.0408720340768572e-05
2287,0.6910565495491028,0.6434183716773987,0.47638189792633057,3.0328190578945815e-05
2288,0.6750258207321167,0.6284247636795044,0.4660107493400574,3.0247748525429787e-05
2289,0.6662245988845825,0.6209580302238464,0.45266541838645935,3.0167394281487184e-05
2290,0.680587887763977,0.6338704228401184,0.46717461943626404,3.008712794827426e-05
2291,0.6699225902557373,0.6234848499298096,0.4643773138523102,3.00069496268365e-05
2292,0.6974881291389465,0.6498185992240906,0.47669538855552673,2.9926859418108644e-05
2293,0.6797665357589722,0.6330567598342896,0.4670974612236023,2.9846857422914433e-05
2294,0.6988184452056885,0.6514445543289185,0.4737388789653778,2.97669437419667e-05
2295,0.650672197341919,0.6062568426132202,0.44415339827537537,2.9687118475866947e-05
2296,0.6641080975532532,0.6187916994094849,0.45316413044929504,2.960738172510551e-05
2297,0.6874922513961792,0.6400572061538696,0.47435060143470764,2.952773359006119e-05
2298,0.6417877674102783,0.596946656703949,0.44841107726097107,2.9448174171001254e-05
2299,0.7452036738395691,0.6940816044807434,0.5112209320068359,2.9368703568081356e-05
2300,0.6609206795692444,0.6146835088729858,0.4623716473579407,2.9289321881345254e-05
2301,0.6826657056808472,0.635160505771637,0.4750522971153259,2.921002921072481e-05
2302,0.6641717553138733,0.6185060143470764,0.45665717124938965,2.913082565603982e-05
2303,0.6934337019920349,0.6462875604629517,0.4714614450931549,2.9051711316997864e-05
2304,0.6503279209136963,0.6058921217918396,0.4443577229976654,2.8972686293194308e-05
2305,0.6119493842124939,0.5697125196456909,0.4223683774471283,2.8893750684111975e-05
2306,0.7000170350074768,0.6519534587860107,0.48063570261001587,2.8814904589121137e-05
2307,0.6644213795661926,0.6185511946678162,0.4587019085884094,2.8736148107479478e-05
2308,0.6961656808853149,0.6480679512023926,0.48097723722457886,2.8657481338331715e-05
2309,0.6600019335746765,0.6144373416900635,0.45564571022987366,2.8578904380709793e-05
2310,0.673819363117218,0.6276183724403381,0.46200963854789734,2.850041733353247e-05
2311,0.6678484678268433,0.6217883825302124,0.4606005549430847,2.842202029560538e-05
2312,0.6830137968063354,0.6353664994239807,0.47647300362586975,2.8343713365620772e-05
2313,0.6523873805999756,0.6079109907150269,0.444763720035553,2.8265496642157597e-05
2314,0.6787813901901245,0.6323995590209961,0.463818222284317,2.8187370223681132e-05
2315,0.6863111853599548,0.6391105055809021,0.47200658917427063,2.8109334208542993e-05
2316,0.6864880919456482,0.6398829221725464,0.4660515785217285,2.803138869498102e-05
2317,0.6926340460777283,0.6447351574897766,0.47898876667022705,2.7953533781119055e-05
2318,0.6586339473724365,0.613745927810669,0.44887998700141907,2.7875769564966968e-05
2319,0.6964443922042847,0.6479225158691406,0.4852190613746643,2.779809614442046e-05
2320,0.678517758846283,0.6322762966156006,0.46241453289985657,2.7720513617260856e-05
2321,0.7104929089546204,0.6618112921714783,0.4868161678314209,2.764302208115509e-05
2322,0.714331865310669,0.6653454899787903,0.4898635745048523,2.7565621633655502e-05
2323,0.7127343416213989,0.6632056832313538,0.4952864646911621,2.74883123721999e-05
2324,0.6858259439468384,0.6385149359703064,0.47311022877693176,2.741109439411117e-05
2325,0.6730846762657166,0.6270596385002136,0.4602501392364502,2.7333967796597315e-05
2326,0.6710839867591858,0.6247449517250061,0.4633904993534088,2.7256932676751323e-05
2327,0.6635841727256775,0.6180617809295654,0.45522406697273254,2.7179989131550977e-05
2328,0.6774261593818665,0.6309729218482971,0.4645322263240814,2.7103137257858868e-05
2329,0.6559571623802185,0.6111981272697449,0.4475904107093811,2.7026377152422067e-05
2330,0.7041999101638794,0.6559759378433228,0.4822397530078888,2.694970891187224e-05
2331,0.6987945437431335,0.6498624682426453,0.4893207252025604,2.6873132632725297e-05
2332,0.6847187280654907,0.6371678709983826,0.47550880908966064,2.6796648411381485e-05
2333,0.696678638458252,0.6488029956817627,0.47875672578811646,2.672025634412506e-05
2334,0.7028684020042419,0.6548822522163391,0.4798617660999298,2.6643956527124335e-05
2335,0.6492279767990112,0.6042922139167786,0.4493575096130371,2.6567749056431467e-05
2336,0.6749051809310913,0.6283440589904785,0.465611070394516,2.6491634027982325e-05
2337,0.6337966918945312,0.5901603102684021,0.4363640546798706,2.6415611537596496e-05
2338,0.6862093210220337,0.6387458443641663,0.47463491559028625,2.6339681680977013e-05
2339,0.6439780592918396,0.5994791984558105,0.44498881697654724,2.6263844553710236e-05
2340,0.6465474367141724,0.6023750901222229,0.4417232871055603,2.6188100251265945e-05
2341,0.6554297208786011,0.6099666357040405,0.454630583524704,2.6112448868996897e-05
2342,0.6952571868896484,0.6473448276519775,0.47912368178367615,2.6036890502139035e-05
2343,0.6568045616149902,0.6120688319206238,0.4473569989204407,2.5961425245811055e-05
2344,0.6633297204971313,0.6182499527931213,0.4507976770401001,2.5886053195014538e-05
2345,0.7184786200523376,0.6694381237030029,0.4904049336910248,2.5810774444633644e-05
2346,0.7155261039733887,0.6660007834434509,0.4952530860900879,2.573558908943523e-05
2347,0.6669650077819824,0.6210280060768127,0.45937004685401917,2.5660497224068415e-05
2348,0.6714327931404114,0.6257681846618652,0.4566459357738495,2.5585498943064724e-05
2349,0.7461894750595093,0.6945697665214539,0.5161970853805542,2.5510594340837824e-05
2350,0.6892812848091125,0.6425461769104004,0.4673510491847992,2.5435783511683443e-05
2351,0.6482341289520264,0.6039401888847351,0.44293949007987976,2.5361066549779356e-05
2352,0.7035984396934509,0.6550683379173279,0.4853012263774872,2.5286443549185036e-05
2353,0.638606607913971,0.5944284200668335,0.44178205728530884,2.521191460384178e-05
2354,0.6762468218803406,0.6296277642250061,0.46619081497192383,2.5137479807572427e-05
2355,0.6813226342201233,0.6344709992408752,0.46851658821105957,2.506313925408127e-05
2356,0.7021674513816833,0.6538892388343811,0.48278191685676575,2.4988893036954053e-05
2357,0.6736825704574585,0.6276453733444214,0.4603719413280487,2.4914741249657658e-05
2358,0.6909534931182861,0.6432982087135315,0.4765527844429016,2.484068398554016e-05
2359,0.6953551769256592,0.6473875045776367,0.4796770215034485,2.47667213378306e-05
2360,0.7033440470695496,0.6550952792167664,0.48248761892318726,2.4692853399638917e-05
2361,0.6720954775810242,0.6255674958229065,0.46527978777885437,2.4619080263955875e-05
2362,0.6848371624946594,0.6385694146156311,0.4626777172088623,2.4545402023652784e-05
2363,0.7310450077056885,0.6807918548583984,0.5025312304496765,2.4471818771481648e-05
2364,0.7555778622627258,0.7036094665527344,0.5196841955184937,2.4398330600074713e-05
2365,0.7105799913406372,0.6615889668464661,0.4899100065231323,2.4324937601944685e-05
2366,0.6729241013526917,0.6262328028678894,0.46691277623176575,2.4251639869484375e-05
2367,0.6611950993537903,0.616340696811676,0.44854429364204407,2.4178437494966688e-05
2368,0.6268957257270813,0.5840510129928589,0.42844727635383606,2.410533057054446e-05
2369,0.7042731642723083,0.6557661294937134,0.4850706160068512,2.4032319188250374e-05
2370,0.6684902906417847,0.6229138970375061,0.45576390624046326,2.3959403439996907e-05
2371,0.6986637711524963,0.6506627798080444,0.48000967502593994,2.388658341757607e-05
2372,0.6789476275444031,0.6319190859794617,0.4702853560447693,2.381385921265936e-05
2373,0.6873219609260559,0.6404837965965271,0.4683818519115448,2.3741230916797675e-05
2374,0.6586666703224182,0.6130772233009338,0.4558946490287781,2.3668698621421216e-05
2375,0.7150967121124268,0.6654379367828369,0.49658748507499695,2.3596262417839255e-05
2376,0.6914541721343994,0.643932044506073,0.47522130608558655,2.352392239724016e-05
2377,0.7142480611801147,0.6647163033485413,0.49531763792037964,2.345167865069119e-05
2378,0.6559783220291138,0.6109245419502258,0.45053791999816895,2.33795312691384e-05
2379,0.7219977974891663,0.6726109385490417,0.49386879801750183,2.330748034340651e-05
2380,0.6905888915061951,0.6431130170822144,0.474758505821228,2.323552596419889e-05
2381,0.6580058336257935,0.6130889058113098,0.4491692781448364,2.3163668222097313e-05
2382,0.6244719624519348,0.5816918015480042,0.42780157923698425,2.309190720756189e-05
2383,0.6638705730438232,0.6184505224227905,0.45420053601264954,2.3020243010930975e-05
2384,0.6371825337409973,0.5938518643379211,0.433306485414505,2.2948675722421086e-05
2385,0.719359278678894,0.669285237789154,0.5007404685020447,2.2877205432126657e-05
2386,0.7115685939788818,0.6627901792526245,0.4877842664718628,2.280583223002012e-05
2387,0.6688960194587708,0.6228124499320984,0.46083542704582214,2.2734556205951596e-05
2388,0.703856348991394,0.6557110548019409,0.48145267367362976,2.266337744964888e-05
2389,0.6784465909004211,0.631501317024231,0.4694526791572571,2.2592296050717388e-05
2390,0.6978570818901062,0.6497743725776672,0.4808270037174225,2.25213120986399e-05
2391,0.6868439316749573,0.6393433213233948,0.4750063121318817,2.2450425682776565e-05
2392,0.7125369310379028,0.6631577610969543,0.4937918186187744,2.237963689236472e-05
2393,0.6793124675750732,0.6328350305557251,0.46477460861206055,2.230894581651879e-05
2394,0.6719107031822205,0.6254575848579407,0.46453115344047546,2.2238352544230255e-05
2395,0.6789093017578125,0.6326391696929932,0.46270108222961426,2.2167857164367422e-05
2396,0.6504911184310913,0.6053274869918823,0.45163631439208984,2.2097459765675342e-05
2397,0.6756537556648254,0.6290155053138733,0.46638223528862,2.2027160436775794e-05
2398,0.6772596836090088,0.6309344172477722,0.46325284242630005,2.195695926616702e-05
2399,0.7118410468101501,0.6631280183792114,0.4871302545070648,2.188685634222376e-05
2400,0.6726328730583191,0.6264510750770569,0.4618177115917206,2.1816851753197032e-05
2401,0.6574089527130127,0.6122342348098755,0.45174720883369446,2.174694558721405e-05
2402,0.7096938490867615,0.6613537073135376,0.4834016263484955,2.1677137932278147e-05
2403,0.7412880659103394,0.6904377937316895,0.5085025429725647,2.1607428876268675e-05
2404,0.6620456576347351,0.6165041923522949,0.4554145634174347,2.153781850694082e-05
2405,0.7351417541503906,0.6841657161712646,0.5097605586051941,2.146830691192553e-05
2406,0.6997343301773071,0.6517695784568787,0.47964730858802795,2.1398894178729423e-05
2407,0.7236160039901733,0.6740818023681641,0.49534204602241516,2.1329580394734638e-05
2408,0.7019913196563721,0.6543813347816467,0.4760996699333191,2.1260365647198798e-05
2409,0.6852657794952393,0.6385912895202637,0.46674463152885437,2.119125002325485e-05
2410,0.6856962442398071,0.638475239276886,0.4722102880477905,2.11222336099109e-05
2411,0.7093831300735474,0.660549521446228,0.48833632469177246,2.1053316494050202e-05
2412,0.6955402493476868,0.6481035947799683,0.4743667542934418,2.098449876243096e-05
2413,0.6808978915214539,0.6343579292297363,0.46539971232414246,2.0915780501686355e-05
2414,0.7078176140785217,0.6589811444282532,0.48836469650268555,2.0847161798324266e-05
2415,0.7101221680641174,0.660939633846283,0.4918252229690552,2.0778642738727272e-05
2416,0.6675943732261658,0.6216148734092712,0.459795206785202,2.0710223409152475e-05
2417,0.6660226583480835,0.6203755140304565,0.45647114515304565,2.064190389573153e-05
2418,0.6383213400840759,0.5948004126548767,0.43520909547805786,2.057368428447032e-05
2419,0.686052680015564,0.6382631659507751,0.47789523005485535,2.0505564661249e-05
2420,0.682141900062561,0.6354534029960632,0.46688470244407654,2.043754511182191e-05
2421,0.6829248666763306,0.6363111734390259,0.46613702178001404,2.036962572181731e-05
2422,0.6895590424537659,0.6416259407997131,0.4793311357498169,2.0301806576737482e-05
2423,0.6803159713745117,0.6336918473243713,0.4662412703037262,2.023408776195842e-05
2424,0.6620194911956787,0.6163246035575867,0.45694875717163086,2.016646936272987e-05
2425,0.7050793170928955,0.6561307311058044,0.4894857108592987,2.009895146417512e-05
2426,0.6805168986320496,0.63382488489151,0.46691998839378357,2.0031534151290953e-05
2427,0.7008009552955627,0.6528018712997437,0.47999098896980286,1.996421750894758e-05
2428,0.6813599467277527,0.6347546577453613,0.4660528600215912,1.9897001621888434e-05
2429,0.7066435813903809,0.6577041149139404,0.4893947243690491,1.9829886574730093e-05
2430,0.6618699431419373,0.6161707043647766,0.45699241757392883,1.9762872451962212e-05
2431,0.6545883417129517,0.6100949048995972,0.44493454694747925,1.969595933794739e-05
2432,0.6663395762443542,0.6203926205635071,0.45946934819221497,1.9629147316921125e-05
2433,0.712250292301178,0.6632011532783508,0.4904913604259491,1.9562436472991552e-05
2434,0.6699695587158203,0.6242742538452148,0.45695292949676514,1.9495826890139503e-05
2435,0.7288781404495239,0.6788610816001892,0.5001702904701233,1.9429318652218276e-05
2436,0.7164865732192993,0.6663315892219543,0.5015500783920288,1.9362911842953678e-05
2437,0.6566469073295593,0.6107460856437683,0.45900818705558777,1.9296606545943774e-05
2438,0.6593629717826843,0.6145411133766174,0.4482186436653137,1.9230402844658812e-05
2439,0.6653196811676025,0.6199806332588196,0.4533907473087311,1.9164300822441194e-05
2440,0.6863802075386047,0.6385365128517151,0.47843676805496216,1.9098300562505266e-05
2441,0.6994224190711975,0.6513816118240356,0.48040780425071716,1.9032402147937357e-05
2442,0.7165417671203613,0.667365312576294,0.4917646050453186,1.896660566169548e-05
2443,0.6897311210632324,0.6421077251434326,0.4762337803840637,1.8900911186609426e-05
2444,0.6767515540122986,0.6301421523094177,0.46609392762184143,1.8835318805380507e-05
2445,0.6911056637763977,0.6436319947242737,0.47473689913749695,1.8769828600581496e-05
2446,0.6777363419532776,0.6302897930145264,0.4744654893875122,1.870444065465662e-05
2447,0.673751175403595,0.6272168159484863,0.4653438329696655,1.863915504992131e-05
2448,0.7131410837173462,0.6643168330192566,0.4882422983646393,1.8573971868562156e-05
2449,0.6532106399536133,0.6076117753982544,0.4559883773326874,1.8508891192636824e-05
2450,0.6584170460700989,0.6135578751564026,0.4485918879508972,1.8443913104073983e-05
2451,0.6749235391616821,0.6287602782249451,0.46163269877433777,1.8379037684673105e-05
2452,0.7390847206115723,0.688572883605957,0.5051186084747314,1.8314265016104417e-05
2453,0.6556997895240784,0.6105212569236755,0.4517850875854492,1.8249595179908773e-05
2454,0.6670947670936584,0.6209176778793335,0.4617708921432495,1.818502825749764e-05
2455,0.6202149391174316,0.5774744749069214,0.42740491032600403,1.8120564330152923e-05
2456,0.6868586540222168,0.639268159866333,0.47590479254722595,1.805620347902681e-05
2457,0.7547184228897095,0.70252525806427,0.5219314098358154,1.799194578514176e-05
2458,0.7084130644798279,0.6597658395767212,0.48647233843803406,1.7927791329390375e-05
2459,0.6703218221664429,0.6235711574554443,0.46750694513320923,1.786374019253526e-05
2460,0.7163934111595154,0.667658269405365,0.4873516857624054,1.7799792455209018e-05
2461,0.6731976270675659,0.6266852021217346,0.46512407064437866,1.773594819791403e-05
2462,0.7331830859184265,0.682448148727417,0.5073495507240295,1.767220750102243e-05
2463,0.6901684999465942,0.6433883905410767,0.4678012728691101,1.760857044477596e-05
2464,0.6559575796127319,0.6106970906257629,0.4526050090789795,1.7545037109285946e-05
2465,0.6700305342674255,0.6236982345581055,0.46332287788391113,1.7481607574533044e-05
2466,0.7219380140304565,0.67195063829422,0.49987393617630005,1.7418281920367373e-05
2467,0.6805589199066162,0.633961021900177,0.46597883105278015,1.735506022650817e-05
2468,0.6968785524368286,0.6490713357925415,0.4780721962451935,1.7291942572543807e-05
2469,0.7298287153244019,0.6796962022781372,0.5013248324394226,1.722892903793176e-05
2470,0.7237067222595215,0.6743958592414856,0.4931085705757141,1.716601970199836e-05
2471,0.6974958181381226,0.6495652794837952,0.4793055057525635,1.710321464393877e-05
2472,0.6460185050964355,0.6015484929084778,0.44470009207725525,1.7040513942816906e-05
2473,0.6935070157051086,0.6456042528152466,0.47902753949165344,1.697791767756527e-05
2474,0.708077073097229,0.6596308350563049,0.4844626784324646,1.6915425926984986e-05
2475,0.707588255405426,0.6593745946884155,0.48213663697242737,1.6853038769745467e-05
2476,0.7153970003128052,0.6655153632164001,0.4988166093826294,1.6790756284384612e-05
2477,0.696544349193573,0.6488614082336426,0.47682949900627136,1.6728578549308416e-05
2478,0.6929778456687927,0.6458063721656799,0.47171446681022644,1.666650564279105e-05
2479,0.6810311675071716,0.634279191493988,0.4675195813179016,1.6604537642974793e-05
2480,0.6917201280593872,0.6437942981719971,0.4792582094669342,1.6542674627869747e-05
2481,0.708702802658081,0.6604646444320679,0.4823818504810333,1.6480916675353898e-05
2482,0.6542344093322754,0.6093165278434753,0.4491789937019348,1.6419263863172997e-05
2483,0.6667637825012207,0.6208913922309875,0.4587238132953644,1.6357716268940372e-05
2484,0.7312790155410767,0.6812331676483154,0.5004582405090332,1.6296273970136977e-05
2485,0.6921856999397278,0.6444128751754761,0.47772836685180664,1.6234937044111152e-05
2486,0.6858754754066467,0.6391457319259644,0.4672975242137909,1.6173705568078578e-05
2487,0.683501660823822,0.635851263999939,0.4765041470527649,1.611257961912227e-05
2488,0.671949565410614,0.6252358555793762,0.4671368896961212,1.6051559274192275e-05
2489,0.6784521341323853,0.6319584846496582,0.4649362862110138,1.599064461010581e-05
2490,0.6664283871650696,0.6206104755401611,0.45817917585372925,1.5929835703546993e-05
2491,0.7380251884460449,0.6872172355651855,0.5080797672271729,1.5869132631066808e-05
2492,0.6912742853164673,0.644171953201294,0.47102341055870056,1.5808535469082996e-05
2493,0.6873375773429871,0.6401240825653076,0.47213467955589294,1.574804429388004e-05
2494,0.6984315514564514,0.6503545045852661,0.48077064752578735,1.5687659181608916e-05
2495,0.6634341478347778,0.6177194714546204,0.45714691281318665,1.5627380208287114e-05
2496,0.674716591835022,0.6275742650032043,0.4714233875274658,1.5567207449798515e-05
2497,0.6870418190956116,0.6396174430847168,0.474243700504303,1.5507140981893253e-05
2498,0.6549022197723389,0.6099037528038025,0.449984610080719,1.5447180880187706e-05
2499,0.6562649607658386,0.6114927530288696,0.4477219581604004,1.538732722016434e-05
2500,0.7129456400871277,0.6644412279129028,0.4850441515445709,1.5327580077171587e-05
2501,0.6703099608421326,0.6238654255867004,0.46444520354270935,1.5267939526423824e-05
2502,0.704831600189209,0.6566188335418701,0.4821278154850006,1.520840564300119e-05
2503,0.6811720728874207,0.6337264180183411,0.4744563102722168,1.5148978501849642e-05
2504,0.6429091691970825,0.5988212823867798,0.4408787786960602,1.5089658177780653e-05
2505,0.7093117237091064,0.6604956388473511,0.48816055059432983,1.5030444745471294e-05
2506,0.6611574292182922,0.6152380108833313,0.4591943621635437,1.4971338279464009e-05
2507,0.691487193107605,0.6435601115226746,0.4792708456516266,1.4912338854166696e-05
2508,0.6736353635787964,0.627524197101593,0.4611114263534546,1.485344654385239e-05
2509,0.7154250741004944,0.6661310195922852,0.492940753698349,1.4794661422659306e-05
2510,0.7223354578018188,0.6725679636001587,0.49767521023750305,1.4735983564590783e-05
2511,0.7007188200950623,0.6527596116065979,0.4795919358730316,1.4677413043515042e-05
2512,0.6667335033416748,0.6212961077690125,0.45437386631965637,1.4618949933165272e-05
2513,0.7134824395179749,0.6644328832626343,0.4904957413673401,1.4560594307139364e-05
2514,0.7330704927444458,0.6827635169029236,0.5030698180198669,1.4502346238899945e-05
2515,0.6858145594596863,0.6391388177871704,0.4667576849460602,1.4444205801774202e-05
2516,0.7223560214042664,0.6729013323783875,0.4945469796657562,1.4386173068953846e-05
2517,0.6882081031799316,0.640462338924408,0.47745734453201294,1.4328248113495047e-05
2518,0.6545167565345764,0.6101107001304626,0.4440602958202362,1.427043100831823e-05
2519,0.6618163585662842,0.616795003414154,0.4502134323120117,1.4212721826208086e-05
2520,0.678191602230072,0.6320531368255615,0.46138450503349304,1.415512063981339e-05
2521,0.6445427536964417,0.5998480319976807,0.44694724678993225,1.4097627521647061e-05
2522,0.6768442392349243,0.629494309425354,0.47349950671195984,1.4040242544085913e-05
2523,0.72032231092453,0.6705857515335083,0.49736571311950684,1.3982965779370626e-05
2524,0.709151029586792,0.6603147983551025,0.48836255073547363,1.3925797299605647e-05
2525,0.7152683138847351,0.6655598878860474,0.49708443880081177,1.3868737176759094e-05
2526,0.6771359443664551,0.6306285858154297,0.4650736153125763,1.3811785482662764e-05
2527,0.7027974724769592,0.6537249684333801,0.4907250702381134,1.375494228901184e-05
2528,0.723717987537384,0.6735596060752869,0.5015835762023926,1.3698207667364982e-05
2529,0.6811807751655579,0.6346485614776611,0.4653218686580658,1.3641581689144156e-05
2530,0.6809431910514832,0.6343749761581421,0.46568232774734497,1.3585064425634542e-05
2531,0.7002570033073425,0.6516081094741821,0.48648908734321594,1.3528655947984504e-05
2532,0.6557544469833374,0.6104283928871155,0.4532606899738312,1.3472356327205405e-05
2533,0.6893340349197388,0.6427941918373108,0.4653986096382141,1.341616563417163e-05
2534,0.6683893799781799,0.6223978400230408,0.4599156379699707,1.3360083939620394e-05
2535,0.6827412843704224,0.6360945105552673,0.4664675295352936,1.330411131415169e-05
2536,0.7078717947006226,0.6590761542320251,0.4879564046859741,1.3248247828228245e-05
2537,0.6487783193588257,0.604602575302124,0.4417574107646942,1.3192493552175366e-05
2538,0.7215381264686584,0.6715830564498901,0.49955087900161743,1.3136848556180892e-05
2539,0.6748476624488831,0.6284354329109192,0.46412205696105957,1.308131291029504e-05
2540,0.6974942684173584,0.6499296426773071,0.47564613819122314,1.3025886684430467e-05
2541,0.6995040774345398,0.6511421203613281,0.48361945152282715,1.2970569948361999e-05
2542,0.6883154511451721,0.6413260698318481,0.46989402174949646,1.291536277172667e-05
2543,0.6700527667999268,0.6242015361785889,0.4585123062133789,1.2860265224023549e-05
2544,0.7151976823806763,0.6661563515663147,0.4904135465621948,1.2805277374613744e-05
2545,0.7056926488876343,0.6572249531745911,0.4846770763397217,1.2750399292720283e-05
2546,0.6598345041275024,0.6138341426849365,0.4600035846233368,1.2695631047427937e-05
2547,0.6733886003494263,0.6276383996009827,0.45750170946121216,1.2640972707683252e-05
2548,0.6734099984169006,0.6275261640548706,0.45883843302726746,1.2586424342294412e-05
2549,0.7226362824440002,0.6728010773658752,0.4983520805835724,1.2531986019931119e-05
2550,0.714287281036377,0.6652608513832092,0.49026402831077576,1.2477657809124631e-05
2551,0.6879696846008301,0.6406845450401306,0.4728514552116394,1.242343977826752e-05
2552,0.6846233010292053,0.6372154951095581,0.47407811880111694,1.2369331995613653e-05
2553,0.6955079436302185,0.647774875164032,0.4773309528827667,1.2315334529278132e-05
2554,0.6503149271011353,0.6056047677993774,0.4471016824245453,1.2261447447237195e-05
2555,0.6869441866874695,0.6397184133529663,0.4722576439380646,1.2207670817328066e-05
2556,0.7088034152984619,0.6597199440002441,0.49083444476127625,1.2154004707249011e-05
2557,0.6698479056358337,0.6238394975662231,0.4600842297077179,1.2100449184559093e-05
2558,0.6943278312683105,0.6461885571479797,0.4813930094242096,1.2047004316678156e-05
2559,0.7217661738395691,0.6717289686203003,0.5003719329833984,1.1993670170886806e-05
2560,0.700889527797699,0.6522178053855896,0.4867174029350281,1.19404468143262e-05
2561,0.6996785402297974,0.6514890789985657,0.4818948805332184,1.1887334313998066e-05
2562,0.6843305230140686,0.6377891898155212,0.46541354060173035,1.1834332736764554e-05
2563,0.6789498329162598,0.6319912672042847,0.4695855379104614,1.1781442149348155e-05
2564,0.6956364512443542,0.6480461955070496,0.4759027361869812,1.1728662618331698e-05
2565,0.7001355290412903,0.6523715257644653,0.47763991355895996,1.1675994210158181e-05
2566,0.6735214591026306,0.6276217103004456,0.4589977264404297,1.1623436991130654e-05
2567,0.6900553703308105,0.6430846452713013,0.46970728039741516,1.1570991027412304e-05
2568,0.699000895023346,0.651037871837616,0.47963041067123413,1.151865638502615e-05
2569,0.6782021522521973,0.6318535804748535,0.4634854197502136,1.1466433129855158e-05
2570,0.671074390411377,0.6250351667404175,0.4603920578956604,1.141432132764202e-05
2571,0.620793342590332,0.5784634947776794,0.4232982397079468,1.1362321043989132e-05
2572,0.6553927063941956,0.6107392311096191,0.4465349316596985,1.1310432344358502e-05
2573,0.6873036623001099,0.6408200263977051,0.4648364186286926,1.1258655294071685e-05
2574,0.6814142465591431,0.6340383887290955,0.47375842928886414,1.1206989958309656e-05
2575,0.7147847414016724,0.6657124161720276,0.49072331190109253,1.1155436402112785e-05
2576,0.6493364572525024,0.604904294013977,0.44432175159454346,1.1103994690380681e-05
2577,0.6708974838256836,0.6253411769866943,0.45556336641311646,1.105266488787221e-05
2578,0.7566022276878357,0.7044276595115662,0.5217457413673401,1.1001447059205305e-05
2579,0.7034285068511963,0.654798686504364,0.48629799485206604,1.0950341268857e-05
2580,0.6495500802993774,0.6044837832450867,0.4506627917289734,1.0899347581163221e-05
2581,0.7093535661697388,0.660252571105957,0.49100974202156067,1.0848466060318807e-05
2582,0.6716004610061646,0.6255771517753601,0.4602333903312683,1.0797696770377352e-05
2583,0.6754045486450195,0.6291854381561279,0.4621911644935608,1.0747039775251266e-05
2584,0.6856934428215027,0.6378099322319031,0.478834867477417,1.069649513871147e-05
2585,0.7450231313705444,0.6944060921669006,0.5061706900596619,1.0646062924387512e-05
2586,0.717713475227356,0.6682283282279968,0.4948512315750122,1.0595743195767393e-05
2587,0.6737406849861145,0.6274706721305847,0.46269986033439636,1.0545536016197499e-05
2588,0.6986737251281738,0.6507589221000671,0.479148268699646,1.0495441448882571e-05
2589,0.6707255244255066,0.6249700784683228,0.45755457878112793,1.0445459556885517e-05
2590,0.6471406817436218,0.602757453918457,0.4438324272632599,1.0395590403127486e-05
2591,0.6830447912216187,0.6363300085067749,0.46714773774147034,1.0345834050387627e-05
2592,0.6381742358207703,0.5944933891296387,0.4368085265159607,1.0296190561303132e-05
2593,0.6803160905838013,0.63327956199646,0.47036516666412354,1.024665999836909e-05
2594,0.6843624711036682,0.6369222402572632,0.4744020402431488,1.0197242423938446e-05
2595,0.661597490310669,0.6162399649620056,0.453575074672699,1.0147937900221883e-05
2596,0.7025387287139893,0.6539553999900818,0.485833078622818,1.0098746489287758e-05
2597,0.6960471272468567,0.6483205556869507,0.477265864610672,1.0049668253062105e-05
2598,0.6202864050865173,0.577790379524231,0.42496034502983093,1.0000703253328414e-05
2599,0.7266042828559875,0.6762905716896057,0.5031371712684631,9.95185155172762e-06
2600,0.6419324278831482,0.597698450088501,0.44233977794647217,9.903113209758096e-06
2601,0.6209059357643127,0.5777926445007324,0.43113312125205994,9.854488288775422e-06
2602,0.680110514163971,0.6333022117614746,0.4680832326412201,9.805976849992494e-06
2603,0.691308856010437,0.6434171199798584,0.47891733050346375,9.757578954479262e-06
2604,0.6822471022605896,0.6355023384094238,0.4674478769302368,9.709294663162771e-06
2605,0.693160891532898,0.6453993320465088,0.4776153564453125,9.661124036827063e-06
2606,0.687606155872345,0.6401441097259521,0.47462019324302673,9.61306713611304e-06
2607,0.714816689491272,0.6652832627296448,0.4953339695930481,9.565124021518545e-06
2608,0.6989603638648987,0.6503824591636658,0.4857792258262634,9.517294753398064e-06
2609,0.6591629385948181,0.6141056418418884,0.45057275891304016,9.469579391962813e-06
2610,0.6462529897689819,0.601986289024353,0.4426668882369995,9.421977997280596e-06
2611,0.6481366157531738,0.6037896871566772,0.44346949458122253,9.3744906292758e-06
2612,0.6763177514076233,0.6301960349082947,0.46121713519096375,9.327117347729197e-06
2613,0.6654631495475769,0.6199581027030945,0.45505037903785706,9.27985821227798e-06
2614,0.6762011051177979,0.6296331882476807,0.4656793475151062,9.23271328241564e-06
2615,0.6911982893943787,0.6436994075775146,0.4749889671802521,9.185682617491863e-06
2616,0.6667223572731018,0.6206684112548828,0.4605392813682556,9.138766276712552e-06
2617,0.697786808013916,0.6499346494674683,0.47852134704589844,9.091964319139645e-06
2618,0.7073885798454285,0.6583513021469116,0.49037277698516846,9.045276803691094e-06
2619,0.6709151268005371,0.6246302127838135,0.46284937858581543,8.998703789140772e-06
2620,0.6499365568161011,0.6057556867599487,0.44180864095687866,8.952245334118414e-06
2621,0.6726874113082886,0.6259849667549133,0.4670242667198181,8.905901497109581e-06
2622,0.6822540163993835,0.6353345513343811,0.46919459104537964,8.85967233645547e-06
2623,0.717883288860321,0.6686261892318726,0.4925709664821625,8.813557910352999e-06
2624,0.7094566822052002,0.6604087948799133,0.4904789328575134,8.76755827685456e-06
2625,0.7067625522613525,0.6582273244857788,0.4853520095348358,8.72167349386811e-06
2626,0.6674948334693909,0.6209500432014465,0.4654480516910553,8.675903619156977e-06
2627,0.6930252313613892,0.6454933285713196,0.47531890869140625,8.63024871033985e-06
2628,0.6810761094093323,0.6337503790855408,0.4732573628425598,8.584708824890697e-06
2629,0.6730711460113525,0.62713223695755,0.4593892991542816,8.539284020138638e-06
2630,0.6724116206169128,0.625953733921051,0.46457892656326294,8.493974353268019e-06
2631,0.6890074014663696,0.6413442492485046,0.476631224155426,8.448779881318148e-06
2632,0.7449750900268555,0.6942328214645386,0.5074224472045898,8.403700661183355e-06
2633,0.6447293162345886,0.6005629301071167,0.44166383147239685,8.358736749612873e-06
2634,0.6663385033607483,0.6211490631103516,0.45189449191093445,8.313888203210774e-06
2635,0.6778048276901245,0.6304712295532227,0.4733359217643738,8.269155078435931e-06
2636,0.6814804673194885,0.6346986889839172,0.46781760454177856,8.224537431601886e-06
2637,0.6621230840682983,0.6165245771408081,0.4559851884841919,8.1800353188768e-06
2638,0.6891653537750244,0.6416914463043213,0.47473907470703125,8.135648796283402e-06
2639,0.6631543636322021,0.6173317432403564,0.4582262933254242,8.091377919698895e-06
2640,0.6397188901901245,0.5952338576316833,0.4448505640029907,8.047222744854943e-06
2641,0.6626965999603271,0.6172767877578735,0.45419782400131226,8.003183327337504e-06
2642,0.6959215998649597,0.6478850841522217,0.48036494851112366,7.95925972258683e-06
2643,0.667222797870636,0.621225118637085,0.45997706055641174,7.915451985897382e-06
2644,0.6887881755828857,0.6411255598068237,0.47662636637687683,7.871760172417763e-06
2645,0.6943578720092773,0.6471993923187256,0.4715849757194519,7.828184337150613e-06
2646,0.6222097277641296,0.5795446634292603,0.42665064334869385,7.784724534952625e-06
2647,0.6804993152618408,0.6327235698699951,0.47775715589523315,7.74138082053436e-06
2648,0.7122769951820374,0.6636598706245422,0.48617133498191833,7.698153248460271e-06
2649,0.685869574546814,0.6388514041900635,0.47018152475357056,7.655041873148605e-06
2650,0.6877738237380981,0.6396622657775879,0.48111554980278015,7.612046748871327e-06
2651,0.6493979692459106,0.6045477390289307,0.4485023319721222,7.56916792975404e-06
2652,0.6478487253189087,0.6031931042671204,0.4465562403202057,7.526405469775955e-06
2653,0.6661701798439026,0.6204533576965332,0.4571680724620819,7.483759422769765e-06
2654,0.6559495329856873,0.6108173131942749,0.45132216811180115,7.441229842421671e-06
2655,0.6795653104782104,0.6321324110031128,0.47432899475097656,7.398816782271223e-06
2656,0.7073360681533813,0.6585395336151123,0.48796546459198,7.3565202957112555e-06
2657,0.6826452016830444,0.6356191039085388,0.47026100754737854,7.314340435987921e-06
2658,0.641141951084137,0.5968390107154846,0.44302934408187866,7.272277256200499e-06
2659,0.695574939250946,0.6472988724708557,0.4827609360218048,7.230330809301411e-06
2660,0.6844202280044556,0.6378405094146729,0.46579694747924805,7.1885011480961164e-06
2661,0.7026105523109436,0.653522253036499,0.4908827543258667,7.1467883252430364e-06
2662,0.6760168075561523,0.629506528377533,0.4651027321815491,7.105192393253524e-06
2663,0.6947336792945862,0.6469730734825134,0.4776061773300171,7.063713404491812e-06
2664,0.6843733787536621,0.63713538646698,0.47238001227378845,7.022351411174866e-06
2665,0.6871474981307983,0.6400965452194214,0.4705093801021576,6.981106465372389e-06
2666,0.6733328104019165,0.6266868710517883,0.4664596915245056,6.939978619006737e-06
2667,0.6884040832519531,0.6405386328697205,0.4786542057991028,6.8989679238528395e-06
2668,0.6936928033828735,0.6463629603385925,0.47329869866371155,6.858074431538164e-06
2669,0.6482537388801575,0.6034353375434875,0.4481837749481201,6.817298193542643e-06
2670,0.665359377861023,0.6187828779220581,0.46576496958732605,6.776639261198581e-06
2671,0.6656520366668701,0.6202407479286194,0.45411258935928345,6.736097685690601e-06
2672,0.6512537598609924,0.6065087914466858,0.447449654340744,6.695673518055579e-06
2673,0.7433702349662781,0.6927742958068848,0.5059595108032227,6.655366809182662e-06
2674,0.7040314674377441,0.6551695466041565,0.488619327545166,6.615177609813039e-06
2675,0.6623325347900391,0.6169527173042297,0.45379847288131714,6.5751059705400295e-06
2676,0.6831265091896057,0.6360563635826111,0.47070154547691345,6.5351519418089145e-06
2677,0.69718998670578,0.6493377089500427,0.47852271795272827,6.4953155739169495e-06
2678,0.6426330208778381,0.5979916453361511,0.44641348719596863,6.455596917013273e-06
2679,0.7198948860168457,0.6700602769851685,0.49834612011909485,6.415996021098813e-06
2680,0.6610347032546997,0.6157461404800415,0.45288556814193726,6.37651293602628e-06
2681,0.7508735060691833,0.6994611620903015,0.5141234993934631,6.3371477115000466e-06
2682,0.6639812588691711,0.6183223128318787,0.45658937096595764,6.29790039707614e-06
2683,0.6503760814666748,0.6057056784629822,0.44670426845550537,6.258771042162137e-06
2684,0.6432861685752869,0.599192202091217,0.44093963503837585,6.219759696017113e-06
2685,0.6715849041938782,0.625312864780426,0.46272012591362,6.180866407751595e-06
2686,0.691214919090271,0.6440215110778809,0.47193431854248047,6.142091226327484e-06
2687,0.7261562943458557,0.6768165826797485,0.49339693784713745,6.103434200558011e-06
2688,0.6811261773109436,0.6341630816459656,0.46963122487068176,6.06489537910766e-06
2689,0.6842854619026184,0.6372193694114685,0.470660924911499,6.0264748104920776e-06
2690,0.6832543611526489,0.6354642510414124,0.4779011309146881,5.988172543078097e-06
2691,0.6708641052246094,0.6248081922531128,0.46055904030799866,5.9499886250835805e-06
2692,0.6416187882423401,0.5975137948989868,0.4410502016544342,5.911923104577455e-06
2693,0.7007626295089722,0.6526004672050476,0.48162177205085754,5.8739760294795335e-06
2694,0.6485617756843567,0.6037108898162842,0.4485088586807251,5.8361474475605695e-06
2695,0.6332643628120422,0.5897524356842041,0.4351191818714142,5.7984374064421035e-06
2696,0.6959711909294128,0.6477543711662292,0.4821681082248688,5.760845953596527e-06
2697,0.6792550683021545,0.6322105526924133,0.47044530510902405,5.723373136346854e-06
2698,0.6886168718338013,0.6408317685127258,0.47785118222236633,5.6860190018667934e-06
2699,0.6947176456451416,0.6469665169715881,0.47751131653785706,5.6487835971806515e-06
2700,0.6872971653938293,0.6400395035743713,0.4725763499736786,5.611666969163243e-06
2701,0.6600350141525269,0.6145085692405701,0.4552646577358246,5.574669164539903e-06
2702,0.7006055116653442,0.6524115800857544,0.4819391369819641,5.537790229886319e-06
2703,0.6944827437400818,0.6463261246681213,0.4815663993358612,5.501030211628599e-06
2704,0.7092947363853455,0.6606367826461792,0.48657962679862976,5.464389156043115e-06
2705,0.6631210446357727,0.6176788806915283,0.45442160964012146,5.427867109256457e-06
2706,0.6716099381446838,0.6257481575012207,0.45861753821372986,5.39146411724547e-06
2707,0.7022665739059448,0.6544105410575867,0.4785604476928711,5.355180225837053e-06
2708,0.68080073595047,0.6342690587043762,0.46531689167022705,5.3190154807082005e-06
2709,0.6862542033195496,0.6389659643173218,0.47288230061531067,5.282969927385906e-06
2710,0.7731292843818665,0.7199992537498474,0.5313000679016113,5.247043611247127e-06
2711,0.6606066226959229,0.6150583028793335,0.4554830491542816,5.211236577518719e-06
2712,0.7083827257156372,0.6598705053329468,0.4851219654083252,5.175548871277358e-06
2713,0.6764243245124817,0.6303062438964844,0.46118080615997314,5.13998053744954e-06
2714,0.6928918361663818,0.6452008485794067,0.47690993547439575,5.104531620811414e-06
2715,0.6941289901733398,0.6456762552261353,0.4845273792743683,5.0692021659888735e-06
2716,0.6439250707626343,0.6000003814697266,0.43924716114997864,5.033992217457395e-06
2717,0.6751000881195068,0.6287790536880493,0.4632102847099304,4.998901819541979e-06
2718,0.6821416616439819,0.6348321437835693,0.47309496998786926,4.963931016417167e-06
2719,0.6543781161308289,0.6093041300773621,0.45073994994163513,4.929079852106933e-06
2720,0.6552137732505798,0.6099939942359924,0.4521980583667755,4.8943483704846475e-06
2721,0.6968268156051636,0.6490725874900818,0.47754257917404175,4.859736615273003e-06
2722,0.7093895673751831,0.6603937149047852,0.48995843529701233,4.825244630043979e-06
2723,0.6802723407745361,0.6338890194892883,0.4638333022594452,4.790872458218754e-06
2724,0.6644057035446167,0.6193402409553528,0.4506547451019287,4.756620143067725e-06
2725,0.6942792534828186,0.6467055082321167,0.47573748230934143,4.722487727710368e-06
2726,0.6696262955665588,0.6236441135406494,0.4598217308521271,4.688475255115244e-06
2727,0.6751676201820374,0.6286928653717041,0.4647475779056549,4.65458276809988e-06
2728,0.6750631928443909,0.6284787058830261,0.46584469079971313,4.620810309330803e-06
2729,0.696908712387085,0.6496033668518066,0.4730537235736847,4.587157921323393e-06
2730,0.714015007019043,0.6647213697433472,0.4929366707801819,4.553625646441928e-06
2731,0.6211100816726685,0.5785622000694275,0.4254786968231201,4.520213526899431e-06
2732,0.6568447947502136,0.6117175221443176,0.4512726664543152,4.486921604757699e-06
2733,0.6529074907302856,0.607937753200531,0.44969719648361206,4.453749921927175e-06
2734,0.665192723274231,0.6195180416107178,0.4567468464374542,4.420698520166988e-06
2735,0.6777099370956421,0.6313139200210571,0.4639602303504944,4.3877674410848e-06
2736,0.6780927777290344,0.6307510733604431,0.4734173119068146,4.35495672613685e-06
2737,0.7039245963096619,0.6557876467704773,0.4813697040081024,4.322266416627785e-06
2738,0.7046008706092834,0.656335175037384,0.48265719413757324,4.289696553710731e-06
2739,0.7127216458320618,0.6630809307098389,0.4964071214199066,4.257247178387192e-06
2740,0.6665357947349548,0.6212052702903748,0.45330512523651123,4.224918331506955e-06
2741,0.7109201550483704,0.6618503332138062,0.4906979501247406,4.19271005376809e-06
2742,0.6774618625640869,0.6312555074691772,0.4620634615421295,4.160622385716895e-06
2743,0.6720542311668396,0.6257076859474182,0.46346554160118103,4.1286553677478136e-06
2744,0.720913290977478,0.6716179251670837,0.49295347929000854,4.096809040103444e-06
2745,0.6939557790756226,0.6466698050498962,0.47285962104797363,4.065083442874418e-06
2746,0.6372470259666443,0.593468964099884,0.4377804100513458,4.033478615999376e-06
2747,0.6515172123908997,0.6063676476478577,0.45149579644203186,4.001994599264957e-06
2748,0.6661690473556519,0.6200069785118103,0.4616209864616394,3.970631432305694e-06
2749,0.6936184167861938,0.645721435546875,0.478969931602478,3.93938915460399e-06
2750,0.6939719319343567,0.6466591954231262,0.47312718629837036,3.908267805490051e-06
2751,0.643834114074707,0.5999636650085449,0.43870458006858826,3.877267424141862e-06
2752,0.6677719354629517,0.6221336722373962,0.4563828110694885,3.8463880495851146e-06
2753,0.7075529098510742,0.6581339836120605,0.49418905377388,3.815629720693192e-06
2754,0.7411144375801086,0.6900609135627747,0.510535478591919,3.784992476187066e-06
2755,0.6585743427276611,0.6126866936683655,0.45887675881385803,3.7544763546352834e-06
2756,0.713542103767395,0.6644772887229919,0.4906478822231293,3.7240813944539153e-06
2757,0.6716709136962891,0.6254565715789795,0.46214327216148376,3.6938076339065207e-06
2758,0.6575532555580139,0.6120579838752747,0.45495274662971497,3.6636551111040475e-06
2759,0.64762282371521,0.6030734777450562,0.4454936981201172,3.633623864004887e-06
2760,0.7048075795173645,0.6566920280456543,0.4811554253101349,3.6037139304146762e-06
2761,0.6989428997039795,0.6508433222770691,0.48099571466445923,3.573925347986384e-06
2762,0.7257843613624573,0.6753044128417969,0.5047994256019592,3.5442581542201923e-06
2763,0.7044910192489624,0.6563977599143982,0.4809323251247406,3.5147123864634924e-06
2764,0.7092623710632324,0.6607616543769836,0.48500746488571167,3.485288081910798e-06
2765,0.7354943752288818,0.6851124167442322,0.5038195848464966,3.455985277603713e-06
2766,0.762032687664032,0.7092166543006897,0.5281600952148438,3.426804010430884e-06
2767,0.6417656540870667,0.5981906652450562,0.43575000762939453,3.3977443171279823e-06
2768,0.7042948603630066,0.6558554768562317,0.4843939542770386,3.3688062342776106e-06
2769,0.68386310338974,0.6363717317581177,0.47491365671157837,3.339989798309273e-06
2770,0.7039666771888733,0.6558955311775208,0.48071154952049255,3.311295045499363e-06
2771,0.710493266582489,0.6616657376289368,0.48827531933784485,3.282722011971051e-06
2772,0.6609393358230591,0.6157016754150391,0.4523765742778778,3.254270733694331e-06
2773,0.6708553433418274,0.6253169775009155,0.45538392663002014,3.2259412464858753e-06
2774,0.7109218239784241,0.6617149710655212,0.49206873774528503,3.197733586009055e-06
2775,0.6725951433181763,0.6258635520935059,0.4673156440258026,3.169647787773866e-06
2776,0.702406108379364,0.6541996598243713,0.4820646643638611,3.1416838871368924e-06
2777,0.672010600566864,0.6259963512420654,0.46014243364334106,3.1138419193012857e-06
2778,0.710191011428833,0.6616125702857971,0.4857841432094574,3.086121919316698e-06
2779,0.6587151288986206,0.6134390234947205,0.4527612030506134,3.0585239220792037e-06
2780,0.6945431232452393,0.6464513540267944,0.48091763257980347,3.0310479623313127e-06
2781,0.6573430895805359,0.6119866371154785,0.4535643756389618,3.0036940746619224e-06
2782,0.676720380783081,0.6301398873329163,0.4658049941062927,2.9764622935062438e-06
2783,0.7065204977989197,0.6581582427024841,0.48362234234809875,2.949352653145754e-06
2784,0.6806528568267822,0.6342362761497498,0.464165598154068,2.922365187708187e-06
2785,0.6774309277534485,0.6308706402778625,0.46560293436050415,2.8954999311674558e-06
2786,0.7019256353378296,0.6539419889450073,0.47983667254447937,2.8687569173436623e-06
2787,0.7128255367279053,0.6635428667068481,0.4928266108036041,2.842136179902988e-06
2788,0.6924697160720825,0.6447492241859436,0.4772047996520996,2.8156377523576803e-06
2789,0.7367572784423828,0.685559868812561,0.5119743347167969,2.7892616680660457e-06
2790,0.6477084159851074,0.6035537719726562,0.44154635071754456,2.7630079602323442e-06
2791,0.6461261510848999,0.6015633940696716,0.4456275999546051,2.7368766619067953e-06
2792,0.6901830434799194,0.6426413655281067,0.47541674971580505,2.7108678059855065e-06
2793,0.6789090633392334,0.6324126124382019,0.4649645686149597,2.6849814252104754e-06
2794,0.6560726761817932,0.610785961151123,0.4528671205043793,2.6592175521694795e-06
2795,0.7261755466461182,0.6761979460716248,0.4997759759426117,2.6335762192960743e-06
2796,0.7169576287269592,0.6670975089073181,0.4986012876033783,2.608057458869606e-06
2797,0.6826489567756653,0.6355864405632019,0.47062525153160095,2.582661303015066e-06
2798,0.6549268960952759,0.6098260283470154,0.45100873708724976,2.5573877837031137e-06
2799,0.654780387878418,0.6100417375564575,0.44738638401031494,2.532236932750021e-06
2800,0.6668728590011597,0.6211854815483093,0.45687398314476013,2.5072087818176382e-06
2801,0.6739231944084167,0.6277311444282532,0.46192029118537903,2.482303362413374e-06
2802,0.7068269848823547,0.6582604050636292,0.48566579818725586,2.457520705890093e-06
2803,0.6870653629302979,0.6401057839393616,0.46959608793258667,2.4328608434461276e-06
2804,0.6510891318321228,0.6067720055580139,0.44317129254341125,2.4083238061252567e-06
2805,0.6775934100151062,0.6312275528907776,0.4636584520339966,2.383909624816616e-06
2806,0.661465048789978,0.6155111193656921,0.45953935384750366,2.3596183302546647e-06
2807,0.7333763241767883,0.6826733946800232,0.5070291757583618,2.3354499530191975e-06
2808,0.6653149724006653,0.6191744208335876,0.4614052474498749,2.311404523535243e-06
2809,0.6885573863983154,0.6410883069038391,0.47469061613082886,2.2874820720730438e-06
2810,0.6432810425758362,0.5989197492599487,0.44361281394958496,2.2636826287480873e-06
2811,0.6847717761993408,0.6369093060493469,0.47862479090690613,2.240006223520941e-06
2812,0.7183396816253662,0.669007420539856,0.4933224320411682,2.2164528861973064e-06
2813,0.64145827293396,0.5973204374313354,0.4413781762123108,2.193022646427978e-06
2814,0.6531288623809814,0.6082522869110107,0.4487656056880951,2.1697155337087604e-06
2815,0.6325632333755493,0.5891861319541931,0.43377095460891724,2.1465315773804616e-06
2816,0.660564124584198,0.6151741743087769,0.45389923453330994,2.123470806628858e-06
2817,0.6930772066116333,0.6454852223396301,0.4759199917316437,2.1005332504846597e-06
2818,0.669241189956665,0.6227027177810669,0.4653848111629486,2.0777189378234143e-06
2819,0.7230300307273865,0.6733710169792175,0.4965899884700775,2.0550278973656024e-06
2820,0.6584246158599854,0.6133460402488708,0.4507858455181122,2.032460157676452e-06
2821,0.6104260683059692,0.5683998465538025,0.42026200890541077,2.010015747165983e-06
2822,0.6743447184562683,0.6277561783790588,0.46588531136512756,1.9876946940889927e-06
2823,0.68067866563797,0.6341795325279236,0.46499109268188477,1.965497026544938e-06
2824,0.6638888120651245,0.6181780695915222,0.4571075737476349,1.9434227724779984e-06
2825,0.689068078994751,0.6417676210403442,0.47300446033477783,1.921471959676957e-06
2826,0.6737207174301147,0.6267069578170776,0.4701377749443054,1.899644615775209e-06
2827,0.7350388765335083,0.6843874454498291,0.506514310836792,1.8779407682507077e-06
2828,0.6725559830665588,0.6258476972579956,0.46708282828330994,1.856360444425953e-06
2829,0.6558194160461426,0.6108527183532715,0.4496672749519348,1.834903671467958e-06
2830,0.656130850315094,0.6107494831085205,0.45381367206573486,1.81357047638816e-06
2831,0.6916006207466125,0.6439063549041748,0.47694289684295654,1.7923608860424658e-06
2832,0.6439922451972961,0.600206196308136,0.437860369682312,1.771274927131139e-06
2833,0.6716997027397156,0.6248944401741028,0.4680524170398712,1.7503126261988355e-06
2834,0.6363118886947632,0.5919352769851685,0.44376611709594727,1.7294740096345575e-06
2835,0.6545723676681519,0.6099857687950134,0.44586583971977234,1.7087591036715534e-06
2836,0.6992207765579224,0.6515271067619324,0.47693654894828796,1.6881679343873636e-06
2837,0.6439936757087708,0.5996459722518921,0.44347700476646423,1.667700527703775e-06
2838,0.7352570295333862,0.6842660903930664,0.5099096298217773,1.6473569093867436e-06
2839,0.6567182540893555,0.6115294098854065,0.45188847184181213,1.6271371050464056e-06
2840,0.6971572637557983,0.6493392586708069,0.47818025946617126,1.6070411401370334e-06
2841,0.6994073987007141,0.6510878205299377,0.4831959009170532,1.58706903995699e-06
2842,0.6509666442871094,0.6064792275428772,0.444874107837677,1.5672208296486969e-06
2843,0.70461505651474,0.6555983424186707,0.4901672601699829,1.5474965341986558e-06
2844,0.7455309629440308,0.6944019794464111,0.511289656162262,1.5278961784373268e-06
2845,0.7097934484481812,0.6609077453613281,0.48885709047317505,1.5084197870391837e-06
2846,0.7194118499755859,0.670304000377655,0.4910784065723419,1.4890673845226133e-06
2847,0.6758579015731812,0.629161536693573,0.4669635593891144,1.469838995249928e-06
2848,0.6905590295791626,0.6426213383674622,0.47937697172164917,1.4507346434273316e-06
2849,0.6498417854309082,0.6049531102180481,0.448886513710022,1.4317543531048749e-06
2850,0.64713454246521,0.6024977564811707,0.44636785984039307,1.4128981481764115e-06
2851,0.6393941640853882,0.5956588983535767,0.43735235929489136,1.3941660523796196e-06
2852,0.6979694962501526,0.6493301391601562,0.4863938093185425,1.375558089295914e-06
2853,0.6760988235473633,0.630010724067688,0.4608808159828186,1.3570742823504567e-06
2854,0.7028233408927917,0.6538018584251404,0.4902150630950928,1.3387146548120899e-06
2855,0.6694327592849731,0.6234098672866821,0.4602286219596863,1.3204792297933588e-06
2856,0.6777279376983643,0.6311905384063721,0.4653741121292114,1.3023680302504338e-06
2857,0.6534802913665771,0.6086459755897522,0.44834309816360474,1.2843810789831102e-06
2858,0.6900520920753479,0.6424948573112488,0.4755723178386688,1.2665183986347528e-06
2859,0.6865012049674988,0.6396520137786865,0.46849170327186584,1.2487800116922966e-06
2860,0.6849050521850586,0.6381644010543823,0.4674064815044403,1.231165940486234e-06
2861,0.709747850894928,0.6610427498817444,0.48705101013183594,1.2136762071904838e-06
2862,0.6875606775283813,0.6398629546165466,0.4769774377346039,1.1963108338225337e-06
2863,0.6474281549453735,0.6033103466033936,0.4411778748035431,1.1790698422432521e-06
2864,0.6397464871406555,0.5958699584007263,0.438765287399292,1.1619532541569333e-06
2865,0.6860615611076355,0.6382771134376526,0.4778446555137634,1.1449610911112741e-06
2866,0.7098621726036072,0.6609911322593689,0.4887106716632843,1.128093374497352e-06
2867,0.6900603771209717,0.6430658102035522,0.46994560956954956,1.1113501255495485e-06
2868,0.7098800539970398,0.6604113578796387,0.4946867823600769,1.0947313653455694e-06
2869,0.6794527173042297,0.6324114203453064,0.4704129695892334,1.0782371148064241e-06
2870,0.6853438019752502,0.6379282474517822,0.4741552770137787,1.0618673946963365e-06
2871,0.6769174337387085,0.6299585700035095,0.46958836913108826,1.0456222256227999e-06
2872,0.7151254415512085,0.666070818901062,0.49054622650146484,1.0295016280365112e-06
2873,0.6864848136901855,0.6401581168174744,0.46326714754104614,1.0135056222313143e-06
2874,0.7337473034858704,0.6829880475997925,0.5075927376747131,9.976342283442463e-07
2875,0.6939454078674316,0.6464160680770874,0.4752933382987976,9.818874663554357e-07
2876,0.6778796911239624,0.6312341094017029,0.46645551919937134,9.662653560881584e-07
2877,0.6816063523292542,0.6349499225616455,0.4665641188621521,9.50767917208728e-07
2878,0.6499358415603638,0.6054482460021973,0.44487613439559937,9.353951692265383e-07
2879,0.7073076963424683,0.6591237187385559,0.48183950781822205,9.20147131493998e-07
2880,0.6511434316635132,0.6065807342529297,0.4456270635128021,9.0502382320653e-07
2881,0.6690201163291931,0.6234059929847717,0.4561413824558258,8.900252634025274e-07
2882,0.6711876392364502,0.6244966387748718,0.4669097065925598,8.751514709633424e-07
2883,0.6446785926818848,0.6003810167312622,0.44297581911087036,8.604024646132857e-07
2884,0.650102972984314,0.6053707003593445,0.4473225474357605,8.457782629195388e-07
2885,0.6765279173851013,0.6303530931472778,0.46174827218055725,8.31278884292186e-07
2886,0.7380993962287903,0.6876085996627808,0.5049082040786743,8.16904346984193e-07
2887,0.6593549251556396,0.6135528087615967,0.4580214023590088,8.026546690913406e-07
2888,0.7615630626678467,0.7091034650802612,0.5245958566665649,7.885298685522235e-07
2889,0.6666314005851746,0.621052086353302,0.45579296350479126,7.745299631482405e-07
2890,0.6356875896453857,0.5923680067062378,0.43319571018218994,7.606549705035937e-07
2891,0.6672051548957825,0.6209768056869507,0.46228358149528503,7.469049080851775e-07
2892,0.6508642435073853,0.6053747534751892,0.4548948109149933,7.332797932026459e-07
2893,0.6935152411460876,0.6457892656326294,0.4772597551345825,7.19779643008367e-07
2894,0.6977026462554932,0.6489841938018799,0.48718470335006714,7.064044744973686e-07
2895,0.679885983467102,0.6335232853889465,0.4636271297931671,6.931543045073708e-07
2896,0.6712155342102051,0.6247974634170532,0.46418094635009766,6.800291497187083e-07
2897,0.7205833196640015,0.6711580157279968,0.49425312876701355,6.670290266543644e-07
2898,0.691767692565918,0.6445143222808838,0.4725340008735657,6.541539516799033e-07
2899,0.6904369592666626,0.6427338719367981,0.47703081369400024,6.414039410034489e-07
2900,0.6880672574043274,0.6404603719711304,0.4760686159133911,6.287790106757396e-07
2901,0.7034769654273987,0.6551766991615295,0.4830026626586914,6.162791765900177e-07
2902,0.7194188833236694,0.6699027419090271,0.49516141414642334,6.039044544820404e-07
2903,0.7146863341331482,0.6656777262687683,0.490086168050766,5.916548599300576e-07
2904,0.717441737651825,0.6678294539451599,0.4961230754852295,5.795304083548559e-07
2905,0.6813706159591675,0.634739100933075,0.4663149416446686,5.675311150195928e-07
2906,0.7081926465034485,0.659881055355072,0.48311564326286316,5.556569950299517e-07
2907,0.7023515105247498,0.6539856195449829,0.48365893959999084,5.439080633339866e-07
2908,0.656396210193634,0.6111932396888733,0.452029824256897,5.322843347221662e-07
2909,0.675463855266571,0.6288237571716309,0.466401070356369,5.207858238273522e-07
2910,0.6026836633682251,0.561632513999939,0.41051167249679565,5.094125451247655e-07
2911,0.653264582157135,0.6085905432701111,0.4467402696609497,4.981645129319756e-07
2912,0.6625121831893921,0.6166360974311829,0.45876064896583557,4.870417414088779e-07
2913,0.6337573528289795,0.5902997851371765,0.4345754384994507,4.760442445576829e-07
2914,0.7118409872055054,0.6626668572425842,0.49174124002456665,4.6517203622291615e-07
2915,0.7152546644210815,0.6658227443695068,0.4943189024925232,4.544251300913405e-07
2916,0.666018545627594,0.6196627616882324,0.4635578989982605,4.438035396920004e-07
2917,0.6808823943138123,0.6341673731803894,0.4671500325202942,4.333072783961889e-07
2918,0.6701463460922241,0.6245498061180115,0.455965131521225,4.2293635941742517e-07
2919,0.6588215231895447,0.6139221787452698,0.4489934742450714,4.1269079581142124e-07
2920,0.6873024702072144,0.6401520371437073,0.4715043306350708,4.025706004760932e-07
2921,0.7031440138816833,0.6547402143478394,0.4840380847454071,3.925757861515389e-07
2922,0.6706169843673706,0.6244154572486877,0.4620150327682495,3.827063654199936e-07
2923,0.6912527680397034,0.643421471118927,0.4783132076263428,3.7296235070587435e-07
2924,0.706756055355072,0.657892644405365,0.488633930683136,3.633437542756912e-07
2925,0.7016229629516602,0.6535377502441406,0.48085206747055054,3.5385058823809156e-07
2926,0.7076577544212341,0.658615231513977,0.49042513966560364,3.444828645438047e-07
2927,0.6875386834144592,0.6394076943397522,0.4813096523284912,3.3524059498565297e-07
2928,0.7015289068222046,0.6529980897903442,0.48530828952789307,3.261237911985404e-07
2929,0.6907510161399841,0.6428624391555786,0.4788858890533447,3.171324646593865e-07
2930,0.687400758266449,0.6402360200881958,0.47164732217788696,3.0826662668720364e-07
2931,0.678088903427124,0.6313201189041138,0.467687726020813,2.99526288442975e-07
2932,0.669051468372345,0.6231205463409424,0.4593089520931244,2.9091146092973254e-07
2933,0.6554955244064331,0.6102443337440491,0.45251190662384033,2.8242215499248993e-07
2934,0.6790167093276978,0.6327587962150574,0.4625788927078247,2.740583813182429e-07
2935,0.6435158848762512,0.5987887978553772,0.447270929813385,2.658201504359803e-07
2936,0.7260221838951111,0.6757743954658508,0.5024779438972473,2.577074727165951e-07
2937,0.6668554544448853,0.6207485795021057,0.4610687792301178,2.497203583729957e-07
2938,0.718062162399292,0.6683012247085571,0.49760961532592773,2.418588174599612e-07
2939,0.6759043335914612,0.6293962597846985,0.46508046984672546,2.3412285987420847e-07
2940,0.6345920562744141,0.5901679396629333,0.44424140453338623,2.265124953543918e-07
2941,0.6734525561332703,0.6276206970214844,0.4583183228969574,2.1902773348100315e-07
2942,0.6895101070404053,0.6416069269180298,0.4790318012237549,2.1166858367646093e-07
2943,0.6837998628616333,0.6368383169174194,0.46961551904678345,2.0443505520503224e-07
2944,0.6683647632598877,0.6219385862350464,0.46426165103912354,1.973271571728441e-07
2945,0.667798638343811,0.6222372055053711,0.4556141197681427,1.9034489852787218e-07
2946,0.6749371886253357,0.627829372882843,0.47107836604118347,1.834882880599409e-07
2947,0.6900054812431335,0.6427859663963318,0.4721949100494385,1.7675733440066789e-07
2948,0.6737797260284424,0.6274662613868713,0.46313440799713135,1.7015204602350843e-07
2949,0.6678734421730042,0.6213139295578003,0.4655953049659729,1.6367243124372212e-07
2950,0.6480899453163147,0.6037546992301941,0.4433523118495941,1.5731849821833954e-07
2951,0.7077814340591431,0.6592772603034973,0.48504188656806946,1.5109025494620677e-07
2952,0.6957912445068359,0.6482229232788086,0.47568297386169434,1.449877092679075e-07
2953,0.7078996300697327,0.659694492816925,0.4820515513420105,1.3901086886580762e-07
2954,0.6747333407402039,0.6285049915313721,0.4622834324836731,1.3315974126401066e-07
2955,0.6811239123344421,0.6341738700866699,0.46950024366378784,1.274343338283801e-07
2956,0.6284849643707275,0.5852952599525452,0.4318968951702118,1.2183465376650605e-07
2957,0.7082187533378601,0.6599057912826538,0.4831297695636749,1.1636070812770516e-07
2958,0.6641949415206909,0.6191194653511047,0.45075470209121704,1.1101250380300965e-07
2959,0.6776823997497559,0.63114994764328,0.4653242230415344,1.0579004752513389e-07
2960,0.6972101926803589,0.6488242745399475,0.48385941982269287,1.0069334586854107e-07
2961,0.7214856147766113,0.6719114780426025,0.4957415461540222,9.572240524933218e-08
2962,0.6574769616127014,0.6126118898391724,0.4486507773399353,9.087723192533482e-08
2963,0.7102358937263489,0.6617035865783691,0.4853229522705078,8.615783199602545e-08
2964,0.7553131580352783,0.7036765217781067,0.5163660645484924,8.156421140254056e-08
2965,0.6604580283164978,0.6146723628044128,0.4578566551208496,7.709637592770991e-08
2966,0.7343887686729431,0.68403160572052,0.5035718083381653,7.275433119596776e-08
2967,0.7114459276199341,0.6626035571098328,0.48842400312423706,6.853808267344164e-08
2968,0.7333229780197144,0.6819943189620972,0.5132868885993958,6.444763566786361e-08
2969,0.712142825126648,0.6636914610862732,0.4845137596130371,6.048299532861457e-08
2970,0.661645770072937,0.6159616708755493,0.45684128999710083,5.6644166646668826e-08
2971,0.666885495185852,0.621799647808075,0.45085853338241577,5.2931154454671783e-08
2972,0.7011656165122986,0.6531248092651367,0.4804078936576843,4.934396342684e-08
2973,0.6727938055992126,0.6261733174324036,0.46620476245880127,4.588259807901674e-08
2974,0.6935933828353882,0.6461043357849121,0.4748907685279846,4.254706276862752e-08
2975,0.6935116052627563,0.6453304886817932,0.48181143403053284,3.933736169471347e-08
2976,0.6991578340530396,0.65130615234375,0.47851675748825073,3.6253498897886873e-08
2977,0.6270341277122498,0.5839377045631409,0.43096426129341125,3.3295478260364496e-08
2978,0.7162514328956604,0.6674755215644836,0.4877592623233795,3.0463303505934295e-08
2979,0.6674935817718506,0.621877133846283,0.4561645984649658,2.7756978199944273e-08
2980,0.6945658326148987,0.6469310522079468,0.4763476252555847,2.5176505749346936e-08
2981,0.6920276880264282,0.6441457867622375,0.4788191318511963,2.2721889402621545e-08
2982,0.676649808883667,0.6300873756408691,0.46562403440475464,2.039313224985184e-08
2983,0.657895028591156,0.6126734018325806,0.4522160291671753,1.8190237222648343e-08
2984,0.6735055446624756,0.627454936504364,0.4605063796043396,1.6113207094181626e-08
2985,0.6551070809364319,0.6104978322982788,0.4460925757884979,1.4162044479182346e-08
2986,0.6780151724815369,0.6316222548484802,0.46392905712127686,1.2336751833941229e-08
2987,0.6875627040863037,0.640369713306427,0.4719298481941223,1.0637331456264666e-08
2988,0.6839390993118286,0.6372901797294617,0.4664894640445709,9.063785485508014e-09
2989,0.6822007298469543,0.635359525680542,0.46841177344322205,7.616115902586707e-09
2990,0.6418333649635315,0.5971204042434692,0.44712963700294495,6.294324529942941e-09
2991,0.6441397666931152,0.6002098917961121,0.4392986595630646,5.098413031534577e-09
2992,0.6905444860458374,0.6426263451576233,0.4791816473007202,4.028382912890649e-09
2993,0.6821919083595276,0.6357742547988892,0.4641762673854828,3.0842355210336515e-09
2994,0.708210825920105,0.6600626111030579,0.4814824163913727,2.2659720445239452e-09
2995,0.709325909614563,0.6600186824798584,0.4930724501609802,1.5735935134708613e-09
2996,0.6404302716255188,0.5965126156806946,0.43917641043663025,1.0071007994771898e-09
2997,0.6898854970932007,0.6430118680000305,0.46873655915260315,5.664946157168949e-10
2998,0.6738756895065308,0.6274394989013672,0.46436190605163574,2.5177551682409317e-10
2999,0.7116010785102844,0.6629202961921692,0.48680782318115234,6.294389901517761e-11
